# Blender 4.5.2 LTS
# www.blender.org
mtllib moon.mtl
o Terrain.001
v -100.000000 5.039510 100.000000
v -100.000000 4.784838 60.000000
v -100.000000 1.153357 20.000000
v -100.000000 5.003598 -20.000000
v -100.000000 5.051403 -60.000000
v -100.000000 3.439599 -100.000000
v -60.000000 4.990704 100.000000
v -60.000000 4.803735 60.000000
v -60.000000 4.923865 20.000000
v -60.000000 0.500760 -20.000000
v -60.000000 3.636194 -60.000000
v -60.000000 5.236315 -100.000000
v -20.000000 4.744826 100.000000
v -20.000000 5.210977 60.000000
v -20.000000 2.522561 20.000000
v -20.000000 5.187198 -20.000000
v -20.000000 4.982414 -60.000000
v -20.000000 3.067806 -100.000000
v 20.000000 4.462954 100.000000
v 20.000000 4.991937 60.000000
v 20.000000 5.083679 20.000000
v 20.000000 5.135750 -20.000000
v 20.000000 5.138673 -60.000000
v 20.000000 5.239562 -100.000000
v 60.000000 3.054651 100.000000
v 60.000000 4.990530 60.000000
v 60.000000 5.030022 20.000000
v 60.000000 4.568546 -20.000000
v 60.000000 1.085700 -60.000000
v 60.000000 3.632579 -100.000000
v 100.000000 4.000420 100.000000
v 100.000000 5.044023 60.000000
v 100.000000 4.881048 20.000000
v 100.000000 5.005390 -20.000000
v 100.000000 4.845937 -60.000000
v 100.000000 3.988027 -100.000000
v -100.000000 4.992143 97.500000
v -100.000000 5.184207 95.000000
v -100.000000 5.477492 92.500000
v -100.000000 5.200655 90.000000
v -100.000000 5.001610 87.500000
v -100.000000 4.997470 85.000000
v -100.000000 5.182177 82.500000
v -100.000000 4.826133 80.000000
v -100.000000 4.730074 77.500000
v -100.000000 4.774473 75.000000
v -100.000000 4.740875 72.500000
v -100.000000 4.585705 70.000000
v -100.000000 4.517849 67.500000
v -100.000000 4.400189 65.000000
v -100.000000 4.657025 62.500000
v -100.000000 4.800940 57.500000
v -100.000000 5.254328 55.000000
v -100.000000 4.918810 52.500000
v -100.000000 4.997761 50.000000
v -100.000000 4.898522 47.500000
v -100.000000 4.181474 45.000000
v -100.000000 3.311133 42.500000
v -100.000000 2.817916 40.000000
v -100.000000 2.216492 37.500000
v -100.000000 1.639057 35.000000
v -100.000000 1.157247 32.500000
v -100.000000 0.758618 30.000000
v -100.000000 0.559663 27.500000
v -100.000000 0.549452 25.000000
v -100.000000 0.779468 22.500000
v -100.000000 1.485403 17.500000
v -100.000000 2.089528 15.000000
v -100.000000 2.653605 12.500000
v -100.000000 3.196692 10.000000
v -100.000000 3.507251 7.500000
v -100.000000 3.919766 5.000000
v -100.000000 3.958026 2.500000
v -100.000000 4.054151 0.000000
v -100.000000 4.314239 -2.500000
v -100.000000 4.080199 -5.000000
v -100.000000 4.312281 -7.500000
v -100.000000 4.460096 -10.000000
v -100.000000 5.042461 -12.500000
v -100.000000 5.026946 -15.000000
v -100.000000 4.892921 -17.500000
v -100.000000 4.804177 -22.500000
v -100.000000 4.451473 -25.000000
v -100.000000 4.368805 -27.500000
v -100.000000 4.284733 -30.000000
v -100.000000 4.209067 -32.500000
v -100.000000 4.060364 -35.000000
v -100.000000 4.230757 -37.500000
v -100.000000 4.513955 -40.000000
v -100.000000 4.683541 -42.500000
v -100.000000 5.041006 -45.000000
v -100.000000 4.996929 -47.500000
v -100.000000 4.989896 -50.000000
v -100.000000 4.858797 -52.500000
v -100.000000 4.826952 -55.000000
v -100.000000 5.247221 -57.500000
v -100.000000 5.000415 -62.500000
v -100.000000 5.007831 -65.000000
v -100.000000 5.135667 -67.500000
v -100.000000 4.146136 -70.000000
v -100.000000 3.564612 -72.500000
v -100.000000 3.066804 -75.000000
v -100.000000 2.645744 -77.500000
v -100.000000 2.316399 -80.000000
v -100.000000 2.079026 -82.500000
v -100.000000 1.989907 -85.000000
v -100.000000 2.016811 -87.500000
v -100.000000 2.161357 -90.000000
v -100.000000 2.458914 -92.500000
v -100.000000 3.117328 -95.000000
v -100.000000 3.365408 -97.500000
v -60.000000 4.468848 97.500000
v -60.000000 4.828625 95.000000
v -60.000000 5.348919 92.500000
v -60.000000 5.218553 90.000000
v -60.000000 5.248780 87.500000
v -60.000000 4.996919 85.000000
v -60.000000 4.345830 82.500000
v -60.000000 4.350581 80.000000
v -60.000000 4.500243 77.500000
v -60.000000 4.450232 75.000000
v -60.000000 4.673400 72.500000
v -60.000000 4.992590 70.000000
v -60.000000 5.012634 67.500000
v -60.000000 4.624300 65.000000
v -60.000000 4.558841 62.500000
v -60.000000 4.916843 57.500000
v -60.000000 5.157524 55.000000
v -60.000000 5.019960 52.500000
v -60.000000 5.146100 50.000000
v -60.000000 5.373471 47.500000
v -60.000000 5.470888 45.000000
v -60.000000 5.065635 42.500000
v -60.000000 4.932243 40.000000
v -60.000000 4.872777 37.500000
v -60.000000 4.998227 35.000000
v -60.000000 5.014768 32.500000
v -60.000000 5.000828 30.000000
v -60.000000 5.046951 27.500000
v -60.000000 5.521854 25.000000
v -60.000000 5.309258 22.500000
v -60.000000 5.115374 17.500000
v -60.000000 5.070418 15.000000
v -60.000000 5.244909 12.500000
v -60.000000 4.780874 10.000000
v -60.000000 4.818806 7.500000
v -60.000000 4.992049 5.000000
v -60.000000 4.737901 2.500000
v -60.000000 5.042232 0.000000
v -60.000000 4.830203 -2.500000
v -60.000000 4.067986 -5.000000
v -60.000000 3.370217 -7.500000
v -60.000000 2.672076 -10.000000
v -60.000000 2.014825 -12.500000
v -60.000000 1.553323 -15.000000
v -60.000000 0.745112 -17.500000
v -60.000000 -0.088105 -22.500000
v -60.000000 -0.484944 -25.000000
v -60.000000 -0.115858 -27.500000
v -60.000000 -0.016711 -30.000000
v -60.000000 0.123612 -32.500000
v -60.000000 0.719916 -35.000000
v -60.000000 1.500412 -37.500000
v -60.000000 2.178584 -40.000000
v -60.000000 2.940499 -42.500000
v -60.000000 3.740148 -45.000000
v -60.000000 4.511150 -47.500000
v -60.000000 4.760247 -50.000000
v -60.000000 4.789553 -52.500000
v -60.000000 4.385148 -55.000000
v -60.000000 4.084355 -57.500000
v -60.000000 3.489863 -62.500000
v -60.000000 3.508471 -65.000000
v -60.000000 3.778153 -67.500000
v -60.000000 3.758177 -70.000000
v -60.000000 4.069733 -72.500000
v -60.000000 4.237981 -75.000000
v -60.000000 4.674736 -77.500000
v -60.000000 4.999620 -80.000000
v -60.000000 5.026131 -82.500000
v -60.000000 5.001413 -85.000000
v -60.000000 5.035764 -87.500000
v -60.000000 5.201896 -90.000000
v -60.000000 4.994130 -92.500000
v -60.000000 5.008809 -95.000000
v -60.000000 4.990228 -97.500000
v -20.000000 5.005037 97.500000
v -20.000000 5.023696 95.000000
v -20.000000 5.028049 92.500000
v -20.000000 4.999974 90.000000
v -20.000000 5.004817 87.500000
v -20.000000 5.002332 85.000000
v -20.000000 4.839250 82.500000
v -20.000000 5.240747 80.000000
v -20.000000 5.487627 77.500000
v -20.000000 5.172495 75.000000
v -20.000000 4.925626 72.500000
v -20.000000 5.004955 70.000000
v -20.000000 5.134378 67.500000
v -20.000000 4.939593 65.000000
v -20.000000 4.939137 62.500000
v -20.000000 4.904455 57.500000
v -20.000000 4.478760 55.000000
v -20.000000 4.153426 52.500000
v -20.000000 4.142854 50.000000
v -20.000000 4.178801 47.500000
v -20.000000 3.882344 45.000000
v -20.000000 3.970445 42.500000
v -20.000000 4.578224 40.000000
v -20.000000 5.127051 37.500000
v -20.000000 5.286860 35.000000
v -20.000000 4.794566 32.500000
v -20.000000 4.537565 30.000000
v -20.000000 4.861359 27.500000
v -20.000000 4.162802 25.000000
v -20.000000 3.507478 22.500000
v -20.000000 2.224583 17.500000
v -20.000000 2.285821 15.000000
v -20.000000 1.752127 12.500000
v -20.000000 1.165260 10.000000
v -20.000000 0.890621 7.500000
v -20.000000 0.991682 5.000000
v -20.000000 1.348925 2.500000
v -20.000000 1.448692 0.000000
v -20.000000 1.860922 -2.500000
v -20.000000 2.671108 -5.000000
v -20.000000 3.309706 -7.500000
v -20.000000 3.885647 -10.000000
v -20.000000 4.602851 -12.500000
v -20.000000 4.869201 -15.000000
v -20.000000 5.011283 -17.500000
v -20.000000 4.859691 -22.500000
v -20.000000 4.831527 -25.000000
v -20.000000 5.020685 -27.500000
v -20.000000 5.106248 -30.000000
v -20.000000 5.108811 -32.500000
v -20.000000 4.889562 -35.000000
v -20.000000 5.082948 -37.500000
v -20.000000 4.985907 -40.000000
v -20.000000 4.855098 -42.500000
v -20.000000 4.859960 -45.000000
v -20.000000 4.639203 -47.500000
v -20.000000 4.895351 -50.000000
v -20.000000 4.623765 -52.500000
v -20.000000 4.903320 -55.000000
v -20.000000 5.173958 -57.500000
v -20.000000 4.998709 -62.500000
v -20.000000 5.001772 -65.000000
v -20.000000 5.003707 -67.500000
v -20.000000 5.094612 -70.000000
v -20.000000 5.253237 -72.500000
v -20.000000 5.036587 -75.000000
v -20.000000 4.780345 -77.500000
v -20.000000 4.192276 -80.000000
v -20.000000 3.640652 -82.500000
v -20.000000 3.733013 -85.000000
v -20.000000 3.432441 -87.500000
v -20.000000 3.348082 -90.000000
v -20.000000 3.256805 -92.500000
v -20.000000 3.394424 -95.000000
v -20.000000 3.590515 -97.500000
v 20.000000 4.656324 97.500000
v 20.000000 4.652400 95.000000
v 20.000000 4.611728 92.500000
v 20.000000 4.099216 90.000000
v 20.000000 4.181382 87.500000
v 20.000000 3.857325 85.000000
v 20.000000 4.317968 82.500000
v 20.000000 4.293588 80.000000
v 20.000000 4.627631 77.500000
v 20.000000 4.957636 75.000000
v 20.000000 5.026365 72.500000
v 20.000000 5.010890 70.000000
v 20.000000 5.185017 67.500000
v 20.000000 4.618410 65.000000
v 20.000000 4.830010 62.500000
v 20.000000 4.997461 57.500000
v 20.000000 5.017404 55.000000
v 20.000000 4.934925 52.500000
v 20.000000 4.739371 50.000000
v 20.000000 4.857676 47.500000
v 20.000000 5.006985 45.000000
v 20.000000 5.002094 42.500000
v 20.000000 4.985692 40.000000
v 20.000000 4.556974 37.500000
v 20.000000 5.080514 35.000000
v 20.000000 5.160828 32.500000
v 20.000000 5.028613 30.000000
v 20.000000 5.035169 27.500000
v 20.000000 4.976332 25.000000
v 20.000000 4.995999 22.500000
v 20.000000 4.715459 17.500000
v 20.000000 4.451636 15.000000
v 20.000000 4.728435 12.500000
v 20.000000 4.998762 10.000000
v 20.000000 4.992103 7.500000
v 20.000000 5.005045 5.000000
v 20.000000 5.006272 2.500000
v 20.000000 5.001471 0.000000
v 20.000000 4.912156 -2.500000
v 20.000000 5.334330 -5.000000
v 20.000000 5.519730 -7.500000
v 20.000000 5.253064 -10.000000
v 20.000000 5.152873 -12.500000
v 20.000000 5.175400 -15.000000
v 20.000000 5.360548 -17.500000
v 20.000000 4.943618 -22.500000
v 20.000000 5.007931 -25.000000
v 20.000000 4.979519 -27.500000
v 20.000000 4.857719 -30.000000
v 20.000000 4.847198 -32.500000
v 20.000000 5.013674 -35.000000
v 20.000000 4.875863 -37.500000
v 20.000000 5.037961 -40.000000
v 20.000000 4.874029 -42.500000
v 20.000000 4.864670 -45.000000
v 20.000000 5.105050 -47.500000
v 20.000000 5.151707 -50.000000
v 20.000000 4.772289 -52.500000
v 20.000000 5.005818 -55.000000
v 20.000000 5.001808 -57.500000
v 20.000000 4.970716 -62.500000
v 20.000000 5.222472 -65.000000
v 20.000000 5.095869 -67.500000
v 20.000000 5.015224 -70.000000
v 20.000000 4.999349 -72.500000
v 20.000000 4.998968 -75.000000
v 20.000000 5.323926 -77.500000
v 20.000000 5.062690 -80.000000
v 20.000000 5.191714 -82.500000
v 20.000000 4.877033 -85.000000
v 20.000000 4.934135 -87.500000
v 20.000000 4.873321 -90.000000
v 20.000000 4.951358 -92.500000
v 20.000000 5.062852 -95.000000
v 20.000000 5.001817 -97.500000
v 60.000000 3.634786 97.500000
v 60.000000 4.255131 95.000000
v 60.000000 4.921517 92.500000
v 60.000000 4.997356 90.000000
v 60.000000 5.008024 87.500000
v 60.000000 4.992489 85.000000
v 60.000000 4.895056 82.500000
v 60.000000 5.006567 80.000000
v 60.000000 4.996238 77.500000
v 60.000000 4.772453 75.000000
v 60.000000 5.126893 72.500000
v 60.000000 4.999619 70.000000
v 60.000000 5.011989 67.500000
v 60.000000 5.020955 65.000000
v 60.000000 4.989450 62.500000
v 60.000000 4.984797 57.500000
v 60.000000 5.003077 55.000000
v 60.000000 5.183029 52.500000
v 60.000000 4.988060 50.000000
v 60.000000 5.006388 47.500000
v 60.000000 5.005811 45.000000
v 60.000000 5.057463 42.500000
v 60.000000 5.009123 40.000000
v 60.000000 4.988810 37.500000
v 60.000000 4.913434 35.000000
v 60.000000 4.971781 32.500000
v 60.000000 4.864952 30.000000
v 60.000000 4.905562 27.500000
v 60.000000 5.008878 25.000000
v 60.000000 4.998366 22.500000
v 60.000000 4.769648 17.500000
v 60.000000 4.519307 15.000000
v 60.000000 4.378735 12.500000
v 60.000000 4.018513 10.000000
v 60.000000 3.873031 7.500000
v 60.000000 3.759499 5.000000
v 60.000000 3.974737 2.500000
v 60.000000 4.186893 0.000000
v 60.000000 4.631899 -2.500000
v 60.000000 4.989299 -5.000000
v 60.000000 4.994055 -7.500000
v 60.000000 4.991109 -10.000000
v 60.000000 4.785068 -12.500000
v 60.000000 4.767782 -15.000000
v 60.000000 4.635811 -17.500000
v 60.000000 4.801491 -22.500000
v 60.000000 5.355587 -25.000000
v 60.000000 5.202533 -27.500000
v 60.000000 4.968280 -30.000000
v 60.000000 4.858431 -32.500000
v 60.000000 4.813806 -35.000000
v 60.000000 5.299664 -37.500000
v 60.000000 5.194317 -40.000000
v 60.000000 4.602497 -42.500000
v 60.000000 4.996622 -45.000000
v 60.000000 4.402994 -47.500000
v 60.000000 3.722327 -50.000000
v 60.000000 3.080745 -52.500000
v 60.000000 2.503811 -55.000000
v 60.000000 1.976912 -57.500000
v 60.000000 1.224344 -62.500000
v 60.000000 1.614126 -65.000000
v 60.000000 0.990280 -67.500000
v 60.000000 1.089269 -70.000000
v 60.000000 1.532569 -72.500000
v 60.000000 1.873258 -75.000000
v 60.000000 1.954855 -77.500000
v 60.000000 2.185145 -80.000000
v 60.000000 2.472312 -82.500000
v 60.000000 2.382909 -85.000000
v 60.000000 2.932403 -87.500000
v 60.000000 3.803460 -90.000000
v 60.000000 4.231978 -92.500000
v 60.000000 4.889520 -95.000000
v 60.000000 4.256179 -97.500000
v 100.000000 4.081360 97.500000
v 100.000000 3.765433 95.000000
v 100.000000 3.459319 92.500000
v 100.000000 3.104553 90.000000
v 100.000000 3.181768 87.500000
v 100.000000 2.742306 85.000000
v 100.000000 2.711244 82.500000
v 100.000000 2.694653 80.000000
v 100.000000 2.830468 77.500000
v 100.000000 3.206250 75.000000
v 100.000000 3.909402 72.500000
v 100.000000 4.115355 70.000000
v 100.000000 4.602312 67.500000
v 100.000000 5.008726 65.000000
v 100.000000 5.038264 62.500000
v 100.000000 5.012674 57.500000
v 100.000000 4.999401 55.000000
v 100.000000 5.190751 52.500000
v 100.000000 4.827524 50.000000
v 100.000000 4.937110 47.500000
v 100.000000 4.940287 45.000000
v 100.000000 4.988431 42.500000
v 100.000000 4.940927 40.000000
v 100.000000 4.692795 37.500000
v 100.000000 4.210953 35.000000
v 100.000000 4.400924 32.500000
v 100.000000 4.388641 30.000000
v 100.000000 4.657487 27.500000
v 100.000000 4.802177 25.000000
v 100.000000 4.816458 22.500000
v 100.000000 4.983837 17.500000
v 100.000000 5.048337 15.000000
v 100.000000 5.012868 12.500000
v 100.000000 4.833892 10.000000
v 100.000000 5.038061 7.500000
v 100.000000 5.175557 5.000000
v 100.000000 4.917787 2.500000
v 100.000000 4.992172 0.000000
v 100.000000 5.000062 -2.500000
v 100.000000 4.785089 -5.000000
v 100.000000 4.247993 -7.500000
v 100.000000 3.977491 -10.000000
v 100.000000 4.821216 -12.500000
v 100.000000 5.009221 -15.000000
v 100.000000 5.014554 -17.500000
v 100.000000 5.008142 -22.500000
v 100.000000 4.998996 -25.000000
v 100.000000 5.014771 -27.500000
v 100.000000 4.986495 -30.000000
v 100.000000 4.998619 -32.500000
v 100.000000 4.996378 -35.000000
v 100.000000 5.007702 -37.500000
v 100.000000 4.991311 -40.000000
v 100.000000 5.015081 -42.500000
v 100.000000 4.999264 -45.000000
v 100.000000 4.609070 -47.500000
v 100.000000 4.986085 -50.000000
v 100.000000 4.734367 -52.500000
v 100.000000 4.884246 -55.000000
v 100.000000 5.016249 -57.500000
v 100.000000 4.914136 -62.500000
v 100.000000 4.966594 -65.000000
v 100.000000 4.758461 -67.500000
v 100.000000 4.577921 -70.000000
v 100.000000 4.789645 -72.500000
v 100.000000 4.993699 -75.000000
v 100.000000 4.987148 -77.500000
v 100.000000 5.100886 -80.000000
v 100.000000 5.000698 -82.500000
v 100.000000 5.009701 -85.000000
v 100.000000 4.999114 -87.500000
v 100.000000 5.003436 -90.000000
v 100.000000 4.995252 -92.500000
v 100.000000 5.005022 -95.000000
v 100.000000 4.473446 -97.500000
v -97.500000 4.985713 100.000000
v -95.000000 5.049419 100.000000
v -92.500000 4.981915 100.000000
v -90.000000 5.037585 100.000000
v -87.500000 4.999841 100.000000
v -85.000000 5.000895 100.000000
v -82.500000 5.007081 100.000000
v -80.000000 5.019752 100.000000
v -77.500000 5.025650 100.000000
v -75.000000 5.054449 100.000000
v -72.500000 4.899207 100.000000
v -70.000000 4.960588 100.000000
v -67.500000 4.980240 100.000000
v -65.000000 4.992532 100.000000
v -62.500000 5.033370 100.000000
v -57.500000 4.990989 100.000000
v -55.000000 4.935225 100.000000
v -52.500000 4.842837 100.000000
v -50.000000 4.861556 100.000000
v -47.500000 5.283904 100.000000
v -45.000000 5.077060 100.000000
v -42.500000 4.995946 100.000000
v -40.000000 4.883466 100.000000
v -37.500000 4.982594 100.000000
v -35.000000 5.476065 100.000000
v -32.500000 5.552058 100.000000
v -30.000000 5.263200 100.000000
v -27.500000 5.065465 100.000000
v -25.000000 5.026291 100.000000
v -22.500000 4.998774 100.000000
v -17.500000 4.758793 100.000000
v -15.000000 5.205447 100.000000
v -12.500000 5.429058 100.000000
v -10.000000 5.340712 100.000000
v -7.500000 4.867592 100.000000
v -5.000000 4.758200 100.000000
v -2.500000 5.021635 100.000000
v 0.000000 5.061304 100.000000
v 2.500000 4.893909 100.000000
v 5.000000 4.615862 100.000000
v 7.500000 4.525447 100.000000
v 10.000000 4.342593 100.000000
v 12.500000 4.243831 100.000000
v 15.000000 4.230256 100.000000
v 17.500000 4.298773 100.000000
v 22.500000 4.720161 100.000000
v 25.000000 4.994543 100.000000
v 27.500000 4.988646 100.000000
v 30.000000 5.154815 100.000000
v 32.500000 4.705962 100.000000
v 35.000000 4.835936 100.000000
v 37.500000 5.359608 100.000000
v 40.000000 5.413062 100.000000
v 42.500000 4.980479 100.000000
v 45.000000 4.613853 100.000000
v 47.500000 4.996042 100.000000
v 50.000000 4.901155 100.000000
v 52.500000 4.376450 100.000000
v 55.000000 3.804203 100.000000
v 57.500000 3.376649 100.000000
v 62.500000 2.785529 100.000000
v 65.000000 2.420309 100.000000
v 67.500000 2.110368 100.000000
v 70.000000 2.350953 100.000000
v 72.500000 2.820985 100.000000
v 75.000000 3.149746 100.000000
v 77.500000 3.070385 100.000000
v 80.000000 2.447424 100.000000
v 82.500000 2.351678 100.000000
v 85.000000 2.582646 100.000000
v 87.500000 2.639483 100.000000
v 90.000000 2.707610 100.000000
v 92.500000 2.778127 100.000000
v 95.000000 3.193347 100.000000
v 97.500000 3.247655 100.000000
v -97.500000 4.855349 60.000000
v -95.000000 4.986011 60.000000
v -92.500000 4.655591 60.000000
v -90.000000 4.605785 60.000000
v -87.500000 4.834046 60.000000
v -85.000000 5.350609 60.000000
v -82.500000 5.163309 60.000000
v -80.000000 4.869873 60.000000
v -77.500000 5.057192 60.000000
v -75.000000 5.141404 60.000000
v -72.500000 5.110475 60.000000
v -70.000000 5.111685 60.000000
v -67.500000 4.936258 60.000000
v -65.000000 4.977877 60.000000
v -62.500000 5.000251 60.000000
v -57.500000 4.737038 60.000000
v -55.000000 5.025742 60.000000
v -52.500000 5.103429 60.000000
v -50.000000 4.998978 60.000000
v -47.500000 4.990993 60.000000
v -45.000000 5.011381 60.000000
v -42.500000 4.994838 60.000000
v -40.000000 4.995895 60.000000
v -37.500000 5.038990 60.000000
v -35.000000 5.018485 60.000000
v -32.500000 4.973146 60.000000
v -30.000000 4.999794 60.000000
v -27.500000 4.997872 60.000000
v -25.000000 4.998436 60.000000
v -22.500000 5.309950 60.000000
v -17.500000 4.463599 60.000000
v -15.000000 3.507146 60.000000
v -12.500000 3.382922 60.000000
v -10.000000 2.972867 60.000000
v -7.500000 2.712849 60.000000
v -5.000000 2.500419 60.000000
v -2.500000 2.413346 60.000000
v 0.000000 2.473668 60.000000
v 2.500000 2.584904 60.000000
v 5.000000 2.835333 60.000000
v 7.500000 3.168700 60.000000
v 10.000000 3.728521 60.000000
v 12.500000 4.430179 60.000000
v 15.000000 4.841504 60.000000
v 17.500000 5.081984 60.000000
v 22.500000 4.988519 60.000000
v 25.000000 5.006146 60.000000
v 27.500000 4.981919 60.000000
v 30.000000 5.138763 60.000000
v 32.500000 4.984165 60.000000
v 35.000000 4.971108 60.000000
v 37.500000 5.028176 60.000000
v 40.000000 5.268261 60.000000
v 42.500000 5.158056 60.000000
v 45.000000 4.627753 60.000000
v 47.500000 4.686806 60.000000
v 50.000000 4.896832 60.000000
v 52.500000 4.880269 60.000000
v 55.000000 5.002226 60.000000
v 57.500000 4.985337 60.000000
v 62.500000 4.986064 60.000000
v 65.000000 4.757635 60.000000
v 67.500000 4.877392 60.000000
v 70.000000 4.755546 60.000000
v 72.500000 4.695606 60.000000
v 75.000000 5.000445 60.000000
v 77.500000 5.008828 60.000000
v 80.000000 5.003999 60.000000
v 82.500000 4.881670 60.000000
v 85.000000 5.051523 60.000000
v 87.500000 5.115292 60.000000
v 90.000000 4.409327 60.000000
v 92.500000 4.986049 60.000000
v 95.000000 5.005836 60.000000
v 97.500000 4.987705 60.000000
v -97.500000 0.909572 20.000000
v -95.000000 0.524864 20.000000
v -92.500000 0.851943 20.000000
v -90.000000 1.308771 20.000000
v -87.500000 1.183743 20.000000
v -85.000000 1.701359 20.000000
v -82.500000 1.890908 20.000000
v -80.000000 2.512858 20.000000
v -77.500000 3.178817 20.000000
v -75.000000 3.374807 20.000000
v -72.500000 3.325901 20.000000
v -70.000000 3.443738 20.000000
v -67.500000 3.809662 20.000000
v -65.000000 4.540794 20.000000
v -62.500000 4.957739 20.000000
v -57.500000 4.912422 20.000000
v -55.000000 4.804387 20.000000
v -52.500000 4.926795 20.000000
v -50.000000 4.878317 20.000000
v -47.500000 4.275643 20.000000
v -45.000000 3.833387 20.000000
v -42.500000 3.393981 20.000000
v -40.000000 2.938313 20.000000
v -37.500000 2.486258 20.000000
v -35.000000 2.262953 20.000000
v -32.500000 2.031209 20.000000
v -30.000000 2.085150 20.000000
v -27.500000 1.999050 20.000000
v -25.000000 2.166908 20.000000
v -22.500000 2.147290 20.000000
v -17.500000 3.130694 20.000000
v -15.000000 3.578236 20.000000
v -12.500000 4.480495 20.000000
v -10.000000 4.991331 20.000000
v -7.500000 5.034059 20.000000
v -5.000000 4.998874 20.000000
v -2.500000 5.361136 20.000000
v 0.000000 5.543439 20.000000
v 2.500000 5.536648 20.000000
v 5.000000 4.908218 20.000000
v 7.500000 5.001453 20.000000
v 10.000000 4.937193 20.000000
v 12.500000 4.992255 20.000000
v 15.000000 4.993361 20.000000
v 17.500000 4.989745 20.000000
v 22.500000 4.976685 20.000000
v 25.000000 4.985442 20.000000
v 27.500000 5.030990 20.000000
v 30.000000 5.352604 20.000000
v 32.500000 5.086920 20.000000
v 35.000000 4.874977 20.000000
v 37.500000 5.408795 20.000000
v 40.000000 5.476701 20.000000
v 42.500000 4.788076 20.000000
v 45.000000 4.458124 20.000000
v 47.500000 4.491691 20.000000
v 50.000000 4.722904 20.000000
v 52.500000 4.311882 20.000000
v 55.000000 4.909724 20.000000
v 57.500000 4.733633 20.000000
v 62.500000 5.396831 20.000000
v 65.000000 4.998573 20.000000
v 67.500000 5.211735 20.000000
v 70.000000 5.007665 20.000000
v 72.500000 4.982680 20.000000
v 75.000000 4.996818 20.000000
v 77.500000 5.011983 20.000000
v 80.000000 4.992996 20.000000
v 82.500000 5.074524 20.000000
v 85.000000 4.972218 20.000000
v 87.500000 5.004561 20.000000
v 90.000000 4.769101 20.000000
v 92.500000 4.934856 20.000000
v 95.000000 4.946661 20.000000
v 97.500000 4.704332 20.000000
v -97.500000 5.175076 -20.000000
v -95.000000 5.216383 -20.000000
v -92.500000 5.141973 -20.000000
v -90.000000 4.998138 -20.000000
v -87.500000 4.993195 -20.000000
v -85.000000 4.988306 -20.000000
v -82.500000 4.748172 -20.000000
v -80.000000 3.927877 -20.000000
v -77.500000 2.965960 -20.000000
v -75.000000 2.418434 -20.000000
v -72.500000 1.903189 -20.000000
v -70.000000 1.267132 -20.000000
v -67.500000 0.712271 -20.000000
v -65.000000 0.144139 -20.000000
v -62.500000 0.059571 -20.000000
v -57.500000 0.335638 -20.000000
v -55.000000 0.403185 -20.000000
v -52.500000 0.890463 -20.000000
v -50.000000 1.513965 -20.000000
v -47.500000 2.464014 -20.000000
v -45.000000 3.046755 -20.000000
v -42.500000 3.808442 -20.000000
v -40.000000 4.313961 -20.000000
v -37.500000 4.987401 -20.000000
v -35.000000 4.885474 -20.000000
v -32.500000 4.859089 -20.000000
v -30.000000 5.000667 -20.000000
v -27.500000 5.338448 -20.000000
v -25.000000 5.474427 -20.000000
v -22.500000 5.582741 -20.000000
v -17.500000 4.916036 -20.000000
v -15.000000 4.922050 -20.000000
v -12.500000 4.988739 -20.000000
v -10.000000 4.997698 -20.000000
v -7.500000 5.004186 -20.000000
v -5.000000 4.986710 -20.000000
v -2.500000 5.085035 -20.000000
v 0.000000 5.082392 -20.000000
v 2.500000 5.046659 -20.000000
v 5.000000 5.169756 -20.000000
v 7.500000 5.409453 -20.000000
v 10.000000 5.123358 -20.000000
v 12.500000 5.054773 -20.000000
v 15.000000 5.123778 -20.000000
v 17.500000 5.198085 -20.000000
v 22.500000 4.931861 -20.000000
v 25.000000 4.825586 -20.000000
v 27.500000 4.936763 -20.000000
v 30.000000 5.001310 -20.000000
v 32.500000 4.999468 -20.000000
v 35.000000 4.986112 -20.000000
v 37.500000 4.843334 -20.000000
v 40.000000 4.858832 -20.000000
v 42.500000 4.949921 -20.000000
v 45.000000 4.875837 -20.000000
v 47.500000 4.927467 -20.000000
v 50.000000 4.522984 -20.000000
v 52.500000 4.657555 -20.000000
v 55.000000 4.910425 -20.000000
v 57.500000 4.462075 -20.000000
v 62.500000 4.982884 -20.000000
v 65.000000 4.993486 -20.000000
v 67.500000 4.994321 -20.000000
v 70.000000 4.835971 -20.000000
v 72.500000 5.000427 -20.000000
v 75.000000 4.988503 -20.000000
v 77.500000 5.000101 -20.000000
v 80.000000 5.008470 -20.000000
v 82.500000 4.925977 -20.000000
v 85.000000 4.818677 -20.000000
v 87.500000 4.941398 -20.000000
v 90.000000 4.815012 -20.000000
v 92.500000 5.251304 -20.000000
v 95.000000 5.135440 -20.000000
v 97.500000 4.934040 -20.000000
v -97.500000 4.992386 -60.000000
v -95.000000 5.008883 -60.000000
v -92.500000 5.004984 -60.000000
v -90.000000 5.215724 -60.000000
v -87.500000 5.022349 -60.000000
v -85.000000 4.994355 -60.000000
v -82.500000 5.016118 -60.000000
v -80.000000 4.992662 -60.000000
v -77.500000 4.989814 -60.000000
v -75.000000 5.033474 -60.000000
v -72.500000 4.247942 -60.000000
v -70.000000 3.612591 -60.000000
v -67.500000 3.570054 -60.000000
v -65.000000 3.669507 -60.000000
v -62.500000 3.664633 -60.000000
v -57.500000 3.727251 -60.000000
v -55.000000 3.942175 -60.000000
v -52.500000 4.233897 -60.000000
v -50.000000 4.572022 -60.000000
v -47.500000 5.010436 -60.000000
v -45.000000 4.990767 -60.000000
v -42.500000 5.006549 -60.000000
v -40.000000 5.011653 -60.000000
v -37.500000 4.989904 -60.000000
v -35.000000 5.000430 -60.000000
v -32.500000 5.013887 -60.000000
v -30.000000 5.071527 -60.000000
v -27.500000 5.099953 -60.000000
v -25.000000 4.974319 -60.000000
v -22.500000 4.999945 -60.000000
v -17.500000 4.920182 -60.000000
v -15.000000 5.035205 -60.000000
v -12.500000 4.933889 -60.000000
v -10.000000 4.937633 -60.000000
v -7.500000 5.103960 -60.000000
v -5.000000 5.119105 -60.000000
v -2.500000 5.413362 -60.000000
v 0.000000 5.572938 -60.000000
v 2.500000 4.912277 -60.000000
v 5.000000 4.810287 -60.000000
v 7.500000 4.890972 -60.000000
v 10.000000 4.985106 -60.000000
v 12.500000 5.247797 -60.000000
v 15.000000 5.280765 -60.000000
v 17.500000 5.155327 -60.000000
v 22.500000 4.974977 -60.000000
v 25.000000 4.317808 -60.000000
v 27.500000 3.731178 -60.000000
v 30.000000 3.169469 -60.000000
v 32.500000 2.685528 -60.000000
v 35.000000 2.284701 -60.000000
v 37.500000 1.974421 -60.000000
v 40.000000 1.795791 -60.000000
v 42.500000 1.613020 -60.000000
v 45.000000 2.238165 -60.000000
v 47.500000 2.425498 -60.000000
v 50.000000 2.423690 -60.000000
v 52.500000 2.822829 -60.000000
v 55.000000 2.294292 -60.000000
v 57.500000 1.320297 -60.000000
v 62.500000 1.097108 -60.000000
v 65.000000 1.035208 -60.000000
v 67.500000 1.408473 -60.000000
v 70.000000 1.651403 -60.000000
v 72.500000 1.994815 -60.000000
v 75.000000 2.456438 -60.000000
v 77.500000 3.032632 -60.000000
v 80.000000 3.509358 -60.000000
v 82.500000 4.213126 -60.000000
v 85.000000 5.101654 -60.000000
v 87.500000 5.342949 -60.000000
v 90.000000 5.226013 -60.000000
v 92.500000 5.178135 -60.000000
v 95.000000 5.108986 -60.000000
v 97.500000 4.872500 -60.000000
v -97.500000 3.029968 -100.000000
v -95.000000 3.028189 -100.000000
v -92.500000 2.935490 -100.000000
v -90.000000 2.393890 -100.000000
v -87.500000 2.270605 -100.000000
v -85.000000 2.292063 -100.000000
v -82.500000 2.727979 -100.000000
v -80.000000 2.914112 -100.000000
v -77.500000 3.063213 -100.000000
v -75.000000 3.721351 -100.000000
v -72.500000 3.884689 -100.000000
v -70.000000 4.247252 -100.000000
v -67.500000 4.911256 -100.000000
v -65.000000 5.212866 -100.000000
v -62.500000 5.480676 -100.000000
v -57.500000 5.135152 -100.000000
v -55.000000 5.227470 -100.000000
v -52.500000 5.049599 -100.000000
v -50.000000 5.151308 -100.000000
v -47.500000 5.036029 -100.000000
v -45.000000 5.170274 -100.000000
v -42.500000 4.304625 -100.000000
v -40.000000 3.784174 -100.000000
v -37.500000 3.209197 -100.000000
v -35.000000 2.910603 -100.000000
v -32.500000 2.633140 -100.000000
v -30.000000 2.800649 -100.000000
v -27.500000 2.576094 -100.000000
v -25.000000 2.590449 -100.000000
v -22.500000 2.732399 -100.000000
v -17.500000 3.665824 -100.000000
v -15.000000 4.013347 -100.000000
v -12.500000 4.386228 -100.000000
v -10.000000 5.004159 -100.000000
v -7.500000 5.185814 -100.000000
v -5.000000 4.815112 -100.000000
v -2.500000 4.979946 -100.000000
v 0.000000 5.238269 -100.000000
v 2.500000 5.235282 -100.000000
v 5.000000 4.990725 -100.000000
v 7.500000 4.999745 -100.000000
v 10.000000 5.003250 -100.000000
v 12.500000 5.088686 -100.000000
v 15.000000 5.190386 -100.000000
v 17.500000 5.184543 -100.000000
v 22.500000 5.004897 -100.000000
v 25.000000 4.988320 -100.000000
v 27.500000 5.007400 -100.000000
v 30.000000 4.996728 -100.000000
v 32.500000 4.485271 -100.000000
v 35.000000 3.944917 -100.000000
v 37.500000 3.508974 -100.000000
v 40.000000 3.070402 -100.000000
v 42.500000 3.018238 -100.000000
v 45.000000 2.949872 -100.000000
v 47.500000 2.783320 -100.000000
v 50.000000 2.831496 -100.000000
v 52.500000 3.008454 -100.000000
v 55.000000 3.301890 -100.000000
v 57.500000 3.635763 -100.000000
v 62.500000 4.083682 -100.000000
v 65.000000 4.665248 -100.000000
v 67.500000 4.995511 -100.000000
v 70.000000 4.966705 -100.000000
v 72.500000 5.035084 -100.000000
v 75.000000 5.035630 -100.000000
v 77.500000 5.057971 -100.000000
v 80.000000 4.763674 -100.000000
v 82.500000 4.799256 -100.000000
v 85.000000 4.508072 -100.000000
v 87.500000 4.222222 -100.000000
v 90.000000 3.900512 -100.000000
v 92.500000 3.801488 -100.000000
v 95.000000 3.580482 -100.000000
v 97.500000 3.692397 -100.000000
v -97.500000 4.996612 97.500000
v -95.000000 4.702201 97.500000
v -92.500000 4.811966 97.500000
v -90.000000 4.813174 97.500000
v -87.500000 4.984811 97.500000
v -85.000000 4.990879 97.500000
v -82.500000 4.998795 97.500000
v -80.000000 4.964419 97.500000
v -77.500000 5.180833 97.500000
v -75.000000 5.087951 97.500000
v -72.500000 5.193717 97.500000
v -70.000000 4.986850 97.500000
v -67.500000 4.986918 97.500000
v -65.000000 4.953709 97.500000
v -62.500000 4.712986 97.500000
v -97.500000 5.051535 95.000000
v -95.000000 4.993023 95.000000
v -92.500000 5.080914 95.000000
v -90.000000 5.177226 95.000000
v -87.500000 5.000012 95.000000
v -85.000000 5.001108 95.000000
v -82.500000 4.809014 95.000000
v -80.000000 4.724835 95.000000
v -77.500000 5.301476 95.000000
v -75.000000 5.245593 95.000000
v -72.500000 5.023721 95.000000
v -70.000000 5.029595 95.000000
v -67.500000 5.139939 95.000000
v -65.000000 5.046582 95.000000
v -62.500000 4.810271 95.000000
v -97.500000 5.393950 92.500000
v -95.000000 5.113422 92.500000
v -92.500000 4.837845 92.500000
v -90.000000 5.044140 92.500000
v -87.500000 5.054283 92.500000
v -85.000000 5.075298 92.500000
v -82.500000 4.672526 92.500000
v -80.000000 4.792629 92.500000
v -77.500000 4.935592 92.500000
v -75.000000 5.115672 92.500000
v -72.500000 5.112352 92.500000
v -70.000000 5.127783 92.500000
v -67.500000 4.992882 92.500000
v -65.000000 4.998878 92.500000
v -62.500000 4.991636 92.500000
v -97.500000 5.040384 90.000000
v -95.000000 5.330973 90.000000
v -92.500000 5.147302 90.000000
v -90.000000 4.655567 90.000000
v -87.500000 5.019135 90.000000
v -85.000000 5.029936 90.000000
v -82.500000 4.686833 90.000000
v -80.000000 4.926726 90.000000
v -77.500000 5.025375 90.000000
v -75.000000 5.036903 90.000000
v -72.500000 5.141241 90.000000
v -70.000000 5.152453 90.000000
v -67.500000 5.164201 90.000000
v -65.000000 5.010658 90.000000
v -62.500000 5.105891 90.000000
v -97.500000 5.004642 87.500000
v -95.000000 4.722522 87.500000
v -92.500000 4.571027 87.500000
v -90.000000 4.150104 87.500000
v -87.500000 4.447578 87.500000
v -85.000000 4.554172 87.500000
v -82.500000 4.590133 87.500000
v -80.000000 4.916302 87.500000
v -77.500000 5.003971 87.500000
v -75.000000 5.009714 87.500000
v -72.500000 4.915173 87.500000
v -70.000000 4.824454 87.500000
v -67.500000 5.075849 87.500000
v -65.000000 4.989408 87.500000
v -62.500000 5.175953 87.500000
v -97.500000 4.744044 85.000000
v -95.000000 4.460119 85.000000
v -92.500000 4.387062 85.000000
v -90.000000 4.164689 85.000000
v -87.500000 4.150951 85.000000
v -85.000000 4.295256 85.000000
v -82.500000 4.406266 85.000000
v -80.000000 4.661282 85.000000
v -77.500000 4.987465 85.000000
v -75.000000 4.998168 85.000000
v -72.500000 4.997189 85.000000
v -70.000000 4.901540 85.000000
v -67.500000 4.784528 85.000000
v -65.000000 4.741253 85.000000
v -62.500000 4.828072 85.000000
v -97.500000 4.609941 82.500000
v -95.000000 4.658807 82.500000
v -92.500000 4.203035 82.500000
v -90.000000 3.958404 82.500000
v -87.500000 3.951613 82.500000
v -85.000000 4.005688 82.500000
v -82.500000 4.235219 82.500000
v -80.000000 4.556437 82.500000
v -77.500000 4.920177 82.500000
v -75.000000 5.089599 82.500000
v -72.500000 4.908298 82.500000
v -70.000000 4.707048 82.500000
v -67.500000 4.575211 82.500000
v -65.000000 4.560795 82.500000
v -62.500000 4.595491 82.500000
v -97.500000 4.535190 80.000000
v -95.000000 4.264343 80.000000
v -92.500000 4.129145 80.000000
v -90.000000 3.772033 80.000000
v -87.500000 3.828439 80.000000
v -85.000000 3.909490 80.000000
v -82.500000 4.090012 80.000000
v -80.000000 4.341407 80.000000
v -77.500000 4.660627 80.000000
v -75.000000 4.888476 80.000000
v -72.500000 4.674993 80.000000
v -70.000000 4.594023 80.000000
v -67.500000 4.477744 80.000000
v -65.000000 4.435297 80.000000
v -62.500000 4.465357 80.000000
v -97.500000 4.410766 77.500000
v -95.000000 4.100075 77.500000
v -92.500000 3.891476 77.500000
v -90.000000 4.002531 77.500000
v -87.500000 3.802075 77.500000
v -85.000000 3.869411 77.500000
v -82.500000 4.060109 77.500000
v -80.000000 4.314213 77.500000
v -77.500000 4.775712 77.500000
v -75.000000 4.965504 77.500000
v -72.500000 4.701815 77.500000
v -70.000000 4.437506 77.500000
v -67.500000 4.527435 77.500000
v -65.000000 4.355277 77.500000
v -62.500000 4.285674 77.500000
v -97.500000 4.453026 75.000000
v -95.000000 4.234510 75.000000
v -92.500000 4.012165 75.000000
v -90.000000 4.047631 75.000000
v -87.500000 3.864606 75.000000
v -85.000000 3.957287 75.000000
v -82.500000 4.148127 75.000000
v -80.000000 4.411464 75.000000
v -77.500000 4.704214 75.000000
v -75.000000 4.696661 75.000000
v -72.500000 4.653731 75.000000
v -70.000000 4.544842 75.000000
v -67.500000 4.480637 75.000000
v -65.000000 4.432583 75.000000
v -62.500000 4.159606 75.000000
v -97.500000 4.597296 72.500000
v -95.000000 4.539287 72.500000
v -92.500000 4.238030 72.500000
v -90.000000 4.124224 72.500000
v -87.500000 4.072261 72.500000
v -85.000000 4.195845 72.500000
v -82.500000 4.304342 72.500000
v -80.000000 4.403209 72.500000
v -77.500000 4.838873 72.500000
v -75.000000 4.347829 72.500000
v -72.500000 4.812558 72.500000
v -70.000000 4.745059 72.500000
v -67.500000 4.613990 72.500000
v -65.000000 4.565495 72.500000
v -62.500000 4.310891 72.500000
v -97.500000 4.819844 70.000000
v -95.000000 4.552462 70.000000
v -92.500000 4.378985 70.000000
v -90.000000 4.369127 70.000000
v -87.500000 4.283855 70.000000
v -85.000000 4.114298 70.000000
v -82.500000 4.276314 70.000000
v -80.000000 4.548798 70.000000
v -77.500000 4.993938 70.000000
v -75.000000 4.402154 70.000000
v -72.500000 5.009231 70.000000
v -70.000000 4.966189 70.000000
v -67.500000 4.846305 70.000000
v -65.000000 4.720804 70.000000
v -62.500000 4.703152 70.000000
v -97.500000 4.598017 67.500000
v -95.000000 4.864814 67.500000
v -92.500000 4.684186 67.500000
v -90.000000 4.812702 67.500000
v -87.500000 4.869197 67.500000
v -85.000000 4.798298 67.500000
v -82.500000 4.874287 67.500000
v -80.000000 4.468406 67.500000
v -77.500000 4.995478 67.500000
v -75.000000 5.003742 67.500000
v -72.500000 4.996345 67.500000
v -70.000000 4.999849 67.500000
v -67.500000 5.112304 67.500000
v -65.000000 5.178873 67.500000
v -62.500000 5.198014 67.500000
v -97.500000 4.401971 65.000000
v -95.000000 4.987769 65.000000
v -92.500000 4.969321 65.000000
v -90.000000 5.013936 65.000000
v -87.500000 5.138373 65.000000
v -85.000000 5.245981 65.000000
v -82.500000 4.895070 65.000000
v -80.000000 4.992023 65.000000
v -77.500000 4.999655 65.000000
v -75.000000 5.003006 65.000000
v -72.500000 5.022486 65.000000
v -70.000000 5.012489 65.000000
v -67.500000 5.014191 65.000000
v -65.000000 4.995232 65.000000
v -62.500000 5.134811 65.000000
v -97.500000 5.016557 62.500000
v -95.000000 4.998593 62.500000
v -92.500000 4.994907 62.500000
v -90.000000 4.891333 62.500000
v -87.500000 5.227901 62.500000
v -85.000000 5.475434 62.500000
v -82.500000 4.913366 62.500000
v -80.000000 5.060054 62.500000
v -77.500000 4.965097 62.500000
v -75.000000 5.161570 62.500000
v -72.500000 5.090807 62.500000
v -70.000000 5.006482 62.500000
v -67.500000 4.998430 62.500000
v -65.000000 4.958095 62.500000
v -62.500000 5.000210 62.500000
v -97.500000 4.934388 57.500000
v -95.000000 4.929246 57.500000
v -92.500000 4.890826 57.500000
v -90.000000 4.702270 57.500000
v -87.500000 4.953474 57.500000
v -85.000000 4.994969 57.500000
v -82.500000 4.993470 57.500000
v -80.000000 4.997844 57.500000
v -77.500000 5.059072 57.500000
v -75.000000 4.997029 57.500000
v -72.500000 5.155294 57.500000
v -70.000000 5.507921 57.500000
v -67.500000 4.867287 57.500000
v -65.000000 4.979275 57.500000
v -62.500000 5.015155 57.500000
v -97.500000 5.013420 55.000000
v -95.000000 5.056532 55.000000
v -92.500000 5.222821 55.000000
v -90.000000 5.300992 55.000000
v -87.500000 5.066615 55.000000
v -85.000000 4.999301 55.000000
v -82.500000 4.988344 55.000000
v -80.000000 4.999176 55.000000
v -77.500000 4.779993 55.000000
v -75.000000 4.947607 55.000000
v -72.500000 5.129148 55.000000
v -70.000000 5.508358 55.000000
v -67.500000 4.874157 55.000000
v -65.000000 4.418173 55.000000
v -62.500000 5.001595 55.000000
v -97.500000 4.994713 52.500000
v -95.000000 5.035834 52.500000
v -92.500000 5.251233 52.500000
v -90.000000 4.995004 52.500000
v -87.500000 4.996296 52.500000
v -85.000000 4.994454 52.500000
v -82.500000 4.990346 52.500000
v -80.000000 4.989592 52.500000
v -77.500000 4.920041 52.500000
v -75.000000 4.211621 52.500000
v -72.500000 4.496555 52.500000
v -70.000000 4.826341 52.500000
v -67.500000 4.564487 52.500000
v -65.000000 4.368352 52.500000
v -62.500000 4.993439 52.500000
v -97.500000 5.067598 50.000000
v -95.000000 5.098173 50.000000
v -92.500000 5.059430 50.000000
v -90.000000 4.978485 50.000000
v -87.500000 4.767525 50.000000
v -85.000000 5.088582 50.000000
v -82.500000 5.005353 50.000000
v -80.000000 5.048084 50.000000
v -77.500000 4.925847 50.000000
v -75.000000 4.391941 50.000000
v -72.500000 4.293749 50.000000
v -70.000000 4.589626 50.000000
v -67.500000 4.730886 50.000000
v -65.000000 4.826041 50.000000
v -62.500000 5.065816 50.000000
v -97.500000 4.832892 47.500000
v -95.000000 4.889807 47.500000
v -92.500000 4.918976 47.500000
v -90.000000 4.936002 47.500000
v -87.500000 4.945852 47.500000
v -85.000000 5.084093 47.500000
v -82.500000 5.061537 47.500000
v -80.000000 5.131196 47.500000
v -77.500000 4.885856 47.500000
v -75.000000 4.955895 47.500000
v -72.500000 4.899213 47.500000
v -70.000000 4.908434 47.500000
v -67.500000 4.633013 47.500000
v -65.000000 4.884079 47.500000
v -62.500000 5.058119 47.500000
v -97.500000 3.930326 45.000000
v -95.000000 4.008341 45.000000
v -92.500000 4.236215 45.000000
v -90.000000 4.509981 45.000000
v -87.500000 4.798052 45.000000
v -85.000000 5.004591 45.000000
v -82.500000 5.013373 45.000000
v -80.000000 4.927356 45.000000
v -77.500000 4.892074 45.000000
v -75.000000 4.926186 45.000000
v -72.500000 5.006501 45.000000
v -70.000000 5.014613 45.000000
v -67.500000 4.888633 45.000000
v -65.000000 5.116459 45.000000
v -62.500000 5.490446 45.000000
v -97.500000 3.449595 42.500000
v -95.000000 3.430629 42.500000
v -92.500000 3.155637 42.500000
v -90.000000 3.844965 42.500000
v -87.500000 4.154707 42.500000
v -85.000000 4.566370 42.500000
v -82.500000 4.509668 42.500000
v -80.000000 4.411290 42.500000
v -77.500000 4.368414 42.500000
v -75.000000 4.447958 42.500000
v -72.500000 4.666604 42.500000
v -70.000000 4.853950 42.500000
v -67.500000 5.007384 42.500000
v -65.000000 5.164069 42.500000
v -62.500000 5.191466 42.500000
v -97.500000 2.759333 40.000000
v -95.000000 2.834593 40.000000
v -92.500000 2.933797 40.000000
v -90.000000 3.078756 40.000000
v -87.500000 3.570129 40.000000
v -85.000000 4.004631 40.000000
v -82.500000 4.021214 40.000000
v -80.000000 3.904608 40.000000
v -77.500000 3.857849 40.000000
v -75.000000 3.948494 40.000000
v -72.500000 3.914376 40.000000
v -70.000000 4.348441 40.000000
v -67.500000 4.673669 40.000000
v -65.000000 4.984812 40.000000
v -62.500000 5.093547 40.000000
v -97.500000 2.129889 37.500000
v -95.000000 2.181034 37.500000
v -92.500000 2.189938 37.500000
v -90.000000 2.402713 37.500000
v -87.500000 2.996747 37.500000
v -85.000000 3.629769 37.500000
v -82.500000 3.785921 37.500000
v -80.000000 3.483673 37.500000
v -77.500000 3.450612 37.500000
v -75.000000 3.515227 37.500000
v -72.500000 3.125798 37.500000
v -70.000000 3.742459 37.500000
v -67.500000 4.271648 37.500000
v -65.000000 4.744996 37.500000
v -62.500000 5.043891 37.500000
v -97.500000 1.549400 35.000000
v -95.000000 1.609733 35.000000
v -92.500000 1.820722 35.000000
v -90.000000 1.810417 35.000000
v -87.500000 2.369404 35.000000
v -85.000000 3.045690 35.000000
v -82.500000 3.395166 35.000000
v -80.000000 3.227701 35.000000
v -77.500000 3.088754 35.000000
v -75.000000 3.187328 35.000000
v -72.500000 3.379302 35.000000
v -70.000000 3.642368 35.000000
v -67.500000 4.219710 35.000000
v -65.000000 4.454690 35.000000
v -62.500000 4.590097 35.000000
v -97.500000 1.044299 32.500000
v -95.000000 1.113936 32.500000
v -92.500000 1.420094 32.500000
v -90.000000 1.519147 32.500000
v -87.500000 2.208770 32.500000
v -85.000000 2.873949 32.500000
v -82.500000 3.323636 32.500000
v -80.000000 3.215916 32.500000
v -77.500000 2.942227 32.500000
v -75.000000 2.935804 32.500000
v -72.500000 3.072170 32.500000
v -70.000000 3.310820 32.500000
v -67.500000 3.975390 32.500000
v -65.000000 4.324212 32.500000
v -62.500000 4.677976 32.500000
v -97.500000 0.648774 30.000000
v -95.000000 0.836944 30.000000
v -92.500000 1.039542 30.000000
v -90.000000 1.406313 30.000000
v -87.500000 1.884882 30.000000
v -85.000000 2.588842 30.000000
v -82.500000 2.898050 30.000000
v -80.000000 2.735421 30.000000
v -77.500000 2.709274 30.000000
v -75.000000 2.780541 30.000000
v -72.500000 2.815294 30.000000
v -70.000000 2.742503 30.000000
v -67.500000 3.301985 30.000000
v -65.000000 4.368644 30.000000
v -62.500000 4.331047 30.000000
v -97.500000 0.437338 27.500000
v -95.000000 0.562126 27.500000
v -92.500000 0.743504 27.500000
v -90.000000 1.206687 27.500000
v -87.500000 1.707470 27.500000
v -85.000000 2.335861 27.500000
v -82.500000 2.845527 27.500000
v -80.000000 2.703159 27.500000
v -77.500000 2.554664 27.500000
v -75.000000 2.528824 27.500000
v -72.500000 2.825421 27.500000
v -70.000000 3.245213 27.500000
v -67.500000 3.626974 27.500000
v -65.000000 3.958319 27.500000
v -62.500000 4.237011 27.500000
v -97.500000 0.370536 25.000000
v -95.000000 0.395588 25.000000
v -92.500000 0.674040 25.000000
v -90.000000 1.241715 25.000000
v -87.500000 1.713210 25.000000
v -85.000000 2.310140 25.000000
v -82.500000 2.586179 25.000000
v -80.000000 2.924443 25.000000
v -77.500000 3.168032 25.000000
v -75.000000 2.880677 25.000000
v -72.500000 2.737659 25.000000
v -70.000000 3.310155 25.000000
v -67.500000 3.680751 25.000000
v -65.000000 4.009585 25.000000
v -62.500000 4.570545 25.000000
v -97.500000 0.524405 22.500000
v -95.000000 0.170824 22.500000
v -92.500000 0.447848 22.500000
v -90.000000 1.182389 22.500000
v -87.500000 1.437299 22.500000
v -85.000000 1.999513 22.500000
v -82.500000 2.074788 22.500000
v -80.000000 2.668749 22.500000
v -77.500000 3.581670 22.500000
v -75.000000 3.142076 22.500000
v -72.500000 3.016763 22.500000
v -70.000000 3.494466 22.500000
v -67.500000 3.843136 22.500000
v -65.000000 4.367692 22.500000
v -62.500000 5.283130 22.500000
v -97.500000 1.427431 17.500000
v -95.000000 1.278074 17.500000
v -92.500000 1.285291 17.500000
v -90.000000 1.262920 17.500000
v -87.500000 1.454295 17.500000
v -85.000000 1.578915 17.500000
v -82.500000 1.852848 17.500000
v -80.000000 2.149156 17.500000
v -77.500000 2.660294 17.500000
v -75.000000 3.357915 17.500000
v -72.500000 3.742201 17.500000
v -70.000000 3.872050 17.500000
v -67.500000 4.332668 17.500000
v -65.000000 4.619075 17.500000
v -62.500000 4.852677 17.500000
v -97.500000 2.160220 15.000000
v -95.000000 1.642647 15.000000
v -92.500000 1.097291 15.000000
v -90.000000 1.103655 15.000000
v -87.500000 1.243750 15.000000
v -85.000000 1.456193 15.000000
v -82.500000 1.952842 15.000000
v -80.000000 2.162577 15.000000
v -77.500000 2.419184 15.000000
v -75.000000 3.160033 15.000000
v -72.500000 3.834496 15.000000
v -70.000000 4.117496 15.000000
v -67.500000 4.437214 15.000000
v -65.000000 4.488297 15.000000
v -62.500000 5.011670 15.000000
v -97.500000 2.465538 12.500000
v -95.000000 1.807373 12.500000
v -92.500000 1.636325 12.500000
v -90.000000 1.169317 12.500000
v -87.500000 1.199342 12.500000
v -85.000000 1.957269 12.500000
v -82.500000 2.238237 12.500000
v -80.000000 2.515158 12.500000
v -77.500000 2.716638 12.500000
v -75.000000 3.690713 12.500000
v -72.500000 4.000256 12.500000
v -70.000000 4.423573 12.500000
v -67.500000 4.793527 12.500000
v -65.000000 4.955566 12.500000
v -62.500000 4.899964 12.500000
v -97.500000 2.749709 10.000000
v -95.000000 2.298021 10.000000
v -92.500000 1.968891 10.000000
v -90.000000 1.665559 10.000000
v -87.500000 1.752140 10.000000
v -85.000000 2.443702 10.000000
v -82.500000 2.295364 10.000000
v -80.000000 2.619163 10.000000
v -77.500000 3.104581 10.000000
v -75.000000 3.668774 10.000000
v -72.500000 4.160287 10.000000
v -70.000000 4.302430 10.000000
v -67.500000 4.525823 10.000000
v -65.000000 4.704359 10.000000
v -62.500000 4.967198 10.000000
v -97.500000 3.061407 7.500000
v -95.000000 2.832035 7.500000
v -92.500000 2.473354 7.500000
v -90.000000 2.338640 7.500000
v -87.500000 2.308274 7.500000
v -85.000000 2.490584 7.500000
v -82.500000 2.671685 7.500000
v -80.000000 3.189857 7.500000
v -77.500000 3.428685 7.500000
v -75.000000 3.892833 7.500000
v -72.500000 4.476773 7.500000
v -70.000000 4.491245 7.500000
v -67.500000 4.744275 7.500000
v -65.000000 4.890947 7.500000
v -62.500000 5.004126 7.500000
v -97.500000 3.578318 5.000000
v -95.000000 3.192755 5.000000
v -92.500000 3.003352 5.000000
v -90.000000 2.841198 5.000000
v -87.500000 2.759576 5.000000
v -85.000000 2.924029 5.000000
v -82.500000 3.136259 5.000000
v -80.000000 3.431796 5.000000
v -77.500000 4.084604 5.000000
v -75.000000 4.363119 5.000000
v -72.500000 4.778875 5.000000
v -70.000000 4.951101 5.000000
v -67.500000 5.213176 5.000000
v -65.000000 5.246526 5.000000
v -62.500000 5.019305 5.000000
v -97.500000 3.819007 2.500000
v -95.000000 3.706191 2.500000
v -92.500000 3.294865 2.500000
v -90.000000 3.221508 2.500000
v -87.500000 3.368328 2.500000
v -85.000000 3.337588 2.500000
v -82.500000 3.527604 2.500000
v -80.000000 3.949880 2.500000
v -77.500000 4.518950 2.500000
v -75.000000 4.923185 2.500000
v -72.500000 5.056885 2.500000
v -70.000000 5.003495 2.500000
v -67.500000 5.002722 2.500000
v -65.000000 5.206453 2.500000
v -62.500000 5.237044 2.500000
v -97.500000 3.745371 0.000000
v -95.000000 3.428744 0.000000
v -92.500000 3.049928 0.000000
v -90.000000 3.678614 0.000000
v -87.500000 3.989464 0.000000
v -85.000000 4.095846 0.000000
v -82.500000 4.040820 0.000000
v -80.000000 4.287602 0.000000
v -77.500000 5.001346 0.000000
v -75.000000 5.249207 0.000000
v -72.500000 5.068244 0.000000
v -70.000000 5.037057 0.000000
v -67.500000 5.011870 0.000000
v -65.000000 5.090214 0.000000
v -62.500000 5.047268 0.000000
v -97.500000 3.809637 -2.500000
v -95.000000 3.200613 -2.500000
v -92.500000 3.598757 -2.500000
v -90.000000 3.895946 -2.500000
v -87.500000 4.241281 -2.500000
v -85.000000 4.725108 -2.500000
v -82.500000 4.686817 -2.500000
v -80.000000 4.843373 -2.500000
v -77.500000 5.108089 -2.500000
v -75.000000 5.259912 -2.500000
v -72.500000 5.025710 -2.500000
v -70.000000 5.019412 -2.500000
v -67.500000 4.989714 -2.500000
v -65.000000 4.985668 -2.500000
v -62.500000 4.766102 -2.500000
v -97.500000 3.939359 -5.000000
v -95.000000 3.724062 -5.000000
v -92.500000 3.945317 -5.000000
v -90.000000 4.075269 -5.000000
v -87.500000 4.309623 -5.000000
v -85.000000 4.841100 -5.000000
v -82.500000 4.481404 -5.000000
v -80.000000 4.939027 -5.000000
v -77.500000 4.997348 -5.000000
v -75.000000 5.487636 -5.000000
v -72.500000 5.519886 -5.000000
v -70.000000 4.748528 -5.000000
v -67.500000 4.473603 -5.000000
v -65.000000 4.029801 -5.000000
v -62.500000 3.898566 -5.000000
v -97.500000 4.202432 -7.500000
v -95.000000 4.100242 -7.500000
v -92.500000 4.333418 -7.500000
v -90.000000 4.415962 -7.500000
v -87.500000 4.631083 -7.500000
v -85.000000 4.712327 -7.500000
v -82.500000 4.254156 -7.500000
v -80.000000 4.885677 -7.500000
v -77.500000 5.025696 -7.500000
v -75.000000 4.909652 -7.500000
v -72.500000 4.546989 -7.500000
v -70.000000 4.484763 -7.500000
v -67.500000 3.745115 -7.500000
v -65.000000 3.543997 -7.500000
v -62.500000 3.460425 -7.500000
v -97.500000 4.335147 -10.000000
v -95.000000 4.473674 -10.000000
v -92.500000 4.711922 -10.000000
v -90.000000 4.634830 -10.000000
v -87.500000 5.110511 -10.000000
v -85.000000 4.814090 -10.000000
v -82.500000 4.602868 -10.000000
v -80.000000 4.915030 -10.000000
v -77.500000 5.079503 -10.000000
v -75.000000 4.409856 -10.000000
v -72.500000 3.801966 -10.000000
v -70.000000 3.399252 -10.000000
v -67.500000 3.051605 -10.000000
v -65.000000 2.484190 -10.000000
v -62.500000 2.655204 -10.000000
v -97.500000 4.724447 -12.500000
v -95.000000 4.827332 -12.500000
v -92.500000 5.113240 -12.500000
v -90.000000 5.674026 -12.500000
v -87.500000 5.465263 -12.500000
v -85.000000 4.930992 -12.500000
v -82.500000 5.115439 -12.500000
v -80.000000 5.006471 -12.500000
v -77.500000 4.350853 -12.500000
v -75.000000 3.616040 -12.500000
v -72.500000 3.131821 -12.500000
v -70.000000 2.773265 -12.500000
v -67.500000 2.365139 -12.500000
v -65.000000 1.958544 -12.500000
v -62.500000 1.977732 -12.500000
v -97.500000 4.815517 -15.000000
v -95.000000 4.915491 -15.000000
v -92.500000 5.035394 -15.000000
v -90.000000 5.099762 -15.000000
v -87.500000 5.043484 -15.000000
v -85.000000 4.977069 -15.000000
v -82.500000 4.985207 -15.000000
v -80.000000 4.583313 -15.000000
v -77.500000 3.924994 -15.000000
v -75.000000 3.064023 -15.000000
v -72.500000 2.955109 -15.000000
v -70.000000 2.224986 -15.000000
v -67.500000 1.745897 -15.000000
v -65.000000 1.305943 -15.000000
v -62.500000 1.407598 -15.000000
v -97.500000 5.114001 -17.500000
v -95.000000 5.374467 -17.500000
v -92.500000 5.373656 -17.500000
v -90.000000 5.150521 -17.500000
v -87.500000 5.008833 -17.500000
v -85.000000 5.008863 -17.500000
v -82.500000 4.892448 -17.500000
v -80.000000 4.179382 -17.500000
v -77.500000 3.615669 -17.500000
v -75.000000 2.905732 -17.500000
v -72.500000 2.274139 -17.500000
v -70.000000 1.692302 -17.500000
v -67.500000 1.247436 -17.500000
v -65.000000 0.856023 -17.500000
v -62.500000 0.640880 -17.500000
v -97.500000 5.125631 -22.500000
v -95.000000 5.420229 -22.500000
v -92.500000 5.264094 -22.500000
v -90.000000 5.053475 -22.500000
v -87.500000 4.982577 -22.500000
v -85.000000 4.999556 -22.500000
v -82.500000 4.597412 -22.500000
v -80.000000 4.137849 -22.500000
v -77.500000 3.094734 -22.500000
v -75.000000 2.145756 -22.500000
v -72.500000 1.528560 -22.500000
v -70.000000 0.951549 -22.500000
v -67.500000 0.349648 -22.500000
v -65.000000 0.039031 -22.500000
v -62.500000 -0.656927 -22.500000
v -97.500000 5.174747 -25.000000
v -95.000000 5.631257 -25.000000
v -92.500000 5.131381 -25.000000
v -90.000000 4.904865 -25.000000
v -87.500000 4.991002 -25.000000
v -85.000000 5.006644 -25.000000
v -82.500000 4.519787 -25.000000
v -80.000000 3.779501 -25.000000
v -77.500000 2.640586 -25.000000
v -75.000000 1.744245 -25.000000
v -72.500000 1.165978 -25.000000
v -70.000000 0.803981 -25.000000
v -67.500000 0.154405 -25.000000
v -65.000000 -0.017980 -25.000000
v -62.500000 -0.394316 -25.000000
v -97.500000 4.707723 -27.500000
v -95.000000 5.078972 -27.500000
v -92.500000 5.081605 -27.500000
v -90.000000 4.861629 -27.500000
v -87.500000 4.993691 -27.500000
v -85.000000 4.996118 -27.500000
v -82.500000 4.538306 -27.500000
v -80.000000 3.755355 -27.500000
v -77.500000 2.523195 -27.500000
v -75.000000 2.127961 -27.500000
v -72.500000 1.211564 -27.500000
v -70.000000 0.746919 -27.500000
v -67.500000 0.210509 -27.500000
v -65.000000 0.004795 -27.500000
v -62.500000 -0.006978 -27.500000
v -97.500000 4.468804 -30.000000
v -95.000000 4.925941 -30.000000
v -92.500000 5.003227 -30.000000
v -90.000000 4.902538 -30.000000
v -87.500000 4.974126 -30.000000
v -85.000000 5.008430 -30.000000
v -82.500000 4.673423 -30.000000
v -80.000000 3.917962 -30.000000
v -77.500000 2.842081 -30.000000
v -75.000000 2.426324 -30.000000
v -72.500000 1.975576 -30.000000
v -70.000000 1.134228 -30.000000
v -67.500000 0.425591 -30.000000
v -65.000000 0.052586 -30.000000
v -62.500000 0.074837 -30.000000
v -97.500000 4.454410 -32.500000
v -95.000000 4.915161 -32.500000
v -92.500000 4.969601 -32.500000
v -90.000000 4.757298 -32.500000
v -87.500000 4.996564 -32.500000
v -85.000000 5.008111 -32.500000
v -82.500000 4.823972 -32.500000
v -80.000000 4.226881 -32.500000
v -77.500000 3.567941 -32.500000
v -75.000000 3.011017 -32.500000
v -72.500000 2.297122 -32.500000
v -70.000000 1.462550 -32.500000
v -67.500000 0.871909 -32.500000
v -65.000000 0.521839 -32.500000
v -62.500000 0.217649 -32.500000
v -97.500000 4.719056 -35.000000
v -95.000000 5.261047 -35.000000
v -92.500000 5.198244 -35.000000
v -90.000000 4.997610 -35.000000
v -87.500000 5.001270 -35.000000
v -85.000000 5.005030 -35.000000
v -82.500000 4.945384 -35.000000
v -80.000000 4.520592 -35.000000
v -77.500000 4.205460 -35.000000
v -75.000000 3.491572 -35.000000
v -72.500000 2.677931 -35.000000
v -70.000000 1.560441 -35.000000
v -67.500000 1.264282 -35.000000
v -65.000000 1.053273 -35.000000
v -62.500000 0.541435 -35.000000
v -97.500000 4.739370 -37.500000
v -95.000000 5.088683 -37.500000
v -92.500000 5.280510 -37.500000
v -90.000000 4.866569 -37.500000
v -87.500000 5.040934 -37.500000
v -85.000000 5.001619 -37.500000
v -82.500000 4.915302 -37.500000
v -80.000000 4.679710 -37.500000
v -77.500000 4.091995 -37.500000
v -75.000000 3.347170 -37.500000
v -72.500000 2.737399 -37.500000
v -70.000000 2.298710 -37.500000
v -67.500000 1.894668 -37.500000
v -65.000000 1.561872 -37.500000
v -62.500000 1.725518 -37.500000
v -97.500000 4.818439 -40.000000
v -95.000000 5.108200 -40.000000
v -92.500000 5.098295 -40.000000
v -90.000000 4.774148 -40.000000
v -87.500000 5.066197 -40.000000
v -85.000000 5.009427 -40.000000
v -82.500000 4.881594 -40.000000
v -80.000000 4.796945 -40.000000
v -77.500000 4.355923 -40.000000
v -75.000000 3.572298 -40.000000
v -72.500000 3.409759 -40.000000
v -70.000000 3.072365 -40.000000
v -67.500000 2.722733 -40.000000
v -65.000000 2.461414 -40.000000
v -62.500000 2.340103 -40.000000
v -97.500000 4.945133 -42.500000
v -95.000000 4.844274 -42.500000
v -92.500000 4.971264 -42.500000
v -90.000000 5.037666 -42.500000
v -87.500000 4.986760 -42.500000
v -85.000000 5.002996 -42.500000
v -82.500000 4.934297 -42.500000
v -80.000000 4.589616 -42.500000
v -77.500000 4.761501 -42.500000
v -75.000000 4.418090 -42.500000
v -72.500000 4.144779 -42.500000
v -70.000000 3.752831 -42.500000
v -67.500000 3.406323 -42.500000
v -65.000000 3.163529 -42.500000
v -62.500000 3.037587 -42.500000
v -97.500000 5.129292 -45.000000
v -95.000000 4.840431 -45.000000
v -92.500000 4.927156 -45.000000
v -90.000000 5.042879 -45.000000
v -87.500000 4.899124 -45.000000
v -85.000000 4.946157 -45.000000
v -82.500000 4.741648 -45.000000
v -80.000000 5.181479 -45.000000
v -77.500000 5.273935 -45.000000
v -75.000000 4.985283 -45.000000
v -72.500000 4.793529 -45.000000
v -70.000000 4.417008 -45.000000
v -67.500000 4.128214 -45.000000
v -65.000000 3.891394 -45.000000
v -62.500000 3.715121 -45.000000
v -97.500000 4.988951 -47.500000
v -95.000000 4.975363 -47.500000
v -92.500000 5.243834 -47.500000
v -90.000000 4.980888 -47.500000
v -87.500000 4.665907 -47.500000
v -85.000000 4.595585 -47.500000
v -82.500000 4.739188 -47.500000
v -80.000000 5.025369 -47.500000
v -77.500000 5.251430 -47.500000
v -75.000000 5.108898 -47.500000
v -72.500000 4.953476 -47.500000
v -70.000000 4.979145 -47.500000
v -67.500000 4.806301 -47.500000
v -65.000000 4.458268 -47.500000
v -62.500000 4.411091 -47.500000
v -97.500000 4.932710 -50.000000
v -95.000000 4.845324 -50.000000
v -92.500000 5.300225 -50.000000
v -90.000000 5.034315 -50.000000
v -87.500000 4.727939 -50.000000
v -85.000000 4.807513 -50.000000
v -82.500000 4.981502 -50.000000
v -80.000000 5.008749 -50.000000
v -77.500000 4.975423 -50.000000
v -75.000000 4.960111 -50.000000
v -72.500000 4.996626 -50.000000
v -70.000000 4.595037 -50.000000
v -67.500000 4.436297 -50.000000
v -65.000000 4.903680 -50.000000
v -62.500000 4.767081 -50.000000
v -97.500000 4.857671 -52.500000
v -95.000000 4.756640 -52.500000
v -92.500000 4.868027 -52.500000
v -90.000000 5.086686 -52.500000
v -87.500000 4.943376 -52.500000
v -85.000000 4.993613 -52.500000
v -82.500000 5.061648 -52.500000
v -80.000000 5.063722 -52.500000
v -77.500000 5.048871 -52.500000
v -75.000000 5.214341 -52.500000
v -72.500000 5.122346 -52.500000
v -70.000000 4.899184 -52.500000
v -67.500000 4.279255 -52.500000
v -65.000000 4.887878 -52.500000
v -62.500000 4.773964 -52.500000
v -97.500000 4.958567 -55.000000
v -95.000000 4.944656 -55.000000
v -92.500000 4.826776 -55.000000
v -90.000000 4.969661 -55.000000
v -87.500000 5.005008 -55.000000
v -85.000000 4.996644 -55.000000
v -82.500000 4.996553 -55.000000
v -80.000000 5.009032 -55.000000
v -77.500000 4.998204 -55.000000
v -75.000000 5.095638 -55.000000
v -72.500000 5.225835 -55.000000
v -70.000000 4.690645 -55.000000
v -67.500000 4.424919 -55.000000
v -65.000000 3.974596 -55.000000
v -62.500000 4.629019 -55.000000
v -97.500000 4.971649 -57.500000
v -95.000000 5.007933 -57.500000
v -92.500000 4.996812 -57.500000
v -90.000000 5.106953 -57.500000
v -87.500000 5.051020 -57.500000
v -85.000000 4.999944 -57.500000
v -82.500000 5.014151 -57.500000
v -80.000000 5.122370 -57.500000
v -77.500000 4.999472 -57.500000
v -75.000000 5.035379 -57.500000
v -72.500000 4.995698 -57.500000
v -70.000000 4.388179 -57.500000
v -67.500000 4.119083 -57.500000
v -65.000000 3.989389 -57.500000
v -62.500000 3.836398 -57.500000
v -97.500000 4.990310 -62.500000
v -95.000000 5.105875 -62.500000
v -92.500000 4.749918 -62.500000
v -90.000000 4.959430 -62.500000
v -87.500000 4.935070 -62.500000
v -85.000000 4.935258 -62.500000
v -82.500000 5.003716 -62.500000
v -80.000000 4.995196 -62.500000
v -77.500000 5.228400 -62.500000
v -75.000000 5.017874 -62.500000
v -72.500000 4.331294 -62.500000
v -70.000000 3.801260 -62.500000
v -67.500000 3.243849 -62.500000
v -65.000000 3.579718 -62.500000
v -62.500000 3.440623 -62.500000
v -97.500000 4.916555 -65.000000
v -95.000000 4.789011 -65.000000
v -92.500000 4.370420 -65.000000
v -90.000000 4.536437 -65.000000
v -87.500000 4.310111 -65.000000
v -85.000000 4.186072 -65.000000
v -82.500000 4.283583 -65.000000
v -80.000000 4.586995 -65.000000
v -77.500000 5.068716 -65.000000
v -75.000000 5.068688 -65.000000
v -72.500000 4.687067 -65.000000
v -70.000000 4.024696 -65.000000
v -67.500000 3.699226 -65.000000
v -65.000000 3.555320 -65.000000
v -62.500000 3.524631 -65.000000
v -97.500000 4.305854 -67.500000
v -95.000000 4.233961 -67.500000
v -92.500000 4.032287 -67.500000
v -90.000000 3.908726 -67.500000
v -87.500000 3.627022 -67.500000
v -85.000000 3.433613 -67.500000
v -82.500000 3.558190 -67.500000
v -80.000000 3.629215 -67.500000
v -77.500000 4.033952 -67.500000
v -75.000000 4.694209 -67.500000
v -72.500000 4.779419 -67.500000
v -70.000000 4.083007 -67.500000
v -67.500000 3.801464 -67.500000
v -65.000000 3.624752 -67.500000
v -62.500000 3.533866 -67.500000
v -97.500000 3.688112 -70.000000
v -95.000000 3.519149 -70.000000
v -92.500000 2.978625 -70.000000
v -90.000000 2.757590 -70.000000
v -87.500000 2.657331 -70.000000
v -85.000000 2.700361 -70.000000
v -82.500000 2.753467 -70.000000
v -80.000000 2.854328 -70.000000
v -77.500000 3.418151 -70.000000
v -75.000000 4.162551 -70.000000
v -72.500000 4.623612 -70.000000
v -70.000000 4.207289 -70.000000
v -67.500000 3.965846 -70.000000
v -65.000000 3.773335 -70.000000
v -62.500000 3.750073 -70.000000
v -97.500000 3.011203 -72.500000
v -95.000000 2.626769 -72.500000
v -92.500000 2.281569 -72.500000
v -90.000000 2.133085 -72.500000
v -87.500000 1.990201 -72.500000
v -85.000000 2.035298 -72.500000
v -82.500000 2.124640 -72.500000
v -80.000000 2.466521 -72.500000
v -77.500000 3.397346 -72.500000
v -75.000000 3.327848 -72.500000
v -72.500000 3.751746 -72.500000
v -70.000000 4.039004 -72.500000
v -67.500000 3.929931 -72.500000
v -65.000000 3.935618 -72.500000
v -62.500000 3.846770 -72.500000
v -97.500000 2.515839 -75.000000
v -95.000000 2.025963 -75.000000
v -92.500000 1.577846 -75.000000
v -90.000000 1.303671 -75.000000
v -87.500000 1.059912 -75.000000
v -85.000000 1.176950 -75.000000
v -82.500000 1.208269 -75.000000
v -80.000000 2.128989 -75.000000
v -77.500000 2.188299 -75.000000
v -75.000000 2.699135 -75.000000
v -72.500000 3.275051 -75.000000
v -70.000000 3.751750 -75.000000
v -67.500000 4.517241 -75.000000
v -65.000000 4.381754 -75.000000
v -62.500000 4.123859 -75.000000
v -97.500000 2.059386 -77.500000
v -95.000000 1.393624 -77.500000
v -92.500000 1.059291 -77.500000
v -90.000000 0.700070 -77.500000
v -87.500000 0.416225 -77.500000
v -85.000000 0.556053 -77.500000
v -82.500000 0.888034 -77.500000
v -80.000000 1.191435 -77.500000
v -77.500000 1.664273 -77.500000
v -75.000000 2.029283 -77.500000
v -72.500000 2.872518 -77.500000
v -70.000000 3.534222 -77.500000
v -67.500000 4.229488 -77.500000
v -65.000000 4.767596 -77.500000
v -62.500000 4.677987 -77.500000
v -97.500000 1.662931 -80.000000
v -95.000000 1.387934 -80.000000
v -92.500000 0.531662 -80.000000
v -90.000000 0.054144 -80.000000
v -87.500000 -0.275400 -80.000000
v -85.000000 -0.021381 -80.000000
v -82.500000 0.445513 -80.000000
v -80.000000 0.878029 -80.000000
v -77.500000 1.344472 -80.000000
v -75.000000 1.862372 -80.000000
v -72.500000 2.478388 -80.000000
v -70.000000 3.253066 -80.000000
v -67.500000 3.968090 -80.000000
v -65.000000 4.853505 -80.000000
v -62.500000 5.007959 -80.000000
v -97.500000 1.387176 -82.500000
v -95.000000 0.666240 -82.500000
v -92.500000 -0.063853 -82.500000
v -90.000000 -0.290330 -82.500000
v -87.500000 -0.282870 -82.500000
v -85.000000 -0.129652 -82.500000
v -82.500000 0.002579 -82.500000
v -80.000000 0.350024 -82.500000
v -77.500000 0.992514 -82.500000
v -75.000000 1.631764 -82.500000
v -72.500000 2.326048 -82.500000
v -70.000000 3.044415 -82.500000
v -67.500000 3.823811 -82.500000
v -65.000000 4.585520 -82.500000
v -62.500000 4.965959 -82.500000
v -97.500000 1.262206 -85.000000
v -95.000000 0.582608 -85.000000
v -92.500000 -0.154992 -85.000000
v -90.000000 -0.296762 -85.000000
v -87.500000 0.014349 -85.000000
v -85.000000 0.010037 -85.000000
v -82.500000 -0.082505 -85.000000
v -80.000000 -0.024676 -85.000000
v -77.500000 0.529630 -85.000000
v -75.000000 1.232079 -85.000000
v -72.500000 2.259346 -85.000000
v -70.000000 3.210151 -85.000000
v -67.500000 4.048913 -85.000000
v -65.000000 4.598415 -85.000000
v -62.500000 5.339467 -85.000000
v -97.500000 1.299208 -87.500000
v -95.000000 0.627680 -87.500000
v -92.500000 0.008913 -87.500000
v -90.000000 -0.001210 -87.500000
v -87.500000 -0.009441 -87.500000
v -85.000000 -0.003710 -87.500000
v -82.500000 0.011213 -87.500000
v -80.000000 0.194334 -87.500000
v -77.500000 0.826809 -87.500000
v -75.000000 1.561266 -87.500000
v -72.500000 2.155010 -87.500000
v -70.000000 2.916161 -87.500000
v -67.500000 3.367579 -87.500000
v -65.000000 4.511498 -87.500000
v -62.500000 5.007103 -87.500000
v -97.500000 1.489495 -90.000000
v -95.000000 0.894925 -90.000000
v -92.500000 0.429507 -90.000000
v -90.000000 -0.045563 -90.000000
v -87.500000 -0.007509 -90.000000
v -85.000000 0.000527 -90.000000
v -82.500000 -0.000221 -90.000000
v -80.000000 0.493115 -90.000000
v -77.500000 1.072846 -90.000000
v -75.000000 1.686076 -90.000000
v -72.500000 2.237288 -90.000000
v -70.000000 2.727534 -90.000000
v -67.500000 3.214741 -90.000000
v -65.000000 4.325202 -90.000000
v -62.500000 5.185466 -90.000000
v -97.500000 1.822502 -92.500000
v -95.000000 1.257116 -92.500000
v -92.500000 0.768099 -92.500000
v -90.000000 0.384457 -92.500000
v -87.500000 0.213750 -92.500000
v -85.000000 0.235451 -92.500000
v -82.500000 0.504333 -92.500000
v -80.000000 0.906541 -92.500000
v -77.500000 1.443382 -92.500000
v -75.000000 2.068126 -92.500000
v -72.500000 2.676097 -92.500000
v -70.000000 3.186520 -92.500000
v -67.500000 3.728301 -92.500000
v -65.000000 4.566789 -92.500000
v -62.500000 5.090231 -92.500000
v -97.500000 2.481740 -95.000000
v -95.000000 1.727990 -95.000000
v -92.500000 1.301463 -95.000000
v -90.000000 0.989112 -95.000000
v -87.500000 0.834427 -95.000000
v -85.000000 0.791449 -95.000000
v -82.500000 0.987929 -95.000000
v -80.000000 1.416698 -95.000000
v -77.500000 1.936362 -95.000000
v -75.000000 2.472120 -95.000000
v -72.500000 3.057769 -95.000000
v -70.000000 3.803858 -95.000000
v -67.500000 4.913859 -95.000000
v -65.000000 5.046657 -95.000000
v -62.500000 4.978665 -95.000000
v -97.500000 2.913577 -97.500000
v -95.000000 2.384733 -97.500000
v -92.500000 2.263975 -97.500000
v -90.000000 1.687546 -97.500000
v -87.500000 1.527352 -97.500000
v -85.000000 1.431069 -97.500000
v -82.500000 1.660875 -97.500000
v -80.000000 2.103257 -97.500000
v -77.500000 2.459255 -97.500000
v -75.000000 2.956875 -97.500000
v -72.500000 3.382006 -97.500000
v -70.000000 4.017993 -97.500000
v -67.500000 5.161290 -97.500000
v -65.000000 5.089856 -97.500000
v -62.500000 5.094096 -97.500000
v -57.500000 4.986877 97.500000
v -55.000000 5.181407 97.500000
v -52.500000 4.873133 97.500000
v -50.000000 4.955367 97.500000
v -47.500000 5.211013 97.500000
v -45.000000 5.038549 97.500000
v -42.500000 5.009396 97.500000
v -40.000000 5.002076 97.500000
v -37.500000 5.236608 97.500000
v -35.000000 5.535492 97.500000
v -32.500000 5.234720 97.500000
v -30.000000 5.013550 97.500000
v -27.500000 5.237532 97.500000
v -25.000000 5.187134 97.500000
v -22.500000 4.998184 97.500000
v -57.500000 4.906826 95.000000
v -55.000000 5.081507 95.000000
v -52.500000 4.911886 95.000000
v -50.000000 4.956501 95.000000
v -47.500000 4.966083 95.000000
v -45.000000 4.980027 95.000000
v -42.500000 4.981927 95.000000
v -40.000000 5.001005 95.000000
v -37.500000 4.916581 95.000000
v -35.000000 5.110383 95.000000
v -32.500000 4.914574 95.000000
v -30.000000 5.013244 95.000000
v -27.500000 4.977157 95.000000
v -25.000000 5.437024 95.000000
v -22.500000 5.234061 95.000000
v -57.500000 5.233530 92.500000
v -55.000000 5.022239 92.500000
v -52.500000 4.898751 92.500000
v -50.000000 5.113646 92.500000
v -47.500000 5.032738 92.500000
v -45.000000 4.983801 92.500000
v -42.500000 4.996531 92.500000
v -40.000000 4.999885 92.500000
v -37.500000 4.963824 92.500000
v -35.000000 4.992508 92.500000
v -32.500000 5.009574 92.500000
v -30.000000 5.000514 92.500000
v -27.500000 4.814826 92.500000
v -25.000000 4.966177 92.500000
v -22.500000 5.007283 92.500000
v -57.500000 4.999528 90.000000
v -55.000000 4.999921 90.000000
v -52.500000 5.003714 90.000000
v -50.000000 5.065190 90.000000
v -47.500000 4.950555 90.000000
v -45.000000 4.972573 90.000000
v -42.500000 5.078968 90.000000
v -40.000000 4.817415 90.000000
v -37.500000 4.946712 90.000000
v -35.000000 4.952082 90.000000
v -32.500000 4.998585 90.000000
v -30.000000 4.983960 90.000000
v -27.500000 5.096086 90.000000
v -25.000000 4.942662 90.000000
v -22.500000 4.998110 90.000000
v -57.500000 5.012004 87.500000
v -55.000000 5.002896 87.500000
v -52.500000 4.961555 87.500000
v -50.000000 5.031159 87.500000
v -47.500000 4.896728 87.500000
v -45.000000 5.021828 87.500000
v -42.500000 5.048136 87.500000
v -40.000000 4.702382 87.500000
v -37.500000 4.557993 87.500000
v -35.000000 4.923823 87.500000
v -32.500000 5.085802 87.500000
v -30.000000 4.993196 87.500000
v -27.500000 5.079209 87.500000
v -25.000000 5.017675 87.500000
v -22.500000 5.012679 87.500000
v -57.500000 4.883584 85.000000
v -55.000000 4.995311 85.000000
v -52.500000 4.974833 85.000000
v -50.000000 4.848196 85.000000
v -47.500000 4.924088 85.000000
v -45.000000 5.007176 85.000000
v -42.500000 5.059679 85.000000
v -40.000000 5.097143 85.000000
v -37.500000 5.090514 85.000000
v -35.000000 5.030586 85.000000
v -32.500000 5.145815 85.000000
v -30.000000 5.053097 85.000000
v -27.500000 5.103197 85.000000
v -25.000000 4.995205 85.000000
v -22.500000 5.014935 85.000000
v -57.500000 4.659506 82.500000
v -55.000000 4.986635 82.500000
v -52.500000 5.004176 82.500000
v -50.000000 4.934350 82.500000
v -47.500000 5.003742 82.500000
v -45.000000 5.231940 82.500000
v -42.500000 5.051993 82.500000
v -40.000000 5.017783 82.500000
v -37.500000 4.937236 82.500000
v -35.000000 4.784186 82.500000
v -32.500000 5.137418 82.500000
v -30.000000 4.914748 82.500000
v -27.500000 4.908812 82.500000
v -25.000000 5.253105 82.500000
v -22.500000 5.184009 82.500000
v -57.500000 4.787378 80.000000
v -55.000000 5.058365 80.000000
v -52.500000 5.001144 80.000000
v -50.000000 4.999352 80.000000
v -47.500000 5.071030 80.000000
v -45.000000 5.693128 80.000000
v -42.500000 5.274022 80.000000
v -40.000000 5.153231 80.000000
v -37.500000 4.815430 80.000000
v -35.000000 4.749610 80.000000
v -32.500000 4.997351 80.000000
v -30.000000 4.981869 80.000000
v -27.500000 5.006630 80.000000
v -25.000000 5.011012 80.000000
v -22.500000 5.148479 80.000000
v -57.500000 4.798586 77.500000
v -55.000000 5.000878 77.500000
v -52.500000 5.001358 77.500000
v -50.000000 4.995055 77.500000
v -47.500000 4.999302 77.500000
v -45.000000 5.001509 77.500000
v -42.500000 5.139989 77.500000
v -40.000000 5.136095 77.500000
v -37.500000 4.984290 77.500000
v -35.000000 5.000212 77.500000
v -32.500000 4.998289 77.500000
v -30.000000 4.949990 77.500000
v -27.500000 4.923855 77.500000
v -25.000000 5.059665 77.500000
v -22.500000 5.089886 77.500000
v -57.500000 4.792242 75.000000
v -55.000000 5.089792 75.000000
v -52.500000 4.999882 75.000000
v -50.000000 5.000759 75.000000
v -47.500000 4.932184 75.000000
v -45.000000 4.848236 75.000000
v -42.500000 4.874486 75.000000
v -40.000000 4.741178 75.000000
v -37.500000 4.644578 75.000000
v -35.000000 4.930005 75.000000
v -32.500000 4.780019 75.000000
v -30.000000 4.611551 75.000000
v -27.500000 4.973271 75.000000
v -25.000000 4.735401 75.000000
v -22.500000 4.818986 75.000000
v -57.500000 5.074183 72.500000
v -55.000000 5.028718 72.500000
v -52.500000 5.012389 72.500000
v -50.000000 4.997197 72.500000
v -47.500000 4.814245 72.500000
v -45.000000 4.714839 72.500000
v -42.500000 4.970272 72.500000
v -40.000000 4.710677 72.500000
v -37.500000 4.850682 72.500000
v -35.000000 4.972419 72.500000
v -32.500000 4.958683 72.500000
v -30.000000 4.608481 72.500000
v -27.500000 4.696587 72.500000
v -25.000000 4.855030 72.500000
v -22.500000 4.691620 72.500000
v -57.500000 5.083997 70.000000
v -55.000000 4.961584 70.000000
v -52.500000 4.998913 70.000000
v -50.000000 5.094049 70.000000
v -47.500000 5.091287 70.000000
v -45.000000 4.934577 70.000000
v -42.500000 4.992169 70.000000
v -40.000000 4.952777 70.000000
v -37.500000 5.177257 70.000000
v -35.000000 5.179531 70.000000
v -32.500000 4.995552 70.000000
v -30.000000 4.911608 70.000000
v -27.500000 4.886575 70.000000
v -25.000000 5.008533 70.000000
v -22.500000 4.957864 70.000000
v -57.500000 5.088613 67.500000
v -55.000000 4.998127 67.500000
v -52.500000 4.998205 67.500000
v -50.000000 4.951409 67.500000
v -47.500000 4.919970 67.500000
v -45.000000 5.040812 67.500000
v -42.500000 4.951322 67.500000
v -40.000000 4.964290 67.500000
v -37.500000 4.959962 67.500000
v -35.000000 4.784581 67.500000
v -32.500000 4.998871 67.500000
v -30.000000 5.035395 67.500000
v -27.500000 5.003440 67.500000
v -25.000000 5.054661 67.500000
v -22.500000 5.004569 67.500000
v -57.500000 4.716576 65.000000
v -55.000000 5.173912 65.000000
v -52.500000 5.001376 65.000000
v -50.000000 4.982007 65.000000
v -47.500000 4.764139 65.000000
v -45.000000 4.666906 65.000000
v -42.500000 4.988426 65.000000
v -40.000000 4.990858 65.000000
v -37.500000 4.803345 65.000000
v -35.000000 4.969184 65.000000
v -32.500000 4.966435 65.000000
v -30.000000 4.996760 65.000000
v -27.500000 5.006233 65.000000
v -25.000000 5.013189 65.000000
v -22.500000 4.947059 65.000000
v -57.500000 4.750655 62.500000
v -55.000000 5.233288 62.500000
v -52.500000 5.110544 62.500000
v -50.000000 5.079756 62.500000
v -47.500000 4.887959 62.500000
v -45.000000 4.801612 62.500000
v -42.500000 5.002051 62.500000
v -40.000000 4.974112 62.500000
v -37.500000 4.747364 62.500000
v -35.000000 4.863463 62.500000
v -32.500000 4.934174 62.500000
v -30.000000 4.975203 62.500000
v -27.500000 5.011861 62.500000
v -25.000000 4.996985 62.500000
v -22.500000 4.988945 62.500000
v -57.500000 5.057414 57.500000
v -55.000000 4.595634 57.500000
v -52.500000 4.951703 57.500000
v -50.000000 5.101516 57.500000
v -47.500000 5.106779 57.500000
v -45.000000 5.004208 57.500000
v -42.500000 4.909816 57.500000
v -40.000000 5.044636 57.500000
v -37.500000 5.008812 57.500000
v -35.000000 5.059034 57.500000
v -32.500000 4.963854 57.500000
v -30.000000 4.984484 57.500000
v -27.500000 5.004570 57.500000
v -25.000000 5.300567 57.500000
v -22.500000 5.529383 57.500000
v -57.500000 5.198253 55.000000
v -55.000000 4.994475 55.000000
v -52.500000 4.989608 55.000000
v -50.000000 5.001077 55.000000
v -47.500000 4.999462 55.000000
v -45.000000 5.013766 55.000000
v -42.500000 4.779706 55.000000
v -40.000000 4.832433 55.000000
v -37.500000 4.709747 55.000000
v -35.000000 4.792746 55.000000
v -32.500000 4.626545 55.000000
v -30.000000 4.996153 55.000000
v -27.500000 4.997579 55.000000
v -25.000000 4.930531 55.000000
v -22.500000 5.222776 55.000000
v -57.500000 4.975436 52.500000
v -55.000000 5.011878 52.500000
v -52.500000 4.993901 52.500000
v -50.000000 5.008253 52.500000
v -47.500000 5.002896 52.500000
v -45.000000 5.001904 52.500000
v -42.500000 4.926535 52.500000
v -40.000000 4.859469 52.500000
v -37.500000 5.101711 52.500000
v -35.000000 4.922772 52.500000
v -32.500000 4.703797 52.500000
v -30.000000 4.998492 52.500000
v -27.500000 4.998681 52.500000
v -25.000000 4.971786 52.500000
v -22.500000 5.016247 52.500000
v -57.500000 5.153645 50.000000
v -55.000000 5.047492 50.000000
v -52.500000 4.999005 50.000000
v -50.000000 5.000199 50.000000
v -47.500000 4.989946 50.000000
v -45.000000 5.024002 50.000000
v -42.500000 5.002360 50.000000
v -40.000000 5.067578 50.000000
v -37.500000 5.052769 50.000000
v -35.000000 4.974924 50.000000
v -32.500000 5.011407 50.000000
v -30.000000 4.915381 50.000000
v -27.500000 5.173020 50.000000
v -25.000000 5.166415 50.000000
v -22.500000 4.836770 50.000000
v -57.500000 5.352947 47.500000
v -55.000000 4.904050 47.500000
v -52.500000 5.028451 47.500000
v -50.000000 5.026126 47.500000
v -47.500000 4.997278 47.500000
v -45.000000 5.009062 47.500000
v -42.500000 4.991220 47.500000
v -40.000000 4.995452 47.500000
v -37.500000 4.995014 47.500000
v -35.000000 4.978256 47.500000
v -32.500000 5.003860 47.500000
v -30.000000 5.097208 47.500000
v -27.500000 5.161293 47.500000
v -25.000000 5.072100 47.500000
v -22.500000 4.847538 47.500000
v -57.500000 5.312631 45.000000
v -55.000000 5.143266 45.000000
v -52.500000 5.186364 45.000000
v -50.000000 5.138751 45.000000
v -47.500000 5.004419 45.000000
v -45.000000 4.997056 45.000000
v -42.500000 5.004446 45.000000
v -40.000000 4.999364 45.000000
v -37.500000 4.904452 45.000000
v -35.000000 4.989645 45.000000
v -32.500000 5.028695 45.000000
v -30.000000 5.145392 45.000000
v -27.500000 5.065827 45.000000
v -25.000000 4.976891 45.000000
v -22.500000 4.674250 45.000000
v -57.500000 4.737254 42.500000
v -55.000000 4.837444 42.500000
v -52.500000 5.005026 42.500000
v -50.000000 4.995380 42.500000
v -47.500000 4.994592 42.500000
v -45.000000 5.010878 42.500000
v -42.500000 4.764809 42.500000
v -40.000000 5.041423 42.500000
v -37.500000 4.958425 42.500000
v -35.000000 5.083885 42.500000
v -32.500000 5.358785 42.500000
v -30.000000 5.290866 42.500000
v -27.500000 4.954217 42.500000
v -25.000000 4.737579 42.500000
v -22.500000 4.718175 42.500000
v -57.500000 4.636750 40.000000
v -55.000000 5.013907 40.000000
v -52.500000 5.000856 40.000000
v -50.000000 5.001293 40.000000
v -47.500000 4.888312 40.000000
v -45.000000 5.012637 40.000000
v -42.500000 5.022749 40.000000
v -40.000000 5.183351 40.000000
v -37.500000 5.228209 40.000000
v -35.000000 5.027789 40.000000
v -32.500000 5.244110 40.000000
v -30.000000 5.057770 40.000000
v -27.500000 5.006884 40.000000
v -25.000000 4.973443 40.000000
v -22.500000 4.927163 40.000000
v -57.500000 4.813777 37.500000
v -55.000000 4.979391 37.500000
v -52.500000 4.997802 37.500000
v -50.000000 4.970508 37.500000
v -47.500000 4.885291 37.500000
v -45.000000 4.996933 37.500000
v -42.500000 5.035226 37.500000
v -40.000000 5.113723 37.500000
v -37.500000 4.991072 37.500000
v -35.000000 5.006124 37.500000
v -32.500000 4.947004 37.500000
v -30.000000 5.099378 37.500000
v -27.500000 4.987796 37.500000
v -25.000000 4.982822 37.500000
v -22.500000 4.987672 37.500000
v -57.500000 4.991458 35.000000
v -55.000000 5.011514 35.000000
v -52.500000 4.986979 35.000000
v -50.000000 4.898216 35.000000
v -47.500000 4.535780 35.000000
v -45.000000 4.727647 35.000000
v -42.500000 5.033134 35.000000
v -40.000000 5.071522 35.000000
v -37.500000 5.128334 35.000000
v -35.000000 4.893167 35.000000
v -32.500000 5.002552 35.000000
v -30.000000 5.005638 35.000000
v -27.500000 4.996147 35.000000
v -25.000000 4.955112 35.000000
v -22.500000 5.005818 35.000000
v -57.500000 4.926500 32.500000
v -55.000000 5.002244 32.500000
v -52.500000 5.059527 32.500000
v -50.000000 5.011404 32.500000
v -47.500000 4.939762 32.500000
v -45.000000 5.085039 32.500000
v -42.500000 5.281414 32.500000
v -40.000000 5.720427 32.500000
v -37.500000 5.257903 32.500000
v -35.000000 5.076168 32.500000
v -32.500000 4.998851 32.500000
v -30.000000 5.033580 32.500000
v -27.500000 4.891063 32.500000
v -25.000000 4.794385 32.500000
v -22.500000 4.586864 32.500000
v -57.500000 5.278572 30.000000
v -55.000000 5.375707 30.000000
v -52.500000 5.114737 30.000000
v -50.000000 5.407548 30.000000
v -47.500000 5.467141 30.000000
v -45.000000 5.755793 30.000000
v -42.500000 5.658672 30.000000
v -40.000000 5.349674 30.000000
v -37.500000 5.490311 30.000000
v -35.000000 4.768789 30.000000
v -32.500000 4.909201 30.000000
v -30.000000 4.936444 30.000000
v -27.500000 4.649267 30.000000
v -25.000000 4.981321 30.000000
v -22.500000 4.555508 30.000000
v -57.500000 5.429001 27.500000
v -55.000000 5.717413 27.500000
v -52.500000 5.532277 27.500000
v -50.000000 5.454062 27.500000
v -47.500000 5.316570 27.500000
v -45.000000 5.684032 27.500000
v -42.500000 5.272166 27.500000
v -40.000000 4.921016 27.500000
v -37.500000 4.661160 27.500000
v -35.000000 4.214957 27.500000
v -32.500000 4.148696 27.500000
v -30.000000 4.104757 27.500000
v -27.500000 4.067706 27.500000
v -25.000000 4.213153 27.500000
v -22.500000 4.464064 27.500000
v -57.500000 5.345942 25.000000
v -55.000000 5.398277 25.000000
v -52.500000 5.432710 25.000000
v -50.000000 5.040131 25.000000
v -47.500000 5.045478 25.000000
v -45.000000 4.938830 25.000000
v -42.500000 4.366035 25.000000
v -40.000000 3.973660 25.000000
v -37.500000 3.786859 25.000000
v -35.000000 3.606731 25.000000
v -32.500000 3.232932 25.000000
v -30.000000 3.254057 25.000000
v -27.500000 3.305970 25.000000
v -25.000000 3.771642 25.000000
v -22.500000 3.839404 25.000000
v -57.500000 5.445082 22.500000
v -55.000000 5.044749 22.500000
v -52.500000 5.053331 22.500000
v -50.000000 5.030960 22.500000
v -47.500000 4.641029 22.500000
v -45.000000 4.517622 22.500000
v -42.500000 3.274085 22.500000
v -40.000000 3.544110 22.500000
v -37.500000 3.125088 22.500000
v -35.000000 2.820934 22.500000
v -32.500000 2.653966 22.500000
v -30.000000 2.658077 22.500000
v -27.500000 2.623126 22.500000
v -25.000000 3.026406 22.500000
v -22.500000 3.148936 22.500000
v -57.500000 4.659786 17.500000
v -55.000000 4.817539 17.500000
v -52.500000 4.965505 17.500000
v -50.000000 4.445112 17.500000
v -47.500000 3.563582 17.500000
v -45.000000 3.272655 17.500000
v -42.500000 2.973109 17.500000
v -40.000000 2.420107 17.500000
v -37.500000 1.920363 17.500000
v -35.000000 1.592927 17.500000
v -32.500000 1.259407 17.500000
v -30.000000 0.993069 17.500000
v -27.500000 1.285091 17.500000
v -25.000000 1.454063 17.500000
v -22.500000 1.725865 17.500000
v -57.500000 4.972981 15.000000
v -55.000000 4.992033 15.000000
v -52.500000 4.990473 15.000000
v -50.000000 4.534718 15.000000
v -47.500000 3.348102 15.000000
v -45.000000 2.732640 15.000000
v -42.500000 2.543365 15.000000
v -40.000000 1.939496 15.000000
v -37.500000 1.420420 15.000000
v -35.000000 1.314115 15.000000
v -32.500000 0.897810 15.000000
v -30.000000 0.662696 15.000000
v -27.500000 0.663207 15.000000
v -25.000000 0.914119 15.000000
v -22.500000 1.340963 15.000000
v -57.500000 4.937073 12.500000
v -55.000000 5.192310 12.500000
v -52.500000 4.999387 12.500000
v -50.000000 4.314384 12.500000
v -47.500000 3.579820 12.500000
v -45.000000 2.894289 12.500000
v -42.500000 2.077991 12.500000
v -40.000000 1.553018 12.500000
v -37.500000 0.931294 12.500000
v -35.000000 0.612335 12.500000
v -32.500000 -0.081724 12.500000
v -30.000000 -0.064947 12.500000
v -27.500000 0.080248 12.500000
v -25.000000 0.405165 12.500000
v -22.500000 1.132857 12.500000
v -57.500000 5.077901 10.000000
v -55.000000 5.395077 10.000000
v -52.500000 4.966489 10.000000
v -50.000000 4.238570 10.000000
v -47.500000 3.422951 10.000000
v -45.000000 2.675054 10.000000
v -42.500000 1.817036 10.000000
v -40.000000 1.109994 10.000000
v -37.500000 0.571553 10.000000
v -35.000000 0.020493 10.000000
v -32.500000 -0.102083 10.000000
v -30.000000 -0.172693 10.000000
v -27.500000 -0.018471 10.000000
v -25.000000 0.013142 10.000000
v -22.500000 0.563165 10.000000
v -57.500000 5.003678 7.500000
v -55.000000 4.970992 7.500000
v -52.500000 4.789950 7.500000
v -50.000000 4.293012 7.500000
v -47.500000 3.472591 7.500000
v -45.000000 3.074213 7.500000
v -42.500000 2.248062 7.500000
v -40.000000 1.240837 7.500000
v -37.500000 0.530088 7.500000
v -35.000000 0.000506 7.500000
v -32.500000 -0.152449 7.500000
v -30.000000 -0.020210 7.500000
v -27.500000 -0.004378 7.500000
v -25.000000 0.054203 7.500000
v -22.500000 0.585268 7.500000
v -57.500000 4.999705 5.000000
v -55.000000 5.004432 5.000000
v -52.500000 4.880453 5.000000
v -50.000000 3.904605 5.000000
v -47.500000 3.358122 5.000000
v -45.000000 2.415016 5.000000
v -42.500000 1.979760 5.000000
v -40.000000 1.168379 5.000000
v -37.500000 0.599362 5.000000
v -35.000000 0.054903 5.000000
v -32.500000 -0.083717 5.000000
v -30.000000 -0.299000 5.000000
v -27.500000 0.002955 5.000000
v -25.000000 0.078401 5.000000
v -22.500000 0.446891 5.000000
v -57.500000 4.992344 2.500000
v -55.000000 4.993146 2.500000
v -52.500000 4.894655 2.500000
v -50.000000 4.183176 2.500000
v -47.500000 3.689391 2.500000
v -45.000000 2.799940 2.500000
v -42.500000 1.996285 2.500000
v -40.000000 1.101348 2.500000
v -37.500000 0.593941 2.500000
v -35.000000 0.087414 2.500000
v -32.500000 -0.025417 2.500000
v -30.000000 0.003402 2.500000
v -27.500000 -0.003845 2.500000
v -25.000000 0.596441 2.500000
v -22.500000 0.839685 2.500000
v -57.500000 4.775803 0.000000
v -55.000000 4.841547 0.000000
v -52.500000 4.959615 0.000000
v -50.000000 4.539693 0.000000
v -47.500000 3.862421 0.000000
v -45.000000 3.012518 0.000000
v -42.500000 2.407672 0.000000
v -40.000000 1.975340 0.000000
v -37.500000 1.254741 0.000000
v -35.000000 0.617085 0.000000
v -32.500000 0.340194 0.000000
v -30.000000 0.340877 0.000000
v -27.500000 0.570344 0.000000
v -25.000000 1.233225 0.000000
v -22.500000 1.081010 0.000000
v -57.500000 5.112225 -2.500000
v -55.000000 5.152722 -2.500000
v -52.500000 5.158659 -2.500000
v -50.000000 4.651334 -2.500000
v -47.500000 4.023088 -2.500000
v -45.000000 3.399458 -2.500000
v -42.500000 3.040828 -2.500000
v -40.000000 2.180898 -2.500000
v -37.500000 1.778878 -2.500000
v -35.000000 1.327267 -2.500000
v -32.500000 1.116558 -2.500000
v -30.000000 1.128292 -2.500000
v -27.500000 1.370582 -2.500000
v -25.000000 1.397800 -2.500000
v -22.500000 1.491964 -2.500000
v -57.500000 4.524970 -5.000000
v -55.000000 4.614690 -5.000000
v -52.500000 4.479488 -5.000000
v -50.000000 4.607609 -5.000000
v -47.500000 4.153412 -5.000000
v -45.000000 3.817355 -5.000000
v -42.500000 3.481647 -5.000000
v -40.000000 3.103474 -5.000000
v -37.500000 2.430088 -5.000000
v -35.000000 1.789154 -5.000000
v -32.500000 1.872273 -5.000000
v -30.000000 1.896012 -5.000000
v -27.500000 2.046622 -5.000000
v -25.000000 2.092995 -5.000000
v -22.500000 2.183694 -5.000000
v -57.500000 3.805027 -7.500000
v -55.000000 3.669277 -7.500000
v -52.500000 3.900258 -7.500000
v -50.000000 4.203715 -7.500000
v -47.500000 4.619502 -7.500000
v -45.000000 4.637147 -7.500000
v -42.500000 4.150587 -7.500000
v -40.000000 3.354414 -7.500000
v -37.500000 2.969436 -7.500000
v -35.000000 2.660393 -7.500000
v -32.500000 2.450617 -7.500000
v -30.000000 2.505921 -7.500000
v -27.500000 2.489237 -7.500000
v -25.000000 2.379054 -7.500000
v -22.500000 2.878738 -7.500000
v -57.500000 2.710910 -10.000000
v -55.000000 2.898535 -10.000000
v -52.500000 3.189532 -10.000000
v -50.000000 3.565227 -10.000000
v -47.500000 4.154244 -10.000000
v -45.000000 4.992504 -10.000000
v -42.500000 4.756432 -10.000000
v -40.000000 4.047716 -10.000000
v -37.500000 3.616468 -10.000000
v -35.000000 3.357091 -10.000000
v -32.500000 3.184741 -10.000000
v -30.000000 3.138012 -10.000000
v -27.500000 3.224760 -10.000000
v -25.000000 3.461647 -10.000000
v -22.500000 3.563592 -10.000000
v -57.500000 2.011468 -12.500000
v -55.000000 2.044261 -12.500000
v -52.500000 2.508253 -12.500000
v -50.000000 2.969271 -12.500000
v -47.500000 3.776398 -12.500000
v -45.000000 4.401728 -12.500000
v -42.500000 4.640683 -12.500000
v -40.000000 4.504221 -12.500000
v -37.500000 4.113368 -12.500000
v -35.000000 3.942132 -12.500000
v -32.500000 3.907039 -12.500000
v -30.000000 3.841341 -12.500000
v -27.500000 4.181076 -12.500000
v -25.000000 4.117403 -12.500000
v -22.500000 4.355426 -12.500000
v -57.500000 1.201296 -15.000000
v -55.000000 1.152680 -15.000000
v -52.500000 1.683437 -15.000000
v -50.000000 2.521466 -15.000000
v -47.500000 3.093986 -15.000000
v -45.000000 3.971189 -15.000000
v -42.500000 3.904872 -15.000000
v -40.000000 4.572538 -15.000000
v -37.500000 4.831965 -15.000000
v -35.000000 4.638194 -15.000000
v -32.500000 4.580387 -15.000000
v -30.000000 4.614884 -15.000000
v -27.500000 4.656648 -15.000000
v -25.000000 4.856352 -15.000000
v -22.500000 5.035680 -15.000000
v -57.500000 0.978016 -17.500000
v -55.000000 1.037389 -17.500000
v -52.500000 1.036995 -17.500000
v -50.000000 1.930072 -17.500000
v -47.500000 2.527949 -17.500000
v -45.000000 3.206641 -17.500000
v -42.500000 3.691621 -17.500000
v -40.000000 4.666533 -17.500000
v -37.500000 5.258722 -17.500000
v -35.000000 5.006654 -17.500000
v -32.500000 4.961884 -17.500000
v -30.000000 5.011983 -17.500000
v -27.500000 5.146184 -17.500000
v -25.000000 5.449863 -17.500000
v -22.500000 5.324777 -17.500000
v -57.500000 -0.035484 -22.500000
v -55.000000 -0.078448 -22.500000
v -52.500000 0.493848 -22.500000
v -50.000000 1.375592 -22.500000
v -47.500000 2.344868 -22.500000
v -45.000000 3.072519 -22.500000
v -42.500000 3.777884 -22.500000
v -40.000000 4.384222 -22.500000
v -37.500000 4.917403 -22.500000
v -35.000000 4.764318 -22.500000
v -32.500000 4.706051 -22.500000
v -30.000000 5.025595 -22.500000
v -27.500000 5.002626 -22.500000
v -25.000000 5.065289 -22.500000
v -22.500000 4.895293 -22.500000
v -57.500000 -0.039355 -25.000000
v -55.000000 -0.158713 -25.000000
v -52.500000 0.434356 -25.000000
v -50.000000 1.209830 -25.000000
v -47.500000 2.272820 -25.000000
v -45.000000 2.938066 -25.000000
v -42.500000 3.463228 -25.000000
v -40.000000 4.366026 -25.000000
v -37.500000 5.019673 -25.000000
v -35.000000 4.863045 -25.000000
v -32.500000 4.847960 -25.000000
v -30.000000 5.092879 -25.000000
v -27.500000 5.006861 -25.000000
v -25.000000 4.999617 -25.000000
v -22.500000 4.994634 -25.000000
v -57.500000 -0.205100 -27.500000
v -55.000000 -0.066832 -27.500000
v -52.500000 0.509447 -27.500000
v -50.000000 1.197723 -27.500000
v -47.500000 2.097791 -27.500000
v -45.000000 2.813397 -27.500000
v -42.500000 3.361298 -27.500000
v -40.000000 3.986203 -27.500000
v -37.500000 4.884703 -27.500000
v -35.000000 4.732892 -27.500000
v -32.500000 4.643096 -27.500000
v -30.000000 5.006272 -27.500000
v -27.500000 4.996997 -27.500000
v -25.000000 4.998470 -27.500000
v -22.500000 4.999021 -27.500000
v -57.500000 -0.006158 -30.000000
v -55.000000 0.173759 -30.000000
v -52.500000 0.733607 -30.000000
v -50.000000 1.200842 -30.000000
v -47.500000 1.959588 -30.000000
v -45.000000 2.673908 -30.000000
v -42.500000 3.409904 -30.000000
v -40.000000 3.994009 -30.000000
v -37.500000 4.872787 -30.000000
v -35.000000 4.865809 -30.000000
v -32.500000 4.959518 -30.000000
v -30.000000 5.003753 -30.000000
v -27.500000 4.982288 -30.000000
v -25.000000 5.000555 -30.000000
v -22.500000 4.986934 -30.000000
v -57.500000 0.202033 -32.500000
v -55.000000 0.663348 -32.500000
v -52.500000 1.144326 -32.500000
v -50.000000 1.668334 -32.500000
v -47.500000 2.345331 -32.500000
v -45.000000 2.775874 -32.500000
v -42.500000 3.259566 -32.500000
v -40.000000 4.183240 -32.500000
v -37.500000 4.942311 -32.500000
v -35.000000 4.959698 -32.500000
v -32.500000 5.190207 -32.500000
v -30.000000 5.009351 -32.500000
v -27.500000 4.995114 -32.500000
v -25.000000 4.858428 -32.500000
v -22.500000 4.961159 -32.500000
v -57.500000 1.149804 -35.000000
v -55.000000 1.354260 -35.000000
v -52.500000 1.644529 -35.000000
v -50.000000 2.133821 -35.000000
v -47.500000 2.749470 -35.000000
v -45.000000 3.223027 -35.000000
v -42.500000 3.656406 -35.000000
v -40.000000 4.666147 -35.000000
v -37.500000 5.144572 -35.000000
v -35.000000 5.388354 -35.000000
v -32.500000 5.329005 -35.000000
v -30.000000 5.009467 -35.000000
v -27.500000 4.994774 -35.000000
v -25.000000 4.768065 -35.000000
v -22.500000 4.828695 -35.000000
v -57.500000 1.719064 -37.500000
v -55.000000 1.821130 -37.500000
v -52.500000 2.450159 -37.500000
v -50.000000 2.771693 -37.500000
v -47.500000 3.234652 -37.500000
v -45.000000 3.801733 -37.500000
v -42.500000 4.163324 -37.500000
v -40.000000 4.933063 -37.500000
v -37.500000 4.887841 -37.500000
v -35.000000 5.049402 -37.500000
v -32.500000 5.018258 -37.500000
v -30.000000 4.919518 -37.500000
v -27.500000 4.905785 -37.500000
v -25.000000 4.757571 -37.500000
v -22.500000 5.060785 -37.500000
v -57.500000 2.305224 -40.000000
v -55.000000 2.590555 -40.000000
v -52.500000 3.277891 -40.000000
v -50.000000 3.544449 -40.000000
v -47.500000 3.836867 -40.000000
v -45.000000 4.747157 -40.000000
v -42.500000 4.811237 -40.000000
v -40.000000 4.885289 -40.000000
v -37.500000 4.998356 -40.000000
v -35.000000 5.128284 -40.000000
v -32.500000 4.952909 -40.000000
v -30.000000 4.999837 -40.000000
v -27.500000 5.119126 -40.000000
v -25.000000 5.212735 -40.000000
v -22.500000 5.031456 -40.000000
v -57.500000 3.074673 -42.500000
v -55.000000 3.214715 -42.500000
v -52.500000 3.737242 -42.500000
v -50.000000 4.072586 -42.500000
v -47.500000 4.170897 -42.500000
v -45.000000 4.676113 -42.500000
v -42.500000 5.001551 -42.500000
v -40.000000 5.004634 -42.500000
v -37.500000 4.997014 -42.500000
v -35.000000 5.295752 -42.500000
v -32.500000 4.990914 -42.500000
v -30.000000 4.994317 -42.500000
v -27.500000 4.990613 -42.500000
v -25.000000 5.094255 -42.500000
v -22.500000 5.000827 -42.500000
v -57.500000 3.817751 -45.000000
v -55.000000 3.990546 -45.000000
v -52.500000 4.224117 -45.000000
v -50.000000 4.521426 -45.000000
v -47.500000 4.668418 -45.000000
v -45.000000 4.836744 -45.000000
v -42.500000 4.999656 -45.000000
v -40.000000 4.978719 -45.000000
v -37.500000 4.983936 -45.000000
v -35.000000 5.110782 -45.000000
v -32.500000 5.127940 -45.000000
v -30.000000 4.720041 -45.000000
v -27.500000 4.776561 -45.000000
v -25.000000 4.720187 -45.000000
v -22.500000 4.908503 -45.000000
v -57.500000 4.564869 -47.500000
v -55.000000 4.731382 -47.500000
v -52.500000 4.917601 -47.500000
v -50.000000 4.989005 -47.500000
v -47.500000 4.995912 -47.500000
v -45.000000 4.952284 -47.500000
v -42.500000 5.009838 -47.500000
v -40.000000 4.925020 -47.500000
v -37.500000 4.964859 -47.500000
v -35.000000 5.097773 -47.500000
v -32.500000 5.041789 -47.500000
v -30.000000 4.933522 -47.500000
v -27.500000 5.009913 -47.500000
v -25.000000 4.731115 -47.500000
v -22.500000 4.781601 -47.500000
v -57.500000 5.013647 -50.000000
v -55.000000 4.983070 -50.000000
v -52.500000 4.996920 -50.000000
v -50.000000 4.947687 -50.000000
v -47.500000 5.276003 -50.000000
v -45.000000 5.510674 -50.000000
v -42.500000 5.199637 -50.000000
v -40.000000 4.675101 -50.000000
v -37.500000 4.631226 -50.000000
v -35.000000 5.000437 -50.000000
v -32.500000 4.939005 -50.000000
v -30.000000 5.004105 -50.000000
v -27.500000 5.009655 -50.000000
v -25.000000 5.007441 -50.000000
v -22.500000 5.057592 -50.000000
v -57.500000 4.524277 -52.500000
v -55.000000 4.808744 -52.500000
v -52.500000 5.018981 -52.500000
v -50.000000 5.075572 -52.500000
v -47.500000 5.324604 -52.500000
v -45.000000 5.635299 -52.500000
v -42.500000 5.280418 -52.500000
v -40.000000 4.610264 -52.500000
v -37.500000 4.807335 -52.500000
v -35.000000 4.999766 -52.500000
v -32.500000 5.012669 -52.500000
v -30.000000 4.998713 -52.500000
v -27.500000 5.021306 -52.500000
v -25.000000 5.142088 -52.500000
v -22.500000 4.955584 -52.500000
v -57.500000 4.357376 -55.000000
v -55.000000 4.306612 -55.000000
v -52.500000 4.732098 -55.000000
v -50.000000 5.137419 -55.000000
v -47.500000 5.119772 -55.000000
v -45.000000 5.536882 -55.000000
v -42.500000 5.122221 -55.000000
v -40.000000 5.007470 -55.000000
v -37.500000 5.005044 -55.000000
v -35.000000 5.017533 -55.000000
v -32.500000 5.017523 -55.000000
v -30.000000 4.981070 -55.000000
v -27.500000 5.302464 -55.000000
v -25.000000 5.302537 -55.000000
v -22.500000 5.197293 -55.000000
v -57.500000 3.981147 -57.500000
v -55.000000 4.138451 -57.500000
v -52.500000 4.443629 -57.500000
v -50.000000 4.783825 -57.500000
v -47.500000 5.018303 -57.500000
v -45.000000 5.438656 -57.500000
v -42.500000 5.079860 -57.500000
v -40.000000 5.081153 -57.500000
v -37.500000 4.998839 -57.500000
v -35.000000 4.991158 -57.500000
v -32.500000 4.983973 -57.500000
v -30.000000 4.959591 -57.500000
v -27.500000 5.008368 -57.500000
v -25.000000 4.981894 -57.500000
v -22.500000 5.195500 -57.500000
v -57.500000 3.566062 -62.500000
v -55.000000 3.803411 -62.500000
v -52.500000 3.620676 -62.500000
v -50.000000 4.412750 -62.500000
v -47.500000 4.967296 -62.500000
v -45.000000 4.998330 -62.500000
v -42.500000 5.001229 -62.500000
v -40.000000 5.056417 -62.500000
v -37.500000 4.829869 -62.500000
v -35.000000 4.930482 -62.500000
v -32.500000 4.993630 -62.500000
v -30.000000 5.183208 -62.500000
v -27.500000 5.004117 -62.500000
v -25.000000 4.949160 -62.500000
v -22.500000 4.933954 -62.500000
v -57.500000 3.623859 -65.000000
v -55.000000 3.691976 -65.000000
v -52.500000 3.689304 -65.000000
v -50.000000 4.422609 -65.000000
v -47.500000 4.799349 -65.000000
v -45.000000 4.993265 -65.000000
v -42.500000 5.008790 -65.000000
v -40.000000 4.939834 -65.000000
v -37.500000 4.990015 -65.000000
v -35.000000 4.818676 -65.000000
v -32.500000 5.008197 -65.000000
v -30.000000 5.365477 -65.000000
v -27.500000 4.819077 -65.000000
v -25.000000 4.605384 -65.000000
v -22.500000 5.027078 -65.000000
v -57.500000 3.883655 -67.500000
v -55.000000 3.415297 -67.500000
v -52.500000 3.560496 -67.500000
v -50.000000 4.438788 -67.500000
v -47.500000 4.871376 -67.500000
v -45.000000 5.003161 -67.500000
v -42.500000 4.995927 -67.500000
v -40.000000 5.018000 -67.500000
v -37.500000 5.006243 -67.500000
v -35.000000 4.953608 -67.500000
v -32.500000 4.806834 -67.500000
v -30.000000 4.985758 -67.500000
v -27.500000 4.909730 -67.500000
v -25.000000 4.794084 -67.500000
v -22.500000 4.995314 -67.500000
v -57.500000 4.040162 -70.000000
v -55.000000 3.553590 -70.000000
v -52.500000 3.780228 -70.000000
v -50.000000 4.634478 -70.000000
v -47.500000 4.996000 -70.000000
v -45.000000 5.003487 -70.000000
v -42.500000 4.987620 -70.000000
v -40.000000 4.806048 -70.000000
v -37.500000 4.976176 -70.000000
v -35.000000 5.010815 -70.000000
v -32.500000 5.069106 -70.000000
v -30.000000 4.868410 -70.000000
v -27.500000 4.889178 -70.000000
v -25.000000 5.004615 -70.000000
v -22.500000 5.010749 -70.000000
v -57.500000 4.007268 -72.500000
v -55.000000 4.161450 -72.500000
v -52.500000 4.491243 -72.500000
v -50.000000 4.852437 -72.500000
v -47.500000 4.935451 -72.500000
v -45.000000 5.227024 -72.500000
v -42.500000 5.238499 -72.500000
v -40.000000 4.857065 -72.500000
v -37.500000 5.140458 -72.500000
v -35.000000 5.003907 -72.500000
v -32.500000 5.010683 -72.500000
v -30.000000 5.038499 -72.500000
v -27.500000 4.943191 -72.500000
v -25.000000 4.936317 -72.500000
v -22.500000 5.063949 -72.500000
v -57.500000 4.371073 -75.000000
v -55.000000 4.545707 -75.000000
v -52.500000 4.812944 -75.000000
v -50.000000 4.998988 -75.000000
v -47.500000 4.892882 -75.000000
v -45.000000 5.027198 -75.000000
v -42.500000 5.092665 -75.000000
v -40.000000 5.062052 -75.000000
v -37.500000 5.313076 -75.000000
v -35.000000 5.195428 -75.000000
v -32.500000 4.990260 -75.000000
v -30.000000 4.998300 -75.000000
v -27.500000 5.077014 -75.000000
v -25.000000 5.035118 -75.000000
v -22.500000 4.962763 -75.000000
v -57.500000 4.769709 -77.500000
v -55.000000 4.939758 -77.500000
v -52.500000 4.984342 -77.500000
v -50.000000 5.054675 -77.500000
v -47.500000 5.130905 -77.500000
v -45.000000 4.935532 -77.500000
v -42.500000 4.821400 -77.500000
v -40.000000 4.899175 -77.500000
v -37.500000 5.150842 -77.500000
v -35.000000 5.046380 -77.500000
v -32.500000 4.801001 -77.500000
v -30.000000 4.650034 -77.500000
v -27.500000 4.563747 -77.500000
v -25.000000 4.514433 -77.500000
v -22.500000 4.606594 -77.500000
v -57.500000 5.005475 -80.000000
v -55.000000 5.008317 -80.000000
v -52.500000 5.140248 -80.000000
v -50.000000 4.991730 -80.000000
v -47.500000 5.191637 -80.000000
v -45.000000 4.782932 -80.000000
v -42.500000 5.011519 -80.000000
v -40.000000 5.040462 -80.000000
v -37.500000 4.925955 -80.000000
v -35.000000 4.425968 -80.000000
v -32.500000 4.176124 -80.000000
v -30.000000 3.761575 -80.000000
v -27.500000 4.154823 -80.000000
v -25.000000 4.060863 -80.000000
v -22.500000 4.180376 -80.000000
v -57.500000 5.014263 -82.500000
v -55.000000 4.995752 -82.500000
v -52.500000 4.894146 -82.500000
v -50.000000 4.966964 -82.500000
v -47.500000 4.963394 -82.500000
v -45.000000 4.650094 -82.500000
v -42.500000 5.006692 -82.500000
v -40.000000 4.998223 -82.500000
v -37.500000 4.593393 -82.500000
v -35.000000 3.449435 -82.500000
v -32.500000 3.395968 -82.500000
v -30.000000 3.734494 -82.500000
v -27.500000 4.319665 -82.500000
v -25.000000 3.948418 -82.500000
v -22.500000 4.288373 -82.500000
v -57.500000 4.992234 -85.000000
v -55.000000 4.996957 -85.000000
v -52.500000 4.816028 -85.000000
v -50.000000 5.162928 -85.000000
v -47.500000 5.006958 -85.000000
v -45.000000 4.968070 -85.000000
v -42.500000 5.012005 -85.000000
v -40.000000 4.788417 -85.000000
v -37.500000 4.363985 -85.000000
v -35.000000 3.602914 -85.000000
v -32.500000 3.622300 -85.000000
v -30.000000 3.637822 -85.000000
v -27.500000 3.950918 -85.000000
v -25.000000 3.601127 -85.000000
v -22.500000 3.684107 -85.000000
v -57.500000 5.144518 -87.500000
v -55.000000 5.068864 -87.500000
v -52.500000 5.089119 -87.500000
v -50.000000 5.349369 -87.500000
v -47.500000 5.139953 -87.500000
v -45.000000 5.093475 -87.500000
v -42.500000 5.052628 -87.500000
v -40.000000 4.640113 -87.500000
v -37.500000 4.173022 -87.500000
v -35.000000 3.789283 -87.500000
v -32.500000 3.563437 -87.500000
v -30.000000 3.228129 -87.500000
v -27.500000 3.077820 -87.500000
v -25.000000 3.009058 -87.500000
v -22.500000 3.225487 -87.500000
v -57.500000 5.302224 -90.000000
v -55.000000 5.132130 -90.000000
v -52.500000 4.817885 -90.000000
v -50.000000 5.333350 -90.000000
v -47.500000 5.634375 -90.000000
v -45.000000 5.397751 -90.000000
v -42.500000 5.196059 -90.000000
v -40.000000 4.606256 -90.000000
v -37.500000 4.070068 -90.000000
v -35.000000 3.683478 -90.000000
v -32.500000 3.314594 -90.000000
v -30.000000 3.063466 -90.000000
v -27.500000 3.053792 -90.000000
v -25.000000 2.964390 -90.000000
v -22.500000 3.107679 -90.000000
v -57.500000 4.999047 -92.500000
v -55.000000 4.948730 -92.500000
v -52.500000 4.728654 -92.500000
v -50.000000 5.191776 -92.500000
v -47.500000 5.178430 -92.500000
v -45.000000 5.340617 -92.500000
v -42.500000 5.234727 -92.500000
v -40.000000 4.830801 -92.500000
v -37.500000 4.105913 -92.500000
v -35.000000 3.667157 -92.500000
v -32.500000 3.315338 -92.500000
v -30.000000 3.120179 -92.500000
v -27.500000 3.260048 -92.500000
v -25.000000 2.938121 -92.500000
v -22.500000 3.116546 -92.500000
v -57.500000 4.999089 -95.000000
v -55.000000 4.908596 -95.000000
v -52.500000 4.310370 -95.000000
v -50.000000 4.963385 -95.000000
v -47.500000 4.985940 -95.000000
v -45.000000 5.159328 -95.000000
v -42.500000 5.389014 -95.000000
v -40.000000 4.827135 -95.000000
v -37.500000 4.162442 -95.000000
v -35.000000 3.756493 -95.000000
v -32.500000 3.374187 -95.000000
v -30.000000 3.516207 -95.000000
v -27.500000 3.178722 -95.000000
v -25.000000 3.131938 -95.000000
v -22.500000 3.196214 -95.000000
v -57.500000 5.014492 -97.500000
v -55.000000 5.000077 -97.500000
v -52.500000 4.908625 -97.500000
v -50.000000 5.015479 -97.500000
v -47.500000 5.047806 -97.500000
v -45.000000 5.434672 -97.500000
v -42.500000 5.051764 -97.500000
v -40.000000 4.224550 -97.500000
v -37.500000 3.916001 -97.500000
v -35.000000 3.614862 -97.500000
v -32.500000 3.389140 -97.500000
v -30.000000 3.256717 -97.500000
v -27.500000 3.200077 -97.500000
v -25.000000 3.268906 -97.500000
v -22.500000 3.404636 -97.500000
v -17.500000 4.761803 97.500000
v -15.000000 5.003624 97.500000
v -12.500000 5.142777 97.500000
v -10.000000 4.954626 97.500000
v -7.500000 4.993404 97.500000
v -5.000000 4.886810 97.500000
v -2.500000 4.997943 97.500000
v 0.000000 5.014238 97.500000
v 2.500000 5.092013 97.500000
v 5.000000 5.206100 97.500000
v 7.500000 4.783794 97.500000
v 10.000000 4.775201 97.500000
v 12.500000 4.679359 97.500000
v 15.000000 4.676903 97.500000
v 17.500000 4.506732 97.500000
v -17.500000 5.055927 95.000000
v -15.000000 5.081600 95.000000
v -12.500000 4.999573 95.000000
v -10.000000 5.002024 95.000000
v -7.500000 4.961980 95.000000
v -5.000000 5.005959 95.000000
v -2.500000 4.990104 95.000000
v 0.000000 5.067981 95.000000
v 2.500000 5.195915 95.000000
v 5.000000 5.389050 95.000000
v 7.500000 5.102141 95.000000
v 10.000000 4.998829 95.000000
v 12.500000 5.006743 95.000000
v 15.000000 5.061197 95.000000
v 17.500000 4.590515 95.000000
v -17.500000 5.108809 92.500000
v -15.000000 5.014788 92.500000
v -12.500000 5.056676 92.500000
v -10.000000 4.718930 92.500000
v -7.500000 4.996220 92.500000
v -5.000000 5.021577 92.500000
v -2.500000 5.079618 92.500000
v 0.000000 5.111479 92.500000
v 2.500000 5.005723 92.500000
v 5.000000 4.999429 92.500000
v 7.500000 5.025700 92.500000
v 10.000000 4.996381 92.500000
v 12.500000 4.877116 92.500000
v 15.000000 4.801088 92.500000
v 17.500000 4.687067 92.500000
v -17.500000 5.008239 90.000000
v -15.000000 4.803400 90.000000
v -12.500000 5.080376 90.000000
v -10.000000 4.892537 90.000000
v -7.500000 4.887519 90.000000
v -5.000000 4.863347 90.000000
v -2.500000 5.015288 90.000000
v 0.000000 4.952670 90.000000
v 2.500000 4.687034 90.000000
v 5.000000 5.089757 90.000000
v 7.500000 5.020424 90.000000
v 10.000000 4.987439 90.000000
v 12.500000 4.702539 90.000000
v 15.000000 4.517812 90.000000
v 17.500000 4.310656 90.000000
v -17.500000 5.069531 87.500000
v -15.000000 5.304762 87.500000
v -12.500000 5.088287 87.500000
v -10.000000 4.934589 87.500000
v -7.500000 4.770140 87.500000
v -5.000000 4.870711 87.500000
v -2.500000 4.718515 87.500000
v 0.000000 4.884394 87.500000
v 2.500000 4.989794 87.500000
v 5.000000 5.018725 87.500000
v 7.500000 5.326365 87.500000
v 10.000000 5.047914 87.500000
v 12.500000 4.694570 87.500000
v 15.000000 4.447659 87.500000
v 17.500000 4.082870 87.500000
v -17.500000 5.088524 85.000000
v -15.000000 4.962114 85.000000
v -12.500000 4.854163 85.000000
v -10.000000 4.903355 85.000000
v -7.500000 5.014425 85.000000
v -5.000000 4.897466 85.000000
v -2.500000 4.976401 85.000000
v 0.000000 5.004483 85.000000
v 2.500000 5.005066 85.000000
v 5.000000 5.009208 85.000000
v 7.500000 5.118464 85.000000
v 10.000000 4.947344 85.000000
v 12.500000 4.601278 85.000000
v 15.000000 4.404518 85.000000
v 17.500000 4.193751 85.000000
v -17.500000 4.992702 82.500000
v -15.000000 5.000609 82.500000
v -12.500000 4.998673 82.500000
v -10.000000 5.029083 82.500000
v -7.500000 4.970885 82.500000
v -5.000000 4.860488 82.500000
v -2.500000 4.943833 82.500000
v 0.000000 5.067042 82.500000
v 2.500000 5.346366 82.500000
v 5.000000 4.992328 82.500000
v 7.500000 4.966005 82.500000
v 10.000000 4.876643 82.500000
v 12.500000 4.714379 82.500000
v 15.000000 4.538362 82.500000
v 17.500000 4.385458 82.500000
v -17.500000 5.091300 80.000000
v -15.000000 5.054717 80.000000
v -12.500000 4.984687 80.000000
v -10.000000 5.011589 80.000000
v -7.500000 4.997140 80.000000
v -5.000000 4.821583 80.000000
v -2.500000 4.789870 80.000000
v 0.000000 5.345322 80.000000
v 2.500000 5.931491 80.000000
v 5.000000 5.015924 80.000000
v 7.500000 4.883184 80.000000
v 10.000000 5.061097 80.000000
v 12.500000 4.899278 80.000000
v 15.000000 4.726163 80.000000
v 17.500000 4.522106 80.000000
v -17.500000 5.736562 77.500000
v -15.000000 5.508744 77.500000
v -12.500000 4.996214 77.500000
v -10.000000 5.004645 77.500000
v -7.500000 4.997074 77.500000
v -5.000000 4.387972 77.500000
v -2.500000 4.553948 77.500000
v 0.000000 5.180575 77.500000
v 2.500000 5.606432 77.500000
v 5.000000 4.960049 77.500000
v 7.500000 4.788144 77.500000
v 10.000000 5.037774 77.500000
v 12.500000 5.272057 77.500000
v 15.000000 5.041115 77.500000
v 17.500000 4.656948 77.500000
v -17.500000 5.003771 75.000000
v -15.000000 5.087193 75.000000
v -12.500000 5.184138 75.000000
v -10.000000 5.200285 75.000000
v -7.500000 5.139452 75.000000
v -5.000000 4.562597 75.000000
v -2.500000 4.747928 75.000000
v 0.000000 4.908962 75.000000
v 2.500000 5.080833 75.000000
v 5.000000 4.903811 75.000000
v 7.500000 4.806200 75.000000
v 10.000000 4.848246 75.000000
v 12.500000 4.803086 75.000000
v 15.000000 4.825505 75.000000
v 17.500000 4.917449 75.000000
v -17.500000 5.013443 72.500000
v -15.000000 4.949792 72.500000
v -12.500000 5.095949 72.500000
v -10.000000 5.161113 72.500000
v -7.500000 5.175343 72.500000
v -5.000000 4.887412 72.500000
v -2.500000 4.878862 72.500000
v 0.000000 4.980978 72.500000
v 2.500000 4.998423 72.500000
v 5.000000 4.982476 72.500000
v 7.500000 4.926410 72.500000
v 10.000000 5.007917 72.500000
v 12.500000 5.137386 72.500000
v 15.000000 5.059046 72.500000
v 17.500000 5.089036 72.500000
v -17.500000 5.052544 70.000000
v -15.000000 4.585279 70.000000
v -12.500000 4.923120 70.000000
v -10.000000 5.006434 70.000000
v -7.500000 4.940105 70.000000
v -5.000000 4.835310 70.000000
v -2.500000 4.928449 70.000000
v 0.000000 4.876715 70.000000
v 2.500000 5.003394 70.000000
v 5.000000 5.002613 70.000000
v 7.500000 4.994086 70.000000
v 10.000000 5.018387 70.000000
v 12.500000 5.053831 70.000000
v 15.000000 5.007710 70.000000
v 17.500000 5.012712 70.000000
v -17.500000 4.925774 67.500000
v -15.000000 4.825083 67.500000
v -12.500000 4.692400 67.500000
v -10.000000 4.668384 67.500000
v -7.500000 4.149018 67.500000
v -5.000000 4.159688 67.500000
v -2.500000 4.218913 67.500000
v 0.000000 4.411914 67.500000
v 2.500000 4.374695 67.500000
v 5.000000 4.603333 67.500000
v 7.500000 4.962889 67.500000
v 10.000000 5.005584 67.500000
v 12.500000 5.004972 67.500000
v 15.000000 5.012140 67.500000
v 17.500000 5.098821 67.500000
v -17.500000 4.957365 65.000000
v -15.000000 4.711812 65.000000
v -12.500000 4.387264 65.000000
v -10.000000 4.062047 65.000000
v -7.500000 3.782056 65.000000
v -5.000000 3.655199 65.000000
v -2.500000 3.739481 65.000000
v 0.000000 3.681451 65.000000
v 2.500000 3.816332 65.000000
v 5.000000 4.006989 65.000000
v 7.500000 4.192620 65.000000
v 10.000000 4.667632 65.000000
v 12.500000 5.009390 65.000000
v 15.000000 4.907326 65.000000
v 17.500000 4.934673 65.000000
v -17.500000 4.602453 62.500000
v -15.000000 4.086418 62.500000
v -12.500000 3.810926 62.500000
v -10.000000 3.518816 62.500000
v -7.500000 3.244068 62.500000
v -5.000000 3.038185 62.500000
v -2.500000 3.315868 62.500000
v 0.000000 3.260851 62.500000
v 2.500000 3.333814 62.500000
v 5.000000 3.411392 62.500000
v 7.500000 3.765708 62.500000
v 10.000000 4.175159 62.500000
v 12.500000 4.647325 62.500000
v 15.000000 5.064223 62.500000
v 17.500000 4.808949 62.500000
v -17.500000 4.358265 57.500000
v -15.000000 3.611645 57.500000
v -12.500000 3.001420 57.500000
v -10.000000 2.530239 57.500000
v -7.500000 1.908214 57.500000
v -5.000000 1.982055 57.500000
v -2.500000 1.944433 57.500000
v 0.000000 2.005105 57.500000
v 2.500000 2.124620 57.500000
v 5.000000 2.493618 57.500000
v 7.500000 2.857266 57.500000
v 10.000000 3.379519 57.500000
v 12.500000 4.050858 57.500000
v 15.000000 5.033438 57.500000
v 17.500000 5.312467 57.500000
v -17.500000 3.719245 55.000000
v -15.000000 3.190514 55.000000
v -12.500000 2.668615 55.000000
v -10.000000 2.224175 55.000000
v -7.500000 1.879196 55.000000
v -5.000000 1.644985 55.000000
v -2.500000 1.584802 55.000000
v 0.000000 1.734975 55.000000
v 2.500000 1.937632 55.000000
v 5.000000 2.085836 55.000000
v 7.500000 2.558244 55.000000
v 10.000000 2.951704 55.000000
v 12.500000 3.921727 55.000000
v 15.000000 4.405958 55.000000
v 17.500000 4.863451 55.000000
v -17.500000 3.513747 52.500000
v -15.000000 3.002406 52.500000
v -12.500000 2.467340 52.500000
v -10.000000 1.971126 52.500000
v -7.500000 1.621631 52.500000
v -5.000000 1.393069 52.500000
v -2.500000 1.263090 52.500000
v 0.000000 1.318563 52.500000
v 2.500000 1.564673 52.500000
v 5.000000 1.809797 52.500000
v 7.500000 2.338323 52.500000
v 10.000000 2.858005 52.500000
v 12.500000 3.617455 52.500000
v 15.000000 4.046049 52.500000
v 17.500000 4.488848 52.500000
v -17.500000 3.394734 50.000000
v -15.000000 2.911961 50.000000
v -12.500000 2.373142 50.000000
v -10.000000 1.928707 50.000000
v -7.500000 1.754107 50.000000
v -5.000000 1.455460 50.000000
v -2.500000 0.977396 50.000000
v 0.000000 1.127998 50.000000
v 2.500000 1.424798 50.000000
v 5.000000 1.688683 50.000000
v 7.500000 2.241927 50.000000
v 10.000000 2.903038 50.000000
v 12.500000 3.483942 50.000000
v 15.000000 4.042541 50.000000
v 17.500000 4.454557 50.000000
v -17.500000 3.340981 47.500000
v -15.000000 2.895926 47.500000
v -12.500000 2.398885 47.500000
v -10.000000 1.919845 47.500000
v -7.500000 1.633639 47.500000
v -5.000000 1.299094 47.500000
v -2.500000 1.195842 47.500000
v 0.000000 1.243596 47.500000
v 2.500000 1.465540 47.500000
v 5.000000 1.816249 47.500000
v 7.500000 2.277463 47.500000
v 10.000000 3.235000 47.500000
v 12.500000 3.741446 47.500000
v 15.000000 4.195909 47.500000
v 17.500000 4.665814 47.500000
v -17.500000 3.311938 45.000000
v -15.000000 2.971386 45.000000
v -12.500000 2.629376 45.000000
v -10.000000 2.113027 45.000000
v -7.500000 1.750797 45.000000
v -5.000000 1.494280 45.000000
v -2.500000 1.404113 45.000000
v 0.000000 1.450374 45.000000
v 2.500000 1.544090 45.000000
v 5.000000 1.629008 45.000000
v 7.500000 2.285237 45.000000
v 10.000000 3.270576 45.000000
v 12.500000 4.083311 45.000000
v 15.000000 4.546844 45.000000
v 17.500000 4.875455 45.000000
v -17.500000 3.647744 42.500000
v -15.000000 3.466387 42.500000
v -12.500000 3.030128 42.500000
v -10.000000 2.383362 42.500000
v -7.500000 2.019767 42.500000
v -5.000000 1.873522 42.500000
v -2.500000 1.883795 42.500000
v 0.000000 1.830155 42.500000
v 2.500000 2.007758 42.500000
v 5.000000 2.206176 42.500000
v 7.500000 2.577121 42.500000
v 10.000000 3.223991 42.500000
v 12.500000 3.806651 42.500000
v 15.000000 4.369378 42.500000
v 17.500000 4.968391 42.500000
v -17.500000 4.137146 40.000000
v -15.000000 3.755183 40.000000
v -12.500000 3.321478 40.000000
v -10.000000 2.781098 40.000000
v -7.500000 2.458837 40.000000
v -5.000000 1.978575 40.000000
v -2.500000 2.094784 40.000000
v 0.000000 2.170416 40.000000
v 2.500000 2.388471 40.000000
v 5.000000 2.422783 40.000000
v 7.500000 2.795314 40.000000
v 10.000000 3.257314 40.000000
v 12.500000 3.825593 40.000000
v 15.000000 4.652318 40.000000
v 17.500000 5.064126 40.000000
v -17.500000 4.689162 37.500000
v -15.000000 4.498395 37.500000
v -12.500000 3.819434 37.500000
v -10.000000 3.367101 37.500000
v -7.500000 2.679588 37.500000
v -5.000000 2.598097 37.500000
v -2.500000 2.566121 37.500000
v 0.000000 2.681252 37.500000
v 2.500000 2.802368 37.500000
v 5.000000 3.158132 37.500000
v 7.500000 3.538762 37.500000
v 10.000000 3.912346 37.500000
v 12.500000 4.293151 37.500000
v 15.000000 5.250842 37.500000
v 17.500000 5.211607 37.500000
v -17.500000 5.264977 35.000000
v -15.000000 4.921131 35.000000
v -12.500000 4.291812 35.000000
v -10.000000 3.967273 35.000000
v -7.500000 3.526098 35.000000
v -5.000000 3.234440 35.000000
v -2.500000 3.196952 35.000000
v 0.000000 3.052139 35.000000
v 2.500000 2.860940 35.000000
v 5.000000 3.371104 35.000000
v 7.500000 4.015208 35.000000
v 10.000000 4.428053 35.000000
v 12.500000 5.029974 35.000000
v 15.000000 5.705873 35.000000
v 17.500000 5.489101 35.000000
v -17.500000 4.749613 32.500000
v -15.000000 4.833130 32.500000
v -12.500000 4.474155 32.500000
v -10.000000 4.366516 32.500000
v -7.500000 4.122065 32.500000
v -5.000000 3.971370 32.500000
v -2.500000 3.837512 32.500000
v 0.000000 3.693022 32.500000
v 2.500000 3.697710 32.500000
v 5.000000 4.370640 32.500000
v 7.500000 4.596134 32.500000
v 10.000000 4.967956 32.500000
v 12.500000 5.128018 32.500000
v 15.000000 5.323611 32.500000
v 17.500000 5.214393 32.500000
v -17.500000 4.840625 30.000000
v -15.000000 4.816352 30.000000
v -12.500000 4.406221 30.000000
v -10.000000 4.969547 30.000000
v -7.500000 4.768551 30.000000
v -5.000000 4.624261 30.000000
v -2.500000 4.562757 30.000000
v 0.000000 4.603604 30.000000
v 2.500000 4.721195 30.000000
v 5.000000 4.804735 30.000000
v 7.500000 4.994198 30.000000
v 10.000000 4.762999 30.000000
v 12.500000 4.793932 30.000000
v 15.000000 4.854992 30.000000
v 17.500000 4.864166 30.000000
v -17.500000 5.212130 27.500000
v -15.000000 4.954208 27.500000
v -12.500000 4.978942 27.500000
v -10.000000 4.998738 27.500000
v -7.500000 5.000866 27.500000
v -5.000000 4.995106 27.500000
v -2.500000 5.002429 27.500000
v 0.000000 4.997788 27.500000
v 2.500000 4.994041 27.500000
v 5.000000 4.629603 27.500000
v 7.500000 4.421214 27.500000
v 10.000000 4.469223 27.500000
v 12.500000 4.803650 27.500000
v 15.000000 5.330864 27.500000
v 17.500000 5.076509 27.500000
v -17.500000 4.906065 25.000000
v -15.000000 5.167401 25.000000
v -12.500000 5.002147 25.000000
v -10.000000 4.991188 25.000000
v -7.500000 4.784545 25.000000
v -5.000000 4.840981 25.000000
v -2.500000 4.997667 25.000000
v 0.000000 5.031656 25.000000
v 2.500000 5.120926 25.000000
v 5.000000 4.947230 25.000000
v 7.500000 4.661255 25.000000
v 10.000000 4.760950 25.000000
v 12.500000 4.737514 25.000000
v 15.000000 5.105969 25.000000
v 17.500000 5.004462 25.000000
v -17.500000 3.767029 22.500000
v -15.000000 4.387650 22.500000
v -12.500000 4.962417 22.500000
v -10.000000 4.841512 22.500000
v -7.500000 4.787797 22.500000
v -5.000000 5.010575 22.500000
v -2.500000 5.228531 22.500000
v 0.000000 5.150556 22.500000
v 2.500000 5.308963 22.500000
v 5.000000 5.193706 22.500000
v 7.500000 4.882172 22.500000
v 10.000000 4.888578 22.500000
v 12.500000 4.973900 22.500000
v 15.000000 5.004080 22.500000
v 17.500000 4.990285 22.500000
v -17.500000 2.940793 17.500000
v -15.000000 3.175796 17.500000
v -12.500000 4.124928 17.500000
v -10.000000 5.148930 17.500000
v -7.500000 4.995342 17.500000
v -5.000000 4.998962 17.500000
v -2.500000 5.025004 17.500000
v 0.000000 5.268638 17.500000
v 2.500000 5.136021 17.500000
v 5.000000 4.674423 17.500000
v 7.500000 4.941506 17.500000
v 10.000000 4.995357 17.500000
v 12.500000 5.002098 17.500000
v 15.000000 5.015055 17.500000
v 17.500000 5.028965 17.500000
v -17.500000 2.539087 15.000000
v -15.000000 2.822603 15.000000
v -12.500000 3.671244 15.000000
v -10.000000 4.523953 15.000000
v -7.500000 4.930066 15.000000
v -5.000000 5.002137 15.000000
v -2.500000 4.918470 15.000000
v 0.000000 4.922915 15.000000
v 2.500000 4.802540 15.000000
v 5.000000 4.690668 15.000000
v 7.500000 5.016201 15.000000
v 10.000000 5.067593 15.000000
v 12.500000 5.026902 15.000000
v 15.000000 5.001151 15.000000
v 17.500000 4.878909 15.000000
v -17.500000 2.048654 12.500000
v -15.000000 2.702927 12.500000
v -12.500000 3.426109 12.500000
v -10.000000 4.024339 12.500000
v -7.500000 4.387259 12.500000
v -5.000000 4.695382 12.500000
v -2.500000 4.988739 12.500000
v 0.000000 5.003867 12.500000
v 2.500000 4.912232 12.500000
v 5.000000 5.010971 12.500000
v 7.500000 5.253019 12.500000
v 10.000000 4.997934 12.500000
v 12.500000 5.005974 12.500000
v 15.000000 4.987665 12.500000
v 17.500000 5.075823 12.500000
v -17.500000 1.795245 10.000000
v -15.000000 2.395396 10.000000
v -12.500000 3.250019 10.000000
v -10.000000 4.010983 10.000000
v -7.500000 4.551729 10.000000
v -5.000000 4.746552 10.000000
v -2.500000 4.963265 10.000000
v 0.000000 5.062972 10.000000
v 2.500000 5.002064 10.000000
v 5.000000 5.041488 10.000000
v 7.500000 5.115942 10.000000
v 10.000000 5.069269 10.000000
v 12.500000 4.864007 10.000000
v 15.000000 5.127097 10.000000
v 17.500000 5.006777 10.000000
v -17.500000 1.645999 7.500000
v -15.000000 2.307527 7.500000
v -12.500000 3.094162 7.500000
v -10.000000 3.957397 7.500000
v -7.500000 4.446204 7.500000
v -5.000000 4.971110 7.500000
v -2.500000 5.007950 7.500000
v 0.000000 5.069079 7.500000
v 2.500000 4.961241 7.500000
v 5.000000 4.931259 7.500000
v 7.500000 5.056192 7.500000
v 10.000000 5.063785 7.500000
v 12.500000 5.027369 7.500000
v 15.000000 5.256034 7.500000
v 17.500000 5.002483 7.500000
v -17.500000 1.884715 5.000000
v -15.000000 2.008162 5.000000
v -12.500000 2.927694 5.000000
v -10.000000 3.947020 5.000000
v -7.500000 4.703033 5.000000
v -5.000000 5.018603 5.000000
v -2.500000 5.000336 5.000000
v 0.000000 5.091548 5.000000
v 2.500000 4.934583 5.000000
v 5.000000 4.949078 5.000000
v 7.500000 4.992463 5.000000
v 10.000000 4.804523 5.000000
v 12.500000 5.060419 5.000000
v 15.000000 5.397474 5.000000
v 17.500000 5.336879 5.000000
v -17.500000 2.113117 2.500000
v -15.000000 2.498902 2.500000
v -12.500000 3.339263 2.500000
v -10.000000 4.081216 2.500000
v -7.500000 4.914367 2.500000
v -5.000000 5.051416 2.500000
v -2.500000 5.001884 2.500000
v 0.000000 5.026605 2.500000
v 2.500000 4.976828 2.500000
v 5.000000 4.940704 2.500000
v 7.500000 5.010116 2.500000
v 10.000000 4.970964 2.500000
v 12.500000 5.156562 2.500000
v 15.000000 5.360686 2.500000
v 17.500000 5.150145 2.500000
v -17.500000 2.323593 0.000000
v -15.000000 2.686569 0.000000
v -12.500000 3.377621 0.000000
v -10.000000 4.268584 0.000000
v -7.500000 5.073042 0.000000
v -5.000000 4.954259 0.000000
v -2.500000 4.821684 0.000000
v 0.000000 5.032724 0.000000
v 2.500000 5.319374 0.000000
v 5.000000 5.211308 0.000000
v 7.500000 5.073445 0.000000
v 10.000000 5.015056 0.000000
v 12.500000 5.021038 0.000000
v 15.000000 4.958282 0.000000
v 17.500000 5.010861 0.000000
v -17.500000 2.623272 -2.500000
v -15.000000 3.286727 -2.500000
v -12.500000 3.715699 -2.500000
v -10.000000 4.655767 -2.500000
v -7.500000 5.083473 -2.500000
v -5.000000 5.153442 -2.500000
v -2.500000 4.937002 -2.500000
v 0.000000 5.305071 -2.500000
v 2.500000 5.639213 -2.500000
v 5.000000 5.307854 -2.500000
v 7.500000 4.882424 -2.500000
v 10.000000 4.914725 -2.500000
v 12.500000 5.045473 -2.500000
v 15.000000 4.985374 -2.500000
v 17.500000 5.004471 -2.500000
v -17.500000 3.049098 -5.000000
v -15.000000 3.620387 -5.000000
v -12.500000 4.119068 -5.000000
v -10.000000 4.899421 -5.000000
v -7.500000 5.085719 -5.000000
v -5.000000 4.979246 -5.000000
v -2.500000 4.991476 -5.000000
v 0.000000 4.996003 -5.000000
v 2.500000 5.287802 -5.000000
v 5.000000 5.201735 -5.000000
v 7.500000 5.033198 -5.000000
v 10.000000 5.363779 -5.000000
v 12.500000 4.996023 -5.000000
v 15.000000 4.995853 -5.000000
v 17.500000 4.985634 -5.000000
v -17.500000 3.649141 -7.500000
v -15.000000 4.167231 -7.500000
v -12.500000 4.803704 -7.500000
v -10.000000 4.997309 -7.500000
v -7.500000 5.040476 -7.500000
v -5.000000 4.946213 -7.500000
v -2.500000 4.991683 -7.500000
v 0.000000 5.003011 -7.500000
v 2.500000 5.012750 -7.500000
v 5.000000 5.272102 -7.500000
v 7.500000 4.893759 -7.500000
v 10.000000 5.007850 -7.500000
v 12.500000 4.995387 -7.500000
v 15.000000 4.993078 -7.500000
v 17.500000 5.037252 -7.500000
v -17.500000 4.335448 -10.000000
v -15.000000 4.846105 -10.000000
v -12.500000 5.037743 -10.000000
v -10.000000 4.997574 -10.000000
v -7.500000 4.988181 -10.000000
v -5.000000 4.981101 -10.000000
v -2.500000 5.009331 -10.000000
v 0.000000 5.009305 -10.000000
v 2.500000 4.987023 -10.000000
v 5.000000 4.991774 -10.000000
v 7.500000 4.994433 -10.000000
v 10.000000 5.006506 -10.000000
v 12.500000 5.012951 -10.000000
v 15.000000 4.997422 -10.000000
v 17.500000 5.010127 -10.000000
v -17.500000 5.108308 -12.500000
v -15.000000 5.214363 -12.500000
v -12.500000 4.959763 -12.500000
v -10.000000 4.996572 -12.500000
v -7.500000 5.007210 -12.500000
v -5.000000 4.870487 -12.500000
v -2.500000 4.998034 -12.500000
v 0.000000 4.939499 -12.500000
v 2.500000 4.838854 -12.500000
v 5.000000 5.048459 -12.500000
v 7.500000 4.980498 -12.500000
v 10.000000 5.013150 -12.500000
v 12.500000 5.009435 -12.500000
v 15.000000 5.059131 -12.500000
v 17.500000 5.025279 -12.500000
v -17.500000 5.171554 -15.000000
v -15.000000 4.988730 -15.000000
v -12.500000 5.001351 -15.000000
v -10.000000 4.993649 -15.000000
v -7.500000 4.939331 -15.000000
v -5.000000 5.044376 -15.000000
v -2.500000 4.975641 -15.000000
v 0.000000 5.360494 -15.000000
v 2.500000 5.261883 -15.000000
v 5.000000 5.273445 -15.000000
v 7.500000 5.202507 -15.000000
v 10.000000 4.999689 -15.000000
v 12.500000 5.016039 -15.000000
v 15.000000 5.058935 -15.000000
v 17.500000 5.023241 -15.000000
v -17.500000 4.982728 -17.500000
v -15.000000 4.989817 -17.500000
v -12.500000 5.012603 -17.500000
v -10.000000 5.002770 -17.500000
v -7.500000 5.003591 -17.500000
v -5.000000 5.005790 -17.500000
v -2.500000 5.009334 -17.500000
v 0.000000 5.254428 -17.500000
v 2.500000 5.368695 -17.500000
v 5.000000 5.552214 -17.500000
v 7.500000 5.400869 -17.500000
v 10.000000 4.994783 -17.500000
v 12.500000 4.999813 -17.500000
v 15.000000 5.145379 -17.500000
v 17.500000 5.158771 -17.500000
v -17.500000 5.083096 -22.500000
v -15.000000 5.139781 -22.500000
v -12.500000 5.009280 -22.500000
v -10.000000 4.991722 -22.500000
v -7.500000 4.973555 -22.500000
v -5.000000 5.033672 -22.500000
v -2.500000 5.031228 -22.500000
v 0.000000 5.379056 -22.500000
v 2.500000 5.162368 -22.500000
v 5.000000 5.143029 -22.500000
v 7.500000 5.021263 -22.500000
v 10.000000 4.994093 -22.500000
v 12.500000 5.189713 -22.500000
v 15.000000 5.034251 -22.500000
v 17.500000 4.985667 -22.500000
v -17.500000 5.038539 -25.000000
v -15.000000 5.062936 -25.000000
v -12.500000 4.999459 -25.000000
v -10.000000 4.996400 -25.000000
v -7.500000 4.955124 -25.000000
v -5.000000 5.045326 -25.000000
v -2.500000 5.248711 -25.000000
v 0.000000 5.438056 -25.000000
v 2.500000 5.318467 -25.000000
v 5.000000 5.040971 -25.000000
v 7.500000 5.157461 -25.000000
v 10.000000 5.000240 -25.000000
v 12.500000 5.138947 -25.000000
v 15.000000 5.006783 -25.000000
v 17.500000 4.994946 -25.000000
v -17.500000 4.969040 -27.500000
v -15.000000 5.162768 -27.500000
v -12.500000 4.863072 -27.500000
v -10.000000 4.989974 -27.500000
v -7.500000 5.042150 -27.500000
v -5.000000 4.905482 -27.500000
v -2.500000 5.059690 -27.500000
v 0.000000 5.094560 -27.500000
v 2.500000 5.348799 -27.500000
v 5.000000 5.007951 -27.500000
v 7.500000 4.997435 -27.500000
v 10.000000 5.005618 -27.500000
v 12.500000 4.989741 -27.500000
v 15.000000 4.995069 -27.500000
v 17.500000 4.992390 -27.500000
v -17.500000 5.145525 -30.000000
v -15.000000 5.345788 -30.000000
v -12.500000 5.086281 -30.000000
v -10.000000 5.019839 -30.000000
v -7.500000 5.003562 -30.000000
v -5.000000 5.003501 -30.000000
v -2.500000 5.006833 -30.000000
v 0.000000 5.119981 -30.000000
v 2.500000 4.784611 -30.000000
v 5.000000 4.907681 -30.000000
v 7.500000 5.000064 -30.000000
v 10.000000 4.961894 -30.000000
v 12.500000 4.990509 -30.000000
v 15.000000 5.013649 -30.000000
v 17.500000 4.900535 -30.000000
v -17.500000 5.023719 -32.500000
v -15.000000 5.102526 -32.500000
v -12.500000 5.265745 -32.500000
v -10.000000 4.867161 -32.500000
v -7.500000 4.987338 -32.500000
v -5.000000 5.017493 -32.500000
v -2.500000 5.002949 -32.500000
v 0.000000 4.884978 -32.500000
v 2.500000 4.765864 -32.500000
v 5.000000 4.992759 -32.500000
v 7.500000 4.596710 -32.500000
v 10.000000 4.783825 -32.500000
v 12.500000 4.991679 -32.500000
v 15.000000 4.994202 -32.500000
v 17.500000 4.971988 -32.500000
v -17.500000 4.933517 -35.000000
v -15.000000 5.032064 -35.000000
v -12.500000 4.813691 -35.000000
v -10.000000 4.749253 -35.000000
v -7.500000 4.931481 -35.000000
v -5.000000 5.014342 -35.000000
v -2.500000 4.994879 -35.000000
v 0.000000 5.001377 -35.000000
v 2.500000 4.971744 -35.000000
v 5.000000 4.869275 -35.000000
v 7.500000 4.806116 -35.000000
v 10.000000 4.583465 -35.000000
v 12.500000 5.199406 -35.000000
v 15.000000 5.043082 -35.000000
v 17.500000 5.014507 -35.000000
v -17.500000 4.763125 -37.500000
v -15.000000 4.565090 -37.500000
v -12.500000 4.696128 -37.500000
v -10.000000 4.760919 -37.500000
v -7.500000 5.068221 -37.500000
v -5.000000 5.078898 -37.500000
v -2.500000 5.022079 -37.500000
v 0.000000 5.002698 -37.500000
v 2.500000 5.001862 -37.500000
v 5.000000 5.165841 -37.500000
v 7.500000 4.981170 -37.500000
v 10.000000 5.065742 -37.500000
v 12.500000 5.146963 -37.500000
v 15.000000 5.140213 -37.500000
v 17.500000 5.016889 -37.500000
v -17.500000 4.767921 -40.000000
v -15.000000 4.667660 -40.000000
v -12.500000 5.042577 -40.000000
v -10.000000 5.007561 -40.000000
v -7.500000 5.085977 -40.000000
v -5.000000 5.439337 -40.000000
v -2.500000 5.274640 -40.000000
v 0.000000 5.530372 -40.000000
v 2.500000 5.011233 -40.000000
v 5.000000 5.044374 -40.000000
v 7.500000 4.609273 -40.000000
v 10.000000 5.014395 -40.000000
v 12.500000 5.264828 -40.000000
v 15.000000 5.049211 -40.000000
v 17.500000 4.993114 -40.000000
v -17.500000 4.827552 -42.500000
v -15.000000 5.049366 -42.500000
v -12.500000 5.143339 -42.500000
v -10.000000 4.929238 -42.500000
v -7.500000 4.989244 -42.500000
v -5.000000 5.381935 -42.500000
v -2.500000 5.307835 -42.500000
v 0.000000 5.475691 -42.500000
v 2.500000 5.378888 -42.500000
v 5.000000 4.985199 -42.500000
v 7.500000 4.999602 -42.500000
v 10.000000 5.012763 -42.500000
v 12.500000 5.009579 -42.500000
v 15.000000 5.086557 -42.500000
v 17.500000 5.006461 -42.500000
v -17.500000 4.829416 -45.000000
v -15.000000 5.012681 -45.000000
v -12.500000 4.844448 -45.000000
v -10.000000 4.985155 -45.000000
v -7.500000 5.289469 -45.000000
v -5.000000 5.474241 -45.000000
v -2.500000 4.895740 -45.000000
v 0.000000 4.896495 -45.000000
v 2.500000 5.005613 -45.000000
v 5.000000 5.015501 -45.000000
v 7.500000 4.994978 -45.000000
v 10.000000 4.985284 -45.000000
v 12.500000 5.278790 -45.000000
v 15.000000 5.322555 -45.000000
v 17.500000 5.214778 -45.000000
v -17.500000 4.920595 -47.500000
v -15.000000 4.959245 -47.500000
v -12.500000 4.993510 -47.500000
v -10.000000 4.998966 -47.500000
v -7.500000 4.827304 -47.500000
v -5.000000 5.026993 -47.500000
v -2.500000 4.878290 -47.500000
v 0.000000 4.951925 -47.500000
v 2.500000 4.708373 -47.500000
v 5.000000 4.893317 -47.500000
v 7.500000 4.965629 -47.500000
v 10.000000 4.991376 -47.500000
v 12.500000 5.238074 -47.500000
v 15.000000 5.301952 -47.500000
v 17.500000 5.679698 -47.500000
v -17.500000 5.009805 -50.000000
v -15.000000 5.006668 -50.000000
v -12.500000 5.003656 -50.000000
v -10.000000 5.000982 -50.000000
v -7.500000 4.936733 -50.000000
v -5.000000 5.031832 -50.000000
v -2.500000 4.999138 -50.000000
v 0.000000 4.998985 -50.000000
v 2.500000 4.955114 -50.000000
v 5.000000 4.467979 -50.000000
v 7.500000 4.839535 -50.000000
v 10.000000 5.031499 -50.000000
v 12.500000 5.112787 -50.000000
v 15.000000 5.398502 -50.000000
v 17.500000 5.315732 -50.000000
v -17.500000 4.904517 -52.500000
v -15.000000 5.138277 -52.500000
v -12.500000 5.000187 -52.500000
v -10.000000 4.998584 -52.500000
v -7.500000 4.994962 -52.500000
v -5.000000 4.997887 -52.500000
v -2.500000 4.991708 -52.500000
v 0.000000 4.990870 -52.500000
v 2.500000 5.179107 -52.500000
v 5.000000 4.988912 -52.500000
v 7.500000 4.922952 -52.500000
v 10.000000 5.101551 -52.500000
v 12.500000 5.048527 -52.500000
v 15.000000 5.041610 -52.500000
v 17.500000 4.696229 -52.500000
v -17.500000 4.817010 -55.000000
v -15.000000 5.417131 -55.000000
v -12.500000 5.036096 -55.000000
v -10.000000 4.988392 -55.000000
v -7.500000 5.002984 -55.000000
v -5.000000 5.053883 -55.000000
v -2.500000 5.066478 -55.000000
v 0.000000 5.001857 -55.000000
v 2.500000 5.058780 -55.000000
v 5.000000 5.046808 -55.000000
v 7.500000 4.996212 -55.000000
v 10.000000 4.885965 -55.000000
v 12.500000 5.008265 -55.000000
v 15.000000 4.894386 -55.000000
v 17.500000 4.880342 -55.000000
v -17.500000 5.135293 -57.500000
v -15.000000 5.102209 -57.500000
v -12.500000 4.998332 -57.500000
v -10.000000 4.908945 -57.500000
v -7.500000 5.067913 -57.500000
v -5.000000 5.103806 -57.500000
v -2.500000 5.380821 -57.500000
v 0.000000 5.375897 -57.500000
v 2.500000 4.869100 -57.500000
v 5.000000 4.991158 -57.500000
v 7.500000 5.001155 -57.500000
v 10.000000 4.922020 -57.500000
v 12.500000 5.140731 -57.500000
v 15.000000 5.155317 -57.500000
v 17.500000 4.967649 -57.500000
v -17.500000 4.997725 -62.500000
v -15.000000 5.140811 -62.500000
v -12.500000 4.750954 -62.500000
v -10.000000 5.244380 -62.500000
v -7.500000 5.175762 -62.500000
v -5.000000 4.999754 -62.500000
v -2.500000 5.005098 -62.500000
v 0.000000 5.280157 -62.500000
v 2.500000 5.336508 -62.500000
v 5.000000 5.058614 -62.500000
v 7.500000 4.859183 -62.500000
v 10.000000 4.812175 -62.500000
v 12.500000 4.872540 -62.500000
v 15.000000 4.748379 -62.500000
v 17.500000 4.955274 -62.500000
v -17.500000 4.998068 -65.000000
v -15.000000 4.996518 -65.000000
v -12.500000 4.908711 -65.000000
v -10.000000 5.233222 -65.000000
v -7.500000 5.213695 -65.000000
v -5.000000 4.993627 -65.000000
v -2.500000 5.001582 -65.000000
v 0.000000 4.996927 -65.000000
v 2.500000 4.991742 -65.000000
v 5.000000 4.994792 -65.000000
v 7.500000 5.018442 -65.000000
v 10.000000 4.996576 -65.000000
v 12.500000 4.926462 -65.000000
v 15.000000 4.899271 -65.000000
v 17.500000 4.983351 -65.000000
v -17.500000 5.008563 -67.500000
v -15.000000 5.011034 -67.500000
v -12.500000 5.112672 -67.500000
v -10.000000 5.238578 -67.500000
v -7.500000 5.194917 -67.500000
v -5.000000 4.991234 -67.500000
v -2.500000 4.998078 -67.500000
v 0.000000 5.006967 -67.500000
v 2.500000 5.008224 -67.500000
v 5.000000 5.000618 -67.500000
v 7.500000 5.009023 -67.500000
v 10.000000 4.997337 -67.500000
v 12.500000 4.970239 -67.500000
v 15.000000 5.005573 -67.500000
v 17.500000 5.002767 -67.500000
v -17.500000 5.326256 -70.000000
v -15.000000 4.994450 -70.000000
v -12.500000 5.417758 -70.000000
v -10.000000 5.020096 -70.000000
v -7.500000 4.998541 -70.000000
v -5.000000 5.009620 -70.000000
v -2.500000 4.988154 -70.000000
v 0.000000 5.167105 -70.000000
v 2.500000 5.016956 -70.000000
v 5.000000 5.011827 -70.000000
v 7.500000 4.999780 -70.000000
v 10.000000 5.080086 -70.000000
v 12.500000 4.954149 -70.000000
v 15.000000 4.831695 -70.000000
v 17.500000 4.988942 -70.000000
v -17.500000 5.253661 -72.500000
v -15.000000 4.902328 -72.500000
v -12.500000 4.886695 -72.500000
v -10.000000 5.013805 -72.500000
v -7.500000 5.000554 -72.500000
v -5.000000 4.988393 -72.500000
v -2.500000 4.976382 -72.500000
v 0.000000 5.243747 -72.500000
v 2.500000 5.240156 -72.500000
v 5.000000 5.008455 -72.500000
v 7.500000 5.174071 -72.500000
v 10.000000 5.204035 -72.500000
v 12.500000 5.013928 -72.500000
v 15.000000 4.672246 -72.500000
v 17.500000 5.014990 -72.500000
v -17.500000 5.263958 -75.000000
v -15.000000 4.832549 -75.000000
v -12.500000 4.783872 -75.000000
v -10.000000 5.131696 -75.000000
v -7.500000 5.460402 -75.000000
v -5.000000 4.997891 -75.000000
v -2.500000 4.833945 -75.000000
v 0.000000 4.920108 -75.000000
v 2.500000 4.937385 -75.000000
v 5.000000 4.844377 -75.000000
v 7.500000 4.666146 -75.000000
v 10.000000 4.640893 -75.000000
v 12.500000 4.644646 -75.000000
v 15.000000 4.728788 -75.000000
v 17.500000 5.046453 -75.000000
v -17.500000 5.169431 -77.500000
v -15.000000 5.221461 -77.500000
v -12.500000 5.300704 -77.500000
v -10.000000 5.448834 -77.500000
v -7.500000 5.208643 -77.500000
v -5.000000 4.982691 -77.500000
v -2.500000 4.999604 -77.500000
v 0.000000 4.809246 -77.500000
v 2.500000 5.008242 -77.500000
v 5.000000 4.849924 -77.500000
v 7.500000 4.650896 -77.500000
v 10.000000 4.482531 -77.500000
v 12.500000 4.531077 -77.500000
v 15.000000 4.580087 -77.500000
v 17.500000 5.067139 -77.500000
v -17.500000 4.574286 -80.000000
v -15.000000 4.903440 -80.000000
v -12.500000 5.076803 -80.000000
v -10.000000 4.980553 -80.000000
v -7.500000 4.953415 -80.000000
v -5.000000 4.922024 -80.000000
v -2.500000 4.994755 -80.000000
v 0.000000 4.896129 -80.000000
v 2.500000 4.947669 -80.000000
v 5.000000 4.694478 -80.000000
v 7.500000 4.531309 -80.000000
v 10.000000 4.452626 -80.000000
v 12.500000 4.405955 -80.000000
v 15.000000 4.491782 -80.000000
v 17.500000 4.885585 -80.000000
v -17.500000 4.211620 -82.500000
v -15.000000 4.564603 -82.500000
v -12.500000 5.249043 -82.500000
v -10.000000 5.340981 -82.500000
v -7.500000 5.003603 -82.500000
v -5.000000 5.032572 -82.500000
v -2.500000 4.994759 -82.500000
v 0.000000 4.969856 -82.500000
v 2.500000 4.835597 -82.500000
v 5.000000 4.521348 -82.500000
v 7.500000 4.432871 -82.500000
v 10.000000 4.405251 -82.500000
v 12.500000 4.361723 -82.500000
v 15.000000 4.377326 -82.500000
v 17.500000 4.787935 -82.500000
v -17.500000 3.933817 -85.000000
v -15.000000 4.476471 -85.000000
v -12.500000 4.872583 -85.000000
v -10.000000 5.017169 -85.000000
v -7.500000 4.995782 -85.000000
v -5.000000 5.007733 -85.000000
v -2.500000 5.007261 -85.000000
v 0.000000 4.886143 -85.000000
v 2.500000 4.918757 -85.000000
v 5.000000 4.630417 -85.000000
v 7.500000 4.483407 -85.000000
v 10.000000 4.472183 -85.000000
v 12.500000 4.497439 -85.000000
v 15.000000 4.540658 -85.000000
v 17.500000 4.876588 -85.000000
v -17.500000 3.756919 -87.500000
v -15.000000 4.296175 -87.500000
v -12.500000 4.818070 -87.500000
v -10.000000 4.924889 -87.500000
v -7.500000 4.868104 -87.500000
v -5.000000 5.001457 -87.500000
v -2.500000 5.014891 -87.500000
v 0.000000 5.033083 -87.500000
v 2.500000 5.309201 -87.500000
v 5.000000 4.939501 -87.500000
v 7.500000 4.711463 -87.500000
v 10.000000 4.631259 -87.500000
v 12.500000 4.613108 -87.500000
v 15.000000 4.765996 -87.500000
v 17.500000 4.651491 -87.500000
v -17.500000 3.491125 -90.000000
v -15.000000 3.834694 -90.000000
v -12.500000 4.600763 -90.000000
v -10.000000 5.049957 -90.000000
v -7.500000 4.910812 -90.000000
v -5.000000 4.997761 -90.000000
v -2.500000 4.990207 -90.000000
v 0.000000 4.991126 -90.000000
v 2.500000 5.061148 -90.000000
v 5.000000 5.252315 -90.000000
v 7.500000 5.032278 -90.000000
v 10.000000 4.947081 -90.000000
v 12.500000 4.844275 -90.000000
v 15.000000 4.899678 -90.000000
v 17.500000 4.791444 -90.000000
v -17.500000 3.604433 -92.500000
v -15.000000 4.184596 -92.500000
v -12.500000 4.507188 -92.500000
v -10.000000 4.940707 -92.500000
v -7.500000 4.979247 -92.500000
v -5.000000 4.994710 -92.500000
v -2.500000 5.001739 -92.500000
v 0.000000 4.964318 -92.500000
v 2.500000 5.006389 -92.500000
v 5.000000 5.071086 -92.500000
v 7.500000 5.742004 -92.500000
v 10.000000 5.346268 -92.500000
v 12.500000 4.997118 -92.500000
v 15.000000 5.007985 -92.500000
v 17.500000 5.001050 -92.500000
v -17.500000 3.728905 -95.000000
v -15.000000 4.298086 -95.000000
v -12.500000 4.732419 -95.000000
v -10.000000 4.984989 -95.000000
v -7.500000 5.163192 -95.000000
v -5.000000 4.999957 -95.000000
v -2.500000 5.057810 -95.000000
v 0.000000 4.734931 -95.000000
v 2.500000 4.734718 -95.000000
v 5.000000 4.938447 -95.000000
v 7.500000 4.997007 -95.000000
v 10.000000 5.706091 -95.000000
v 12.500000 5.104196 -95.000000
v 15.000000 4.991259 -95.000000
v 17.500000 4.985875 -95.000000
v -17.500000 3.931509 -97.500000
v -15.000000 4.506607 -97.500000
v -12.500000 4.696781 -97.500000
v -10.000000 4.876956 -97.500000
v -7.500000 4.958982 -97.500000
v -5.000000 4.997632 -97.500000
v -2.500000 5.005270 -97.500000
v 0.000000 5.039762 -97.500000
v 2.500000 4.811167 -97.500000
v 5.000000 4.994106 -97.500000
v 7.500000 5.000464 -97.500000
v 10.000000 5.217706 -97.500000
v 12.500000 5.409213 -97.500000
v 15.000000 5.258321 -97.500000
v 17.500000 4.956644 -97.500000
v 22.500000 5.205619 97.500000
v 25.000000 5.012037 97.500000
v 27.500000 4.998640 97.500000
v 30.000000 5.006682 97.500000
v 32.500000 5.010383 97.500000
v 35.000000 5.116814 97.500000
v 37.500000 5.076877 97.500000
v 40.000000 5.374720 97.500000
v 42.500000 5.028394 97.500000
v 45.000000 4.987840 97.500000
v 47.500000 5.254485 97.500000
v 50.000000 5.021837 97.500000
v 52.500000 4.993599 97.500000
v 55.000000 4.561252 97.500000
v 57.500000 4.049840 97.500000
v 22.500000 4.930303 95.000000
v 25.000000 5.089320 95.000000
v 27.500000 5.093383 95.000000
v 30.000000 5.012852 95.000000
v 32.500000 4.993497 95.000000
v 35.000000 4.994985 95.000000
v 37.500000 5.000632 95.000000
v 40.000000 5.284807 95.000000
v 42.500000 4.916081 95.000000
v 45.000000 4.996815 95.000000
v 47.500000 4.958082 95.000000
v 50.000000 4.990699 95.000000
v 52.500000 5.036303 95.000000
v 55.000000 5.043274 95.000000
v 57.500000 4.560810 95.000000
v 22.500000 4.652575 92.500000
v 25.000000 4.888100 92.500000
v 27.500000 4.978184 92.500000
v 30.000000 5.012724 92.500000
v 32.500000 5.009664 92.500000
v 35.000000 5.002207 92.500000
v 37.500000 4.998690 92.500000
v 40.000000 5.019981 92.500000
v 42.500000 4.982422 92.500000
v 45.000000 4.997262 92.500000
v 47.500000 5.000133 92.500000
v 50.000000 4.998484 92.500000
v 52.500000 5.114809 92.500000
v 55.000000 5.004158 92.500000
v 57.500000 5.002246 92.500000
v 22.500000 4.420032 90.000000
v 25.000000 4.542263 90.000000
v 27.500000 4.786633 90.000000
v 30.000000 5.011757 90.000000
v 32.500000 5.015600 90.000000
v 35.000000 5.004325 90.000000
v 37.500000 5.000648 90.000000
v 40.000000 4.915277 90.000000
v 42.500000 5.000409 90.000000
v 45.000000 4.996852 90.000000
v 47.500000 4.999803 90.000000
v 50.000000 5.008838 90.000000
v 52.500000 5.101277 90.000000
v 55.000000 5.112778 90.000000
v 57.500000 4.990227 90.000000
v 22.500000 4.285425 87.500000
v 25.000000 4.494724 87.500000
v 27.500000 4.732626 87.500000
v 30.000000 4.999472 87.500000
v 32.500000 5.014791 87.500000
v 35.000000 5.007951 87.500000
v 37.500000 4.989401 87.500000
v 40.000000 4.947270 87.500000
v 42.500000 5.167697 87.500000
v 45.000000 5.003256 87.500000
v 47.500000 5.065575 87.500000
v 50.000000 4.803925 87.500000
v 52.500000 4.920350 87.500000
v 55.000000 5.308910 87.500000
v 57.500000 4.993777 87.500000
v 22.500000 4.345317 85.000000
v 25.000000 4.496620 85.000000
v 27.500000 4.715988 85.000000
v 30.000000 5.110090 85.000000
v 32.500000 4.987893 85.000000
v 35.000000 4.853242 85.000000
v 37.500000 4.856844 85.000000
v 40.000000 4.828891 85.000000
v 42.500000 5.042943 85.000000
v 45.000000 5.056873 85.000000
v 47.500000 5.027184 85.000000
v 50.000000 4.668903 85.000000
v 52.500000 4.953818 85.000000
v 55.000000 5.296556 85.000000
v 57.500000 5.317493 85.000000
v 22.500000 4.267163 82.500000
v 25.000000 4.585099 82.500000
v 27.500000 4.833444 82.500000
v 30.000000 5.057471 82.500000
v 32.500000 5.174577 82.500000
v 35.000000 5.141969 82.500000
v 37.500000 4.997181 82.500000
v 40.000000 4.699586 82.500000
v 42.500000 5.008556 82.500000
v 45.000000 5.106133 82.500000
v 47.500000 4.976379 82.500000
v 50.000000 4.745929 82.500000
v 52.500000 4.853478 82.500000
v 55.000000 4.996058 82.500000
v 57.500000 4.886409 82.500000
v 22.500000 4.327254 80.000000
v 25.000000 4.706111 80.000000
v 27.500000 4.983192 80.000000
v 30.000000 4.991626 80.000000
v 32.500000 4.995106 80.000000
v 35.000000 5.380793 80.000000
v 37.500000 5.490071 80.000000
v 40.000000 4.785018 80.000000
v 42.500000 5.205356 80.000000
v 45.000000 5.009447 80.000000
v 47.500000 4.998916 80.000000
v 50.000000 4.991369 80.000000
v 52.500000 4.832212 80.000000
v 55.000000 4.992644 80.000000
v 57.500000 5.213230 80.000000
v 22.500000 4.658483 77.500000
v 25.000000 4.999568 77.500000
v 27.500000 4.962305 77.500000
v 30.000000 4.981557 77.500000
v 32.500000 5.207262 77.500000
v 35.000000 5.551738 77.500000
v 37.500000 5.465384 77.500000
v 40.000000 5.008842 77.500000
v 42.500000 4.965031 77.500000
v 45.000000 5.000166 77.500000
v 47.500000 5.003850 77.500000
v 50.000000 4.687919 77.500000
v 52.500000 4.915363 77.500000
v 55.000000 5.178459 77.500000
v 57.500000 5.097656 77.500000
v 22.500000 5.075183 75.000000
v 25.000000 4.995841 75.000000
v 27.500000 4.998262 75.000000
v 30.000000 4.965195 75.000000
v 32.500000 5.239545 75.000000
v 35.000000 5.207404 75.000000
v 37.500000 5.036666 75.000000
v 40.000000 4.990394 75.000000
v 42.500000 4.987149 75.000000
v 45.000000 4.996348 75.000000
v 47.500000 5.140578 75.000000
v 50.000000 5.031156 75.000000
v 52.500000 4.935857 75.000000
v 55.000000 5.092156 75.000000
v 57.500000 5.004869 75.000000
v 22.500000 5.022666 72.500000
v 25.000000 4.998228 72.500000
v 27.500000 4.998162 72.500000
v 30.000000 4.969826 72.500000
v 32.500000 4.993225 72.500000
v 35.000000 4.958791 72.500000
v 37.500000 4.987440 72.500000
v 40.000000 4.996531 72.500000
v 42.500000 4.997498 72.500000
v 45.000000 5.001284 72.500000
v 47.500000 5.020230 72.500000
v 50.000000 5.015751 72.500000
v 52.500000 4.942288 72.500000
v 55.000000 4.975558 72.500000
v 57.500000 5.118854 72.500000
v 22.500000 4.863748 70.000000
v 25.000000 4.993238 70.000000
v 27.500000 5.118367 70.000000
v 30.000000 5.027591 70.000000
v 32.500000 4.588192 70.000000
v 35.000000 4.752608 70.000000
v 37.500000 4.587193 70.000000
v 40.000000 4.851340 70.000000
v 42.500000 5.000175 70.000000
v 45.000000 5.004019 70.000000
v 47.500000 5.001859 70.000000
v 50.000000 4.996242 70.000000
v 52.500000 5.004272 70.000000
v 55.000000 4.942722 70.000000
v 57.500000 5.033430 70.000000
v 22.500000 4.412424 67.500000
v 25.000000 4.799330 67.500000
v 27.500000 5.009093 67.500000
v 30.000000 4.974851 67.500000
v 32.500000 4.875972 67.500000
v 35.000000 4.377042 67.500000
v 37.500000 4.905310 67.500000
v 40.000000 4.991218 67.500000
v 42.500000 5.067487 67.500000
v 45.000000 4.996898 67.500000
v 47.500000 5.008680 67.500000
v 50.000000 4.982890 67.500000
v 52.500000 5.006899 67.500000
v 55.000000 4.992602 67.500000
v 57.500000 4.965374 67.500000
v 22.500000 4.326488 65.000000
v 25.000000 4.389446 65.000000
v 27.500000 4.644667 65.000000
v 30.000000 5.433347 65.000000
v 32.500000 5.343884 65.000000
v 35.000000 5.170759 65.000000
v 37.500000 5.101476 65.000000
v 40.000000 5.036719 65.000000
v 42.500000 5.187756 65.000000
v 45.000000 5.169320 65.000000
v 47.500000 5.169512 65.000000
v 50.000000 4.991821 65.000000
v 52.500000 4.999514 65.000000
v 55.000000 4.999235 65.000000
v 57.500000 5.005887 65.000000
v 22.500000 5.006090 62.500000
v 25.000000 4.951256 62.500000
v 27.500000 5.010242 62.500000
v 30.000000 5.193735 62.500000
v 32.500000 5.068102 62.500000
v 35.000000 4.933826 62.500000
v 37.500000 5.223315 62.500000
v 40.000000 5.170979 62.500000
v 42.500000 5.445006 62.500000
v 45.000000 4.869313 62.500000
v 47.500000 4.733140 62.500000
v 50.000000 5.134675 62.500000
v 52.500000 5.006732 62.500000
v 55.000000 4.994130 62.500000
v 57.500000 5.013791 62.500000
v 22.500000 4.975187 57.500000
v 25.000000 4.944293 57.500000
v 27.500000 5.135182 57.500000
v 30.000000 5.004795 57.500000
v 32.500000 4.987079 57.500000
v 35.000000 4.996880 57.500000
v 37.500000 5.063653 57.500000
v 40.000000 5.217052 57.500000
v 42.500000 4.995653 57.500000
v 45.000000 5.006003 57.500000
v 47.500000 4.913251 57.500000
v 50.000000 4.824892 57.500000
v 52.500000 5.045109 57.500000
v 55.000000 4.855656 57.500000
v 57.500000 5.008361 57.500000
v 22.500000 5.071081 55.000000
v 25.000000 5.026145 55.000000
v 27.500000 4.953791 55.000000
v 30.000000 5.158766 55.000000
v 32.500000 5.009077 55.000000
v 35.000000 5.161098 55.000000
v 37.500000 5.193552 55.000000
v 40.000000 4.991045 55.000000
v 42.500000 4.999179 55.000000
v 45.000000 5.001169 55.000000
v 47.500000 5.263686 55.000000
v 50.000000 5.065609 55.000000
v 52.500000 5.246602 55.000000
v 55.000000 5.084955 55.000000
v 57.500000 5.111939 55.000000
v 22.500000 4.959693 52.500000
v 25.000000 4.633353 52.500000
v 27.500000 5.072823 52.500000
v 30.000000 5.410621 52.500000
v 32.500000 5.504315 52.500000
v 35.000000 5.183843 52.500000
v 37.500000 5.018024 52.500000
v 40.000000 4.996644 52.500000
v 42.500000 4.995141 52.500000
v 45.000000 4.997782 52.500000
v 47.500000 4.999471 52.500000
v 50.000000 4.991661 52.500000
v 52.500000 5.394566 52.500000
v 55.000000 5.195889 52.500000
v 57.500000 5.003530 52.500000
v 22.500000 4.935603 50.000000
v 25.000000 4.841780 50.000000
v 27.500000 5.135993 50.000000
v 30.000000 5.109023 50.000000
v 32.500000 5.303140 50.000000
v 35.000000 4.798355 50.000000
v 37.500000 4.958073 50.000000
v 40.000000 4.993535 50.000000
v 42.500000 5.006643 50.000000
v 45.000000 5.003357 50.000000
v 47.500000 4.990146 50.000000
v 50.000000 5.003797 50.000000
v 52.500000 5.004164 50.000000
v 55.000000 4.932929 50.000000
v 57.500000 4.928626 50.000000
v 22.500000 4.930087 47.500000
v 25.000000 4.995151 47.500000
v 27.500000 4.997200 47.500000
v 30.000000 4.994637 47.500000
v 32.500000 4.990584 47.500000
v 35.000000 4.970534 47.500000
v 37.500000 4.998980 47.500000
v 40.000000 4.871991 47.500000
v 42.500000 5.020096 47.500000
v 45.000000 4.997571 47.500000
v 47.500000 4.996599 47.500000
v 50.000000 4.964969 47.500000
v 52.500000 5.105870 47.500000
v 55.000000 4.804539 47.500000
v 57.500000 4.961725 47.500000
v 22.500000 5.049659 45.000000
v 25.000000 4.985842 45.000000
v 27.500000 4.991669 45.000000
v 30.000000 4.998818 45.000000
v 32.500000 4.996655 45.000000
v 35.000000 5.086598 45.000000
v 37.500000 5.375705 45.000000
v 40.000000 5.208128 45.000000
v 42.500000 5.195895 45.000000
v 45.000000 5.002244 45.000000
v 47.500000 5.000672 45.000000
v 50.000000 4.870305 45.000000
v 52.500000 4.852101 45.000000
v 55.000000 4.655657 45.000000
v 57.500000 4.897243 45.000000
v 22.500000 5.288603 42.500000
v 25.000000 5.926404 42.500000
v 27.500000 5.013176 42.500000
v 30.000000 5.109798 42.500000
v 32.500000 4.997143 42.500000
v 35.000000 4.879915 42.500000
v 37.500000 5.183269 42.500000
v 40.000000 5.012751 42.500000
v 42.500000 5.136749 42.500000
v 45.000000 4.991971 42.500000
v 47.500000 5.126260 42.500000
v 50.000000 4.945535 42.500000
v 52.500000 4.795884 42.500000
v 55.000000 5.079671 42.500000
v 57.500000 5.087205 42.500000
v 22.500000 4.971755 40.000000
v 25.000000 5.354904 40.000000
v 27.500000 5.111962 40.000000
v 30.000000 5.032435 40.000000
v 32.500000 4.936879 40.000000
v 35.000000 4.663041 40.000000
v 37.500000 4.893196 40.000000
v 40.000000 5.002735 40.000000
v 42.500000 4.835250 40.000000
v 45.000000 5.239721 40.000000
v 47.500000 5.178045 40.000000
v 50.000000 4.985394 40.000000
v 52.500000 5.007726 40.000000
v 55.000000 4.944873 40.000000
v 57.500000 5.000574 40.000000
v 22.500000 5.000221 37.500000
v 25.000000 4.992244 37.500000
v 27.500000 4.994318 37.500000
v 30.000000 4.990325 37.500000
v 32.500000 4.984611 37.500000
v 35.000000 4.812285 37.500000
v 37.500000 4.866699 37.500000
v 40.000000 5.011708 37.500000
v 42.500000 5.269220 37.500000
v 45.000000 5.383932 37.500000
v 47.500000 5.009347 37.500000
v 50.000000 5.010131 37.500000
v 52.500000 5.008220 37.500000
v 55.000000 5.039414 37.500000
v 57.500000 5.056050 37.500000
v 22.500000 4.820952 35.000000
v 25.000000 4.958756 35.000000
v 27.500000 4.986790 35.000000
v 30.000000 4.991507 35.000000
v 32.500000 5.006009 35.000000
v 35.000000 4.986856 35.000000
v 37.500000 4.821592 35.000000
v 40.000000 5.181118 35.000000
v 42.500000 5.170500 35.000000
v 45.000000 5.363286 35.000000
v 47.500000 5.025368 35.000000
v 50.000000 4.915564 35.000000
v 52.500000 4.997833 35.000000
v 55.000000 5.296868 35.000000
v 57.500000 5.421536 35.000000
v 22.500000 5.158387 32.500000
v 25.000000 5.269776 32.500000
v 27.500000 5.223384 32.500000
v 30.000000 5.006380 32.500000
v 32.500000 4.998659 32.500000
v 35.000000 4.949902 32.500000
v 37.500000 4.984214 32.500000
v 40.000000 5.070218 32.500000
v 42.500000 4.974507 32.500000
v 45.000000 5.487770 32.500000
v 47.500000 5.136613 32.500000
v 50.000000 4.991457 32.500000
v 52.500000 4.999098 32.500000
v 55.000000 5.007566 32.500000
v 57.500000 5.146800 32.500000
v 22.500000 5.202294 30.000000
v 25.000000 5.125740 30.000000
v 27.500000 5.074338 30.000000
v 30.000000 4.951462 30.000000
v 32.500000 4.629578 30.000000
v 35.000000 4.850601 30.000000
v 37.500000 4.853344 30.000000
v 40.000000 5.003326 30.000000
v 42.500000 5.007580 30.000000
v 45.000000 5.188662 30.000000
v 47.500000 4.838500 30.000000
v 50.000000 4.914146 30.000000
v 52.500000 5.009900 30.000000
v 55.000000 4.998510 30.000000
v 57.500000 4.949756 30.000000
v 22.500000 4.989739 27.500000
v 25.000000 4.987659 27.500000
v 27.500000 4.988898 27.500000
v 30.000000 4.992524 27.500000
v 32.500000 4.947432 27.500000
v 35.000000 4.834166 27.500000
v 37.500000 4.589422 27.500000
v 40.000000 4.919034 27.500000
v 42.500000 4.995706 27.500000
v 45.000000 4.997365 27.500000
v 47.500000 4.712716 27.500000
v 50.000000 5.012664 27.500000
v 52.500000 4.988823 27.500000
v 55.000000 5.001278 27.500000
v 57.500000 5.002501 27.500000
v 22.500000 5.013770 25.000000
v 25.000000 5.007367 25.000000
v 27.500000 5.007070 25.000000
v 30.000000 5.011376 25.000000
v 32.500000 5.068435 25.000000
v 35.000000 4.911257 25.000000
v 37.500000 5.165893 25.000000
v 40.000000 5.005157 25.000000
v 42.500000 4.873340 25.000000
v 45.000000 4.999116 25.000000
v 47.500000 4.860517 25.000000
v 50.000000 4.926570 25.000000
v 52.500000 4.981329 25.000000
v 55.000000 4.872427 25.000000
v 57.500000 5.002280 25.000000
v 22.500000 5.028580 22.500000
v 25.000000 4.994060 22.500000
v 27.500000 5.103522 22.500000
v 30.000000 5.253283 22.500000
v 32.500000 5.086643 22.500000
v 35.000000 5.165153 22.500000
v 37.500000 5.646365 22.500000
v 40.000000 5.297468 22.500000
v 42.500000 4.928938 22.500000
v 45.000000 4.997622 22.500000
v 47.500000 4.774158 22.500000
v 50.000000 4.713683 22.500000
v 52.500000 4.850420 22.500000
v 55.000000 5.074707 22.500000
v 57.500000 4.814750 22.500000
v 22.500000 4.879710 17.500000
v 25.000000 5.001560 17.500000
v 27.500000 4.994407 17.500000
v 30.000000 5.183074 17.500000
v 32.500000 5.056889 17.500000
v 35.000000 5.027398 17.500000
v 37.500000 5.137759 17.500000
v 40.000000 5.022302 17.500000
v 42.500000 4.518832 17.500000
v 45.000000 4.323178 17.500000
v 47.500000 4.344911 17.500000
v 50.000000 3.923690 17.500000
v 52.500000 3.946461 17.500000
v 55.000000 4.115284 17.500000
v 57.500000 4.598934 17.500000
v 22.500000 4.755510 15.000000
v 25.000000 5.011019 15.000000
v 27.500000 4.995475 15.000000
v 30.000000 5.041012 15.000000
v 32.500000 4.887929 15.000000
v 35.000000 4.951774 15.000000
v 37.500000 4.953528 15.000000
v 40.000000 4.415171 15.000000
v 42.500000 4.225713 15.000000
v 45.000000 3.788581 15.000000
v 47.500000 3.697556 15.000000
v 50.000000 3.617962 15.000000
v 52.500000 3.607036 15.000000
v 55.000000 3.627726 15.000000
v 57.500000 3.985054 15.000000
v 22.500000 4.781281 12.500000
v 25.000000 4.987530 12.500000
v 27.500000 4.996616 12.500000
v 30.000000 5.005531 12.500000
v 32.500000 4.991622 12.500000
v 35.000000 5.011615 12.500000
v 37.500000 4.792260 12.500000
v 40.000000 4.302864 12.500000
v 42.500000 3.739207 12.500000
v 45.000000 3.321548 12.500000
v 47.500000 3.453818 12.500000
v 50.000000 3.406761 12.500000
v 52.500000 3.387199 12.500000
v 55.000000 3.485552 12.500000
v 57.500000 3.651202 12.500000
v 22.500000 5.001134 10.000000
v 25.000000 5.235120 10.000000
v 27.500000 5.041637 10.000000
v 30.000000 5.005105 10.000000
v 32.500000 4.999447 10.000000
v 35.000000 4.983469 10.000000
v 37.500000 4.698878 10.000000
v 40.000000 4.269277 10.000000
v 42.500000 3.925031 10.000000
v 45.000000 3.333615 10.000000
v 47.500000 3.417773 10.000000
v 50.000000 3.297709 10.000000
v 52.500000 3.249533 10.000000
v 55.000000 3.372214 10.000000
v 57.500000 3.597035 10.000000
v 22.500000 5.010052 7.500000
v 25.000000 5.291569 7.500000
v 27.500000 5.094122 7.500000
v 30.000000 5.176719 7.500000
v 32.500000 5.014680 7.500000
v 35.000000 4.704947 7.500000
v 37.500000 4.471231 7.500000
v 40.000000 4.231874 7.500000
v 42.500000 4.078917 7.500000
v 45.000000 3.677562 7.500000
v 47.500000 3.408151 7.500000
v 50.000000 3.225837 7.500000
v 52.500000 3.232854 7.500000
v 55.000000 3.383937 7.500000
v 57.500000 3.343329 7.500000
v 22.500000 4.964180 5.000000
v 25.000000 5.105952 5.000000
v 27.500000 4.987634 5.000000
v 30.000000 5.129151 5.000000
v 32.500000 5.304284 5.000000
v 35.000000 5.231440 5.000000
v 37.500000 4.811367 5.000000
v 40.000000 4.485590 5.000000
v 42.500000 4.366238 5.000000
v 45.000000 3.876905 5.000000
v 47.500000 3.418618 5.000000
v 50.000000 3.313868 5.000000
v 52.500000 3.299841 5.000000
v 55.000000 3.353204 5.000000
v 57.500000 3.185740 5.000000
v 22.500000 4.953062 2.500000
v 25.000000 4.569806 2.500000
v 27.500000 5.049921 2.500000
v 30.000000 5.065615 2.500000
v 32.500000 5.018488 2.500000
v 35.000000 5.174357 2.500000
v 37.500000 4.886310 2.500000
v 40.000000 4.484359 2.500000
v 42.500000 4.342707 2.500000
v 45.000000 3.916882 2.500000
v 47.500000 3.647753 2.500000
v 50.000000 3.513760 2.500000
v 52.500000 3.492404 2.500000
v 55.000000 3.143122 2.500000
v 57.500000 3.310832 2.500000
v 22.500000 4.920676 0.000000
v 25.000000 4.961833 0.000000
v 27.500000 4.992523 0.000000
v 30.000000 5.001179 0.000000
v 32.500000 4.896771 0.000000
v 35.000000 4.997346 0.000000
v 37.500000 5.048462 0.000000
v 40.000000 4.692205 0.000000
v 42.500000 4.317051 0.000000
v 45.000000 3.967377 0.000000
v 47.500000 3.911358 0.000000
v 50.000000 3.982926 0.000000
v 52.500000 3.770847 0.000000
v 55.000000 3.860070 0.000000
v 57.500000 3.768811 0.000000
v 22.500000 4.963746 -2.500000
v 25.000000 5.096590 -2.500000
v 27.500000 5.129816 -2.500000
v 30.000000 4.992848 -2.500000
v 32.500000 4.910375 -2.500000
v 35.000000 5.025762 -2.500000
v 37.500000 5.003472 -2.500000
v 40.000000 4.939792 -2.500000
v 42.500000 4.540555 -2.500000
v 45.000000 4.084579 -2.500000
v 47.500000 4.237664 -2.500000
v 50.000000 4.135564 -2.500000
v 52.500000 4.135348 -2.500000
v 55.000000 4.172013 -2.500000
v 57.500000 4.374313 -2.500000
v 22.500000 5.334533 -5.000000
v 25.000000 5.264915 -5.000000
v 27.500000 5.172917 -5.000000
v 30.000000 5.035702 -5.000000
v 32.500000 4.902461 -5.000000
v 35.000000 4.910257 -5.000000
v 37.500000 5.003739 -5.000000
v 40.000000 4.987304 -5.000000
v 42.500000 4.947521 -5.000000
v 45.000000 4.470391 -5.000000
v 47.500000 4.525253 -5.000000
v 50.000000 4.538073 -5.000000
v 52.500000 4.551938 -5.000000
v 55.000000 4.613436 -5.000000
v 57.500000 4.787111 -5.000000
v 22.500000 5.277481 -7.500000
v 25.000000 5.027539 -7.500000
v 27.500000 5.087422 -7.500000
v 30.000000 4.996862 -7.500000
v 32.500000 4.554488 -7.500000
v 35.000000 4.867201 -7.500000
v 37.500000 5.005822 -7.500000
v 40.000000 4.987553 -7.500000
v 42.500000 4.846129 -7.500000
v 45.000000 4.497900 -7.500000
v 47.500000 4.873288 -7.500000
v 50.000000 5.001576 -7.500000
v 52.500000 4.985914 -7.500000
v 55.000000 4.855794 -7.500000
v 57.500000 4.948395 -7.500000
v 22.500000 5.193791 -10.000000
v 25.000000 4.991443 -10.000000
v 27.500000 4.992141 -10.000000
v 30.000000 4.930379 -10.000000
v 32.500000 4.753355 -10.000000
v 35.000000 4.760473 -10.000000
v 37.500000 4.919963 -10.000000
v 40.000000 5.001027 -10.000000
v 42.500000 4.775283 -10.000000
v 45.000000 4.756384 -10.000000
v 47.500000 4.885774 -10.000000
v 50.000000 4.973277 -10.000000
v 52.500000 4.910749 -10.000000
v 55.000000 4.971821 -10.000000
v 57.500000 4.943281 -10.000000
v 22.500000 5.056018 -12.500000
v 25.000000 4.855652 -12.500000
v 27.500000 4.761185 -12.500000
v 30.000000 5.022095 -12.500000
v 32.500000 4.912830 -12.500000
v 35.000000 4.968752 -12.500000
v 37.500000 5.067256 -12.500000
v 40.000000 4.999993 -12.500000
v 42.500000 4.998615 -12.500000
v 45.000000 4.857625 -12.500000
v 47.500000 4.992189 -12.500000
v 50.000000 5.009382 -12.500000
v 52.500000 5.140898 -12.500000
v 55.000000 5.154339 -12.500000
v 57.500000 5.097315 -12.500000
v 22.500000 5.292233 -15.000000
v 25.000000 4.894140 -15.000000
v 27.500000 5.005734 -15.000000
v 30.000000 4.995768 -15.000000
v 32.500000 4.788498 -15.000000
v 35.000000 4.997638 -15.000000
v 37.500000 5.010292 -15.000000
v 40.000000 5.002297 -15.000000
v 42.500000 5.043406 -15.000000
v 45.000000 5.060953 -15.000000
v 47.500000 4.999287 -15.000000
v 50.000000 5.008008 -15.000000
v 52.500000 5.277894 -15.000000
v 55.000000 5.083385 -15.000000
v 57.500000 4.992836 -15.000000
v 22.500000 5.031054 -17.500000
v 25.000000 4.998777 -17.500000
v 27.500000 5.055877 -17.500000
v 30.000000 5.000633 -17.500000
v 32.500000 4.998477 -17.500000
v 35.000000 5.004525 -17.500000
v 37.500000 4.878413 -17.500000
v 40.000000 5.095861 -17.500000
v 42.500000 5.199061 -17.500000
v 45.000000 5.212177 -17.500000
v 47.500000 5.049181 -17.500000
v 50.000000 4.940547 -17.500000
v 52.500000 4.969443 -17.500000
v 55.000000 4.986296 -17.500000
v 57.500000 4.712737 -17.500000
v 22.500000 4.740504 -22.500000
v 25.000000 4.553838 -22.500000
v 27.500000 4.746006 -22.500000
v 30.000000 4.845860 -22.500000
v 32.500000 4.989425 -22.500000
v 35.000000 4.996724 -22.500000
v 37.500000 4.976624 -22.500000
v 40.000000 4.506572 -22.500000
v 42.500000 4.848662 -22.500000
v 45.000000 4.799378 -22.500000
v 47.500000 4.553220 -22.500000
v 50.000000 4.687508 -22.500000
v 52.500000 4.900481 -22.500000
v 55.000000 4.810555 -22.500000
v 57.500000 5.005956 -22.500000
v 22.500000 5.005391 -25.000000
v 25.000000 5.005662 -25.000000
v 27.500000 4.791479 -25.000000
v 30.000000 4.738098 -25.000000
v 32.500000 4.999615 -25.000000
v 35.000000 4.998323 -25.000000
v 37.500000 5.022759 -25.000000
v 40.000000 5.192477 -25.000000
v 42.500000 5.150089 -25.000000
v 45.000000 5.213201 -25.000000
v 47.500000 4.703405 -25.000000
v 50.000000 4.997069 -25.000000
v 52.500000 4.945587 -25.000000
v 55.000000 5.010178 -25.000000
v 57.500000 5.339385 -25.000000
v 22.500000 4.999691 -27.500000
v 25.000000 4.986318 -27.500000
v 27.500000 5.101934 -27.500000
v 30.000000 4.879574 -27.500000
v 32.500000 5.438056 -27.500000
v 35.000000 5.163904 -27.500000
v 37.500000 5.012808 -27.500000
v 40.000000 5.089734 -27.500000
v 42.500000 5.113927 -27.500000
v 45.000000 5.058424 -27.500000
v 47.500000 5.253956 -27.500000
v 50.000000 5.222178 -27.500000
v 52.500000 5.347926 -27.500000
v 55.000000 5.078967 -27.500000
v 57.500000 5.045096 -27.500000
v 22.500000 4.947534 -30.000000
v 25.000000 5.032718 -30.000000
v 27.500000 5.323412 -30.000000
v 30.000000 4.939046 -30.000000
v 32.500000 5.097572 -30.000000
v 35.000000 5.052526 -30.000000
v 37.500000 4.845487 -30.000000
v 40.000000 4.990304 -30.000000
v 42.500000 4.885801 -30.000000
v 45.000000 4.977922 -30.000000
v 47.500000 5.382969 -30.000000
v 50.000000 5.773656 -30.000000
v 52.500000 5.496970 -30.000000
v 55.000000 5.036668 -30.000000
v 57.500000 4.965149 -30.000000
v 22.500000 4.750110 -32.500000
v 25.000000 4.927691 -32.500000
v 27.500000 4.995306 -32.500000
v 30.000000 4.927512 -32.500000
v 32.500000 5.001130 -32.500000
v 35.000000 4.993759 -32.500000
v 37.500000 4.907831 -32.500000
v 40.000000 4.645921 -32.500000
v 42.500000 5.018259 -32.500000
v 45.000000 4.749176 -32.500000
v 47.500000 5.167072 -32.500000
v 50.000000 5.460062 -32.500000
v 52.500000 5.440865 -32.500000
v 55.000000 4.977224 -32.500000
v 57.500000 4.923781 -32.500000
v 22.500000 4.880941 -35.000000
v 25.000000 4.750688 -35.000000
v 27.500000 5.002732 -35.000000
v 30.000000 5.002547 -35.000000
v 32.500000 5.002361 -35.000000
v 35.000000 5.001413 -35.000000
v 37.500000 5.009439 -35.000000
v 40.000000 4.712189 -35.000000
v 42.500000 4.900211 -35.000000
v 45.000000 4.938253 -35.000000
v 47.500000 5.031688 -35.000000
v 50.000000 5.249565 -35.000000
v 52.500000 4.993400 -35.000000
v 55.000000 5.077179 -35.000000
v 57.500000 5.191145 -35.000000
v 22.500000 5.033576 -37.500000
v 25.000000 4.885565 -37.500000
v 27.500000 5.004479 -37.500000
v 30.000000 5.012090 -37.500000
v 32.500000 4.996164 -37.500000
v 35.000000 4.770549 -37.500000
v 37.500000 4.957926 -37.500000
v 40.000000 4.995892 -37.500000
v 42.500000 4.919889 -37.500000
v 45.000000 4.803779 -37.500000
v 47.500000 5.058887 -37.500000
v 50.000000 4.998587 -37.500000
v 52.500000 4.992490 -37.500000
v 55.000000 5.016918 -37.500000
v 57.500000 5.196729 -37.500000
v 22.500000 4.847837 -40.000000
v 25.000000 5.044498 -40.000000
v 27.500000 4.996909 -40.000000
v 30.000000 5.004057 -40.000000
v 32.500000 4.915721 -40.000000
v 35.000000 4.705899 -40.000000
v 37.500000 4.919430 -40.000000
v 40.000000 4.932338 -40.000000
v 42.500000 4.759076 -40.000000
v 45.000000 4.714403 -40.000000
v 47.500000 4.998000 -40.000000
v 50.000000 4.943582 -40.000000
v 52.500000 4.976357 -40.000000
v 55.000000 5.013172 -40.000000
v 57.500000 5.035888 -40.000000
v 22.500000 4.559229 -42.500000
v 25.000000 4.817793 -42.500000
v 27.500000 4.998282 -42.500000
v 30.000000 5.263204 -42.500000
v 32.500000 4.912353 -42.500000
v 35.000000 4.714132 -42.500000
v 37.500000 4.816739 -42.500000
v 40.000000 4.693011 -42.500000
v 42.500000 4.587937 -42.500000
v 45.000000 4.823626 -42.500000
v 47.500000 4.811572 -42.500000
v 50.000000 4.950799 -42.500000
v 52.500000 4.993166 -42.500000
v 55.000000 4.999581 -42.500000
v 57.500000 4.915980 -42.500000
v 22.500000 4.648663 -45.000000
v 25.000000 4.886866 -45.000000
v 27.500000 5.021914 -45.000000
v 30.000000 5.179312 -45.000000
v 32.500000 4.879585 -45.000000
v 35.000000 4.892509 -45.000000
v 37.500000 4.855780 -45.000000
v 40.000000 4.476190 -45.000000
v 42.500000 4.236567 -45.000000
v 45.000000 5.019973 -45.000000
v 47.500000 5.039596 -45.000000
v 50.000000 4.964074 -45.000000
v 52.500000 5.000458 -45.000000
v 55.000000 5.003765 -45.000000
v 57.500000 4.986907 -45.000000
v 22.500000 4.775900 -47.500000
v 25.000000 4.919976 -47.500000
v 27.500000 5.012143 -47.500000
v 30.000000 4.980101 -47.500000
v 32.500000 4.953380 -47.500000
v 35.000000 4.992234 -47.500000
v 37.500000 5.004981 -47.500000
v 40.000000 4.889963 -47.500000
v 42.500000 4.693837 -47.500000
v 45.000000 4.950388 -47.500000
v 47.500000 5.005089 -47.500000
v 50.000000 4.979970 -47.500000
v 52.500000 5.011690 -47.500000
v 55.000000 4.686260 -47.500000
v 57.500000 4.540944 -47.500000
v 22.500000 4.908240 -50.000000
v 25.000000 4.976362 -50.000000
v 27.500000 4.986350 -50.000000
v 30.000000 5.072676 -50.000000
v 32.500000 4.871508 -50.000000
v 35.000000 4.565927 -50.000000
v 37.500000 4.439616 -50.000000
v 40.000000 4.029634 -50.000000
v 42.500000 4.123333 -50.000000
v 45.000000 3.975055 -50.000000
v 47.500000 4.428205 -50.000000
v 50.000000 4.666767 -50.000000
v 52.500000 4.674599 -50.000000
v 55.000000 4.293996 -50.000000
v 57.500000 3.928547 -50.000000
v 22.500000 4.999549 -52.500000
v 25.000000 4.961965 -52.500000
v 27.500000 4.940925 -52.500000
v 30.000000 4.735327 -52.500000
v 32.500000 4.305982 -52.500000
v 35.000000 3.967598 -52.500000
v 37.500000 3.667134 -52.500000
v 40.000000 3.471629 -52.500000
v 42.500000 3.347331 -52.500000
v 45.000000 3.324952 -52.500000
v 47.500000 3.782189 -52.500000
v 50.000000 4.032894 -52.500000
v 52.500000 3.744957 -52.500000
v 55.000000 3.411613 -52.500000
v 57.500000 3.345598 -52.500000
v 22.500000 4.995069 -55.000000
v 25.000000 4.968139 -55.000000
v 27.500000 4.334245 -55.000000
v 30.000000 4.107521 -55.000000
v 32.500000 3.816448 -55.000000
v 35.000000 3.329963 -55.000000
v 37.500000 2.982441 -55.000000
v 40.000000 2.869295 -55.000000
v 42.500000 2.840126 -55.000000
v 45.000000 3.041327 -55.000000
v 47.500000 3.419993 -55.000000
v 50.000000 3.516851 -55.000000
v 52.500000 3.626507 -55.000000
v 55.000000 3.031080 -55.000000
v 57.500000 2.772813 -55.000000
v 22.500000 5.021298 -57.500000
v 25.000000 4.682729 -57.500000
v 27.500000 4.079465 -57.500000
v 30.000000 3.596281 -57.500000
v 32.500000 3.154647 -57.500000
v 35.000000 2.761877 -57.500000
v 37.500000 2.482137 -57.500000
v 40.000000 2.338090 -57.500000
v 42.500000 2.317776 -57.500000
v 45.000000 2.655350 -57.500000
v 47.500000 3.075229 -57.500000
v 50.000000 3.282832 -57.500000
v 52.500000 3.338003 -57.500000
v 55.000000 2.483465 -57.500000
v 57.500000 2.287903 -57.500000
v 22.500000 4.787681 -62.500000
v 25.000000 4.052761 -62.500000
v 27.500000 3.374688 -62.500000
v 30.000000 2.772733 -62.500000
v 32.500000 2.301125 -62.500000
v 35.000000 1.871682 -62.500000
v 37.500000 1.527102 -62.500000
v 40.000000 1.318811 -62.500000
v 42.500000 0.911462 -62.500000
v 45.000000 1.389498 -62.500000
v 47.500000 1.902907 -62.500000
v 50.000000 2.005976 -62.500000
v 52.500000 2.501117 -62.500000
v 55.000000 1.934239 -62.500000
v 57.500000 1.167009 -62.500000
v 22.500000 4.654714 -65.000000
v 25.000000 4.084135 -65.000000
v 27.500000 3.109771 -65.000000
v 30.000000 2.470953 -65.000000
v 32.500000 2.068273 -65.000000
v 35.000000 1.579458 -65.000000
v 37.500000 1.210007 -65.000000
v 40.000000 0.989372 -65.000000
v 42.500000 0.877058 -65.000000
v 45.000000 1.054666 -65.000000
v 47.500000 1.615251 -65.000000
v 50.000000 1.759419 -65.000000
v 52.500000 2.233189 -65.000000
v 55.000000 1.846977 -65.000000
v 57.500000 1.412389 -65.000000
v 22.500000 4.784738 -67.500000
v 25.000000 3.888421 -67.500000
v 27.500000 3.077658 -67.500000
v 30.000000 2.472406 -67.500000
v 32.500000 1.893136 -67.500000
v 35.000000 1.401481 -67.500000
v 37.500000 1.096420 -67.500000
v 40.000000 0.604456 -67.500000
v 42.500000 0.600389 -67.500000
v 45.000000 0.857998 -67.500000
v 47.500000 1.186231 -67.500000
v 50.000000 1.573635 -67.500000
v 52.500000 2.096431 -67.500000
v 55.000000 1.854659 -67.500000
v 57.500000 1.349047 -67.500000
v 22.500000 4.403674 -70.000000
v 25.000000 3.861896 -70.000000
v 27.500000 3.542102 -70.000000
v 30.000000 2.651384 -70.000000
v 32.500000 1.880448 -70.000000
v 35.000000 1.391811 -70.000000
v 37.500000 0.999530 -70.000000
v 40.000000 0.615406 -70.000000
v 42.500000 0.592123 -70.000000
v 45.000000 0.855810 -70.000000
v 47.500000 1.131135 -70.000000
v 50.000000 1.567299 -70.000000
v 52.500000 2.081096 -70.000000
v 55.000000 1.857095 -70.000000
v 57.500000 1.187151 -70.000000
v 22.500000 4.462342 -72.500000
v 25.000000 3.807083 -72.500000
v 27.500000 3.505916 -72.500000
v 30.000000 2.704810 -72.500000
v 32.500000 2.008125 -72.500000
v 35.000000 1.541978 -72.500000
v 37.500000 1.183047 -72.500000
v 40.000000 1.050823 -72.500000
v 42.500000 0.841582 -72.500000
v 45.000000 1.010715 -72.500000
v 47.500000 1.464212 -72.500000
v 50.000000 1.727912 -72.500000
v 52.500000 1.944083 -72.500000
v 55.000000 1.896654 -72.500000
v 57.500000 1.796860 -72.500000
v 22.500000 4.723050 -75.000000
v 25.000000 4.028345 -75.000000
v 27.500000 3.491369 -75.000000
v 30.000000 2.921503 -75.000000
v 32.500000 2.255526 -75.000000
v 35.000000 1.826599 -75.000000
v 37.500000 1.480446 -75.000000
v 40.000000 1.154273 -75.000000
v 42.500000 1.138706 -75.000000
v 45.000000 1.086310 -75.000000
v 47.500000 1.329999 -75.000000
v 50.000000 1.665041 -75.000000
v 52.500000 1.739539 -75.000000
v 55.000000 1.730933 -75.000000
v 57.500000 1.876297 -75.000000
v 22.500000 5.374086 -77.500000
v 25.000000 4.945642 -77.500000
v 27.500000 3.866078 -77.500000
v 30.000000 3.318038 -77.500000
v 32.500000 2.668445 -77.500000
v 35.000000 2.216518 -77.500000
v 37.500000 1.907768 -77.500000
v 40.000000 1.665514 -77.500000
v 42.500000 1.422983 -77.500000
v 45.000000 1.570716 -77.500000
v 47.500000 1.717609 -77.500000
v 50.000000 1.471645 -77.500000
v 52.500000 1.796461 -77.500000
v 55.000000 1.726698 -77.500000
v 57.500000 1.829053 -77.500000
v 22.500000 5.578892 -80.000000
v 25.000000 5.087684 -80.000000
v 27.500000 4.360484 -80.000000
v 30.000000 3.387316 -80.000000
v 32.500000 3.197698 -80.000000
v 35.000000 2.734248 -80.000000
v 37.500000 2.449859 -80.000000
v 40.000000 2.332295 -80.000000
v 42.500000 2.391826 -80.000000
v 45.000000 2.304002 -80.000000
v 47.500000 2.088421 -80.000000
v 50.000000 1.844985 -80.000000
v 52.500000 1.854615 -80.000000
v 55.000000 1.848921 -80.000000
v 57.500000 1.898683 -80.000000
v 22.500000 5.477648 -82.500000
v 25.000000 5.109737 -82.500000
v 27.500000 4.512945 -82.500000
v 30.000000 3.747853 -82.500000
v 32.500000 3.527427 -82.500000
v 35.000000 3.530966 -82.500000
v 37.500000 3.190938 -82.500000
v 40.000000 3.082601 -82.500000
v 42.500000 3.195827 -82.500000
v 45.000000 2.769307 -82.500000
v 47.500000 2.416325 -82.500000
v 50.000000 2.181786 -82.500000
v 52.500000 1.969335 -82.500000
v 55.000000 2.034209 -82.500000
v 57.500000 2.068720 -82.500000
v 22.500000 5.004878 -85.000000
v 25.000000 4.998516 -85.000000
v 27.500000 4.950545 -85.000000
v 30.000000 4.269558 -85.000000
v 32.500000 3.808089 -85.000000
v 35.000000 3.937397 -85.000000
v 37.500000 4.015441 -85.000000
v 40.000000 3.712164 -85.000000
v 42.500000 3.451150 -85.000000
v 45.000000 3.077456 -85.000000
v 47.500000 2.741357 -85.000000
v 50.000000 2.533395 -85.000000
v 52.500000 2.295885 -85.000000
v 55.000000 2.449983 -85.000000
v 57.500000 2.206848 -85.000000
v 22.500000 4.986499 -87.500000
v 25.000000 5.020905 -87.500000
v 27.500000 4.780420 -87.500000
v 30.000000 4.992702 -87.500000
v 32.500000 4.766919 -87.500000
v 35.000000 4.456722 -87.500000
v 37.500000 4.254784 -87.500000
v 40.000000 4.149773 -87.500000
v 42.500000 3.861201 -87.500000
v 45.000000 3.477105 -87.500000
v 47.500000 3.097536 -87.500000
v 50.000000 2.781228 -87.500000
v 52.500000 2.809227 -87.500000
v 55.000000 2.889048 -87.500000
v 57.500000 2.759610 -87.500000
v 22.500000 4.892250 -90.000000
v 25.000000 4.624578 -90.000000
v 27.500000 4.913417 -90.000000
v 30.000000 5.017118 -90.000000
v 32.500000 5.051982 -90.000000
v 35.000000 4.849602 -90.000000
v 37.500000 4.850800 -90.000000
v 40.000000 4.733955 -90.000000
v 42.500000 4.321899 -90.000000
v 45.000000 4.133723 -90.000000
v 47.500000 3.785632 -90.000000
v 50.000000 3.636039 -90.000000
v 52.500000 3.418656 -90.000000
v 55.000000 3.313566 -90.000000
v 57.500000 3.382577 -90.000000
v 22.500000 5.102956 -92.500000
v 25.000000 4.809327 -92.500000
v 27.500000 4.875770 -92.500000
v 30.000000 5.116840 -92.500000
v 32.500000 4.972986 -92.500000
v 35.000000 5.002726 -92.500000
v 37.500000 4.674674 -92.500000
v 40.000000 4.390762 -92.500000
v 42.500000 4.262375 -92.500000
v 45.000000 4.093090 -92.500000
v 47.500000 4.311840 -92.500000
v 50.000000 4.360766 -92.500000
v 52.500000 4.090931 -92.500000
v 55.000000 4.043060 -92.500000
v 57.500000 4.285675 -92.500000
v 22.500000 5.003031 -95.000000
v 25.000000 5.184728 -95.000000
v 27.500000 4.919917 -95.000000
v 30.000000 5.006293 -95.000000
v 32.500000 5.145647 -95.000000
v 35.000000 4.613510 -95.000000
v 37.500000 4.241574 -95.000000
v 40.000000 4.025453 -95.000000
v 42.500000 3.758543 -95.000000
v 45.000000 3.504609 -95.000000
v 47.500000 3.531496 -95.000000
v 50.000000 3.746386 -95.000000
v 52.500000 4.055259 -95.000000
v 55.000000 4.033394 -95.000000
v 57.500000 4.449539 -95.000000
v 22.500000 5.002169 -97.500000
v 25.000000 5.004745 -97.500000
v 27.500000 5.006866 -97.500000
v 30.000000 4.994869 -97.500000
v 32.500000 4.752636 -97.500000
v 35.000000 4.490251 -97.500000
v 37.500000 4.228773 -97.500000
v 40.000000 3.703623 -97.500000
v 42.500000 3.296744 -97.500000
v 45.000000 3.159026 -97.500000
v 47.500000 3.117262 -97.500000
v 50.000000 3.177194 -97.500000
v 52.500000 3.344197 -97.500000
v 55.000000 3.601482 -97.500000
v 57.500000 3.925579 -97.500000
v 62.500000 3.367081 97.500000
v 65.000000 3.354035 97.500000
v 67.500000 3.527975 97.500000
v 70.000000 3.241209 97.500000
v 72.500000 3.032491 97.500000
v 75.000000 2.751054 97.500000
v 77.500000 2.454710 97.500000
v 80.000000 2.052229 97.500000
v 82.500000 1.719203 97.500000
v 85.000000 1.846566 97.500000
v 87.500000 1.910908 97.500000
v 90.000000 1.990636 97.500000
v 92.500000 2.432420 97.500000
v 95.000000 3.217882 97.500000
v 97.500000 3.965561 97.500000
v 62.500000 4.048722 95.000000
v 65.000000 4.310814 95.000000
v 67.500000 4.209678 95.000000
v 70.000000 3.307945 95.000000
v 72.500000 2.645182 95.000000
v 75.000000 2.450904 95.000000
v 77.500000 2.069887 95.000000
v 80.000000 1.699999 95.000000
v 82.500000 1.416675 95.000000
v 85.000000 1.626184 95.000000
v 87.500000 1.433766 95.000000
v 90.000000 1.702074 95.000000
v 92.500000 2.126783 95.000000
v 95.000000 2.606084 95.000000
v 97.500000 3.676392 95.000000
v 62.500000 4.731185 92.500000
v 65.000000 4.957431 92.500000
v 67.500000 4.538217 92.500000
v 70.000000 3.428135 92.500000
v 72.500000 2.684563 92.500000
v 75.000000 2.271348 92.500000
v 77.500000 2.132993 92.500000
v 80.000000 1.385835 92.500000
v 82.500000 1.201032 92.500000
v 85.000000 1.330214 92.500000
v 87.500000 1.260152 92.500000
v 90.000000 1.528132 92.500000
v 92.500000 2.006266 92.500000
v 95.000000 2.595246 92.500000
v 97.500000 3.031607 92.500000
v 62.500000 5.063230 90.000000
v 65.000000 4.916007 90.000000
v 67.500000 4.212667 90.000000
v 70.000000 3.382807 90.000000
v 72.500000 3.052219 90.000000
v 75.000000 2.447853 90.000000
v 77.500000 2.083624 90.000000
v 80.000000 1.504659 90.000000
v 82.500000 1.254202 90.000000
v 85.000000 1.348673 90.000000
v 87.500000 1.227215 90.000000
v 90.000000 1.756802 90.000000
v 92.500000 2.237040 90.000000
v 95.000000 2.595983 90.000000
v 97.500000 3.034355 90.000000
v 62.500000 5.109877 87.500000
v 65.000000 4.623901 87.500000
v 67.500000 4.031218 87.500000
v 70.000000 3.410083 87.500000
v 72.500000 2.837790 87.500000
v 75.000000 2.385026 87.500000
v 77.500000 1.607901 87.500000
v 80.000000 1.435689 87.500000
v 82.500000 1.363945 87.500000
v 85.000000 1.317845 87.500000
v 87.500000 1.650210 87.500000
v 90.000000 2.190341 87.500000
v 92.500000 2.282902 87.500000
v 95.000000 2.578437 87.500000
v 97.500000 2.923460 87.500000
v 62.500000 5.032492 85.000000
v 65.000000 4.568218 85.000000
v 67.500000 4.155864 85.000000
v 70.000000 3.641766 85.000000
v 72.500000 3.316085 85.000000
v 75.000000 2.813772 85.000000
v 77.500000 1.813439 85.000000
v 80.000000 1.681461 85.000000
v 82.500000 1.662185 85.000000
v 85.000000 1.510085 85.000000
v 87.500000 1.796925 85.000000
v 90.000000 2.084394 85.000000
v 92.500000 2.462727 85.000000
v 95.000000 2.849755 85.000000
v 97.500000 2.803576 85.000000
v 62.500000 4.914927 82.500000
v 65.000000 4.895673 82.500000
v 67.500000 4.742324 82.500000
v 70.000000 4.635261 82.500000
v 72.500000 3.659820 82.500000
v 75.000000 2.923602 82.500000
v 77.500000 2.517018 82.500000
v 80.000000 2.249115 82.500000
v 82.500000 2.087528 82.500000
v 85.000000 1.869774 82.500000
v 87.500000 2.557539 82.500000
v 90.000000 2.442132 82.500000
v 92.500000 2.724665 82.500000
v 95.000000 2.878045 82.500000
v 97.500000 2.741040 82.500000
v 62.500000 5.003819 80.000000
v 65.000000 4.555713 80.000000
v 67.500000 4.845152 80.000000
v 70.000000 4.332495 80.000000
v 72.500000 3.369049 80.000000
v 75.000000 2.900290 80.000000
v 77.500000 3.153131 80.000000
v 80.000000 2.935836 80.000000
v 82.500000 2.575137 80.000000
v 85.000000 2.512777 80.000000
v 87.500000 3.215812 80.000000
v 90.000000 2.928784 80.000000
v 92.500000 3.170405 80.000000
v 95.000000 2.980581 80.000000
v 97.500000 2.653071 80.000000
v 62.500000 5.007040 77.500000
v 65.000000 4.639001 77.500000
v 67.500000 4.936740 77.500000
v 70.000000 4.701456 77.500000
v 72.500000 4.059905 77.500000
v 75.000000 3.635334 77.500000
v 77.500000 3.581983 77.500000
v 80.000000 3.630911 77.500000
v 82.500000 3.469048 77.500000
v 85.000000 2.975897 77.500000
v 87.500000 3.608842 77.500000
v 90.000000 3.392175 77.500000
v 92.500000 3.460831 77.500000
v 95.000000 3.199977 77.500000
v 97.500000 3.032914 77.500000
v 62.500000 4.690119 75.000000
v 65.000000 4.844923 75.000000
v 67.500000 4.796441 75.000000
v 70.000000 4.986192 75.000000
v 72.500000 4.738138 75.000000
v 75.000000 4.372697 75.000000
v 77.500000 4.044992 75.000000
v 80.000000 3.919865 75.000000
v 82.500000 3.477371 75.000000
v 85.000000 3.451215 75.000000
v 87.500000 3.812849 75.000000
v 90.000000 3.970407 75.000000
v 92.500000 3.750551 75.000000
v 95.000000 3.478560 75.000000
v 97.500000 3.304570 75.000000
v 62.500000 4.858550 72.500000
v 65.000000 4.633289 72.500000
v 67.500000 4.878205 72.500000
v 70.000000 4.995310 72.500000
v 72.500000 4.983776 72.500000
v 75.000000 4.954513 72.500000
v 77.500000 4.667344 72.500000
v 80.000000 4.580784 72.500000
v 82.500000 4.174968 72.500000
v 85.000000 4.119105 72.500000
v 87.500000 4.449949 72.500000
v 90.000000 4.430787 72.500000
v 92.500000 4.097251 72.500000
v 95.000000 3.834578 72.500000
v 97.500000 3.732040 72.500000
v 62.500000 5.024840 70.000000
v 65.000000 4.997581 70.000000
v 67.500000 4.977908 70.000000
v 70.000000 5.086773 70.000000
v 72.500000 4.997802 70.000000
v 75.000000 5.003024 70.000000
v 77.500000 4.994089 70.000000
v 80.000000 5.001242 70.000000
v 82.500000 5.201510 70.000000
v 85.000000 5.500916 70.000000
v 87.500000 5.035132 70.000000
v 90.000000 4.772312 70.000000
v 92.500000 4.462649 70.000000
v 95.000000 4.444284 70.000000
v 97.500000 4.184304 70.000000
v 62.500000 5.004742 67.500000
v 65.000000 5.002668 67.500000
v 67.500000 5.240535 67.500000
v 70.000000 5.554249 67.500000
v 72.500000 5.161869 67.500000
v 75.000000 4.996901 67.500000
v 77.500000 5.006623 67.500000
v 80.000000 4.982374 67.500000
v 82.500000 5.172554 67.500000
v 85.000000 5.471227 67.500000
v 87.500000 5.137646 67.500000
v 90.000000 5.164476 67.500000
v 92.500000 4.857824 67.500000
v 95.000000 4.817316 67.500000
v 97.500000 4.928113 67.500000
v 62.500000 5.043971 65.000000
v 65.000000 5.291295 65.000000
v 67.500000 5.235443 65.000000
v 70.000000 5.032137 65.000000
v 72.500000 4.858583 65.000000
v 75.000000 4.960113 65.000000
v 77.500000 4.989178 65.000000
v 80.000000 5.003599 65.000000
v 82.500000 5.067144 65.000000
v 85.000000 5.307754 65.000000
v 87.500000 5.424058 65.000000
v 90.000000 5.115528 65.000000
v 92.500000 4.930883 65.000000
v 95.000000 5.181474 65.000000
v 97.500000 5.054451 65.000000
v 62.500000 4.896849 62.500000
v 65.000000 4.907535 62.500000
v 67.500000 4.936464 62.500000
v 70.000000 4.812524 62.500000
v 72.500000 4.830957 62.500000
v 75.000000 5.008881 62.500000
v 77.500000 5.009044 62.500000
v 80.000000 4.989725 62.500000
v 82.500000 5.003703 62.500000
v 85.000000 5.024174 62.500000
v 87.500000 5.252361 62.500000
v 90.000000 4.855553 62.500000
v 92.500000 4.861295 62.500000
v 95.000000 4.995256 62.500000
v 97.500000 5.004203 62.500000
v 62.500000 4.939272 57.500000
v 65.000000 4.682815 57.500000
v 67.500000 4.759849 57.500000
v 70.000000 4.747417 57.500000
v 72.500000 4.846325 57.500000
v 75.000000 4.910491 57.500000
v 77.500000 4.843679 57.500000
v 80.000000 4.858631 57.500000
v 82.500000 4.971083 57.500000
v 85.000000 5.268173 57.500000
v 87.500000 4.984226 57.500000
v 90.000000 4.478788 57.500000
v 92.500000 4.775314 57.500000
v 95.000000 5.253805 57.500000
v 97.500000 5.021492 57.500000
v 62.500000 5.011786 55.000000
v 65.000000 5.031990 55.000000
v 67.500000 4.892790 55.000000
v 70.000000 4.868523 55.000000
v 72.500000 4.926294 55.000000
v 75.000000 4.778637 55.000000
v 77.500000 4.735786 55.000000
v 80.000000 4.740836 55.000000
v 82.500000 4.849493 55.000000
v 85.000000 5.019856 55.000000
v 87.500000 4.758850 55.000000
v 90.000000 4.873775 55.000000
v 92.500000 5.033617 55.000000
v 95.000000 5.293118 55.000000
v 97.500000 5.105116 55.000000
v 62.500000 5.142633 52.500000
v 65.000000 5.023073 52.500000
v 67.500000 5.213223 52.500000
v 70.000000 4.997019 52.500000
v 72.500000 4.919837 52.500000
v 75.000000 4.758100 52.500000
v 77.500000 4.669324 52.500000
v 80.000000 4.335385 52.500000
v 82.500000 4.611853 52.500000
v 85.000000 4.941587 52.500000
v 87.500000 5.002410 52.500000
v 90.000000 5.003868 52.500000
v 92.500000 4.976800 52.500000
v 95.000000 5.022408 52.500000
v 97.500000 5.001885 52.500000
v 62.500000 5.288478 50.000000
v 65.000000 5.151540 50.000000
v 67.500000 5.190085 50.000000
v 70.000000 5.207972 50.000000
v 72.500000 5.167310 50.000000
v 75.000000 4.837326 50.000000
v 77.500000 4.437095 50.000000
v 80.000000 4.180777 50.000000
v 82.500000 4.422840 50.000000
v 85.000000 4.849097 50.000000
v 87.500000 4.887939 50.000000
v 90.000000 4.984039 50.000000
v 92.500000 5.279297 50.000000
v 95.000000 5.169319 50.000000
v 97.500000 5.058562 50.000000
v 62.500000 5.004766 47.500000
v 65.000000 4.783835 47.500000
v 67.500000 4.848058 47.500000
v 70.000000 4.821718 47.500000
v 72.500000 4.900727 47.500000
v 75.000000 4.976545 47.500000
v 77.500000 4.487319 47.500000
v 80.000000 4.524492 47.500000
v 82.500000 4.675729 47.500000
v 85.000000 4.960587 47.500000
v 87.500000 4.927080 47.500000
v 90.000000 5.084622 47.500000
v 92.500000 5.346516 47.500000
v 95.000000 5.138685 47.500000
v 97.500000 5.094446 47.500000
v 62.500000 4.998635 45.000000
v 65.000000 5.001220 45.000000
v 67.500000 4.753164 45.000000
v 70.000000 4.746563 45.000000
v 72.500000 4.185098 45.000000
v 75.000000 4.532099 45.000000
v 77.500000 4.799726 45.000000
v 80.000000 4.583254 45.000000
v 82.500000 4.707603 45.000000
v 85.000000 4.763942 45.000000
v 87.500000 4.615264 45.000000
v 90.000000 5.141083 45.000000
v 92.500000 5.474558 45.000000
v 95.000000 5.124624 45.000000
v 97.500000 4.949808 45.000000
v 62.500000 5.012333 42.500000
v 65.000000 5.003248 42.500000
v 67.500000 4.994943 42.500000
v 70.000000 4.502421 42.500000
v 72.500000 4.709083 42.500000
v 75.000000 4.283892 42.500000
v 77.500000 5.110484 42.500000
v 80.000000 5.098745 42.500000
v 82.500000 4.833589 42.500000
v 85.000000 4.327930 42.500000
v 87.500000 4.332327 42.500000
v 90.000000 5.000853 42.500000
v 92.500000 5.066510 42.500000
v 95.000000 5.008337 42.500000
v 97.500000 4.999148 42.500000
v 62.500000 4.996503 40.000000
v 65.000000 4.996193 40.000000
v 67.500000 4.990352 40.000000
v 70.000000 4.881980 40.000000
v 72.500000 4.912416 40.000000
v 75.000000 4.984704 40.000000
v 77.500000 5.103010 40.000000
v 80.000000 5.385533 40.000000
v 82.500000 5.010668 40.000000
v 85.000000 4.973566 40.000000
v 87.500000 5.006642 40.000000
v 90.000000 4.996377 40.000000
v 92.500000 4.998947 40.000000
v 95.000000 5.182003 40.000000
v 97.500000 5.253765 40.000000
v 62.500000 5.168613 37.500000
v 65.000000 5.051189 37.500000
v 67.500000 5.044068 37.500000
v 70.000000 4.990759 37.500000
v 72.500000 4.999250 37.500000
v 75.000000 4.901206 37.500000
v 77.500000 4.860292 37.500000
v 80.000000 5.138729 37.500000
v 82.500000 5.000325 37.500000
v 85.000000 5.003964 37.500000
v 87.500000 4.979780 37.500000
v 90.000000 4.997715 37.500000
v 92.500000 5.006931 37.500000
v 95.000000 5.240679 37.500000
v 97.500000 4.949773 37.500000
v 62.500000 4.731501 35.000000
v 65.000000 4.920991 35.000000
v 67.500000 5.064161 35.000000
v 70.000000 4.998281 35.000000
v 72.500000 4.847123 35.000000
v 75.000000 4.730174 35.000000
v 77.500000 4.515096 35.000000
v 80.000000 4.994476 35.000000
v 82.500000 4.988256 35.000000
v 85.000000 4.925881 35.000000
v 87.500000 4.637624 35.000000
v 90.000000 4.781015 35.000000
v 92.500000 5.003055 35.000000
v 95.000000 4.799544 35.000000
v 97.500000 4.447320 35.000000
v 62.500000 4.717150 32.500000
v 65.000000 4.972318 32.500000
v 67.500000 5.024417 32.500000
v 70.000000 4.977768 32.500000
v 72.500000 5.149685 32.500000
v 75.000000 5.090690 32.500000
v 77.500000 4.866489 32.500000
v 80.000000 4.930705 32.500000
v 82.500000 4.990145 32.500000
v 85.000000 4.891874 32.500000
v 87.500000 4.893181 32.500000
v 90.000000 5.069382 32.500000
v 92.500000 4.859671 32.500000
v 95.000000 4.813330 32.500000
v 97.500000 4.587193 32.500000
v 62.500000 4.991710 30.000000
v 65.000000 5.002852 30.000000
v 67.500000 5.019012 30.000000
v 70.000000 5.001678 30.000000
v 72.500000 5.010407 30.000000
v 75.000000 5.207779 30.000000
v 77.500000 5.302199 30.000000
v 80.000000 4.880987 30.000000
v 82.500000 5.025836 30.000000
v 85.000000 5.256392 30.000000
v 87.500000 4.999871 30.000000
v 90.000000 4.992510 30.000000
v 92.500000 4.997986 30.000000
v 95.000000 4.744106 30.000000
v 97.500000 4.636829 30.000000
v 62.500000 5.005251 27.500000
v 65.000000 4.991571 27.500000
v 67.500000 4.998591 27.500000
v 70.000000 4.994168 27.500000
v 72.500000 4.930118 27.500000
v 75.000000 4.883157 27.500000
v 77.500000 5.233559 27.500000
v 80.000000 5.126702 27.500000
v 82.500000 5.036029 27.500000
v 85.000000 5.061583 27.500000
v 87.500000 5.010580 27.500000
v 90.000000 4.991969 27.500000
v 92.500000 4.982355 27.500000
v 95.000000 4.970453 27.500000
v 97.500000 4.754343 27.500000
v 62.500000 5.033740 25.000000
v 65.000000 4.990667 25.000000
v 67.500000 4.977825 25.000000
v 70.000000 5.028525 25.000000
v 72.500000 5.005573 25.000000
v 75.000000 4.992788 25.000000
v 77.500000 5.189530 25.000000
v 80.000000 5.156001 25.000000
v 82.500000 5.087041 25.000000
v 85.000000 4.995918 25.000000
v 87.500000 4.719984 25.000000
v 90.000000 4.986388 25.000000
v 92.500000 4.987367 25.000000
v 95.000000 5.007788 25.000000
v 97.500000 4.841586 25.000000
v 62.500000 5.272940 22.500000
v 65.000000 5.138810 22.500000
v 67.500000 5.428652 22.500000
v 70.000000 5.011776 22.500000
v 72.500000 4.995608 22.500000
v 75.000000 5.001881 22.500000
v 77.500000 5.209969 22.500000
v 80.000000 5.145238 22.500000
v 82.500000 5.115561 22.500000
v 85.000000 5.117177 22.500000
v 87.500000 5.005041 22.500000
v 90.000000 4.995725 22.500000
v 92.500000 4.995808 22.500000
v 95.000000 4.993443 22.500000
v 97.500000 4.610592 22.500000
v 62.500000 5.432046 17.500000
v 65.000000 5.084477 17.500000
v 67.500000 5.039216 17.500000
v 70.000000 5.023416 17.500000
v 72.500000 4.892242 17.500000
v 75.000000 5.015999 17.500000
v 77.500000 5.001083 17.500000
v 80.000000 4.988472 17.500000
v 82.500000 4.716875 17.500000
v 85.000000 4.617174 17.500000
v 87.500000 4.559970 17.500000
v 90.000000 4.887933 17.500000
v 92.500000 4.936225 17.500000
v 95.000000 4.961699 17.500000
v 97.500000 4.980721 17.500000
v 62.500000 4.892699 15.000000
v 65.000000 4.711946 15.000000
v 67.500000 4.750891 15.000000
v 70.000000 5.037203 15.000000
v 72.500000 4.828242 15.000000
v 75.000000 4.996903 15.000000
v 77.500000 5.004764 15.000000
v 80.000000 4.943693 15.000000
v 82.500000 4.670222 15.000000
v 85.000000 4.724183 15.000000
v 87.500000 5.000612 15.000000
v 90.000000 4.972669 15.000000
v 92.500000 4.945644 15.000000
v 95.000000 5.035841 15.000000
v 97.500000 5.048724 15.000000
v 62.500000 4.500585 12.500000
v 65.000000 4.647097 12.500000
v 67.500000 4.892416 12.500000
v 70.000000 4.993974 12.500000
v 72.500000 4.997775 12.500000
v 75.000000 5.001169 12.500000
v 77.500000 5.009739 12.500000
v 80.000000 5.004982 12.500000
v 82.500000 5.002813 12.500000
v 85.000000 4.956101 12.500000
v 87.500000 4.988356 12.500000
v 90.000000 5.008033 12.500000
v 92.500000 5.008556 12.500000
v 95.000000 5.008092 12.500000
v 97.500000 5.007523 12.500000
v 62.500000 4.381236 10.000000
v 65.000000 4.639606 10.000000
v 67.500000 5.002407 10.000000
v 70.000000 5.002053 10.000000
v 72.500000 4.994694 10.000000
v 75.000000 4.992618 10.000000
v 77.500000 4.892745 10.000000
v 80.000000 5.163206 10.000000
v 82.500000 5.104064 10.000000
v 85.000000 5.005874 10.000000
v 87.500000 5.007727 10.000000
v 90.000000 4.993239 10.000000
v 92.500000 5.005985 10.000000
v 95.000000 4.985126 10.000000
v 97.500000 4.993482 10.000000
v 62.500000 4.289050 7.500000
v 65.000000 4.614028 7.500000
v 67.500000 4.994578 7.500000
v 70.000000 4.987052 7.500000
v 72.500000 5.008030 7.500000
v 75.000000 4.976285 7.500000
v 77.500000 5.132439 7.500000
v 80.000000 4.847902 7.500000
v 82.500000 4.744271 7.500000
v 85.000000 4.920649 7.500000
v 87.500000 5.000369 7.500000
v 90.000000 4.992154 7.500000
v 92.500000 4.999691 7.500000
v 95.000000 4.996095 7.500000
v 97.500000 5.046139 7.500000
v 62.500000 4.281848 5.000000
v 65.000000 4.697240 5.000000
v 67.500000 5.041096 5.000000
v 70.000000 5.187452 5.000000
v 72.500000 5.280656 5.000000
v 75.000000 5.051955 5.000000
v 77.500000 4.808978 5.000000
v 80.000000 4.600218 5.000000
v 82.500000 4.707267 5.000000
v 85.000000 4.971127 5.000000
v 87.500000 5.015482 5.000000
v 90.000000 5.032190 5.000000
v 92.500000 4.996904 5.000000
v 95.000000 5.071090 5.000000
v 97.500000 5.448233 5.000000
v 62.500000 4.416226 2.500000
v 65.000000 4.824729 2.500000
v 67.500000 5.263977 2.500000
v 70.000000 5.234770 2.500000
v 72.500000 5.178222 2.500000
v 75.000000 5.108563 2.500000
v 77.500000 4.990781 2.500000
v 80.000000 4.995337 2.500000
v 82.500000 4.912729 2.500000
v 85.000000 5.342198 2.500000
v 87.500000 5.000124 2.500000
v 90.000000 5.004186 2.500000
v 92.500000 5.015165 2.500000
v 95.000000 5.015196 2.500000
v 97.500000 5.307676 2.500000
v 62.500000 4.635963 0.000000
v 65.000000 5.041644 0.000000
v 67.500000 5.211771 0.000000
v 70.000000 5.154768 0.000000
v 72.500000 4.988569 0.000000
v 75.000000 4.996136 0.000000
v 77.500000 5.008558 0.000000
v 80.000000 5.004071 0.000000
v 82.500000 5.000014 0.000000
v 85.000000 4.926961 0.000000
v 87.500000 5.011267 0.000000
v 90.000000 5.010699 0.000000
v 92.500000 5.005404 0.000000
v 95.000000 5.000575 0.000000
v 97.500000 5.002051 0.000000
v 62.500000 4.971595 -2.500000
v 65.000000 5.011916 -2.500000
v 67.500000 5.401893 -2.500000
v 70.000000 5.211920 -2.500000
v 72.500000 4.934021 -2.500000
v 75.000000 5.008379 -2.500000
v 77.500000 5.005197 -2.500000
v 80.000000 5.104146 -2.500000
v 82.500000 5.117425 -2.500000
v 85.000000 5.043163 -2.500000
v 87.500000 4.996575 -2.500000
v 90.000000 5.005542 -2.500000
v 92.500000 5.025965 -2.500000
v 95.000000 4.999948 -2.500000
v 97.500000 5.003570 -2.500000
v 62.500000 5.015839 -5.000000
v 65.000000 5.002366 -5.000000
v 67.500000 5.319541 -5.000000
v 70.000000 5.454137 -5.000000
v 72.500000 5.015422 -5.000000
v 75.000000 4.996268 -5.000000
v 77.500000 5.010662 -5.000000
v 80.000000 5.190392 -5.000000
v 82.500000 5.305558 -5.000000
v 85.000000 5.200812 -5.000000
v 87.500000 5.020381 -5.000000
v 90.000000 4.934693 -5.000000
v 92.500000 4.999479 -5.000000
v 95.000000 4.921492 -5.000000
v 97.500000 4.786823 -5.000000
v 62.500000 4.987901 -7.500000
v 65.000000 4.961785 -7.500000
v 67.500000 5.277926 -7.500000
v 70.000000 5.172765 -7.500000
v 72.500000 5.097223 -7.500000
v 75.000000 5.003451 -7.500000
v 77.500000 5.001409 -7.500000
v 80.000000 5.507363 -7.500000
v 82.500000 5.291322 -7.500000
v 85.000000 5.055596 -7.500000
v 87.500000 4.845607 -7.500000
v 90.000000 5.011399 -7.500000
v 92.500000 5.009697 -7.500000
v 95.000000 5.042612 -7.500000
v 97.500000 4.692792 -7.500000
v 62.500000 4.899899 -10.000000
v 65.000000 4.982461 -10.000000
v 67.500000 5.176213 -10.000000
v 70.000000 5.264351 -10.000000
v 72.500000 5.005600 -10.000000
v 75.000000 5.010316 -10.000000
v 77.500000 4.997173 -10.000000
v 80.000000 5.048104 -10.000000
v 82.500000 5.087168 -10.000000
v 85.000000 4.926088 -10.000000
v 87.500000 4.714071 -10.000000
v 90.000000 5.001169 -10.000000
v 92.500000 4.998405 -10.000000
v 95.000000 4.992963 -10.000000
v 97.500000 4.695996 -10.000000
v 62.500000 4.871824 -12.500000
v 65.000000 4.599545 -12.500000
v 67.500000 5.004082 -12.500000
v 70.000000 4.988584 -12.500000
v 72.500000 5.072990 -12.500000
v 75.000000 4.963946 -12.500000
v 77.500000 4.957488 -12.500000
v 80.000000 4.680379 -12.500000
v 82.500000 4.923709 -12.500000
v 85.000000 5.097620 -12.500000
v 87.500000 4.817804 -12.500000
v 90.000000 5.009472 -12.500000
v 92.500000 5.001688 -12.500000
v 95.000000 4.996397 -12.500000
v 97.500000 4.987775 -12.500000
v 62.500000 4.450011 -15.000000
v 65.000000 4.953204 -15.000000
v 67.500000 4.949356 -15.000000
v 70.000000 4.945431 -15.000000
v 72.500000 4.815028 -15.000000
v 75.000000 4.893931 -15.000000
v 77.500000 4.898097 -15.000000
v 80.000000 4.962883 -15.000000
v 82.500000 4.898589 -15.000000
v 85.000000 5.111902 -15.000000
v 87.500000 4.932003 -15.000000
v 90.000000 5.060915 -15.000000
v 92.500000 4.992795 -15.000000
v 95.000000 5.043664 -15.000000
v 97.500000 4.992697 -15.000000
v 62.500000 4.821185 -17.500000
v 65.000000 4.988410 -17.500000
v 67.500000 5.009805 -17.500000
v 70.000000 5.004915 -17.500000
v 72.500000 5.012048 -17.500000
v 75.000000 4.989254 -17.500000
v 77.500000 4.957522 -17.500000
v 80.000000 5.007275 -17.500000
v 82.500000 4.927117 -17.500000
v 85.000000 5.035558 -17.500000
v 87.500000 5.141559 -17.500000
v 90.000000 5.166686 -17.500000
v 92.500000 5.096760 -17.500000
v 95.000000 5.372006 -17.500000
v 97.500000 5.180315 -17.500000
v 62.500000 4.725882 -22.500000
v 65.000000 4.931161 -22.500000
v 67.500000 4.996193 -22.500000
v 70.000000 4.911634 -22.500000
v 72.500000 4.986461 -22.500000
v 75.000000 4.999973 -22.500000
v 77.500000 4.999302 -22.500000
v 80.000000 5.031227 -22.500000
v 82.500000 4.745491 -22.500000
v 85.000000 4.870012 -22.500000
v 87.500000 4.866133 -22.500000
v 90.000000 4.825339 -22.500000
v 92.500000 4.888946 -22.500000
v 95.000000 4.963586 -22.500000
v 97.500000 4.996106 -22.500000
v 62.500000 5.063648 -25.000000
v 65.000000 4.987704 -25.000000
v 67.500000 4.941534 -25.000000
v 70.000000 4.990071 -25.000000
v 72.500000 4.994861 -25.000000
v 75.000000 5.008773 -25.000000
v 77.500000 5.009245 -25.000000
v 80.000000 4.993726 -25.000000
v 82.500000 4.999617 -25.000000
v 85.000000 5.126912 -25.000000
v 87.500000 5.001122 -25.000000
v 90.000000 5.011337 -25.000000
v 92.500000 4.902645 -25.000000
v 95.000000 4.979091 -25.000000
v 97.500000 5.016078 -25.000000
v 62.500000 5.273093 -27.500000
v 65.000000 5.122891 -27.500000
v 67.500000 4.942834 -27.500000
v 70.000000 4.738039 -27.500000
v 72.500000 4.955930 -27.500000
v 75.000000 4.988406 -27.500000
v 77.500000 5.009706 -27.500000
v 80.000000 5.214358 -27.500000
v 82.500000 5.310293 -27.500000
v 85.000000 5.016384 -27.500000
v 87.500000 5.008942 -27.500000
v 90.000000 5.005053 -27.500000
v 92.500000 4.731578 -27.500000
v 95.000000 4.967970 -27.500000
v 97.500000 5.214704 -27.500000
v 62.500000 4.971185 -30.000000
v 65.000000 5.057979 -30.000000
v 67.500000 5.004854 -30.000000
v 70.000000 4.886494 -30.000000
v 72.500000 4.933051 -30.000000
v 75.000000 5.045929 -30.000000
v 77.500000 5.054259 -30.000000
v 80.000000 4.992247 -30.000000
v 82.500000 5.140256 -30.000000
v 85.000000 4.894491 -30.000000
v 87.500000 5.031184 -30.000000
v 90.000000 4.782094 -30.000000
v 92.500000 4.985432 -30.000000
v 95.000000 5.183661 -30.000000
v 97.500000 5.307785 -30.000000
v 62.500000 5.036807 -32.500000
v 65.000000 5.091744 -32.500000
v 67.500000 5.151427 -32.500000
v 70.000000 5.253696 -32.500000
v 72.500000 4.993696 -32.500000
v 75.000000 4.980358 -32.500000
v 77.500000 4.906495 -32.500000
v 80.000000 4.619546 -32.500000
v 82.500000 4.807528 -32.500000
v 85.000000 5.024950 -32.500000
v 87.500000 5.015959 -32.500000
v 90.000000 5.413085 -32.500000
v 92.500000 5.345219 -32.500000
v 95.000000 4.966081 -32.500000
v 97.500000 5.059011 -32.500000
v 62.500000 5.241271 -35.000000
v 65.000000 5.131728 -35.000000
v 67.500000 5.041980 -35.000000
v 70.000000 4.993280 -35.000000
v 72.500000 4.993001 -35.000000
v 75.000000 4.997516 -35.000000
v 77.500000 4.852395 -35.000000
v 80.000000 4.922310 -35.000000
v 82.500000 4.920347 -35.000000
v 85.000000 5.042227 -35.000000
v 87.500000 5.001329 -35.000000
v 90.000000 5.351146 -35.000000
v 92.500000 5.364661 -35.000000
v 95.000000 4.992841 -35.000000
v 97.500000 4.997225 -35.000000
v 62.500000 5.470049 -37.500000
v 65.000000 5.054823 -37.500000
v 67.500000 4.991446 -37.500000
v 70.000000 5.006896 -37.500000
v 72.500000 5.009292 -37.500000
v 75.000000 4.751915 -37.500000
v 77.500000 5.142792 -37.500000
v 80.000000 4.745056 -37.500000
v 82.500000 4.703710 -37.500000
v 85.000000 4.889455 -37.500000
v 87.500000 5.003832 -37.500000
v 90.000000 4.780364 -37.500000
v 92.500000 4.973625 -37.500000
v 95.000000 5.004454 -37.500000
v 97.500000 4.998853 -37.500000
v 62.500000 5.010830 -40.000000
v 65.000000 5.147198 -40.000000
v 67.500000 4.997996 -40.000000
v 70.000000 5.007270 -40.000000
v 72.500000 5.012070 -40.000000
v 75.000000 5.045527 -40.000000
v 77.500000 5.101546 -40.000000
v 80.000000 5.001555 -40.000000
v 82.500000 4.920713 -40.000000
v 85.000000 5.074447 -40.000000
v 87.500000 5.009486 -40.000000
v 90.000000 4.991168 -40.000000
v 92.500000 4.844431 -40.000000
v 95.000000 5.019488 -40.000000
v 97.500000 5.003694 -40.000000
v 62.500000 5.157393 -42.500000
v 65.000000 5.019610 -42.500000
v 67.500000 5.001827 -42.500000
v 70.000000 5.008340 -42.500000
v 72.500000 4.980516 -42.500000
v 75.000000 5.145446 -42.500000
v 77.500000 5.006003 -42.500000
v 80.000000 5.019969 -42.500000
v 82.500000 4.865986 -42.500000
v 85.000000 4.736250 -42.500000
v 87.500000 5.006698 -42.500000
v 90.000000 4.988091 -42.500000
v 92.500000 4.983302 -42.500000
v 95.000000 4.997288 -42.500000
v 97.500000 4.994074 -42.500000
v 62.500000 4.979761 -45.000000
v 65.000000 4.950369 -45.000000
v 67.500000 5.004338 -45.000000
v 70.000000 5.014403 -45.000000
v 72.500000 5.219407 -45.000000
v 75.000000 5.044213 -45.000000
v 77.500000 5.009767 -45.000000
v 80.000000 4.998827 -45.000000
v 82.500000 4.926899 -45.000000
v 85.000000 4.882924 -45.000000
v 87.500000 4.989691 -45.000000
v 90.000000 4.994802 -45.000000
v 92.500000 5.010496 -45.000000
v 95.000000 4.783902 -45.000000
v 97.500000 4.696384 -45.000000
v 62.500000 4.278194 -47.500000
v 65.000000 4.022746 -47.500000
v 67.500000 4.083622 -47.500000
v 70.000000 4.449119 -47.500000
v 72.500000 4.728659 -47.500000
v 75.000000 4.786063 -47.500000
v 77.500000 4.832459 -47.500000
v 80.000000 4.968841 -47.500000
v 82.500000 5.045979 -47.500000
v 85.000000 4.838702 -47.500000
v 87.500000 5.360884 -47.500000
v 90.000000 5.162085 -47.500000
v 92.500000 5.012249 -47.500000
v 95.000000 4.932446 -47.500000
v 97.500000 4.911639 -47.500000
v 62.500000 3.603595 -50.000000
v 65.000000 3.367965 -50.000000
v 67.500000 3.481845 -50.000000
v 70.000000 3.875507 -50.000000
v 72.500000 4.022015 -50.000000
v 75.000000 4.398861 -50.000000
v 77.500000 4.865595 -50.000000
v 80.000000 5.098936 -50.000000
v 82.500000 4.982040 -50.000000
v 85.000000 4.743994 -50.000000
v 87.500000 5.112493 -50.000000
v 90.000000 4.995192 -50.000000
v 92.500000 5.011788 -50.000000
v 95.000000 4.994914 -50.000000
v 97.500000 4.995832 -50.000000
v 62.500000 2.947628 -52.500000
v 65.000000 2.916301 -52.500000
v 67.500000 2.991105 -52.500000
v 70.000000 3.186965 -52.500000
v 72.500000 3.431378 -52.500000
v 75.000000 3.645865 -52.500000
v 77.500000 4.419637 -52.500000
v 80.000000 4.989110 -52.500000
v 82.500000 5.035081 -52.500000
v 85.000000 5.035751 -52.500000
v 87.500000 5.000580 -52.500000
v 90.000000 4.805104 -52.500000
v 92.500000 4.996673 -52.500000
v 95.000000 5.003530 -52.500000
v 97.500000 5.012190 -52.500000
v 62.500000 2.356789 -55.000000
v 65.000000 2.288779 -55.000000
v 67.500000 2.414308 -55.000000
v 70.000000 2.860412 -55.000000
v 72.500000 3.040392 -55.000000
v 75.000000 3.302315 -55.000000
v 77.500000 3.808676 -55.000000
v 80.000000 4.317583 -55.000000
v 82.500000 4.899423 -55.000000
v 85.000000 5.058362 -55.000000
v 87.500000 5.237291 -55.000000
v 90.000000 4.985036 -55.000000
v 92.500000 5.153001 -55.000000
v 95.000000 5.007487 -55.000000
v 97.500000 4.994159 -55.000000
v 62.500000 1.755767 -57.500000
v 65.000000 1.734040 -57.500000
v 67.500000 1.841859 -57.500000
v 70.000000 2.145931 -57.500000
v 72.500000 2.404669 -57.500000
v 75.000000 2.865606 -57.500000
v 77.500000 3.212428 -57.500000
v 80.000000 3.894651 -57.500000
v 82.500000 4.563279 -57.500000
v 85.000000 5.303749 -57.500000
v 87.500000 5.468968 -57.500000
v 90.000000 5.179179 -57.500000
v 92.500000 5.266044 -57.500000
v 95.000000 5.225806 -57.500000
v 97.500000 5.007408 -57.500000
v 62.500000 1.011719 -62.500000
v 65.000000 0.861919 -62.500000
v 67.500000 1.015171 -62.500000
v 70.000000 1.582769 -62.500000
v 72.500000 1.774139 -62.500000
v 75.000000 2.219315 -62.500000
v 77.500000 3.018246 -62.500000
v 80.000000 3.334034 -62.500000
v 82.500000 3.839260 -62.500000
v 85.000000 4.715902 -62.500000
v 87.500000 5.027320 -62.500000
v 90.000000 5.024886 -62.500000
v 92.500000 5.488797 -62.500000
v 95.000000 5.260727 -62.500000
v 97.500000 5.069369 -62.500000
v 62.500000 0.999781 -65.000000
v 65.000000 0.566711 -65.000000
v 67.500000 0.997232 -65.000000
v 70.000000 1.414669 -65.000000
v 72.500000 1.664492 -65.000000
v 75.000000 2.077919 -65.000000
v 77.500000 2.667696 -65.000000
v 80.000000 3.256938 -65.000000
v 82.500000 3.893726 -65.000000
v 85.000000 4.434630 -65.000000
v 87.500000 4.917823 -65.000000
v 90.000000 5.221131 -65.000000
v 92.500000 5.315898 -65.000000
v 95.000000 5.200438 -65.000000
v 97.500000 4.922449 -65.000000
v 62.500000 0.744126 -67.500000
v 65.000000 0.446690 -67.500000
v 67.500000 0.951044 -67.500000
v 70.000000 1.588434 -67.500000
v 72.500000 2.077984 -67.500000
v 75.000000 2.462241 -67.500000
v 77.500000 2.656966 -67.500000
v 80.000000 3.251786 -67.500000
v 82.500000 3.923398 -67.500000
v 85.000000 4.219061 -67.500000
v 87.500000 4.922308 -67.500000
v 90.000000 5.164298 -67.500000
v 92.500000 5.450557 -67.500000
v 95.000000 5.295293 -67.500000
v 97.500000 4.991330 -67.500000
v 62.500000 0.862815 -70.000000
v 65.000000 0.515194 -70.000000
v 67.500000 0.894909 -70.000000
v 70.000000 1.612970 -70.000000
v 72.500000 2.110981 -70.000000
v 75.000000 2.156514 -70.000000
v 77.500000 2.694888 -70.000000
v 80.000000 3.526318 -70.000000
v 82.500000 4.011176 -70.000000
v 85.000000 4.730176 -70.000000
v 87.500000 5.024576 -70.000000
v 90.000000 5.192465 -70.000000
v 92.500000 5.358728 -70.000000
v 95.000000 5.214300 -70.000000
v 97.500000 4.751598 -70.000000
v 62.500000 0.931624 -72.500000
v 65.000000 0.849267 -72.500000
v 67.500000 0.911405 -72.500000
v 70.000000 1.453210 -72.500000
v 72.500000 1.899713 -72.500000
v 75.000000 2.207085 -72.500000
v 77.500000 2.509115 -72.500000
v 80.000000 3.473181 -72.500000
v 82.500000 4.426727 -72.500000
v 85.000000 4.874004 -72.500000
v 87.500000 4.997124 -72.500000
v 90.000000 5.007977 -72.500000
v 92.500000 5.020872 -72.500000
v 95.000000 5.072541 -72.500000
v 97.500000 4.926268 -72.500000
v 62.500000 1.548045 -75.000000
v 65.000000 1.447207 -75.000000
v 67.500000 1.501449 -75.000000
v 70.000000 1.945298 -75.000000
v 72.500000 2.287441 -75.000000
v 75.000000 2.701691 -75.000000
v 77.500000 2.981731 -75.000000
v 80.000000 3.611208 -75.000000
v 82.500000 4.610056 -75.000000
v 85.000000 4.999545 -75.000000
v 87.500000 5.015539 -75.000000
v 90.000000 5.134530 -75.000000
v 92.500000 5.023757 -75.000000
v 95.000000 4.904478 -75.000000
v 97.500000 5.065525 -75.000000
v 62.500000 2.304357 -77.500000
v 65.000000 2.130071 -77.500000
v 67.500000 1.980682 -77.500000
v 70.000000 2.244700 -77.500000
v 72.500000 2.701797 -77.500000
v 75.000000 3.160203 -77.500000
v 77.500000 3.886710 -77.500000
v 80.000000 4.419854 -77.500000
v 82.500000 4.782207 -77.500000
v 85.000000 5.014442 -77.500000
v 87.500000 4.777812 -77.500000
v 90.000000 4.904803 -77.500000
v 92.500000 4.761038 -77.500000
v 95.000000 4.774751 -77.500000
v 97.500000 5.001876 -77.500000
v 62.500000 2.555583 -80.000000
v 65.000000 2.756975 -80.000000
v 67.500000 2.868770 -80.000000
v 70.000000 2.995066 -80.000000
v 72.500000 3.386121 -80.000000
v 75.000000 3.731051 -80.000000
v 77.500000 4.252890 -80.000000
v 80.000000 4.618175 -80.000000
v 82.500000 4.986249 -80.000000
v 85.000000 5.007738 -80.000000
v 87.500000 4.988209 -80.000000
v 90.000000 4.747326 -80.000000
v 92.500000 4.928907 -80.000000
v 95.000000 5.001164 -80.000000
v 97.500000 5.002707 -80.000000
v 62.500000 2.743029 -82.500000
v 65.000000 3.206777 -82.500000
v 67.500000 3.550315 -82.500000
v 70.000000 3.734702 -82.500000
v 72.500000 4.143732 -82.500000
v 75.000000 4.156489 -82.500000
v 77.500000 4.645773 -82.500000
v 80.000000 5.001803 -82.500000
v 82.500000 5.004380 -82.500000
v 85.000000 4.998600 -82.500000
v 87.500000 5.002392 -82.500000
v 90.000000 5.006289 -82.500000
v 92.500000 5.008977 -82.500000
v 95.000000 4.996862 -82.500000
v 97.500000 5.004004 -82.500000
v 62.500000 3.063477 -85.000000
v 65.000000 3.524204 -85.000000
v 67.500000 3.934491 -85.000000
v 70.000000 4.527481 -85.000000
v 72.500000 5.135276 -85.000000
v 75.000000 4.711875 -85.000000
v 77.500000 4.673410 -85.000000
v 80.000000 4.835282 -85.000000
v 82.500000 4.920835 -85.000000
v 85.000000 5.109051 -85.000000
v 87.500000 5.025917 -85.000000
v 90.000000 4.984852 -85.000000
v 92.500000 4.969419 -85.000000
v 95.000000 4.992840 -85.000000
v 97.500000 4.983345 -85.000000
v 62.500000 3.276171 -87.500000
v 65.000000 3.659366 -87.500000
v 67.500000 4.215326 -87.500000
v 70.000000 4.959172 -87.500000
v 72.500000 5.565908 -87.500000
v 75.000000 5.146114 -87.500000
v 77.500000 4.694695 -87.500000
v 80.000000 4.742320 -87.500000
v 82.500000 4.969504 -87.500000
v 85.000000 5.298831 -87.500000
v 87.500000 5.175430 -87.500000
v 90.000000 4.923096 -87.500000
v 92.500000 5.036502 -87.500000
v 95.000000 5.068004 -87.500000
v 97.500000 4.974147 -87.500000
v 62.500000 3.910990 -90.000000
v 65.000000 4.271729 -90.000000
v 67.500000 4.701400 -90.000000
v 70.000000 4.987664 -90.000000
v 72.500000 5.041467 -90.000000
v 75.000000 5.068153 -90.000000
v 77.500000 4.999682 -90.000000
v 80.000000 5.008624 -90.000000
v 82.500000 4.997009 -90.000000
v 85.000000 5.086079 -90.000000
v 87.500000 5.121589 -90.000000
v 90.000000 5.218511 -90.000000
v 92.500000 5.003595 -90.000000
v 95.000000 5.082064 -90.000000
v 97.500000 4.997121 -90.000000
v 62.500000 4.422642 -92.500000
v 65.000000 4.755480 -92.500000
v 67.500000 4.994586 -92.500000
v 70.000000 4.992281 -92.500000
v 72.500000 5.002040 -92.500000
v 75.000000 4.957785 -92.500000
v 77.500000 5.009949 -92.500000
v 80.000000 4.999527 -92.500000
v 82.500000 4.998682 -92.500000
v 85.000000 5.280244 -92.500000
v 87.500000 5.546799 -92.500000
v 90.000000 5.314160 -92.500000
v 92.500000 5.032982 -92.500000
v 95.000000 5.002127 -92.500000
v 97.500000 4.854495 -92.500000
v 62.500000 5.005864 -95.000000
v 65.000000 4.999538 -95.000000
v 67.500000 4.996160 -95.000000
v 70.000000 4.989479 -95.000000
v 72.500000 5.047666 -95.000000
v 75.000000 5.260482 -95.000000
v 77.500000 5.498482 -95.000000
v 80.000000 5.054334 -95.000000
v 82.500000 5.065671 -95.000000
v 85.000000 5.440210 -95.000000
v 87.500000 5.371475 -95.000000
v 90.000000 5.273750 -95.000000
v 92.500000 4.906236 -95.000000
v 95.000000 4.957417 -95.000000
v 97.500000 4.878949 -95.000000
v 62.500000 4.637522 -97.500000
v 65.000000 4.958910 -97.500000
v 67.500000 4.999501 -97.500000
v 70.000000 5.018051 -97.500000
v 72.500000 5.375277 -97.500000
v 75.000000 5.575161 -97.500000
v 77.500000 5.530468 -97.500000
v 80.000000 4.837092 -97.500000
v 82.500000 4.862518 -97.500000
v 85.000000 4.974132 -97.500000
v 87.500000 4.603442 -97.500000
v 90.000000 4.413982 -97.500000
v 92.500000 4.399410 -97.500000
v 95.000000 4.337362 -97.500000
v 97.500000 4.329712 -97.500000
vn 0.0099 0.9999 -0.0073
vn -0.0633 0.9980 0.0062
vn 0.0786 0.9842 0.1584
vn -0.0882 0.9961 -0.0077
vn 0.0403 0.9989 -0.0228
vn 0.1697 0.9848 0.0375
vn -0.0230 0.9905 -0.1355
vn 0.0366 0.9980 0.0518
vn 0.0061 0.9968 -0.0794
vn -0.0723 0.9784 -0.1936
vn -0.0197 0.9949 -0.0993
vn 0.0423 0.9942 0.0994
vn 0.0475 0.9975 0.0522
vn 0.1587 0.9873 0.0123
vn -0.1825 0.9565 -0.2276
vn 0.0742 0.9968 -0.0313
vn 0.0078 0.9993 -0.0374
vn -0.1409 0.9709 -0.1934
vn -0.1101 0.9882 0.1064
vn 0.0163 0.9991 0.0403
vn 0.0068 0.9994 -0.0334
vn 0.0450 0.9969 -0.0647
vn 0.0237 0.9996 -0.0153
vn 0.0133 0.9974 0.0705
vn 0.1225 0.9648 0.2328
vn 0.0092 1.0000 0.0014
vn -0.1297 0.9912 -0.0253
vn -0.0433 0.9987 0.0263
vn 0.0549 0.9856 -0.1601
vn -0.1116 0.9728 -0.2028
vn -0.1691 0.9733 0.1555
vn -0.0138 0.9999 -0.0008
vn -0.0560 0.9970 0.0536
vn 0.0011 0.9998 -0.0190
vn 0.0199 0.9998 -0.0040
vn -0.0854 0.9721 -0.2183
vn 0.0177 0.9996 0.0210
vn 0.0343 0.9955 0.0879
vn 0.0460 0.9989 0.0005
vn 0.0399 0.9955 -0.0861
vn 0.0407 0.9979 -0.0498
vn 0.1068 0.9941 -0.0214
vn 0.1664 0.9854 -0.0371
vn 0.1455 0.9873 -0.0643
vn 0.1241 0.9922 -0.0133
vn 0.1099 0.9938 0.0196
vn 0.0374 0.9991 0.0178
vn -0.0405 0.9989 -0.0222
vn -0.0395 0.9974 -0.0602
vn -0.0440 0.9975 0.0547
vn -0.0786 0.9934 0.0833
vn -0.0098 0.9980 0.0624
vn 0.0272 0.9995 0.0176
vn 0.0019 0.9998 -0.0201
vn -0.0150 0.9997 -0.0182
vn 0.0298 0.9817 -0.1883
vn 0.0413 0.9577 -0.2848
vn 0.0029 0.9694 -0.2455
vn 0.0063 0.9721 -0.2347
vn 0.0312 0.9722 -0.2323
vn 0.0370 0.9771 -0.2096
vn 0.0418 0.9836 -0.1752
vn 0.0451 0.9918 -0.1194
vn 0.0532 0.9974 -0.0486
vn 0.0733 0.9968 0.0306
vn 0.0923 0.9893 0.1132
vn 0.0284 0.9766 0.2132
vn 0.0103 0.9765 0.2152
vn 0.0743 0.9832 0.1668
vn 0.1500 0.9785 0.1415
vn 0.1636 0.9748 0.1516
vn 0.1243 0.9852 0.1178
vn 0.0924 0.9953 0.0300
vn 0.1251 0.9916 0.0344
vn 0.1443 0.9893 0.0216
vn 0.0891 0.9953 0.0390
vn 0.0483 0.9958 0.0772
vn 0.0670 0.9901 0.1236
vn 0.0964 0.9901 0.1022
vn 0.0518 0.9984 0.0240
vn -0.0401 0.9986 0.0336
vn -0.1518 0.9869 -0.0545
vn -0.2055 0.9751 -0.0835
vn -0.1553 0.9841 -0.0856
vn -0.0947 0.9947 -0.0410
vn -0.1320 0.9912 0.0025
vn -0.2026 0.9788 0.0300
vn -0.1942 0.9795 0.0541
vn -0.1364 0.9885 0.0651
vn -0.0910 0.9924 0.0830
vn -0.0429 0.9984 0.0355
vn -0.0015 0.9997 -0.0248
vn 0.0123 0.9996 -0.0269
vn -0.0072 0.9999 -0.0137
vn 0.0012 0.9987 0.0500
vn 0.0479 0.9985 0.0256
vn 0.0170 0.9998 -0.0119
vn 0.1008 0.9934 -0.0542
vn 0.2095 0.9584 -0.1937
vn 0.2163 0.9384 -0.2696
vn 0.2019 0.9553 -0.2157
vn 0.2151 0.9599 -0.1798
vn 0.2283 0.9613 -0.1544
vn 0.2483 0.9613 -0.1195
vn 0.2658 0.9615 -0.0702
vn 0.2754 0.9612 -0.0145
vn 0.2725 0.9614 0.0385
vn 0.2592 0.9613 0.0932
vn 0.2454 0.9513 0.1865
vn 0.2248 0.9560 0.1883
vn 0.1903 0.9781 0.0844
vn -0.0297 0.9991 -0.0309
vn -0.0353 0.9929 0.1133
vn -0.0234 0.9981 0.0575
vn 0.0067 0.9999 -0.0119
vn 0.0189 0.9990 -0.0416
vn -0.0004 0.9908 -0.1353
vn -0.0251 0.9960 -0.0861
vn -0.0604 0.9982 0.0068
vn -0.0985 0.9951 -0.0051
vn -0.1259 0.9915 0.0318
vn -0.1255 0.9875 0.0950
vn -0.0700 0.9945 0.0781
vn 0.0128 0.9994 -0.0334
vn 0.0588 0.9957 -0.0715
vn 0.0581 0.9982 0.0123
vn -0.0008 0.9983 0.0584
vn -0.0209 0.9998 0.0051
vn -0.0124 0.9999 -0.0001
vn -0.0226 0.9981 0.0573
vn -0.0248 0.9978 0.0615
vn 0.0253 0.9982 -0.0539
vn 0.0765 0.9914 -0.1064
vn 0.0796 0.9966 -0.0228
vn 0.0258 0.9997 -0.0008
vn -0.0408 0.9992 0.0016
vn -0.0912 0.9958 0.0020
vn -0.1633 0.9866 0.0066
vn -0.1995 0.9777 0.0660
vn -0.1377 0.9876 0.0760
vn -0.0520 0.9967 -0.0623
vn 0.0232 0.9995 0.0204
vn 0.0115 0.9995 0.0291
vn -0.0073 0.9996 -0.0257
vn -0.0129 0.9993 -0.0339
vn -0.0045 0.9998 0.0198
vn 0.0142 0.9999 0.0030
vn 0.0387 0.9992 -0.0048
vn 0.0221 0.9997 -0.0084
vn -0.0512 0.9854 -0.1625
vn -0.0930 0.9596 -0.2655
vn -0.0644 0.9578 -0.2802
vn -0.0230 0.9579 -0.2863
vn 0.0039 0.9702 -0.2422
vn 0.0024 0.9713 -0.2380
vn -0.0365 0.9769 -0.2104
vn -0.0925 0.9861 -0.1380
vn -0.0565 0.9982 0.0214
vn 0.0061 0.9974 0.0717
vn 0.0188 0.9983 0.0554
vn -0.0235 0.9883 0.1508
vn -0.0570 0.9593 0.2766
vn -0.0275 0.9592 0.2813
vn 0.0019 0.9637 0.2670
vn -0.0067 0.9577 0.2878
vn -0.0190 0.9576 0.2875
vn -0.0322 0.9776 0.2081
vn -0.0198 0.9988 0.0438
vn 0.0260 0.9967 -0.0767
vn 0.0321 0.9892 -0.1429
vn -0.0039 0.9883 -0.1528
vn -0.0206 0.9995 -0.0249
vn -0.0336 0.9982 0.0491
vn -0.0543 0.9969 0.0569
vn -0.0544 0.9972 0.0508
vn -0.0427 0.9956 0.0829
vn -0.0369 0.9897 0.1385
vn -0.0211 0.9884 0.1502
vn -0.0067 0.9981 0.0614
vn 0.0126 0.9998 0.0160
vn 0.0254 0.9996 0.0095
vn -0.0022 0.9996 0.0279
vn -0.0140 0.9999 -0.0072
vn 0.0023 0.9990 -0.0447
vn 0.0065 1.0000 0.0006
vn 0.0240 0.9982 0.0543
vn 0.0444 0.9975 0.0544
vn 0.0245 0.9995 0.0201
vn -0.0018 0.9999 -0.0165
vn -0.0089 1.0000 -0.0040
vn -0.0099 0.9999 0.0051
vn -0.0007 0.9999 -0.0118
vn 0.0182 0.9994 0.0304
vn -0.0171 0.9952 0.0967
vn -0.0705 0.9971 -0.0270
vn -0.0663 0.9916 -0.1112
vn -0.0461 0.9989 -0.0073
vn -0.0216 0.9993 0.0321
vn 0.0026 0.9999 -0.0118
vn 0.0222 0.9991 -0.0364
vn 0.0798 0.9966 0.0204
vn 0.2269 0.9677 -0.1100
vn 0.2708 0.9529 -0.1367
vn 0.2842 0.9565 -0.0659
vn 0.2825 0.9592 -0.0139
vn 0.2791 0.9596 -0.0368
vn 0.2555 0.9668 -0.0107
vn 0.2078 0.9708 0.1199
vn 0.1438 0.9738 0.1762
vn 0.0541 0.9902 0.1286
vn -0.0189 0.9986 -0.0492
vn -0.0433 0.9921 -0.1174
vn -0.0735 0.9970 0.0230
vn -0.1406 0.9879 -0.0660
vn -0.1660 0.9510 -0.2610
vn -0.1536 0.9368 -0.3144
vn -0.2231 0.9705 -0.0911
vn -0.2170 0.9691 -0.1177
vn -0.2049 0.9621 -0.1802
vn -0.2154 0.9679 -0.1293
vn -0.2314 0.9727 -0.0185
vn -0.2497 0.9651 0.0787
vn -0.2511 0.9632 0.0956
vn -0.2341 0.9665 0.1055
vn -0.2090 0.9564 0.2038
vn -0.1734 0.9520 0.2523
vn -0.1519 0.9578 0.2439
vn -0.1457 0.9537 0.2631
vn -0.1169 0.9714 0.2068
vn -0.0341 0.9960 0.0825
vn 0.0602 0.9971 0.0460
vn 0.0120 0.9982 -0.0580
vn -0.0122 0.9998 0.0156
vn -0.0071 0.9994 0.0324
vn -0.0175 0.9998 0.0096
vn -0.0194 0.9990 -0.0401
vn 0.0013 0.9999 -0.0106
vn 0.0375 0.9992 0.0115
vn 0.0498 0.9985 -0.0225
vn 0.0344 0.9993 -0.0156
vn 0.0096 0.9996 -0.0279
vn -0.0075 0.9998 0.0198
vn 0.0004 1.0000 0.0064
vn 0.0262 0.9997 -0.0020
vn 0.0434 0.9960 0.0783
vn 0.0290 0.9996 0.0031
vn -0.0009 1.0000 0.0072
vn -0.0009 1.0000 0.0041
vn -0.0156 0.9996 0.0248
vn -0.0416 0.9983 0.0406
vn -0.0497 0.9987 -0.0113
vn -0.0674 0.9950 -0.0739
vn -0.0896 0.9838 -0.1553
vn -0.0616 0.9828 -0.1740
vn -0.0236 0.9946 -0.1014
vn -0.0476 0.9942 -0.0961
vn -0.0841 0.9925 -0.0887
vn -0.0889 0.9956 -0.0305
vn -0.0940 0.9954 0.0208
vn -0.1031 0.9926 0.0636
vn -0.1250 0.9905 -0.0568
vn -0.1070 0.9933 0.0438
vn -0.0667 0.9975 -0.0229
vn -0.0190 0.9954 -0.0940
vn -0.0193 0.9957 -0.0903
vn -0.0333 0.9989 -0.0337
vn -0.0192 0.9994 0.0275
vn 0.0140 0.9982 0.0589
vn 0.0253 0.9976 0.0637
vn 0.0018 0.9925 0.1226
vn -0.0125 0.9968 0.0792
vn 0.0062 1.0000 -0.0005
vn 0.0520 0.9985 -0.0140
vn 0.1035 0.9923 -0.0683
vn 0.0850 0.9962 -0.0195
vn 0.0153 0.9969 0.0773
vn 0.0280 0.9996 -0.0042
vn -0.0272 0.9985 -0.0480
vn -0.0808 0.9952 -0.0547
vn -0.0845 0.9964 -0.0003
vn -0.0589 0.9968 0.0533
vn -0.0465 0.9978 0.0474
vn -0.0361 0.9993 0.0034
vn 0.0037 0.9989 -0.0466
vn 0.0572 0.9981 0.0220
vn 0.0798 0.9945 0.0680
vn 0.0220 0.9996 -0.0174
vn -0.0267 0.9993 -0.0279
vn -0.0087 0.9999 -0.0076
vn 0.0015 1.0000 -0.0063
vn -0.0036 1.0000 0.0081
vn 0.0216 0.9966 -0.0795
vn 0.0338 0.9994 -0.0013
vn 0.0356 0.9967 0.0732
vn 0.0149 0.9993 0.0340
vn 0.0181 0.9997 0.0152
vn 0.0466 0.9989 0.0059
vn 0.0427 0.9989 -0.0188
vn 0.0209 0.9997 -0.0162
vn -0.0088 0.9986 0.0522
vn -0.0445 0.9960 0.0776
vn -0.0498 0.9987 -0.0139
vn -0.0317 0.9983 -0.0483
vn -0.0257 0.9997 -0.0022
vn -0.0221 0.9994 0.0262
vn 0.0125 0.9998 -0.0132
vn 0.0373 0.9991 -0.0192
vn 0.0108 0.9998 0.0168
vn -0.0036 0.9997 -0.0226
vn 0.0060 0.9996 -0.0267
vn 0.0265 0.9995 0.0179
vn 0.0236 0.9995 0.0192
vn 0.0123 0.9999 -0.0003
vn 0.0359 0.9991 -0.0242
vn 0.0800 0.9967 -0.0162
vn 0.1225 0.9902 0.0664
vn 0.1376 0.9894 0.0463
vn 0.0705 0.9950 -0.0708
vn -0.0158 0.9994 -0.0314
vn -0.0293 0.9989 0.0375
vn -0.0021 0.9997 0.0260
vn 0.0421 0.9990 -0.0163
vn 0.0511 0.9986 0.0147
vn 0.0664 0.9973 -0.0327
vn 0.0954 0.9951 -0.0250
vn 0.0992 0.9949 0.0171
vn 0.0441 0.9958 0.0801
vn -0.0493 0.9979 0.0408
vn -0.1182 0.9928 -0.0220
vn -0.1093 0.9929 -0.0475
vn -0.0637 0.9964 -0.0565
vn -0.0449 0.9989 -0.0103
vn -0.0319 0.9992 0.0250
vn -0.0161 0.9993 0.0342
vn -0.0091 1.0000 -0.0022
vn 0.0036 0.9996 0.0276
vn 0.1190 0.9649 0.2341
vn 0.0959 0.9669 0.2364
vn 0.0480 0.9886 0.1429
vn 0.0004 0.9996 0.0271
vn -0.0011 0.9999 0.0143
vn 0.0212 0.9994 -0.0264
vn 0.0218 0.9997 -0.0052
vn 0.0240 0.9994 0.0253
vn 0.0352 0.9982 -0.0493
vn 0.0489 0.9988 0.0066
vn 0.0420 0.9983 0.0405
vn 0.0119 0.9999 -0.0119
vn -0.0054 1.0000 0.0017
vn 0.0001 1.0000 -0.0052
vn 0.0098 0.9999 -0.0070
vn 0.0119 0.9999 0.0089
vn 0.0065 0.9995 0.0297
vn -0.0269 0.9996 0.0032
vn -0.0450 0.9986 -0.0266
vn -0.0273 0.9995 -0.0143
vn -0.0085 0.9999 0.0118
vn 0.0026 1.0000 0.0054
vn -0.0015 1.0000 -0.0006
vn 0.0233 0.9997 -0.0018
vn 0.0844 0.9962 -0.0198
vn 0.0750 0.9971 -0.0154
vn 0.0171 0.9999 0.0006
vn -0.0039 0.9998 0.0191
vn -0.0262 0.9996 0.0133
vn -0.0802 0.9968 0.0068
vn -0.1584 0.9810 -0.1116
vn -0.1699 0.9768 -0.1300
vn -0.1654 0.9818 -0.0935
vn -0.1654 0.9834 -0.0752
vn -0.1850 0.9814 -0.0505
vn -0.2076 0.9781 0.0144
vn -0.2033 0.9752 0.0875
vn -0.1674 0.9755 0.1430
vn -0.1125 0.9827 0.1472
vn -0.0543 0.9964 0.0650
vn -0.0132 0.9999 0.0022
vn 0.0136 0.9997 -0.0192
vn 0.0517 0.9978 -0.0423
vn 0.0600 0.9975 -0.0367
vn -0.0097 0.9998 -0.0198
vn 0.0154 0.9920 0.1252
vn 0.0298 0.9972 0.0681
vn -0.0093 0.9980 -0.0619
vn -0.0176 0.9985 -0.0521
vn -0.0140 0.9999 0.0093
vn -0.0238 0.9966 0.0786
vn -0.0286 0.9994 0.0185
vn -0.0232 0.9948 -0.0987
vn -0.0222 0.9995 -0.0233
vn 0.0015 0.9967 -0.0807
vn 0.0416 0.9695 -0.2415
vn 0.0634 0.9662 -0.2498
vn 0.0745 0.9693 -0.2345
vn 0.0857 0.9725 -0.2166
vn 0.0820 0.9605 -0.2659
vn 0.0472 0.9975 0.0523
vn 0.0774 0.9967 -0.0262
vn 0.0969 0.9929 -0.0694
vn 0.1051 0.9909 0.0845
vn 0.1167 0.9825 0.1449
vn 0.0506 0.9926 0.1106
vn -0.0633 0.9946 0.0820
vn -0.1218 0.9889 0.0847
vn -0.1413 0.9882 0.0598
vn -0.1420 0.9843 0.1048
vn -0.1175 0.9652 0.2337
vn -0.0819 0.9639 0.2534
vn -0.0663 0.9753 0.2109
vn -0.0972 0.9953 -0.0038
vn -0.1184 0.9712 -0.2066
vn -0.1062 0.9942 0.0181
vn -0.0708 0.9857 -0.1530
vn -0.1001 0.9866 -0.1289
vn -0.0823 0.9959 -0.0384
vn -0.0525 0.9969 -0.0587
vn -0.0104 0.9978 -0.0649
vn 0.0079 0.9998 -0.0198
vn 0.0148 0.9991 0.0409
vn 0.0457 0.9923 0.1153
vn 0.0223 0.9844 0.1744
vn -0.0185 0.9843 0.1753
vn 0.0274 0.9824 0.1848
vn 0.0753 0.9820 0.1733
vn 0.0381 0.9980 0.0509
vn -0.0079 1.0000 -0.0031
vn 0.0067 1.0000 0.0073
vn 0.0032 0.9999 0.0158
vn -0.0041 0.9998 -0.0217
vn 0.0431 0.9989 -0.0160
vn 0.0554 0.9985 0.0004
vn 0.0187 0.9998 -0.0044
vn 0.0343 0.9989 0.0304
vn 0.0889 0.9954 -0.0343
vn 0.1045 0.9830 -0.1512
vn 0.0909 0.9938 -0.0634
vn 0.0853 0.9957 0.0366
vn 0.0777 0.9961 0.0421
vn 0.0480 0.9969 0.0616
vn -0.0030 1.0000 0.0015
vn -0.0548 0.9985 -0.0058
vn -0.0182 0.9985 0.0511
vn -0.0008 1.0000 0.0056
vn 0.0149 0.9995 -0.0269
vn 0.0322 0.9995 0.0064
vn 0.0446 0.9959 0.0792
vn 0.0939 0.9955 0.0141
vn 0.1052 0.9925 -0.0624
vn 0.0412 0.9989 -0.0221
vn 0.0019 0.9991 -0.0421
vn 0.0447 0.9934 -0.1055
vn 0.1590 0.9833 -0.0880
vn 0.2007 0.9763 0.0813
vn 0.1013 0.9863 0.1300
vn 0.0299 0.9988 0.0385
vn 0.0244 0.9997 -0.0062
vn -0.0078 0.9999 0.0076
vn 0.0222 0.9995 0.0225
vn 0.0735 0.9969 0.0279
vn 0.0899 0.9958 -0.0171
vn 0.0442 0.9986 -0.0300
vn 0.0053 1.0000 -0.0051
vn -0.0004 1.0000 0.0001
vn -0.0005 1.0000 0.0003
vn -0.0332 0.9990 -0.0298
vn -0.0325 0.9983 -0.0488
vn 0.0311 0.9991 0.0284
vn 0.0599 0.9980 0.0224
vn 0.0674 0.9977 -0.0103
vn 0.0488 0.9984 0.0277
vn 0.0119 0.9998 -0.0160
vn 0.0293 0.9994 0.0171
vn 0.0300 0.9993 -0.0234
vn 0.0594 0.9967 -0.0558
vn 0.0715 0.9974 -0.0033
vn 0.0517 0.9960 0.0727
vn 0.0295 0.9992 0.0273
vn 0.0003 1.0000 0.0044
vn -0.0178 0.9998 0.0016
vn -0.0118 0.9999 -0.0111
vn -0.0074 1.0000 -0.0031
vn -0.0083 1.0000 0.0008
vn -0.0178 0.9998 -0.0123
vn -0.0413 0.9991 -0.0117
vn -0.0533 0.9933 -0.1023
vn -0.0689 0.9743 -0.2146
vn 0.0279 0.9989 -0.0372
vn 0.0188 0.9962 -0.0850
vn -0.0099 0.9958 -0.0908
vn -0.0190 0.9978 -0.0632
vn -0.0141 0.9996 -0.0264
vn -0.0021 1.0000 -0.0043
vn 0.0008 1.0000 -0.0082
vn -0.0200 0.9998 0.0036
vn -0.0158 0.9995 0.0288
vn 0.0113 0.9986 0.0516
vn 0.0195 0.9977 0.0647
vn 0.0125 0.9993 0.0353
vn 0.0001 1.0000 0.0001
vn 0.0220 0.9990 -0.0390
vn 0.0482 0.9917 -0.1189
vn -0.0654 0.9975 -0.0280
vn 0.0262 0.9983 0.0518
vn 0.0298 0.9988 0.0400
vn -0.0773 0.9969 0.0145
vn -0.0295 0.9995 -0.0091
vn 0.0489 0.9987 -0.0136
vn 0.0230 0.9997 0.0107
vn -0.0213 0.9985 0.0503
vn -0.1111 0.9915 0.0681
vn -0.0562 0.9984 0.0053
vn 0.0728 0.9940 -0.0817
vn 0.0482 0.9968 -0.0643
vn 0.0063 0.9997 0.0256
vn 0.0306 0.9983 0.0492
vn 0.0463 0.9981 0.0419
vn -0.0455 0.9989 0.0066
vn -0.1040 0.9922 -0.0684
vn -0.0085 0.9933 -0.1153
vn 0.0705 0.9932 -0.0930
vn 0.0648 0.9979 -0.0003
vn -0.0158 0.9992 0.0359
vn -0.0430 0.9991 0.0034
vn 0.0034 1.0000 0.0080
vn 0.0252 0.9953 0.0934
vn 0.0669 0.9846 0.1612
vn 0.0692 0.9860 0.1517
vn 0.0381 0.9873 0.1540
vn 0.0207 0.9848 0.1724
vn 0.0116 0.9883 0.1518
vn -0.0211 0.9942 0.1050
vn -0.0881 0.9892 0.1170
vn -0.0061 0.9986 0.0529
vn -0.0155 0.9998 -0.0111
vn 0.0268 0.9996 0.0017
vn 0.0206 0.9970 0.0741
vn -0.0715 0.9957 0.0585
vn -0.0831 0.9960 -0.0324
vn 0.0422 0.9986 -0.0313
vn 0.1175 0.9921 0.0430
vn -0.0235 0.9942 0.1047
vn -0.0318 0.9944 0.1005
vn 0.0871 0.9900 0.1105
vn 0.1512 0.9670 0.2051
vn 0.1837 0.9464 0.2656
vn 0.1592 0.9536 0.2554
vn 0.0879 0.9622 0.2579
vn 0.0478 0.9316 0.3604
vn 0.0165 0.9063 0.4223
vn -0.0205 0.9465 0.3221
vn -0.0306 0.9954 0.0906
vn 0.0323 0.9924 -0.1187
vn 0.1342 0.9712 -0.1967
vn 0.1414 0.9700 -0.1977
vn 0.0071 0.9725 -0.2329
vn -0.0459 0.9611 -0.2724
vn -0.0258 0.9598 -0.2793
vn -0.0643 0.9680 -0.2424
vn -0.1678 0.9766 -0.1346
vn -0.1961 0.9797 0.0416
vn -0.1627 0.9752 0.1501
vn -0.0436 0.9990 -0.0045
vn 0.0231 0.9996 -0.0163
vn 0.0546 0.9982 -0.0231
vn -0.0323 0.9988 -0.0373
vn -0.1170 0.9913 -0.0600
vn -0.0188 0.9982 -0.0576
vn 0.0685 0.9975 -0.0192
vn 0.0047 1.0000 0.0025
vn -0.0322 0.9995 -0.0019
vn -0.0164 0.9998 -0.0085
vn -0.0147 0.9996 0.0232
vn 0.0363 0.9983 0.0467
vn 0.0418 0.9990 0.0128
vn -0.0139 0.9999 -0.0037
vn 0.0402 0.9990 0.0204
vn -0.0397 0.9991 0.0169
vn -0.0493 0.9972 -0.0562
vn -0.0147 0.9988 -0.0464
vn 0.0146 0.9999 0.0052
vn 0.0175 0.9993 0.0331
vn 0.0038 0.9996 0.0266
vn -0.0091 0.9999 0.0044
vn 0.0034 0.9999 0.0155
vn 0.0025 0.9992 0.0393
vn -0.0005 0.9994 0.0340
vn -0.0000 0.9999 0.0132
vn -0.0084 1.0000 0.0020
vn -0.0167 0.9997 0.0149
vn -0.0559 0.9968 0.0566
vn 0.0014 0.9977 0.0673
vn 0.2667 0.9626 -0.0483
vn 0.2065 0.9735 -0.0977
vn 0.1330 0.9796 -0.1506
vn 0.1452 0.9691 -0.1994
vn 0.0960 0.9688 -0.2283
vn 0.0239 0.9719 -0.2342
vn -0.0092 0.9698 -0.2439
vn -0.0264 0.9690 -0.2456
vn -0.0666 0.9726 -0.2225
vn -0.1136 0.9748 -0.1922
vn -0.1667 0.9711 -0.1711
vn -0.2215 0.9636 -0.1497
vn -0.2305 0.9682 -0.0973
vn -0.1343 0.9909 -0.0076
vn -0.0015 0.9984 0.0571
vn -0.0048 1.0000 0.0049
vn -0.0075 1.0000 0.0040
vn -0.0284 0.9996 0.0027
vn 0.0043 0.9999 -0.0167
vn 0.0301 0.9994 -0.0144
vn -0.0160 0.9999 -0.0057
vn -0.0525 0.9986 -0.0105
vn -0.0207 0.9995 -0.0258
vn 0.0889 0.9954 -0.0357
vn 0.0853 0.9964 0.0008
vn -0.0310 0.9995 0.0093
vn -0.0396 0.9990 -0.0200
vn -0.0051 0.9998 -0.0185
vn -0.0090 0.9999 -0.0122
vn -0.0050 1.0000 -0.0077
vn 0.0424 0.9991 -0.0072
vn 0.0178 0.9994 -0.0292
vn 0.0017 0.9995 -0.0321
vn 0.0191 0.9997 -0.0146
vn -0.0423 0.9991 -0.0066
vn -0.0400 0.9991 -0.0173
vn 0.0032 0.9996 -0.0280
vn 0.0066 0.9997 -0.0230
vn -0.0268 0.9996 0.0023
vn -0.0364 0.9993 0.0093
vn 0.1097 0.9934 -0.0330
vn 0.0409 0.9977 -0.0547
vn -0.1043 0.9944 -0.0142
vn -0.0196 0.9996 0.0224
vn 0.0061 0.9999 0.0133
vn 0.1014 0.9789 0.1773
vn 0.0160 0.9811 0.1928
vn -0.1261 0.9820 0.1407
vn -0.0893 0.9948 0.0500
vn -0.0942 0.9954 -0.0146
vn -0.1213 0.9913 -0.0518
vn -0.1403 0.9877 -0.0684
vn -0.2358 0.9661 -0.1056
vn -0.1653 0.9807 -0.1041
vn -0.0400 0.9991 0.0122
vn -0.0499 0.9936 0.1013
vn -0.1174 0.9884 0.0966
vn -0.1863 0.9794 0.0784
vn -0.2076 0.9778 0.0275
vn -0.1088 0.9933 -0.0399
vn 0.0399 0.9943 -0.0986
vn 0.0025 0.9978 -0.0658
vn 0.0117 0.9987 -0.0493
vn 0.1499 0.9823 -0.1125
vn 0.1822 0.9643 -0.1921
vn 0.1802 0.9657 -0.1869
vn 0.1742 0.9740 -0.1446
vn 0.1467 0.9722 -0.1825
vn 0.1396 0.9633 -0.2291
vn 0.0984 0.9649 -0.2436
vn 0.0538 0.9607 -0.2724
vn 0.0034 0.9574 -0.2888
vn -0.0472 0.9580 -0.2829
vn -0.0607 0.9575 -0.2821
vn -0.0941 0.9584 -0.2693
vn -0.1887 0.9618 -0.1984
vn -0.2403 0.9513 -0.1933
vn -0.2503 0.9603 -0.1233
vn -0.0879 0.9961 -0.0002
vn -0.0017 0.9994 0.0355
vn -0.0560 0.9984 -0.0009
vn -0.0746 0.9971 -0.0148
vn -0.0270 0.9996 -0.0069
vn 0.0889 0.9954 -0.0362
vn 0.0833 0.9949 -0.0574
vn -0.0036 0.9999 -0.0146
vn -0.0067 0.9999 0.0151
vn -0.0124 0.9999 0.0087
vn -0.0019 1.0000 0.0044
vn 0.0063 0.9999 -0.0096
vn -0.0044 0.9996 -0.0285
vn -0.0149 0.9998 -0.0121
vn -0.0585 0.9982 -0.0140
vn -0.0078 0.9999 -0.0139
vn 0.0598 0.9981 -0.0134
vn -0.0627 0.9972 -0.0400
vn -0.0657 0.9953 -0.0712
vn 0.1255 0.9895 -0.0720
vn 0.1490 0.9850 -0.0876
vn 0.0457 0.9931 -0.1083
vn 0.0075 0.9933 -0.1151
vn 0.0330 0.9892 -0.1425
vn -0.0447 0.9835 -0.1755
vn -0.0703 0.9865 -0.1481
vn -0.0407 0.9959 -0.0804
vn -0.0191 0.9998 0.0019
vn 0.0301 0.9994 -0.0170
vn 0.0084 0.9991 -0.0411
vn 0.0517 0.9984 -0.0234
vn 0.0020 1.0000 -0.0090
vn -0.0191 0.9997 -0.0142
vn -0.0054 0.9996 -0.0280
vn 0.0127 0.9989 -0.0460
vn 0.0219 0.9971 -0.0723
vn 0.0203 0.9956 -0.0915
vn 0.0129 0.9971 -0.0744
vn -0.0114 0.9993 -0.0359
vn -0.0213 0.9997 -0.0129
vn 0.0399 0.9991 0.0123
vn 0.0142 0.9989 0.0437
vn -0.0759 0.9971 -0.0010
vn -0.0166 0.9999 -0.0003
vn 0.0513 0.9986 -0.0135
vn 0.0471 0.9988 -0.0164
vn 0.0108 0.9999 -0.0079
vn 0.0493 0.9986 -0.0169
vn 0.1857 0.9821 -0.0315
vn 0.3019 0.9524 -0.0433
vn 0.2976 0.9506 -0.0884
vn 0.2419 0.9611 -0.1330
vn 0.2268 0.9632 -0.1440
vn 0.2208 0.9636 -0.1507
vn 0.1934 0.9676 -0.1623
vn 0.1414 0.9725 -0.1850
vn -0.0230 0.9779 -0.2076
vn -0.0051 0.9808 -0.1947
vn -0.0833 0.9791 -0.1855
vn -0.2198 0.9664 -0.1332
vn -0.3074 0.9476 -0.0871
vn -0.2878 0.9564 -0.0503
vn -0.2554 0.9667 -0.0178
vn -0.2562 0.9665 -0.0117
vn -0.2453 0.9687 -0.0390
vn -0.0908 0.9941 -0.0602
vn 0.0381 0.9978 -0.0539
vn -0.0248 0.9990 -0.0370
vn -0.0717 0.9972 -0.0186
vn -0.0710 0.9969 -0.0327
vn -0.0280 0.9974 -0.0660
vn 0.0603 0.9959 -0.0677
vn 0.0136 0.9999 0.0099
vn -0.0051 0.9998 0.0198
vn -0.0008 1.0000 0.0066
vn 0.0007 1.0000 -0.0028
vn -0.0011 1.0000 -0.0022
vn -0.0113 0.9999 0.0024
vn -0.0392 0.9992 0.0098
vn -0.0207 0.9998 0.0032
vn -0.0117 0.9993 -0.0345
vn -0.0307 0.9971 -0.0699
vn 0.0398 0.9975 -0.0582
vn 0.0469 0.9989 -0.0095
vn -0.0096 0.9999 0.0134
vn -0.0121 0.9999 -0.0103
vn -0.0074 0.9990 -0.0436
vn 0.0682 0.9951 -0.0718
vn -0.0020 0.9972 -0.0743
vn -0.0321 0.9976 -0.0608
vn -0.0155 0.9994 -0.0314
vn -0.0062 0.9999 -0.0090
vn 0.0222 0.9997 0.0037
vn 0.0326 0.9993 -0.0200
vn -0.0203 0.9972 -0.0713
vn -0.0220 0.9962 -0.0848
vn 0.0244 0.9962 -0.0832
vn 0.0542 0.9951 -0.0826
vn 0.0132 0.9985 -0.0530
vn -0.0471 0.9985 -0.0281
vn 0.0269 0.9996 -0.0064
vn 0.0518 0.9983 0.0284
vn -0.0663 0.9978 -0.0041
vn -0.0241 0.9996 -0.0111
vn 0.0159 0.9998 -0.0089
vn -0.0002 0.9999 -0.0113
vn -0.0189 0.9998 -0.0067
vn 0.0021 1.0000 0.0019
vn -0.0045 1.0000 0.0059
vn 0.0216 0.9998 -0.0046
vn 0.0256 0.9994 -0.0252
vn -0.0182 0.9991 -0.0393
vn -0.0040 0.9986 -0.0528
vn -0.0296 0.9979 -0.0581
vn -0.0489 0.9971 -0.0580
vn 0.0222 0.9979 -0.0603
vn 0.0285 0.9988 -0.0389
vn 0.0109 0.9999 -0.0056
vn 0.0095 1.0000 -0.0016
vn -0.0183 0.9995 -0.0271
vn -0.0136 0.9994 -0.0327
vn 0.0287 0.9993 -0.0222
vn -0.0010 0.9999 -0.0128
vn -0.0089 0.9999 -0.0106
vn -0.0079 1.0000 -0.0018
vn -0.0009 0.9999 0.0156
vn 0.1163 0.9929 -0.0230
vn 0.2286 0.9690 -0.0933
vn 0.1603 0.9786 -0.1289
vn 0.0248 0.9905 -0.1349
vn -0.0051 0.9946 -0.1038
vn 0.0031 0.9960 -0.0894
vn -0.0487 0.9950 -0.0875
vn -0.0759 0.9926 -0.0947
vn -0.1242 0.9855 -0.1157
vn -0.1703 0.9822 -0.0789
vn -0.1027 0.9937 -0.0453
vn -0.0044 0.9987 -0.0503
vn 0.0128 0.9994 -0.0310
vn 0.0143 0.9998 -0.0148
vn 0.0119 0.9997 -0.0212
vn -0.0098 0.9999 -0.0140
vn -0.0182 0.9998 0.0091
vn -0.0103 0.9997 0.0226
vn 0.0203 0.9998 0.0091
vn 0.0042 0.9999 -0.0166
vn -0.0129 0.9993 -0.0365
vn -0.0088 0.9998 -0.0205
vn 0.0178 0.9997 -0.0154
vn 0.0143 0.9999 -0.0061
vn -0.0416 0.9988 0.0264
vn -0.0156 0.9996 0.0223
vn -0.0379 0.9990 -0.0238
vn -0.0727 0.9962 -0.0471
vn 0.0576 0.9983 -0.0052
vn 0.1051 0.9934 0.0450
vn 0.0192 0.9996 0.0227
vn -0.0017 0.9999 -0.0163
vn -0.0432 0.9986 -0.0314
vn -0.0379 0.9979 -0.0520
vn 0.0138 0.9985 -0.0539
vn 0.0108 0.9997 -0.0229
vn 0.1403 0.9886 -0.0552
vn 0.2341 0.9664 -0.1063
vn 0.2248 0.9646 -0.1380
vn 0.1980 0.9678 -0.1552
vn 0.1702 0.9713 -0.1661
vn 0.1397 0.9746 -0.1748
vn 0.0955 0.9778 -0.1867
vn 0.0730 0.9741 -0.2142
vn -0.0599 0.9672 -0.2469
vn -0.1605 0.9566 -0.2433
vn -0.0779 0.9686 -0.2361
vn -0.0808 0.9720 -0.2205
vn 0.0555 0.9834 -0.1725
vn 0.2560 0.9555 -0.1467
vn 0.1736 0.9702 -0.1688
vn 0.0350 0.9879 -0.1512
vn -0.0347 0.9862 -0.1617
vn -0.1162 0.9816 -0.1515
vn -0.1227 0.9843 -0.1268
vn -0.1453 0.9820 -0.1210
vn -0.2011 0.9741 -0.1033
vn -0.2067 0.9753 -0.0777
vn -0.2194 0.9707 -0.0984
vn -0.2840 0.9508 -0.1238
vn -0.2077 0.9716 -0.1131
vn -0.0212 0.9965 -0.0806
vn 0.0036 0.9996 -0.0264
vn -0.0024 0.9999 0.0162
vn 0.0643 0.9978 0.0176
vn 0.0539 0.9985 0.0028
vn 0.1374 0.9861 0.0935
vn 0.0730 0.9767 0.2020
vn 0.1247 0.9581 0.2578
vn 0.1347 0.9535 0.2695
vn 0.0344 0.9559 0.2918
vn -0.0559 0.9414 0.3327
vn -0.1200 0.9279 0.3530
vn -0.1068 0.9448 0.3099
vn -0.1589 0.9512 0.2647
vn -0.1641 0.9540 0.2510
vn -0.1545 0.9690 0.1928
vn -0.2692 0.9606 0.0686
vn -0.1969 0.9803 -0.0147
vn -0.0501 0.9980 0.0382
vn 0.0075 0.9935 0.1135
vn -0.0001 0.9975 0.0713
vn 0.0190 0.9973 0.0714
vn 0.0060 0.9979 0.0644
vn -0.0125 0.9991 0.0400
vn -0.0436 0.9989 -0.0151
vn 0.0699 0.9895 -0.1265
vn 0.2461 0.9465 -0.2089
vn 0.2109 0.9519 -0.2221
vn 0.1415 0.9589 -0.2460
vn 0.1052 0.9558 -0.2745
vn 0.0445 0.9652 -0.2576
vn 0.0241 0.9744 -0.2233
vn 0.0192 0.9726 -0.2318
vn -0.0347 0.9660 -0.2563
vn -0.0769 0.9662 -0.2462
vn -0.1810 0.9719 -0.1504
vn -0.1457 0.9775 -0.1527
vn -0.1339 0.9861 -0.0981
vn -0.1051 0.9943 0.0175
vn 0.0068 0.9992 0.0398
vn 0.0158 0.9997 -0.0164
vn -0.0465 0.9989 -0.0035
vn -0.0061 0.9968 0.0793
vn 0.0292 0.9942 0.1038
vn 0.0046 0.9991 0.0415
vn -0.0236 0.9995 -0.0219
vn -0.0495 0.9960 -0.0746
vn -0.0227 0.9955 -0.0919
vn 0.0356 0.9991 -0.0228
vn 0.0207 0.9978 0.0624
vn 0.0248 0.9994 0.0226
vn -0.0007 1.0000 -0.0030
vn 0.0001 1.0000 -0.0013
vn 0.0769 0.9967 -0.0261
vn 0.1530 0.9825 -0.1063
vn 0.1451 0.9686 -0.2021
vn 0.1593 0.9550 -0.2502
vn 0.1360 0.9665 -0.2176
vn 0.0655 0.9883 -0.1379
vn 0.0412 0.9939 -0.1025
vn 0.0099 0.9926 -0.1214
vn -0.0446 0.9899 -0.1347
vn -0.0882 0.9876 -0.1301
vn -0.1190 0.9855 -0.1207
vn -0.0972 0.9842 -0.1477
vn -0.1675 0.9661 -0.1964
vn -0.1256 0.9856 -0.1129
vn -0.0359 0.9987 -0.0352
vn -0.0413 0.9982 -0.0445
vn -0.0621 0.9901 -0.1256
vn -0.0176 0.9824 -0.1858
vn 0.0997 0.9832 -0.1530
vn 0.0907 0.9936 -0.0673
vn 0.0118 0.9977 -0.0664
vn 0.0828 0.9872 -0.1361
vn 0.1141 0.9787 -0.1705
vn 0.0608 0.9786 -0.1965
vn 0.0385 0.9702 -0.2393
vn 0.0171 0.9641 -0.2650
vn -0.0524 0.9684 -0.2439
vn 0.0380 0.9992 0.0110
vn 0.0171 0.9999 0.0026
vn -0.0197 0.9997 0.0139
vn -0.0141 0.9997 0.0187
vn -0.0071 1.0000 0.0070
vn 0.0078 0.9999 -0.0099
vn 0.0155 0.9993 -0.0345
vn -0.0435 0.9987 -0.0256
vn -0.0398 0.9990 0.0225
vn 0.0189 0.9991 0.0391
vn 0.0256 0.9994 0.0254
vn 0.0108 0.9997 0.0211
vn 0.0009 0.9998 0.0221
vn 0.0412 0.9992 0.0022
vn 0.0593 0.9979 -0.0275
vn 0.0516 0.9951 0.0840
vn 0.0340 0.9975 0.0621
vn -0.0205 0.9992 0.0345
vn -0.0113 0.9996 0.0276
vn 0.0072 0.9997 0.0227
vn 0.0374 0.9993 -0.0044
vn 0.0430 0.9984 -0.0369
vn -0.0705 0.9965 -0.0456
vn -0.0733 0.9968 -0.0314
vn 0.0183 0.9997 -0.0135
vn 0.0260 0.9997 0.0003
vn 0.0047 0.9999 0.0103
vn 0.0064 0.9999 0.0099
vn 0.0466 0.9987 0.0187
vn 0.0287 0.9969 0.0738
vn 0.0394 0.9991 0.0164
vn 0.0487 0.9981 0.0366
vn 0.0314 0.9995 -0.0028
vn -0.0112 0.9988 -0.0479
vn -0.0129 0.9997 -0.0226
vn 0.0638 0.9980 -0.0022
vn 0.0468 0.9989 -0.0006
vn -0.0675 0.9977 0.0004
vn -0.0637 0.9976 -0.0277
vn -0.0096 0.9995 -0.0288
vn 0.0038 1.0000 0.0075
vn 0.0050 0.9998 0.0194
vn 0.0191 0.9998 0.0068
vn 0.0195 0.9997 0.0124
vn -0.0343 0.9983 0.0472
vn 0.0190 0.9965 -0.0819
vn 0.0385 0.9968 -0.0703
vn 0.0977 0.9913 -0.0879
vn 0.0081 0.9912 -0.1322
vn -0.0579 0.9900 -0.1287
vn 0.0450 0.9953 -0.0855
vn 0.0061 0.9996 -0.0281
vn -0.0675 0.9977 0.0117
vn -0.0318 0.9995 0.0077
vn -0.0160 0.9997 -0.0170
vn -0.0029 0.9992 -0.0400
vn -0.0043 0.9993 -0.0359
vn 0.0124 0.9999 -0.0073
vn 0.0009 0.9999 0.0124
vn -0.0512 0.9986 0.0129
vn 0.0478 0.9954 -0.0828
vn 0.0555 0.9889 -0.1381
vn 0.1042 0.9845 -0.1412
vn 0.0298 0.9914 -0.1274
vn -0.0649 0.9872 -0.1459
vn -0.0103 0.9915 -0.1296
vn -0.0492 0.9958 -0.0778
vn -0.0868 0.9953 -0.0421
vn -0.0316 0.9993 -0.0189
vn 0.0026 0.9999 -0.0130
vn 0.0176 0.9994 -0.0288
vn -0.0065 0.9987 -0.0510
vn -0.0014 0.9980 -0.0638
vn -0.0092 0.9982 -0.0597
vn -0.0490 0.9975 -0.0519
vn 0.0934 0.9951 -0.0335
vn 0.0773 0.9960 -0.0442
vn 0.0927 0.9945 -0.0492
vn 0.0421 0.9972 -0.0622
vn -0.0354 0.9956 -0.0862
vn -0.0466 0.9942 -0.0968
vn -0.0816 0.9934 -0.0803
vn -0.1122 0.9920 -0.0575
vn -0.0646 0.9977 -0.0223
vn 0.0041 1.0000 0.0035
vn 0.0380 0.9993 -0.0025
vn 0.0298 0.9989 -0.0370
vn 0.0151 0.9969 -0.0771
vn -0.0103 0.9953 -0.0964
vn -0.0276 0.9920 -0.1236
vn 0.1062 0.9936 -0.0390
vn 0.0782 0.9960 -0.0425
vn 0.1086 0.9926 -0.0549
vn 0.0517 0.9963 -0.0680
vn -0.0181 0.9973 -0.0709
vn -0.0540 0.9961 -0.0702
vn -0.0943 0.9933 -0.0665
vn -0.1248 0.9901 -0.0635
vn -0.0967 0.9939 -0.0536
vn -0.0000 0.9991 -0.0432
vn 0.0576 0.9969 -0.0529
vn 0.0536 0.9966 -0.0620
vn 0.0305 0.9977 -0.0612
vn -0.0036 0.9979 -0.0639
vn 0.0128 0.9964 -0.0835
vn 0.1126 0.9912 -0.0698
vn 0.0864 0.9930 -0.0808
vn 0.0886 0.9945 -0.0566
vn 0.0468 0.9987 -0.0185
vn -0.0095 0.9998 -0.0196
vn -0.0531 0.9981 -0.0298
vn -0.0925 0.9951 -0.0362
vn -0.1259 0.9912 -0.0397
vn -0.1132 0.9930 -0.0325
vn 0.0028 0.9995 -0.0299
vn 0.0747 0.9964 -0.0401
vn 0.0450 0.9982 -0.0396
vn 0.0273 0.9992 -0.0285
vn 0.0123 0.9992 -0.0384
vn 0.0120 0.9994 -0.0335
vn 0.1172 0.9930 -0.0122
vn 0.0938 0.9955 -0.0129
vn 0.0436 0.9991 0.0007
vn 0.0313 0.9992 0.0235
vn 0.0109 0.9997 0.0198
vn -0.0529 0.9986 0.0095
vn -0.0884 0.9960 0.0116
vn -0.1267 0.9919 0.0120
vn -0.1058 0.9944 -0.0018
vn 0.0091 0.9998 -0.0180
vn 0.0749 0.9971 -0.0142
vn 0.0358 0.9993 -0.0058
vn 0.0218 0.9998 -0.0023
vn 0.0408 0.9990 -0.0154
vn -0.0111 0.9996 -0.0257
vn 0.0950 0.9946 0.0410
vn 0.0875 0.9937 0.0701
vn 0.0440 0.9971 0.0624
vn 0.0274 0.9987 0.0430
vn 0.0121 0.9987 0.0493
vn -0.0527 0.9969 0.0581
vn -0.0777 0.9960 0.0450
vn -0.1172 0.9928 0.0241
vn -0.0581 0.9981 -0.0201
vn 0.0101 0.9985 -0.0530
vn 0.0218 0.9998 -0.0044
vn 0.0359 0.9985 0.0405
vn 0.0243 0.9991 0.0345
vn 0.0592 0.9979 0.0266
vn -0.0142 0.9997 0.0216
vn 0.0487 0.9979 0.0430
vn 0.0795 0.9945 0.0680
vn 0.0597 0.9959 0.0684
vn 0.0286 0.9970 0.0712
vn 0.0101 0.9978 0.0657
vn -0.0369 0.9984 0.0429
vn -0.0650 0.9975 0.0274
vn -0.1159 0.9927 0.0343
vn -0.0015 0.9998 0.0211
vn 0.0043 1.0000 0.0027
vn -0.0597 0.9973 0.0419
vn 0.0365 0.9963 0.0779
vn 0.0357 0.9968 0.0718
vn 0.0532 0.9958 0.0740
vn -0.0246 0.9952 0.0950
vn -0.0040 1.0000 0.0052
vn 0.0576 0.9968 0.0548
vn 0.0415 0.9946 0.0946
vn 0.0085 0.9915 0.1296
vn 0.0224 0.9896 0.1419
vn -0.0112 0.9921 0.1250
vn -0.0374 0.9953 0.0890
vn -0.1037 0.9937 0.0427
vn -0.0097 0.9986 0.0518
vn -0.0002 0.9966 0.0818
vn -0.0744 0.9952 0.0635
vn 0.0203 0.9980 0.0594
vn 0.0245 0.9954 0.0928
vn 0.0251 0.9913 0.1292
vn -0.0241 0.9906 0.1350
vn -0.0622 0.9976 -0.0293
vn -0.0149 0.9985 0.0520
vn 0.0130 0.9936 0.1123
vn -0.0221 0.9906 0.1352
vn 0.0022 0.9853 0.1709
vn 0.0120 0.9830 0.1831
vn 0.0243 0.9901 0.1385
vn -0.0527 0.9958 0.0752
vn -0.0463 0.9975 0.0526
vn -0.0020 0.9982 0.0605
vn -0.0279 0.9991 0.0334
vn -0.0030 0.9999 0.0137
vn -0.0048 0.9995 0.0326
vn -0.0075 0.9984 0.0566
vn 0.0214 0.9990 0.0380
vn -0.0920 0.9943 0.0543
vn -0.0591 0.9970 0.0498
vn 0.0054 0.9991 0.0416
vn -0.0377 0.9984 0.0412
vn -0.0515 0.9960 0.0733
vn 0.0394 0.9954 0.0871
vn 0.0619 0.9958 0.0671
vn -0.0191 0.9981 0.0592
vn -0.0327 0.9989 0.0342
vn -0.0086 0.9998 0.0190
vn 0.0070 0.9998 0.0177
vn -0.0003 1.0000 -0.0003
vn -0.0048 0.9997 -0.0221
vn -0.0164 0.9992 -0.0376
vn 0.0643 0.9965 -0.0533
vn -0.0731 0.9953 0.0631
vn -0.0160 0.9999 0.0065
vn 0.0283 0.9983 -0.0515
vn -0.0404 0.9966 -0.0715
vn -0.1065 0.9933 -0.0447
vn 0.0265 0.9996 0.0087
vn 0.0772 0.9967 0.0258
vn -0.0051 1.0000 0.0041
vn -0.0242 0.9997 0.0066
vn -0.0163 0.9996 0.0211
vn 0.0165 0.9996 0.0207
vn 0.0184 0.9998 0.0104
vn 0.0124 0.9999 -0.0037
vn -0.0094 0.9999 -0.0124
vn 0.0665 0.9978 -0.0054
vn -0.0130 0.9990 0.0427
vn 0.0039 0.9991 0.0432
vn 0.0294 0.9951 0.0944
vn -0.0075 0.9941 0.1082
vn -0.0512 0.9979 0.0403
vn -0.0165 0.9993 -0.0321
vn 0.0237 0.9993 -0.0285
vn 0.0091 0.9999 -0.0097
vn -0.0109 0.9995 -0.0309
vn -0.0297 0.9990 -0.0323
vn -0.0773 0.9969 0.0120
vn 0.0486 0.9981 0.0373
vn 0.1121 0.9936 -0.0146
vn -0.0243 0.9980 -0.0585
vn -0.0217 0.9997 -0.0098
vn 0.0075 0.9998 0.0172
vn -0.0315 0.9990 0.0316
vn -0.0111 0.9984 0.0555
vn 0.0253 0.9985 0.0485
vn 0.0156 0.9997 0.0187
vn 0.0061 1.0000 0.0019
vn 0.0001 1.0000 -0.0008
vn 0.0210 0.9997 -0.0079
vn 0.0439 0.9976 -0.0533
vn -0.0187 0.9930 -0.1167
vn -0.1106 0.9846 -0.1352
vn 0.0353 0.9930 -0.1126
vn 0.1553 0.9834 -0.0938
vn -0.0405 0.9962 -0.0767
vn -0.1018 0.9944 -0.0273
vn -0.0069 1.0000 -0.0053
vn -0.0357 0.9994 -0.0013
vn -0.0022 0.9995 -0.0304
vn 0.0478 0.9973 -0.0552
vn 0.0096 0.9991 -0.0415
vn -0.0074 1.0000 -0.0052
vn 0.0025 1.0000 0.0086
vn 0.0214 0.9997 0.0130
vn 0.1115 0.9937 -0.0105
vn 0.0557 0.9946 -0.0878
vn -0.0972 0.9835 -0.1527
vn -0.0155 0.9902 -0.1390
vn 0.0872 0.9955 -0.0382
vn -0.0641 0.9973 0.0362
vn -0.1163 0.9929 0.0260
vn -0.0155 0.9996 -0.0244
vn -0.0163 0.9991 -0.0392
vn 0.0117 0.9990 -0.0434
vn 0.0405 0.9989 -0.0250
vn -0.0183 0.9998 -0.0035
vn -0.0291 0.9995 0.0100
vn 0.0019 0.9998 0.0187
vn 0.0202 0.9997 0.0160
vn 0.1115 0.9929 0.0404
vn 0.0825 0.9924 0.0916
vn -0.0481 0.9956 0.0798
vn -0.0337 0.9989 0.0315
vn 0.0004 0.9993 0.0366
vn -0.0759 0.9954 0.0577
vn -0.0882 0.9949 0.0494
vn 0.0042 0.9794 -0.2017
vn -0.0227 0.9797 -0.1994
vn -0.0229 0.9875 -0.1561
vn -0.0158 0.9962 -0.0853
vn -0.0449 0.9987 -0.0244
vn -0.0341 0.9994 -0.0065
vn 0.0012 1.0000 -0.0094
vn 0.0275 0.9995 -0.0133
vn 0.0502 0.9986 0.0171
vn 0.0242 0.9960 0.0859
vn -0.0095 0.9930 0.1175
vn 0.0109 0.9963 0.0854
vn -0.0144 0.9986 0.0513
vn -0.0888 0.9944 0.0575
vn -0.0822 0.9940 0.0726
vn 0.0111 0.9605 -0.2780
vn -0.0191 0.9569 -0.2897
vn -0.0703 0.9545 -0.2898
vn -0.1026 0.9684 -0.2274
vn -0.0910 0.9836 -0.1555
vn -0.0442 0.9922 -0.1168
vn 0.0129 0.9932 -0.1154
vn 0.0278 0.9919 -0.1237
vn 0.0071 0.9937 -0.1116
vn -0.0268 0.9958 -0.0871
vn -0.0266 0.9984 -0.0508
vn 0.0080 1.0000 0.0017
vn -0.0244 0.9985 0.0486
vn -0.0901 0.9945 0.0530
vn -0.0546 0.9984 0.0115
vn -0.0040 0.9715 -0.2370
vn 0.0052 0.9722 -0.2341
vn -0.0737 0.9660 -0.2477
vn -0.1527 0.9540 -0.2582
vn -0.1378 0.9622 -0.2351
vn -0.0663 0.9763 -0.2058
vn 0.0239 0.9802 -0.1964
vn 0.0278 0.9795 -0.1994
vn -0.0057 0.9799 -0.1994
vn -0.0375 0.9791 -0.1999
vn -0.0638 0.9803 -0.1869
vn -0.0648 0.9895 -0.1292
vn -0.0675 0.9959 -0.0605
vn -0.0692 0.9967 -0.0435
vn -0.0053 0.9973 -0.0730
vn -0.0057 0.9703 -0.2418
vn -0.0055 0.9726 -0.2324
vn -0.0543 0.9730 -0.2245
vn -0.1482 0.9595 -0.2397
vn -0.1818 0.9574 -0.2245
vn -0.0990 0.9780 -0.1834
vn 0.0246 0.9863 -0.1632
vn 0.0396 0.9843 -0.1719
vn -0.0077 0.9833 -0.1816
vn -0.0045 0.9774 -0.2111
vn -0.0689 0.9664 -0.2477
vn -0.1444 0.9655 -0.2166
vn -0.1265 0.9810 -0.1469
vn -0.0887 0.9924 -0.0852
vn 0.0038 0.9990 -0.0453
vn 0.0041 0.9721 -0.2344
vn -0.0276 0.9724 -0.2318
vn -0.0430 0.9725 -0.2288
vn -0.1339 0.9631 -0.2335
vn -0.2195 0.9504 -0.2203
vn -0.1464 0.9725 -0.1810
vn 0.0107 0.9897 -0.1427
vn 0.0564 0.9891 -0.1359
vn -0.0033 0.9891 -0.1471
vn 0.0149 0.9901 -0.1399
vn -0.0629 0.9906 -0.1215
vn -0.1900 0.9749 -0.1161
vn -0.1691 0.9800 -0.1052
vn -0.1153 0.9883 -0.0999
vn -0.0368 0.9967 -0.0728
vn 0.0067 0.9777 -0.2100
vn -0.0481 0.9796 -0.1954
vn -0.0504 0.9839 -0.1716
vn -0.1299 0.9783 -0.1613
vn -0.2419 0.9582 -0.1530
vn -0.1922 0.9722 -0.1341
vn -0.0274 0.9949 -0.0969
vn 0.0661 0.9950 -0.0747
vn 0.0165 0.9956 -0.0926
vn -0.0193 0.9961 -0.0857
vn -0.0752 0.9956 -0.0556
vn -0.1830 0.9813 -0.0594
vn -0.1778 0.9815 -0.0706
vn -0.1099 0.9912 -0.0742
vn -0.0948 0.9942 -0.0503
vn 0.0018 0.9854 -0.1700
vn -0.0695 0.9849 -0.1587
vn -0.0780 0.9877 -0.1353
vn -0.1448 0.9842 -0.1023
vn -0.2475 0.9649 -0.0885
vn -0.2070 0.9740 -0.0922
vn -0.0496 0.9942 -0.0958
vn 0.0625 0.9938 -0.0920
vn 0.0276 0.9962 -0.0826
vn -0.0326 0.9956 -0.0874
vn -0.0577 0.9910 -0.1206
vn -0.1519 0.9753 -0.1603
vn -0.2154 0.9672 -0.1344
vn -0.1373 0.9883 -0.0662
vn -0.1268 0.9915 -0.0297
vn -0.0058 0.9931 -0.1171
vn -0.0724 0.9903 -0.1182
vn -0.1082 0.9881 -0.1096
vn -0.1685 0.9817 -0.0885
vn -0.2344 0.9680 -0.0894
vn -0.2077 0.9731 -0.0999
vn -0.0495 0.9938 -0.0997
vn 0.0522 0.9943 -0.0934
vn 0.0181 0.9963 -0.0843
vn -0.0306 0.9969 -0.0722
vn -0.0507 0.9976 -0.0481
vn -0.1301 0.9909 -0.0341
vn -0.2400 0.9693 -0.0531
vn -0.1626 0.9838 -0.0753
vn -0.1486 0.9871 -0.0603
vn 0.0036 0.9982 -0.0601
vn -0.0650 0.9950 -0.0758
vn -0.1333 0.9889 -0.0661
vn -0.1870 0.9814 -0.0426
vn -0.2194 0.9749 -0.0381
vn -0.2033 0.9778 -0.0510
vn -0.0738 0.9966 -0.0354
vn 0.0095 0.9996 0.0259
vn 0.0173 0.9981 0.0592
vn -0.0110 0.9995 0.0284
vn -0.0905 0.9956 0.0255
vn -0.1498 0.9862 0.0708
vn -0.1838 0.9819 0.0468
vn -0.1548 0.9879 -0.0049
vn -0.2074 0.9778 0.0289
vn 0.0456 0.9990 -0.0000
vn -0.0416 0.9979 -0.0494
vn -0.1645 0.9851 -0.0497
vn -0.1971 0.9799 -0.0301
vn -0.1998 0.9788 -0.0442
vn -0.1719 0.9815 -0.0842
vn -0.1122 0.9892 -0.0942
vn -0.1173 0.9930 0.0104
vn -0.0105 0.9914 0.1301
vn 0.0568 0.9910 0.1210
vn -0.0945 0.9936 0.0618
vn -0.1728 0.9839 0.0446
vn -0.1473 0.9876 0.0537
vn -0.1854 0.9776 0.0998
vn -0.2435 0.9607 0.1334
vn 0.0991 0.9911 0.0895
vn -0.0048 0.9988 0.0479
vn -0.1780 0.9837 0.0269
vn -0.1643 0.9863 -0.0109
vn -0.1516 0.9853 -0.0784
vn -0.1396 0.9829 -0.1200
vn -0.1351 0.9837 -0.1183
vn -0.2362 0.9689 -0.0738
vn -0.0835 0.9965 0.0063
vn 0.0703 0.9944 0.0790
vn -0.0594 0.9942 0.0898
vn -0.1517 0.9872 0.0483
vn -0.1740 0.9837 0.0454
vn -0.2381 0.9682 0.0767
vn -0.1816 0.9829 0.0305
vn 0.0726 0.9726 0.2211
vn 0.0690 0.9808 0.1822
vn -0.0103 0.9976 0.0689
vn -0.0407 0.9992 -0.0053
vn -0.0687 0.9975 -0.0165
vn -0.1100 0.9938 -0.0183
vn -0.1315 0.9910 -0.0232
vn -0.1649 0.9840 -0.0674
vn -0.2083 0.9728 -0.1015
vn -0.1818 0.9828 -0.0325
vn -0.1018 0.9921 0.0734
vn -0.1117 0.9862 0.1224
vn -0.1456 0.9851 0.0912
vn -0.1364 0.9903 0.0280
vn -0.0974 0.9952 0.0101
vn 0.0953 0.9783 0.1837
vn 0.1516 0.9811 0.1205
vn 0.0854 0.9948 0.0556
vn -0.0014 1.0000 -0.0048
vn -0.0896 0.9959 -0.0116
vn -0.1409 0.9891 0.0427
vn -0.1257 0.9892 0.0749
vn -0.1101 0.9922 0.0581
vn -0.2104 0.9768 0.0389
vn -0.2517 0.9667 0.0467
vn -0.1554 0.9854 0.0692
vn -0.1279 0.9877 0.0898
vn -0.1001 0.9910 0.0894
vn -0.0881 0.9944 0.0586
vn -0.0968 0.9949 0.0279
vn 0.1478 0.9784 0.1443
vn 0.1702 0.9761 0.1352
vn 0.1204 0.9820 0.1455
vn 0.0459 0.9913 0.1232
vn -0.1296 0.9838 0.1241
vn -0.1622 0.9770 0.1385
vn -0.0984 0.9896 0.1051
vn -0.1104 0.9893 0.0959
vn -0.2112 0.9708 0.1138
vn -0.2405 0.9658 0.0966
vn -0.1505 0.9864 0.0660
vn -0.1266 0.9912 0.0386
vn -0.0911 0.9954 0.0283
vn -0.0613 0.9978 0.0233
vn -0.0617 0.9981 -0.0082
vn 0.1612 0.9755 0.1499
vn 0.1455 0.9747 0.1698
vn 0.1165 0.9751 0.1886
vn 0.0507 0.9766 0.2088
vn -0.1212 0.9740 0.1916
vn -0.1190 0.9848 0.1269
vn -0.0790 0.9916 0.1021
vn -0.1402 0.9826 0.1220
vn -0.1937 0.9746 0.1124
vn -0.2156 0.9734 0.0774
vn -0.1284 0.9899 0.0605
vn -0.0891 0.9956 0.0282
vn -0.0865 0.9962 -0.0046
vn -0.0623 0.9980 -0.0037
vn -0.0185 0.9997 -0.0141
vn 0.1453 0.9764 0.1596
vn 0.1235 0.9762 0.1781
vn 0.0961 0.9747 0.2018
vn 0.0386 0.9760 0.2143
vn -0.0575 0.9820 0.1800
vn -0.0809 0.9871 0.1384
vn -0.1019 0.9840 0.1464
vn -0.1590 0.9730 0.1674
vn -0.1650 0.9719 0.1678
vn -0.1867 0.9716 0.1453
vn -0.1181 0.9848 0.1272
vn -0.0659 0.9895 0.1284
vn -0.0741 0.9892 0.1267
vn -0.0382 0.9951 0.0907
vn 0.0161 0.9990 0.0428
vn 0.1170 0.9833 0.1395
vn 0.1110 0.9803 0.1631
vn 0.0825 0.9825 0.1668
vn 0.0285 0.9834 0.1793
vn -0.0213 0.9818 0.1889
vn -0.0626 0.9822 0.1773
vn -0.1140 0.9801 0.1625
vn -0.1759 0.9700 0.1680
vn -0.1712 0.9663 0.1921
vn -0.1450 0.9727 0.1813
vn -0.0906 0.9869 0.1332
vn -0.0538 0.9943 0.0922
vn -0.0592 0.9961 0.0659
vn -0.0053 0.9984 0.0556
vn 0.0524 0.9980 0.0350
vn 0.0923 0.9951 0.0347
vn 0.1148 0.9928 0.0335
vn 0.0534 0.9969 0.0581
vn -0.0413 0.9885 0.1454
vn -0.0359 0.9753 0.2178
vn -0.0367 0.9753 0.2178
vn -0.0940 0.9777 0.1877
vn -0.1878 0.9672 0.1709
vn -0.1853 0.9674 0.1729
vn -0.0900 0.9852 0.1461
vn -0.0263 0.9967 0.0768
vn -0.0135 0.9998 0.0130
vn -0.0377 0.9990 -0.0236
vn -0.0155 0.9996 -0.0243
vn 0.0616 0.9981 -0.0026
vn 0.1295 0.9915 -0.0085
vn 0.1057 0.9938 -0.0356
vn -0.0342 0.9987 0.0378
vn -0.1277 0.9839 0.1248
vn -0.0874 0.9787 0.1856
vn -0.0347 0.9718 0.2332
vn -0.0546 0.9732 0.2235
vn -0.1617 0.9717 0.1723
vn -0.1607 0.9800 0.1172
vn -0.0288 0.9977 0.0608
vn 0.0292 0.9995 0.0145
vn 0.0101 0.9999 -0.0006
vn -0.0138 0.9998 -0.0115
vn -0.0041 0.9989 -0.0462
vn 0.0359 0.9979 -0.0534
vn 0.1583 0.9868 0.0352
vn 0.0549 0.9950 0.0830
vn -0.0987 0.9875 0.1228
vn -0.1274 0.9869 0.0989
vn -0.1399 0.9862 0.0880
vn -0.0546 0.9924 0.1101
vn -0.0261 0.9934 0.1117
vn -0.1149 0.9898 0.0847
vn -0.1157 0.9923 0.0432
vn -0.0212 0.9987 0.0461
vn 0.0713 0.9966 0.0420
vn 0.0583 0.9978 -0.0329
vn 0.0357 0.9923 -0.1183
vn 0.0476 0.9821 -0.1823
vn 0.0157 0.9777 -0.2094
vn 0.1008 0.9914 0.0832
vn 0.0036 0.9895 0.1448
vn -0.0844 0.9862 0.1423
vn -0.0827 0.9908 0.1071
vn -0.1313 0.9893 0.0639
vn -0.0201 0.9998 -0.0035
vn -0.0239 0.9988 -0.0418
vn -0.1098 0.9937 -0.0212
vn -0.0765 0.9968 -0.0235
vn -0.0244 0.9979 -0.0606
vn 0.1047 0.9907 -0.0866
vn 0.1429 0.9802 -0.1371
vn 0.1170 0.9693 -0.2163
vn 0.0799 0.9622 -0.2604
vn 0.0121 0.9645 -0.2639
vn 0.0381 0.9947 0.0955
vn -0.0317 0.9908 0.1318
vn -0.0564 0.9885 0.1405
vn -0.0669 0.9889 0.1328
vn -0.0763 0.9915 0.1057
vn 0.0543 0.9976 0.0434
vn -0.0261 0.9996 0.0095
vn -0.1251 0.9921 0.0077
vn -0.0050 0.9989 -0.0465
vn 0.0827 0.9794 -0.1844
vn 0.1250 0.9523 -0.2782
vn 0.1605 0.9482 -0.2743
vn 0.1663 0.9477 -0.2723
vn 0.0742 0.9587 -0.2745
vn 0.0060 0.9654 -0.2609
vn 0.0197 0.9921 0.1236
vn -0.0628 0.9887 0.1362
vn -0.0727 0.9822 0.1733
vn -0.0707 0.9773 0.1995
vn 0.0056 0.9879 0.1552
vn 0.0859 0.9907 0.1057
vn -0.0223 0.9945 0.1024
vn -0.0477 0.9986 0.0215
vn 0.1124 0.9865 -0.1193
vn 0.2029 0.9536 -0.2226
vn 0.1558 0.9480 -0.2774
vn 0.1459 0.9450 -0.2929
vn 0.1682 0.9435 -0.2855
vn 0.0694 0.9557 -0.2860
vn -0.0124 0.9591 -0.2829
vn 0.0261 0.9949 0.0978
vn -0.0683 0.9942 0.0836
vn -0.1011 0.9920 0.0761
vn -0.0544 0.9970 0.0546
vn 0.0710 0.9972 0.0235
vn 0.0628 0.9975 0.0320
vn 0.0070 0.9995 0.0295
vn 0.1023 0.9923 -0.0695
vn 0.2292 0.9545 -0.1907
vn 0.2218 0.9496 -0.2215
vn 0.1694 0.9646 -0.2019
vn 0.1683 0.9618 -0.2159
vn 0.1661 0.9571 -0.2373
vn 0.0722 0.9686 -0.2378
vn -0.0267 0.9722 -0.2328
vn -0.0020 0.9983 0.0584
vn -0.0542 0.9948 0.0864
vn -0.0493 0.9984 0.0275
vn -0.0000 0.9981 -0.0613
vn 0.0562 0.9962 -0.0669
vn 0.0289 0.9992 -0.0261
vn 0.0755 0.9954 -0.0591
vn 0.2019 0.9712 -0.1267
vn 0.2712 0.9518 -0.1435
vn 0.2148 0.9659 -0.1448
vn 0.1793 0.9692 -0.1685
vn 0.2020 0.9589 -0.1991
vn 0.1680 0.9626 -0.2128
vn 0.0807 0.9708 -0.2258
vn -0.0214 0.9694 -0.2445
vn -0.0531 0.9974 0.0496
vn -0.0350 0.9980 0.0525
vn 0.0241 0.9995 0.0203
vn 0.0435 0.9990 -0.0073
vn 0.0208 0.9997 -0.0095
vn 0.0268 0.9996 -0.0132
vn 0.1512 0.9870 -0.0546
vn 0.2585 0.9586 -0.1198
vn 0.2661 0.9519 -0.1523
vn 0.2258 0.9611 -0.1593
vn 0.2127 0.9607 -0.1785
vn 0.2129 0.9582 -0.1910
vn 0.1788 0.9631 -0.2011
vn 0.1066 0.9678 -0.2278
vn -0.0187 0.9712 -0.2377
vn -0.1297 0.9915 -0.0067
vn -0.0099 0.9991 0.0409
vn 0.0836 0.9964 0.0151
vn 0.0426 0.9990 -0.0099
vn 0.0008 1.0000 -0.0040
vn 0.0736 0.9972 -0.0096
vn 0.1962 0.9801 -0.0286
vn 0.3123 0.9492 -0.0393
vn 0.3515 0.9337 -0.0677
vn 0.2707 0.9557 -0.1157
vn 0.2170 0.9679 -0.1266
vn 0.2207 0.9694 -0.1077
vn 0.1840 0.9793 -0.0848
vn 0.1580 0.9852 -0.0660
vn 0.0191 0.9949 -0.0994
vn -0.1803 0.9805 -0.0787
vn -0.0203 0.9978 -0.0625
vn 0.1011 0.9939 -0.0447
vn 0.0323 0.9991 -0.0277
vn -0.0142 0.9999 -0.0086
vn 0.0880 0.9961 -0.0027
vn 0.2216 0.9748 -0.0246
vn 0.3399 0.9382 -0.0656
vn 0.3561 0.9318 -0.0705
vn 0.2782 0.9596 -0.0430
vn 0.2164 0.9754 -0.0417
vn 0.2053 0.9778 -0.0422
vn 0.1613 0.9866 -0.0252
vn 0.1149 0.9931 0.0219
vn 0.0586 0.9964 0.0616
vn -0.1590 0.9810 -0.1112
vn -0.0610 0.9919 -0.1112
vn 0.0589 0.9971 -0.0479
vn 0.0172 0.9998 -0.0075
vn -0.0238 0.9997 -0.0017
vn 0.0832 0.9965 0.0069
vn 0.2326 0.9723 0.0217
vn 0.3595 0.9327 0.0296
vn 0.3145 0.9474 0.0592
vn 0.2388 0.9643 0.1147
vn 0.2395 0.9629 0.1247
vn 0.2212 0.9717 0.0827
vn 0.1657 0.9851 0.0459
vn 0.0664 0.9968 0.0439
vn 0.0387 0.9966 0.0733
vn -0.1333 0.9902 -0.0410
vn -0.0969 0.9947 -0.0345
vn 0.0211 0.9995 -0.0246
vn 0.0059 0.9999 -0.0159
vn -0.0298 0.9995 -0.0043
vn 0.0610 0.9980 0.0155
vn 0.2041 0.9776 0.0513
vn 0.3242 0.9399 0.1071
vn 0.2730 0.9481 0.1632
vn 0.2067 0.9606 0.1858
vn 0.2620 0.9485 0.1781
vn 0.2626 0.9528 0.1522
vn 0.1863 0.9746 0.1242
vn 0.0774 0.9925 0.0944
vn 0.0327 0.9977 0.0600
vn -0.1601 0.9867 0.0295
vn -0.1011 0.9933 0.0553
vn 0.0301 0.9987 0.0409
vn 0.0085 0.9998 0.0205
vn -0.0307 0.9995 0.0073
vn 0.0350 0.9993 0.0146
vn 0.1534 0.9866 0.0559
vn 0.2427 0.9606 0.1356
vn 0.2363 0.9491 0.2083
vn 0.2348 0.9513 0.1999
vn 0.2979 0.9447 0.1369
vn 0.2760 0.9544 0.1141
vn 0.1690 0.9739 0.1514
vn 0.1169 0.9798 0.1620
vn 0.0587 0.9896 0.1317
vn -0.1943 0.9802 0.0377
vn -0.0988 0.9940 0.0464
vn 0.0451 0.9980 0.0450
vn 0.0302 0.9991 0.0287
vn -0.0200 0.9998 0.0096
vn 0.0205 0.9998 0.0061
vn 0.1022 0.9943 0.0309
vn 0.1746 0.9819 0.0738
vn 0.2226 0.9710 0.0877
vn 0.2720 0.9591 0.0779
vn 0.3048 0.9474 0.0975
vn 0.2414 0.9586 0.1508
vn 0.1311 0.9730 0.1898
vn 0.1096 0.9685 0.2234
vn 0.0549 0.9646 0.2580
vn -0.1726 0.9847 0.0246
vn -0.0915 0.9957 -0.0153
vn 0.0515 0.9983 -0.0287
vn 0.0350 0.9991 -0.0241
vn -0.0256 0.9997 -0.0044
vn 0.0246 0.9997 0.0005
vn 0.0668 0.9977 0.0076
vn 0.1437 0.9891 0.0316
vn 0.2386 0.9706 0.0319
vn 0.2496 0.9670 0.0512
vn 0.2182 0.9647 0.1476
vn 0.1812 0.9518 0.2476
vn 0.1233 0.9527 0.2778
vn 0.0689 0.9549 0.2889
vn 0.0354 0.9513 0.3061
vn -0.1095 0.9935 0.0307
vn -0.0562 0.9980 -0.0296
vn 0.0347 0.9988 -0.0346
vn 0.0142 0.9999 -0.0010
vn -0.0284 0.9996 0.0032
vn 0.0273 0.9996 -0.0016
vn 0.0579 0.9983 -0.0025
vn 0.1012 0.9946 0.0249
vn 0.1914 0.9750 0.1131
vn 0.1853 0.9617 0.2019
vn 0.1303 0.9581 0.2549
vn 0.1404 0.9507 0.2766
vn 0.1210 0.9498 0.2884
vn 0.0623 0.9556 0.2880
vn 0.0408 0.9613 0.2724
vn -0.0355 0.9984 0.0439
vn -0.0065 0.9998 -0.0197
vn -0.0128 0.9998 -0.0171
vn 0.0015 0.9999 0.0099
vn -0.0034 1.0000 -0.0065
vn 0.0223 0.9995 -0.0217
vn 0.0402 0.9992 0.0019
vn 0.0175 0.9969 0.0762
vn 0.0848 0.9805 0.1771
vn 0.1283 0.9608 0.2459
vn 0.1148 0.9575 0.2646
vn 0.1351 0.9556 0.2619
vn 0.1108 0.9572 0.2674
vn 0.0736 0.9599 0.2706
vn 0.0422 0.9603 0.2757
vn 0.0131 0.9996 0.0264
vn 0.0062 0.9996 0.0288
vn -0.0302 0.9991 0.0309
vn 0.0308 0.9995 -0.0080
vn 0.0306 0.9980 -0.0551
vn 0.0147 0.9977 -0.0663
vn -0.0242 0.9995 -0.0183
vn -0.0700 0.9959 0.0575
vn 0.0233 0.9944 0.1028
vn 0.0925 0.9871 0.1311
vn 0.0939 0.9806 0.1718
vn 0.1073 0.9683 0.2255
vn 0.1041 0.9612 0.2556
vn 0.0764 0.9631 0.2582
vn 0.0229 0.9626 0.2701
vn 0.0194 0.9996 -0.0220
vn -0.0336 0.9994 0.0093
vn -0.0199 0.9991 0.0370
vn 0.0874 0.9961 0.0092
vn 0.0544 0.9982 -0.0243
vn -0.0121 0.9999 -0.0104
vn -0.0645 0.9979 0.0084
vn -0.0772 0.9968 -0.0201
vn 0.0039 0.9992 -0.0396
vn 0.0527 0.9986 -0.0073
vn 0.0595 0.9978 0.0277
vn 0.0756 0.9963 0.0418
vn 0.0619 0.9943 0.0873
vn 0.0430 0.9851 0.1663
vn 0.0093 0.9794 0.2019
vn 0.0206 0.9993 -0.0309
vn -0.0494 0.9977 -0.0471
vn -0.0351 0.9985 -0.0428
vn 0.0820 0.9966 0.0056
vn 0.0463 0.9975 0.0528
vn -0.0348 0.9970 0.0696
vn -0.0450 0.9975 0.0538
vn -0.0243 0.9997 0.0098
vn -0.0068 0.9999 -0.0130
vn 0.0091 0.9999 0.0089
vn 0.0585 0.9981 0.0181
vn 0.1049 0.9941 -0.0261
vn -0.0041 0.9994 -0.0350
vn -0.0374 0.9987 0.0346
vn 0.0166 0.9973 0.0712
vn 0.0116 0.9999 -0.0006
vn -0.0126 0.9998 -0.0122
vn -0.0437 0.9980 -0.0454
vn 0.0122 0.9998 -0.0163
vn 0.0193 0.9992 0.0339
vn -0.0241 0.9992 0.0334
vn -0.0177 0.9998 0.0109
vn 0.0015 1.0000 0.0019
vn -0.0169 0.9998 0.0091
vn -0.0198 0.9995 0.0261
vn 0.0695 0.9970 0.0343
vn 0.1504 0.9884 0.0204
vn 0.0220 0.9988 -0.0428
vn -0.0753 0.9923 -0.0981
vn -0.0029 0.9970 -0.0779
vn 0.0053 0.9990 0.0433
vn 0.0114 0.9992 0.0372
vn -0.0239 0.9994 0.0264
vn -0.0243 0.9996 0.0138
vn 0.0073 0.9999 0.0121
vn -0.0032 1.0000 0.0036
vn -0.0109 0.9999 -0.0015
vn 0.0012 1.0000 0.0010
vn -0.0118 0.9999 -0.0109
vn -0.0262 0.9993 -0.0267
vn 0.0866 0.9952 -0.0464
vn 0.1636 0.9844 -0.0644
vn 0.0916 0.9921 -0.0858
vn -0.0291 0.9895 -0.1419
vn -0.0395 0.9845 -0.1710
vn 0.0201 0.9996 0.0178
vn 0.0034 0.9998 0.0170
vn -0.0215 0.9992 0.0333
vn -0.0152 0.9993 0.0343
vn 0.0204 0.9997 0.0139
vn 0.0044 1.0000 0.0016
vn -0.0128 0.9999 0.0010
vn 0.0027 1.0000 -0.0011
vn 0.0023 1.0000 -0.0048
vn 0.0252 0.9982 -0.0549
vn 0.1497 0.9777 -0.1475
vn 0.1566 0.9687 -0.1928
vn 0.0720 0.9857 -0.1520
vn 0.0135 0.9926 -0.1205
vn -0.0278 0.9888 -0.1468
vn 0.0025 0.9998 -0.0207
vn 0.0498 0.9971 -0.0567
vn 0.0169 0.9940 -0.1079
vn -0.0162 0.9909 -0.1335
vn 0.0306 0.9893 -0.1426
vn -0.0052 0.9888 -0.1490
vn -0.0254 0.9911 -0.1303
vn -0.0600 0.9956 -0.0719
vn -0.0280 0.9996 -0.0103
vn 0.1426 0.9894 0.0290
vn 0.2374 0.9693 0.0644
vn 0.1878 0.9798 0.0680
vn 0.0416 0.9988 0.0270
vn -0.0156 0.9998 -0.0120
vn 0.0130 0.9996 -0.0260
vn 0.0610 0.9928 -0.1035
vn 0.0788 0.9849 -0.1545
vn 0.0478 0.9850 -0.1656
vn 0.0159 0.9793 -0.2016
vn 0.0581 0.9666 -0.2497
vn 0.0027 0.9610 -0.2766
vn -0.0507 0.9597 -0.2765
vn -0.1090 0.9603 -0.2567
vn -0.0974 0.9765 -0.1922
vn 0.0464 0.9966 -0.0681
vn 0.1910 0.9807 0.0410
vn 0.1969 0.9774 0.0766
vn 0.0804 0.9942 0.0716
vn 0.0210 0.9991 0.0370
vn 0.0015 0.9997 0.0260
vn 0.1275 0.9665 -0.2229
vn 0.0864 0.9650 -0.2474
vn 0.0793 0.9579 -0.2761
vn 0.0562 0.9491 -0.3099
vn 0.0645 0.9482 -0.3111
vn 0.0031 0.9557 -0.2942
vn -0.0450 0.9532 -0.2991
vn -0.1128 0.9434 -0.3120
vn -0.1861 0.9419 -0.2797
vn -0.1097 0.9791 -0.1711
vn 0.1086 0.9932 -0.0429
vn 0.1763 0.9839 0.0282
vn 0.0905 0.9948 0.0464
vn 0.0461 0.9979 0.0463
vn -0.0122 0.9989 0.0459
vn 0.1456 0.9509 -0.2733
vn 0.1141 0.9481 -0.2968
vn 0.1101 0.9400 -0.3228
vn 0.0631 0.9437 -0.3248
vn 0.0321 0.9518 -0.3051
vn -0.0125 0.9596 -0.2812
vn -0.0453 0.9642 -0.2611
vn -0.1485 0.9661 -0.2110
vn -0.2163 0.9592 -0.1822
vn -0.1697 0.9624 -0.2123
vn -0.0063 0.9860 -0.1668
vn 0.1049 0.9933 -0.0489
vn 0.0713 0.9971 0.0261
vn 0.0390 0.9978 0.0530
vn -0.0128 0.9980 0.0613
vn 0.1694 0.9571 -0.2353
vn 0.1486 0.9529 -0.2643
vn 0.1175 0.9546 -0.2738
vn 0.0679 0.9570 -0.2821
vn 0.0182 0.9555 -0.2946
vn -0.0245 0.9552 -0.2951
vn -0.0953 0.9619 -0.2562
vn -0.1988 0.9587 -0.2036
vn -0.1728 0.9601 -0.2197
vn -0.1434 0.9547 -0.2607
vn -0.1219 0.9672 -0.2229
vn -0.0461 0.9954 -0.0845
vn 0.0009 0.9981 0.0620
vn 0.0385 0.9936 0.1059
vn -0.0055 0.9958 0.0912
vn 0.2046 0.9594 -0.1944
vn 0.1733 0.9593 -0.2228
vn 0.1263 0.9611 -0.2456
vn 0.0946 0.9580 -0.2708
vn 0.0237 0.9571 -0.2887
vn -0.0436 0.9602 -0.2759
vn -0.1403 0.9581 -0.2499
vn -0.1889 0.9465 -0.2615
vn -0.1358 0.9489 -0.2849
vn -0.1781 0.9521 -0.2484
vn -0.2075 0.9632 -0.1711
vn -0.1962 0.9775 -0.0780
vn -0.1166 0.9921 0.0471
vn 0.0207 0.9902 0.1382
vn 0.0119 0.9882 0.1527
vn 0.2160 0.9649 -0.1495
vn 0.1965 0.9685 -0.1530
vn 0.1667 0.9672 -0.1918
vn 0.1259 0.9638 -0.2351
vn 0.0235 0.9685 -0.2479
vn -0.0884 0.9719 -0.2184
vn -0.1501 0.9699 -0.1919
vn -0.1667 0.9661 -0.1969
vn -0.1566 0.9706 -0.1827
vn -0.2218 0.9621 -0.1586
vn -0.2606 0.9552 -0.1404
vn -0.2607 0.9589 -0.1123
vn -0.2277 0.9722 -0.0541
vn -0.0759 0.9951 0.0640
vn 0.0090 0.9889 0.1482
vn 0.2186 0.9675 -0.1270
vn 0.2245 0.9623 -0.1538
vn 0.2071 0.9594 -0.1913
vn 0.1202 0.9754 -0.1848
vn 0.0059 0.9888 -0.1491
vn -0.1076 0.9837 -0.1443
vn -0.1424 0.9766 -0.1614
vn -0.1733 0.9722 -0.1574
vn -0.1987 0.9720 -0.1252
vn -0.2322 0.9678 -0.0972
vn -0.2729 0.9574 -0.0945
vn -0.2789 0.9559 -0.0924
vn -0.2855 0.9557 -0.0712
vn -0.1768 0.9840 -0.0225
vn -0.0319 0.9988 0.0371
vn 0.2485 0.9641 -0.0937
vn 0.2616 0.9566 -0.1286
vn 0.1972 0.9730 -0.1198
vn 0.0530 0.9971 -0.0537
vn -0.0276 0.9995 0.0129
vn -0.0595 0.9982 -0.0084
vn -0.0897 0.9915 -0.0945
vn -0.1694 0.9736 -0.1531
vn -0.2309 0.9610 -0.1522
vn -0.2649 0.9580 -0.1095
vn -0.2951 0.9540 -0.0530
vn -0.2993 0.9541 -0.0111
vn -0.2904 0.9569 -0.0062
vn -0.2243 0.9745 -0.0048
vn -0.0710 0.9973 0.0203
vn 0.2703 0.9627 -0.0133
vn 0.2685 0.9633 -0.0044
vn 0.1623 0.9865 0.0199
vn -0.0050 0.9989 0.0461
vn -0.0384 0.9981 0.0479
vn -0.0056 0.9996 0.0266
vn -0.0303 0.9995 -0.0005
vn -0.1476 0.9888 -0.0223
vn -0.2493 0.9680 -0.0267
vn -0.2917 0.9562 -0.0227
vn -0.3186 0.9475 -0.0259
vn -0.2992 0.9532 -0.0427
vn -0.2834 0.9576 -0.0520
vn -0.2582 0.9657 -0.0261
vn -0.0853 0.9964 0.0010
vn 0.2626 0.9638 0.0453
vn 0.2444 0.9672 0.0697
vn 0.1502 0.9850 0.0849
vn 0.0151 0.9985 0.0531
vn -0.0174 0.9998 0.0099
vn 0.0024 1.0000 0.0021
vn -0.0424 0.9985 0.0335
vn -0.1620 0.9834 0.0813
vn -0.2497 0.9632 0.0993
vn -0.2667 0.9614 0.0682
vn -0.2748 0.9615 -0.0029
vn -0.2499 0.9643 -0.0872
vn -0.2907 0.9499 -0.1151
vn -0.3078 0.9487 -0.0724
vn -0.1143 0.9933 -0.0188
vn 0.2468 0.9637 0.1020
vn 0.2161 0.9686 0.1229
vn 0.1656 0.9784 0.1240
vn 0.0708 0.9937 0.0863
vn 0.0029 0.9986 0.0533
vn -0.0162 0.9981 0.0593
vn -0.0907 0.9914 0.0948
vn -0.1898 0.9740 0.1233
vn -0.2369 0.9643 0.1181
vn -0.2362 0.9662 0.1036
vn -0.2215 0.9712 0.0880
vn -0.2060 0.9761 0.0687
vn -0.2893 0.9559 0.0499
vn -0.3273 0.9445 0.0266
vn -0.1309 0.9914 0.0088
vn 0.2414 0.9538 0.1789
vn 0.2089 0.9631 0.1695
vn 0.1661 0.9704 0.1751
vn 0.0982 0.9779 0.1845
vn 0.0219 0.9849 0.1718
vn -0.0363 0.9852 0.1674
vn -0.1199 0.9763 0.1802
vn -0.1882 0.9658 0.1784
vn -0.2198 0.9615 0.1653
vn -0.2282 0.9609 0.1566
vn -0.2211 0.9606 0.1681
vn -0.2321 0.9479 0.2183
vn -0.2642 0.9339 0.2408
vn -0.2269 0.9636 0.1411
vn -0.0829 0.9965 0.0053
vn 0.2358 0.9508 0.2008
vn 0.1931 0.9535 0.2315
vn 0.1463 0.9550 0.2579
vn 0.1061 0.9600 0.2590
vn 0.0387 0.9680 0.2480
vn -0.0356 0.9712 0.2358
vn -0.1249 0.9659 0.2267
vn -0.1747 0.9599 0.2192
vn -0.1980 0.9600 0.1977
vn -0.2118 0.9627 0.1685
vn -0.2323 0.9609 0.1510
vn -0.3046 0.9355 0.1789
vn -0.2286 0.9540 0.1941
vn -0.0682 0.9905 0.1193
vn -0.0125 0.9996 0.0263
vn 0.1822 0.9744 0.1314
vn 0.1247 0.9651 0.2305
vn 0.1312 0.9501 0.2830
vn 0.1229 0.9520 0.2803
vn 0.0390 0.9600 0.2773
vn -0.0410 0.9550 0.2936
vn -0.1228 0.9445 0.3047
vn -0.1371 0.9506 0.2786
vn -0.1699 0.9561 0.2387
vn -0.1824 0.9598 0.2133
vn -0.1925 0.9678 0.1623
vn -0.3037 0.9492 0.0824
vn -0.2032 0.9787 0.0285
vn -0.0249 0.9988 0.0415
vn 0.0107 0.9975 0.0696
vn -0.0807 0.9967 -0.0091
vn 0.0184 0.9997 0.0138
vn 0.0324 0.9993 0.0190
vn -0.0583 0.9983 -0.0029
vn -0.0201 0.9993 -0.0318
vn 0.0337 0.9991 -0.0263
vn 0.0123 0.9999 -0.0004
vn -0.0188 0.9998 0.0078
vn -0.0882 0.9959 -0.0190
vn -0.0281 0.9971 -0.0710
vn 0.0673 0.9933 -0.0940
vn 0.0206 0.9979 -0.0610
vn -0.0267 0.9996 -0.0007
vn 0.0144 0.9987 0.0484
vn 0.0527 0.9969 0.0577
vn -0.0445 0.9972 0.0604
vn 0.0219 0.9998 -0.0023
vn 0.0192 0.9998 0.0025
vn -0.0290 0.9995 0.0082
vn -0.0000 0.9999 -0.0126
vn 0.0103 0.9998 -0.0150
vn -0.0011 1.0000 -0.0041
vn -0.0032 0.9999 -0.0145
vn -0.0368 0.9979 -0.0539
vn -0.0020 0.9969 -0.0788
vn 0.0350 0.9981 -0.0497
vn 0.0033 0.9994 -0.0337
vn -0.0490 0.9973 -0.0539
vn -0.0228 0.9989 -0.0421
vn 0.0473 0.9988 -0.0089
vn 0.0310 0.9992 0.0244
vn 0.0330 0.9995 0.0011
vn -0.0061 0.9999 0.0105
vn -0.0134 0.9998 0.0147
vn 0.0164 0.9999 0.0035
vn -0.0036 1.0000 0.0033
vn 0.0051 1.0000 0.0002
vn 0.0131 0.9998 -0.0120
vn -0.0115 0.9998 -0.0141
vn -0.0071 0.9999 -0.0101
vn 0.0025 1.0000 -0.0010
vn 0.0115 0.9999 0.0072
vn -0.0154 0.9998 -0.0140
vn -0.0271 0.9981 -0.0548
vn 0.0115 0.9987 -0.0492
vn 0.0503 0.9983 -0.0280
vn 0.0188 0.9998 -0.0098
vn -0.0125 0.9999 0.0012
vn 0.0019 0.9999 -0.0119
vn 0.0162 0.9997 -0.0158
vn -0.0186 0.9998 -0.0004
vn 0.0305 0.9995 -0.0078
vn 0.0393 0.9981 -0.0474
vn -0.0241 0.9980 -0.0586
vn -0.0338 0.9992 -0.0232
vn -0.0071 1.0000 0.0038
vn 0.0003 0.9999 0.0163
vn 0.0046 0.9996 0.0286
vn 0.0035 0.9998 0.0186
vn -0.0082 1.0000 0.0020
vn 0.0355 0.9991 -0.0229
vn 0.0003 1.0000 -0.0077
vn 0.0013 0.9999 -0.0140
vn 0.0117 0.9996 -0.0245
vn -0.0024 0.9999 -0.0118
vn -0.0283 0.9996 0.0012
vn 0.0350 0.9993 0.0138
vn 0.0539 0.9980 0.0338
vn -0.0254 0.9992 0.0316
vn -0.0580 0.9981 0.0223
vn -0.0096 0.9997 0.0221
vn -0.0021 0.9999 0.0146
vn 0.0025 1.0000 0.0068
vn 0.0160 0.9999 0.0064
vn -0.0196 0.9965 -0.0807
vn -0.0237 0.9996 -0.0171
vn 0.0159 0.9999 -0.0014
vn 0.0083 1.0000 -0.0022
vn -0.0303 0.9994 0.0163
vn -0.0235 0.9994 0.0265
vn 0.0176 0.9995 0.0266
vn 0.0271 0.9984 0.0500
vn 0.0073 0.9989 0.0460
vn -0.0419 0.9991 0.0074
vn -0.0122 0.9999 -0.0057
vn 0.0160 0.9998 -0.0138
vn -0.0123 0.9999 -0.0092
vn -0.0016 0.9997 0.0235
vn 0.0206 0.9996 0.0206
vn -0.0988 0.9944 -0.0386
vn -0.0495 0.9988 0.0028
vn 0.0155 0.9998 0.0133
vn -0.0009 0.9997 0.0238
vn -0.0716 0.9959 0.0561
vn -0.0216 0.9960 0.0863
vn 0.0434 0.9974 0.0580
vn 0.0328 0.9995 0.0025
vn 0.0468 0.9982 -0.0387
vn -0.0316 0.9983 -0.0492
vn -0.0255 0.9991 -0.0324
vn 0.0245 0.9995 -0.0193
vn -0.0323 0.9994 -0.0124
vn -0.0301 0.9995 0.0034
vn 0.0294 0.9992 0.0260
vn -0.1267 0.9917 0.0221
vn -0.0485 0.9988 0.0082
vn 0.0088 1.0000 0.0035
vn -0.0069 1.0000 0.0057
vn -0.0838 0.9964 -0.0088
vn -0.0289 0.9994 -0.0181
vn 0.0578 0.9983 0.0033
vn 0.0592 0.9981 0.0186
vn 0.0586 0.9981 0.0214
vn -0.0287 0.9994 0.0170
vn -0.0271 0.9996 -0.0013
vn 0.0142 0.9999 -0.0027
vn -0.0253 0.9997 -0.0064
vn -0.0362 0.9991 -0.0232
vn -0.0237 0.9996 0.0133
vn -0.1166 0.9932 0.0070
vn -0.0412 0.9991 0.0033
vn 0.0080 1.0000 0.0015
vn 0.0001 1.0000 -0.0069
vn -0.0272 0.9981 -0.0555
vn -0.0212 0.9937 -0.1102
vn 0.0187 0.9946 -0.1020
vn 0.0498 0.9964 -0.0691
vn 0.0243 0.9993 -0.0285
vn -0.0172 0.9999 -0.0014
vn 0.0093 0.9995 -0.0311
vn -0.0027 0.9988 -0.0494
vn -0.0186 0.9992 -0.0356
vn -0.0160 0.9988 -0.0455
vn -0.0758 0.9959 -0.0499
vn -0.1061 0.9936 0.0374
vn -0.0277 0.9995 0.0171
vn 0.0108 0.9999 0.0026
vn 0.0168 0.9998 -0.0085
vn 0.0290 0.9990 -0.0327
vn -0.0090 0.9989 -0.0463
vn 0.0042 0.9986 -0.0524
vn 0.0367 0.9977 -0.0572
vn -0.0252 0.9990 -0.0357
vn -0.0196 0.9997 -0.0114
vn 0.0525 0.9984 -0.0224
vn -0.0024 0.9989 -0.0473
vn -0.0300 0.9983 -0.0499
vn 0.0074 0.9986 -0.0515
vn -0.0677 0.9947 -0.0775
vn -0.0652 0.9967 0.0494
vn 0.0001 1.0000 0.0017
vn 0.0010 1.0000 -0.0018
vn 0.0186 0.9997 0.0172
vn 0.0438 0.9987 0.0247
vn -0.0077 0.9997 0.0223
vn 0.0048 0.9996 0.0267
vn 0.0143 0.9985 0.0535
vn -0.0468 0.9960 0.0760
vn -0.0084 0.9980 0.0622
vn 0.0654 0.9967 0.0489
vn 0.0218 0.9991 0.0363
vn -0.0357 0.9992 0.0199
vn 0.0046 0.9995 0.0299
vn -0.0286 0.9994 0.0192
vn -0.0138 0.9998 0.0168
vn 0.0161 0.9999 -0.0030
vn -0.0093 0.9999 -0.0052
vn 0.0046 1.0000 -0.0000
vn 0.0255 0.9994 0.0244
vn 0.0005 0.9993 0.0369
vn 0.0022 0.9996 0.0270
vn -0.0129 0.9995 0.0298
vn -0.0267 0.9995 0.0140
vn 0.0108 0.9999 -0.0112
vn 0.0324 0.9993 0.0159
vn 0.0237 0.9979 0.0599
vn -0.0229 0.9978 0.0619
vn -0.0069 0.9987 0.0508
vn -0.0071 0.9986 0.0516
vn -0.0243 0.9987 -0.0441
vn -0.0009 1.0000 0.0030
vn 0.0076 1.0000 0.0053
vn 0.0151 0.9995 -0.0274
vn 0.0148 0.9986 -0.0516
vn -0.0093 0.9990 -0.0431
vn -0.0094 0.9999 -0.0118
vn -0.0009 0.9999 -0.0151
vn 0.0077 0.9989 -0.0459
vn -0.0030 0.9992 -0.0409
vn -0.0131 0.9999 -0.0091
vn 0.0030 0.9999 0.0130
vn -0.0076 0.9998 0.0164
vn -0.0007 1.0000 0.0059
vn -0.0041 1.0000 -0.0041
vn -0.0873 0.9952 -0.0446
vn -0.0414 0.9991 0.0123
vn 0.0291 0.9991 0.0294
vn 0.0387 0.9991 0.0168
vn 0.0409 0.9991 -0.0087
vn -0.0295 0.9993 -0.0228
vn -0.0371 0.9993 -0.0064
vn 0.0307 0.9995 -0.0071
vn 0.0166 0.9997 -0.0168
vn -0.0276 0.9996 -0.0060
vn -0.0209 0.9998 -0.0055
vn -0.0081 0.9999 -0.0088
vn -0.0037 1.0000 -0.0051
vn 0.0070 1.0000 -0.0061
vn 0.0063 0.9999 -0.0142
vn -0.1050 0.9945 0.0037
vn -0.0675 0.9977 -0.0086
vn 0.0263 0.9996 0.0036
vn 0.0396 0.9991 0.0181
vn 0.0429 0.9983 0.0407
vn -0.0227 0.9987 0.0461
vn -0.0325 0.9993 0.0181
vn 0.0325 0.9994 0.0126
vn 0.0110 0.9996 0.0262
vn -0.0235 0.9996 0.0170
vn -0.0116 0.9999 0.0033
vn -0.0110 0.9999 0.0002
vn -0.0029 1.0000 -0.0014
vn -0.0103 0.9998 0.0162
vn -0.0011 0.9988 0.0489
vn 0.0290 0.9976 0.0623
vn 0.0024 0.9999 0.0141
vn -0.0495 0.9987 -0.0128
vn -0.0104 0.9999 -0.0051
vn 0.0085 1.0000 0.0011
vn 0.0305 0.9995 -0.0101
vn 0.0058 0.9995 -0.0296
vn -0.0086 0.9990 -0.0434
vn -0.0006 0.9986 -0.0522
vn 0.0119 0.9984 -0.0560
vn -0.0018 0.9989 -0.0460
vn -0.0238 0.9996 -0.0176
vn -0.0282 0.9996 -0.0036
vn -0.0792 0.9968 -0.0111
vn 0.0488 0.9977 -0.0474
vn 0.0324 0.9993 0.0175
vn 0.0252 0.9989 0.0394
vn -0.0257 0.9995 0.0203
vn -0.0092 0.9999 -0.0124
vn 0.0039 0.9999 -0.0152
vn 0.0356 0.9994 -0.0046
vn 0.0232 0.9997 -0.0077
vn -0.0067 0.9999 -0.0130
vn 0.0001 1.0000 -0.0068
vn 0.0305 0.9993 -0.0219
vn -0.0202 0.9993 -0.0319
vn -0.0536 0.9985 -0.0119
vn -0.0079 0.9998 -0.0163
vn -0.0491 0.9971 -0.0582
vn 0.1008 0.9895 -0.1040
vn 0.0139 0.9999 -0.0024
vn 0.0163 0.9999 0.0035
vn 0.0024 1.0000 0.0035
vn -0.0009 1.0000 -0.0001
vn -0.0012 1.0000 -0.0005
vn 0.0180 0.9998 0.0117
vn 0.0211 0.9992 0.0345
vn -0.0165 0.9985 0.0517
vn 0.0003 0.9985 0.0549
vn 0.0459 0.9975 0.0545
vn -0.0147 0.9989 0.0435
vn -0.0559 0.9982 0.0199
vn -0.0066 0.9997 0.0253
vn 0.0038 0.9999 0.0130
vn 0.1500 0.9878 -0.0426
vn 0.0337 0.9982 0.0500
vn 0.0307 0.9995 0.0098
vn -0.0012 1.0000 -0.0010
vn 0.0020 1.0000 0.0032
vn -0.0012 1.0000 0.0007
vn 0.0029 1.0000 0.0037
vn 0.0034 0.9999 0.0136
vn -0.0140 0.9998 0.0115
vn 0.0070 1.0000 -0.0011
vn 0.0236 0.9996 0.0152
vn -0.0038 0.9993 0.0376
vn -0.0387 0.9987 0.0330
vn -0.0224 0.9994 0.0262
vn 0.0482 0.9988 0.0098
vn 0.1833 0.9830 -0.0104
vn 0.0678 0.9970 0.0369
vn 0.0460 0.9986 0.0268
vn -0.0096 0.9995 0.0304
vn 0.0127 0.9996 0.0239
vn 0.0076 0.9999 0.0070
vn -0.0000 1.0000 -0.0019
vn -0.0009 1.0000 -0.0045
vn 0.0021 0.9999 -0.0141
vn 0.0068 0.9998 -0.0175
vn -0.0050 1.0000 -0.0051
vn -0.0167 0.9998 0.0140
vn -0.0257 0.9995 0.0185
vn -0.0016 1.0000 -0.0087
vn 0.0675 0.9972 -0.0323
vn 0.1897 0.9811 -0.0377
vn 0.0674 0.9946 -0.0791
vn 0.0154 0.9991 -0.0383
vn -0.0135 0.9999 -0.0072
vn 0.0203 0.9998 -0.0044
vn 0.0142 0.9999 -0.0017
vn 0.0118 0.9999 -0.0113
vn -0.0011 0.9998 -0.0202
vn 0.0002 1.0000 -0.0085
vn -0.0003 1.0000 0.0039
vn -0.0328 0.9991 0.0264
vn -0.0318 0.9982 0.0502
vn 0.0086 0.9996 0.0267
vn 0.0457 0.9986 -0.0277
vn 0.0664 0.9965 -0.0501
vn 0.1873 0.9815 -0.0396
vn 0.0344 0.9945 -0.0992
vn -0.0387 0.9977 -0.0555
vn -0.0149 0.9994 -0.0318
vn 0.0158 0.9995 -0.0288
vn 0.0050 0.9998 -0.0177
vn 0.0162 0.9999 -0.0033
vn -0.0116 0.9999 0.0117
vn -0.0246 0.9991 0.0355
vn 0.0040 0.9991 0.0434
vn -0.0469 0.9984 0.0307
vn -0.0298 0.9994 0.0189
vn 0.0503 0.9987 -0.0009
vn 0.0678 0.9976 -0.0104
vn 0.0471 0.9988 0.0094
vn 0.1473 0.9873 0.0591
vn -0.0021 1.0000 0.0051
vn -0.0587 0.9981 0.0176
vn -0.0062 1.0000 0.0051
vn 0.0174 0.9998 -0.0083
vn -0.0032 0.9999 -0.0129
vn -0.0095 0.9999 0.0066
vn -0.0244 0.9993 0.0299
vn -0.0279 0.9994 0.0222
vn 0.0188 0.9998 0.0030
vn -0.0193 0.9995 -0.0267
vn -0.0180 0.9983 -0.0545
vn 0.0418 0.9984 -0.0379
vn 0.0419 0.9991 0.0060
vn 0.0198 0.9990 0.0396
vn 0.0687 0.9930 0.0956
vn -0.0154 0.9991 0.0386
vn -0.0363 0.9992 0.0168
vn 0.0072 1.0000 -0.0067
vn 0.0393 0.9988 -0.0285
vn 0.0053 0.9985 -0.0545
vn -0.0464 0.9979 -0.0453
vn -0.0373 0.9991 -0.0188
vn -0.0106 0.9998 -0.0157
vn 0.0274 0.9994 -0.0223
vn 0.0099 0.9995 -0.0305
vn -0.0165 0.9993 -0.0334
vn 0.0081 0.9998 -0.0178
vn 0.0184 0.9998 -0.0046
vn 0.0035 1.0000 0.0016
vn -0.0113 0.9990 0.0422
vn -0.0060 0.9998 0.0195
vn -0.0154 0.9998 0.0110
vn 0.0113 0.9999 0.0094
vn 0.0566 0.9983 0.0099
vn 0.0119 0.9999 0.0116
vn -0.0740 0.9970 0.0234
vn -0.0061 0.9963 0.0853
vn 0.0552 0.9967 0.0600
vn 0.0276 0.9994 0.0228
vn -0.0138 0.9999 0.0054
vn 0.0040 1.0000 -0.0088
vn 0.0228 0.9995 -0.0224
vn 0.0142 0.9989 -0.0436
vn -0.0403 0.9970 -0.0656
vn -0.0181 0.9987 0.0466
vn -0.0049 0.9984 0.0568
vn 0.0032 0.9984 0.0563
vn 0.0168 0.9945 0.1031
vn -0.0155 0.9858 0.1670
vn -0.0676 0.9819 0.1770
vn -0.0599 0.9901 0.1268
vn 0.0062 0.9971 0.0757
vn 0.1017 0.9938 0.0437
vn 0.0609 0.9981 0.0011
vn -0.0097 0.9998 -0.0190
vn 0.0240 0.9993 -0.0288
vn 0.0242 0.9990 -0.0368
vn 0.0345 0.9987 -0.0372
vn 0.0060 0.9968 -0.0803
vn -0.0700 0.9937 0.0871
vn 0.0045 0.9928 0.1194
vn 0.0092 0.9945 0.1044
vn -0.0183 0.9961 0.0861
vn -0.0498 0.9948 0.0884
vn -0.0334 0.9966 0.0758
vn 0.0467 0.9989 -0.0106
vn 0.0484 0.9929 -0.1090
vn 0.1211 0.9832 -0.1365
vn 0.0944 0.9832 -0.1559
vn -0.0091 0.9855 -0.1695
vn 0.0348 0.9847 -0.1705
vn 0.0020 0.9879 -0.1552
vn 0.0056 0.9947 -0.1022
vn 0.0117 0.9992 -0.0378
vn -0.0792 0.9963 0.0337
vn -0.0065 0.9998 0.0211
vn 0.0426 0.9990 0.0145
vn 0.0232 0.9989 -0.0416
vn -0.0349 0.9943 -0.1007
vn 0.0255 0.9866 -0.1611
vn 0.1394 0.9638 -0.2273
vn 0.0940 0.9572 -0.2739
vn 0.1130 0.9524 -0.2831
vn 0.1018 0.9567 -0.2729
vn 0.0194 0.9551 -0.2957
vn 0.0168 0.9526 -0.3039
vn -0.0378 0.9626 -0.2683
vn -0.0600 0.9741 -0.2181
vn -0.0613 0.9871 -0.1480
vn -0.0079 0.9998 -0.0189
vn 0.0057 0.9959 -0.0900
vn 0.0493 0.9936 -0.1020
vn 0.0695 0.9926 -0.0993
vn 0.0242 0.9891 -0.1452
vn 0.1279 0.9625 -0.2394
vn 0.1728 0.9361 -0.3063
vn 0.0901 0.9504 -0.2977
vn 0.1036 0.9550 -0.2779
vn 0.0997 0.9554 -0.2781
vn 0.0469 0.9592 -0.2789
vn -0.0017 0.9602 -0.2794
vn -0.0728 0.9613 -0.2657
vn -0.0950 0.9643 -0.2470
vn -0.0920 0.9641 -0.2490
vn 0.0381 0.9941 -0.1015
vn 0.0338 0.9938 -0.1058
vn 0.0155 0.9960 -0.0879
vn 0.0917 0.9926 -0.0792
vn 0.1070 0.9846 -0.1380
vn 0.2016 0.9606 -0.1913
vn 0.1754 0.9656 -0.1921
vn 0.0862 0.9737 -0.2109
vn 0.1201 0.9633 -0.2402
vn 0.0941 0.9637 -0.2498
vn 0.0412 0.9703 -0.2383
vn 0.0010 0.9719 -0.2355
vn -0.0631 0.9637 -0.2594
vn -0.0829 0.9518 -0.2953
vn -0.0808 0.9462 -0.3134
vn 0.0393 0.9990 0.0226
vn -0.0321 0.9992 0.0249
vn 0.0556 0.9985 -0.0013
vn 0.2448 0.9667 -0.0753
vn 0.2461 0.9563 -0.1576
vn 0.1395 0.9713 -0.1927
vn 0.1638 0.9691 -0.1842
vn 0.1990 0.9617 -0.1883
vn 0.1430 0.9697 -0.1978
vn 0.1118 0.9736 -0.1990
vn 0.0988 0.9698 -0.2231
vn 0.0109 0.9674 -0.2529
vn -0.0606 0.9644 -0.2575
vn -0.0832 0.9707 -0.2254
vn -0.1592 0.9756 -0.1514
vn 0.0253 0.9983 0.0528
vn -0.0201 0.9984 0.0529
vn 0.1065 0.9942 0.0158
vn 0.2889 0.9573 -0.0101
vn 0.2926 0.9559 -0.0234
vn 0.1808 0.9802 -0.0807
vn 0.1836 0.9719 -0.1471
vn 0.2135 0.9613 -0.1740
vn 0.1463 0.9717 -0.1855
vn 0.1302 0.9700 -0.2054
vn 0.1252 0.9660 -0.2262
vn 0.0137 0.9739 -0.2265
vn -0.0699 0.9731 -0.2196
vn -0.1387 0.9721 -0.1893
vn -0.2331 0.9635 -0.1314
vn -0.0214 0.9996 0.0161
vn -0.0015 0.9990 0.0443
vn 0.1648 0.9863 0.0034
vn 0.2881 0.9573 -0.0259
vn 0.2963 0.9550 -0.0099
vn 0.2606 0.9648 -0.0362
vn 0.2430 0.9634 -0.1132
vn 0.2243 0.9620 -0.1555
vn 0.1733 0.9673 -0.1850
vn 0.1558 0.9642 -0.2144
vn 0.1042 0.9752 -0.1955
vn -0.0090 0.9867 -0.1621
vn -0.0676 0.9861 -0.1516
vn -0.1629 0.9737 -0.1591
vn -0.2482 0.9535 -0.1707
vn -0.0662 0.9975 -0.0256
vn 0.0183 0.9994 -0.0288
vn 0.1888 0.9815 -0.0327
vn 0.2794 0.9600 -0.0173
vn 0.2766 0.9610 -0.0024
vn 0.2849 0.9583 0.0206
vn 0.2999 0.9539 0.0081
vn 0.2578 0.9653 -0.0422
vn 0.2120 0.9737 -0.0839
vn 0.1492 0.9854 -0.0822
vn 0.0536 0.9980 -0.0349
vn -0.0238 0.9997 -0.0033
vn -0.0457 0.9987 -0.0236
vn -0.1363 0.9886 -0.0642
vn -0.2173 0.9699 -0.1101
vn -0.0464 0.9988 -0.0167
vn 0.0329 0.9984 -0.0470
vn 0.1766 0.9833 -0.0438
vn 0.2738 0.9610 -0.0391
vn 0.2644 0.9638 -0.0345
vn 0.2613 0.9651 -0.0206
vn 0.3073 0.9516 0.0048
vn 0.2897 0.9570 0.0148
vn 0.2279 0.9737 0.0072
vn 0.1339 0.9910 0.0057
vn 0.0294 0.9996 -0.0028
vn -0.0233 0.9997 -0.0106
vn -0.0356 0.9994 -0.0009
vn -0.1088 0.9941 0.0018
vn -0.1836 0.9829 -0.0168
vn -0.0216 0.9998 -0.0040
vn 0.0275 0.9996 0.0069
vn 0.1781 0.9840 0.0061
vn 0.2670 0.9637 0.0052
vn 0.2688 0.9632 0.0021
vn 0.2715 0.9620 -0.0290
vn 0.2881 0.9566 -0.0432
vn 0.2811 0.9594 -0.0220
vn 0.2186 0.9758 0.0037
vn 0.1314 0.9912 0.0181
vn 0.0406 0.9990 0.0182
vn -0.0171 0.9998 0.0087
vn -0.0707 0.9971 0.0281
vn -0.1147 0.9912 0.0654
vn -0.1675 0.9831 0.0737
vn -0.0161 0.9995 -0.0280
vn 0.0065 0.9997 -0.0235
vn 0.1464 0.9888 0.0305
vn 0.2430 0.9659 0.0896
vn 0.2746 0.9556 0.1068
vn 0.2953 0.9500 0.1015
vn 0.2713 0.9563 0.1088
vn 0.2552 0.9585 0.1268
vn 0.2174 0.9679 0.1264
vn 0.1379 0.9847 0.1064
vn 0.0396 0.9941 0.1014
vn -0.0178 0.9935 0.1126
vn -0.1182 0.9828 0.1419
vn -0.1292 0.9766 0.1719
vn -0.1290 0.9815 0.1415
vn -0.0088 0.9997 0.0244
vn -0.0158 0.9993 0.0349
vn 0.0941 0.9939 0.0572
vn 0.2204 0.9726 0.0744
vn 0.2720 0.9587 0.0834
vn 0.2662 0.9559 0.1239
vn 0.2387 0.9545 0.1786
vn 0.2359 0.9496 0.2064
vn 0.2178 0.9500 0.2236
vn 0.1488 0.9615 0.2311
vn 0.0403 0.9736 0.2246
vn -0.0353 0.9726 0.2300
vn -0.1280 0.9656 0.2261
vn -0.0941 0.9798 0.1764
vn -0.0810 0.9883 0.1291
vn -0.0481 0.9955 -0.0818
vn -0.0117 0.9983 -0.0574
vn 0.0648 0.9964 -0.0544
vn 0.1810 0.9835 -0.0032
vn 0.2333 0.9698 0.0704
vn 0.1982 0.9695 0.1441
vn 0.2003 0.9598 0.1965
vn 0.2246 0.9509 0.2132
vn 0.2088 0.9529 0.2198
vn 0.1339 0.9608 0.2426
vn 0.0275 0.9602 0.2781
vn -0.0436 0.9553 0.2924
vn -0.0785 0.9630 0.2579
vn -0.0433 0.9769 0.2091
vn -0.0826 0.9748 0.2072
vn -0.0817 0.9604 -0.2666
vn -0.0024 0.9640 -0.2659
vn -0.0011 0.9762 -0.2167
vn 0.0534 0.9956 -0.0774
vn 0.1185 0.9881 0.0980
vn 0.1363 0.9698 0.2020
vn 0.1876 0.9573 0.2200
vn 0.2164 0.9514 0.2192
vn 0.1986 0.9518 0.2338
vn 0.1097 0.9623 0.2491
vn 0.0067 0.9657 0.2596
vn -0.0311 0.9673 0.2517
vn -0.0257 0.9744 0.2231
vn -0.0381 0.9754 0.2173
vn -0.1221 0.9606 0.2497
vn -0.0655 0.9459 -0.3179
vn -0.0302 0.9501 -0.3104
vn -0.0832 0.9628 -0.2569
vn -0.1015 0.9812 -0.1644
vn -0.0743 0.9972 0.0082
vn 0.0473 0.9833 0.1756
vn 0.2014 0.9536 0.2237
vn 0.2156 0.9543 0.2068
vn 0.1626 0.9587 0.2333
vn 0.0975 0.9579 0.2699
vn 0.0200 0.9648 0.2621
vn -0.0142 0.9704 0.2412
vn -0.0128 0.9707 0.2399
vn -0.0597 0.9659 0.2519
vn -0.1372 0.9568 0.2562
vn -0.0371 0.9496 -0.3112
vn -0.0739 0.9493 -0.3055
vn -0.1332 0.9539 -0.2690
vn -0.1875 0.9562 -0.2249
vn -0.2268 0.9619 -0.1523
vn -0.0757 0.9964 -0.0388
vn 0.1473 0.9851 0.0890
vn 0.1924 0.9629 0.1892
vn 0.1271 0.9654 0.2278
vn 0.0767 0.9654 0.2492
vn 0.0335 0.9633 0.2664
vn -0.0185 0.9601 0.2791
vn -0.0379 0.9510 0.3070
vn -0.0590 0.9474 0.3145
vn -0.1079 0.9526 0.2844
vn 0.0057 0.9594 -0.2820
vn -0.0925 0.9468 -0.3083
vn -0.1836 0.9442 -0.2733
vn -0.2317 0.9474 -0.2209
vn -0.2707 0.9423 -0.1971
vn -0.1499 0.9700 -0.1914
vn 0.0074 0.9941 -0.1084
vn 0.0624 0.9956 0.0695
vn 0.0857 0.9747 0.2065
vn 0.0530 0.9668 0.2498
vn 0.0214 0.9634 0.2673
vn -0.0318 0.9601 0.2778
vn -0.0534 0.9601 0.2744
vn -0.0511 0.9606 0.2733
vn -0.0679 0.9642 0.2565
vn 0.0230 0.9774 -0.2103
vn -0.0716 0.9739 -0.2153
vn -0.2156 0.9474 -0.2366
vn -0.2603 0.9389 -0.2252
vn -0.2634 0.9387 -0.2224
vn -0.1716 0.9604 -0.2193
vn -0.1353 0.9803 -0.1441
vn -0.1416 0.9896 0.0263
vn 0.0036 0.9851 0.1721
vn 0.0491 0.9763 0.2108
vn 0.0069 0.9773 0.2116
vn -0.0299 0.9767 0.2124
vn -0.0581 0.9747 0.2159
vn -0.0543 0.9732 0.2237
vn -0.0025 0.9837 0.1797
vn -0.0041 0.9848 -0.1734
vn -0.0569 0.9863 -0.1549
vn -0.2018 0.9664 -0.1595
vn -0.2827 0.9454 -0.1623
vn -0.2628 0.9530 -0.1505
vn -0.2179 0.9680 -0.1242
vn -0.2305 0.9707 -0.0678
vn -0.2522 0.9674 -0.0217
vn -0.0635 0.9979 0.0152
vn 0.0486 0.9978 0.0459
vn -0.0051 0.9982 0.0590
vn -0.0461 0.9952 0.0858
vn -0.0789 0.9900 0.1168
vn -0.0482 0.9915 0.1210
vn 0.0572 0.9933 0.1007
vn -0.0123 0.9934 -0.1137
vn -0.1014 0.9902 -0.0957
vn -0.2583 0.9622 -0.0859
vn -0.3342 0.9406 -0.0594
vn -0.3146 0.9485 -0.0376
vn -0.2604 0.9648 -0.0365
vn -0.2569 0.9658 -0.0358
vn -0.2430 0.9700 -0.0099
vn -0.0894 0.9960 0.0047
vn 0.0361 0.9993 -0.0012
vn -0.0431 0.9991 0.0023
vn -0.0613 0.9981 -0.0079
vn -0.0229 0.9984 -0.0519
vn -0.0008 0.9957 -0.0925
vn 0.0431 0.9942 -0.0983
vn -0.0353 0.9992 -0.0178
vn -0.1070 0.9942 -0.0066
vn -0.2626 0.9649 -0.0063
vn -0.3343 0.9421 -0.0274
vn -0.3191 0.9467 -0.0442
vn -0.2455 0.9677 -0.0571
vn -0.2568 0.9638 -0.0719
vn -0.2767 0.9591 -0.0593
vn -0.1017 0.9945 -0.0238
vn 0.0398 0.9992 -0.0079
vn -0.0496 0.9987 -0.0088
vn -0.0480 0.9988 -0.0053
vn 0.0077 1.0000 -0.0049
vn 0.0065 1.0000 -0.0018
vn 0.0260 0.9995 0.0151
vn -0.0306 0.9986 0.0432
vn -0.1294 0.9904 0.0490
vn -0.2388 0.9700 0.0449
vn -0.2970 0.9549 -0.0010
vn -0.3056 0.9512 -0.0429
vn -0.2498 0.9673 -0.0432
vn -0.2463 0.9685 -0.0357
vn -0.2895 0.9561 -0.0448
vn -0.1370 0.9900 -0.0326
vn 0.0284 0.9996 -0.0015
vn -0.0454 0.9989 0.0068
vn -0.0443 0.9990 -0.0046
vn 0.0056 1.0000 -0.0069
vn 0.0002 1.0000 -0.0015
vn 0.0009 0.9999 0.0130
vn -0.0479 0.9949 0.0885
vn -0.1530 0.9807 0.1220
vn -0.2099 0.9704 0.1196
vn -0.2516 0.9638 0.0878
vn -0.2726 0.9611 0.0451
vn -0.2461 0.9692 0.0037
vn -0.2525 0.9676 -0.0021
vn -0.2926 0.9561 0.0165
vn -0.1567 0.9873 0.0267
vn -0.0089 0.9986 0.0528
vn -0.0299 0.9974 0.0660
vn -0.0101 0.9996 0.0275
vn 0.0083 0.9999 -0.0070
vn 0.0011 0.9999 -0.0160
vn -0.0242 0.9997 -0.0064
vn -0.0919 0.9749 0.2026
vn -0.1508 0.9652 0.2136
vn -0.1837 0.9644 0.1900
vn -0.2269 0.9588 0.1711
vn -0.2295 0.9622 0.1469
vn -0.2038 0.9735 0.1037
vn -0.2651 0.9608 0.0812
vn -0.3005 0.9497 0.0884
vn -0.1523 0.9846 0.0857
vn -0.0382 0.9958 0.0838
vn 0.0072 0.9980 0.0632
vn 0.0350 0.9992 0.0196
vn 0.0273 0.9996 -0.0101
vn 0.0115 0.9995 -0.0305
vn -0.0363 0.9986 -0.0382
vn -0.1021 0.9584 0.2664
vn -0.1273 0.9609 0.2459
vn -0.1688 0.9578 0.2326
vn -0.2007 0.9567 0.2107
vn -0.2067 0.9602 0.1877
vn -0.1770 0.9665 0.1857
vn -0.2558 0.9515 0.1712
vn -0.2548 0.9606 0.1110
vn -0.1147 0.9928 0.0353
vn -0.0372 0.9993 -0.0024
vn 0.0417 0.9990 -0.0170
vn 0.0486 0.9986 -0.0220
vn 0.0397 0.9990 -0.0184
vn 0.0105 0.9999 -0.0096
vn -0.0409 0.9992 0.0036
vn -0.0812 0.9669 0.2417
vn -0.1378 0.9582 0.2508
vn -0.1723 0.9445 0.2796
vn -0.1542 0.9522 0.2636
vn -0.2047 0.9486 0.2414
vn -0.1787 0.9513 0.2513
vn -0.1853 0.9630 0.1959
vn -0.1497 0.9863 0.0693
vn -0.0597 0.9981 -0.0164
vn -0.0200 0.9985 -0.0519
vn 0.0383 0.9980 -0.0508
vn 0.0195 0.9997 -0.0135
vn 0.0176 0.9993 0.0340
vn -0.0028 0.9982 0.0604
vn -0.0271 0.9985 0.0472
vn -0.0681 0.9614 0.2665
vn -0.1584 0.9527 0.2595
vn -0.1754 0.9524 0.2495
vn -0.1129 0.9661 0.2321
vn -0.1931 0.9616 0.1951
vn -0.1757 0.9704 0.1656
vn -0.0855 0.9882 0.1272
vn -0.0540 0.9971 0.0541
vn -0.0446 0.9986 0.0268
vn -0.0017 0.9996 0.0287
vn 0.0343 0.9993 0.0133
vn -0.0110 0.9999 0.0103
vn -0.0182 0.9994 0.0289
vn 0.0005 0.9994 0.0345
vn 0.0184 0.9998 -0.0006
vn -0.0580 0.9564 0.2862
vn -0.1301 0.9589 0.2520
vn -0.1537 0.9663 0.2064
vn -0.0915 0.9789 0.1826
vn -0.1336 0.9819 0.1342
vn -0.1456 0.9876 0.0592
vn -0.0467 0.9985 0.0279
vn -0.0081 0.9998 0.0180
vn -0.0477 0.9989 0.0024
vn -0.0043 1.0000 0.0063
vn 0.0559 0.9984 0.0026
vn 0.0092 0.9993 -0.0363
vn -0.0206 0.9971 -0.0726
vn -0.0032 0.9974 -0.0722
vn 0.0283 0.9987 -0.0431
vn -0.0475 0.9558 0.2900
vn -0.0879 0.9580 0.2730
vn -0.1053 0.9671 0.2316
vn -0.0683 0.9798 0.1881
vn -0.0592 0.9883 0.1403
vn -0.0747 0.9948 0.0687
vn -0.0292 0.9995 0.0106
vn 0.0040 0.9999 -0.0092
vn -0.0363 0.9992 -0.0171
vn -0.0179 0.9997 -0.0189
vn 0.0621 0.9980 -0.0079
vn 0.0365 0.9993 -0.0026
vn 0.0051 0.9998 -0.0192
vn -0.0023 0.9989 -0.0461
vn 0.0026 0.9987 -0.0508
vn -0.0447 0.9758 0.2138
vn -0.0533 0.9799 0.1920
vn -0.0494 0.9883 0.1442
vn -0.0435 0.9930 0.1098
vn -0.0400 0.9926 0.1147
vn -0.0142 0.9942 0.1068
vn 0.0372 0.9986 0.0382
vn 0.0336 0.9987 -0.0379
vn -0.0401 0.9976 -0.0557
vn -0.0301 0.9988 -0.0380
vn 0.0357 0.9993 -0.0102
vn 0.0172 0.9994 0.0306
vn 0.0200 0.9985 0.0517
vn 0.0137 0.9988 0.0477
vn 0.0078 0.9995 0.0309
vn -0.0342 0.9993 0.0135
vn -0.0407 0.9991 0.0108
vn -0.0227 0.9996 0.0183
vn -0.0468 0.9984 0.0301
vn -0.0820 0.9941 0.0709
vn 0.0091 0.9952 0.0971
vn 0.1344 0.9899 0.0454
vn 0.0814 0.9963 -0.0259
vn -0.0603 0.9975 -0.0361
vn -0.0447 0.9988 -0.0191
vn 0.0079 1.0000 -0.0045
vn -0.0059 1.0000 0.0056
vn 0.0026 0.9997 0.0249
vn 0.0099 0.9987 0.0502
vn 0.0416 0.9984 0.0370
vn -0.0089 0.9930 -0.1174
vn -0.0668 0.9914 -0.1126
vn -0.0658 0.9966 -0.0500
vn -0.0637 0.9980 -0.0020
vn -0.1035 0.9946 -0.0048
vn 0.0080 0.9999 -0.0090
vn 0.1679 0.9857 0.0099
vn 0.0798 0.9957 0.0479
vn -0.0556 0.9970 0.0547
vn -0.0364 0.9990 0.0243
vn 0.0017 1.0000 0.0076
vn -0.0186 0.9997 0.0162
vn -0.0305 0.9986 0.0427
vn 0.0094 0.9987 0.0511
vn 0.0771 0.9966 0.0289
vn 0.0042 0.9925 -0.1222
vn -0.0841 0.9891 -0.1213
vn -0.1269 0.9864 -0.1044
vn -0.0818 0.9940 -0.0724
vn -0.0997 0.9935 -0.0547
vn -0.0010 0.9990 -0.0450
vn 0.1209 0.9927 -0.0062
vn 0.0393 0.9982 0.0464
vn -0.0159 0.9990 0.0421
vn -0.0108 0.9999 0.0073
vn 0.0053 1.0000 -0.0053
vn -0.0300 0.9995 -0.0060
vn -0.0403 0.9991 -0.0112
vn 0.0044 1.0000 -0.0046
vn 0.0558 0.9975 0.0431
vn -0.0168 0.9929 -0.1178
vn -0.0894 0.9917 -0.0921
vn -0.1357 0.9862 -0.0948
vn -0.1145 0.9897 -0.0860
vn -0.1053 0.9922 -0.0661
vn -0.0060 0.9978 -0.0655
vn 0.0607 0.9974 -0.0385
vn 0.0148 0.9999 -0.0061
vn 0.0091 1.0000 -0.0022
vn -0.0003 1.0000 -0.0026
vn 0.0014 1.0000 0.0033
vn -0.0209 0.9998 -0.0012
vn -0.0134 0.9994 -0.0320
vn -0.0084 0.9986 -0.0526
vn 0.0004 0.9995 -0.0322
vn -0.0556 0.9980 -0.0291
vn -0.0340 0.9978 -0.0572
vn -0.1241 0.9896 -0.0728
vn -0.2225 0.9736 -0.0516
vn -0.1065 0.9939 -0.0282
vn -0.0137 0.9999 -0.0102
vn -0.0042 1.0000 -0.0032
vn 0.0189 0.9998 -0.0071
vn 0.0192 0.9997 -0.0127
vn -0.0185 0.9997 -0.0185
vn -0.0560 0.9984 0.0050
vn 0.0040 0.9999 0.0151
vn 0.0660 0.9973 -0.0317
vn 0.0016 0.9988 -0.0495
vn -0.0251 0.9996 -0.0147
vn -0.0159 0.9995 0.0267
vn 0.0068 0.9996 -0.0259
vn -0.1499 0.9884 -0.0242
vn -0.2359 0.9718 -0.0050
vn -0.1136 0.9935 -0.0080
vn -0.0288 0.9996 -0.0046
vn 0.0017 1.0000 -0.0022
vn 0.0099 0.9999 0.0047
vn 0.0216 0.9996 0.0169
vn -0.0000 1.0000 0.0018
vn -0.0687 0.9973 -0.0273
vn 0.0129 0.9994 -0.0335
vn 0.0965 0.9950 -0.0269
vn -0.0213 0.9996 -0.0170
vn -0.0523 0.9986 -0.0013
vn 0.0369 0.9982 0.0471
vn 0.0412 0.9991 0.0113
vn -0.1848 0.9827 0.0117
vn -0.2388 0.9704 0.0346
vn -0.1025 0.9943 0.0306
vn -0.0225 0.9997 0.0098
vn 0.0111 0.9999 -0.0083
vn 0.0005 0.9999 -0.0151
vn 0.0023 1.0000 0.0015
vn 0.0144 0.9997 0.0216
vn -0.0232 0.9997 -0.0089
vn 0.0081 0.9990 -0.0430
vn 0.0501 0.9987 0.0022
vn -0.0249 0.9988 0.0426
vn -0.0451 0.9987 0.0229
vn 0.0331 0.9974 0.0641
vn 0.0185 0.9920 0.1249
vn -0.1863 0.9716 0.1462
vn -0.2019 0.9754 0.0886
vn -0.0832 0.9958 0.0380
vn -0.0205 0.9991 0.0376
vn 0.0374 0.9989 0.0273
vn 0.0054 1.0000 0.0027
vn -0.0246 0.9997 0.0079
vn 0.0072 0.9997 0.0219
vn 0.0109 0.9996 0.0255
vn 0.0162 0.9997 0.0171
vn 0.0011 0.9999 0.0131
vn -0.0225 0.9996 0.0193
vn -0.0353 0.9990 0.0264
vn -0.0142 0.9943 0.1059
vn -0.0564 0.9847 0.1648
vn -0.1426 0.9758 0.1659
vn -0.1066 0.9910 0.0809
vn -0.0572 0.9983 0.0091
vn -0.0397 0.9992 0.0025
vn 0.0448 0.9987 0.0243
vn -0.0006 0.9989 0.0476
vn -0.0314 0.9980 0.0556
vn 0.0244 0.9992 0.0313
vn 0.0135 0.9999 0.0078
vn 0.0114 0.9998 0.0184
vn 0.0016 0.9996 0.0268
vn -0.0124 0.9999 0.0100
vn -0.0362 0.9993 -0.0062
vn -0.0480 0.9885 0.1437
vn -0.0782 0.9872 0.1389
vn -0.0847 0.9916 0.0973
vn -0.0372 0.9978 0.0544
vn -0.0155 0.9998 0.0151
vn -0.0196 0.9990 -0.0402
vn 0.0168 0.9984 -0.0541
vn -0.0336 0.9993 -0.0161
vn -0.0278 0.9996 0.0052
vn 0.0561 0.9984 -0.0056
vn 0.0377 0.9986 -0.0381
vn 0.0065 0.9977 -0.0678
vn 0.0082 0.9970 -0.0771
vn 0.0032 0.9966 -0.0828
vn -0.0292 0.9955 -0.0898
vn -0.0419 0.9915 0.1234
vn -0.0499 0.9944 0.0935
vn -0.0332 0.9979 0.0553
vn -0.0212 0.9993 0.0305
vn 0.0208 0.9996 0.0173
vn 0.0299 0.9995 -0.0135
vn -0.0110 0.9997 -0.0213
vn -0.0395 0.9989 -0.0254
vn 0.0088 0.9969 -0.0776
vn 0.0873 0.9871 -0.1339
vn 0.0806 0.9810 -0.1766
vn 0.0200 0.9785 -0.2050
vn -0.0030 0.9801 -0.1986
vn 0.0001 0.9837 -0.1796
vn -0.0327 0.9855 -0.1667
vn -0.0126 0.9989 0.0447
vn -0.0182 0.9997 0.0133
vn -0.0026 0.9999 -0.0106
vn -0.0159 0.9996 -0.0217
vn 0.0421 0.9985 -0.0352
vn 0.0310 0.9991 -0.0276
vn -0.0412 0.9991 0.0092
vn 0.0126 0.9999 -0.0086
vn 0.1250 0.9842 -0.1255
vn 0.1468 0.9580 -0.2463
vn 0.0696 0.9640 -0.2568
vn -0.0337 0.9852 -0.1682
vn -0.0333 0.9947 -0.0975
vn -0.0031 0.9965 -0.0836
vn -0.0111 0.9932 -0.1159
vn 0.0028 1.0000 -0.0018
vn 0.0141 0.9997 -0.0180
vn -0.0046 0.9997 -0.0244
vn -0.0190 0.9998 -0.0083
vn 0.0517 0.9987 -0.0006
vn 0.0043 0.9999 0.0093
vn -0.0385 0.9993 -0.0033
vn 0.0771 0.9956 -0.0528
vn 0.2336 0.9664 -0.1068
vn 0.1815 0.9749 -0.1289
vn 0.0021 0.9952 -0.0982
vn -0.1067 0.9930 -0.0499
vn -0.0337 0.9982 -0.0489
vn 0.0152 0.9966 -0.0807
vn 0.0170 0.9954 -0.0943
vn 0.0003 0.9999 0.0171
vn 0.0264 0.9994 0.0236
vn -0.0288 0.9987 0.0420
vn -0.0249 0.9981 0.0568
vn 0.0479 0.9971 0.0588
vn 0.0017 0.9985 0.0554
vn 0.0232 0.9997 0.0089
vn 0.1280 0.9903 -0.0539
vn 0.2308 0.9721 -0.0421
vn 0.1589 0.9871 0.0218
vn 0.0103 0.9999 0.0085
vn -0.0540 0.9932 -0.1031
vn 0.0031 0.9817 -0.1906
vn 0.0201 0.9786 -0.2048
vn -0.0186 0.9867 -0.1613
vn 0.0004 0.9989 0.0477
vn 0.0385 0.9988 0.0291
vn -0.0462 0.9988 0.0155
vn -0.0550 0.9973 0.0485
vn 0.0321 0.9952 0.0921
vn 0.0302 0.9961 0.0829
vn 0.0931 0.9952 0.0307
vn 0.1739 0.9845 -0.0234
vn 0.1870 0.9818 -0.0338
vn 0.1343 0.9907 -0.0218
vn 0.0848 0.9949 -0.0550
vn 0.0452 0.9922 -0.1161
vn 0.0285 0.9889 -0.1461
vn -0.0046 0.9910 -0.1337
vn -0.0677 0.9919 -0.1074
vn 0.0076 0.9997 -0.0224
vn 0.0644 0.9972 -0.0371
vn -0.0453 0.9977 -0.0498
vn -0.1054 0.9939 -0.0316
vn -0.0011 1.0000 0.0081
vn 0.0453 0.9983 0.0355
vn 0.1254 0.9913 0.0398
vn 0.2083 0.9778 0.0242
vn 0.1891 0.9819 -0.0035
vn 0.1439 0.9892 -0.0277
vn 0.1165 0.9925 -0.0360
vn 0.0528 0.9985 -0.0139
vn 0.0299 0.9995 0.0093
vn -0.0056 1.0000 -0.0034
vn -0.0752 0.9969 -0.0231
vn 0.0130 0.9986 -0.0510
vn 0.0849 0.9944 -0.0624
vn -0.0361 0.9961 -0.0802
vn -0.1171 0.9887 -0.0935
vn -0.0278 0.9951 -0.0947
vn -0.0038 0.9989 -0.0465
vn 0.1059 0.9942 0.0181
vn 0.2241 0.9739 0.0354
vn 0.2106 0.9773 0.0234
vn 0.1543 0.9879 0.0147
vn 0.0970 0.9948 0.0322
vn 0.0283 0.9981 0.0543
vn 0.0422 0.9982 0.0434
vn 0.0107 0.9996 0.0274
vn -0.0640 0.9978 0.0195
vn 0.0118 0.9999 0.0039
vn 0.0869 0.9961 0.0148
vn -0.0175 0.9998 0.0115
vn -0.0959 0.9953 -0.0151
vn -0.0478 0.9987 -0.0172
vn -0.0434 0.9990 -0.0063
vn 0.1153 0.9925 -0.0416
vn 0.2292 0.9704 -0.0761
vn 0.1916 0.9801 -0.0511
vn 0.1432 0.9896 -0.0110
vn 0.0689 0.9976 0.0116
vn 0.0317 0.9994 0.0142
vn 0.0468 0.9988 0.0174
vn -0.0048 0.9990 0.0444
vn -0.0580 0.9964 0.0618
vn 0.0045 0.9992 0.0409
vn 0.0487 0.9960 0.0751
vn -0.0005 0.9951 0.0986
vn -0.0464 0.9973 0.0577
vn -0.0524 0.9985 0.0150
vn 0.0137 0.9987 -0.0490
vn 0.1984 0.9681 -0.1528
vn 0.2189 0.9556 -0.1971
vn 0.1538 0.9710 -0.1829
vn 0.1186 0.9793 -0.1638
vn 0.0528 0.9875 -0.1487
vn 0.0313 0.9902 -0.1364
vn 0.0284 0.9923 -0.1208
vn -0.0289 0.9941 -0.1044
vn -0.0687 0.9939 -0.0868
vn -0.0256 0.9990 0.0374
vn -0.0685 0.9975 -0.0188
vn 0.0021 0.9978 -0.0659
vn 0.0447 0.9977 -0.0502
vn 0.0356 0.9994 0.0049
vn -0.0095 0.9996 0.0279
vn -0.0310 0.9995 0.0096
vn -0.0133 0.9998 0.0142
vn -0.0130 0.9975 0.0688
vn 0.0529 0.9914 0.1196
vn 0.0751 0.9889 0.1278
vn 0.0290 0.9909 0.1312
vn 0.0122 0.9888 0.1489
vn 0.0351 0.9903 0.1344
vn 0.0105 0.9968 0.0799
vn -0.0051 0.9993 0.0363
vn -0.0108 0.9998 0.0141
vn 0.0252 0.9995 -0.0198
vn 0.0142 0.9995 -0.0277
vn -0.0121 0.9999 -0.0047
vn -0.0072 0.9998 0.0177
vn -0.0171 0.9997 0.0198
vn -0.0216 0.9997 0.0095
vn -0.0361 0.9993 -0.0140
vn 0.0234 0.9996 -0.0129
vn 0.0606 0.9979 0.0247
vn 0.0222 0.9988 0.0439
vn 0.0085 0.9993 0.0368
vn 0.0591 0.9978 0.0309
vn 0.0510 0.9985 0.0220
vn 0.0082 0.9998 -0.0198
vn 0.0044 0.9996 -0.0261
vn 0.0290 0.9995 -0.0113
vn 0.0174 0.9998 -0.0106
vn -0.0289 0.9994 -0.0200
vn -0.0161 0.9997 -0.0167
vn -0.0165 0.9998 -0.0104
vn 0.0134 0.9993 -0.0356
vn -0.0116 0.9974 -0.0714
vn -0.0140 0.9981 -0.0592
vn 0.0249 0.9994 -0.0236
vn 0.0355 0.9992 -0.0204
vn 0.0398 0.9975 -0.0580
vn 0.0591 0.9948 -0.0830
vn 0.0599 0.9948 -0.0819
vn 0.0053 0.9999 0.0093
vn -0.0055 0.9996 0.0282
vn 0.0243 0.9993 0.0284
vn 0.0382 0.9992 0.0118
vn -0.0090 0.9998 -0.0194
vn -0.0143 0.9989 -0.0444
vn -0.0141 0.9984 -0.0549
vn 0.0229 0.9989 -0.0415
vn -0.0147 0.9998 -0.0119
vn -0.0510 0.9986 0.0162
vn 0.0089 0.9994 0.0335
vn 0.0705 0.9974 0.0110
vn 0.0863 0.9957 -0.0333
vn 0.0788 0.9941 -0.0742
vn 0.0642 0.9930 -0.0987
vn -0.0182 0.9997 0.0160
vn 0.0062 0.9999 0.0084
vn 0.0355 0.9993 -0.0142
vn 0.0334 0.9994 -0.0039
vn 0.0081 0.9999 0.0149
vn 0.0007 1.0000 0.0078
vn -0.0112 0.9999 0.0004
vn -0.0122 0.9997 0.0191
vn -0.0205 0.9993 0.0303
vn -0.0559 0.9984 0.0127
vn 0.0052 1.0000 0.0037
vn 0.1042 0.9945 -0.0041
vn 0.1099 0.9938 -0.0177
vn 0.1006 0.9947 -0.0221
vn 0.0745 0.9968 -0.0293
vn -0.0190 0.9993 -0.0311
vn 0.0222 0.9990 -0.0386
vn 0.0229 0.9996 -0.0192
vn 0.0013 0.9999 0.0150
vn 0.0122 0.9996 0.0242
vn 0.0077 0.9998 0.0203
vn -0.0217 0.9993 0.0311
vn -0.0365 0.9982 0.0472
vn -0.0035 0.9991 0.0434
vn -0.0092 1.0000 -0.0029
vn 0.0105 0.9989 -0.0459
vn 0.0953 0.9949 -0.0340
vn 0.1006 0.9949 -0.0019
vn 0.0874 0.9959 0.0251
vn 0.0788 0.9960 0.0414
vn -0.0048 0.9998 0.0168
vn 0.0164 0.9997 0.0159
vn 0.0022 0.9997 0.0231
vn -0.0059 0.9998 0.0165
vn 0.0266 0.9996 -0.0001
vn 0.0150 0.9997 -0.0178
vn -0.0520 0.9986 -0.0054
vn -0.0974 0.9928 0.0697
vn 0.0233 0.9937 0.1094
vn 0.0829 0.9960 0.0342
vn 0.0124 0.9998 -0.0175
vn 0.0501 0.9986 0.0145
vn 0.0774 0.9957 0.0513
vn 0.0718 0.9954 0.0632
vn 0.0706 0.9950 0.0702
vn 0.0093 0.9914 0.1303
vn 0.0470 0.9951 0.0866
vn 0.0278 0.9993 0.0237
vn 0.0578 0.9981 -0.0219
vn 0.0441 0.9969 -0.0651
vn -0.1011 0.9933 -0.0567
vn -0.1836 0.9830 0.0053
vn 0.0441 0.9986 0.0292
vn 0.1603 0.9871 0.0007
vn -0.0026 0.9999 -0.0113
vn -0.0133 0.9993 0.0351
vn 0.0500 0.9948 0.0885
vn 0.0843 0.9923 0.0909
vn 0.0745 0.9949 0.0674
vn 0.0114 0.9999 -0.0100
vn 0.0699 0.9975 0.0087
vn 0.0466 0.9984 0.0310
vn 0.0015 0.9994 0.0359
vn 0.1017 0.9948 0.0107
vn 0.0723 0.9972 -0.0207
vn -0.1205 0.9920 -0.0383
vn -0.1753 0.9807 -0.0869
vn 0.0372 0.9931 -0.1115
vn 0.1441 0.9880 -0.0565
vn -0.0072 0.9997 -0.0239
vn -0.0490 0.9984 -0.0298
vn 0.0175 0.9997 -0.0151
vn 0.0743 0.9969 0.0245
vn 0.0561 0.9954 0.0774
vn 0.0062 0.9920 -0.1259
vn 0.0146 0.9962 -0.0860
vn 0.0032 0.9999 -0.0101
vn 0.0004 0.9996 0.0295
vn 0.1061 0.9931 0.0501
vn 0.0744 0.9944 0.0747
vn -0.0785 0.9958 0.0474
vn -0.0912 0.9953 -0.0333
vn 0.0114 0.9975 -0.0692
vn 0.0713 0.9972 -0.0207
vn 0.0004 0.9999 0.0134
vn -0.0344 0.9994 -0.0026
vn -0.0005 0.9999 -0.0138
vn 0.0217 0.9996 0.0168
vn 0.0091 0.9979 0.0639
vn 0.0227 0.9993 -0.0285
vn -0.0108 0.9981 -0.0607
vn -0.0476 0.9970 -0.0606
vn -0.0065 0.9991 -0.0423
vn 0.0672 0.9976 -0.0162
vn 0.0496 0.9984 0.0262
vn -0.0287 0.9991 0.0300
vn -0.0323 0.9995 0.0019
vn -0.0062 1.0000 -0.0044
vn 0.0214 0.9997 0.0154
vn -0.0006 0.9995 0.0322
vn -0.0239 0.9990 0.0389
vn -0.0034 0.9991 0.0424
vn 0.0012 0.9994 0.0354
vn -0.0035 0.9998 0.0212
vn 0.0559 0.9984 -0.0045
vn 0.0203 0.9991 -0.0368
vn -0.0447 0.9965 -0.0711
vn 0.0206 0.9927 -0.1191
vn 0.0555 0.9856 -0.1595
vn 0.0125 0.9881 -0.1533
vn -0.0211 0.9916 -0.1274
vn -0.0211 0.9927 -0.1191
vn -0.0220 0.9939 -0.1078
vn -0.0246 0.9975 -0.0663
vn -0.0229 0.9996 -0.0153
vn -0.0186 0.9998 -0.0050
vn -0.0018 0.9999 -0.0157
vn 0.0018 0.9999 -0.0108
vn -0.0073 1.0000 0.0066
vn 0.0631 0.9980 -0.0065
vn 0.0582 0.9981 -0.0188
vn 0.0268 0.9952 -0.0937
vn 0.0811 0.9811 -0.1755
vn 0.0776 0.9734 -0.2156
vn -0.0041 0.9735 -0.2285
vn -0.0278 0.9725 -0.2310
vn -0.0225 0.9725 -0.2317
vn -0.0407 0.9741 -0.2224
vn -0.0754 0.9780 -0.1944
vn -0.0723 0.9871 -0.1431
vn -0.0474 0.9960 -0.0760
vn -0.0120 0.9996 -0.0269
vn -0.0036 0.9999 -0.0162
vn -0.0031 0.9995 -0.0322
vn 0.0797 0.9938 -0.0775
vn 0.1065 0.9857 -0.1307
vn 0.0988 0.9790 -0.1784
vn 0.1133 0.9735 -0.1989
vn 0.0876 0.9761 -0.1991
vn -0.0028 0.9801 -0.1985
vn -0.0257 0.9795 -0.1997
vn -0.0159 0.9782 -0.2072
vn -0.0483 0.9753 -0.2157
vn -0.0860 0.9708 -0.2240
vn -0.1210 0.9693 -0.2139
vn -0.1248 0.9796 -0.1573
vn -0.0675 0.9950 -0.0734
vn -0.0053 0.9996 -0.0271
vn 0.0319 0.9985 -0.0440
vn 0.1770 0.9797 -0.0938
vn 0.1571 0.9693 -0.1894
vn 0.1124 0.9715 -0.2089
vn 0.1171 0.9714 -0.2064
vn 0.0895 0.9729 -0.2132
vn 0.0100 0.9734 -0.2290
vn -0.0216 0.9701 -0.2418
vn -0.0138 0.9706 -0.2403
vn -0.0480 0.9709 -0.2345
vn -0.0886 0.9707 -0.2232
vn -0.1491 0.9681 -0.2012
vn -0.1862 0.9680 -0.1682
vn -0.1533 0.9825 -0.1062
vn -0.0443 0.9986 -0.0278
vn 0.0304 0.9991 0.0301
vn 0.2668 0.9562 -0.1208
vn 0.2337 0.9670 -0.1013
vn 0.1790 0.9762 -0.1221
vn 0.1773 0.9729 -0.1484
vn 0.1043 0.9819 -0.1582
vn 0.0257 0.9859 -0.1656
vn -0.0055 0.9871 -0.1603
vn -0.0438 0.9884 -0.1457
vn -0.0832 0.9871 -0.1371
vn -0.1312 0.9821 -0.1355
vn -0.1720 0.9759 -0.1341
vn -0.2410 0.9620 -0.1284
vn -0.2801 0.9540 -0.1071
vn -0.1981 0.9772 -0.0764
vn -0.0335 0.9986 -0.0409
vn 0.2408 0.9596 -0.1455
vn 0.2177 0.9680 -0.1248
vn 0.1969 0.9744 -0.1087
vn 0.1725 0.9804 -0.0948
vn 0.1128 0.9900 -0.0852
vn 0.0453 0.9933 -0.1066
vn -0.0063 0.9914 -0.1308
vn -0.0588 0.9898 -0.1294
vn -0.0831 0.9889 -0.1230
vn -0.1349 0.9835 -0.1202
vn -0.1791 0.9777 -0.1095
vn -0.2485 0.9638 -0.0962
vn -0.2732 0.9552 -0.1139
vn -0.1950 0.9683 -0.1561
vn -0.1017 0.9859 -0.1328
vn 0.2335 0.9704 -0.0611
vn 0.2035 0.9774 -0.0575
vn 0.1963 0.9789 -0.0570
vn 0.1527 0.9870 -0.0497
vn 0.1096 0.9933 -0.0363
vn 0.0889 0.9945 -0.0552
vn 0.0193 0.9948 -0.0999
vn -0.0695 0.9909 -0.1154
vn -0.0938 0.9905 -0.1004
vn -0.1466 0.9860 -0.0800
vn -0.2042 0.9775 -0.0528
vn -0.2487 0.9677 -0.0410
vn -0.2404 0.9687 -0.0622
vn -0.1792 0.9808 -0.0768
vn -0.1522 0.9857 -0.0719
vn 0.2371 0.9713 -0.0208
vn 0.1976 0.9800 -0.0222
vn 0.1948 0.9807 -0.0144
vn 0.1407 0.9900 -0.0078
vn 0.1066 0.9943 -0.0060
vn 0.1167 0.9931 -0.0121
vn 0.0387 0.9991 -0.0151
vn -0.0729 0.9972 -0.0157
vn -0.1086 0.9940 -0.0133
vn -0.1583 0.9874 -0.0073
vn -0.2371 0.9714 0.0123
vn -0.2528 0.9667 0.0392
vn -0.2160 0.9756 0.0379
vn -0.1836 0.9826 0.0295
vn -0.1456 0.9891 0.0211
vn 0.2281 0.9735 -0.0177
vn 0.1765 0.9842 0.0145
vn 0.1863 0.9818 0.0372
vn 0.1492 0.9883 0.0304
vn 0.1159 0.9932 0.0107
vn 0.0993 0.9947 0.0251
vn 0.0240 0.9979 0.0606
vn -0.0561 0.9967 0.0593
vn -0.0937 0.9953 0.0250
vn -0.1570 0.9876 0.0021
vn -0.2724 0.9620 0.0188
vn -0.2840 0.9565 0.0666
vn -0.2110 0.9723 0.1004
vn -0.1768 0.9792 0.0994
vn -0.1224 0.9893 0.0798
vn 0.1766 0.9831 0.0487
vn 0.1442 0.9843 0.1020
vn 0.1845 0.9765 0.1118
vn 0.1727 0.9804 0.0950
vn 0.1170 0.9891 0.0895
vn 0.0629 0.9919 0.1101
vn 0.0093 0.9921 0.1255
vn -0.0334 0.9923 0.1189
vn -0.0649 0.9927 0.1016
vn -0.1399 0.9870 0.0790
vn -0.2730 0.9608 0.0477
vn -0.2993 0.9540 0.0163
vn -0.2259 0.9740 0.0145
vn -0.1803 0.9830 0.0351
vn -0.1094 0.9929 0.0456
vn 0.1342 0.9791 0.1526
vn 0.1338 0.9795 0.1508
vn 0.1939 0.9713 0.1380
vn 0.1827 0.9741 0.1334
vn 0.1202 0.9847 0.1262
vn 0.0486 0.9919 0.1173
vn -0.0031 0.9918 0.1279
vn -0.0336 0.9886 0.1470
vn -0.0584 0.9857 0.1578
vn -0.1124 0.9831 0.1444
vn -0.2188 0.9719 0.0873
vn -0.2552 0.9668 0.0110
vn -0.2408 0.9704 -0.0206
vn -0.2128 0.9771 0.0065
vn -0.1015 0.9946 0.0230
vn 0.1344 0.9690 0.2072
vn 0.1515 0.9703 0.1884
vn 0.2002 0.9644 0.1726
vn 0.1878 0.9683 0.1648
vn 0.1408 0.9788 0.1484
vn 0.0479 0.9894 0.1372
vn -0.0209 0.9892 0.1450
vn -0.0467 0.9866 0.1566
vn -0.0667 0.9838 0.1666
vn -0.1031 0.9788 0.1770
vn -0.1672 0.9709 0.1712
vn -0.1965 0.9710 0.1362
vn -0.2510 0.9604 0.1207
vn -0.2202 0.9679 0.1208
vn -0.0295 0.9985 0.0460
vn 0.1192 0.9724 0.2007
vn 0.1692 0.9624 0.2127
vn 0.2000 0.9579 0.2061
vn 0.1877 0.9590 0.2122
vn 0.1469 0.9646 0.2190
vn 0.0448 0.9728 0.2271
vn -0.0087 0.9772 0.2120
vn -0.0211 0.9862 0.1644
vn -0.0750 0.9877 0.1369
vn -0.1481 0.9735 0.1740
vn -0.1640 0.9620 0.2183
vn -0.1702 0.9587 0.2277
vn -0.2509 0.9430 0.2184
vn -0.1653 0.9697 0.1801
vn 0.0830 0.9916 0.0994
vn 0.0657 0.9978 0.0053
vn 0.1505 0.9864 0.0665
vn 0.1710 0.9768 0.1288
vn 0.1454 0.9695 0.1972
vn 0.1266 0.9593 0.2523
vn 0.0507 0.9634 0.2631
vn 0.0272 0.9706 0.2391
vn 0.0279 0.9785 0.2042
vn -0.0847 0.9780 0.1904
vn -0.1896 0.9597 0.2072
vn -0.1667 0.9630 0.2116
vn -0.1606 0.9677 0.1943
vn -0.2059 0.9694 0.1336
vn -0.0904 0.9949 0.0454
vn 0.1037 0.9941 0.0328
vn 0.0003 0.9965 -0.0841
vn 0.0970 0.9950 -0.0259
vn 0.0862 0.9947 0.0560
vn 0.0541 0.9848 0.1651
vn 0.0906 0.9676 0.2357
vn 0.0533 0.9642 0.2598
vn 0.0365 0.9614 0.2727
vn 0.0223 0.9534 0.3009
vn -0.0882 0.9443 0.3171
vn -0.1511 0.9512 0.2690
vn -0.1071 0.9778 0.1803
vn -0.0925 0.9934 0.0681
vn -0.1032 0.9934 -0.0496
vn -0.0348 0.9913 -0.1268
vn 0.0386 0.9935 -0.1068
vn -0.0343 0.9979 0.0554
vn 0.0684 0.9958 0.0602
vn 0.0063 0.9962 0.0873
vn -0.0198 0.9913 0.1302
vn 0.0534 0.9845 0.1669
vn 0.0339 0.9793 0.1996
vn 0.0153 0.9740 0.2259
vn -0.0083 0.9698 0.2436
vn -0.0339 0.9793 0.1994
vn -0.0420 0.9960 0.0791
vn -0.0177 0.9994 -0.0292
vn -0.0257 0.9969 -0.0745
vn -0.0698 0.9959 -0.0567
vn -0.0251 0.9994 -0.0222
vn 0.0055 0.9998 -0.0195
vn -0.0716 0.9974 0.0067
vn 0.0400 0.9969 0.0678
vn -0.0032 0.9970 0.0776
vn -0.0091 0.9994 0.0325
vn 0.0251 0.9996 0.0134
vn -0.0006 0.9990 0.0438
vn -0.0088 0.9971 0.0749
vn -0.0132 0.9964 0.0839
vn 0.0309 0.9972 0.0683
vn 0.0663 0.9976 0.0174
vn 0.0273 0.9993 -0.0257
vn -0.0320 0.9993 -0.0193
vn -0.1072 0.9942 0.0068
vn -0.0432 0.9986 0.0289
vn 0.0273 0.9993 0.0239
vn -0.1414 0.9638 -0.2262
vn -0.0543 0.9910 -0.1224
vn -0.0070 0.9993 -0.0373
vn 0.0293 0.9992 -0.0272
vn 0.0067 0.9996 -0.0283
vn -0.0433 0.9991 0.0021
vn -0.0262 0.9992 0.0310
vn -0.0159 0.9990 0.0423
vn 0.0244 0.9974 0.0671
vn 0.0951 0.9910 0.0943
vn 0.0414 0.9946 0.0948
vn -0.0312 0.9968 0.0732
vn -0.0827 0.9963 0.0219
vn -0.0408 0.9988 -0.0285
vn 0.0281 0.9992 -0.0269
vn -0.1787 0.9322 -0.3148
vn -0.1824 0.9483 -0.2599
vn -0.1015 0.9867 -0.1269
vn 0.0008 0.9999 -0.0135
vn -0.0097 0.9994 0.0328
vn -0.0708 0.9964 0.0463
vn -0.0505 0.9963 0.0695
vn -0.0229 0.9957 0.0896
vn 0.0315 0.9974 0.0651
vn 0.0919 0.9952 0.0337
vn 0.0383 0.9984 0.0408
vn -0.0125 0.9988 0.0473
vn -0.0316 0.9991 0.0286
vn -0.0148 0.9999 0.0007
vn 0.0028 1.0000 -0.0017
vn -0.1707 0.9795 -0.1070
vn -0.2300 0.9631 -0.1399
vn -0.3302 0.9345 -0.1333
vn -0.1663 0.9822 -0.0871
vn -0.0092 0.9994 -0.0334
vn -0.0187 0.9995 -0.0269
vn -0.0498 0.9960 -0.0746
vn -0.0141 0.9927 -0.1200
vn 0.1015 0.9883 -0.1141
vn 0.0340 0.9978 -0.0570
vn -0.0522 0.9986 -0.0029
vn -0.0061 0.9999 0.0155
vn -0.0015 0.9999 0.0104
vn 0.0048 1.0000 -0.0030
vn 0.0524 0.9977 -0.0420
vn -0.1463 0.9802 -0.1332
vn -0.2300 0.9655 -0.1221
vn -0.3138 0.9391 -0.1399
vn -0.2080 0.9629 -0.1718
vn -0.0720 0.9889 -0.1296
vn -0.0301 0.9976 -0.0619
vn -0.0209 0.9993 -0.0319
vn 0.0099 0.9992 -0.0393
vn 0.0525 0.9985 -0.0184
vn -0.0284 0.9989 0.0377
vn -0.0528 0.9975 0.0480
vn 0.0082 0.9998 0.0160
vn 0.0062 1.0000 -0.0009
vn 0.0100 1.0000 -0.0002
vn 0.0824 0.9966 0.0039
vn -0.1782 0.9728 -0.1479
vn -0.2564 0.9617 -0.0973
vn -0.2845 0.9550 -0.0845
vn -0.2181 0.9720 -0.0879
vn -0.1267 0.9891 -0.0748
vn -0.0799 0.9959 -0.0420
vn -0.0426 0.9991 -0.0013
vn 0.0115 0.9996 0.0262
vn 0.0120 0.9989 0.0444
vn -0.0503 0.9975 0.0498
vn -0.0186 0.9995 0.0273
vn 0.0367 0.9993 -0.0030
vn 0.0015 0.9999 -0.0099
vn -0.0067 0.9999 0.0108
vn 0.0591 0.9972 0.0461
vn -0.2331 0.9673 -0.0999
vn -0.2744 0.9588 -0.0732
vn -0.2958 0.9537 -0.0538
vn -0.2379 0.9711 -0.0195
vn -0.1555 0.9877 0.0163
vn -0.0988 0.9946 0.0313
vn -0.0518 0.9985 0.0189
vn 0.0023 0.9999 0.0099
vn 0.0087 1.0000 0.0042
vn -0.0331 0.9993 -0.0154
vn -0.0087 0.9998 -0.0204
vn 0.0389 0.9992 -0.0022
vn -0.0147 0.9997 0.0188
vn -0.0165 0.9996 0.0242
vn 0.0389 0.9991 0.0192
vn -0.2460 0.9691 -0.0186
vn -0.2596 0.9645 -0.0485
vn -0.3238 0.9447 -0.0516
vn -0.2767 0.9609 -0.0141
vn -0.1883 0.9818 0.0249
vn -0.0907 0.9952 0.0364
vn -0.0292 0.9994 0.0187
vn 0.0060 1.0000 0.0013
vn 0.0220 0.9997 -0.0099
vn -0.0181 0.9997 -0.0188
vn -0.0074 0.9995 -0.0302
vn 0.0121 0.9997 -0.0228
vn -0.0516 0.9985 0.0199
vn -0.0184 0.9984 0.0533
vn 0.0522 0.9976 0.0465
vn -0.2216 0.9721 0.0767
vn -0.2266 0.9726 0.0528
vn -0.3346 0.9416 0.0379
vn -0.3073 0.9505 0.0459
vn -0.2008 0.9781 0.0558
vn -0.0616 0.9976 0.0309
vn -0.0109 0.9999 0.0013
vn 0.0101 0.9999 -0.0038
vn 0.0254 0.9997 -0.0001
vn -0.0122 0.9999 -0.0006
vn 0.0063 0.9999 -0.0088
vn -0.0126 0.9999 -0.0051
vn -0.0880 0.9960 0.0134
vn -0.0259 0.9994 0.0242
vn 0.0699 0.9973 0.0206
vn -0.2189 0.9708 0.0978
vn -0.2195 0.9695 0.1091
vn -0.3156 0.9447 0.0886
vn -0.3134 0.9471 0.0690
vn -0.1782 0.9828 0.0485
vn -0.0110 0.9999 0.0031
vn -0.0051 0.9997 -0.0240
vn -0.0191 0.9998 0.0044
vn 0.0068 0.9988 0.0485
vn 0.0060 0.9988 0.0493
vn 0.0140 0.9994 0.0317
vn -0.0154 0.9996 0.0231
vn -0.0656 0.9977 -0.0154
vn -0.0127 0.9980 -0.0618
vn 0.0528 0.9971 -0.0546
vn -0.2422 0.9638 0.1118
vn -0.2143 0.9695 0.1187
vn -0.2897 0.9518 0.1008
vn -0.3012 0.9501 0.0808
vn -0.1367 0.9894 0.0497
vn 0.0281 0.9995 0.0154
vn -0.0140 0.9998 0.0124
vn -0.0830 0.9949 0.0571
vn -0.0136 0.9951 0.0980
vn 0.0605 0.9962 0.0632
vn 0.0377 0.9993 0.0028
vn -0.0102 0.9998 -0.0175
vn -0.0173 0.9993 -0.0326
vn 0.0034 0.9987 -0.0501
vn 0.0170 0.9991 -0.0379
vn -0.2396 0.9553 0.1731
vn -0.2082 0.9648 0.1608
vn -0.2654 0.9531 0.1454
vn -0.2571 0.9616 0.0958
vn -0.0863 0.9957 0.0335
vn 0.0318 0.9994 0.0116
vn -0.0198 0.9997 0.0164
vn -0.1093 0.9940 0.0031
vn -0.0191 0.9998 -0.0053
vn 0.1001 0.9950 -0.0045
vn 0.0408 0.9991 0.0128
vn -0.0118 0.9994 0.0313
vn 0.0141 0.9998 0.0167
vn 0.0051 1.0000 0.0012
vn -0.0117 0.9998 0.0159
vn -0.1998 0.9573 0.2092
vn -0.2101 0.9599 0.1855
vn -0.2289 0.9596 0.1635
vn -0.1704 0.9818 0.0837
vn -0.0301 0.9995 0.0023
vn 0.0192 0.9996 -0.0201
vn -0.0120 0.9997 -0.0200
vn -0.0652 0.9962 -0.0581
vn -0.0340 0.9963 -0.0793
vn 0.0690 0.9970 -0.0342
vn 0.0167 0.9999 0.0040
vn -0.0094 0.9999 0.0072
vn 0.0339 0.9994 -0.0000
vn 0.0010 1.0000 -0.0001
vn -0.0560 0.9979 0.0339
vn -0.1731 0.9554 0.2391
vn -0.1952 0.9551 0.2230
vn -0.1493 0.9770 0.1525
vn -0.0683 0.9964 0.0499
vn 0.0019 1.0000 -0.0048
vn 0.0085 1.0000 -0.0038
vn -0.0079 1.0000 0.0025
vn -0.0158 0.9998 -0.0128
vn -0.0362 0.9985 -0.0398
vn 0.0241 0.9990 -0.0379
vn 0.0175 0.9993 -0.0321
vn -0.0092 0.9993 -0.0367
vn 0.0202 0.9997 -0.0160
vn -0.0035 1.0000 0.0022
vn -0.0817 0.9967 -0.0015
vn -0.1624 0.9542 0.2514
vn -0.1160 0.9769 0.1795
vn -0.0447 0.9968 0.0668
vn -0.0092 0.9999 0.0061
vn 0.0105 0.9999 -0.0071
vn 0.0008 1.0000 -0.0089
vn -0.0091 0.9999 -0.0063
vn 0.0091 0.9999 -0.0147
vn -0.0171 0.9994 -0.0317
vn -0.0019 0.9996 -0.0267
vn 0.0135 0.9999 -0.0022
vn -0.0084 0.9999 0.0056
vn -0.0007 1.0000 0.0050
vn -0.0026 1.0000 0.0067
vn -0.0562 0.9983 -0.0161
vn -0.1115 0.9847 0.1338
vn -0.0109 0.9985 0.0528
vn 0.0139 0.9999 0.0033
vn 0.0008 1.0000 -0.0047
vn 0.0109 0.9999 -0.0019
vn -0.0020 1.0000 0.0022
vn -0.0241 0.9996 0.0173
vn 0.0027 0.9989 0.0468
vn -0.0057 0.9983 0.0583
vn -0.0115 0.9986 0.0522
vn 0.0164 0.9993 0.0344
vn 0.0055 0.9999 0.0099
vn -0.0071 1.0000 0.0030
vn -0.0018 1.0000 0.0070
vn -0.0279 0.9996 0.0005
vn -0.0410 0.9992 -0.0036
vn 0.0229 0.9994 -0.0261
vn 0.0097 0.9999 -0.0056
vn 0.0043 1.0000 0.0031
vn 0.0011 1.0000 0.0067
vn -0.0035 0.9999 0.0139
vn -0.0472 0.9986 0.0236
vn -0.0385 0.9976 0.0580
vn -0.0116 0.9956 0.0933
vn -0.0027 0.9952 0.0974
vn 0.0568 0.9962 0.0661
vn 0.0371 0.9991 0.0186
vn -0.0157 0.9999 0.0024
vn -0.0095 0.9998 0.0148
vn -0.0270 0.9992 0.0280
vn 0.0094 0.9999 -0.0130
vn -0.0053 1.0000 -0.0044
vn 0.0032 1.0000 0.0030
vn -0.0023 1.0000 0.0038
vn -0.0064 1.0000 0.0029
vn -0.0453 0.9990 -0.0058
vn -0.0482 0.9983 -0.0331
vn -0.0297 0.9987 -0.0404
vn -0.0183 0.9998 -0.0105
vn 0.0713 0.9972 0.0216
vn 0.0666 0.9975 0.0245
vn -0.0180 0.9997 0.0133
vn -0.0234 0.9996 0.0172
vn -0.0279 0.9994 0.0187
vn -0.0263 0.9997 0.0015
vn 0.0057 0.9998 0.0207
vn 0.0143 0.9999 0.0080
vn 0.0050 1.0000 -0.0020
vn -0.0061 1.0000 -0.0020
vn -0.0245 0.9996 0.0116
vn -0.0586 0.9976 0.0369
vn -0.0146 0.9983 0.0572
vn 0.0390 0.9985 0.0384
vn 0.0040 0.9999 -0.0118
vn 0.0193 0.9991 -0.0376
vn 0.0017 0.9998 -0.0206
vn -0.0043 1.0000 -0.0036
vn 0.0204 0.9996 -0.0176
vn 0.0084 0.9994 -0.0325
vn -0.0442 0.9990 -0.0022
vn 0.0129 0.9999 -0.0107
vn 0.0227 0.9997 -0.0136
vn -0.0027 1.0000 -0.0041
vn -0.0028 1.0000 0.0004
vn -0.0331 0.9994 -0.0080
vn -0.0659 0.9977 -0.0177
vn -0.0278 0.9995 -0.0175
vn 0.0557 0.9984 -0.0023
vn 0.0406 0.9992 -0.0054
vn 0.0116 0.9999 -0.0086
vn -0.0062 0.9999 -0.0100
vn -0.0021 0.9998 -0.0214
vn 0.0244 0.9996 -0.0136
vn 0.0052 1.0000 0.0005
vn -0.0376 0.9986 0.0385
vn 0.0154 0.9992 0.0380
vn 0.0366 0.9990 0.0238
vn -0.0116 0.9999 0.0091
vn 0.0068 1.0000 0.0039
vn -0.0165 0.9998 -0.0138
vn -0.0443 0.9981 -0.0420
vn -0.0212 0.9973 -0.0703
vn 0.0389 0.9964 -0.0753
vn 0.0322 0.9983 -0.0478
vn -0.0004 0.9997 -0.0243
vn 0.0022 0.9998 -0.0191
vn -0.0019 0.9999 -0.0164
vn 0.0114 0.9999 -0.0114
vn 0.0093 0.9998 -0.0166
vn -0.0307 0.9995 0.0068
vn -0.0010 0.9999 0.0167
vn 0.0529 0.9981 0.0311
vn 0.0132 0.9999 0.0051
vn -0.0017 1.0000 -0.0060
vn -0.0020 1.0000 0.0056
vn -0.0145 0.9998 -0.0105
vn 0.0194 0.9984 -0.0528
vn 0.0200 0.9974 -0.0689
vn 0.0044 0.9987 -0.0505
vn 0.0051 0.9986 -0.0517
vn -0.0184 0.9990 -0.0420
vn -0.0152 0.9998 -0.0109
vn 0.0098 1.0000 -0.0010
vn 0.0237 0.9997 -0.0087
vn -0.0184 0.9987 -0.0476
vn -0.0153 0.9983 -0.0555
vn 0.0536 0.9970 -0.0560
vn 0.0258 0.9987 -0.0443
vn -0.0274 0.9994 -0.0202
vn -0.0049 1.0000 -0.0031
vn 0.0081 0.9999 -0.0066
vn 0.0360 0.9993 -0.0031
vn 0.0064 0.9999 0.0109
vn 0.0143 0.9999 -0.0042
vn 0.0324 0.9987 -0.0400
vn -0.0584 0.9976 -0.0371
vn -0.0463 0.9989 0.0034
vn 0.0157 0.9997 0.0191
vn 0.0240 0.9995 0.0207
vn 0.0119 0.9985 -0.0541
vn 0.0031 0.9955 -0.0946
vn 0.0301 0.9956 -0.0886
vn -0.0166 0.9993 -0.0349
vn -0.0498 0.9987 0.0058
vn -0.0048 0.9999 0.0111
vn 0.0117 0.9999 0.0109
vn 0.0152 0.9996 0.0245
vn -0.0003 0.9993 0.0381
vn 0.0260 0.9985 0.0482
vn 0.0439 0.9972 0.0610
vn -0.0663 0.9963 0.0547
vn -0.0592 0.9976 0.0369
vn 0.0260 0.9994 0.0246
vn 0.0235 0.9996 0.0132
vn 0.0604 0.9977 -0.0299
vn -0.0010 0.9995 -0.0329
vn -0.0224 0.9996 0.0175
vn -0.0451 0.9980 0.0448
vn -0.0663 0.9966 0.0495
vn -0.0080 0.9979 0.0640
vn 0.0038 0.9972 0.0751
vn 0.0163 0.9975 0.0683
vn 0.0144 0.9991 0.0389
vn 0.0302 0.9995 0.0097
vn 0.0258 0.9996 0.0106
vn -0.0689 0.9970 0.0363
vn -0.0318 0.9991 0.0282
vn 0.0358 0.9994 0.0028
vn 0.0285 0.9996 -0.0006
vn 0.0479 0.9987 0.0193
vn -0.0394 0.9965 0.0736
vn -0.0373 0.9963 0.0769
vn -0.0152 0.9993 0.0351
vn -0.0813 0.9966 0.0156
vn -0.0322 0.9987 0.0404
vn -0.0099 0.9977 0.0671
vn 0.0233 0.9966 0.0796
vn 0.0642 0.9966 0.0519
vn 0.0599 0.9982 0.0017
vn 0.0065 0.9999 -0.0097
vn -0.0741 0.9972 -0.0112
vn -0.0108 0.9998 -0.0190
vn 0.0338 0.9993 -0.0127
vn 0.0250 0.9997 -0.0038
vn -0.0111 0.9998 0.0171
vn -0.0460 0.9986 0.0274
vn -0.0035 1.0000 -0.0038
vn -0.0090 1.0000 -0.0020
vn -0.0906 0.9957 0.0207
vn -0.0215 0.9998 -0.0052
vn 0.0149 0.9976 -0.0673
vn 0.0006 0.9967 -0.0812
vn 0.0673 0.9972 -0.0335
vn 0.0584 0.9982 0.0161
vn 0.0002 0.9994 0.0355
vn -0.0478 0.9987 0.0170
vn -0.0260 0.9996 0.0135
vn 0.0171 0.9991 0.0390
vn 0.0446 0.9986 0.0270
vn -0.0409 0.9991 -0.0060
vn -0.0209 0.9997 -0.0118
vn 0.0068 0.9999 -0.0159
vn -0.0285 0.9996 -0.0086
vn -0.0729 0.9969 -0.0302
vn 0.0202 0.9977 -0.0643
vn 0.0561 0.9947 -0.0861
vn -0.0059 0.9944 -0.1059
vn 0.0155 0.9951 -0.0972
vn 0.0071 0.9990 -0.0443
vn -0.0033 1.0000 -0.0091
vn -0.0424 0.9991 0.0076
vn -0.0528 0.9981 0.0324
vn -0.0155 0.9977 0.0664
vn 0.0658 0.9938 0.0891
vn -0.0451 0.9988 0.0195
vn -0.0077 0.9998 0.0164
vn -0.0023 0.9999 0.0164
vn -0.0023 1.0000 -0.0080
vn -0.0284 0.9980 -0.0557
vn 0.0114 0.9983 -0.0563
vn 0.0376 0.9993 -0.0064
vn 0.0137 0.9998 0.0129
vn 0.0265 0.9993 -0.0273
vn -0.0195 0.9977 -0.0649
vn -0.0363 0.9985 -0.0404
vn -0.0549 0.9984 -0.0114
vn -0.0661 0.9978 -0.0105
vn -0.0510 0.9987 0.0043
vn 0.0534 0.9982 0.0275
vn -0.0527 0.9986 0.0066
vn -0.0078 0.9998 0.0174
vn 0.0056 0.9999 0.0096
vn 0.0153 0.9998 0.0087
vn -0.0044 0.9999 0.0153
vn -0.0086 0.9999 0.0111
vn 0.0074 0.9999 0.0118
vn 0.0035 0.9994 0.0331
vn 0.0558 0.9970 0.0537
vn 0.0110 0.9995 0.0303
vn -0.0667 0.9978 0.0060
vn -0.0472 0.9989 -0.0006
vn -0.0491 0.9984 -0.0264
vn -0.0251 0.9962 -0.0838
vn 0.0476 0.9909 -0.1262
vn -0.0822 0.9966 0.0015
vn -0.0200 0.9993 0.0330
vn 0.0355 0.9991 0.0230
vn 0.0055 1.0000 0.0037
vn -0.0047 1.0000 0.0071
vn -0.0060 0.9999 0.0089
vn 0.0049 1.0000 0.0080
vn -0.0161 0.9998 0.0088
vn 0.0239 0.9990 0.0388
vn 0.0345 0.9969 0.0704
vn -0.0313 0.9988 0.0371
vn -0.0268 0.9996 -0.0119
vn -0.0127 0.9990 -0.0428
vn 0.0313 0.9965 -0.0770
vn 0.0331 0.9967 -0.0742
vn -0.0728 0.9962 0.0488
vn -0.0192 0.9998 0.0078
vn 0.0593 0.9982 -0.0065
vn 0.0001 1.0000 -0.0054
vn -0.0163 0.9998 0.0081
vn -0.0218 0.9992 0.0336
vn -0.0080 0.9980 0.0632
vn 0.0169 0.9990 0.0422
vn 0.0148 0.9998 -0.0117
vn 0.0125 0.9999 -0.0114
vn 0.0139 0.9999 -0.0010
vn -0.0144 0.9999 -0.0094
vn -0.0095 0.9999 0.0059
vn 0.0390 0.9988 0.0295
vn 0.0100 0.9990 0.0443
vn -0.0211 0.9998 -0.0049
vn 0.0022 0.9993 -0.0382
vn 0.0455 0.9985 -0.0317
vn -0.0138 0.9999 -0.0051
vn -0.0318 0.9994 0.0108
vn -0.0497 0.9983 0.0289
vn -0.0472 0.9967 0.0662
vn 0.0756 0.9949 0.0669
vn 0.0730 0.9973 0.0017
vn -0.0090 0.9993 -0.0362
vn 0.0062 0.9998 -0.0174
vn -0.0323 0.9993 0.0166
vn -0.0384 0.9981 0.0481
vn 0.0282 0.9975 0.0642
vn 0.0168 0.9984 0.0533
vn -0.0166 0.9998 0.0068
vn 0.0282 0.9996 -0.0012
vn -0.0169 0.9998 0.0103
vn -0.0656 0.9973 0.0337
vn 0.0273 0.9994 0.0195
vn 0.0123 0.9995 -0.0275
vn -0.0504 0.9959 -0.0755
vn -0.0076 0.9972 -0.0741
vn 0.0602 0.9981 -0.0120
vn 0.0474 0.9985 0.0287
vn 0.0158 0.9996 0.0225
vn -0.0145 0.9999 -0.0084
vn -0.0035 0.9987 -0.0501
vn -0.0065 0.9981 -0.0618
vn -0.0313 0.9990 -0.0319
vn -0.0069 1.0000 -0.0052
vn 0.0160 0.9999 0.0057
vn -0.0399 0.9988 0.0293
vn -0.0554 0.9983 0.0184
vn 0.0484 0.9988 0.0012
vn 0.0395 0.9992 -0.0002
vn -0.0151 0.9998 -0.0148
vn -0.0161 0.9989 -0.0439
vn 0.0116 0.9987 -0.0491
vn 0.0211 0.9997 -0.0146
vn 0.0123 0.9997 0.0213
vn 0.0105 0.9995 0.0308
vn 0.0125 0.9994 0.0319
vn -0.0114 0.9994 0.0330
vn -0.0479 0.9986 0.0238
vn 0.0045 0.9993 0.0373
vn -0.0104 0.9991 0.0416
vn -0.0359 0.9986 0.0401
vn -0.0025 1.0000 -0.0066
vn 0.0372 0.9988 -0.0313
vn 0.0307 0.9995 -0.0098
vn -0.0096 0.9999 0.0080
vn -0.0020 0.9998 0.0176
vn 0.0085 0.9999 0.0119
vn -0.0006 1.0000 0.0020
vn -0.0032 1.0000 0.0032
vn 0.0108 0.9999 0.0088
vn 0.0165 0.9999 0.0036
vn -0.0078 1.0000 -0.0051
vn -0.0343 0.9993 -0.0132
vn 0.0270 0.9991 0.0315
vn 0.0041 0.9999 -0.0099
vn -0.0193 0.9991 -0.0387
vn 0.0320 0.9985 -0.0434
vn 0.0147 0.9994 -0.0307
vn 0.0121 0.9999 -0.0111
vn -0.0292 0.9995 0.0095
vn -0.0165 0.9993 0.0342
vn 0.0276 0.9990 0.0354
vn 0.0050 0.9998 0.0206
vn -0.0164 0.9995 0.0272
vn 0.0145 0.9994 0.0311
vn 0.0509 0.9987 -0.0020
vn -0.0051 0.9995 -0.0305
vn -0.0391 0.9990 -0.0202
vn 0.0498 0.9986 -0.0172
vn 0.0558 0.9971 -0.0508
vn -0.0274 0.9975 -0.0655
vn -0.0242 0.9997 0.0025
vn 0.0097 0.9987 0.0509
vn 0.0341 0.9993 0.0140
vn -0.0294 0.9992 -0.0283
vn -0.0328 0.9988 -0.0361
vn 0.0350 0.9990 -0.0284
vn 0.0210 0.9991 -0.0372
vn -0.0129 0.9980 -0.0626
vn 0.0193 0.9970 -0.0745
vn 0.0610 0.9965 -0.0576
vn -0.0218 0.9995 -0.0229
vn -0.0551 0.9985 -0.0002
vn 0.0158 0.9997 -0.0161
vn 0.0594 0.9971 0.0480
vn -0.0463 0.9959 0.0777
vn -0.0684 0.9949 0.0743
vn 0.0376 0.9984 0.0420
vn 0.0739 0.9972 0.0110
vn 0.0038 0.9998 -0.0196
vn -0.0239 0.9983 -0.0536
vn 0.0173 0.9985 -0.0526
vn 0.0482 0.9974 -0.0533
vn 0.0290 0.9950 -0.0951
vn 0.0160 0.9926 -0.1208
vn 0.0127 0.9960 -0.0882
vn -0.0667 0.9973 -0.0307
vn -0.0800 0.9967 0.0169
vn -0.0677 0.9922 -0.1048
vn -0.0141 0.9998 -0.0125
vn -0.0416 0.9988 0.0246
vn -0.0184 0.9995 -0.0259
vn 0.0561 0.9965 -0.0618
vn 0.0498 0.9984 -0.0248
vn 0.0225 0.9997 0.0111
vn -0.0037 1.0000 0.0062
vn 0.0097 0.9999 -0.0076
vn 0.0699 0.9973 -0.0211
vn 0.0589 0.9978 -0.0303
vn 0.0193 0.9991 -0.0375
vn -0.0161 0.9989 -0.0451
vn -0.0966 0.9944 -0.0435
vn -0.1152 0.9930 -0.0244
vn -0.1357 0.9741 -0.1807
vn -0.1072 0.9876 -0.1146
vn -0.0576 0.9974 -0.0432
vn 0.0293 0.9993 -0.0233
vn 0.0445 0.9987 -0.0231
vn 0.0067 1.0000 -0.0055
vn 0.0144 0.9998 0.0100
vn 0.0122 0.9999 0.0072
vn 0.0403 0.9989 -0.0255
vn 0.0793 0.9955 -0.0522
vn 0.0482 0.9980 -0.0420
vn 0.0221 0.9994 -0.0271
vn -0.0074 0.9995 -0.0309
vn -0.0950 0.9946 -0.0424
vn -0.1336 0.9901 -0.0442
vn -0.1622 0.9810 -0.1064
vn -0.1724 0.9815 -0.0838
vn -0.1062 0.9936 -0.0390
vn 0.0244 0.9997 -0.0044
vn 0.0341 0.9994 0.0104
vn -0.0018 0.9999 0.0113
vn 0.0136 0.9999 0.0050
vn 0.0227 0.9997 -0.0018
vn 0.0675 0.9977 -0.0066
vn 0.0824 0.9965 -0.0102
vn 0.0316 0.9995 -0.0070
vn 0.0127 0.9999 0.0041
vn -0.0026 0.9999 0.0125
vn -0.0846 0.9964 0.0090
vn -0.1258 0.9920 -0.0077
vn -0.1611 0.9846 -0.0682
vn -0.1943 0.9785 -0.0695
vn -0.1228 0.9895 -0.0764
vn -0.0025 0.9976 -0.0697
vn 0.0125 0.9993 -0.0358
vn -0.0080 0.9999 -0.0089
vn 0.0137 0.9999 0.0036
vn 0.0022 0.9995 0.0309
vn 0.0523 0.9961 0.0711
vn 0.0926 0.9926 0.0785
vn 0.0369 0.9975 0.0598
vn 0.0071 0.9988 0.0490
vn -0.0122 0.9984 0.0558
vn -0.0609 0.9971 0.0446
vn -0.0823 0.9966 -0.0072
vn -0.1452 0.9849 -0.0943
vn -0.2035 0.9743 -0.0971
vn -0.1474 0.9875 -0.0560
vn -0.0266 0.9995 -0.0145
vn -0.0046 1.0000 -0.0073
vn -0.0192 0.9998 -0.0061
vn -0.0285 0.9995 0.0167
vn 0.0086 0.9987 0.0499
vn 0.0824 0.9920 0.0961
vn 0.0535 0.9926 0.1089
vn 0.0184 0.9956 0.0918
vn -0.0145 0.9970 0.0761
vn -0.0201 0.9986 0.0489
vn -0.0322 0.9994 0.0093
vn -0.1363 0.9902 -0.0291
vn -0.2038 0.9785 -0.0328
vn -0.1870 0.9817 -0.0353
vn -0.0563 0.9984 -0.0082
vn -0.0013 0.9999 0.0116
vn -0.0164 0.9999 0.0042
vn 0.0006 1.0000 -0.0051
vn -0.0220 0.9995 -0.0226
vn -0.0268 0.9993 -0.0272
vn -0.0041 0.9988 0.0491
vn 0.0322 0.9891 0.1437
vn 0.0601 0.9883 0.1401
vn 0.0147 0.9962 0.0859
vn 0.0032 0.9981 0.0608
vn -0.0029 0.9989 0.0478
vn -0.1596 0.9860 0.0485
vn -0.1920 0.9794 0.0633
vn -0.1681 0.9852 0.0327
vn -0.0836 0.9964 0.0127
vn -0.0035 0.9997 0.0221
vn -0.0010 0.9999 0.0162
vn 0.0166 0.9998 -0.0059
vn 0.0121 0.9992 -0.0385
vn -0.0338 0.9976 -0.0609
vn -0.0846 0.9952 -0.0495
vn -0.0502 0.9986 0.0190
vn 0.0783 0.9932 0.0867
vn 0.0709 0.9952 0.0680
vn 0.0082 0.9995 0.0318
vn 0.0034 0.9994 0.0334
vn -0.1788 0.9818 0.0643
vn -0.1802 0.9820 0.0571
vn -0.1239 0.9918 0.0314
vn -0.0794 0.9968 0.0020
vn -0.0102 0.9999 -0.0050
vn 0.0071 1.0000 -0.0005
vn 0.0258 0.9997 0.0043
vn 0.0417 0.9991 -0.0021
vn -0.0233 0.9995 -0.0195
vn -0.0717 0.9960 -0.0536
vn -0.1007 0.9914 -0.0833
vn 0.0066 0.9995 -0.0293
vn 0.0856 0.9952 0.0473
vn 0.0341 0.9985 0.0432
vn 0.0085 0.9999 0.0106
vn -0.1809 0.9828 -0.0358
vn -0.1596 0.9860 -0.0480
vn -0.1199 0.9917 -0.0470
vn -0.0873 0.9961 -0.0142
vn -0.0034 1.0000 -0.0060
vn 0.0109 0.9997 -0.0213
vn -0.0121 0.9999 0.0081
vn 0.0226 0.9972 0.0712
vn 0.0066 0.9970 0.0774
vn -0.0202 0.9993 0.0303
vn -0.0606 0.9977 -0.0318
vn -0.0506 0.9962 -0.0707
vn 0.0224 0.9994 -0.0268
vn 0.0463 0.9985 0.0289
vn 0.0195 0.9991 0.0386
vn -0.0825 0.9960 0.0344
vn -0.0009 0.9997 0.0252
vn 0.0179 0.9998 0.0054
vn 0.0058 0.9995 0.0295
vn -0.0396 0.9991 0.0121
vn -0.0688 0.9970 -0.0342
vn 0.0277 0.9990 -0.0340
vn 0.0924 0.9957 0.0062
vn -0.0254 0.9991 0.0330
vn -0.0171 0.9997 0.0195
vn 0.0528 0.9978 0.0395
vn 0.0950 0.9872 0.1279
vn 0.1621 0.9647 0.2075
vn 0.1625 0.9593 0.2309
vn -0.0749 0.9952 -0.0634
vn -0.0221 0.9989 -0.0409
vn 0.0017 1.0000 -0.0079
vn 0.0078 1.0000 -0.0005
vn -0.0032 1.0000 -0.0055
vn -0.0035 0.9999 -0.0154
vn -0.0425 0.9986 -0.0312
vn 0.0115 0.9991 -0.0416
vn 0.0488 0.9986 -0.0217
vn -0.0164 0.9998 -0.0140
vn -0.0011 0.9997 -0.0261
vn -0.0005 1.0000 -0.0090
vn 0.0173 0.9993 0.0329
vn 0.0980 0.9906 0.0956
vn 0.1262 0.9760 0.1774
vn -0.0710 0.9919 -0.1051
vn -0.0586 0.9938 -0.0949
vn -0.0320 0.9978 -0.0578
vn -0.0096 0.9999 -0.0143
vn 0.0023 1.0000 0.0026
vn 0.0015 1.0000 0.0020
vn -0.0118 0.9998 -0.0180
vn 0.0059 0.9994 -0.0327
vn 0.0125 0.9999 -0.0100
vn -0.0038 1.0000 0.0063
vn -0.0004 1.0000 0.0051
vn -0.0204 0.9998 0.0071
vn -0.0084 0.9999 0.0109
vn 0.0404 0.9987 0.0315
vn 0.0529 0.9952 0.0821
vn -0.0734 0.9943 -0.0774
vn -0.0749 0.9948 -0.0695
vn -0.0781 0.9959 -0.0447
vn -0.0385 0.9992 -0.0133
vn 0.0008 1.0000 0.0001
vn 0.0033 1.0000 0.0004
vn 0.0110 0.9999 -0.0043
vn -0.0080 1.0000 0.0015
vn -0.0098 0.9998 0.0152
vn 0.0043 0.9999 0.0131
vn 0.0087 1.0000 -0.0029
vn -0.0086 0.9996 -0.0259
vn -0.0359 0.9993 -0.0139
vn 0.0131 0.9997 0.0203
vn 0.0306 0.9994 0.0187
vn -0.0851 0.9961 -0.0217
vn -0.0813 0.9966 -0.0118
vn -0.1040 0.9946 -0.0044
vn -0.0530 0.9986 0.0049
vn 0.0124 0.9999 -0.0054
vn 0.0098 0.9997 -0.0237
vn 0.0117 0.9996 -0.0262
vn -0.0271 0.9995 -0.0137
vn -0.0210 0.9998 0.0030
vn 0.0110 0.9999 0.0095
vn 0.0385 0.9992 -0.0112
vn 0.0130 0.9991 -0.0399
vn -0.0866 0.9960 -0.0226
vn -0.0198 0.9994 0.0274
vn 0.0509 0.9978 0.0415
vn -0.0925 0.9957 0.0095
vn -0.0874 0.9961 0.0131
vn -0.1095 0.9938 0.0174
vn -0.0579 0.9981 0.0188
vn 0.0210 0.9995 0.0255
vn 0.0232 0.9995 0.0216
vn 0.0276 0.9996 -0.0050
vn -0.0280 0.9991 -0.0323
vn -0.0458 0.9987 -0.0231
vn 0.0083 1.0000 -0.0021
vn 0.0664 0.9978 -0.0066
vn 0.0205 0.9997 -0.0136
vn -0.0999 0.9947 -0.0251
vn -0.0413 0.9984 -0.0397
vn 0.0504 0.9982 -0.0317
vn -0.0788 0.9964 0.0303
vn -0.1073 0.9937 0.0332
vn -0.0918 0.9953 0.0311
vn -0.0481 0.9988 0.0018
vn -0.0151 0.9997 0.0211
vn -0.0005 0.9964 0.0844
vn 0.0747 0.9934 0.0867
vn 0.0031 0.9994 0.0349
vn -0.0630 0.9979 0.0116
vn 0.0143 0.9999 0.0020
vn 0.0562 0.9984 0.0109
vn 0.0242 0.9994 0.0247
vn -0.0563 0.9984 -0.0111
vn -0.0405 0.9983 -0.0415
vn 0.0246 0.9994 -0.0245
vn -0.0723 0.9946 0.0745
vn -0.1082 0.9919 0.0670
vn -0.0510 0.9983 0.0297
vn -0.0305 0.9995 0.0005
vn -0.0711 0.9973 0.0196
vn -0.0533 0.9964 0.0658
vn 0.1060 0.9910 0.0816
vn 0.0510 0.9973 0.0520
vn -0.0419 0.9991 0.0057
vn 0.0203 0.9997 -0.0114
vn 0.0354 0.9994 -0.0054
vn 0.0273 0.9996 -0.0013
vn -0.0371 0.9992 0.0124
vn -0.0488 0.9983 0.0318
vn 0.0127 0.9993 0.0351
vn -0.0593 0.9908 0.1214
vn -0.0585 0.9961 0.0665
vn -0.0109 0.9998 0.0146
vn -0.0371 0.9993 0.0103
vn -0.0882 0.9960 0.0144
vn -0.0402 0.9988 -0.0276
vn 0.0936 0.9947 -0.0435
vn 0.0660 0.9977 -0.0131
vn -0.0106 0.9999 -0.0122
vn -0.0012 1.0000 -0.0051
vn 0.0303 0.9994 0.0155
vn 0.0272 0.9995 0.0161
vn -0.0521 0.9985 0.0173
vn -0.0406 0.9992 0.0046
vn 0.0335 0.9991 -0.0275
vn -0.0209 0.9982 0.0558
vn -0.0062 0.9998 0.0198
vn 0.0054 1.0000 0.0029
vn -0.0360 0.9993 -0.0101
vn -0.0520 0.9973 -0.0515
vn 0.0076 0.9956 -0.0935
vn 0.0467 0.9959 -0.0773
vn -0.0004 1.0000 0.0027
vn -0.0184 0.9998 0.0026
vn 0.0113 0.9998 0.0179
vn 0.0288 0.9990 0.0348
vn -0.0286 0.9996 0.0089
vn -0.0248 0.9995 -0.0179
vn 0.0335 0.9994 -0.0015
vn 0.0018 0.9998 -0.0186
vn -0.0064 1.0000 -0.0048
vn 0.0027 0.9999 0.0150
vn 0.0149 0.9997 -0.0202
vn 0.0027 0.9964 -0.0844
vn 0.0107 0.9949 -0.1000
vn 0.0022 0.9972 -0.0743
vn -0.0191 0.9992 -0.0356
vn -0.0084 1.0000 -0.0053
vn -0.0100 0.9999 -0.0055
vn -0.0028 0.9999 -0.0152
vn 0.0179 0.9998 -0.0070
vn 0.0036 1.0000 -0.0024
vn -0.0226 0.9997 -0.0101
vn -0.0020 1.0000 0.0067
vn 0.0222 0.9978 -0.0628
vn -0.0537 0.9973 -0.0494
vn -0.0107 0.9999 -0.0086
vn 0.0597 0.9982 -0.0048
vn 0.0577 0.9975 -0.0405
vn -0.0011 0.9977 -0.0681
vn -0.0424 0.9984 -0.0374
vn -0.0498 0.9988 -0.0011
vn -0.0158 0.9999 0.0065
vn 0.0016 1.0000 0.0025
vn 0.0008 1.0000 -0.0030
vn 0.0037 1.0000 -0.0006
vn 0.0069 1.0000 0.0057
vn -0.0097 0.9999 -0.0027
vn -0.0142 0.9997 -0.0202
vn 0.0493 0.9934 -0.1031
vn -0.0874 0.9901 -0.1099
vn -0.0708 0.9959 -0.0567
vn 0.0051 0.9985 0.0543
vn 0.0859 0.9896 0.1152
vn 0.0085 0.9948 0.1017
vn -0.0592 0.9949 0.0813
vn -0.0410 0.9977 0.0534
vn -0.0148 0.9992 0.0363
vn 0.0067 0.9994 0.0342
vn 0.0107 0.9996 0.0248
vn 0.0085 0.9999 0.0077
vn 0.0013 1.0000 0.0021
vn 0.0024 1.0000 0.0040
vn -0.0059 1.0000 0.0011
vn 0.0353 0.9982 0.0481
vn -0.0618 0.9971 0.0439
vn -0.1235 0.9922 0.0183
vn -0.0646 0.9974 0.0311
vn 0.0683 0.9961 0.0557
vn 0.0150 0.9967 0.0792
vn -0.0288 0.9973 0.0678
vn -0.0277 0.9982 0.0526
vn 0.0014 0.9992 0.0404
vn 0.0403 0.9992 -0.0073
vn 0.0052 0.9996 -0.0260
vn 0.0035 1.0000 0.0015
vn 0.0058 1.0000 0.0076
vn 0.0011 1.0000 0.0026
vn -0.0029 1.0000 0.0038
vn -0.0015 0.9935 0.1135
vn -0.0158 0.9938 0.1098
vn -0.0825 0.9954 0.0490
vn -0.0404 0.9987 -0.0307
vn 0.0474 0.9970 -0.0604
vn -0.0056 0.9991 -0.0415
vn -0.0318 0.9995 -0.0057
vn -0.0329 0.9993 0.0180
vn 0.0539 0.9984 -0.0178
vn 0.0945 0.9924 -0.0794
vn -0.0310 0.9963 -0.0797
vn -0.0282 0.9988 -0.0394
vn 0.0084 0.9998 -0.0165
vn -0.0063 1.0000 -0.0067
vn -0.0000 1.0000 -0.0034
vn 0.0042 0.9999 0.0105
vn -0.0098 0.9999 0.0047
vn -0.0193 0.9998 -0.0008
vn 0.0119 0.9999 0.0018
vn 0.0091 0.9999 0.0130
vn -0.0191 0.9994 0.0285
vn -0.0284 0.9995 0.0122
vn 0.0100 0.9996 -0.0274
vn 0.0524 0.9986 -0.0111
vn 0.0185 0.9981 0.0580
vn 0.0014 0.9964 0.0845
vn -0.0220 0.9977 0.0637
vn -0.0093 0.9987 0.0492
vn 0.0051 0.9995 0.0328
vn -0.0082 0.9998 0.0174
vn 0.0168 0.9997 -0.0201
vn -0.0019 0.9994 -0.0348
vn -0.0550 0.9985 -0.0016
vn -0.0197 0.9978 0.0631
vn 0.0114 0.9967 0.0807
vn 0.0020 0.9991 0.0422
vn 0.0153 0.9999 -0.0062
vn 0.0240 0.9994 -0.0243
vn 0.0095 0.9999 -0.0115
vn -0.0225 0.9997 0.0035
vn 0.0029 0.9999 0.0163
vn -0.0246 0.9990 0.0384
vn -0.0136 0.9981 0.0601
vn 0.0348 0.9981 0.0511
vn 0.0024 0.9996 0.0264
vn 0.0245 0.9990 -0.0367
vn -0.0152 0.9998 -0.0160
vn -0.0972 0.9952 0.0065
vn -0.0541 0.9984 0.0186
vn 0.0376 0.9993 0.0088
vn 0.0565 0.9979 -0.0331
vn 0.0174 0.9990 -0.0415
vn 0.0096 0.9999 -0.0111
vn -0.0011 1.0000 0.0010
vn -0.0128 0.9998 -0.0131
vn -0.0026 0.9995 -0.0303
vn -0.0391 0.9987 -0.0320
vn -0.0176 0.9992 -0.0346
vn 0.0495 0.9981 -0.0363
vn 0.0026 0.9996 -0.0267
vn -0.0021 0.9999 0.0113
vn -0.0289 0.9991 0.0309
vn -0.0652 0.9978 -0.0104
vn -0.0378 0.9968 -0.0708
vn 0.0431 0.9956 -0.0827
vn 0.0573 0.9972 -0.0472
vn -0.0052 0.9998 -0.0188
vn -0.0048 0.9999 -0.0122
vn -0.0073 1.0000 -0.0037
vn 0.0026 1.0000 0.0011
vn 0.0019 1.0000 -0.0016
vn -0.0265 0.9995 -0.0172
vn 0.0049 0.9988 -0.0496
vn 0.0342 0.9979 -0.0553
vn -0.0150 0.9994 -0.0325
vn -0.0178 0.9993 0.0320
vn -0.0138 0.9998 0.0129
vn -0.0139 0.9998 -0.0127
vn -0.0079 0.9994 -0.0335
vn 0.0135 0.9997 -0.0217
vn -0.0026 0.9994 0.0343
vn -0.0060 0.9978 0.0666
vn 0.0043 0.9987 0.0513
vn -0.0027 0.9996 0.0295
vn 0.0129 0.9999 0.0099
vn 0.0098 0.9999 -0.0057
vn -0.0042 0.9998 -0.0204
vn 0.0301 0.9989 -0.0355
vn 0.0158 0.9992 -0.0369
vn -0.0404 0.9991 -0.0161
vn -0.0502 0.9948 0.0881
vn 0.0160 0.9939 0.1093
vn 0.0383 0.9979 0.0527
vn 0.0006 0.9999 0.0126
vn 0.0039 1.0000 0.0019
vn -0.0475 0.9989 0.0005
vn -0.0137 0.9997 0.0206
vn 0.0192 0.9994 0.0289
vn 0.0153 0.9997 0.0183
vn 0.0212 0.9997 0.0118
vn 0.0171 0.9998 0.0117
vn 0.0259 0.9996 -0.0110
vn 0.0228 0.9996 -0.0182
vn -0.0119 0.9998 0.0180
vn -0.0439 0.9986 0.0288
vn -0.1091 0.9940 0.0094
vn 0.0219 0.9991 0.0367
vn 0.0947 0.9950 0.0320
vn 0.0101 0.9999 0.0064
vn 0.0370 0.9990 -0.0254
vn -0.0350 0.9970 -0.0692
vn -0.0359 0.9962 -0.0793
vn 0.0164 0.9979 -0.0625
vn 0.0006 0.9994 -0.0344
vn -0.0063 0.9999 0.0146
vn 0.0239 0.9991 0.0353
vn 0.0489 0.9984 0.0281
vn -0.0006 0.9994 0.0357
vn -0.0310 0.9987 0.0416
vn -0.0184 0.9995 0.0247
vn -0.1028 0.9901 -0.0960
vn -0.0000 0.9941 -0.1082
vn 0.0718 0.9959 -0.0541
vn 0.0188 0.9997 -0.0135
vn 0.0572 0.9983 -0.0106
vn 0.0011 0.9997 -0.0230
vn -0.0505 0.9981 -0.0350
vn -0.0120 0.9999 -0.0094
vn -0.0409 0.9986 0.0323
vn -0.0206 0.9990 0.0400
vn 0.0464 0.9989 0.0112
vn 0.0336 0.9994 0.0112
vn -0.0041 0.9997 0.0224
vn -0.0162 0.9999 0.0050
vn -0.0028 1.0000 -0.0086
vn -0.0558 0.9980 -0.0302
vn -0.0147 0.9985 -0.0533
vn 0.0146 0.9993 -0.0343
vn 0.0088 0.9999 -0.0069
vn 0.0364 0.9991 0.0210
vn 0.0231 0.9992 0.0322
vn -0.0465 0.9988 0.0179
vn -0.0547 0.9980 0.0309
vn -0.0581 0.9971 0.0483
vn 0.0160 0.9996 0.0213
vn 0.0721 0.9973 -0.0126
vn 0.0100 0.9998 -0.0151
vn -0.0199 0.9997 0.0131
vn -0.0255 0.9981 0.0555
vn 0.0209 0.9983 0.0547
vn -0.0151 0.9981 0.0595
vn -0.0195 0.9987 0.0469
vn 0.0100 0.9992 0.0375
vn 0.0098 0.9999 0.0137
vn 0.0122 0.9999 0.0091
vn 0.0250 0.9995 0.0203
vn -0.0352 0.9991 0.0216
vn -0.0543 0.9985 -0.0031
vn -0.0575 0.9981 -0.0213
vn 0.0193 0.9998 0.0020
vn 0.0876 0.9960 0.0169
vn 0.0097 0.9999 0.0040
vn -0.0403 0.9992 -0.0034
vn -0.0520 0.9986 0.0009
vn 0.0421 0.9991 0.0065
vn -0.0097 0.9990 0.0437
vn -0.0083 0.9992 0.0398
vn 0.0334 0.9993 0.0150
vn 0.0437 0.9989 -0.0184
vn 0.0109 0.9989 -0.0463
vn -0.0005 0.9995 -0.0308
vn -0.0293 0.9995 -0.0125
vn -0.0241 0.9994 -0.0243
vn -0.0594 0.9977 -0.0338
vn -0.0005 0.9994 -0.0346
vn 0.0854 0.9960 -0.0273
vn 0.0065 0.9999 -0.0089
vn -0.0249 0.9996 -0.0137
vn -0.0328 0.9981 -0.0525
vn 0.0293 0.9975 -0.0644
vn -0.0128 0.9992 -0.0372
vn 0.0096 0.9988 -0.0483
vn 0.0303 0.9988 -0.0382
vn 0.0577 0.9982 -0.0156
vn 0.0207 0.9997 -0.0115
vn -0.0038 0.9994 -0.0339
vn -0.0255 0.9983 -0.0527
vn -0.0351 0.9988 -0.0337
vn -0.0430 0.9986 -0.0299
vn 0.0226 0.9974 -0.0690
vn 0.0507 0.9966 -0.0653
vn -0.0241 0.9995 -0.0196
vn -0.0087 1.0000 -0.0003
vn -0.0021 1.0000 -0.0083
vn 0.0199 0.9996 -0.0180
vn -0.0017 0.9996 -0.0273
vn 0.0068 0.9997 -0.0246
vn 0.0080 0.9999 -0.0096
vn 0.0232 0.9994 0.0245
vn 0.0259 0.9984 0.0498
vn 0.0197 0.9989 0.0435
vn -0.0207 0.9992 0.0337
vn -0.0336 0.9994 0.0090
vn -0.0168 0.9996 -0.0228
vn 0.0372 0.9990 -0.0245
vn 0.0156 0.9999 -0.0066
vn -0.0421 0.9991 0.0009
vn -0.0004 1.0000 -0.0085
vn 0.0006 0.9999 -0.0114
vn 0.0094 0.9999 0.0061
vn -0.0006 1.0000 0.0022
vn -0.0030 1.0000 0.0083
vn -0.0136 0.9996 0.0248
vn -0.0032 0.9992 0.0387
vn 0.0223 0.9988 0.0435
vn -0.0190 0.9956 0.0921
vn -0.0201 0.9900 0.1398
vn 0.0444 0.9953 0.0865
vn 0.0115 0.9999 0.0122
vn 0.0231 0.9997 -0.0003
vn 0.0207 0.9997 -0.0088
vn -0.0297 0.9990 -0.0337
vn -0.0120 0.9996 -0.0251
vn -0.0010 1.0000 -0.0090
vn -0.0051 0.9999 -0.0105
vn 0.0036 1.0000 0.0006
vn -0.0099 0.9999 -0.0029
vn -0.0444 0.9988 0.0183
vn -0.0042 0.9993 0.0362
vn 0.0376 0.9991 0.0171
vn -0.0764 0.9970 0.0095
vn -0.0469 0.9979 0.0455
vn 0.1163 0.9917 0.0547
vn 0.0805 0.9967 -0.0119
vn 0.0307 0.9966 -0.0758
vn 0.0187 0.9971 -0.0738
vn -0.0047 0.9974 -0.0721
vn -0.0426 0.9963 -0.0748
vn -0.0179 0.9989 -0.0426
vn -0.0052 0.9997 -0.0239
vn -0.0515 0.9973 -0.0522
vn -0.0261 0.9996 -0.0103
vn -0.0379 0.9991 -0.0178
vn -0.0037 0.9991 -0.0428
vn 0.0438 0.9985 -0.0316
vn -0.0273 0.9993 -0.0250
vn -0.0033 0.9956 -0.0940
vn 0.1267 0.9800 -0.1537
vn 0.1482 0.9791 -0.1396
vn 0.0580 0.9894 -0.1328
vn 0.0341 0.9857 -0.1649
vn 0.0524 0.9819 -0.1818
vn -0.0279 0.9822 -0.1859
vn -0.1031 0.9752 -0.1960
vn -0.1131 0.9805 -0.1605
vn -0.0829 0.9965 -0.0099
vn -0.0404 0.9992 -0.0062
vn -0.0130 0.9999 -0.0093
vn 0.0079 0.9998 -0.0209
vn 0.0164 0.9997 -0.0161
vn -0.0006 0.9998 -0.0221
vn 0.0878 0.9936 -0.0708
vn 0.1535 0.9802 -0.1254
vn 0.1430 0.9767 -0.1598
vn 0.0741 0.9808 -0.1802
vn 0.0323 0.9862 -0.1622
vn 0.0317 0.9919 -0.1228
vn -0.0144 0.9936 -0.1124
vn -0.0816 0.9874 -0.1355
vn -0.1629 0.9763 -0.1422
vn -0.0654 0.9959 0.0628
vn -0.0355 0.9987 0.0369
vn 0.0082 0.9999 0.0140
vn 0.0080 1.0000 0.0043
vn 0.0049 0.9999 0.0109
vn 0.0316 0.9995 -0.0040
vn 0.1318 0.9908 -0.0309
vn 0.1773 0.9833 -0.0417
vn 0.1734 0.9831 -0.0590
vn 0.0784 0.9942 -0.0730
vn 0.0018 0.9978 -0.0665
vn 0.0196 0.9978 -0.0637
vn -0.0121 0.9979 -0.0644
vn -0.0623 0.9961 -0.0625
vn -0.1621 0.9839 -0.0751
vn -0.0514 0.9974 0.0511
vn -0.0188 0.9987 0.0465
vn 0.0278 0.9991 0.0335
vn 0.0084 0.9997 0.0231
vn 0.0254 0.9997 -0.0044
vn 0.0668 0.9967 -0.0452
vn 0.1291 0.9903 -0.0506
vn 0.1478 0.9890 -0.0061
vn 0.1676 0.9847 0.0475
vn 0.0965 0.9941 0.0495
vn 0.0219 0.9998 0.0042
vn 0.0289 0.9992 -0.0281
vn -0.0193 0.9994 -0.0295
vn -0.0533 0.9980 -0.0332
vn -0.1317 0.9895 -0.0603
vn -0.0467 0.9989 -0.0098
vn -0.0115 0.9998 -0.0174
vn 0.0218 0.9997 -0.0057
vn -0.0058 0.9997 0.0249
vn 0.0430 0.9979 0.0489
vn 0.0936 0.9946 0.0446
vn 0.1194 0.9923 0.0337
vn 0.0994 0.9938 0.0489
vn 0.1307 0.9881 0.0809
vn 0.1380 0.9876 0.0754
vn 0.0747 0.9968 0.0279
vn 0.0318 0.9995 0.0042
vn -0.0215 0.9998 0.0049
vn -0.0227 0.9995 -0.0199
vn -0.0997 0.9935 -0.0545
vn -0.0032 0.9992 -0.0409
vn -0.0114 0.9970 -0.0768
vn -0.0213 0.9987 -0.0459
vn -0.0261 0.9996 -0.0131
vn 0.0077 0.9998 0.0179
vn 0.0820 0.9944 0.0663
vn 0.1313 0.9884 0.0766
vn 0.0907 0.9941 0.0588
vn 0.1153 0.9921 0.0503
vn 0.1607 0.9858 0.0485
vn 0.0981 0.9939 0.0500
vn 0.0283 0.9982 0.0536
vn 0.0067 0.9996 0.0283
vn 0.0149 0.9998 -0.0127
vn -0.1040 0.9945 -0.0105
vn 0.0405 0.9991 -0.0117
vn -0.0142 0.9998 -0.0160
vn -0.0525 0.9985 -0.0131
vn -0.0079 0.9994 -0.0329
vn -0.0158 0.9982 -0.0587
vn 0.0301 0.9990 -0.0320
vn 0.1206 0.9925 0.0222
vn 0.1122 0.9932 0.0297
vn 0.1222 0.9925 0.0099
vn 0.1356 0.9903 0.0310
vn 0.0673 0.9940 0.0867
vn 0.0283 0.9931 0.1141
vn 0.0409 0.9936 0.1051
vn 0.0238 0.9946 0.1008
vn -0.1167 0.9878 0.1030
vn 0.0165 0.9996 0.0226
vn -0.0203 0.9982 0.0571
vn -0.0234 0.9993 0.0306
vn 0.0221 0.9997 -0.0087
vn -0.0067 0.9997 -0.0218
vn -0.0132 0.9998 -0.0144
vn 0.0687 0.9973 0.0267
vn 0.1224 0.9906 0.0608
vn 0.1419 0.9886 0.0502
vn 0.0896 0.9944 0.0559
vn 0.0160 0.9951 0.0979
vn 0.0267 0.9921 0.1227
vn 0.0287 0.9890 0.1452
vn -0.0028 0.9828 0.1846
vn -0.0951 0.9779 0.1861
vn -0.0130 0.9973 0.0727
vn -0.0121 0.9981 0.0599
vn 0.0199 0.9992 0.0349
vn 0.0402 0.9991 0.0127
vn 0.0032 1.0000 -0.0021
vn -0.0219 0.9997 -0.0107
vn 0.0199 0.9998 0.0059
vn 0.0848 0.9947 0.0582
vn 0.1454 0.9842 0.1015
vn 0.0700 0.9913 0.1111
vn -0.0092 0.9935 0.1136
vn 0.0158 0.9921 0.1242
vn -0.0012 0.9899 0.1420
vn -0.0349 0.9860 0.1630
vn -0.0798 0.9811 0.1763
vn 0.0224 0.9981 0.0579
vn 0.0174 0.9998 0.0066
vn 0.0296 0.9995 -0.0075
vn 0.0644 0.9977 -0.0193
vn 0.0173 0.9989 -0.0432
vn -0.0373 0.9987 -0.0334
vn -0.0094 0.9999 -0.0053
vn 0.0366 0.9991 0.0200
vn 0.1170 0.9918 0.0522
vn 0.0554 0.9946 0.0880
vn -0.0343 0.9914 0.1263
vn -0.0031 0.9873 0.1588
vn -0.0020 0.9870 0.1604
vn -0.0333 0.9899 0.1381
vn -0.0669 0.9918 0.1085
vn 0.0656 0.9973 -0.0317
vn 0.0370 0.9984 -0.0433
vn 0.0176 0.9992 -0.0370
vn 0.0783 0.9966 -0.0270
vn 0.0273 0.9992 -0.0275
vn -0.0584 0.9979 -0.0266
vn -0.0279 0.9995 -0.0152
vn 0.0260 0.9996 -0.0114
vn 0.0866 0.9962 -0.0022
vn 0.0128 0.9992 0.0380
vn -0.0642 0.9954 0.0716
vn -0.0138 0.9968 0.0785
vn 0.0109 0.9971 0.0748
vn -0.0096 0.9981 0.0614
vn -0.0335 0.9989 0.0335
vn 0.0654 0.9967 -0.0489
vn 0.0443 0.9980 -0.0445
vn -0.0007 0.9992 -0.0399
vn 0.0428 0.9991 0.0041
vn 0.0260 0.9988 0.0421
vn -0.0469 0.9984 0.0311
vn -0.0316 0.9994 0.0118
vn 0.0258 0.9996 0.0119
vn 0.0559 0.9979 0.0338
vn -0.0121 0.9987 0.0495
vn -0.0543 0.9981 0.0302
vn -0.0156 0.9998 0.0145
vn 0.0002 0.9995 0.0307
vn 0.0008 0.9990 0.0450
vn 0.0096 0.9998 0.0193
vn 0.0568 0.9984 0.0011
vn 0.0536 0.9986 -0.0042
vn -0.0186 0.9998 -0.0002
vn 0.0076 0.9999 0.0090
vn 0.0137 0.9997 0.0186
vn -0.0348 0.9989 0.0299
vn -0.0153 0.9997 0.0209
vn 0.0124 0.9998 0.0180
vn 0.0235 0.9988 0.0420
vn -0.0027 0.9988 0.0495
vn -0.0233 0.9993 0.0283
vn -0.0300 0.9992 0.0275
vn -0.0182 0.9989 0.0440
vn 0.0170 0.9993 0.0319
vn 0.0516 0.9987 -0.0006
vn 0.0607 0.9980 0.0150
vn 0.0419 0.9987 0.0278
vn -0.0186 0.9992 0.0355
vn 0.0170 0.9997 0.0169
vn 0.0023 1.0000 0.0093
vn -0.0239 0.9997 -0.0016
vn -0.0066 0.9999 -0.0123
vn -0.0159 0.9998 0.0102
vn -0.0046 0.9991 0.0425
vn 0.0122 0.9988 0.0483
vn 0.0113 0.9997 0.0200
vn -0.0312 0.9994 -0.0126
vn -0.0170 0.9994 -0.0288
vn 0.0434 0.9981 -0.0445
vn 0.0673 0.9963 -0.0541
vn 0.0656 0.9970 -0.0414
vn 0.0115 0.9995 -0.0283
vn -0.0140 0.9999 -0.0100
vn 0.0135 0.9999 0.0076
vn 0.0003 0.9998 0.0208
vn 0.0087 1.0000 0.0010
vn -0.0030 0.9997 -0.0244
vn -0.0390 0.9989 -0.0273
vn -0.0154 0.9996 -0.0256
vn 0.0183 0.9995 -0.0266
vn 0.0472 0.9981 -0.0404
vn 0.0075 0.9965 -0.0827
vn -0.0276 0.9952 -0.0944
vn 0.0493 0.9960 -0.0746
vn 0.0676 0.9952 -0.0713
vn 0.0545 0.9985 0.0099
vn 0.0099 0.9999 0.0141
vn -0.0246 0.9995 -0.0187
vn -0.0378 0.9987 -0.0335
vn -0.0273 0.9995 -0.0125
vn 0.0079 0.9999 0.0102
vn 0.0454 0.9983 0.0351
vn 0.0011 0.9987 0.0509
vn -0.0310 0.9981 0.0531
vn 0.0529 0.9981 0.0321
vn 0.0393 0.9991 0.0180
vn -0.0333 0.9982 0.0505
vn -0.0322 0.9978 0.0573
vn -0.0202 0.9975 0.0679
vn 0.0005 0.9914 0.1309
vn 0.0193 0.9986 0.0490
vn 0.0159 0.9972 0.0735
vn 0.0174 0.9981 0.0587
vn -0.0491 0.9979 0.0431
vn -0.0476 0.9974 0.0546
vn 0.0195 0.9990 0.0407
vn 0.0087 0.9991 0.0408
vn -0.0115 0.9973 0.0721
vn -0.0149 0.9976 0.0677
vn 0.0515 0.9960 0.0733
vn 0.0188 0.9939 0.1090
vn -0.0458 0.9929 0.1101
vn -0.0003 0.9964 0.0845
vn -0.0294 0.9983 0.0511
vn -0.0401 0.9985 0.0368
vn -0.0093 0.9999 -0.0119
vn -0.0183 0.9995 0.0263
vn 0.0286 0.9975 0.0644
vn -0.0323 0.9981 0.0517
vn -0.0460 0.9987 0.0220
vn 0.0539 0.9985 0.0015
vn 0.0008 0.9997 -0.0251
vn -0.0185 0.9989 -0.0422
vn 0.0027 0.9988 -0.0482
vn -0.0166 0.9999 -0.0029
vn -0.0453 0.9945 0.0943
vn -0.0270 0.9901 0.1378
vn 0.0504 0.9942 0.0947
vn 0.0370 0.9993 0.0115
vn -0.0261 0.9981 -0.0553
vn -0.0219 0.9992 -0.0345
vn -0.0548 0.9982 -0.0236
vn 0.0145 0.9998 -0.0111
vn 0.0056 0.9997 -0.0223
vn -0.0288 0.9984 -0.0497
vn 0.0510 0.9977 -0.0440
vn 0.0273 0.9988 -0.0411
vn -0.0146 0.9984 -0.0543
vn -0.0023 0.9989 -0.0471
vn -0.0637 0.9972 -0.0400
vn -0.1222 0.9924 -0.0118
vn -0.0294 0.9993 0.0236
vn 0.1040 0.9944 0.0161
vn 0.0933 0.9956 -0.0116
vn 0.0066 0.9994 -0.0344
vn -0.0036 0.9999 -0.0129
vn -0.0493 0.9977 -0.0474
vn -0.0079 0.9990 -0.0429
vn 0.0106 0.9998 -0.0144
vn -0.0122 0.9999 -0.0089
vn 0.0216 0.9998 -0.0017
vn 0.0523 0.9986 -0.0001
vn -0.0075 0.9998 -0.0188
vn -0.0208 0.9997 -0.0144
vn -0.0456 0.9988 -0.0205
vn -0.1252 0.9902 -0.0626
vn -0.0309 0.9950 -0.0947
vn 0.0930 0.9929 -0.0741
vn 0.0677 0.9977 -0.0096
vn 0.0284 0.9995 0.0168
vn 0.0218 0.9994 0.0277
vn -0.0229 0.9997 0.0104
vn -0.0314 0.9995 0.0030
vn 0.0002 1.0000 0.0087
vn 0.0089 0.9999 -0.0074
vn 0.0059 0.9998 -0.0200
vn 0.0349 0.9993 0.0113
vn 0.0073 0.9994 0.0325
vn -0.0181 0.9998 0.0104
vn -0.0275 0.9996 -0.0049
vn -0.0761 0.9966 -0.0310
vn -0.0066 0.9973 -0.0738
vn 0.0402 0.9971 -0.0654
vn -0.0042 1.0000 -0.0047
vn 0.0179 0.9985 0.0512
vn 0.0118 0.9999 0.0126
vn -0.0106 0.9996 0.0274
vn -0.0232 0.9996 0.0142
vn 0.0049 1.0000 -0.0045
vn 0.0390 0.9990 -0.0233
vn 0.0033 0.9993 -0.0383
vn -0.0194 0.9997 -0.0128
vn 0.0173 0.9998 0.0104
vn 0.0188 0.9997 -0.0143
vn -0.0323 0.9990 -0.0311
vn -0.0463 0.9985 -0.0298
vn 0.0096 0.9994 -0.0331
vn 0.0033 0.9998 -0.0202
vn -0.0332 0.9993 -0.0150
vn -0.0242 0.9997 0.0002
vn 0.0017 0.9987 -0.0509
vn -0.0352 0.9989 -0.0306
vn -0.0245 0.9997 0.0085
vn 0.0128 0.9997 0.0206
vn 0.0691 0.9976 0.0013
vn 0.0063 0.9998 -0.0169
vn -0.0328 0.9989 -0.0321
vn 0.0293 0.9981 -0.0538
vn 0.0248 0.9986 -0.0473
vn -0.0419 0.9988 -0.0269
vn -0.0389 0.9989 -0.0261
vn -0.0036 0.9998 -0.0171
vn -0.0103 0.9999 -0.0032
vn -0.0123 0.9998 -0.0157
vn -0.0124 0.9979 -0.0635
vn 0.0041 0.9993 -0.0362
vn -0.0699 0.9973 -0.0244
vn -0.0570 0.9984 0.0034
vn 0.0195 0.9997 0.0169
vn 0.0838 0.9964 0.0145
vn 0.0105 0.9999 0.0137
vn 0.0115 0.9997 -0.0198
vn 0.0616 0.9953 -0.0745
vn -0.0290 0.9978 -0.0597
vn -0.0738 0.9972 0.0066
vn -0.0214 0.9996 0.0204
vn -0.0151 0.9999 0.0053
vn -0.0103 0.9999 0.0030
vn 0.0054 1.0000 -0.0022
vn 0.0310 0.9994 -0.0151
vn 0.0097 0.9992 0.0382
vn -0.0709 0.9973 0.0217
vn -0.0544 0.9985 -0.0077
vn 0.0213 0.9994 -0.0255
vn 0.0553 0.9985 0.0039
vn 0.0046 0.9992 0.0392
vn 0.0476 0.9980 0.0425
vn 0.0884 0.9955 0.0338
vn -0.0617 0.9978 0.0262
vn -0.1049 0.9941 0.0276
vn -0.0022 0.9996 0.0271
vn -0.0055 0.9999 0.0135
vn 0.0082 0.9999 -0.0123
vn 0.0287 0.9984 -0.0487
vn 0.0347 0.9975 -0.0622
vn 0.0259 0.9987 0.0447
vn -0.0461 0.9987 0.0201
vn -0.0254 0.9997 -0.0044
vn 0.0187 0.9997 -0.0128
vn 0.0384 0.9990 -0.0223
vn 0.0175 0.9984 -0.0531
vn 0.0571 0.9954 -0.0774
vn 0.0779 0.9946 -0.0678
vn -0.0305 0.9960 -0.0835
vn -0.0857 0.9871 -0.1353
vn -0.0335 0.9916 -0.1246
vn -0.0109 0.9971 -0.0759
vn 0.0452 0.9956 -0.0820
vn 0.0839 0.9869 -0.1381
vn 0.0560 0.9781 -0.2002
vn 0.0172 0.9998 0.0079
vn -0.0167 0.9998 0.0118
vn -0.0013 0.9999 -0.0172
vn 0.0455 0.9972 -0.0594
vn 0.0869 0.9883 -0.1253
vn 0.0708 0.9779 -0.1968
vn 0.0803 0.9657 -0.2471
vn 0.0606 0.9622 -0.2654
vn 0.0093 0.9612 -0.2757
vn -0.0651 0.9583 -0.2784
vn -0.1015 0.9649 -0.2421
vn -0.0225 0.9768 -0.2128
vn 0.0795 0.9706 -0.2271
vn 0.1140 0.9639 -0.2407
vn 0.0848 0.9667 -0.2414
vn -0.0083 1.0000 0.0010
vn 0.0346 0.9990 -0.0287
vn 0.0599 0.9920 -0.1115
vn 0.0926 0.9797 -0.1775
vn 0.1364 0.9684 -0.2089
vn 0.1225 0.9630 -0.2399
vn 0.0960 0.9621 -0.2554
vn 0.0528 0.9681 -0.2449
vn 0.0084 0.9740 -0.2264
vn -0.0851 0.9758 -0.2015
vn -0.1254 0.9719 -0.1991
vn -0.0186 0.9769 -0.2127
vn 0.1021 0.9709 -0.2168
vn 0.1159 0.9673 -0.2258
vn 0.0852 0.9690 -0.2319
vn 0.0102 0.9999 -0.0003
vn 0.1133 0.9912 -0.0686
vn 0.1484 0.9769 -0.1537
vn 0.1261 0.9701 -0.2076
vn 0.1518 0.9628 -0.2236
vn 0.1434 0.9628 -0.2289
vn 0.0890 0.9696 -0.2280
vn 0.0374 0.9752 -0.2183
vn -0.0255 0.9815 -0.1895
vn -0.1152 0.9818 -0.1510
vn -0.1123 0.9839 -0.1392
vn -0.0317 0.9911 -0.1295
vn 0.1153 0.9858 -0.1222
vn 0.1537 0.9747 -0.1621
vn 0.0922 0.9750 -0.2023
vn 0.0739 0.9969 -0.0274
vn 0.1847 0.9783 -0.0936
vn 0.2024 0.9699 -0.1357
vn 0.1657 0.9705 -0.1754
vn 0.1611 0.9655 -0.2048
vn 0.1398 0.9688 -0.2045
vn 0.0875 0.9755 -0.2016
vn 0.0406 0.9760 -0.2138
vn -0.0610 0.9755 -0.2113
vn -0.1407 0.9724 -0.1861
vn -0.0937 0.9775 -0.1892
vn -0.0553 0.9796 -0.1932
vn 0.1059 0.9801 -0.1681
vn 0.2124 0.9606 -0.1793
vn 0.1325 0.9614 -0.2411
vn 0.1853 0.9819 -0.0387
vn 0.2694 0.9606 -0.0678
vn 0.2557 0.9611 -0.1046
vn 0.2053 0.9703 -0.1278
vn 0.1745 0.9762 -0.1287
vn 0.1525 0.9788 -0.1366
vn 0.1073 0.9830 -0.1493
vn 0.0947 0.9837 -0.1531
vn -0.0297 0.9856 -0.1667
vn -0.1715 0.9671 -0.1878
vn -0.1032 0.9800 -0.1700
vn -0.1083 0.9850 -0.1342
vn 0.0092 0.9934 -0.1141
vn 0.2414 0.9681 -0.0671
vn 0.1374 0.9904 0.0147
vn 0.2147 0.9767 -0.0021
vn 0.2958 0.9548 -0.0298
vn 0.2827 0.9578 -0.0510
vn 0.2112 0.9754 -0.0635
vn 0.1840 0.9799 -0.0777
vn 0.1615 0.9830 -0.0874
vn 0.1247 0.9871 -0.1009
vn 0.0881 0.9903 -0.1073
vn -0.0226 0.9954 -0.0930
vn -0.1496 0.9834 -0.1026
vn -0.1344 0.9839 -0.1179
vn -0.1348 0.9860 -0.0979
vn -0.0185 0.9977 -0.0659
vn 0.1827 0.9830 -0.0188
vn 0.1009 0.9949 0.0026
vn 0.2275 0.9727 -0.0451
vn 0.2792 0.9602 -0.0124
vn 0.2718 0.9615 0.0400
vn 0.2453 0.9690 0.0284
vn 0.2096 0.9776 -0.0190
vn 0.1640 0.9857 -0.0381
vn 0.1462 0.9881 -0.0486
vn 0.0855 0.9944 -0.0615
vn -0.0404 0.9976 -0.0568
vn -0.1210 0.9910 -0.0575
vn -0.1408 0.9878 -0.0669
vn -0.1665 0.9847 -0.0504
vn -0.0459 0.9987 -0.0243
vn 0.1580 0.9873 -0.0176
vn 0.1346 0.9897 -0.0480
vn 0.2291 0.9726 -0.0398
vn 0.2136 0.9769 -0.0025
vn 0.2375 0.9702 0.0478
vn 0.2872 0.9567 0.0485
vn 0.2305 0.9726 0.0293
vn 0.1666 0.9857 0.0237
vn 0.1405 0.9894 0.0377
vn 0.0818 0.9948 0.0604
vn -0.0346 0.9980 0.0537
vn -0.1134 0.9927 0.0408
vn -0.1412 0.9891 0.0425
vn -0.1622 0.9865 0.0216
vn -0.0505 0.9987 -0.0055
vn 0.1322 0.9910 0.0187
vn 0.1357 0.9881 0.0727
vn 0.2198 0.9748 0.0385
vn 0.1953 0.9803 0.0289
vn 0.2191 0.9756 0.0163
vn 0.2823 0.9584 0.0417
vn 0.2267 0.9714 0.0707
vn 0.1624 0.9831 0.0848
vn 0.1200 0.9882 0.0955
vn 0.0711 0.9920 0.1043
vn -0.0047 0.9957 0.0927
vn -0.0980 0.9934 0.0600
vn -0.1348 0.9902 0.0357
vn -0.1150 0.9934 0.0023
vn -0.0344 0.9988 -0.0355
vn 0.0520 0.9986 0.0042
vn 0.0669 0.9927 0.0999
vn 0.1703 0.9724 0.1596
vn 0.2363 0.9573 0.1664
vn 0.2368 0.9645 0.1170
vn 0.2489 0.9625 0.1080
vn 0.2151 0.9684 0.1261
vn 0.1534 0.9791 0.1337
vn 0.1174 0.9839 0.1346
vn 0.0744 0.9894 0.1248
vn 0.0134 0.9932 0.1159
vn -0.0645 0.9932 0.0965
vn -0.0885 0.9953 0.0404
vn -0.0687 0.9974 -0.0203
vn -0.0277 0.9990 -0.0360
vn -0.0079 0.9997 -0.0227
vn -0.0075 0.9998 0.0158
vn 0.0810 0.9874 0.1360
vn 0.2573 0.9493 0.1805
vn 0.2859 0.9457 0.1547
vn 0.2302 0.9641 0.1321
vn 0.1917 0.9686 0.1582
vn 0.1478 0.9723 0.1810
vn 0.1060 0.9748 0.1961
vn 0.0668 0.9727 0.2222
vn 0.0139 0.9718 0.2354
vn -0.0236 0.9761 0.2162
vn 0.0042 0.9896 0.1440
vn -0.0170 0.9980 0.0611
vn -0.0289 0.9992 0.0264
vn -0.0123 0.9998 0.0187
vn -0.0466 0.9986 0.0237
vn 0.0200 0.9997 0.0118
vn 0.2363 0.9703 0.0513
vn 0.3034 0.9487 0.0894
vn 0.2155 0.9697 0.1151
vn 0.1277 0.9773 0.1688
vn 0.1257 0.9650 0.2303
vn 0.0867 0.9632 0.2545
vn 0.0289 0.9590 0.2821
vn 0.0226 0.9555 0.2940
vn 0.0536 0.9704 0.2354
vn 0.0788 0.9835 0.1626
vn 0.0413 0.9927 0.1137
vn -0.0057 0.9977 0.0680
vn -0.0110 0.9986 0.0513
vn -0.0663 0.9957 0.0648
vn 0.0009 0.9975 -0.0704
vn 0.1574 0.9875 -0.0085
vn 0.2477 0.9641 0.0952
vn 0.2050 0.9683 0.1430
vn 0.0695 0.9843 0.1624
vn 0.0579 0.9734 0.2217
vn 0.0734 0.9589 0.2742
vn 0.0294 0.9653 0.2595
vn 0.0636 0.9763 0.2068
vn 0.1259 0.9791 0.1597
vn 0.1071 0.9848 0.1364
vn 0.0779 0.9894 0.1223
vn 0.0185 0.9940 0.1077
vn -0.0077 0.9953 0.0970
vn -0.0569 0.9959 0.0706
vn -0.0124 0.9977 -0.0660
vn 0.0636 0.9978 -0.0200
vn 0.1378 0.9871 0.0811
vn 0.1597 0.9679 0.1941
vn 0.0677 0.9725 0.2229
vn 0.0211 0.9790 0.2028
vn 0.0587 0.9780 0.2000
vn 0.0745 0.9791 0.1891
vn 0.1105 0.9821 0.1526
vn 0.1452 0.9801 0.1352
vn 0.1167 0.9845 0.1313
vn 0.0802 0.9877 0.1344
vn 0.0104 0.9879 0.1547
vn 0.0064 0.9871 0.1600
vn -0.0175 0.9910 0.1325
vn -0.0024 0.9995 -0.0300
vn 0.0223 0.9988 -0.0447
vn 0.0195 0.9997 0.0148
vn 0.0492 0.9903 0.1302
vn 0.0769 0.9767 0.2001
vn 0.0498 0.9803 0.1913
vn 0.0469 0.9831 0.1770
vn 0.0922 0.9787 0.1833
vn 0.1255 0.9745 0.1861
vn 0.1349 0.9714 0.1955
vn 0.1181 0.9715 0.2054
vn 0.0677 0.9751 0.2110
vn 0.0092 0.9786 0.2056
vn 0.0109 0.9803 0.1973
vn -0.0239 0.9740 0.2251
vn 0.0276 0.9996 0.0019
vn 0.0194 0.9998 -0.0105
vn -0.0532 0.9986 0.0052
vn -0.0180 0.9995 0.0275
vn 0.0489 0.9974 0.0536
vn 0.0604 0.9946 0.0849
vn 0.0574 0.9952 0.0796
vn 0.0922 0.9938 0.0629
vn 0.1074 0.9909 0.0808
vn 0.0872 0.9866 0.1382
vn 0.0690 0.9721 0.2241
vn 0.0600 0.9605 0.2716
vn 0.0409 0.9659 0.2557
vn -0.0032 0.9690 0.2470
vn -0.0582 0.9625 0.2648
vn 0.0203 0.9986 0.0484
vn 0.0257 0.9978 0.0617
vn -0.0414 0.9987 0.0281
vn -0.0279 0.9996 0.0039
vn 0.0393 0.9992 -0.0029
vn 0.0842 0.9953 -0.0483
vn 0.0953 0.9897 -0.1067
vn 0.0908 0.9876 -0.1277
vn 0.0849 0.9890 -0.1210
vn 0.0333 0.9942 -0.1020
vn -0.0135 0.9987 -0.0490
vn 0.0138 0.9995 0.0287
vn 0.0331 0.9942 0.1021
vn -0.0371 0.9875 0.1529
vn -0.0848 0.9781 0.1900
vn -0.0052 1.0000 0.0022
vn 0.0194 0.9996 0.0209
vn 0.0029 0.9999 0.0168
vn -0.0147 0.9998 -0.0166
vn 0.0691 0.9962 -0.0531
vn 0.1301 0.9880 -0.0838
vn 0.1269 0.9866 -0.1028
vn 0.1137 0.9840 -0.1369
vn 0.0925 0.9804 -0.1742
vn 0.0288 0.9800 -0.1967
vn -0.0373 0.9750 -0.2189
vn -0.0515 0.9762 -0.2104
vn -0.0327 0.9878 -0.1522
vn -0.0775 0.9922 -0.0980
vn -0.1263 0.9905 -0.0549
vn 0.0062 1.0000 -0.0008
vn 0.0036 0.9999 -0.0152
vn 0.0095 1.0000 -0.0015
vn 0.0399 0.9988 -0.0295
vn 0.1211 0.9878 -0.0983
vn 0.1436 0.9807 -0.1326
vn 0.1477 0.9778 -0.1485
vn 0.1388 0.9764 -0.1653
vn 0.0849 0.9854 -0.1473
vn 0.0406 0.9909 -0.1286
vn -0.0077 0.9892 -0.1465
vn -0.0588 0.9824 -0.1773
vn -0.0790 0.9800 -0.1827
vn -0.1069 0.9809 -0.1628
vn -0.1215 0.9768 -0.1763
vn 0.0552 0.9614 0.2697
vn 0.0091 0.9420 0.3356
vn 0.0640 0.9430 0.3265
vn 0.0915 0.9786 0.1841
vn 0.0520 0.9986 -0.0048
vn 0.0731 0.9892 -0.1273
vn 0.1394 0.9759 -0.1681
vn 0.1382 0.9762 -0.1672
vn 0.0174 0.9845 -0.1747
vn -0.0336 0.9797 -0.1974
vn -0.0239 0.9769 -0.2126
vn -0.0920 0.9778 -0.1883
vn -0.1863 0.9722 -0.1417
vn -0.2456 0.9672 -0.0653
vn -0.1781 0.9840 0.0027
vn 0.0069 0.9627 0.2705
vn -0.0134 0.9634 0.2677
vn 0.1750 0.9670 0.1849
vn 0.2620 0.9638 0.0491
vn 0.1645 0.9851 -0.0493
vn 0.1130 0.9903 -0.0805
vn 0.1518 0.9845 -0.0879
vn 0.1462 0.9835 -0.1067
vn 0.0200 0.9937 -0.1102
vn -0.0142 0.9939 -0.1094
vn -0.0244 0.9933 -0.1129
vn -0.1306 0.9865 -0.0987
vn -0.1995 0.9754 -0.0937
vn -0.2680 0.9555 -0.1232
vn -0.1924 0.9696 -0.1512
vn -0.0023 0.9862 0.1658
vn 0.0536 0.9926 0.1089
vn 0.2641 0.9639 0.0343
vn 0.3050 0.9520 0.0270
vn 0.2003 0.9788 0.0432
vn 0.1307 0.9912 0.0200
vn 0.1697 0.9855 -0.0083
vn 0.1634 0.9862 -0.0267
vn 0.0169 0.9991 -0.0396
vn -0.0054 0.9989 -0.0461
vn -0.0435 0.9985 -0.0317
vn -0.1574 0.9875 0.0003
vn -0.1902 0.9816 0.0130
vn -0.2140 0.9765 -0.0261
vn -0.1668 0.9814 -0.0950
vn 0.0254 0.9994 0.0255
vn 0.1451 0.9887 -0.0384
vn 0.2782 0.9583 -0.0656
vn 0.2575 0.9661 -0.0181
vn 0.1984 0.9799 0.0193
vn 0.1825 0.9832 -0.0066
vn 0.1825 0.9822 -0.0432
vn 0.1397 0.9901 -0.0130
vn 0.0242 0.9995 0.0182
vn -0.0145 0.9995 0.0264
vn -0.0919 0.9933 0.0697
vn -0.1670 0.9811 0.0979
vn -0.1543 0.9863 0.0589
vn -0.1608 0.9870 0.0066
vn -0.1230 0.9921 -0.0254
vn 0.0627 0.9978 -0.0206
vn 0.1906 0.9809 -0.0384
vn 0.2372 0.9714 -0.0093
vn 0.2137 0.9763 0.0357
vn 0.1871 0.9807 0.0561
vn 0.2394 0.9703 0.0341
vn 0.1916 0.9815 -0.0005
vn 0.0730 0.9970 0.0248
vn 0.0281 0.9980 0.0575
vn -0.0337 0.9973 0.0648
vn -0.1347 0.9876 0.0805
vn -0.1442 0.9870 0.0705
vn -0.1180 0.9917 0.0510
vn -0.1201 0.9924 0.0250
vn -0.0800 0.9964 -0.0284
vn 0.0610 0.9981 -0.0116
vn 0.1483 0.9875 0.0527
vn 0.1627 0.9764 0.1421
vn 0.1918 0.9630 0.1893
vn 0.2113 0.9638 0.1627
vn 0.2555 0.9573 0.1349
vn 0.1854 0.9706 0.1536
vn 0.0479 0.9860 0.1597
vn 0.0416 0.9894 0.1390
vn -0.0495 0.9897 0.1342
vn -0.1282 0.9835 0.1277
vn -0.1055 0.9902 0.0914
vn -0.1167 0.9906 0.0712
vn -0.0663 0.9969 0.0425
vn -0.0110 0.9996 -0.0267
vn 0.0435 0.9990 -0.0028
vn 0.0686 0.9972 0.0309
vn 0.0821 0.9917 0.0989
vn 0.2134 0.9718 0.1008
vn 0.2731 0.9610 0.0432
vn 0.1945 0.9779 0.0762
vn 0.1196 0.9734 0.1955
vn 0.0770 0.9700 0.2308
vn 0.0659 0.9777 0.1995
vn -0.0796 0.9744 0.2101
vn -0.1019 0.9685 0.2270
vn -0.0474 0.9812 0.1868
vn -0.0835 0.9895 0.1182
vn 0.0073 0.9991 0.0408
vn 0.0363 0.9993 -0.0109
vn 0.0624 0.9980 0.0015
vn 0.0276 0.9996 -0.0113
vn 0.0318 0.9994 0.0099
vn 0.2375 0.9707 0.0356
vn 0.2678 0.9605 0.0759
vn 0.1002 0.9851 0.1399
vn 0.0291 0.9781 0.2062
vn 0.0819 0.9644 0.2515
vn 0.0905 0.9635 0.2521
vn -0.0903 0.9700 0.2259
vn -0.0852 0.9758 0.2015
vn 0.0031 0.9834 0.1815
vn -0.0166 0.9906 0.1356
vn 0.0718 0.9939 0.0831
vn 0.0550 0.9972 0.0507
vn 0.0543 0.9981 -0.0286
vn 0.0095 0.9999 0.0108
vn -0.0025 0.9991 0.0421
vn 0.1578 0.9793 0.1269
vn 0.1996 0.9521 0.2316
vn 0.0892 0.9640 0.2507
vn 0.0207 0.9781 0.2071
vn 0.0670 0.9809 0.1825
vn 0.1077 0.9778 0.1797
vn -0.0610 0.9841 0.1667
vn -0.0849 0.9841 0.1560
vn 0.0199 0.9868 0.1609
vn 0.0410 0.9902 0.1336
vn 0.0899 0.9898 0.1102
vn 0.0644 0.9913 0.1147
vn 0.0352 0.9993 -0.0086
vn -0.0081 0.9999 -0.0109
vn -0.0353 0.9993 0.0085
vn 0.0430 0.9965 0.0713
vn 0.1135 0.9793 0.1677
vn 0.1060 0.9685 0.2252
vn 0.0620 0.9744 0.2161
vn 0.0853 0.9799 0.1804
vn 0.1001 0.9804 0.1696
vn -0.0525 0.9810 0.1865
vn -0.0859 0.9782 0.1890
vn 0.0309 0.9841 0.1749
vn 0.0872 0.9856 0.1452
vn 0.0832 0.9882 0.1287
vn 0.0416 0.9873 0.1534
vn 0.0457 0.9976 0.0524
vn -0.0050 0.9992 0.0408
vn -0.0477 0.9984 0.0308
vn -0.0086 0.9994 0.0321
vn 0.0387 0.9973 0.0619
vn 0.0651 0.9906 0.1207
vn 0.0590 0.9825 0.1768
vn 0.0639 0.9701 0.2340
vn 0.0443 0.9496 0.3104
vn -0.0352 0.9437 0.3290
vn -0.0191 0.9668 0.2550
vn 0.0660 0.9826 0.1737
vn 0.0987 0.9827 0.1570
vn 0.0716 0.9823 0.1729
vn 0.0221 0.9837 0.1786
vn 0.0253 0.9993 0.0272
vn -0.0081 0.9980 0.0621
vn -0.0542 0.9952 0.0820
vn -0.0033 0.9966 0.0825
vn 0.0380 0.9981 0.0475
vn 0.0239 0.9993 0.0300
vn 0.0195 0.9983 0.0558
vn -0.0048 0.9945 0.1049
vn -0.0517 0.9827 0.1776
vn 0.0054 0.9795 0.2015
vn 0.0717 0.9831 0.1683
vn 0.0875 0.9857 0.1438
vn 0.0786 0.9841 0.1592
vn 0.0415 0.9805 0.1922
vn 0.0390 0.9793 0.1989
vn -0.0125 0.9998 0.0176
vn -0.0307 0.9986 0.0431
vn -0.0466 0.9982 0.0376
vn 0.0253 0.9997 0.0007
vn 0.0634 0.9978 -0.0186
vn 0.0092 0.9999 -0.0115
vn -0.0006 1.0000 -0.0025
vn -0.0308 0.9995 -0.0067
vn -0.0887 0.9958 -0.0229
vn -0.0061 1.0000 -0.0066
vn 0.0764 0.9960 0.0463
vn 0.0805 0.9938 0.0762
vn 0.0475 0.9938 0.1001
vn 0.0006 0.9903 0.1390
vn 0.0456 0.9853 0.1647
vn -0.0224 0.9996 -0.0166
vn -0.0329 0.9990 -0.0298
vn 0.0029 0.9974 -0.0719
vn 0.0467 0.9934 -0.1051
vn 0.0247 0.9973 -0.0688
vn -0.0142 0.9998 -0.0152
vn -0.0027 1.0000 0.0012
vn -0.0158 0.9998 -0.0076
vn -0.0563 0.9977 -0.0387
vn -0.0463 0.9978 -0.0473
vn 0.0427 0.9987 -0.0261
vn 0.0826 0.9963 -0.0248
vn 0.0038 1.0000 -0.0062
vn -0.0229 0.9995 0.0216
vn 0.0258 0.9989 0.0381
vn 0.0064 0.9994 -0.0339
vn -0.0081 0.9972 -0.0738
vn 0.0225 0.9969 -0.0760
vn 0.0383 0.9978 -0.0535
vn -0.0282 0.9992 -0.0281
vn -0.0399 0.9992 -0.0031
vn -0.0004 1.0000 0.0040
vn 0.0030 1.0000 -0.0082
vn -0.0210 0.9993 -0.0313
vn -0.0542 0.9973 -0.0501
vn 0.0570 0.9953 -0.0783
vn 0.0693 0.9942 -0.0827
vn -0.0469 0.9982 -0.0385
vn -0.0205 0.9996 -0.0181
vn 0.0024 0.9999 -0.0137
vn 0.0403 0.9990 0.0169
vn 0.0292 0.9991 0.0293
vn 0.0018 0.9998 0.0208
vn -0.0012 0.9997 0.0236
vn -0.0240 0.9996 0.0176
vn -0.0059 0.9997 -0.0243
vn 0.0069 0.9987 -0.0515
vn -0.0121 0.9991 -0.0415
vn -0.0571 0.9982 -0.0179
vn -0.0085 0.9997 -0.0224
vn 0.1171 0.9930 -0.0141
vn 0.0131 0.9994 0.0308
vn -0.1271 0.9910 0.0420
vn -0.0279 0.9989 0.0370
vn 0.0368 0.9990 0.0238
vn 0.0202 0.9987 0.0472
vn 0.0173 0.9976 0.0666
vn 0.0144 0.9971 0.0746
vn 0.0069 0.9987 0.0512
vn 0.0128 0.9998 0.0122
vn 0.0317 0.9993 -0.0203
vn 0.0274 0.9983 -0.0511
vn -0.0148 0.9968 -0.0787
vn -0.0782 0.9939 -0.0778
vn -0.0110 0.9987 -0.0496
vn 0.0507 0.9986 0.0120
vn -0.0158 0.9979 0.0633
vn -0.0812 0.9961 0.0343
vn -0.0204 0.9997 -0.0141
vn 0.0330 0.9994 -0.0046
vn 0.0064 0.9994 0.0329
vn 0.0038 0.9992 0.0406
vn 0.0079 0.9986 0.0525
vn 0.0287 0.9977 0.0607
vn 0.0468 0.9979 0.0439
vn 0.0708 0.9975 0.0029
vn 0.0765 0.9956 -0.0546
vn 0.0008 0.9958 -0.0917
vn -0.1070 0.9911 -0.0786
vn -0.0573 0.9979 -0.0318
vn -0.0057 0.9999 0.0098
vn -0.0307 0.9991 0.0297
vn -0.0321 0.9992 0.0238
vn 0.0050 1.0000 -0.0024
vn 0.0149 0.9997 -0.0194
vn 0.0027 0.9994 -0.0343
vn 0.0141 0.9987 -0.0487
vn -0.0062 0.9984 -0.0567
vn 0.0144 0.9992 -0.0364
vn 0.0411 0.9992 0.0002
vn 0.1055 0.9943 0.0117
vn 0.1085 0.9941 0.0021
vn -0.0051 0.9999 0.0128
vn -0.1178 0.9929 0.0167
vn -0.0781 0.9969 0.0013
vn -0.0228 0.9997 -0.0025
vn -0.0586 0.9980 0.0227
vn -0.0220 0.9987 0.0467
vn 0.0334 0.9988 0.0347
vn 0.0358 0.9994 0.0024
vn 0.0143 0.9993 -0.0355
vn 0.0328 0.9982 -0.0508
vn 0.0062 0.9973 -0.0738
vn 0.0240 0.9930 -0.1160
vn 0.0138 0.9908 -0.1347
vn 0.0473 0.9970 -0.0607
vn 0.0750 0.9963 0.0412
vn -0.0135 0.9973 0.0724
vn -0.0856 0.9954 0.0439
vn -0.0434 0.9990 -0.0080
vn -0.0379 0.9990 -0.0235
vn -0.1038 0.9945 0.0118
vn -0.0137 0.9996 0.0251
vn 0.0623 0.9981 -0.0002
vn 0.0464 0.9989 -0.0075
vn 0.0143 0.9998 0.0143
vn 0.0332 0.9990 0.0296
vn 0.0485 0.9988 0.0096
vn 0.0681 0.9971 -0.0341
vn 0.0247 0.9974 -0.0678
vn -0.0605 0.9970 -0.0475
vn -0.0229 0.9981 0.0564
vn 0.0133 0.9953 0.0955
vn -0.0015 0.9999 0.0128
vn 0.0215 0.9962 -0.0846
vn -0.0764 0.9926 -0.0948
vn -0.1412 0.9887 -0.0513
vn -0.0014 0.9993 -0.0383
vn 0.0682 0.9972 -0.0317
vn 0.0295 0.9995 -0.0135
vn 0.0063 1.0000 -0.0003
vn 0.0143 0.9998 0.0112
vn 0.0681 0.9972 0.0302
vn 0.0605 0.9963 0.0615
vn 0.0272 0.9944 0.1018
vn -0.0782 0.9924 0.0952
vn -0.1017 0.9905 0.0926
vn 0.0367 0.9933 0.1096
vn 0.0879 0.9929 0.0804
vn 0.0545 0.9971 0.0537
vn -0.0853 0.9955 0.0410
vn -0.1146 0.9932 -0.0186
vn -0.0092 0.9986 -0.0517
vn 0.0201 0.9998 -0.0027
vn 0.0232 0.9992 0.0332
vn 0.0009 0.9999 0.0146
vn 0.0077 0.9999 0.0151
vn 0.0392 0.9987 0.0316
vn 0.0243 0.9976 0.0656
vn 0.0049 0.9965 0.0835
vn -0.0320 0.9975 0.0626
vn -0.0918 0.9958 0.0071
vn 0.0159 0.9999 -0.0002
vn 0.0858 0.9950 0.0518
vn 0.0263 0.9940 0.1062
vn -0.0352 0.9947 0.0962
vn -0.0369 0.9989 0.0286
vn -0.0310 0.9995 0.0055
vn -0.0192 0.9997 0.0178
vn 0.0522 0.9986 -0.0078
vn -0.0060 0.9994 -0.0347
vn -0.0039 0.9998 -0.0170
vn 0.0079 0.9999 0.0094
vn 0.0192 0.9997 0.0121
vn 0.0172 0.9998 -0.0134
vn 0.0209 0.9981 -0.0579
vn -0.0565 0.9943 -0.0905
vn -0.0324 0.9971 -0.0693
vn 0.0374 0.9990 -0.0241
vn 0.0197 0.9995 -0.0242
vn 0.0067 0.9987 -0.0499
vn -0.0205 0.9990 -0.0396
vn -0.0344 0.9990 -0.0294
vn 0.0199 0.9968 -0.0772
vn 0.0950 0.9864 -0.1340
vn -0.0039 0.9988 -0.0496
vn -0.0423 0.9986 -0.0314
vn -0.0050 1.0000 -0.0066
vn 0.0177 0.9998 0.0052
vn 0.0257 0.9994 0.0237
vn 0.0542 0.9982 0.0264
vn -0.0298 0.9996 -0.0003
vn -0.0601 0.9980 -0.0210
vn 0.0155 0.9997 -0.0170
vn 0.0409 0.9990 -0.0160
vn 0.0059 0.9999 -0.0106
vn -0.0362 0.9993 -0.0045
vn -0.0012 0.9995 -0.0325
vn 0.0718 0.9951 -0.0677
vn 0.1058 0.9919 -0.0704
vn -0.0073 0.9996 0.0276
vn -0.0486 0.9986 0.0189
vn -0.0043 1.0000 -0.0003
vn -0.0012 1.0000 0.0062
vn -0.0083 0.9992 0.0401
vn 0.0299 0.9951 0.0945
vn 0.0190 0.9952 0.0964
vn -0.0222 0.9993 0.0298
vn -0.0114 0.9998 0.0146
vn 0.0285 0.9982 0.0529
vn 0.0027 0.9980 0.0632
vn -0.0147 0.9991 0.0388
vn 0.0371 0.9993 0.0073
vn 0.0728 0.9973 0.0036
vn 0.0881 0.9958 0.0249
vn -0.0181 0.9995 0.0264
vn -0.0177 0.9997 0.0150
vn -0.0003 1.0000 -0.0008
vn -0.0020 0.9999 -0.0106
vn -0.0207 0.9993 -0.0315
vn -0.0302 0.9995 -0.0133
vn 0.0283 0.9990 0.0359
vn 0.0310 0.9987 0.0401
vn -0.0323 0.9992 0.0229
vn 0.0087 0.9997 0.0249
vn 0.0209 0.9996 0.0163
vn 0.0033 1.0000 0.0043
vn 0.0386 0.9991 0.0162
vn 0.0610 0.9977 0.0301
vn 0.0716 0.9967 0.0373
vn -0.0146 0.9998 0.0108
vn 0.0021 1.0000 -0.0012
vn -0.0021 1.0000 -0.0034
vn 0.0059 1.0000 0.0004
vn 0.0026 0.9999 -0.0098
vn -0.0538 0.9982 -0.0271
vn -0.0161 0.9998 -0.0083
vn 0.0386 0.9989 0.0249
vn -0.0042 1.0000 0.0069
vn 0.0221 0.9991 -0.0369
vn 0.0206 0.9989 -0.0412
vn -0.0104 0.9998 -0.0151
vn 0.0135 0.9998 0.0118
vn 0.0480 0.9982 0.0359
vn 0.0591 0.9968 0.0542
vn -0.0095 0.9992 0.0387
vn -0.0018 0.9988 0.0494
vn 0.0024 0.9987 0.0509
vn 0.0222 0.9994 0.0264
vn 0.0096 0.9999 0.0134
vn -0.0442 0.9989 0.0140
vn -0.0355 0.9994 0.0045
vn 0.0248 0.9997 0.0046
vn 0.0207 0.9997 0.0117
vn 0.0434 0.9990 0.0092
vn 0.0104 0.9999 0.0024
vn -0.0248 0.9997 0.0008
vn -0.0010 1.0000 0.0027
vn 0.0450 0.9990 -0.0042
vn 0.0450 0.9990 -0.0052
vn -0.0115 0.9992 0.0377
vn -0.0035 0.9995 0.0306
vn 0.0102 0.9997 0.0224
vn 0.0531 0.9986 0.0084
vn 0.0033 1.0000 -0.0031
vn -0.0320 0.9994 -0.0096
vn -0.0222 0.9994 -0.0257
vn 0.0114 0.9996 -0.0258
vn 0.0118 0.9999 -0.0106
vn 0.0328 0.9994 0.0111
vn 0.0228 0.9996 0.0164
vn -0.0089 0.9999 -0.0101
vn -0.0097 0.9998 -0.0191
vn 0.0570 0.9983 -0.0156
vn 0.0309 0.9994 -0.0128
vn -0.0376 0.9954 -0.0884
vn 0.0552 0.9955 -0.0764
vn -0.0106 0.9982 -0.0587
vn 0.0223 0.9994 -0.0278
vn 0.0033 0.9999 -0.0140
vn -0.0211 0.9997 -0.0081
vn 0.0056 1.0000 -0.0032
vn 0.0419 0.9988 -0.0255
vn 0.0490 0.9973 -0.0550
vn 0.0026 0.9990 -0.0448
vn -0.0293 0.9996 -0.0026
vn -0.0314 0.9993 0.0207
vn -0.0194 0.9997 0.0157
vn 0.0019 0.9996 0.0266
vn 0.0004 0.9989 0.0472
vn -0.0477 0.9899 -0.1333
vn 0.0136 0.9952 -0.0965
vn -0.0467 0.9982 -0.0378
vn -0.0056 1.0000 -0.0050
vn 0.0040 1.0000 0.0083
vn -0.0237 0.9997 0.0042
vn 0.0065 1.0000 0.0009
vn 0.0479 0.9987 0.0164
vn 0.0428 0.9980 0.0461
vn -0.0243 0.9973 0.0694
vn -0.0408 0.9970 0.0653
vn -0.0142 0.9992 0.0369
vn -0.0100 0.9998 0.0156
vn -0.0125 0.9999 0.0096
vn -0.0026 1.0000 0.0064
vn -0.0672 0.9946 -0.0793
vn -0.0630 0.9978 -0.0202
vn -0.0689 0.9974 0.0197
vn -0.0140 0.9998 0.0174
vn 0.0018 0.9999 0.0147
vn -0.0049 1.0000 0.0023
vn -0.0062 1.0000 -0.0004
vn 0.0068 0.9993 0.0380
vn 0.0237 0.9974 0.0682
vn -0.0102 0.9987 0.0501
vn -0.0170 0.9997 0.0158
vn 0.0008 1.0000 0.0054
vn -0.0028 1.0000 0.0045
vn -0.0044 1.0000 -0.0048
vn 0.0065 0.9998 -0.0188
vn -0.1116 0.9926 -0.0477
vn -0.1161 0.9932 -0.0087
vn -0.0717 0.9974 0.0082
vn -0.0052 1.0000 0.0049
vn 0.0011 1.0000 -0.0006
vn 0.0034 1.0000 0.0041
vn -0.0108 0.9999 0.0032
vn -0.0014 0.9998 -0.0223
vn 0.0145 0.9993 -0.0352
vn -0.0024 0.9999 -0.0158
vn -0.0049 1.0000 -0.0014
vn -0.0008 1.0000 -0.0014
vn 0.0006 1.0000 -0.0023
vn -0.0010 1.0000 0.0003
vn 0.0128 0.9999 0.0045
vn -0.1502 0.9885 -0.0198
vn -0.1382 0.9904 0.0027
vn -0.0794 0.9967 0.0160
vn -0.0129 0.9993 0.0347
vn 0.0083 0.9991 0.0407
vn 0.0162 0.9997 0.0160
vn 0.0266 0.9991 -0.0332
vn 0.0332 0.9962 -0.0801
vn -0.0180 0.9974 -0.0692
vn -0.0362 0.9991 -0.0229
vn -0.0096 1.0000 0.0010
vn 0.0011 1.0000 0.0038
vn -0.0019 1.0000 0.0053
vn -0.0264 0.9992 0.0307
vn -0.0018 0.9978 0.0666
vn -0.1707 0.9849 0.0279
vn -0.1517 0.9876 0.0403
vn -0.0875 0.9949 0.0496
vn -0.0203 0.9987 0.0467
vn 0.0203 0.9991 0.0359
vn 0.0503 0.9986 0.0147
vn 0.0572 0.9984 -0.0001
vn 0.0333 0.9993 0.0160
vn -0.0575 0.9973 0.0448
vn -0.0478 0.9976 0.0504
vn 0.0072 0.9997 0.0216
vn 0.0011 1.0000 0.0020
vn -0.0046 1.0000 0.0031
vn -0.0618 0.9980 0.0157
vn -0.0076 0.9998 0.0209
vn -0.1715 0.9825 0.0727
vn -0.1496 0.9869 0.0600
vn -0.0704 0.9970 0.0323
vn 0.0077 0.9999 -0.0093
vn 0.0273 0.9991 -0.0336
vn 0.0413 0.9991 -0.0102
vn 0.0334 0.9987 0.0372
vn 0.0133 0.9978 0.0646
vn -0.0491 0.9977 0.0472
vn 0.0265 0.9996 -0.0037
vn -0.0003 1.0000 -0.0019
vn -0.0025 1.0000 -0.0038
vn -0.0513 0.9983 -0.0288
vn 0.0048 0.9983 -0.0572
vn -0.1447 0.9848 0.0964
vn -0.1202 0.9913 0.0527
vn -0.0416 0.9989 0.0219
vn 0.0499 0.9987 -0.0076
vn 0.0323 0.9990 -0.0305
vn 0.0038 0.9998 -0.0215
vn 0.0001 1.0000 0.0019
vn -0.0009 0.9998 0.0218
vn -0.0065 0.9999 0.0110
vn 0.0006 0.9998 -0.0197
vn 0.0104 0.9998 -0.0152
vn -0.0016 1.0000 0.0005
vn 0.0007 1.0000 0.0004
vn -0.0131 0.9998 -0.0161
vn 0.0057 0.9996 -0.0270
vn -0.0802 0.9940 0.0750
vn -0.0865 0.9960 0.0204
vn -0.0478 0.9986 0.0238
vn 0.0729 0.9967 0.0366
vn 0.0507 0.9986 0.0175
vn -0.0079 1.0000 0.0015
vn -0.0197 0.9998 0.0095
vn -0.0255 0.9991 0.0340
vn 0.0094 0.9985 0.0535
vn 0.0257 0.9987 0.0430
vn 0.0129 0.9999 0.0108
vn -0.0016 1.0000 -0.0074
vn 0.0017 1.0000 -0.0083
vn 0.0130 0.9997 -0.0189
vn 0.0072 0.9993 -0.0357
vn -0.0186 0.9997 0.0171
vn -0.0659 0.9978 -0.0103
vn -0.0653 0.9977 -0.0168
vn 0.0622 0.9981 -0.0021
vn 0.0640 0.9978 0.0141
vn 0.0017 1.0000 0.0075
vn -0.0491 0.9986 0.0194
vn -0.0495 0.9976 0.0487
vn 0.0246 0.9990 0.0381
vn 0.0567 0.9984 0.0025
vn 0.0307 0.9994 -0.0142
vn -0.0076 0.9999 -0.0078
vn -0.0000 1.0000 0.0008
vn 0.0382 0.9992 -0.0121
vn 0.0531 0.9964 -0.0662
vn 0.0030 0.9999 -0.0125
vn -0.0577 0.9982 -0.0149
vn -0.0575 0.9980 -0.0248
vn 0.0418 0.9988 -0.0266
vn 0.0524 0.9986 -0.0097
vn 0.0102 0.9999 0.0002
vn -0.0615 0.9981 -0.0077
vn -0.0476 0.9985 -0.0255
vn 0.0506 0.9978 -0.0425
vn 0.0771 0.9956 -0.0535
vn 0.0139 0.9991 -0.0410
vn -0.0295 0.9995 -0.0087
vn -0.0021 1.0000 0.0068
vn 0.0571 0.9984 0.0026
vn 0.1352 0.9898 -0.0454
vn 0.0117 0.9991 -0.0401
vn -0.0486 0.9973 -0.0555
vn -0.0578 0.9969 -0.0543
vn 0.0226 0.9992 -0.0332
vn 0.0350 0.9993 -0.0136
vn 0.0114 0.9999 -0.0074
vn -0.0146 0.9988 -0.0475
vn -0.0217 0.9945 -0.1027
vn 0.0140 0.9970 -0.0757
vn 0.0647 0.9978 -0.0155
vn -0.0009 1.0000 -0.0008
vn -0.0457 0.9990 -0.0020
vn -0.0001 1.0000 -0.0032
vn 0.0466 0.9989 0.0097
vn 0.1478 0.9875 0.0552
vn 0.0098 0.9983 -0.0576
vn -0.0516 0.9980 -0.0365
vn -0.0524 0.9978 -0.0400
vn 0.0083 0.9986 -0.0527
vn 0.0177 0.9990 -0.0407
vn 0.0078 0.9996 -0.0261
vn 0.0230 0.9995 -0.0200
vn -0.0011 0.9997 -0.0227
vn -0.0430 0.9990 -0.0138
vn 0.0274 0.9994 0.0200
vn 0.0075 0.9994 0.0341
vn -0.0355 0.9992 0.0166
vn 0.0026 1.0000 0.0050
vn 0.0165 0.9997 0.0196
vn 0.0685 0.9943 0.0818
vn -0.0265 0.9996 0.0068
vn -0.0657 0.9972 0.0366
vn -0.0194 0.9996 0.0208
vn 0.0099 1.0000 -0.0011
vn 0.0072 1.0000 -0.0040
vn 0.0002 1.0000 -0.0005
vn 0.0064 0.9998 0.0176
vn 0.0032 0.9995 0.0328
vn -0.0371 0.9992 0.0136
vn -0.0088 0.9999 0.0102
vn 0.0029 0.9993 0.0371
vn -0.0130 0.9992 0.0366
vn -0.0078 0.9993 0.0360
vn -0.0035 0.9987 0.0518
vn 0.0300 0.9984 0.0475
vn -0.0656 0.9968 0.0452
vn -0.0441 0.9985 0.0327
vn 0.0066 1.0000 0.0010
vn 0.0062 1.0000 0.0006
vn -0.0035 0.9998 0.0178
vn 0.0013 0.9997 0.0238
vn -0.0062 0.9998 0.0172
vn 0.0067 0.9999 0.0110
vn -0.0008 1.0000 -0.0096
vn -0.0239 0.9993 -0.0274
vn -0.0104 0.9996 -0.0259
vn -0.0140 0.9998 -0.0111
vn -0.0356 0.9992 0.0182
vn 0.0075 0.9998 0.0191
vn 0.0439 0.9990 -0.0014
vn -0.0161 0.9988 0.0466
vn -0.0215 0.9998 0.0008
vn 0.0097 1.0000 0.0021
vn -0.0020 0.9999 0.0125
vn -0.0174 0.9998 0.0082
vn -0.0034 1.0000 0.0012
vn 0.0295 0.9996 0.0027
vn 0.0189 0.9996 0.0219
vn -0.0129 0.9992 0.0374
vn 0.0104 0.9995 0.0311
vn -0.0127 0.9999 0.0053
vn -0.0282 0.9991 -0.0327
vn -0.0005 0.9996 -0.0289
vn 0.0010 1.0000 0.0001
vn 0.0341 0.9959 0.0840
vn 0.0152 0.9989 0.0438
vn 0.0200 0.9998 -0.0044
vn -0.0055 0.9998 -0.0215
vn -0.0188 0.9997 -0.0123
vn -0.0048 1.0000 -0.0022
vn -0.0113 0.9999 0.0096
vn -0.0014 0.9989 0.0469
vn 0.0046 0.9973 0.0728
vn 0.0090 0.9987 0.0498
vn 0.0143 0.9994 0.0305
vn 0.0225 0.9996 0.0172
vn -0.0018 1.0000 -0.0065
vn -0.0408 0.9992 0.0035
vn -0.0066 0.9997 0.0224
vn 0.0219 0.9994 -0.0250
vn 0.0374 0.9993 0.0056
vn 0.0469 0.9989 0.0047
vn -0.0004 0.9999 -0.0102
vn -0.0339 0.9994 -0.0095
vn -0.0122 0.9999 0.0029
vn -0.0191 0.9998 0.0063
vn -0.0339 0.9994 0.0091
vn 0.0179 0.9998 0.0023
vn 0.0354 0.9993 -0.0147
vn 0.0125 0.9997 -0.0201
vn 0.0349 0.9992 -0.0173
vn -0.0147 0.9999 0.0069
vn -0.0699 0.9968 0.0390
vn 0.0042 0.9992 0.0388
vn -0.0167 0.9990 -0.0422
vn 0.0074 1.0000 -0.0045
vn 0.0282 0.9986 0.0450
vn 0.0144 0.9979 0.0636
vn -0.0148 0.9995 0.0291
vn -0.0104 0.9999 -0.0041
vn 0.0120 0.9991 -0.0403
vn -0.0186 0.9958 -0.0894
vn -0.0004 0.9969 -0.0792
vn 0.0154 0.9996 -0.0238
vn -0.0076 0.9997 0.0214
vn 0.0023 0.9975 0.0706
vn -0.0160 0.9966 0.0812
vn -0.0420 0.9989 0.0225
vn 0.0156 0.9997 -0.0164
vn -0.0436 0.9988 0.0229
vn -0.0032 0.9997 0.0227
vn -0.0007 0.9999 0.0127
vn 0.0217 0.9996 0.0154
vn 0.0191 0.9998 0.0089
vn 0.0097 0.9999 -0.0119
vn 0.0425 0.9988 -0.0261
vn 0.0022 0.9996 -0.0277
vn -0.0416 0.9990 -0.0180
vn -0.0194 0.9998 0.0023
vn -0.0483 0.9983 0.0327
vn -0.0486 0.9961 0.0733
vn 0.0425 0.9975 0.0563
vn 0.0306 0.9994 -0.0157
vn 0.0064 0.9992 -0.0400
vn -0.0308 0.9975 0.0634
vn 0.0380 0.9992 0.0099
vn 0.0081 0.9995 -0.0302
vn 0.0119 0.9994 -0.0318
vn 0.0259 0.9994 -0.0222
vn 0.0118 0.9999 -0.0103
vn 0.0259 0.9995 0.0185
vn 0.0201 0.9996 0.0191
vn -0.0395 0.9992 -0.0109
vn -0.0334 0.9993 -0.0193
vn -0.0445 0.9982 -0.0395
vn -0.0510 0.9954 -0.0815
vn 0.0468 0.9967 -0.0662
vn 0.0494 0.9986 -0.0177
vn -0.0021 1.0000 -0.0036
vn 0.0110 0.9999 -0.0033
vn 0.0583 0.9982 -0.0121
vn 0.0187 0.9998 -0.0029
vn -0.0000 1.0000 0.0002
vn 0.0233 0.9997 0.0050
vn -0.0106 0.9998 0.0181
vn 0.0066 0.9995 0.0313
vn 0.0493 0.9986 0.0203
vn -0.0240 0.9997 0.0056
vn -0.0385 0.9993 0.0036
vn -0.0004 0.9999 -0.0154
vn -0.0066 0.9981 -0.0605
vn -0.0059 0.9977 -0.0682
vn 0.0078 0.9997 -0.0229
vn 0.0009 1.0000 0.0017
vn -0.0039 0.9977 -0.0675
vn 0.0329 0.9993 -0.0186
vn 0.0169 0.9999 -0.0006
vn -0.0012 1.0000 -0.0008
vn 0.0020 0.9999 0.0168
vn -0.0169 0.9994 0.0310
vn 0.0110 0.9997 0.0197
vn 0.0470 0.9985 0.0286
vn -0.0003 0.9998 0.0223
vn -0.0309 0.9995 -0.0070
vn 0.0012 1.0000 0.0030
vn 0.0192 0.9996 0.0214
vn -0.0145 0.9998 0.0110
vn -0.0177 0.9998 -0.0005
vn 0.0018 1.0000 -0.0005
vn -0.0367 0.9991 -0.0228
vn 0.0150 0.9997 -0.0209
vn 0.0049 0.9999 -0.0088
vn -0.0093 0.9999 0.0114
vn -0.0171 0.9996 0.0210
vn 0.0035 1.0000 0.0056
vn 0.0170 0.9998 -0.0094
vn 0.0272 0.9996 -0.0046
vn 0.0305 0.9995 -0.0091
vn -0.0216 0.9996 -0.0197
vn -0.0265 0.9996 -0.0114
vn 0.0095 0.9999 0.0077
vn 0.0082 1.0000 0.0050
vn 0.0066 0.9995 -0.0305
vn -0.0111 0.9991 -0.0420
vn 0.0020 0.9897 -0.1433
vn 0.0148 0.9832 -0.1822
vn -0.0263 0.9864 -0.1625
vn -0.0519 0.9924 -0.1112
vn -0.0262 0.9972 -0.0696
vn 0.0145 0.9983 -0.0570
vn 0.0017 0.9993 -0.0378
vn 0.0046 1.0000 -0.0048
vn 0.0323 0.9993 0.0205
vn -0.0288 0.9989 0.0369
vn -0.0398 0.9980 0.0490
vn 0.0165 0.9992 0.0364
vn 0.0321 0.9995 0.0084
vn 0.0359 0.9993 -0.0091
vn -0.0062 0.9995 -0.0316
vn 0.0556 0.9613 -0.2697
vn 0.0235 0.9570 -0.2892
vn -0.0689 0.9588 -0.2756
vn -0.0983 0.9654 -0.2415
vn -0.0597 0.9772 -0.2037
vn -0.0415 0.9907 -0.1299
vn -0.0508 0.9978 -0.0416
vn -0.0230 0.9997 0.0056
vn 0.0365 0.9993 0.0036
vn -0.0405 0.9992 -0.0050
vn -0.0495 0.9988 0.0054
vn 0.0388 0.9992 0.0062
vn 0.0335 0.9994 0.0107
vn 0.0265 0.9990 0.0361
vn 0.0220 0.9990 0.0399
vn 0.0607 0.9673 -0.2462
vn 0.0188 0.9741 -0.2253
vn -0.0827 0.9717 -0.2212
vn -0.1047 0.9658 -0.2373
vn -0.0892 0.9663 -0.2416
vn -0.1352 0.9718 -0.1933
vn -0.1424 0.9854 -0.0933
vn -0.0525 0.9984 -0.0187
vn 0.0396 0.9992 0.0098
vn -0.0265 0.9996 0.0013
vn -0.0295 0.9986 -0.0440
vn 0.0276 0.9981 -0.0543
vn 0.0016 0.9999 -0.0158
vn 0.0058 0.9999 0.0114
vn 0.0304 0.9993 0.0198
vn 0.0437 0.9716 -0.2327
vn -0.0012 0.9759 -0.2182
vn -0.0790 0.9754 -0.2059
vn -0.0998 0.9750 -0.1983
vn -0.0917 0.9759 -0.1982
vn -0.1715 0.9640 -0.2033
vn -0.2107 0.9585 -0.1919
vn -0.1178 0.9844 -0.1303
vn -0.0235 0.9992 -0.0310
vn -0.0200 0.9992 0.0335
vn 0.0142 0.9995 0.0277
vn 0.0096 0.9999 0.0122
vn -0.0209 0.9997 0.0142
vn 0.0072 0.9999 0.0082
vn 0.0334 0.9994 -0.0046
vn 0.0408 0.9730 -0.2272
vn -0.0119 0.9734 -0.2290
vn -0.0886 0.9715 -0.2200
vn -0.1092 0.9724 -0.2063
vn -0.1008 0.9769 -0.1886
vn -0.1605 0.9698 -0.1837
vn -0.2110 0.9559 -0.2044
vn -0.1999 0.9620 -0.1862
vn -0.1433 0.9859 -0.0863
vn -0.0768 0.9967 0.0265
vn 0.0249 0.9966 0.0787
vn 0.0185 0.9971 0.0741
vn -0.0144 0.9983 0.0567
vn 0.0280 0.9990 0.0354
vn 0.0362 0.9990 0.0247
vn 0.0363 0.9673 -0.2511
vn -0.0264 0.9724 -0.2320
vn -0.0973 0.9713 -0.2169
vn -0.1136 0.9697 -0.2163
vn -0.1305 0.9708 -0.2011
vn -0.1661 0.9713 -0.1704
vn -0.1991 0.9677 -0.1546
vn -0.2388 0.9597 -0.1481
vn -0.2481 0.9633 -0.1029
vn -0.1590 0.9870 -0.0230
vn 0.0098 0.9997 0.0246
vn 0.0326 0.9990 0.0306
vn 0.0001 0.9998 0.0196
vn 0.0490 0.9988 0.0053
vn 0.0402 0.9992 -0.0090
vn 0.0905 0.9959 -0.0069
vn -0.0155 0.9973 -0.0720
vn -0.1431 0.9868 -0.0754
vn -0.1366 0.9888 -0.0601
vn -0.1352 0.9888 -0.0629
vn -0.2197 0.9730 -0.0708
vn -0.2162 0.9741 -0.0660
vn -0.1977 0.9785 -0.0578
vn -0.2645 0.9615 -0.0738
vn -0.2187 0.9705 -0.1011
vn -0.0757 0.9943 -0.0756
vn -0.0575 0.9982 -0.0149
vn -0.0165 0.9997 0.0180
vn 0.0766 0.9969 0.0184
vn 0.0594 0.9981 0.0156
vn 0.1481 0.9872 -0.0585
vn -0.0101 0.9983 -0.0580
vn -0.1749 0.9842 -0.0266
vn -0.1589 0.9872 0.0121
vn -0.1400 0.9893 0.0415
vn -0.1874 0.9820 0.0219
vn -0.2084 0.9777 -0.0271
vn -0.2211 0.9750 -0.0218
vn -0.2286 0.9733 -0.0200
vn -0.2070 0.9771 -0.0495
vn -0.1394 0.9898 -0.0280
vn -0.0889 0.9960 0.0068
vn -0.0162 0.9999 0.0049
vn 0.0830 0.9965 -0.0024
vn 0.0672 0.9976 -0.0139
vn 0.1339 0.9901 -0.0412
vn -0.0216 0.9996 -0.0170
vn -0.2067 0.9784 -0.0029
vn -0.2021 0.9787 0.0367
vn -0.1457 0.9877 0.0574
vn -0.1359 0.9903 0.0304
vn -0.2014 0.9793 0.0194
vn -0.2459 0.9687 0.0330
vn -0.2106 0.9768 0.0389
vn -0.1974 0.9795 0.0395
vn -0.1544 0.9877 0.0238
vn -0.0891 0.9960 0.0046
vn -0.0131 0.9999 0.0035
vn 0.0953 0.9954 -0.0049
vn 0.0967 0.9947 -0.0355
vn 0.1175 0.9909 0.0653
vn -0.0123 0.9988 0.0475
vn -0.1924 0.9813 0.0096
vn -0.2213 0.9749 -0.0239
vn -0.1338 0.9903 -0.0369
vn -0.1166 0.9923 -0.0415
vn -0.2321 0.9725 -0.0162
vn -0.2784 0.9597 0.0389
vn -0.2313 0.9686 0.0911
vn -0.1757 0.9801 0.0921
vn -0.0990 0.9946 0.0316
vn -0.0609 0.9976 -0.0333
vn -0.0119 0.9980 -0.0616
vn 0.0878 0.9950 -0.0469
vn 0.1037 0.9945 -0.0158
vn 0.1154 0.9818 0.1507
vn 0.0026 0.9880 0.1547
vn -0.1368 0.9832 0.1207
vn -0.1949 0.9783 0.0706
vn -0.1387 0.9885 0.0601
vn -0.1235 0.9894 0.0759
vn -0.2300 0.9714 0.0589
vn -0.3202 0.9460 0.0501
vn -0.2585 0.9631 0.0750
vn -0.1257 0.9905 0.0554
vn -0.0432 0.9990 0.0097
vn -0.0195 0.9995 -0.0229
vn 0.0040 0.9987 -0.0517
vn 0.0376 0.9988 -0.0320
vn 0.0555 0.9978 0.0366
vn 0.0669 0.9740 0.2165
vn 0.0210 0.9699 0.2425
vn -0.0837 0.9751 0.2055
vn -0.1592 0.9729 0.1676
vn -0.1549 0.9744 0.1630
vn -0.1537 0.9683 0.1971
vn -0.2070 0.9534 0.2192
vn -0.2861 0.9427 0.1718
vn -0.2283 0.9697 0.0870
vn -0.0681 0.9975 0.0206
vn -0.0147 0.9997 -0.0200
vn -0.0012 0.9994 -0.0341
vn 0.0262 0.9986 -0.0459
vn -0.0115 0.9992 -0.0390
vn -0.0054 1.0000 0.0025
vn -0.0255 0.9837 0.1778
vn 0.0185 0.9701 0.2421
vn -0.0471 0.9684 0.2450
vn -0.1325 0.9666 0.2193
vn -0.1605 0.9653 0.2062
vn -0.1877 0.9588 0.2132
vn -0.2063 0.9540 0.2176
vn -0.1996 0.9646 0.1727
vn -0.1446 0.9858 0.0857
vn -0.0198 0.9996 0.0182
vn 0.0173 0.9996 -0.0216
vn 0.0042 0.9990 -0.0448
vn 0.0117 0.9996 -0.0239
vn -0.0298 0.9996 0.0018
vn -0.0306 0.9995 0.0039
vn -0.1012 0.9874 0.1221
vn -0.0547 0.9777 0.2028
vn -0.0541 0.9603 0.2736
vn -0.1117 0.9520 0.2850
vn -0.1346 0.9570 0.2569
vn -0.1649 0.9653 0.2024
vn -0.1878 0.9707 0.1498
vn -0.1340 0.9853 0.1057
vn -0.0679 0.9964 0.0501
vn 0.0001 0.9998 0.0207
vn 0.0311 0.9992 0.0267
vn 0.0064 0.9994 0.0337
vn -0.0184 0.9990 0.0409
vn -0.0191 0.9992 0.0346
vn -0.0208 0.9997 0.0120
vn -0.1562 0.9829 0.0972
vn -0.1370 0.9788 0.1523
vn -0.1116 0.9703 0.2145
vn -0.1375 0.9506 0.2783
vn -0.0838 0.9544 0.2867
vn -0.0700 0.9770 0.2013
vn -0.1325 0.9861 0.0998
vn -0.0840 0.9957 0.0384
vn -0.0328 0.9994 0.0093
vn -0.0051 0.9999 0.0087
vn 0.0184 0.9996 0.0207
vn 0.0051 0.9996 0.0276
vn -0.0121 0.9998 0.0155
vn -0.0039 1.0000 0.0002
vn -0.0062 1.0000 -0.0069
vn -0.1832 0.9783 0.0972
vn -0.1708 0.9799 0.1030
vn -0.1857 0.9717 0.1461
vn -0.2080 0.9539 0.2164
vn -0.0449 0.9694 0.2411
vn 0.0627 0.9836 0.1691
vn -0.0344 0.9986 0.0411
vn -0.0563 0.9981 -0.0252
vn -0.0549 0.9985 -0.0015
vn -0.0207 0.9991 0.0369
vn 0.0308 0.9991 0.0281
vn 0.0122 0.9999 0.0017
vn -0.0076 1.0000 0.0021
vn 0.0020 1.0000 0.0070
vn 0.0016 1.0000 0.0005
vn -0.1487 0.9711 0.1866
vn -0.1720 0.9735 0.1505
vn -0.2093 0.9687 0.1334
vn -0.2061 0.9755 0.0767
vn -0.0304 0.9991 0.0300
vn 0.1115 0.9927 0.0466
vn 0.0368 0.9976 0.0589
vn -0.0397 0.9985 0.0373
vn -0.0730 0.9972 0.0151
vn -0.0318 0.9995 0.0063
vn 0.0371 0.9991 0.0201
vn 0.0226 0.9993 0.0298
vn -0.0081 0.9998 0.0195
vn 0.0059 0.9999 0.0113
vn 0.0100 0.9999 0.0055
vn -0.1058 0.9682 0.2266
vn -0.1499 0.9684 0.1992
vn -0.1450 0.9808 0.1308
vn -0.1006 0.9948 0.0138
vn -0.0156 0.9978 -0.0638
vn 0.0471 0.9984 -0.0311
vn 0.0240 0.9991 0.0348
vn -0.0129 0.9990 0.0428
vn -0.0495 0.9987 0.0148
vn -0.0501 0.9986 0.0179
vn 0.0039 0.9985 0.0555
vn 0.0444 0.9974 0.0573
vn 0.0219 0.9996 0.0159
vn 0.0127 0.9998 -0.0127
vn 0.0116 0.9998 -0.0154
vn -0.0797 0.9774 0.1958
vn -0.0945 0.9857 0.1397
vn -0.0582 0.9962 0.0651
vn -0.0203 0.9997 0.0152
vn -0.0141 0.9998 0.0103
vn -0.0211 0.9988 0.0440
vn 0.0091 0.9981 0.0613
vn 0.0227 0.9992 0.0327
vn -0.0509 0.9983 0.0268
vn -0.0760 0.9958 0.0512
vn -0.0016 0.9990 0.0450
vn 0.0802 0.9967 0.0132
vn 0.0536 0.9985 -0.0132
vn 0.0195 0.9995 -0.0232
vn 0.0022 0.9998 -0.0179
vn -0.0720 0.9969 0.0320
vn -0.0456 0.9985 0.0309
vn -0.0138 0.9998 0.0119
vn -0.0242 0.9995 0.0214
vn -0.0529 0.9962 0.0690
vn -0.0529 0.9930 0.1058
vn 0.0546 0.9957 0.0744
vn 0.0765 0.9971 0.0030
vn -0.0592 0.9976 -0.0369
vn -0.0453 0.9955 -0.0829
vn 0.0419 0.9878 -0.1498
vn 0.0813 0.9833 -0.1629
vn 0.0504 0.9890 -0.1393
vn 0.0151 0.9924 -0.1219
vn -0.0111 0.9939 -0.1100
vn -0.1242 0.9780 -0.1674
vn -0.0799 0.9937 -0.0782
vn -0.0204 0.9996 -0.0179
vn -0.0420 0.9991 -0.0029
vn -0.0725 0.9973 -0.0135
vn -0.0392 0.9983 -0.0442
vn 0.0952 0.9931 -0.0685
vn 0.0990 0.9930 -0.0640
vn -0.0199 0.9960 -0.0872
vn 0.0381 0.9861 -0.1616
vn 0.0922 0.9705 -0.2228
vn 0.0628 0.9685 -0.2411
vn 0.0381 0.9699 -0.2403
vn 0.0134 0.9696 -0.2445
vn -0.0355 0.9722 -0.2316
vt 0.016222 0.012628
vt 0.028649 0.012770
vt 0.028474 0.025171
vt 0.016085 0.025035
vt 0.040978 0.012892
vt 0.040847 0.025331
vt 0.053333 0.013025
vt 0.053203 0.025491
vt 0.065734 0.013142
vt 0.065607 0.025549
vt 0.078129 0.013266
vt 0.078007 0.025660
vt 0.090529 0.013385
vt 0.090433 0.025809
vt 0.102943 0.013487
vt 0.102784 0.025925
vt 0.115387 0.013537
vt 0.115369 0.025838
vt 0.127729 0.013558
vt 0.127667 0.025919
vt 0.140078 0.013649
vt 0.140072 0.026026
vt 0.152497 0.013691
vt 0.152443 0.026082
vt 0.164891 0.013752
vt 0.164829 0.026159
vt 0.177286 0.013811
vt 0.177216 0.026212
vt 0.189704 0.013894
vt 0.189635 0.026232
vt 0.028339 0.037547
vt 0.015883 0.037542
vt 0.040703 0.037695
vt 0.053097 0.037905
vt 0.065518 0.037938
vt 0.077868 0.038027
vt 0.090365 0.038186
vt 0.102726 0.038253
vt 0.115130 0.038292
vt 0.127581 0.038339
vt 0.139994 0.038416
vt 0.152389 0.038482
vt 0.164797 0.038545
vt 0.177173 0.038600
vt 0.189568 0.038647
vt 0.028176 0.049882
vt 0.015798 0.050055
vt 0.040480 0.050046
vt 0.053031 0.050476
vt 0.065478 0.050270
vt 0.077760 0.050331
vt 0.090233 0.050567
vt 0.102704 0.050645
vt 0.115101 0.050698
vt 0.127511 0.050764
vt 0.139926 0.050811
vt 0.152319 0.050882
vt 0.164699 0.050941
vt 0.177116 0.050999
vt 0.189517 0.051057
vt 0.028132 0.062569
vt 0.015673 0.062418
vt 0.040538 0.062691
vt 0.052986 0.063013
vt 0.065336 0.062883
vt 0.077728 0.062909
vt 0.090135 0.063000
vt 0.102639 0.063028
vt 0.115034 0.063096
vt 0.127435 0.063171
vt 0.139844 0.063255
vt 0.152229 0.063365
vt 0.164649 0.063316
vt 0.177050 0.063411
vt 0.189481 0.063433
vt 0.028100 0.075004
vt 0.015639 0.074867
vt 0.040453 0.075107
vt 0.052865 0.075270
vt 0.065229 0.075336
vt 0.077625 0.075367
vt 0.090016 0.075434
vt 0.102462 0.075472
vt 0.114957 0.075491
vt 0.127355 0.075571
vt 0.139746 0.075651
vt 0.152140 0.075736
vt 0.164562 0.075801
vt 0.176971 0.075881
vt 0.189367 0.075920
vt 0.027833 0.087346
vt 0.015522 0.087285
vt 0.040371 0.087513
vt 0.052795 0.087659
vt 0.065143 0.087736
vt 0.077490 0.087809
vt 0.089898 0.087840
vt 0.102373 0.087865
vt 0.114882 0.087878
vt 0.127272 0.087952
vt 0.139674 0.088048
vt 0.152106 0.088162
vt 0.164515 0.088248
vt 0.176910 0.088307
vt 0.189308 0.088360
vt 0.027947 0.099800
vt 0.015498 0.099689
vt 0.040294 0.099865
vt 0.052738 0.100029
vt 0.065061 0.100087
vt 0.077401 0.100158
vt 0.089779 0.100223
vt 0.102205 0.100285
vt 0.114705 0.100339
vt 0.127186 0.100391
vt 0.139651 0.100494
vt 0.152048 0.100570
vt 0.164457 0.100651
vt 0.176848 0.100719
vt 0.189239 0.100779
vt 0.027940 0.112172
vt 0.015481 0.112091
vt 0.040313 0.112245
vt 0.052634 0.112386
vt 0.064985 0.112414
vt 0.077315 0.112492
vt 0.089692 0.112576
vt 0.102118 0.112659
vt 0.114708 0.112758
vt 0.127113 0.112793
vt 0.139564 0.112899
vt 0.152023 0.112967
vt 0.164395 0.113041
vt 0.176797 0.113103
vt 0.189163 0.113184
vt 0.027804 0.124540
vt 0.015381 0.124471
vt 0.040204 0.124596
vt 0.052549 0.124704
vt 0.064917 0.124741
vt 0.077254 0.124832
vt 0.089635 0.124942
vt 0.102082 0.125059
vt 0.114592 0.125175
vt 0.127057 0.125282
vt 0.139516 0.125321
vt 0.151943 0.125364
vt 0.164338 0.125420
vt 0.176709 0.125474
vt 0.189099 0.125511
vt 0.027616 0.136990
vt 0.015230 0.136891
vt 0.040072 0.137005
vt 0.052460 0.137069
vt 0.064837 0.137138
vt 0.077221 0.137221
vt 0.089577 0.137330
vt 0.101952 0.137439
vt 0.114494 0.137603
vt 0.126992 0.137714
vt 0.139479 0.137756
vt 0.151872 0.137807
vt 0.164279 0.137822
vt 0.176662 0.137860
vt 0.189043 0.137791
vt 0.027549 0.149352
vt 0.015130 0.149325
vt 0.039963 0.149404
vt 0.052357 0.149517
vt 0.064752 0.149563
vt 0.077088 0.149524
vt 0.089453 0.149717
vt 0.101913 0.149815
vt 0.114426 0.149988
vt 0.126913 0.149738
vt 0.139423 0.150183
vt 0.151799 0.150255
vt 0.164217 0.150273
vt 0.176623 0.150251
vt 0.188999 0.150283
vt 0.027362 0.161855
vt 0.014902 0.161721
vt 0.039823 0.161902
vt 0.052246 0.162108
vt 0.064624 0.162257
vt 0.076998 0.162308
vt 0.089333 0.162420
vt 0.101720 0.162078
vt 0.114338 0.162346
vt 0.126820 0.162399
vt 0.139279 0.162547
vt 0.151709 0.162664
vt 0.164145 0.162754
vt 0.176559 0.162846
vt 0.188962 0.162920
vt 0.027263 0.174294
vt 0.014599 0.174022
vt 0.039690 0.174410
vt 0.052120 0.174551
vt 0.064534 0.174683
vt 0.076870 0.174840
vt 0.089325 0.174737
vt 0.101778 0.174713
vt 0.114242 0.174795
vt 0.126696 0.174887
vt 0.139163 0.174995
vt 0.151608 0.175097
vt 0.164043 0.175189
vt 0.176457 0.175279
vt 0.188875 0.175315
vt 0.027186 0.186706
vt 0.014873 0.186606
vt 0.039563 0.186813
vt 0.051967 0.186968
vt 0.064439 0.187037
vt 0.076778 0.187148
vt 0.089343 0.187089
vt 0.101728 0.187164
vt 0.114155 0.187237
vt 0.126618 0.187361
vt 0.139062 0.187446
vt 0.151514 0.187541
vt 0.163960 0.187623
vt 0.176393 0.187695
vt 0.188821 0.187749
vt 0.003943 0.000100
vt 0.016341 0.000226
vt 0.003822 0.012498
vt 0.028728 0.000332
vt 0.041111 0.000488
vt 0.053496 0.000614
vt 0.065867 0.000755
vt 0.078248 0.000876
vt 0.090634 0.000983
vt 0.103032 0.001078
vt 0.115417 0.001147
vt 0.127797 0.001197
vt 0.140200 0.001209
vt 0.152576 0.001300
vt 0.164953 0.001369
vt 0.177332 0.001423
vt 0.189705 0.001453
vt 0.202083 0.001505
vt 0.201933 0.013975
vt 0.201979 0.026285
vt 0.202004 0.038823
vt 0.201908 0.051133
vt 0.201828 0.063486
vt 0.201770 0.075906
vt 0.201649 0.088609
vt 0.201618 0.100843
vt 0.201590 0.113224
vt 0.201495 0.125598
vt 0.201499 0.138014
vt 0.201509 0.150535
vt 0.201431 0.163007
vt 0.201446 0.175554
vt 0.201370 0.187807
vt 0.201248 0.200216
vt 0.188775 0.200184
vt 0.176331 0.200136
vt 0.163892 0.200069
vt 0.151422 0.200006
vt 0.138961 0.199883
vt 0.126523 0.199789
vt 0.114063 0.199701
vt 0.101581 0.199619
vt 0.089083 0.199526
vt 0.076687 0.199393
vt 0.064140 0.199509
vt 0.051798 0.199380
vt 0.039527 0.199258
vt 0.027067 0.199106
vt 0.014648 0.198964
vt 0.002395 0.186420
vt 0.002262 0.198804
vt 0.002350 0.173960
vt 0.002512 0.161541
vt 0.002714 0.149165
vt 0.002809 0.136769
vt 0.002901 0.124394
vt 0.003004 0.112011
vt 0.003023 0.099621
vt 0.002807 0.087107
vt 0.003182 0.074688
vt 0.003294 0.062299
vt 0.003396 0.049878
vt 0.003484 0.037408
vt 0.003669 0.024929
vt 0.014500 0.211375
vt 0.026925 0.211524
vt 0.026792 0.223975
vt 0.014321 0.223839
vt 0.039327 0.211651
vt 0.039229 0.224140
vt 0.051682 0.211635
vt 0.051580 0.224272
vt 0.064084 0.211890
vt 0.064023 0.224348
vt 0.076549 0.211933
vt 0.076488 0.224402
vt 0.089037 0.211996
vt 0.088958 0.224472
vt 0.101512 0.212080
vt 0.101431 0.224553
vt 0.113974 0.212161
vt 0.113915 0.224663
vt 0.126414 0.212241
vt 0.126398 0.224703
vt 0.138842 0.212279
vt 0.138831 0.224655
vt 0.151238 0.212468
vt 0.151072 0.224465
vt 0.163832 0.212465
vt 0.163670 0.224829
vt 0.176269 0.212599
vt 0.176093 0.225230
vt 0.188731 0.212633
vt 0.188696 0.225079
vt 0.026661 0.236415
vt 0.014233 0.236299
vt 0.039120 0.236519
vt 0.051567 0.236722
vt 0.063972 0.236798
vt 0.076422 0.236860
vt 0.088879 0.236937
vt 0.101348 0.237023
vt 0.113821 0.237132
vt 0.126562 0.237471
vt 0.138697 0.237271
vt 0.151130 0.237153
vt 0.163632 0.237319
vt 0.175975 0.237340
vt 0.188663 0.237534
vt 0.026538 0.248845
vt 0.014123 0.248715
vt 0.038981 0.248983
vt 0.051435 0.249131
vt 0.063862 0.249238
vt 0.076348 0.249309
vt 0.088793 0.249389
vt 0.101249 0.249494
vt 0.113743 0.249613
vt 0.126334 0.249554
vt 0.138570 0.249555
vt 0.151057 0.249709
vt 0.163584 0.249788
vt 0.176055 0.249870
vt 0.188562 0.249971
vt 0.026399 0.261320
vt 0.013958 0.261190
vt 0.038843 0.261467
vt 0.051325 0.261589
vt 0.063795 0.261674
vt 0.076264 0.261736
vt 0.088693 0.261828
vt 0.101120 0.261942
vt 0.113627 0.262076
vt 0.126074 0.262182
vt 0.138536 0.262266
vt 0.150977 0.262313
vt 0.163480 0.262238
vt 0.175991 0.262329
vt 0.188449 0.262393
vt 0.026149 0.274476
vt 0.013765 0.274384
vt 0.038640 0.274396
vt 0.051182 0.274249
vt 0.063723 0.274152
vt 0.076184 0.274146
vt 0.088589 0.274260
vt 0.101038 0.274421
vt 0.113512 0.274548
vt 0.125993 0.274655
vt 0.138477 0.274725
vt 0.150946 0.274779
vt 0.163459 0.274783
vt 0.176018 0.274862
vt 0.188584 0.274924
vt 0.025949 0.287182
vt 0.013571 0.286967
vt 0.038259 0.287829
vt 0.050946 0.287100
vt 0.063456 0.286988
vt 0.076044 0.286742
vt 0.088478 0.286935
vt 0.100931 0.287138
vt 0.113385 0.287292
vt 0.125855 0.287358
vt 0.138369 0.287301
vt 0.150887 0.287293
vt 0.163422 0.287317
vt 0.175961 0.287364
vt 0.188451 0.287432
vt 0.025742 0.299934
vt 0.013339 0.299813
vt 0.038137 0.300074
vt 0.050550 0.300089
vt 0.063221 0.299765
vt 0.075872 0.299514
vt 0.088350 0.299627
vt 0.100818 0.299836
vt 0.113253 0.299988
vt 0.125682 0.300045
vt 0.138072 0.300273
vt 0.150684 0.300024
vt 0.163277 0.299944
vt 0.175878 0.299894
vt 0.188387 0.299926
vt 0.025515 0.312743
vt 0.013128 0.312593
vt 0.037867 0.312944
vt 0.050261 0.312920
vt 0.062967 0.312513
vt 0.075762 0.312106
vt 0.088219 0.312126
vt 0.100729 0.312441
vt 0.113145 0.312561
vt 0.125532 0.312596
vt 0.137800 0.313057
vt 0.150364 0.312806
vt 0.163075 0.312601
vt 0.175778 0.312449
vt 0.188351 0.312403
vt 0.025298 0.325423
vt 0.012931 0.325301
vt 0.037680 0.325412
vt 0.049989 0.325566
vt 0.062601 0.325263
vt 0.075470 0.324896
vt 0.088112 0.324786
vt 0.100623 0.324928
vt 0.113062 0.325104
vt 0.125501 0.325146
vt 0.137979 0.325245
vt 0.150410 0.325209
vt 0.163152 0.325050
vt 0.175650 0.325017
vt 0.188113 0.325043
vt 0.025111 0.337997
vt 0.012764 0.337915
vt 0.037542 0.337908
vt 0.049872 0.337936
vt 0.062677 0.337667
vt 0.075513 0.337401
vt 0.088102 0.337215
vt 0.100485 0.337349
vt 0.112966 0.337552
vt 0.125393 0.337638
vt 0.137809 0.337697
vt 0.150241 0.337706
vt 0.163040 0.337516
vt 0.175586 0.337494
vt 0.188164 0.337503
vt 0.025007 0.350402
vt 0.012633 0.350417
vt 0.037391 0.350391
vt 0.049873 0.350288
vt 0.062491 0.350159
vt 0.075406 0.349922
vt 0.088000 0.349869
vt 0.100504 0.349971
vt 0.112909 0.350023
vt 0.125313 0.350056
vt 0.137663 0.350123
vt 0.149814 0.350211
vt 0.162241 0.350227
vt 0.175518 0.349843
vt 0.187839 0.350019
vt 0.024914 0.362811
vt 0.012561 0.362804
vt 0.037267 0.362803
vt 0.049810 0.362697
vt 0.062440 0.362587
vt 0.075261 0.362454
vt 0.087980 0.362365
vt 0.100460 0.362410
vt 0.112883 0.362442
vt 0.125205 0.362444
vt 0.137652 0.362501
vt 0.150193 0.362599
vt 0.162623 0.362548
vt 0.175141 0.362377
vt 0.187597 0.362393
vt 0.024871 0.375149
vt 0.012548 0.375153
vt 0.037267 0.375127
vt 0.049927 0.375080
vt 0.062547 0.374995
vt 0.075299 0.374880
vt 0.087803 0.374887
vt 0.100380 0.374926
vt 0.112839 0.375143
vt 0.125260 0.374908
vt 0.137604 0.374842
vt 0.150228 0.374924
vt 0.162733 0.374902
vt 0.175237 0.374813
vt 0.187890 0.374806
vt 0.024906 0.387399
vt 0.012559 0.387530
vt 0.037073 0.387401
vt 0.049896 0.387481
vt 0.062367 0.387474
vt 0.075056 0.387373
vt 0.087429 0.387534
vt 0.100126 0.387409
vt 0.113035 0.387401
vt 0.125342 0.387346
vt 0.137717 0.387229
vt 0.150327 0.387343
vt 0.162873 0.387361
vt 0.175636 0.387399
vt 0.188825 0.387488
vt 0.002094 0.211172
vt 0.201191 0.212669
vt 0.201170 0.225148
vt 0.201099 0.237610
vt 0.201018 0.250081
vt 0.200959 0.262579
vt 0.200911 0.274983
vt 0.200930 0.287528
vt 0.200879 0.299998
vt 0.200845 0.312464
vt 0.200771 0.324988
vt 0.200759 0.337515
vt 0.200730 0.350041
vt 0.200682 0.362585
vt 0.201042 0.375203
vt 0.201090 0.387582
vt 0.200992 0.400130
vt 0.188483 0.399993
vt 0.175764 0.399958
vt 0.162787 0.399768
vt 0.150274 0.399741
vt 0.137821 0.399756
vt 0.125359 0.399790
vt 0.112907 0.399702
vt 0.100067 0.399825
vt 0.087286 0.399930
vt 0.074845 0.399862
vt 0.062212 0.399858
vt 0.049894 0.399896
vt 0.037351 0.399796
vt 0.024987 0.399634
vt 0.012576 0.400052
vt 0.000100 0.387674
vt 0.000114 0.400257
vt 0.000109 0.375168
vt 0.000151 0.362719
vt 0.000240 0.350246
vt 0.000368 0.337672
vt 0.000536 0.325032
vt 0.000731 0.312296
vt 0.000945 0.299539
vt 0.001174 0.286911
vt 0.001350 0.273809
vt 0.001546 0.260947
vt 0.001743 0.248582
vt 0.001836 0.236217
vt 0.001825 0.223738
vt 0.012595 0.412719
vt 0.025085 0.412555
vt 0.025110 0.425142
vt 0.012499 0.425632
vt 0.037562 0.412358
vt 0.037733 0.424731
vt 0.049967 0.412266
vt 0.050011 0.424631
vt 0.062380 0.412241
vt 0.062292 0.424601
vt 0.074766 0.412291
vt 0.074641 0.424662
vt 0.087234 0.412324
vt 0.087265 0.424745
vt 0.099718 0.412350
vt 0.099697 0.424729
vt 0.112375 0.412347
vt 0.112076 0.424743
vt 0.125308 0.412285
vt 0.125010 0.424828
vt 0.137976 0.412414
vt 0.137990 0.424954
vt 0.150497 0.412377
vt 0.150616 0.424955
vt 0.163214 0.412467
vt 0.163234 0.424983
vt 0.175786 0.412476
vt 0.175674 0.424923
vt 0.188369 0.412542
vt 0.188395 0.425102
vt 0.025316 0.437528
vt 0.012552 0.438063
vt 0.037634 0.437304
vt 0.050097 0.436851
vt 0.062266 0.436804
vt 0.075008 0.437225
vt 0.087427 0.437238
vt 0.099892 0.437217
vt 0.112317 0.437153
vt 0.125582 0.437508
vt 0.138113 0.437527
vt 0.150800 0.437570
vt 0.163413 0.437580
vt 0.175893 0.437580
vt 0.188375 0.437612
vt 0.025293 0.450103
vt 0.012700 0.450537
vt 0.037771 0.449755
vt 0.050186 0.449358
vt 0.062510 0.449302
vt 0.075231 0.449712
vt 0.087526 0.449594
vt 0.099976 0.449614
vt 0.112639 0.449738
vt 0.125436 0.449929
vt 0.138181 0.450069
vt 0.150720 0.450082
vt 0.163263 0.450110
vt 0.175784 0.450126
vt 0.188348 0.450120
vt 0.025292 0.462781
vt 0.012837 0.463039
vt 0.037832 0.462401
vt 0.050286 0.462190
vt 0.062755 0.462008
vt 0.075252 0.462052
vt 0.087688 0.462064
vt 0.100335 0.462300
vt 0.112805 0.462298
vt 0.125481 0.462456
vt 0.138299 0.462695
vt 0.150791 0.462604
vt 0.163327 0.462653
vt 0.175854 0.462656
vt 0.188374 0.462630
vt 0.025384 0.475328
vt 0.012821 0.475706
vt 0.037862 0.475134
vt 0.050395 0.474918
vt 0.062896 0.474695
vt 0.075394 0.474686
vt 0.087895 0.474691
vt 0.100417 0.474761
vt 0.113242 0.475139
vt 0.125760 0.475143
vt 0.138413 0.475295
vt 0.150954 0.475300
vt 0.163488 0.475305
vt 0.175897 0.475263
vt 0.188407 0.475126
vt 0.025323 0.487956
vt 0.012966 0.488175
vt 0.037938 0.487728
vt 0.050533 0.487638
vt 0.063113 0.487544
vt 0.075581 0.487295
vt 0.088056 0.487294
vt 0.100685 0.487466
vt 0.113447 0.487748
vt 0.126051 0.487898
vt 0.138520 0.487849
vt 0.150983 0.487799
vt 0.163438 0.487773
vt 0.175933 0.487707
vt 0.188404 0.487657
vt 0.025697 0.500338
vt 0.013239 0.500582
vt 0.038145 0.500184
vt 0.050877 0.500371
vt 0.063408 0.500398
vt 0.075856 0.500301
vt 0.088308 0.499998
vt 0.100810 0.500014
vt 0.113700 0.500388
vt 0.126129 0.500414
vt 0.138573 0.500303
vt 0.151017 0.500265
vt 0.163481 0.500235
vt 0.175959 0.500186
vt 0.188453 0.500171
vt 0.026147 0.512623
vt 0.013462 0.513017
vt 0.038541 0.512796
vt 0.050993 0.512831
vt 0.063539 0.512880
vt 0.076128 0.513075
vt 0.088582 0.512923
vt 0.101155 0.512805
vt 0.113726 0.512813
vt 0.126166 0.512775
vt 0.138630 0.512721
vt 0.151030 0.512732
vt 0.163517 0.512718
vt 0.175975 0.512651
vt 0.188525 0.512760
vt 0.026175 0.525218
vt 0.013686 0.525482
vt 0.038643 0.525275
vt 0.051051 0.525253
vt 0.063505 0.525296
vt 0.076159 0.525417
vt 0.088643 0.525444
vt 0.101263 0.525310
vt 0.113718 0.525286
vt 0.126265 0.525112
vt 0.138183 0.525050
vt 0.150990 0.525309
vt 0.163604 0.525474
vt 0.176247 0.525925
vt 0.188633 0.525982
vt 0.026290 0.537800
vt 0.013839 0.537988
vt 0.038770 0.537833
vt 0.051152 0.537771
vt 0.063671 0.537846
vt 0.076160 0.537830
vt 0.088650 0.537728
vt 0.101299 0.537745
vt 0.113733 0.537745
vt 0.126240 0.537787
vt 0.138827 0.537972
vt 0.151083 0.537736
vt 0.163895 0.538475
vt 0.176331 0.538549
vt 0.188702 0.538528
vt 0.026449 0.550383
vt 0.013991 0.550431
vt 0.038937 0.550360
vt 0.051192 0.550096
vt 0.063728 0.550547
vt 0.076272 0.550328
vt 0.088761 0.550088
vt 0.101276 0.550174
vt 0.113697 0.550132
vt 0.126484 0.550489
vt 0.139229 0.550883
vt 0.151731 0.551092
vt 0.164137 0.551265
vt 0.176631 0.551872
vt 0.188832 0.551437
vt 0.026618 0.562991
vt 0.014094 0.563076
vt 0.039212 0.562963
vt 0.051750 0.563026
vt 0.063746 0.563004
vt 0.076396 0.562858
vt 0.088904 0.562767
vt 0.101384 0.562657
vt 0.114241 0.562989
vt 0.127076 0.563416
vt 0.139586 0.563631
vt 0.151993 0.563771
vt 0.164398 0.563979
vt 0.176756 0.564261
vt 0.188935 0.564105
vt 0.026691 0.575479
vt 0.014226 0.575571
vt 0.039173 0.575477
vt 0.051616 0.575519
vt 0.064039 0.575447
vt 0.076501 0.575347
vt 0.088999 0.575265
vt 0.101643 0.575303
vt 0.114480 0.575529
vt 0.127454 0.575926
vt 0.139623 0.575879
vt 0.152288 0.576293
vt 0.164663 0.576523
vt 0.176943 0.576794
vt 0.189040 0.576553
vt 0.026855 0.588073
vt 0.014401 0.588099
vt 0.039191 0.588022
vt 0.051648 0.587945
vt 0.064114 0.587894
vt 0.076575 0.587824
vt 0.089063 0.587765
vt 0.102004 0.587902
vt 0.114679 0.587981
vt 0.127503 0.588199
vt 0.140126 0.588468
vt 0.152593 0.588704
vt 0.164875 0.588865
vt 0.177079 0.589037
vt 0.189157 0.589156
vt 0.000154 0.412782
vt 0.200936 0.412640
vt 0.200901 0.425111
vt 0.200889 0.437528
vt 0.200868 0.450111
vt 0.200892 0.462575
vt 0.200923 0.475111
vt 0.201054 0.487621
vt 0.200918 0.500086
vt 0.201086 0.512652
vt 0.201049 0.525700
vt 0.201079 0.538561
vt 0.201099 0.551360
vt 0.201114 0.564004
vt 0.201127 0.576302
vt 0.201187 0.588960
vt 0.201227 0.600946
vt 0.189220 0.601435
vt 0.177365 0.601445
vt 0.165161 0.601152
vt 0.152846 0.600964
vt 0.140354 0.600768
vt 0.127901 0.600709
vt 0.115422 0.600602
vt 0.102251 0.600364
vt 0.089158 0.600259
vt 0.076632 0.600297
vt 0.064175 0.600347
vt 0.051737 0.600402
vt 0.039299 0.600450
vt 0.026871 0.600487
vt 0.014458 0.600516
vt 0.001943 0.588157
vt 0.002035 0.600561
vt 0.001738 0.575743
vt 0.001530 0.563333
vt 0.001567 0.550606
vt 0.001415 0.538185
vt 0.001254 0.525732
vt 0.000781 0.513291
vt 0.000744 0.500828
vt 0.000549 0.488425
vt 0.000304 0.476026
vt 0.000251 0.463463
vt 0.000100 0.450964
vt 0.000132 0.438277
vt 0.000133 0.425556
vt 0.014479 0.612908
vt 0.026920 0.612909
vt 0.026909 0.625134
vt 0.014563 0.625232
vt 0.039307 0.612868
vt 0.039369 0.625283
vt 0.051771 0.612838
vt 0.051821 0.625289
vt 0.064218 0.612797
vt 0.064256 0.625241
vt 0.076669 0.612757
vt 0.076700 0.625208
vt 0.089266 0.612734
vt 0.089382 0.625178
vt 0.101805 0.612730
vt 0.102337 0.625165
vt 0.115105 0.612840
vt 0.115837 0.625247
vt 0.128170 0.612975
vt 0.128716 0.625219
vt 0.140672 0.613013
vt 0.141049 0.625169
vt 0.153049 0.613107
vt 0.153158 0.625135
vt 0.165361 0.613241
vt 0.165483 0.625172
vt 0.177352 0.613291
vt 0.177375 0.625152
vt 0.189416 0.613519
vt 0.189260 0.625072
vt 0.026880 0.637693
vt 0.014296 0.637791
vt 0.039349 0.637704
vt 0.051834 0.637711
vt 0.064290 0.637687
vt 0.076738 0.637658
vt 0.089391 0.637620
vt 0.102382 0.637534
vt 0.116014 0.637395
vt 0.128228 0.637431
vt 0.141062 0.637147
vt 0.153235 0.637133
vt 0.165472 0.637054
vt 0.177392 0.637011
vt 0.189237 0.636977
vt 0.026878 0.650194
vt 0.014214 0.650274
vt 0.039368 0.650174
vt 0.051847 0.650156
vt 0.064309 0.650136
vt 0.076763 0.650112
vt 0.089321 0.650079
vt 0.102288 0.649936
vt 0.115609 0.649550
vt 0.127914 0.649659
vt 0.140200 0.649673
vt 0.152929 0.649306
vt 0.165395 0.649020
vt 0.177425 0.648879
vt 0.189294 0.648849
vt 0.026921 0.662686
vt 0.014233 0.662702
vt 0.039399 0.662650
vt 0.051867 0.662598
vt 0.064336 0.662589
vt 0.076785 0.662562
vt 0.089260 0.662539
vt 0.102026 0.662416
vt 0.114791 0.662215
vt 0.127340 0.662153
vt 0.140004 0.661892
vt 0.152817 0.661493
vt 0.165197 0.661190
vt 0.177310 0.661009
vt 0.189344 0.660760
vt 0.027110 0.675208
vt 0.014484 0.675184
vt 0.039434 0.675118
vt 0.051906 0.675073
vt 0.064363 0.675037
vt 0.076807 0.675007
vt 0.089236 0.674982
vt 0.101825 0.674913
vt 0.114224 0.674833
vt 0.126933 0.674581
vt 0.139787 0.674249
vt 0.152999 0.673526
vt 0.165098 0.673374
vt 0.177235 0.673316
vt 0.189419 0.672712
vt 0.027016 0.687565
vt 0.014492 0.687586
vt 0.039432 0.687494
vt 0.051965 0.687530
vt 0.064403 0.687478
vt 0.076841 0.687446
vt 0.089292 0.687410
vt 0.101787 0.687356
vt 0.114534 0.687165
vt 0.127442 0.686848
vt 0.140058 0.686462
vt 0.152482 0.686137
vt 0.164873 0.685897
vt 0.177090 0.685625
vt 0.189184 0.685939
vt 0.027074 0.699959
vt 0.014562 0.700032
vt 0.039489 0.699929
vt 0.051977 0.699886
vt 0.064437 0.699907
vt 0.076872 0.699884
vt 0.089335 0.699858
vt 0.101819 0.699838
vt 0.114497 0.699686
vt 0.127426 0.699158
vt 0.139732 0.699177
vt 0.152180 0.699007
vt 0.164592 0.698765
vt 0.176928 0.698569
vt 0.189190 0.698469
vt 0.027044 0.712445
vt 0.014595 0.712494
vt 0.039515 0.712396
vt 0.051985 0.712362
vt 0.064449 0.712348
vt 0.076892 0.712319
vt 0.089340 0.712297
vt 0.101850 0.712333
vt 0.114353 0.712330
vt 0.126930 0.712164
vt 0.139432 0.712077
vt 0.151954 0.711796
vt 0.164427 0.711533
vt 0.176827 0.711345
vt 0.189184 0.711228
vt 0.027092 0.724879
vt 0.014611 0.724930
vt 0.039550 0.724857
vt 0.052010 0.724820
vt 0.064482 0.724810
vt 0.076916 0.724755
vt 0.089427 0.724812
vt 0.102045 0.724992
vt 0.114333 0.725016
vt 0.126757 0.724902
vt 0.139211 0.724880
vt 0.151758 0.724607
vt 0.164247 0.724414
vt 0.176717 0.724254
vt 0.189189 0.724053
vt 0.027109 0.737333
vt 0.014674 0.737347
vt 0.039592 0.737356
vt 0.052033 0.737269
vt 0.064564 0.737280
vt 0.076964 0.737279
vt 0.089388 0.737294
vt 0.101889 0.737367
vt 0.114320 0.737333
vt 0.126737 0.737345
vt 0.139202 0.737342
vt 0.151624 0.737324
vt 0.164042 0.737249
vt 0.176677 0.737088
vt 0.189220 0.737002
vt 0.027085 0.749791
vt 0.014673 0.749770
vt 0.039588 0.749630
vt 0.052030 0.749727
vt 0.064552 0.749691
vt 0.076980 0.749736
vt 0.089442 0.749782
vt 0.101878 0.749796
vt 0.114313 0.749804
vt 0.126752 0.749797
vt 0.139214 0.749820
vt 0.151841 0.749878
vt 0.164301 0.749825
vt 0.176937 0.749741
vt 0.189304 0.749569
vt 0.027094 0.762193
vt 0.014667 0.762189
vt 0.039533 0.762175
vt 0.052029 0.762174
vt 0.064506 0.762186
vt 0.076975 0.762211
vt 0.089431 0.762229
vt 0.101871 0.762239
vt 0.114309 0.762246
vt 0.126747 0.762278
vt 0.139137 0.762276
vt 0.151549 0.762341
vt 0.164388 0.762365
vt 0.177090 0.761963
vt 0.189344 0.761949
vt 0.027067 0.774653
vt 0.014637 0.774620
vt 0.039525 0.774627
vt 0.052011 0.774646
vt 0.064489 0.774662
vt 0.076960 0.774673
vt 0.089418 0.774682
vt 0.101865 0.774685
vt 0.114300 0.774683
vt 0.126713 0.774673
vt 0.139073 0.774620
vt 0.151698 0.774754
vt 0.164139 0.774822
vt 0.176621 0.774973
vt 0.189304 0.774276
vt 0.027046 0.787105
vt 0.014575 0.787078
vt 0.039523 0.787124
vt 0.052010 0.787137
vt 0.064480 0.787135
vt 0.076952 0.787140
vt 0.089418 0.787140
vt 0.101875 0.787129
vt 0.114321 0.787113
vt 0.126749 0.787076
vt 0.139116 0.786997
vt 0.151804 0.787219
vt 0.164266 0.787266
vt 0.176645 0.787278
vt 0.189070 0.787239
vt 0.001990 0.612992
vt 0.201222 0.613044
vt 0.200992 0.624953
vt 0.201126 0.636890
vt 0.201185 0.648777
vt 0.201238 0.660667
vt 0.201327 0.672927
vt 0.201379 0.685592
vt 0.201451 0.698224
vt 0.201519 0.711057
vt 0.201597 0.724039
vt 0.201700 0.737034
vt 0.201747 0.749536
vt 0.201721 0.761971
vt 0.201691 0.774533
vt 0.201569 0.787047
vt 0.201535 0.799666
vt 0.189130 0.799688
vt 0.176749 0.799758
vt 0.164433 0.799894
vt 0.152317 0.799940
vt 0.139816 0.799784
vt 0.126831 0.799543
vt 0.114356 0.799553
vt 0.101896 0.799593
vt 0.089425 0.799604
vt 0.076953 0.799609
vt 0.064482 0.799606
vt 0.052013 0.799580
vt 0.039508 0.799627
vt 0.027011 0.799574
vt 0.014563 0.799541
vt 0.002057 0.787100
vt 0.002143 0.799521
vt 0.002222 0.774547
vt 0.002263 0.762164
vt 0.002268 0.749758
vt 0.002261 0.737365
vt 0.002230 0.724967
vt 0.002113 0.712451
vt 0.002045 0.700028
vt 0.001820 0.687548
vt 0.001665 0.675120
vt 0.001753 0.662701
vt 0.001774 0.650297
vt 0.001778 0.637887
vt 0.001728 0.625507
vt 0.014528 0.811988
vt 0.026960 0.812020
vt 0.026966 0.824526
vt 0.014451 0.824508
vt 0.039531 0.812196
vt 0.039569 0.824804
vt 0.052028 0.812053
vt 0.052012 0.824628
vt 0.064473 0.812082
vt 0.064465 0.824908
vt 0.076951 0.812091
vt 0.076906 0.825102
vt 0.089434 0.812076
vt 0.089352 0.825036
vt 0.101910 0.812081
vt 0.101892 0.824728
vt 0.114396 0.812010
vt 0.114468 0.824314
vt 0.126808 0.811988
vt 0.126718 0.824330
vt 0.139600 0.812043
vt 0.139155 0.824468
vt 0.152135 0.812115
vt 0.151935 0.824463
vt 0.164526 0.812096
vt 0.164410 0.824484
vt 0.176809 0.812124
vt 0.176813 0.824489
vt 0.189177 0.812111
vt 0.189189 0.824475
vt 0.027137 0.837260
vt 0.014684 0.837383
vt 0.039601 0.837355
vt 0.052001 0.837382
vt 0.064443 0.837763
vt 0.076858 0.838059
vt 0.089241 0.837950
vt 0.101593 0.837982
vt 0.114027 0.837574
vt 0.126754 0.836805
vt 0.139078 0.836761
vt 0.151874 0.836852
vt 0.164360 0.836893
vt 0.176808 0.836887
vt 0.189211 0.836847
vt 0.027348 0.850137
vt 0.014949 0.850164
vt 0.039931 0.850760
vt 0.052256 0.850938
vt 0.064542 0.850991
vt 0.076839 0.850926
vt 0.089145 0.850908
vt 0.101422 0.850822
vt 0.113998 0.850231
vt 0.126749 0.849423
vt 0.139137 0.848944
vt 0.151658 0.849340
vt 0.164265 0.849399
vt 0.176802 0.849353
vt 0.189257 0.849302
vt 0.027690 0.863220
vt 0.015240 0.862954
vt 0.040080 0.863496
vt 0.052338 0.863560
vt 0.064582 0.863673
vt 0.076812 0.863612
vt 0.089098 0.863592
vt 0.101494 0.863258
vt 0.114312 0.862286
vt 0.126417 0.862354
vt 0.139062 0.862055
vt 0.151685 0.861932
vt 0.164287 0.861951
vt 0.176845 0.861880
vt 0.189329 0.861739
vt 0.027860 0.875831
vt 0.015374 0.875500
vt 0.040267 0.876183
vt 0.052491 0.876391
vt 0.064641 0.876649
vt 0.076739 0.876495
vt 0.088782 0.876517
vt 0.101511 0.875477
vt 0.113577 0.875569
vt 0.126151 0.875149
vt 0.138910 0.874797
vt 0.151673 0.874605
vt 0.164631 0.874681
vt 0.176969 0.874564
vt 0.189458 0.874219
vt 0.028124 0.888388
vt 0.015525 0.887980
vt 0.040368 0.888613
vt 0.052591 0.888826
vt 0.064682 0.889059
vt 0.076696 0.888904
vt 0.088816 0.888611
vt 0.100993 0.888365
vt 0.113382 0.888055
vt 0.125739 0.887888
vt 0.138712 0.887402
vt 0.151575 0.887181
vt 0.164509 0.887079
vt 0.177201 0.887112
vt 0.189578 0.886924
vt 0.027942 0.900455
vt 0.015718 0.900393
vt 0.040623 0.900956
vt 0.052808 0.901193
vt 0.064741 0.901395
vt 0.076625 0.901169
vt 0.088784 0.900827
vt 0.101011 0.900564
vt 0.113338 0.900338
vt 0.125783 0.900136
vt 0.138429 0.899917
vt 0.151358 0.899690
vt 0.164237 0.899572
vt 0.177326 0.899427
vt 0.189687 0.899431
vt 0.028593 0.912979
vt 0.015899 0.912755
vt 0.041041 0.913205
vt 0.052940 0.913198
vt 0.064798 0.913179
vt 0.076712 0.913103
vt 0.088675 0.913009
vt 0.100767 0.912856
vt 0.113177 0.912569
vt 0.125705 0.912402
vt 0.138406 0.912241
vt 0.151216 0.912086
vt 0.164141 0.911950
vt 0.177100 0.911870
vt 0.189702 0.911859
vt 0.028593 0.925083
vt 0.015962 0.925058
vt 0.041108 0.925077
vt 0.052976 0.925037
vt 0.064921 0.925125
vt 0.076812 0.925041
vt 0.088732 0.924962
vt 0.100591 0.924894
vt 0.112787 0.924787
vt 0.125258 0.924668
vt 0.138440 0.924534
vt 0.151593 0.924412
vt 0.164554 0.924297
vt 0.177126 0.924272
vt 0.189867 0.924278
vt 0.028606 0.937196
vt 0.015975 0.937327
vt 0.041024 0.937034
vt 0.053003 0.937034
vt 0.064947 0.937021
vt 0.076881 0.936969
vt 0.088820 0.936902
vt 0.100817 0.936841
vt 0.113206 0.936872
vt 0.125834 0.936867
vt 0.138376 0.936818
vt 0.151174 0.936760
vt 0.163557 0.936886
vt 0.177048 0.936659
vt 0.189761 0.936690
vt 0.028475 0.949410
vt 0.015918 0.949632
vt 0.040795 0.949233
vt 0.053020 0.948990
vt 0.064981 0.948968
vt 0.076944 0.948914
vt 0.088873 0.948820
vt 0.101071 0.948925
vt 0.113459 0.949011
vt 0.125972 0.949068
vt 0.138486 0.949068
vt 0.150953 0.949026
vt 0.163282 0.949003
vt 0.176744 0.949127
vt 0.189864 0.949158
vt 0.028355 0.961722
vt 0.015799 0.962022
vt 0.040747 0.961435
vt 0.052965 0.961166
vt 0.065026 0.961012
vt 0.077038 0.960947
vt 0.089135 0.961033
vt 0.101356 0.961138
vt 0.113762 0.961278
vt 0.126333 0.961420
vt 0.138938 0.961504
vt 0.151457 0.961470
vt 0.163960 0.961386
vt 0.177029 0.961666
vt 0.189839 0.961632
vt 0.028211 0.974173
vt 0.015376 0.974744
vt 0.040618 0.973864
vt 0.052881 0.973614
vt 0.065049 0.973450
vt 0.077177 0.973305
vt 0.089332 0.973338
vt 0.101663 0.973527
vt 0.114134 0.973714
vt 0.126676 0.973834
vt 0.139312 0.973938
vt 0.152188 0.974104
vt 0.165445 0.974648
vt 0.177604 0.974322
vt 0.189991 0.974137
vt 0.027913 0.986892
vt 0.015275 0.987295
vt 0.040219 0.986959
vt 0.052791 0.986297
vt 0.065085 0.986108
vt 0.077334 0.985863
vt 0.089614 0.985950
vt 0.102067 0.986217
vt 0.114499 0.986254
vt 0.127068 0.986367
vt 0.139580 0.986365
vt 0.152288 0.986490
vt 0.165699 0.986671
vt 0.177771 0.986620
vt 0.190118 0.986556
vt 0.002099 0.811909
vt 0.201540 0.812082
vt 0.201558 0.824455
vt 0.201633 0.836894
vt 0.201656 0.849260
vt 0.201804 0.861744
vt 0.201887 0.874198
vt 0.202007 0.886820
vt 0.202100 0.899360
vt 0.202158 0.911808
vt 0.202220 0.924228
vt 0.202231 0.936645
vt 0.202284 0.949115
vt 0.202332 0.961585
vt 0.202420 0.974022
vt 0.202522 0.986420
vt 0.202610 0.998857
vt 0.190184 0.999093
vt 0.177742 0.998970
vt 0.165283 0.998883
vt 0.152536 0.998854
vt 0.140072 0.998936
vt 0.127703 0.999260
vt 0.114934 0.998938
vt 0.102547 0.999175
vt 0.090136 0.999325
vt 0.077538 0.998902
vt 0.065126 0.998970
vt 0.052721 0.999111
vt 0.040067 0.999701
vt 0.027711 0.999626
vt 0.015368 0.999692
vt 0.002691 0.987528
vt 0.002837 0.999900
vt 0.002653 0.975123
vt 0.003084 0.962350
vt 0.003155 0.949886
vt 0.003139 0.937467
vt 0.003097 0.925042
vt 0.003078 0.912613
vt 0.002977 0.900150
vt 0.002877 0.887669
vt 0.002763 0.875141
vt 0.002621 0.862556
vt 0.002397 0.849892
vt 0.001655 0.836653
vt 0.001977 0.824303
vt 0.214405 0.013956
vt 0.226787 0.014027
vt 0.226765 0.026388
vt 0.214345 0.026349
vt 0.239231 0.014020
vt 0.239197 0.026424
vt 0.251648 0.014030
vt 0.251621 0.026456
vt 0.264113 0.014017
vt 0.264055 0.026487
vt 0.276529 0.014114
vt 0.276486 0.026530
vt 0.288936 0.014146
vt 0.288907 0.026564
vt 0.301362 0.014160
vt 0.301332 0.026594
vt 0.313845 0.014125
vt 0.313750 0.026624
vt 0.326277 0.014073
vt 0.326205 0.026621
vt 0.338669 0.014292
vt 0.338645 0.026747
vt 0.351076 0.014441
vt 0.351028 0.026813
vt 0.363509 0.014399
vt 0.363396 0.026857
vt 0.375898 0.014367
vt 0.375850 0.026674
vt 0.388269 0.014354
vt 0.388178 0.026760
vt 0.226722 0.038807
vt 0.214285 0.038812
vt 0.239160 0.038830
vt 0.251603 0.038898
vt 0.264023 0.038921
vt 0.276450 0.038955
vt 0.288876 0.038988
vt 0.301302 0.039017
vt 0.313724 0.039037
vt 0.326151 0.039074
vt 0.338580 0.039148
vt 0.350986 0.039201
vt 0.363398 0.039213
vt 0.375776 0.039199
vt 0.388191 0.039201
vt 0.226712 0.051235
vt 0.214326 0.051213
vt 0.239135 0.051261
vt 0.251564 0.051303
vt 0.263996 0.051351
vt 0.276420 0.051379
vt 0.288851 0.051413
vt 0.301307 0.051458
vt 0.313699 0.051430
vt 0.326098 0.051503
vt 0.338520 0.051564
vt 0.350934 0.051607
vt 0.363333 0.051642
vt 0.375762 0.051614
vt 0.388188 0.051626
vt 0.226677 0.063655
vt 0.214260 0.063603
vt 0.239100 0.063690
vt 0.251520 0.063719
vt 0.263956 0.063777
vt 0.276397 0.063808
vt 0.288829 0.063842
vt 0.301334 0.063810
vt 0.313580 0.063843
vt 0.326023 0.063943
vt 0.338479 0.063991
vt 0.350903 0.064012
vt 0.363321 0.064038
vt 0.375749 0.064049
vt 0.388180 0.064058
vt 0.226632 0.076083
vt 0.214183 0.076041
vt 0.239071 0.076120
vt 0.251512 0.076161
vt 0.263930 0.076201
vt 0.276360 0.076236
vt 0.288789 0.076272
vt 0.301203 0.076322
vt 0.313596 0.076386
vt 0.326004 0.076398
vt 0.338452 0.076414
vt 0.350881 0.076439
vt 0.363301 0.076449
vt 0.375740 0.076482
vt 0.388179 0.076499
vt 0.226597 0.088522
vt 0.214066 0.088512
vt 0.239035 0.088556
vt 0.251470 0.088586
vt 0.263902 0.088626
vt 0.276339 0.088683
vt 0.288745 0.088679
vt 0.301153 0.088742
vt 0.313563 0.088782
vt 0.325946 0.088860
vt 0.338431 0.088804
vt 0.350874 0.088876
vt 0.363288 0.088903
vt 0.375784 0.088943
vt 0.388146 0.088953
vt 0.226588 0.100953
vt 0.214131 0.100920
vt 0.239005 0.100986
vt 0.251434 0.101021
vt 0.263865 0.101058
vt 0.276383 0.100987
vt 0.288671 0.101118
vt 0.301063 0.101163
vt 0.313549 0.101173
vt 0.325919 0.101201
vt 0.338390 0.101251
vt 0.350831 0.101294
vt 0.363253 0.101329
vt 0.375666 0.101360
vt 0.388118 0.101372
vt 0.226533 0.113373
vt 0.214072 0.113305
vt 0.238964 0.113415
vt 0.251395 0.113455
vt 0.263827 0.113498
vt 0.276236 0.113549
vt 0.288646 0.113522
vt 0.301030 0.113540
vt 0.313469 0.113609
vt 0.325912 0.113667
vt 0.338348 0.113696
vt 0.350791 0.113732
vt 0.363214 0.113746
vt 0.375647 0.113783
vt 0.388095 0.113829
vt 0.226488 0.125810
vt 0.213987 0.125709
vt 0.238924 0.125846
vt 0.251355 0.125885
vt 0.263784 0.125924
vt 0.276205 0.125977
vt 0.288625 0.126010
vt 0.301054 0.126058
vt 0.313395 0.126119
vt 0.325873 0.126117
vt 0.338334 0.126168
vt 0.350741 0.126236
vt 0.363194 0.126115
vt 0.375604 0.126294
vt 0.387995 0.126328
vt 0.226457 0.138239
vt 0.214041 0.138194
vt 0.238885 0.138278
vt 0.251320 0.138318
vt 0.263769 0.138338
vt 0.276140 0.138380
vt 0.288586 0.138445
vt 0.301036 0.138426
vt 0.313424 0.138502
vt 0.325834 0.138557
vt 0.338239 0.138608
vt 0.350716 0.138548
vt 0.363116 0.138596
vt 0.375559 0.138691
vt 0.387960 0.138706
vt 0.226414 0.150665
vt 0.213970 0.150611
vt 0.238843 0.150710
vt 0.251274 0.150751
vt 0.263670 0.150798
vt 0.276115 0.150823
vt 0.288551 0.150861
vt 0.300991 0.150895
vt 0.313446 0.150957
vt 0.325790 0.150994
vt 0.338209 0.151011
vt 0.350641 0.151028
vt 0.363074 0.151059
vt 0.375516 0.151130
vt 0.387940 0.151161
vt 0.226363 0.163095
vt 0.213915 0.163059
vt 0.238793 0.163141
vt 0.251223 0.163194
vt 0.263656 0.163238
vt 0.276096 0.163251
vt 0.288509 0.163288
vt 0.300938 0.163338
vt 0.313366 0.163396
vt 0.325757 0.163466
vt 0.338174 0.163440
vt 0.350607 0.163475
vt 0.363039 0.163506
vt 0.375472 0.163551
vt 0.387904 0.163592
vt 0.226300 0.175538
vt 0.213732 0.175564
vt 0.238743 0.175564
vt 0.251168 0.175623
vt 0.263620 0.175681
vt 0.275962 0.175728
vt 0.288451 0.175724
vt 0.300885 0.175765
vt 0.313324 0.175829
vt 0.325740 0.175844
vt 0.338149 0.175873
vt 0.350576 0.175902
vt 0.363003 0.175936
vt 0.375429 0.175976
vt 0.387865 0.176028
vt 0.226288 0.187916
vt 0.213721 0.187904
vt 0.238682 0.187995
vt 0.251100 0.188052
vt 0.263548 0.188083
vt 0.275955 0.188101
vt 0.288407 0.188165
vt 0.300845 0.188200
vt 0.313294 0.188198
vt 0.325690 0.188260
vt 0.338115 0.188300
vt 0.350544 0.188330
vt 0.362967 0.188358
vt 0.375378 0.188394
vt 0.387800 0.188457
vt 0.214464 0.001570
vt 0.226845 0.001627
vt 0.239232 0.001628
vt 0.251614 0.001622
vt 0.264158 0.001643
vt 0.276579 0.001723
vt 0.288951 0.001766
vt 0.301324 0.001735
vt 0.313695 0.001686
vt 0.326278 0.001760
vt 0.338666 0.001822
vt 0.351122 0.002010
vt 0.363528 0.001978
vt 0.375920 0.001982
vt 0.388283 0.001996
vt 0.400702 0.001939
vt 0.400634 0.014380
vt 0.400622 0.026782
vt 0.400615 0.039205
vt 0.400613 0.051628
vt 0.400615 0.064062
vt 0.400614 0.076476
vt 0.400598 0.088839
vt 0.400555 0.101369
vt 0.400656 0.113815
vt 0.400506 0.126279
vt 0.400405 0.138758
vt 0.400368 0.151195
vt 0.400330 0.163618
vt 0.400312 0.176077
vt 0.400282 0.188569
vt 0.400002 0.201004
vt 0.387728 0.200938
vt 0.375326 0.200778
vt 0.362942 0.200772
vt 0.350520 0.200757
vt 0.338085 0.200732
vt 0.325657 0.200700
vt 0.313237 0.200670
vt 0.300811 0.200631
vt 0.288374 0.200604
vt 0.275933 0.200566
vt 0.263494 0.200517
vt 0.251062 0.200475
vt 0.238615 0.200423
vt 0.226157 0.200364
vt 0.213651 0.200265
vt 0.213657 0.212766
vt 0.226144 0.212835
vt 0.226048 0.225278
vt 0.213577 0.225211
vt 0.238548 0.212881
vt 0.238501 0.225327
vt 0.251004 0.212919
vt 0.250951 0.225371
vt 0.263439 0.212966
vt 0.263401 0.225417
vt 0.275889 0.213010
vt 0.275847 0.225457
vt 0.288342 0.213052
vt 0.288330 0.225492
vt 0.300785 0.213052
vt 0.300750 0.225519
vt 0.313202 0.213092
vt 0.313171 0.225585
vt 0.325618 0.213117
vt 0.325581 0.225607
vt 0.338060 0.213171
vt 0.337983 0.225663
vt 0.350504 0.213193
vt 0.350489 0.225625
vt 0.362949 0.213208
vt 0.362913 0.225646
vt 0.375429 0.213199
vt 0.375306 0.225664
vt 0.387717 0.213185
vt 0.387759 0.225551
vt 0.226003 0.237731
vt 0.213553 0.237679
vt 0.238455 0.237778
vt 0.250907 0.237823
vt 0.263359 0.237866
vt 0.275812 0.237905
vt 0.288264 0.237936
vt 0.300708 0.237949
vt 0.313146 0.238107
vt 0.325562 0.238052
vt 0.337990 0.237985
vt 0.350461 0.238059
vt 0.362905 0.238071
vt 0.375346 0.238068
vt 0.387784 0.237996
vt 0.225959 0.250189
vt 0.213484 0.250169
vt 0.238409 0.250233
vt 0.250863 0.250278
vt 0.263319 0.250320
vt 0.275775 0.250358
vt 0.288230 0.250394
vt 0.300685 0.250432
vt 0.313122 0.250479
vt 0.325565 0.250486
vt 0.338010 0.250489
vt 0.350455 0.250481
vt 0.362926 0.250536
vt 0.375319 0.250521
vt 0.387864 0.250477
vt 0.225927 0.262610
vt 0.213358 0.262643
vt 0.238361 0.262683
vt 0.250819 0.262736
vt 0.263279 0.262778
vt 0.275738 0.262816
vt 0.288193 0.262852
vt 0.300648 0.262888
vt 0.313101 0.262917
vt 0.325551 0.262933
vt 0.338003 0.262944
vt 0.350475 0.262957
vt 0.362933 0.262960
vt 0.375378 0.262936
vt 0.387844 0.262916
vt 0.225816 0.275123
vt 0.213310 0.275037
vt 0.238307 0.275167
vt 0.250762 0.275204
vt 0.263240 0.275241
vt 0.275703 0.275274
vt 0.288162 0.275309
vt 0.300618 0.275344
vt 0.313080 0.275370
vt 0.325536 0.275387
vt 0.337985 0.275398
vt 0.350471 0.275438
vt 0.362963 0.275431
vt 0.375437 0.275400
vt 0.388015 0.275396
vt 0.225794 0.287699
vt 0.213407 0.287717
vt 0.238281 0.287672
vt 0.250752 0.287681
vt 0.263212 0.287703
vt 0.275668 0.287730
vt 0.288119 0.287762
vt 0.300593 0.287804
vt 0.313060 0.287823
vt 0.325531 0.287858
vt 0.338041 0.287904
vt 0.350431 0.287922
vt 0.363009 0.287939
vt 0.375553 0.287924
vt 0.388056 0.287933
vt 0.225870 0.300142
vt 0.213376 0.300048
vt 0.238288 0.300135
vt 0.250738 0.300138
vt 0.263190 0.300162
vt 0.275642 0.300176
vt 0.288088 0.300221
vt 0.300560 0.300279
vt 0.312981 0.300325
vt 0.325491 0.300349
vt 0.338001 0.300325
vt 0.350493 0.300420
vt 0.362986 0.300440
vt 0.375487 0.300464
vt 0.388001 0.300508
vt 0.225817 0.312565
vt 0.213325 0.312496
vt 0.238279 0.312586
vt 0.250732 0.312588
vt 0.263174 0.312583
vt 0.275609 0.312610
vt 0.288040 0.312672
vt 0.300501 0.312743
vt 0.312990 0.312819
vt 0.325470 0.312843
vt 0.337960 0.312874
vt 0.350466 0.312899
vt 0.362963 0.312933
vt 0.375452 0.312961
vt 0.387926 0.312998
vt 0.225794 0.325044
vt 0.213293 0.325022
vt 0.238273 0.325052
vt 0.250741 0.325044
vt 0.263204 0.325014
vt 0.275476 0.325036
vt 0.287967 0.325117
vt 0.300422 0.325214
vt 0.312887 0.325317
vt 0.325426 0.325336
vt 0.337934 0.325374
vt 0.350431 0.325392
vt 0.362935 0.325426
vt 0.375432 0.325445
vt 0.387900 0.325459
vt 0.225786 0.337543
vt 0.213275 0.337534
vt 0.238279 0.337528
vt 0.250757 0.337523
vt 0.263178 0.337446
vt 0.275539 0.337470
vt 0.287931 0.337565
vt 0.300312 0.337928
vt 0.312793 0.337801
vt 0.325373 0.337907
vt 0.337928 0.337874
vt 0.350402 0.337873
vt 0.362914 0.337945
vt 0.375431 0.337935
vt 0.387873 0.338062
vt 0.225802 0.350160
vt 0.213330 0.350144
vt 0.238295 0.349968
vt 0.250816 0.350149
vt 0.263278 0.350142
vt 0.275727 0.350167
vt 0.288025 0.350106
vt 0.300521 0.350233
vt 0.312725 0.350114
vt 0.325509 0.350575
vt 0.337989 0.350350
vt 0.350362 0.350279
vt 0.362867 0.350536
vt 0.375294 0.350258
vt 0.387842 0.350501
vt 0.225865 0.362653
vt 0.213351 0.362668
vt 0.238310 0.362611
vt 0.250804 0.362625
vt 0.263314 0.362644
vt 0.275747 0.362324
vt 0.288126 0.362625
vt 0.300635 0.362820
vt 0.313097 0.362960
vt 0.325640 0.363332
vt 0.338053 0.363318
vt 0.350471 0.363303
vt 0.362891 0.363337
vt 0.375380 0.363177
vt 0.387937 0.363026
vt 0.225875 0.375159
vt 0.213415 0.375162
vt 0.238336 0.375079
vt 0.250922 0.375253
vt 0.263376 0.375199
vt 0.275828 0.375174
vt 0.288482 0.375723
vt 0.301014 0.376054
vt 0.313412 0.376035
vt 0.325780 0.376060
vt 0.338212 0.376458
vt 0.350501 0.376368
vt 0.362821 0.376304
vt 0.375351 0.375777
vt 0.387714 0.375856
vt 0.225964 0.387753
vt 0.213445 0.387510
vt 0.238437 0.387705
vt 0.250934 0.387697
vt 0.263534 0.387796
vt 0.275899 0.387659
vt 0.289214 0.388799
vt 0.301241 0.388570
vt 0.313665 0.388777
vt 0.326010 0.388951
vt 0.338283 0.389040
vt 0.350522 0.388986
vt 0.362768 0.389040
vt 0.375170 0.388606
vt 0.387470 0.388653
vt 0.400291 0.213357
vt 0.400631 0.225815
vt 0.400877 0.238240
vt 0.400760 0.250583
vt 0.400645 0.262934
vt 0.401075 0.275355
vt 0.401031 0.287693
vt 0.400574 0.300398
vt 0.400331 0.313070
vt 0.400341 0.325393
vt 0.400307 0.337968
vt 0.400281 0.350436
vt 0.400564 0.362918
vt 0.400185 0.375752
vt 0.399870 0.388468
vt 0.399315 0.401550
vt 0.387077 0.401783
vt 0.374928 0.401553
vt 0.362701 0.401637
vt 0.350534 0.401486
vt 0.338372 0.401621
vt 0.326136 0.401467
vt 0.313895 0.401387
vt 0.301488 0.401099
vt 0.289071 0.400797
vt 0.276461 0.400508
vt 0.263779 0.400410
vt 0.250957 0.400214
vt 0.238456 0.400227
vt 0.225953 0.400245
vt 0.213478 0.400194
vt 0.213521 0.412657
vt 0.225931 0.412704
vt 0.225885 0.425204
vt 0.213399 0.425161
vt 0.238453 0.412750
vt 0.238355 0.425256
vt 0.251259 0.412898
vt 0.250965 0.425342
vt 0.264389 0.413244
vt 0.264590 0.425522
vt 0.276758 0.413205
vt 0.277113 0.425695
vt 0.289167 0.413273
vt 0.289343 0.425743
vt 0.301688 0.413578
vt 0.301915 0.425983
vt 0.314099 0.413863
vt 0.314295 0.426213
vt 0.326320 0.414035
vt 0.326331 0.426150
vt 0.338504 0.414288
vt 0.338452 0.426444
vt 0.350539 0.414628
vt 0.350505 0.426643
vt 0.362604 0.414250
vt 0.362502 0.426674
vt 0.374735 0.414186
vt 0.374581 0.426548
vt 0.386931 0.414067
vt 0.386785 0.426310
vt 0.225858 0.437691
vt 0.213358 0.437636
vt 0.238307 0.437689
vt 0.251173 0.437766
vt 0.264080 0.437848
vt 0.276871 0.437945
vt 0.289728 0.438162
vt 0.302132 0.438262
vt 0.314558 0.438489
vt 0.326624 0.438539
vt 0.338831 0.439114
vt 0.350548 0.439053
vt 0.362396 0.438932
vt 0.374394 0.438764
vt 0.386837 0.438353
vt 0.225830 0.450038
vt 0.213404 0.450108
vt 0.238301 0.450092
vt 0.251200 0.450171
vt 0.264221 0.450234
vt 0.277070 0.450262
vt 0.289956 0.450371
vt 0.302500 0.450514
vt 0.314784 0.450609
vt 0.326977 0.450757
vt 0.338813 0.450828
vt 0.350582 0.450829
vt 0.362417 0.450794
vt 0.374233 0.450771
vt 0.386417 0.450635
vt 0.225891 0.462569
vt 0.213404 0.462573
vt 0.238412 0.462560
vt 0.251084 0.462561
vt 0.264117 0.462599
vt 0.276461 0.462567
vt 0.289212 0.462627
vt 0.302250 0.462592
vt 0.314747 0.462588
vt 0.326942 0.462607
vt 0.338801 0.462626
vt 0.350622 0.462642
vt 0.362443 0.462635
vt 0.374315 0.462618
vt 0.386483 0.462590
vt 0.225900 0.475042
vt 0.213428 0.475058
vt 0.238377 0.475045
vt 0.251694 0.475035
vt 0.264319 0.475004
vt 0.277438 0.475008
vt 0.289706 0.474820
vt 0.302422 0.474660
vt 0.314730 0.474549
vt 0.326925 0.474468
vt 0.338790 0.474455
vt 0.350593 0.474460
vt 0.362436 0.474475
vt 0.374309 0.474503
vt 0.386345 0.474538
vt 0.225908 0.487493
vt 0.213471 0.487494
vt 0.238380 0.487518
vt 0.251317 0.487467
vt 0.263944 0.487486
vt 0.276995 0.487294
vt 0.289863 0.487033
vt 0.302721 0.486645
vt 0.314873 0.486502
vt 0.326974 0.486304
vt 0.338790 0.486268
vt 0.350610 0.486293
vt 0.362407 0.486284
vt 0.374588 0.486677
vt 0.386625 0.486668
vt 0.225878 0.499946
vt 0.213448 0.499989
vt 0.238324 0.499986
vt 0.250935 0.500015
vt 0.263823 0.499899
vt 0.276896 0.499644
vt 0.289549 0.499444
vt 0.301897 0.499321
vt 0.314432 0.498887
vt 0.326784 0.498430
vt 0.338758 0.498233
vt 0.350624 0.498251
vt 0.362557 0.498414
vt 0.374842 0.498973
vt 0.386799 0.498711
vt 0.225941 0.512395
vt 0.213634 0.512471
vt 0.238209 0.512386
vt 0.250873 0.512526
vt 0.263783 0.512390
vt 0.276607 0.512151
vt 0.289073 0.512104
vt 0.301944 0.511442
vt 0.314218 0.511231
vt 0.326546 0.510924
vt 0.338661 0.510770
vt 0.350707 0.510793
vt 0.362840 0.511001
vt 0.374909 0.510957
vt 0.386961 0.510878
vt 0.225981 0.525047
vt 0.213604 0.525123
vt 0.238449 0.525200
vt 0.251033 0.525107
vt 0.263814 0.524918
vt 0.276416 0.524718
vt 0.288888 0.524605
vt 0.301289 0.524382
vt 0.313938 0.523837
vt 0.326471 0.523226
vt 0.338594 0.523401
vt 0.350753 0.523448
vt 0.362921 0.523569
vt 0.375067 0.523506
vt 0.387247 0.523457
vt 0.225888 0.538261
vt 0.213570 0.537928
vt 0.238356 0.538032
vt 0.250951 0.537851
vt 0.263677 0.537693
vt 0.276106 0.537694
vt 0.288562 0.537325
vt 0.301388 0.536667
vt 0.313818 0.536375
vt 0.326201 0.536125
vt 0.338522 0.535935
vt 0.350773 0.536010
vt 0.363002 0.535931
vt 0.375142 0.535678
vt 0.387541 0.536157
vt 0.225714 0.551168
vt 0.213370 0.551332
vt 0.238146 0.550950
vt 0.250654 0.550721
vt 0.263345 0.550367
vt 0.276135 0.549921
vt 0.288289 0.549883
vt 0.301056 0.549442
vt 0.313652 0.549135
vt 0.326100 0.548927
vt 0.338481 0.548752
vt 0.350810 0.548674
vt 0.363121 0.548716
vt 0.375488 0.548952
vt 0.387798 0.548887
vt 0.225496 0.564112
vt 0.213304 0.564048
vt 0.237924 0.563701
vt 0.250388 0.563383
vt 0.263273 0.562782
vt 0.275920 0.562385
vt 0.288374 0.562241
vt 0.300911 0.562171
vt 0.313594 0.561813
vt 0.326058 0.561657
vt 0.338473 0.561626
vt 0.350866 0.561493
vt 0.363311 0.561892
vt 0.375640 0.561700
vt 0.388064 0.561848
vt 0.225249 0.576929
vt 0.213265 0.576782
vt 0.237495 0.576491
vt 0.250261 0.575810
vt 0.262804 0.575500
vt 0.275761 0.574859
vt 0.288033 0.575112
vt 0.300921 0.574773
vt 0.313512 0.574766
vt 0.326023 0.574577
vt 0.338500 0.574508
vt 0.350962 0.574494
vt 0.363395 0.574466
vt 0.375802 0.574573
vt 0.388213 0.574681
vt 0.225186 0.588876
vt 0.213232 0.588815
vt 0.237134 0.588879
vt 0.249924 0.588329
vt 0.262467 0.588045
vt 0.275212 0.587716
vt 0.287827 0.587513
vt 0.301126 0.587255
vt 0.313710 0.587267
vt 0.326073 0.587172
vt 0.338540 0.587130
vt 0.351025 0.587113
vt 0.363495 0.587107
vt 0.375932 0.587221
vt 0.388238 0.587123
vt 0.399310 0.413772
vt 0.399590 0.425801
vt 0.399234 0.438093
vt 0.398766 0.450480
vt 0.398526 0.462563
vt 0.398597 0.474570
vt 0.398930 0.486734
vt 0.398907 0.498795
vt 0.399149 0.510994
vt 0.399697 0.523750
vt 0.400003 0.536413
vt 0.400245 0.549059
vt 0.400561 0.561967
vt 0.400656 0.574532
vt 0.400704 0.587017
vt 0.400638 0.599487
vt 0.388155 0.599416
vt 0.375950 0.599508
vt 0.363594 0.599542
vt 0.351047 0.599595
vt 0.338555 0.599615
vt 0.326099 0.599630
vt 0.313649 0.599644
vt 0.300767 0.599752
vt 0.288125 0.599897
vt 0.275237 0.600085
vt 0.262639 0.600291
vt 0.249630 0.600642
vt 0.237180 0.600886
vt 0.225005 0.601164
vt 0.213109 0.601105
vt 0.213028 0.613103
vt 0.224811 0.613198
vt 0.224808 0.624962
vt 0.212966 0.624965
vt 0.236948 0.613001
vt 0.236993 0.624919
vt 0.249662 0.612744
vt 0.249548 0.624844
vt 0.262682 0.612521
vt 0.262695 0.624705
vt 0.275428 0.612375
vt 0.275327 0.624663
vt 0.288226 0.612252
vt 0.287876 0.624666
vt 0.300948 0.612162
vt 0.300979 0.624524
vt 0.313652 0.612099
vt 0.313723 0.624511
vt 0.326124 0.612081
vt 0.326131 0.624515
vt 0.338533 0.612071
vt 0.338573 0.624516
vt 0.351063 0.612063
vt 0.351075 0.624514
vt 0.363511 0.612059
vt 0.363521 0.624511
vt 0.375965 0.612065
vt 0.375969 0.624506
vt 0.388408 0.612105
vt 0.388395 0.624498
vt 0.224860 0.636798
vt 0.212996 0.636842
vt 0.237089 0.636862
vt 0.249555 0.636905
vt 0.262451 0.636908
vt 0.275171 0.636941
vt 0.287746 0.636977
vt 0.300457 0.637003
vt 0.313647 0.636944
vt 0.326131 0.636952
vt 0.338517 0.636963
vt 0.351065 0.636977
vt 0.363528 0.636962
vt 0.375982 0.636947
vt 0.388425 0.636922
vt 0.224985 0.648740
vt 0.213053 0.648732
vt 0.237249 0.648902
vt 0.249490 0.648974
vt 0.262185 0.649125
vt 0.274932 0.649240
vt 0.287752 0.649289
vt 0.300439 0.649378
vt 0.313654 0.649442
vt 0.326124 0.649432
vt 0.338615 0.649459
vt 0.351080 0.649442
vt 0.363547 0.649421
vt 0.376004 0.649399
vt 0.388457 0.649366
vt 0.225238 0.660929
vt 0.213108 0.660641
vt 0.237498 0.661123
vt 0.249887 0.661280
vt 0.262531 0.661498
vt 0.274977 0.661537
vt 0.287471 0.661592
vt 0.300628 0.661829
vt 0.313663 0.661955
vt 0.326128 0.661881
vt 0.338620 0.661973
vt 0.351107 0.661915
vt 0.363572 0.661881
vt 0.376038 0.661868
vt 0.388496 0.661817
vt 0.225573 0.673419
vt 0.213489 0.673393
vt 0.237776 0.673477
vt 0.250189 0.673670
vt 0.262802 0.673929
vt 0.275323 0.674022
vt 0.287839 0.674032
vt 0.301163 0.674456
vt 0.313810 0.674482
vt 0.326280 0.674432
vt 0.338624 0.674409
vt 0.351150 0.674387
vt 0.363605 0.674329
vt 0.376074 0.674303
vt 0.388520 0.674286
vt 0.225731 0.685739
vt 0.213585 0.685774
vt 0.238266 0.686266
vt 0.250612 0.686297
vt 0.263122 0.686467
vt 0.275754 0.686684
vt 0.288302 0.686647
vt 0.301320 0.686975
vt 0.313785 0.686993
vt 0.326273 0.686963
vt 0.338748 0.686912
vt 0.351219 0.686856
vt 0.363680 0.686787
vt 0.376113 0.686667
vt 0.388578 0.686784
vt 0.226024 0.698497
vt 0.213698 0.698298
vt 0.238708 0.699127
vt 0.251061 0.699171
vt 0.263527 0.699167
vt 0.276542 0.699715
vt 0.288832 0.699526
vt 0.301331 0.699471
vt 0.313826 0.699461
vt 0.326309 0.699438
vt 0.338802 0.699381
vt 0.351274 0.699331
vt 0.363752 0.699291
vt 0.376190 0.699245
vt 0.388636 0.699215
vt 0.226195 0.711168
vt 0.213857 0.711142
vt 0.238795 0.711633
vt 0.251282 0.711808
vt 0.263703 0.711725
vt 0.276412 0.711970
vt 0.288921 0.712005
vt 0.301380 0.711964
vt 0.313850 0.711925
vt 0.326349 0.711881
vt 0.338848 0.711839
vt 0.351314 0.711804
vt 0.363783 0.711764
vt 0.376244 0.711679
vt 0.388682 0.711654
vt 0.226436 0.724111
vt 0.214002 0.724037
vt 0.238895 0.724250
vt 0.251408 0.724432
vt 0.263907 0.724430
vt 0.276432 0.724461
vt 0.288938 0.724464
vt 0.301418 0.724439
vt 0.313899 0.724389
vt 0.326396 0.724339
vt 0.338864 0.724309
vt 0.351431 0.724298
vt 0.363832 0.724265
vt 0.376257 0.724228
vt 0.388720 0.724115
vt 0.226619 0.737070
vt 0.214141 0.737001
vt 0.239088 0.737127
vt 0.251520 0.737092
vt 0.263985 0.737035
vt 0.276469 0.736956
vt 0.288950 0.736956
vt 0.301460 0.736935
vt 0.313955 0.736863
vt 0.326440 0.736808
vt 0.338906 0.736777
vt 0.351383 0.736753
vt 0.363830 0.736756
vt 0.376312 0.736624
vt 0.388754 0.736591
vt 0.226658 0.749591
vt 0.214235 0.749619
vt 0.239117 0.749565
vt 0.251559 0.749524
vt 0.264084 0.749558
vt 0.276487 0.749657
vt 0.288942 0.749450
vt 0.301615 0.749412
vt 0.313942 0.749386
vt 0.326480 0.749287
vt 0.338950 0.749248
vt 0.351411 0.749221
vt 0.363866 0.749187
vt 0.376327 0.749143
vt 0.388775 0.749105
vt 0.226663 0.762070
vt 0.214178 0.762240
vt 0.239151 0.762020
vt 0.251607 0.761982
vt 0.264084 0.761969
vt 0.276527 0.761951
vt 0.288999 0.761889
vt 0.301717 0.761680
vt 0.314064 0.761772
vt 0.326522 0.761753
vt 0.338984 0.761717
vt 0.351449 0.761680
vt 0.363898 0.761634
vt 0.376365 0.761618
vt 0.388839 0.761541
vt 0.226483 0.774728
vt 0.214090 0.774649
vt 0.239064 0.774546
vt 0.251632 0.774404
vt 0.264020 0.774401
vt 0.276574 0.774277
vt 0.289134 0.774301
vt 0.301595 0.774227
vt 0.314083 0.774232
vt 0.326549 0.774212
vt 0.339016 0.774185
vt 0.351493 0.774149
vt 0.364027 0.774106
vt 0.376408 0.774085
vt 0.388838 0.774025
vt 0.226451 0.787157
vt 0.214008 0.787190
vt 0.238986 0.787062
vt 0.251542 0.786949
vt 0.264063 0.786857
vt 0.276622 0.786616
vt 0.289137 0.786748
vt 0.301619 0.786725
vt 0.314101 0.786705
vt 0.326574 0.786681
vt 0.339044 0.786654
vt 0.351513 0.786627
vt 0.363981 0.786610
vt 0.376424 0.786596
vt 0.388900 0.786458
vt 0.400779 0.612019
vt 0.400820 0.624426
vt 0.400867 0.636882
vt 0.400915 0.649328
vt 0.400955 0.661754
vt 0.400985 0.674257
vt 0.400990 0.686738
vt 0.401078 0.699161
vt 0.401157 0.711627
vt 0.401186 0.724088
vt 0.401186 0.736556
vt 0.401245 0.749039
vt 0.401298 0.761483
vt 0.401331 0.773883
vt 0.401364 0.786396
vt 0.401424 0.798908
vt 0.388950 0.798963
vt 0.376477 0.799031
vt 0.364006 0.799074
vt 0.351539 0.799107
vt 0.339071 0.799125
vt 0.326602 0.799152
vt 0.314124 0.799185
vt 0.301641 0.799209
vt 0.289152 0.799227
vt 0.276649 0.799250
vt 0.264158 0.799320
vt 0.251503 0.799450
vt 0.238964 0.799545
vt 0.226426 0.799631
vt 0.213954 0.799659
vt 0.213914 0.812073
vt 0.226325 0.812050
vt 0.226317 0.824422
vt 0.213941 0.824442
vt 0.238560 0.812169
vt 0.238692 0.824410
vt 0.251474 0.811915
vt 0.251582 0.824343
vt 0.264220 0.811785
vt 0.264184 0.824279
vt 0.276690 0.811745
vt 0.276715 0.824238
vt 0.289177 0.811718
vt 0.289205 0.824205
vt 0.301663 0.811693
vt 0.301688 0.824180
vt 0.314177 0.811675
vt 0.314156 0.824151
vt 0.326634 0.811621
vt 0.326654 0.824095
vt 0.339093 0.811582
vt 0.339141 0.824020
vt 0.351553 0.811570
vt 0.351604 0.823904
vt 0.364056 0.811556
vt 0.364169 0.824033
vt 0.376536 0.811496
vt 0.376539 0.824002
vt 0.389009 0.811436
vt 0.389078 0.823902
vt 0.226462 0.836752
vt 0.213998 0.836868
vt 0.238596 0.836669
vt 0.251636 0.836757
vt 0.264254 0.836764
vt 0.276752 0.836727
vt 0.289238 0.836691
vt 0.301715 0.836659
vt 0.314192 0.836624
vt 0.326675 0.836585
vt 0.339166 0.836505
vt 0.351677 0.836430
vt 0.364162 0.836441
vt 0.376622 0.836384
vt 0.389111 0.836365
vt 0.226570 0.848861
vt 0.214106 0.849261
vt 0.238759 0.848871
vt 0.251741 0.849234
vt 0.264323 0.849245
vt 0.276788 0.849208
vt 0.289268 0.849174
vt 0.301750 0.849149
vt 0.314231 0.849105
vt 0.326709 0.849067
vt 0.339175 0.849033
vt 0.351692 0.848935
vt 0.364183 0.848914
vt 0.376677 0.848883
vt 0.389155 0.848838
vt 0.226669 0.861558
vt 0.214206 0.861640
vt 0.239258 0.861644
vt 0.251846 0.861733
vt 0.264338 0.861713
vt 0.276862 0.861700
vt 0.289248 0.861668
vt 0.301780 0.861546
vt 0.314277 0.861597
vt 0.326747 0.861534
vt 0.339215 0.861506
vt 0.351711 0.861459
vt 0.364213 0.861401
vt 0.376700 0.861373
vt 0.389210 0.861337
vt 0.226817 0.874168
vt 0.214343 0.874180
vt 0.239367 0.874226
vt 0.251876 0.874237
vt 0.264358 0.874183
vt 0.276834 0.874155
vt 0.289296 0.874110
vt 0.301783 0.874064
vt 0.314307 0.874043
vt 0.326730 0.874018
vt 0.339246 0.873998
vt 0.351757 0.873963
vt 0.364241 0.873891
vt 0.376718 0.873867
vt 0.389230 0.873862
vt 0.226957 0.886781
vt 0.214470 0.886783
vt 0.239424 0.886731
vt 0.251894 0.886709
vt 0.264349 0.886688
vt 0.276856 0.886644
vt 0.289336 0.886640
vt 0.301813 0.886584
vt 0.314328 0.886485
vt 0.326773 0.886479
vt 0.339278 0.886520
vt 0.351787 0.886587
vt 0.364294 0.886622
vt 0.376765 0.886608
vt 0.389255 0.886499
vt 0.227007 0.899247
vt 0.214546 0.899297
vt 0.239457 0.899193
vt 0.251916 0.899174
vt 0.264370 0.899087
vt 0.276933 0.899132
vt 0.289424 0.899116
vt 0.301866 0.899068
vt 0.314363 0.899016
vt 0.327022 0.899270
vt 0.339446 0.899258
vt 0.351839 0.899713
vt 0.364351 0.899285
vt 0.376815 0.899243
vt 0.389238 0.899127
vt 0.227046 0.911706
vt 0.214599 0.911749
vt 0.239496 0.911674
vt 0.251968 0.911636
vt 0.264444 0.911579
vt 0.276936 0.911517
vt 0.289449 0.911555
vt 0.301905 0.911521
vt 0.314521 0.911565
vt 0.327832 0.912241
vt 0.339764 0.912059
vt 0.352069 0.911927
vt 0.364556 0.911617
vt 0.376923 0.911636
vt 0.389256 0.911348
vt 0.227083 0.924153
vt 0.214643 0.924186
vt 0.239535 0.924082
vt 0.252047 0.924141
vt 0.264505 0.924038
vt 0.276963 0.924015
vt 0.289454 0.924030
vt 0.301994 0.924038
vt 0.314634 0.924086
vt 0.327579 0.924268
vt 0.339887 0.924341
vt 0.352244 0.924256
vt 0.364609 0.923842
vt 0.376985 0.924122
vt 0.389388 0.924021
vt 0.227111 0.936605
vt 0.214671 0.936636
vt 0.239590 0.936608
vt 0.252105 0.936574
vt 0.264534 0.936471
vt 0.276954 0.936487
vt 0.289423 0.936532
vt 0.302084 0.936549
vt 0.314778 0.936588
vt 0.327392 0.936661
vt 0.339867 0.936703
vt 0.352358 0.936801
vt 0.364719 0.936815
vt 0.377018 0.936804
vt 0.389382 0.936618
vt 0.227107 0.949031
vt 0.214694 0.949052
vt 0.239572 0.949116
vt 0.252192 0.948958
vt 0.264546 0.948974
vt 0.276868 0.948998
vt 0.289316 0.949012
vt 0.302091 0.949008
vt 0.314814 0.949060
vt 0.327407 0.949111
vt 0.339959 0.949169
vt 0.352404 0.949180
vt 0.364748 0.949166
vt 0.377105 0.949097
vt 0.389463 0.948990
vt 0.227172 0.961477
vt 0.214759 0.961530
vt 0.239603 0.961464
vt 0.252165 0.961348
vt 0.264499 0.961399
vt 0.276865 0.961377
vt 0.289254 0.961423
vt 0.301800 0.961476
vt 0.314728 0.961508
vt 0.327374 0.961557
vt 0.339944 0.961585
vt 0.352401 0.961545
vt 0.364762 0.961558
vt 0.377186 0.961417
vt 0.389571 0.961349
vt 0.227210 0.973862
vt 0.214823 0.973936
vt 0.239635 0.973715
vt 0.252126 0.973753
vt 0.264459 0.973761
vt 0.276780 0.973736
vt 0.289102 0.973763
vt 0.301732 0.973852
vt 0.314620 0.973992
vt 0.327272 0.974031
vt 0.339895 0.974054
vt 0.352293 0.974023
vt 0.364802 0.973952
vt 0.377257 0.973855
vt 0.389693 0.973749
vt 0.227307 0.986249
vt 0.214909 0.986331
vt 0.239717 0.986163
vt 0.252122 0.986133
vt 0.264502 0.986099
vt 0.276942 0.986044
vt 0.289323 0.986151
vt 0.302300 0.986574
vt 0.314804 0.986533
vt 0.327358 0.986530
vt 0.339899 0.986526
vt 0.352394 0.986497
vt 0.364875 0.986427
vt 0.377369 0.986334
vt 0.389861 0.986234
vt 0.401478 0.811379
vt 0.401536 0.823846
vt 0.401585 0.836318
vt 0.401633 0.848786
vt 0.401736 0.861280
vt 0.401750 0.873811
vt 0.401783 0.886389
vt 0.401683 0.899215
vt 0.401734 0.911852
vt 0.401802 0.924044
vt 0.401786 0.936492
vt 0.401868 0.948862
vt 0.401958 0.961233
vt 0.402148 0.973636
vt 0.402370 0.986123
vt 0.402231 0.998818
vt 0.389749 0.999098
vt 0.377345 0.999216
vt 0.364955 0.999260
vt 0.352533 0.999108
vt 0.340147 0.999533
vt 0.327701 0.999428
vt 0.315254 0.999406
vt 0.302594 0.999116
vt 0.289992 0.998980
vt 0.276931 0.998403
vt 0.264555 0.998463
vt 0.252169 0.998536
vt 0.239780 0.998564
vt 0.227371 0.998693
vt 0.214991 0.998726
vt 0.413056 0.014293
vt 0.425524 0.014353
vt 0.425492 0.026808
vt 0.413055 0.026782
vt 0.438001 0.014370
vt 0.437952 0.026849
vt 0.450490 0.014469
vt 0.450412 0.026918
vt 0.462918 0.014565
vt 0.462849 0.026978
vt 0.475327 0.014610
vt 0.475268 0.027030
vt 0.487730 0.014691
vt 0.487671 0.027083
vt 0.500110 0.014752
vt 0.500070 0.027137
vt 0.512482 0.014796
vt 0.512459 0.027163
vt 0.524794 0.014879
vt 0.524789 0.027141
vt 0.537273 0.014673
vt 0.537195 0.027163
vt 0.549643 0.014728
vt 0.549607 0.027163
vt 0.562020 0.014709
vt 0.561984 0.027169
vt 0.574372 0.014756
vt 0.574261 0.027192
vt 0.586783 0.014688
vt 0.586805 0.027107
vt 0.425459 0.039243
vt 0.413042 0.039208
vt 0.437887 0.039299
vt 0.450373 0.039379
vt 0.462804 0.039397
vt 0.475221 0.039442
vt 0.487631 0.039485
vt 0.500023 0.039527
vt 0.512428 0.039574
vt 0.524815 0.039594
vt 0.537205 0.039577
vt 0.549609 0.039570
vt 0.562017 0.039573
vt 0.574419 0.039539
vt 0.586809 0.039518
vt 0.425388 0.051635
vt 0.413033 0.051621
vt 0.437843 0.051740
vt 0.450322 0.051785
vt 0.462753 0.051829
vt 0.475163 0.051874
vt 0.487587 0.051888
vt 0.499988 0.051946
vt 0.512365 0.051975
vt 0.524818 0.051981
vt 0.537213 0.051978
vt 0.549615 0.051971
vt 0.562087 0.051981
vt 0.574494 0.051988
vt 0.586880 0.052016
vt 0.425489 0.064111
vt 0.413057 0.064061
vt 0.437835 0.064175
vt 0.450278 0.064225
vt 0.462724 0.064251
vt 0.475138 0.064293
vt 0.487546 0.064338
vt 0.499953 0.064363
vt 0.512393 0.064387
vt 0.524807 0.064379
vt 0.537226 0.064392
vt 0.549603 0.064355
vt 0.562089 0.064353
vt 0.574510 0.064351
vt 0.586956 0.064372
vt 0.425435 0.076560
vt 0.413015 0.076497
vt 0.437835 0.076606
vt 0.450229 0.076651
vt 0.462646 0.076706
vt 0.475089 0.076728
vt 0.487517 0.076778
vt 0.499937 0.076806
vt 0.512381 0.076829
vt 0.524830 0.076794
vt 0.537243 0.076748
vt 0.549656 0.076739
vt 0.562149 0.076723
vt 0.574541 0.076704
vt 0.586920 0.076685
vt 0.425374 0.088965
vt 0.412972 0.088900
vt 0.437782 0.089027
vt 0.450196 0.089076
vt 0.462617 0.089119
vt 0.475052 0.089159
vt 0.487478 0.089194
vt 0.499896 0.089230
vt 0.512364 0.089353
vt 0.524885 0.089214
vt 0.537287 0.089162
vt 0.549696 0.089138
vt 0.562113 0.089105
vt 0.574517 0.089083
vt 0.586902 0.089056
vt 0.425313 0.101373
vt 0.412946 0.101264
vt 0.437726 0.101447
vt 0.450147 0.101495
vt 0.462569 0.101538
vt 0.475016 0.101571
vt 0.487420 0.101618
vt 0.500012 0.101598
vt 0.512236 0.101692
vt 0.524978 0.101567
vt 0.537328 0.101555
vt 0.549719 0.101552
vt 0.562095 0.101506
vt 0.574485 0.101486
vt 0.586895 0.101441
vt 0.425044 0.113883
vt 0.412894 0.113826
vt 0.437659 0.113897
vt 0.450103 0.113913
vt 0.462517 0.113954
vt 0.475151 0.114030
vt 0.487354 0.113987
vt 0.499975 0.113842
vt 0.512312 0.113623
vt 0.524918 0.113901
vt 0.537313 0.113938
vt 0.549745 0.113915
vt 0.562077 0.113905
vt 0.574390 0.113943
vt 0.586893 0.113822
vt 0.425233 0.126381
vt 0.412868 0.126483
vt 0.437674 0.126368
vt 0.450086 0.126366
vt 0.462468 0.126368
vt 0.475099 0.126232
vt 0.487445 0.126309
vt 0.499876 0.126255
vt 0.512373 0.126220
vt 0.524859 0.126286
vt 0.537285 0.126318
vt 0.549698 0.126344
vt 0.562068 0.126373
vt 0.574420 0.126348
vt 0.586844 0.126306
vt 0.425257 0.138839
vt 0.412829 0.138819
vt 0.437690 0.138792
vt 0.450100 0.138758
vt 0.462486 0.138736
vt 0.475004 0.138726
vt 0.487468 0.138720
vt 0.499908 0.138707
vt 0.512365 0.138692
vt 0.524815 0.138728
vt 0.537254 0.138749
vt 0.549678 0.138782
vt 0.562078 0.138823
vt 0.574459 0.138789
vt 0.586859 0.138767
vt 0.425295 0.151283
vt 0.412786 0.151220
vt 0.437710 0.151236
vt 0.450124 0.151185
vt 0.462545 0.151203
vt 0.475026 0.151207
vt 0.487477 0.151139
vt 0.499905 0.151167
vt 0.512357 0.151129
vt 0.524792 0.151178
vt 0.537240 0.151180
vt 0.549658 0.151199
vt 0.562074 0.151207
vt 0.574480 0.151192
vt 0.586873 0.151166
vt 0.425254 0.163675
vt 0.412788 0.163656
vt 0.437723 0.163713
vt 0.450137 0.163683
vt 0.462736 0.164173
vt 0.475075 0.164102
vt 0.487449 0.164015
vt 0.499864 0.163795
vt 0.512242 0.163915
vt 0.524709 0.163785
vt 0.537238 0.163579
vt 0.549644 0.163627
vt 0.562082 0.163627
vt 0.574509 0.163597
vt 0.586909 0.163526
vt 0.425244 0.176137
vt 0.412757 0.176095
vt 0.437788 0.176248
vt 0.450301 0.176440
vt 0.462754 0.176635
vt 0.475117 0.176707
vt 0.487460 0.176587
vt 0.499780 0.176654
vt 0.512131 0.176592
vt 0.524530 0.176531
vt 0.536916 0.176508
vt 0.549536 0.176187
vt 0.562102 0.176074
vt 0.574562 0.176038
vt 0.587013 0.175989
vt 0.425544 0.188919
vt 0.412880 0.188669
vt 0.438012 0.188968
vt 0.450443 0.189092
vt 0.462834 0.189249
vt 0.475171 0.189400
vt 0.487488 0.189015
vt 0.499728 0.189126
vt 0.512025 0.189146
vt 0.524335 0.189213
vt 0.536787 0.189038
vt 0.549334 0.188858
vt 0.561964 0.188648
vt 0.574559 0.188496
vt 0.587026 0.188425
vt 0.413071 0.001942
vt 0.425621 0.001904
vt 0.438045 0.001859
vt 0.450426 0.001915
vt 0.463005 0.002174
vt 0.475380 0.002212
vt 0.487809 0.002319
vt 0.500171 0.002383
vt 0.512558 0.002396
vt 0.524996 0.002240
vt 0.537336 0.002260
vt 0.549717 0.002187
vt 0.562078 0.002170
vt 0.574422 0.002214
vt 0.586767 0.002255
vt 0.599140 0.002272
vt 0.599219 0.014679
vt 0.599228 0.027100
vt 0.599225 0.039524
vt 0.599205 0.052125
vt 0.599252 0.064384
vt 0.599204 0.076650
vt 0.599256 0.089039
vt 0.599279 0.101359
vt 0.599269 0.113816
vt 0.599286 0.126327
vt 0.599275 0.138760
vt 0.599244 0.151171
vt 0.599169 0.163451
vt 0.599542 0.176024
vt 0.599432 0.188464
vt 0.599386 0.200910
vt 0.586974 0.200882
vt 0.574532 0.200943
vt 0.561961 0.201121
vt 0.549102 0.201421
vt 0.536494 0.201689
vt 0.524132 0.201814
vt 0.511848 0.201934
vt 0.499631 0.201961
vt 0.487424 0.201991
vt 0.475215 0.201935
vt 0.462927 0.201793
vt 0.450629 0.201683
vt 0.438168 0.201510
vt 0.425951 0.201467
vt 0.412857 0.201079
vt 0.412839 0.213440
vt 0.425700 0.213692
vt 0.426001 0.226165
vt 0.413470 0.226073
vt 0.438340 0.213925
vt 0.438513 0.226288
vt 0.450801 0.214094
vt 0.450912 0.226405
vt 0.463241 0.214483
vt 0.463199 0.226518
vt 0.475289 0.214392
vt 0.475341 0.226600
vt 0.487433 0.214380
vt 0.487437 0.226618
vt 0.499580 0.214346
vt 0.499559 0.226539
vt 0.511738 0.214313
vt 0.511707 0.226480
vt 0.524043 0.214149
vt 0.523864 0.226485
vt 0.536389 0.214038
vt 0.536249 0.226351
vt 0.548930 0.213869
vt 0.548590 0.226278
vt 0.561669 0.213639
vt 0.561702 0.225929
vt 0.574778 0.213196
vt 0.574245 0.225803
vt 0.586964 0.213208
vt 0.586856 0.225703
vt 0.426095 0.238460
vt 0.413576 0.238383
vt 0.438603 0.238544
vt 0.451018 0.238633
vt 0.463260 0.238686
vt 0.475376 0.238736
vt 0.487438 0.238786
vt 0.499480 0.238775
vt 0.511592 0.238709
vt 0.523741 0.238678
vt 0.536148 0.238581
vt 0.548611 0.238491
vt 0.561466 0.238344
vt 0.574016 0.238316
vt 0.586621 0.238263
vt 0.426124 0.250725
vt 0.413625 0.250685
vt 0.438638 0.250758
vt 0.451006 0.250780
vt 0.463150 0.250790
vt 0.475312 0.250799
vt 0.487500 0.250825
vt 0.499446 0.250815
vt 0.511557 0.250793
vt 0.523682 0.250776
vt 0.536094 0.250762
vt 0.548729 0.250750
vt 0.561366 0.250709
vt 0.574038 0.250706
vt 0.586633 0.250702
vt 0.426131 0.262990
vt 0.413644 0.262991
vt 0.438612 0.262968
vt 0.451016 0.262925
vt 0.463222 0.262904
vt 0.475402 0.262867
vt 0.487441 0.262829
vt 0.499478 0.262833
vt 0.511577 0.262855
vt 0.523784 0.262867
vt 0.536103 0.262925
vt 0.549143 0.263073
vt 0.561627 0.263094
vt 0.574160 0.263107
vt 0.586767 0.263181
vt 0.426085 0.275266
vt 0.413699 0.275286
vt 0.438460 0.275253
vt 0.450929 0.275123
vt 0.463206 0.275034
vt 0.475367 0.274954
vt 0.487444 0.274918
vt 0.499507 0.274926
vt 0.511574 0.274930
vt 0.523544 0.274898
vt 0.535990 0.275067
vt 0.549086 0.275285
vt 0.561939 0.275441
vt 0.574395 0.275568
vt 0.586859 0.275634
vt 0.425773 0.287778
vt 0.413445 0.287686
vt 0.438218 0.287660
vt 0.450839 0.287376
vt 0.463147 0.287243
vt 0.475311 0.287190
vt 0.487429 0.287221
vt 0.499551 0.287172
vt 0.511708 0.287232
vt 0.523890 0.287242
vt 0.536206 0.287307
vt 0.548834 0.287526
vt 0.561425 0.287740
vt 0.574076 0.287947
vt 0.586848 0.288079
vt 0.425631 0.300163
vt 0.413152 0.300251
vt 0.438124 0.300023
vt 0.450682 0.299758
vt 0.463007 0.299606
vt 0.475319 0.299271
vt 0.487428 0.299398
vt 0.499590 0.299423
vt 0.511807 0.299511
vt 0.523956 0.299424
vt 0.536252 0.299563
vt 0.548665 0.299767
vt 0.561214 0.300023
vt 0.574209 0.300427
vt 0.586836 0.300550
vt 0.425141 0.312974
vt 0.412841 0.312861
vt 0.437868 0.312580
vt 0.450387 0.312369
vt 0.463031 0.311792
vt 0.475205 0.311778
vt 0.487425 0.311794
vt 0.499663 0.311867
vt 0.511913 0.311879
vt 0.524264 0.312105
vt 0.536653 0.312325
vt 0.549079 0.312428
vt 0.561498 0.312478
vt 0.574590 0.313097
vt 0.586885 0.313001
vt 0.424894 0.325424
vt 0.412527 0.325396
vt 0.437644 0.325180
vt 0.450150 0.325050
vt 0.462699 0.324701
vt 0.475113 0.324440
vt 0.487403 0.324436
vt 0.499686 0.324247
vt 0.511831 0.323960
vt 0.524167 0.324377
vt 0.536837 0.324881
vt 0.549383 0.325033
vt 0.562118 0.325307
vt 0.574728 0.325389
vt 0.586866 0.325369
vt 0.425087 0.337779
vt 0.412706 0.337916
vt 0.437623 0.337634
vt 0.450110 0.337644
vt 0.462611 0.337428
vt 0.475025 0.337303
vt 0.487411 0.337153
vt 0.499761 0.336898
vt 0.512030 0.336766
vt 0.524723 0.337564
vt 0.537111 0.337580
vt 0.549681 0.337738
vt 0.562155 0.337726
vt 0.574571 0.337687
vt 0.586956 0.337757
vt 0.425227 0.350192
vt 0.412800 0.350331
vt 0.437723 0.349930
vt 0.450217 0.350406
vt 0.462562 0.350225
vt 0.474991 0.350114
vt 0.487420 0.350059
vt 0.499858 0.350086
vt 0.512348 0.350133
vt 0.524832 0.350113
vt 0.537229 0.350069
vt 0.549655 0.350233
vt 0.562087 0.350265
vt 0.574519 0.350285
vt 0.586923 0.350272
vt 0.425329 0.362607
vt 0.412995 0.362805
vt 0.437744 0.362607
vt 0.450170 0.362681
vt 0.462575 0.362683
vt 0.474997 0.362677
vt 0.487425 0.362676
vt 0.499857 0.362671
vt 0.512292 0.362690
vt 0.524865 0.362589
vt 0.537297 0.362670
vt 0.549575 0.362699
vt 0.562063 0.362700
vt 0.574631 0.362796
vt 0.586978 0.362711
vt 0.425287 0.375014
vt 0.412953 0.375080
vt 0.437707 0.375059
vt 0.450145 0.375085
vt 0.462587 0.375133
vt 0.474989 0.375118
vt 0.487427 0.375101
vt 0.499846 0.375094
vt 0.512269 0.375137
vt 0.524732 0.375134
vt 0.537236 0.375089
vt 0.549660 0.375126
vt 0.562044 0.375107
vt 0.574573 0.375131
vt 0.586996 0.375126
vt 0.424888 0.387966
vt 0.412179 0.388475
vt 0.437659 0.387559
vt 0.450171 0.387544
vt 0.462596 0.387517
vt 0.475045 0.387557
vt 0.487483 0.387558
vt 0.499842 0.387477
vt 0.512217 0.387571
vt 0.524644 0.387627
vt 0.537202 0.387594
vt 0.549675 0.387581
vt 0.562136 0.387566
vt 0.574573 0.387560
vt 0.587007 0.387551
vt 0.599351 0.213327
vt 0.599307 0.225745
vt 0.599252 0.238182
vt 0.599176 0.250680
vt 0.599242 0.263160
vt 0.599295 0.275633
vt 0.599297 0.288079
vt 0.599307 0.300530
vt 0.599434 0.312894
vt 0.599376 0.325329
vt 0.599373 0.337771
vt 0.599365 0.350237
vt 0.599397 0.362674
vt 0.599421 0.375107
vt 0.599439 0.387539
vt 0.599453 0.399975
vt 0.587020 0.399981
vt 0.574586 0.399997
vt 0.562146 0.400013
vt 0.549700 0.400030
vt 0.537261 0.400074
vt 0.524840 0.400130
vt 0.512156 0.399918
vt 0.499920 0.399918
vt 0.487575 0.399928
vt 0.475052 0.399976
vt 0.462633 0.399984
vt 0.450215 0.400029
vt 0.437467 0.400279
vt 0.424323 0.400914
vt 0.411854 0.401132
vt 0.411920 0.413391
vt 0.424168 0.413327
vt 0.424018 0.425657
vt 0.411740 0.425715
vt 0.437285 0.412823
vt 0.436957 0.425303
vt 0.450425 0.412309
vt 0.449958 0.424877
vt 0.462646 0.412329
vt 0.462526 0.424738
vt 0.475027 0.412390
vt 0.474972 0.424842
vt 0.487451 0.412425
vt 0.487445 0.424879
vt 0.499909 0.412326
vt 0.499917 0.424881
vt 0.512302 0.412357
vt 0.512402 0.424879
vt 0.524831 0.412537
vt 0.524825 0.424859
vt 0.537291 0.412501
vt 0.537308 0.424939
vt 0.549725 0.412475
vt 0.549746 0.424916
vt 0.562165 0.412455
vt 0.562185 0.424898
vt 0.574605 0.412434
vt 0.574629 0.424879
vt 0.587038 0.412407
vt 0.587075 0.424853
vt 0.424052 0.437896
vt 0.411442 0.438118
vt 0.436870 0.437697
vt 0.449628 0.437537
vt 0.462237 0.437476
vt 0.474828 0.437421
vt 0.487420 0.437378
vt 0.499916 0.437369
vt 0.512401 0.437350
vt 0.524863 0.437361
vt 0.537312 0.437382
vt 0.549762 0.437350
vt 0.562198 0.437341
vt 0.574639 0.437322
vt 0.587063 0.437299
vt 0.423808 0.450233
vt 0.411255 0.450336
vt 0.436770 0.450068
vt 0.449700 0.449974
vt 0.462405 0.449949
vt 0.474895 0.449927
vt 0.487440 0.449883
vt 0.499938 0.449853
vt 0.512413 0.449826
vt 0.524876 0.449809
vt 0.537324 0.449793
vt 0.549759 0.449781
vt 0.562197 0.449768
vt 0.574662 0.449769
vt 0.587104 0.449714
vt 0.423788 0.462443
vt 0.411176 0.462537
vt 0.436608 0.462403
vt 0.449668 0.462386
vt 0.462339 0.462399
vt 0.475055 0.462436
vt 0.487506 0.462368
vt 0.499973 0.462322
vt 0.512441 0.462291
vt 0.524887 0.462267
vt 0.537341 0.462233
vt 0.549778 0.462210
vt 0.562212 0.462194
vt 0.574684 0.462208
vt 0.587156 0.462121
vt 0.423399 0.474594
vt 0.411383 0.474746
vt 0.436304 0.474674
vt 0.449618 0.474791
vt 0.462585 0.474905
vt 0.475120 0.474878
vt 0.487561 0.474821
vt 0.500012 0.474771
vt 0.512476 0.474740
vt 0.524918 0.474708
vt 0.537360 0.474678
vt 0.549788 0.474666
vt 0.562227 0.474610
vt 0.574709 0.474614
vt 0.587056 0.474597
vt 0.423935 0.486899
vt 0.411604 0.486912
vt 0.436850 0.487066
vt 0.449703 0.487194
vt 0.462751 0.487361
vt 0.475180 0.487315
vt 0.487616 0.487264
vt 0.500058 0.487219
vt 0.512506 0.487184
vt 0.524949 0.487145
vt 0.537389 0.487122
vt 0.549837 0.487089
vt 0.562309 0.487043
vt 0.574744 0.486948
vt 0.587155 0.487013
vt 0.424037 0.499144
vt 0.411722 0.499119
vt 0.436738 0.499356
vt 0.449825 0.499598
vt 0.462830 0.499777
vt 0.475240 0.499739
vt 0.487649 0.499709
vt 0.500095 0.499651
vt 0.512569 0.499711
vt 0.524966 0.499637
vt 0.537420 0.499577
vt 0.549879 0.499533
vt 0.562325 0.499501
vt 0.574764 0.499490
vt 0.587192 0.499452
vt 0.424542 0.511712
vt 0.411851 0.511426
vt 0.437011 0.511767
vt 0.450215 0.512128
vt 0.462808 0.512183
vt 0.475217 0.512176
vt 0.487698 0.512145
vt 0.500244 0.512108
vt 0.512608 0.512074
vt 0.524993 0.512044
vt 0.537542 0.512012
vt 0.549918 0.511976
vt 0.562354 0.511943
vt 0.574790 0.511919
vt 0.587225 0.511886
vt 0.424709 0.524124
vt 0.412083 0.523863
vt 0.437304 0.524269
vt 0.450311 0.524630
vt 0.462814 0.524622
vt 0.475275 0.524619
vt 0.487713 0.524597
vt 0.500136 0.524582
vt 0.512630 0.524482
vt 0.525047 0.524453
vt 0.537515 0.524446
vt 0.549932 0.524452
vt 0.562374 0.524389
vt 0.574817 0.524353
vt 0.587266 0.524327
vt 0.425050 0.536776
vt 0.412425 0.536511
vt 0.437862 0.537123
vt 0.450360 0.537113
vt 0.462832 0.537083
vt 0.475294 0.537064
vt 0.487737 0.537037
vt 0.500171 0.537005
vt 0.512593 0.536965
vt 0.525036 0.536826
vt 0.537549 0.536901
vt 0.549975 0.536870
vt 0.562404 0.536829
vt 0.574842 0.536793
vt 0.587268 0.536766
vt 0.425461 0.549645
vt 0.412787 0.549313
vt 0.437955 0.549621
vt 0.450404 0.549584
vt 0.462865 0.549546
vt 0.475322 0.549514
vt 0.487772 0.549480
vt 0.500216 0.549437
vt 0.512652 0.549381
vt 0.525103 0.549334
vt 0.537569 0.549326
vt 0.550007 0.549298
vt 0.562442 0.549264
vt 0.574877 0.549227
vt 0.587307 0.549190
vt 0.425506 0.562189
vt 0.413194 0.562198
vt 0.437977 0.562087
vt 0.450441 0.562041
vt 0.462900 0.562005
vt 0.475357 0.561961
vt 0.487812 0.561933
vt 0.500265 0.561884
vt 0.512681 0.561800
vt 0.525140 0.561806
vt 0.537598 0.561771
vt 0.550040 0.561737
vt 0.562479 0.561700
vt 0.574917 0.561664
vt 0.587349 0.561621
vt 0.425619 0.574589
vt 0.413201 0.574544
vt 0.438033 0.574541
vt 0.450481 0.574499
vt 0.462932 0.574462
vt 0.475391 0.574428
vt 0.487851 0.574389
vt 0.500388 0.574443
vt 0.512764 0.574360
vt 0.525179 0.574300
vt 0.537606 0.574255
vt 0.550077 0.574178
vt 0.562517 0.574139
vt 0.574958 0.574099
vt 0.587389 0.574043
vt 0.425626 0.587010
vt 0.413162 0.587010
vt 0.438069 0.586983
vt 0.450519 0.586949
vt 0.462971 0.586914
vt 0.475425 0.586881
vt 0.487882 0.586851
vt 0.500381 0.586826
vt 0.512818 0.586785
vt 0.525225 0.586756
vt 0.537588 0.586685
vt 0.550129 0.586600
vt 0.562555 0.586573
vt 0.575014 0.586545
vt 0.587456 0.586494
vt 0.599516 0.412497
vt 0.599563 0.424828
vt 0.599564 0.437181
vt 0.599541 0.449669
vt 0.599561 0.462105
vt 0.599570 0.474545
vt 0.599595 0.486991
vt 0.599621 0.499420
vt 0.599658 0.511853
vt 0.599782 0.524411
vt 0.599831 0.536736
vt 0.599794 0.549142
vt 0.599805 0.561588
vt 0.599821 0.574010
vt 0.599905 0.586430
vt 0.599952 0.598891
vt 0.587506 0.598933
vt 0.575056 0.598992
vt 0.562588 0.599037
vt 0.550114 0.599060
vt 0.537613 0.599036
vt 0.525190 0.599252
vt 0.512787 0.599289
vt 0.500363 0.599301
vt 0.487909 0.599307
vt 0.475455 0.599332
vt 0.463005 0.599366
vt 0.450554 0.599401
vt 0.438100 0.599435
vt 0.425643 0.599463
vt 0.413178 0.599497
vt 0.413253 0.611982
vt 0.425678 0.611949
vt 0.425721 0.624391
vt 0.413274 0.624413
vt 0.438135 0.611892
vt 0.438173 0.624347
vt 0.450589 0.611855
vt 0.450627 0.624308
vt 0.463042 0.611818
vt 0.463079 0.624270
vt 0.475493 0.611779
vt 0.475544 0.624235
vt 0.487918 0.611729
vt 0.488026 0.624194
vt 0.500415 0.611804
vt 0.500450 0.624149
vt 0.512836 0.611701
vt 0.512816 0.624118
vt 0.525258 0.611656
vt 0.525302 0.624100
vt 0.537712 0.611585
vt 0.537740 0.624032
vt 0.550156 0.611537
vt 0.550205 0.623992
vt 0.562633 0.611504
vt 0.562671 0.623933
vt 0.575098 0.611456
vt 0.575132 0.623913
vt 0.587555 0.611423
vt 0.587585 0.623878
vt 0.425752 0.636838
vt 0.413299 0.636839
vt 0.438238 0.636781
vt 0.450667 0.636763
vt 0.463123 0.636728
vt 0.475576 0.636695
vt 0.488018 0.636653
vt 0.500403 0.636606
vt 0.512799 0.636471
vt 0.525327 0.636553
vt 0.537797 0.636504
vt 0.550254 0.636449
vt 0.562710 0.636404
vt 0.575168 0.636365
vt 0.587619 0.636328
vt 0.425773 0.649250
vt 0.413350 0.649293
vt 0.438232 0.649243
vt 0.450694 0.649223
vt 0.463161 0.649186
vt 0.475622 0.649141
vt 0.488075 0.649086
vt 0.500528 0.649003
vt 0.513025 0.649107
vt 0.525415 0.649023
vt 0.537856 0.648952
vt 0.550302 0.648900
vt 0.562751 0.648861
vt 0.575209 0.648818
vt 0.587667 0.648779
vt 0.425812 0.661674
vt 0.413388 0.661739
vt 0.438183 0.661657
vt 0.450729 0.661710
vt 0.463207 0.661653
vt 0.475676 0.661603
vt 0.488146 0.661548
vt 0.500618 0.661503
vt 0.513057 0.661462
vt 0.525489 0.661448
vt 0.537986 0.661474
vt 0.550325 0.661324
vt 0.562800 0.661323
vt 0.575258 0.661271
vt 0.587700 0.661222
vt 0.425870 0.674093
vt 0.413446 0.674186
vt 0.438346 0.674205
vt 0.450770 0.674169
vt 0.463252 0.674122
vt 0.475728 0.674072
vt 0.488197 0.674016
vt 0.500655 0.673965
vt 0.513109 0.673917
vt 0.525540 0.673873
vt 0.537931 0.673833
vt 0.550273 0.673620
vt 0.562903 0.673809
vt 0.575318 0.673708
vt 0.587744 0.673658
vt 0.425976 0.686679
vt 0.413523 0.686667
vt 0.438380 0.686651
vt 0.450806 0.686591
vt 0.463331 0.686601
vt 0.475787 0.686544
vt 0.488253 0.686476
vt 0.500722 0.686425
vt 0.513164 0.686351
vt 0.525577 0.686339
vt 0.538016 0.686264
vt 0.550476 0.686214
vt 0.562927 0.686185
vt 0.575352 0.686138
vt 0.587796 0.686089
vt 0.425982 0.699053
vt 0.413566 0.699118
vt 0.438501 0.699177
vt 0.450917 0.699086
vt 0.463371 0.699042
vt 0.475878 0.699076
vt 0.488293 0.698982
vt 0.500704 0.699054
vt 0.513229 0.698732
vt 0.525610 0.698736
vt 0.538071 0.698695
vt 0.550515 0.698660
vt 0.562972 0.698589
vt 0.575411 0.698574
vt 0.587847 0.698523
vt 0.426129 0.711592
vt 0.413624 0.711585
vt 0.438523 0.711564
vt 0.450985 0.711538
vt 0.463365 0.711450
vt 0.475889 0.711444
vt 0.488340 0.711430
vt 0.500740 0.711297
vt 0.513057 0.711212
vt 0.525629 0.711187
vt 0.538099 0.711152
vt 0.550560 0.711104
vt 0.563006 0.711054
vt 0.575456 0.711008
vt 0.587900 0.710962
vt 0.426154 0.724045
vt 0.413653 0.724058
vt 0.438629 0.724037
vt 0.451087 0.723999
vt 0.463610 0.723868
vt 0.475928 0.723750
vt 0.488501 0.724012
vt 0.500815 0.723930
vt 0.513243 0.723753
vt 0.525699 0.723669
vt 0.538162 0.723608
vt 0.550614 0.723552
vt 0.563121 0.723536
vt 0.575503 0.723483
vt 0.587908 0.723425
vt 0.426168 0.736518
vt 0.413688 0.736538
vt 0.438641 0.736498
vt 0.451097 0.736472
vt 0.463539 0.736435
vt 0.476033 0.736343
vt 0.488515 0.736352
vt 0.500923 0.736310
vt 0.513356 0.736230
vt 0.525780 0.736131
vt 0.538227 0.736066
vt 0.550673 0.735999
vt 0.563155 0.735930
vt 0.575557 0.735860
vt 0.587878 0.735837
vt 0.426190 0.749002
vt 0.413717 0.749011
vt 0.438670 0.748966
vt 0.451137 0.748926
vt 0.463600 0.748877
vt 0.476074 0.748829
vt 0.488535 0.748794
vt 0.500980 0.748743
vt 0.513427 0.748677
vt 0.525903 0.748554
vt 0.538281 0.748518
vt 0.550746 0.748442
vt 0.563191 0.748377
vt 0.575651 0.748213
vt 0.587991 0.748138
vt 0.426223 0.761495
vt 0.413716 0.761461
vt 0.438713 0.761438
vt 0.451182 0.761392
vt 0.463650 0.761344
vt 0.476118 0.761298
vt 0.488582 0.761251
vt 0.501038 0.761193
vt 0.513494 0.761138
vt 0.525927 0.761049
vt 0.538363 0.760963
vt 0.550836 0.760875
vt 0.563268 0.760818
vt 0.575724 0.760742
vt 0.588213 0.760791
vt 0.426271 0.773953
vt 0.413690 0.773802
vt 0.438768 0.773901
vt 0.451229 0.773859
vt 0.463697 0.773812
vt 0.476168 0.773768
vt 0.488635 0.773717
vt 0.501121 0.773665
vt 0.513576 0.773556
vt 0.525997 0.773476
vt 0.538423 0.773407
vt 0.550860 0.773342
vt 0.563325 0.773275
vt 0.575787 0.773212
vt 0.588207 0.773174
vt 0.426356 0.786364
vt 0.413861 0.786334
vt 0.438801 0.786346
vt 0.451259 0.786325
vt 0.463745 0.786284
vt 0.476217 0.786236
vt 0.488706 0.786249
vt 0.501062 0.786213
vt 0.513673 0.785987
vt 0.526071 0.785884
vt 0.538484 0.785833
vt 0.550920 0.785771
vt 0.563387 0.785736
vt 0.575797 0.785692
vt 0.588246 0.785605
vt 0.600017 0.611386
vt 0.600035 0.623849
vt 0.600062 0.636292
vt 0.600100 0.648739
vt 0.600148 0.661166
vt 0.600159 0.673611
vt 0.600236 0.686031
vt 0.600276 0.698469
vt 0.600347 0.710908
vt 0.600420 0.723308
vt 0.600387 0.735745
vt 0.600399 0.748134
vt 0.600534 0.760686
vt 0.600646 0.773143
vt 0.600687 0.785583
vt 0.600709 0.798045
vt 0.588259 0.798083
vt 0.575833 0.798098
vt 0.563470 0.798131
vt 0.550983 0.798221
vt 0.538525 0.798273
vt 0.526102 0.798301
vt 0.513770 0.798308
vt 0.501097 0.798564
vt 0.488767 0.798608
vt 0.476255 0.798707
vt 0.463786 0.798754
vt 0.451288 0.798783
vt 0.438827 0.798804
vt 0.426365 0.798826
vt 0.413893 0.798867
vt 0.413943 0.811325
vt 0.426401 0.811263
vt 0.426473 0.823719
vt 0.414007 0.823789
vt 0.438917 0.811211
vt 0.438938 0.823632
vt 0.451476 0.811287
vt 0.451470 0.823654
vt 0.463854 0.811210
vt 0.463886 0.823626
vt 0.476304 0.811172
vt 0.476352 0.823586
vt 0.488696 0.811129
vt 0.488771 0.823526
vt 0.501139 0.810950
vt 0.501204 0.823437
vt 0.513520 0.810810
vt 0.513652 0.823353
vt 0.526040 0.810804
vt 0.526107 0.823277
vt 0.538544 0.810732
vt 0.538565 0.823216
vt 0.550996 0.810702
vt 0.551014 0.823179
vt 0.563441 0.810687
vt 0.563466 0.823137
vt 0.575845 0.810713
vt 0.575899 0.823106
vt 0.588293 0.810598
vt 0.588333 0.823049
vt 0.426550 0.836197
vt 0.414063 0.836271
vt 0.439033 0.836125
vt 0.451503 0.836071
vt 0.463925 0.836041
vt 0.476397 0.836018
vt 0.488841 0.835961
vt 0.501286 0.835885
vt 0.513734 0.835800
vt 0.526175 0.835727
vt 0.538615 0.835664
vt 0.551055 0.835620
vt 0.563500 0.835586
vt 0.575953 0.835555
vt 0.588402 0.835487
vt 0.426623 0.848671
vt 0.414093 0.848808
vt 0.439092 0.848516
vt 0.451538 0.848564
vt 0.463998 0.848514
vt 0.476452 0.848467
vt 0.488908 0.848407
vt 0.501372 0.848346
vt 0.513816 0.848230
vt 0.526244 0.848165
vt 0.538667 0.848093
vt 0.551088 0.848051
vt 0.563527 0.848029
vt 0.575994 0.848043
vt 0.588488 0.847952
vt 0.426733 0.861120
vt 0.414200 0.861209
vt 0.439133 0.861042
vt 0.451569 0.861010
vt 0.464028 0.860986
vt 0.476506 0.860933
vt 0.488972 0.860867
vt 0.501467 0.860750
vt 0.513830 0.860669
vt 0.526316 0.860621
vt 0.538762 0.860518
vt 0.551110 0.860430
vt 0.563503 0.860441
vt 0.576019 0.860517
vt 0.588582 0.860429
vt 0.426876 0.873471
vt 0.414295 0.873664
vt 0.439170 0.873389
vt 0.451605 0.873428
vt 0.463996 0.873567
vt 0.476569 0.873406
vt 0.489053 0.873336
vt 0.501491 0.873249
vt 0.513940 0.873181
vt 0.526402 0.873118
vt 0.538854 0.873146
vt 0.551233 0.873092
vt 0.563642 0.872996
vt 0.576099 0.872952
vt 0.588653 0.872892
vt 0.426865 0.886058
vt 0.414403 0.886120
vt 0.439363 0.886008
vt 0.451779 0.885869
vt 0.464196 0.885920
vt 0.476650 0.885866
vt 0.489083 0.885793
vt 0.501539 0.885690
vt 0.513995 0.885620
vt 0.526438 0.885560
vt 0.538891 0.885528
vt 0.551304 0.885499
vt 0.563692 0.885428
vt 0.576083 0.885395
vt 0.588697 0.885306
vt 0.426888 0.898684
vt 0.414273 0.898908
vt 0.439439 0.898536
vt 0.451894 0.898455
vt 0.464300 0.898388
vt 0.476731 0.898306
vt 0.489174 0.898227
vt 0.501627 0.898130
vt 0.514070 0.898049
vt 0.526550 0.897996
vt 0.538974 0.897934
vt 0.551360 0.897874
vt 0.563728 0.897819
vt 0.576096 0.897774
vt 0.588597 0.897706
vt 0.426789 0.911277
vt 0.414272 0.911455
vt 0.439583 0.910966
vt 0.451866 0.910891
vt 0.464360 0.910828
vt 0.476815 0.910760
vt 0.489264 0.910674
vt 0.501714 0.910583
vt 0.514183 0.910501
vt 0.526699 0.910409
vt 0.539068 0.910319
vt 0.551429 0.910243
vt 0.563781 0.910173
vt 0.576092 0.910114
vt 0.588603 0.910080
vt 0.426913 0.923676
vt 0.414225 0.923918
vt 0.439497 0.923485
vt 0.451983 0.923385
vt 0.464442 0.923292
vt 0.476897 0.923211
vt 0.489352 0.923127
vt 0.501818 0.923038
vt 0.514269 0.922961
vt 0.526762 0.922792
vt 0.539144 0.922680
vt 0.551501 0.922603
vt 0.563853 0.922537
vt 0.576209 0.922461
vt 0.588675 0.922456
vt 0.426940 0.936110
vt 0.414269 0.936332
vt 0.439610 0.935940
vt 0.452072 0.935845
vt 0.464521 0.935758
vt 0.476981 0.935662
vt 0.489432 0.935579
vt 0.501886 0.935511
vt 0.514348 0.935496
vt 0.526788 0.935244
vt 0.539198 0.935089
vt 0.551576 0.934985
vt 0.563933 0.934906
vt 0.576328 0.934877
vt 0.588688 0.934844
vt 0.426600 0.948621
vt 0.414222 0.948756
vt 0.439537 0.948434
vt 0.452167 0.948295
vt 0.464615 0.948198
vt 0.477066 0.948110
vt 0.489510 0.948026
vt 0.501944 0.947950
vt 0.514350 0.947880
vt 0.526781 0.947723
vt 0.539258 0.947593
vt 0.551649 0.947444
vt 0.564008 0.947322
vt 0.576382 0.947276
vt 0.588760 0.947197
vt 0.427146 0.961029
vt 0.414444 0.961117
vt 0.439629 0.960875
vt 0.452255 0.960750
vt 0.464711 0.960643
vt 0.477154 0.960552
vt 0.489593 0.960464
vt 0.502026 0.960372
vt 0.514447 0.960276
vt 0.526912 0.960230
vt 0.539572 0.960251
vt 0.551697 0.959835
vt 0.564068 0.959692
vt 0.576431 0.959653
vt 0.588801 0.959607
vt 0.427347 0.973415
vt 0.414657 0.973508
vt 0.439923 0.973321
vt 0.452389 0.973192
vt 0.464816 0.973089
vt 0.477245 0.972990
vt 0.489679 0.972903
vt 0.502163 0.972814
vt 0.514477 0.972724
vt 0.526856 0.972657
vt 0.539008 0.972686
vt 0.551515 0.972055
vt 0.564090 0.972068
vt 0.576476 0.972028
vt 0.588846 0.971975
vt 0.427653 0.985775
vt 0.414955 0.985956
vt 0.440015 0.985728
vt 0.452464 0.985626
vt 0.464911 0.985544
vt 0.477349 0.985415
vt 0.489753 0.985319
vt 0.502148 0.985255
vt 0.514569 0.985066
vt 0.526936 0.984987
vt 0.539256 0.984843
vt 0.551705 0.984565
vt 0.564129 0.984499
vt 0.576460 0.984456
vt 0.588884 0.984322
vt 0.600784 0.810543
vt 0.600768 0.823029
vt 0.600834 0.835392
vt 0.600970 0.847857
vt 0.601063 0.860349
vt 0.601147 0.872845
vt 0.601115 0.885391
vt 0.600892 0.897707
vt 0.601098 0.909968
vt 0.601051 0.922392
vt 0.601116 0.934778
vt 0.601145 0.947172
vt 0.601175 0.959563
vt 0.601212 0.971945
vt 0.601237 0.984311
vt 0.601239 0.996723
vt 0.588895 0.996710
vt 0.576553 0.996804
vt 0.564196 0.996912
vt 0.551838 0.997034
vt 0.539424 0.997216
vt 0.527038 0.997340
vt 0.514607 0.997592
vt 0.502249 0.997674
vt 0.489832 0.997689
vt 0.477456 0.997830
vt 0.464965 0.998008
vt 0.452581 0.998019
vt 0.439865 0.998208
vt 0.427368 0.998316
vt 0.414923 0.998415
vt 0.611807 0.014711
vt 0.624075 0.014727
vt 0.624099 0.027066
vt 0.611708 0.027068
vt 0.636428 0.014673
vt 0.636458 0.027050
vt 0.648815 0.014614
vt 0.648863 0.027023
vt 0.661253 0.014539
vt 0.661285 0.026987
vt 0.673691 0.014542
vt 0.673712 0.026964
vt 0.686103 0.014489
vt 0.686138 0.026929
vt 0.698606 0.014438
vt 0.698613 0.026821
vt 0.711143 0.014483
vt 0.711134 0.026928
vt 0.723595 0.014496
vt 0.723569 0.026945
vt 0.736042 0.014567
vt 0.735985 0.026986
vt 0.748411 0.014627
vt 0.748382 0.027009
vt 0.760771 0.014652
vt 0.760772 0.027019
vt 0.773305 0.014416
vt 0.773141 0.026995
vt 0.785909 0.014081
vt 0.785744 0.026715
vt 0.624072 0.039466
vt 0.611630 0.039533
vt 0.636473 0.039458
vt 0.648887 0.039440
vt 0.661312 0.039416
vt 0.673741 0.039391
vt 0.686179 0.039362
vt 0.698641 0.039326
vt 0.711106 0.039354
vt 0.723541 0.039374
vt 0.735960 0.039396
vt 0.748371 0.039409
vt 0.760786 0.039409
vt 0.773189 0.039375
vt 0.785615 0.039324
vt 0.623985 0.051954
vt 0.611602 0.051966
vt 0.636434 0.051900
vt 0.648904 0.051865
vt 0.661335 0.051844
vt 0.673764 0.051823
vt 0.686201 0.051803
vt 0.698646 0.051798
vt 0.711092 0.051795
vt 0.723526 0.051801
vt 0.735947 0.051813
vt 0.748371 0.051823
vt 0.760792 0.051806
vt 0.773211 0.051807
vt 0.785644 0.051746
vt 0.623995 0.064328
vt 0.611593 0.064353
vt 0.636439 0.064308
vt 0.648930 0.064297
vt 0.661358 0.064271
vt 0.673781 0.064251
vt 0.686212 0.064240
vt 0.698651 0.064236
vt 0.711104 0.064231
vt 0.723523 0.064219
vt 0.735936 0.064227
vt 0.748396 0.064272
vt 0.760783 0.064220
vt 0.773273 0.064229
vt 0.785696 0.064106
vt 0.624007 0.076700
vt 0.611623 0.076707
vt 0.636434 0.076697
vt 0.648970 0.076725
vt 0.661384 0.076688
vt 0.673807 0.076685
vt 0.686220 0.076694
vt 0.698653 0.076679
vt 0.711111 0.076643
vt 0.723524 0.076632
vt 0.735927 0.076628
vt 0.748417 0.076643
vt 0.760835 0.076596
vt 0.773290 0.076528
vt 0.785560 0.076507
vt 0.624043 0.089086
vt 0.611593 0.089047
vt 0.636490 0.089105
vt 0.648941 0.089120
vt 0.661348 0.089120
vt 0.673752 0.089171
vt 0.686202 0.089149
vt 0.698649 0.089074
vt 0.711125 0.089054
vt 0.723537 0.089038
vt 0.735961 0.089034
vt 0.748406 0.088994
vt 0.760814 0.088997
vt 0.773251 0.088995
vt 0.785675 0.089013
vt 0.624060 0.101478
vt 0.611577 0.101358
vt 0.636531 0.101532
vt 0.648936 0.101524
vt 0.661304 0.101512
vt 0.673754 0.101599
vt 0.685976 0.101664
vt 0.698685 0.101403
vt 0.711163 0.101430
vt 0.723547 0.101452
vt 0.735963 0.101450
vt 0.748367 0.101442
vt 0.760802 0.101410
vt 0.773247 0.101410
vt 0.785669 0.101486
vt 0.624138 0.113952
vt 0.611643 0.113798
vt 0.636545 0.113941
vt 0.648956 0.113931
vt 0.661402 0.113918
vt 0.673827 0.113855
vt 0.686044 0.113849
vt 0.698620 0.113860
vt 0.711081 0.113870
vt 0.723528 0.113878
vt 0.735963 0.113876
vt 0.748409 0.113859
vt 0.760814 0.113851
vt 0.773309 0.113855
vt 0.785720 0.113861
vt 0.624143 0.126359
vt 0.611726 0.126355
vt 0.636554 0.126352
vt 0.648968 0.126343
vt 0.661432 0.126292
vt 0.673808 0.126292
vt 0.686232 0.126333
vt 0.698643 0.126315
vt 0.711080 0.126313
vt 0.723523 0.126315
vt 0.735965 0.126318
vt 0.748392 0.126317
vt 0.760834 0.126295
vt 0.773299 0.126285
vt 0.785748 0.126286
vt 0.624150 0.138774
vt 0.611715 0.138785
vt 0.636563 0.138763
vt 0.648982 0.138759
vt 0.661406 0.138748
vt 0.673824 0.138751
vt 0.686230 0.138733
vt 0.698641 0.138748
vt 0.711079 0.138754
vt 0.723522 0.138755
vt 0.735962 0.138753
vt 0.748398 0.138747
vt 0.760840 0.138736
vt 0.773275 0.138734
vt 0.785722 0.138726
vt 0.624172 0.151185
vt 0.611713 0.151263
vt 0.636567 0.151173
vt 0.648989 0.151193
vt 0.661507 0.151231
vt 0.673838 0.151198
vt 0.686195 0.151222
vt 0.698612 0.151202
vt 0.711075 0.151202
vt 0.723524 0.151198
vt 0.735967 0.151193
vt 0.748406 0.151183
vt 0.760841 0.151174
vt 0.773276 0.151165
vt 0.785712 0.151156
vt 0.624197 0.163549
vt 0.611855 0.163826
vt 0.636541 0.163529
vt 0.648966 0.163654
vt 0.661441 0.163639
vt 0.673812 0.163462
vt 0.686216 0.163667
vt 0.698640 0.163649
vt 0.711080 0.163653
vt 0.723530 0.163644
vt 0.735976 0.163636
vt 0.748419 0.163617
vt 0.760850 0.163605
vt 0.773282 0.163597
vt 0.785713 0.163587
vt 0.624048 0.175942
vt 0.611884 0.175930
vt 0.636369 0.175952
vt 0.649157 0.176246
vt 0.661411 0.176202
vt 0.673813 0.176178
vt 0.686231 0.176115
vt 0.698651 0.176076
vt 0.711073 0.176096
vt 0.723528 0.176141
vt 0.735984 0.176098
vt 0.748439 0.176039
vt 0.760858 0.176035
vt 0.773290 0.176028
vt 0.785722 0.176021
vt 0.624167 0.188554
vt 0.611813 0.188606
vt 0.636603 0.188476
vt 0.649086 0.188552
vt 0.661462 0.188596
vt 0.673824 0.188619
vt 0.686272 0.188525
vt 0.698678 0.188499
vt 0.711091 0.188465
vt 0.723656 0.188623
vt 0.735966 0.188661
vt 0.748433 0.188448
vt 0.760861 0.188466
vt 0.773297 0.188460
vt 0.785728 0.188454
vt 0.611528 0.002255
vt 0.624002 0.002355
vt 0.636365 0.002307
vt 0.648743 0.002213
vt 0.661292 0.002031
vt 0.673655 0.002106
vt 0.686266 0.002020
vt 0.698630 0.002063
vt 0.711167 0.002091
vt 0.723645 0.001933
vt 0.736121 0.002210
vt 0.748461 0.002259
vt 0.761065 0.001939
vt 0.773712 0.001529
vt 0.786217 0.001297
vt 0.798653 0.001163
vt 0.798433 0.013824
vt 0.798216 0.026543
vt 0.798024 0.039339
vt 0.798027 0.051726
vt 0.798046 0.064115
vt 0.798046 0.076536
vt 0.798075 0.088990
vt 0.798085 0.101419
vt 0.798119 0.113825
vt 0.798212 0.126255
vt 0.798113 0.138747
vt 0.798133 0.151156
vt 0.798145 0.163578
vt 0.798158 0.176015
vt 0.798162 0.188451
vt 0.798161 0.200883
vt 0.785731 0.200885
vt 0.773307 0.200887
vt 0.760859 0.200921
vt 0.748425 0.200917
vt 0.736005 0.200936
vt 0.723768 0.200917
vt 0.711142 0.200913
vt 0.698689 0.200922
vt 0.686228 0.200956
vt 0.673840 0.200974
vt 0.661462 0.200975
vt 0.649043 0.200949
vt 0.636604 0.200937
vt 0.624193 0.200953
vt 0.611790 0.200951
vt 0.611768 0.213355
vt 0.624190 0.213375
vt 0.624173 0.225820
vt 0.611734 0.225784
vt 0.636653 0.213373
vt 0.636596 0.225813
vt 0.649070 0.213369
vt 0.649057 0.225806
vt 0.661467 0.213360
vt 0.661481 0.225732
vt 0.673850 0.213359
vt 0.673867 0.225781
vt 0.686251 0.213352
vt 0.686280 0.225784
vt 0.698689 0.213344
vt 0.698745 0.225818
vt 0.711161 0.213382
vt 0.711170 0.225813
vt 0.723587 0.213365
vt 0.723600 0.225801
vt 0.736020 0.213355
vt 0.736040 0.225822
vt 0.748428 0.213327
vt 0.748448 0.225800
vt 0.760869 0.213382
vt 0.760885 0.225808
vt 0.773293 0.213307
vt 0.773310 0.225763
vt 0.785730 0.213317
vt 0.785731 0.225757
vt 0.624116 0.238297
vt 0.611690 0.238222
vt 0.636624 0.238250
vt 0.649112 0.238253
vt 0.661369 0.238246
vt 0.673821 0.238209
vt 0.686303 0.238248
vt 0.698746 0.238245
vt 0.711174 0.238241
vt 0.723600 0.238239
vt 0.736024 0.238243
vt 0.748435 0.238230
vt 0.760929 0.238145
vt 0.773288 0.238182
vt 0.785746 0.238205
vt 0.624127 0.250647
vt 0.611683 0.250668
vt 0.636620 0.250673
vt 0.649017 0.250677
vt 0.661409 0.250561
vt 0.673960 0.250728
vt 0.686343 0.250698
vt 0.698756 0.250671
vt 0.711176 0.250670
vt 0.723603 0.250667
vt 0.736029 0.250662
vt 0.748453 0.250650
vt 0.760878 0.250638
vt 0.773317 0.250657
vt 0.785743 0.250649
vt 0.624166 0.263104
vt 0.611707 0.263131
vt 0.636617 0.263111
vt 0.649046 0.263099
vt 0.661500 0.263079
vt 0.673954 0.263108
vt 0.686358 0.263098
vt 0.698759 0.263069
vt 0.711178 0.263100
vt 0.723609 0.263098
vt 0.736039 0.263089
vt 0.748467 0.263071
vt 0.760876 0.263026
vt 0.773327 0.263096
vt 0.785756 0.263072
vt 0.624188 0.275533
vt 0.611746 0.275608
vt 0.636628 0.275551
vt 0.649056 0.275539
vt 0.661498 0.275538
vt 0.673950 0.275550
vt 0.686393 0.275581
vt 0.698762 0.275560
vt 0.711163 0.275553
vt 0.723616 0.275526
vt 0.736053 0.275524
vt 0.748502 0.275501
vt 0.760915 0.275464
vt 0.773308 0.275476
vt 0.785751 0.275497
vt 0.624021 0.288230
vt 0.611788 0.288064
vt 0.636644 0.287975
vt 0.649053 0.287971
vt 0.661491 0.287974
vt 0.673917 0.288014
vt 0.686374 0.287919
vt 0.698765 0.287996
vt 0.711188 0.287975
vt 0.723627 0.287940
vt 0.736057 0.287977
vt 0.748521 0.287936
vt 0.760967 0.287876
vt 0.773434 0.287984
vt 0.785802 0.287945
vt 0.624179 0.300360
vt 0.611709 0.300522
vt 0.636601 0.300393
vt 0.649050 0.300401
vt 0.661483 0.300403
vt 0.673930 0.300415
vt 0.686348 0.300385
vt 0.698766 0.300377
vt 0.711101 0.300414
vt 0.723625 0.300433
vt 0.736068 0.300405
vt 0.748548 0.300378
vt 0.760992 0.300354
vt 0.773422 0.300370
vt 0.785825 0.300357
vt 0.624181 0.312860
vt 0.611774 0.312893
vt 0.636614 0.312845
vt 0.649054 0.312837
vt 0.661484 0.312830
vt 0.673932 0.312805
vt 0.686347 0.312803
vt 0.698797 0.312810
vt 0.711282 0.312889
vt 0.723664 0.312861
vt 0.736182 0.312846
vt 0.748583 0.312814
vt 0.761006 0.312795
vt 0.773423 0.312785
vt 0.785841 0.312764
vt 0.624205 0.325277
vt 0.611820 0.325280
vt 0.636629 0.325280
vt 0.649063 0.325270
vt 0.661491 0.325257
vt 0.673909 0.325249
vt 0.686332 0.325198
vt 0.698846 0.325257
vt 0.711254 0.325289
vt 0.723700 0.325257
vt 0.736197 0.325231
vt 0.748599 0.325231
vt 0.761024 0.325222
vt 0.773492 0.325206
vt 0.785747 0.325208
vt 0.624228 0.337770
vt 0.611811 0.337768
vt 0.636609 0.337744
vt 0.649077 0.337707
vt 0.661504 0.337674
vt 0.673927 0.337666
vt 0.686363 0.337649
vt 0.698802 0.337667
vt 0.711179 0.337719
vt 0.723701 0.337567
vt 0.736150 0.337633
vt 0.748593 0.337655
vt 0.761023 0.337646
vt 0.773429 0.337640
vt 0.785846 0.337579
vt 0.624239 0.350191
vt 0.611820 0.350187
vt 0.636667 0.350172
vt 0.649111 0.350148
vt 0.661560 0.350138
vt 0.673946 0.350104
vt 0.686359 0.350096
vt 0.698796 0.350090
vt 0.711225 0.350074
vt 0.723681 0.350001
vt 0.736207 0.350116
vt 0.748611 0.350085
vt 0.761036 0.350068
vt 0.773456 0.350048
vt 0.785879 0.350020
vt 0.624262 0.362634
vt 0.611829 0.362653
vt 0.636696 0.362609
vt 0.649129 0.362587
vt 0.661555 0.362564
vt 0.673974 0.362504
vt 0.686330 0.362495
vt 0.698801 0.362542
vt 0.711255 0.362509
vt 0.723699 0.362479
vt 0.736183 0.362496
vt 0.748645 0.362501
vt 0.761056 0.362490
vt 0.773481 0.362472
vt 0.785905 0.362441
vt 0.624284 0.375066
vt 0.611852 0.375087
vt 0.636717 0.375045
vt 0.649151 0.375021
vt 0.661585 0.375005
vt 0.674035 0.374933
vt 0.686491 0.375077
vt 0.698869 0.374982
vt 0.711293 0.374954
vt 0.723719 0.374915
vt 0.736183 0.374918
vt 0.748632 0.374922
vt 0.761066 0.374919
vt 0.773507 0.374911
vt 0.785939 0.374852
vt 0.624304 0.387497
vt 0.611872 0.387518
vt 0.636745 0.387482
vt 0.649172 0.387494
vt 0.661606 0.387435
vt 0.674045 0.387424
vt 0.686524 0.387494
vt 0.698818 0.387422
vt 0.711326 0.387379
vt 0.723727 0.387311
vt 0.736180 0.387371
vt 0.748597 0.387380
vt 0.761078 0.387414
vt 0.773543 0.387316
vt 0.785946 0.387276
vt 0.798164 0.213315
vt 0.798171 0.225747
vt 0.798209 0.238201
vt 0.798160 0.250649
vt 0.798182 0.263062
vt 0.798191 0.275492
vt 0.798212 0.287919
vt 0.798236 0.300333
vt 0.798263 0.312747
vt 0.798295 0.325166
vt 0.798279 0.337583
vt 0.798298 0.350000
vt 0.798324 0.362403
vt 0.798350 0.374826
vt 0.798369 0.387231
vt 0.798402 0.399612
vt 0.785952 0.399654
vt 0.773644 0.399593
vt 0.761028 0.400135
vt 0.748562 0.399707
vt 0.736217 0.399839
vt 0.723897 0.399936
vt 0.711421 0.399818
vt 0.698679 0.399683
vt 0.686520 0.399672
vt 0.674007 0.399862
vt 0.661632 0.399844
vt 0.649204 0.399857
vt 0.636738 0.399901
vt 0.624324 0.399926
vt 0.611892 0.399955
vt 0.611922 0.412389
vt 0.624358 0.412349
vt 0.624399 0.424768
vt 0.611938 0.424803
vt 0.636778 0.412314
vt 0.636819 0.424737
vt 0.649227 0.412251
vt 0.649254 0.424697
vt 0.661653 0.412241
vt 0.661698 0.424675
vt 0.674057 0.412206
vt 0.674116 0.424633
vt 0.686491 0.412117
vt 0.686572 0.424587
vt 0.698896 0.412089
vt 0.699258 0.424774
vt 0.711506 0.412294
vt 0.711623 0.424755
vt 0.723954 0.412307
vt 0.724138 0.424938
vt 0.736306 0.412180
vt 0.736450 0.424910
vt 0.748762 0.412587
vt 0.748753 0.424944
vt 0.761030 0.412564
vt 0.761018 0.424952
vt 0.773340 0.412452
vt 0.773263 0.424946
vt 0.785902 0.412051
vt 0.785660 0.424745
vt 0.624409 0.437201
vt 0.611951 0.437189
vt 0.636850 0.437169
vt 0.649289 0.437136
vt 0.661722 0.437101
vt 0.674151 0.437066
vt 0.686622 0.437063
vt 0.699281 0.437151
vt 0.711921 0.437280
vt 0.724289 0.437372
vt 0.736489 0.437254
vt 0.748761 0.437254
vt 0.761019 0.437254
vt 0.773279 0.437214
vt 0.785563 0.437137
vt 0.624442 0.449678
vt 0.611985 0.449648
vt 0.636884 0.449605
vt 0.649325 0.449575
vt 0.661765 0.449535
vt 0.674179 0.449474
vt 0.686653 0.449479
vt 0.699226 0.449548
vt 0.711687 0.449597
vt 0.724264 0.449517
vt 0.736503 0.449524
vt 0.748776 0.449530
vt 0.761032 0.449521
vt 0.773307 0.449487
vt 0.785648 0.449417
vt 0.624467 0.462047
vt 0.611990 0.462086
vt 0.636908 0.462047
vt 0.649344 0.462038
vt 0.661825 0.461996
vt 0.674358 0.461931
vt 0.686778 0.461918
vt 0.699215 0.461922
vt 0.711596 0.461946
vt 0.724078 0.461880
vt 0.736477 0.461821
vt 0.748800 0.461796
vt 0.761050 0.461771
vt 0.773317 0.461750
vt 0.785563 0.461758
vt 0.624468 0.474481
vt 0.612016 0.474518
vt 0.636908 0.474488
vt 0.649364 0.474479
vt 0.661797 0.474504
vt 0.674107 0.474519
vt 0.686616 0.474415
vt 0.699116 0.474364
vt 0.711466 0.474356
vt 0.724012 0.474244
vt 0.736527 0.474116
vt 0.748819 0.474067
vt 0.761086 0.474028
vt 0.773320 0.473976
vt 0.785514 0.473972
vt 0.624437 0.486998
vt 0.612039 0.486957
vt 0.636910 0.486921
vt 0.649347 0.486923
vt 0.661744 0.486935
vt 0.674137 0.486849
vt 0.686622 0.486835
vt 0.699172 0.486744
vt 0.711553 0.486675
vt 0.724084 0.486587
vt 0.736499 0.486480
vt 0.748845 0.486398
vt 0.761153 0.486361
vt 0.773442 0.486129
vt 0.785540 0.486116
vt 0.624492 0.499393
vt 0.612055 0.499400
vt 0.636925 0.499366
vt 0.649356 0.499350
vt 0.661780 0.499336
vt 0.674205 0.499281
vt 0.686621 0.499266
vt 0.699127 0.499162
vt 0.711648 0.499040
vt 0.724126 0.498938
vt 0.736486 0.498906
vt 0.748827 0.498926
vt 0.761186 0.498749
vt 0.773480 0.498760
vt 0.785765 0.498530
vt 0.624507 0.511841
vt 0.612074 0.511817
vt 0.636939 0.511820
vt 0.649383 0.511778
vt 0.661814 0.511749
vt 0.674248 0.511701
vt 0.686656 0.511662
vt 0.699068 0.511620
vt 0.711615 0.511465
vt 0.724148 0.511271
vt 0.736506 0.511377
vt 0.748870 0.511278
vt 0.761231 0.511223
vt 0.773596 0.511171
vt 0.786006 0.511214
vt 0.624540 0.524291
vt 0.612145 0.524346
vt 0.636966 0.524244
vt 0.649409 0.524206
vt 0.661859 0.524178
vt 0.674281 0.524129
vt 0.686700 0.524072
vt 0.699100 0.524020
vt 0.711450 0.523966
vt 0.724075 0.523818
vt 0.736515 0.523837
vt 0.748909 0.523801
vt 0.761294 0.523767
vt 0.773695 0.523749
vt 0.786136 0.523774
vt 0.624639 0.536739
vt 0.612199 0.536731
vt 0.637032 0.536667
vt 0.649445 0.536620
vt 0.661944 0.536625
vt 0.674341 0.536532
vt 0.686759 0.536479
vt 0.699168 0.536424
vt 0.711605 0.536340
vt 0.724110 0.536214
vt 0.736606 0.536355
vt 0.748973 0.536374
vt 0.761325 0.536329
vt 0.773740 0.536228
vt 0.786176 0.536216
vt 0.624670 0.549133
vt 0.612218 0.549133
vt 0.637088 0.549091
vt 0.649516 0.549039
vt 0.661966 0.548976
vt 0.674363 0.548936
vt 0.686795 0.548897
vt 0.699231 0.548846
vt 0.711701 0.548757
vt 0.724125 0.548696
vt 0.736573 0.548730
vt 0.748982 0.548741
vt 0.761370 0.548707
vt 0.773779 0.548665
vt 0.786194 0.548637
vt 0.624721 0.561554
vt 0.612256 0.561577
vt 0.637094 0.561531
vt 0.649556 0.561480
vt 0.662001 0.561426
vt 0.674439 0.561385
vt 0.686868 0.561334
vt 0.699289 0.561275
vt 0.711709 0.561218
vt 0.724147 0.561136
vt 0.736583 0.561160
vt 0.749004 0.561147
vt 0.761424 0.561142
vt 0.773813 0.561105
vt 0.786210 0.561063
vt 0.624760 0.573982
vt 0.612210 0.574035
vt 0.637200 0.573959
vt 0.649612 0.573906
vt 0.662049 0.573843
vt 0.674491 0.573813
vt 0.686923 0.573765
vt 0.699350 0.573692
vt 0.711762 0.573635
vt 0.724175 0.573592
vt 0.736594 0.573578
vt 0.749015 0.573567
vt 0.761458 0.573509
vt 0.773854 0.573511
vt 0.786258 0.573475
vt 0.624811 0.586423
vt 0.612397 0.586475
vt 0.637241 0.586378
vt 0.649664 0.586332
vt 0.662096 0.586288
vt 0.674533 0.586244
vt 0.686973 0.586210
vt 0.699424 0.586104
vt 0.711827 0.586048
vt 0.724189 0.586006
vt 0.736599 0.585994
vt 0.749034 0.585996
vt 0.761469 0.585977
vt 0.773899 0.585938
vt 0.786375 0.585930
vt 0.798282 0.412043
vt 0.798274 0.424440
vt 0.798353 0.436810
vt 0.798163 0.449287
vt 0.798127 0.461660
vt 0.798050 0.473986
vt 0.798189 0.486334
vt 0.798245 0.498704
vt 0.798453 0.511265
vt 0.798585 0.523791
vt 0.798600 0.536204
vt 0.798618 0.548632
vt 0.798699 0.561085
vt 0.798710 0.573477
vt 0.798746 0.585891
vt 0.798778 0.598237
vt 0.786510 0.598284
vt 0.773952 0.598406
vt 0.761454 0.598467
vt 0.749106 0.598544
vt 0.736638 0.598377
vt 0.724278 0.598480
vt 0.711862 0.598517
vt 0.699444 0.598561
vt 0.687031 0.598626
vt 0.674578 0.598684
vt 0.662138 0.598726
vt 0.649704 0.598762
vt 0.637275 0.598806
vt 0.624855 0.598872
vt 0.612429 0.598897
vt 0.612506 0.611350
vt 0.624906 0.611307
vt 0.624861 0.623838
vt 0.612471 0.623836
vt 0.637289 0.611249
vt 0.637311 0.623675
vt 0.649720 0.611212
vt 0.649718 0.623635
vt 0.662174 0.611168
vt 0.662212 0.623614
vt 0.674620 0.611129
vt 0.674653 0.623574
vt 0.687081 0.611091
vt 0.687091 0.623549
vt 0.699544 0.610902
vt 0.699526 0.623548
vt 0.711903 0.610974
vt 0.711919 0.623495
vt 0.724356 0.610908
vt 0.724316 0.623502
vt 0.736819 0.610839
vt 0.736843 0.623120
vt 0.749168 0.610876
vt 0.749223 0.623324
vt 0.761574 0.610902
vt 0.761602 0.623295
vt 0.773962 0.610850
vt 0.774009 0.623296
vt 0.786373 0.610845
vt 0.786476 0.623298
vt 0.624901 0.636222
vt 0.612491 0.636260
vt 0.637314 0.636174
vt 0.649771 0.636075
vt 0.662351 0.636082
vt 0.674681 0.636019
vt 0.687120 0.635983
vt 0.699546 0.635948
vt 0.711948 0.635903
vt 0.724344 0.635882
vt 0.736811 0.635783
vt 0.749208 0.635722
vt 0.761567 0.635815
vt 0.774013 0.635717
vt 0.786401 0.635696
vt 0.624955 0.648629
vt 0.612532 0.648685
vt 0.637361 0.648541
vt 0.649848 0.648506
vt 0.662297 0.648469
vt 0.674718 0.648435
vt 0.687161 0.648421
vt 0.699587 0.648375
vt 0.711989 0.648331
vt 0.724381 0.648286
vt 0.736918 0.648196
vt 0.749277 0.648228
vt 0.761513 0.648145
vt 0.774071 0.648118
vt 0.786451 0.648081
vt 0.625016 0.661047
vt 0.612573 0.661140
vt 0.637445 0.660990
vt 0.649889 0.660940
vt 0.662326 0.660901
vt 0.674757 0.660862
vt 0.687186 0.660827
vt 0.699606 0.660844
vt 0.712030 0.660697
vt 0.724403 0.660666
vt 0.736876 0.660595
vt 0.749285 0.660491
vt 0.761561 0.660428
vt 0.774100 0.660517
vt 0.786492 0.660464
vt 0.625020 0.673482
vt 0.612597 0.673572
vt 0.637503 0.673427
vt 0.649936 0.673378
vt 0.662369 0.673333
vt 0.674799 0.673294
vt 0.687213 0.673245
vt 0.699643 0.673119
vt 0.712062 0.673103
vt 0.724483 0.673048
vt 0.736909 0.672991
vt 0.749336 0.672873
vt 0.761774 0.672934
vt 0.774144 0.672907
vt 0.786512 0.672901
vt 0.625108 0.685905
vt 0.612668 0.686019
vt 0.637549 0.685863
vt 0.649985 0.685812
vt 0.662413 0.685757
vt 0.674861 0.685754
vt 0.687281 0.685640
vt 0.699684 0.685568
vt 0.712105 0.685516
vt 0.724523 0.685483
vt 0.736979 0.685383
vt 0.749382 0.685324
vt 0.761784 0.685309
vt 0.774166 0.685285
vt 0.786568 0.685228
vt 0.625178 0.698346
vt 0.612727 0.698466
vt 0.637601 0.698296
vt 0.650039 0.698253
vt 0.662479 0.698186
vt 0.674929 0.698133
vt 0.687358 0.698041
vt 0.699745 0.697971
vt 0.712181 0.697957
vt 0.724588 0.697881
vt 0.737043 0.697763
vt 0.749421 0.697727
vt 0.761807 0.697694
vt 0.774195 0.697668
vt 0.786586 0.697636
vt 0.625203 0.710801
vt 0.612794 0.710901
vt 0.637642 0.710719
vt 0.650076 0.710699
vt 0.662560 0.710602
vt 0.674993 0.710513
vt 0.687414 0.710464
vt 0.699827 0.710419
vt 0.712230 0.710383
vt 0.724682 0.710285
vt 0.737055 0.710164
vt 0.749451 0.710115
vt 0.761835 0.710077
vt 0.774221 0.710058
vt 0.786610 0.710041
vt 0.625290 0.723208
vt 0.612845 0.723237
vt 0.637723 0.723142
vt 0.650142 0.723042
vt 0.662625 0.723017
vt 0.675044 0.722950
vt 0.687465 0.722882
vt 0.699956 0.722781
vt 0.712125 0.722709
vt 0.724849 0.722665
vt 0.737167 0.722560
vt 0.749511 0.722483
vt 0.761858 0.722445
vt 0.774236 0.722451
vt 0.786635 0.722438
vt 0.625344 0.735631
vt 0.612894 0.735656
vt 0.637791 0.735569
vt 0.650233 0.735498
vt 0.662677 0.735449
vt 0.675115 0.735387
vt 0.687496 0.735284
vt 0.699859 0.735250
vt 0.712399 0.735222
vt 0.724943 0.734982
vt 0.737252 0.734881
vt 0.749568 0.734809
vt 0.761865 0.734754
vt 0.774277 0.734928
vt 0.786663 0.735021
vt 0.625403 0.748082
vt 0.612918 0.748141
vt 0.637860 0.748010
vt 0.650278 0.747929
vt 0.662734 0.747891
vt 0.675251 0.747989
vt 0.687656 0.747944
vt 0.700151 0.748297
vt 0.712485 0.748035
vt 0.724804 0.748173
vt 0.737288 0.747530
vt 0.749649 0.747205
vt 0.761893 0.747101
vt 0.774290 0.747411
vt 0.786747 0.747746
vt 0.625477 0.760556
vt 0.613011 0.760631
vt 0.637947 0.760480
vt 0.650434 0.760423
vt 0.662998 0.760612
vt 0.675491 0.760736
vt 0.687939 0.760869
vt 0.700310 0.760917
vt 0.712628 0.760926
vt 0.724884 0.760817
vt 0.737342 0.760261
vt 0.749743 0.759931
vt 0.762168 0.760190
vt 0.774571 0.760431
vt 0.786851 0.760392
vt 0.625547 0.773013
vt 0.613086 0.773081
vt 0.638346 0.773257
vt 0.650778 0.773201
vt 0.663226 0.773207
vt 0.675779 0.773470
vt 0.688190 0.773627
vt 0.700479 0.773571
vt 0.712761 0.773461
vt 0.725073 0.773135
vt 0.737498 0.772704
vt 0.749801 0.772517
vt 0.762081 0.772482
vt 0.774655 0.772849
vt 0.786974 0.772973
vt 0.625706 0.785552
vt 0.613141 0.785538
vt 0.638494 0.785704
vt 0.651099 0.785821
vt 0.663619 0.785947
vt 0.676050 0.786067
vt 0.688377 0.786126
vt 0.700633 0.786102
vt 0.712885 0.786001
vt 0.725248 0.785546
vt 0.737634 0.785074
vt 0.749895 0.784827
vt 0.762062 0.784723
vt 0.774871 0.785338
vt 0.787056 0.785434
vt 0.798799 0.610655
vt 0.798749 0.623257
vt 0.798793 0.635610
vt 0.798833 0.648032
vt 0.798861 0.660403
vt 0.798888 0.672630
vt 0.798948 0.685154
vt 0.799005 0.697566
vt 0.798898 0.710088
vt 0.799016 0.722415
vt 0.799044 0.735122
vt 0.799116 0.747907
vt 0.799198 0.760598
vt 0.799269 0.773161
vt 0.799335 0.785603
vt 0.799593 0.798388
vt 0.787658 0.798268
vt 0.774790 0.797529
vt 0.762206 0.797265
vt 0.749792 0.797708
vt 0.737588 0.797688
vt 0.725393 0.797889
vt 0.712934 0.798682
vt 0.700776 0.798579
vt 0.688577 0.798579
vt 0.676289 0.798521
vt 0.663900 0.798436
vt 0.651389 0.798328
vt 0.638744 0.798209
vt 0.626018 0.798107
vt 0.613173 0.797987
vt 0.613301 0.810467
vt 0.626250 0.810572
vt 0.626147 0.822946
vt 0.613429 0.822911
vt 0.639056 0.810680
vt 0.639358 0.823041
vt 0.651704 0.810760
vt 0.651981 0.823076
vt 0.664158 0.810810
vt 0.664330 0.823064
vt 0.676522 0.810869
vt 0.676715 0.823095
vt 0.688775 0.810913
vt 0.688949 0.823109
vt 0.700912 0.810899
vt 0.701055 0.823084
vt 0.713013 0.811137
vt 0.713129 0.823033
vt 0.725161 0.810644
vt 0.725223 0.822849
vt 0.737567 0.810177
vt 0.737651 0.822464
vt 0.749799 0.810081
vt 0.749866 0.822365
vt 0.762307 0.809707
vt 0.762390 0.822124
vt 0.774902 0.809928
vt 0.774864 0.822198
vt 0.787586 0.810152
vt 0.787276 0.822252
vt 0.626438 0.835376
vt 0.613300 0.835306
vt 0.639412 0.835296
vt 0.651989 0.835284
vt 0.664506 0.835261
vt 0.676867 0.835238
vt 0.689043 0.835187
vt 0.701267 0.835218
vt 0.713217 0.835121
vt 0.725305 0.834968
vt 0.737530 0.834807
vt 0.749879 0.834648
vt 0.762448 0.834502
vt 0.774834 0.834496
vt 0.787321 0.834477
vt 0.626473 0.847753
vt 0.613802 0.847811
vt 0.638831 0.847715
vt 0.651806 0.847539
vt 0.664568 0.847421
vt 0.676933 0.847343
vt 0.689167 0.847269
vt 0.701328 0.847155
vt 0.713287 0.847093
vt 0.725410 0.847058
vt 0.737602 0.846971
vt 0.749988 0.846899
vt 0.762507 0.846813
vt 0.774862 0.846806
vt 0.787502 0.846631
vt 0.626615 0.860080
vt 0.613820 0.860243
vt 0.638997 0.859958
vt 0.651876 0.859782
vt 0.664542 0.859600
vt 0.676900 0.859482
vt 0.689135 0.859382
vt 0.701233 0.859339
vt 0.713357 0.859207
vt 0.725520 0.859217
vt 0.737900 0.859238
vt 0.750188 0.859187
vt 0.762536 0.859119
vt 0.774842 0.859128
vt 0.787130 0.859130
vt 0.626566 0.872443
vt 0.613715 0.872761
vt 0.639150 0.872263
vt 0.651772 0.872091
vt 0.664439 0.871846
vt 0.676799 0.871706
vt 0.689062 0.871585
vt 0.701268 0.871426
vt 0.713381 0.871397
vt 0.725525 0.871383
vt 0.737781 0.871463
vt 0.750191 0.871508
vt 0.762530 0.871484
vt 0.774848 0.871459
vt 0.787158 0.871409
vt 0.625648 0.885380
vt 0.613358 0.885487
vt 0.638925 0.884711
vt 0.651549 0.884543
vt 0.664224 0.884233
vt 0.676652 0.884035
vt 0.688938 0.883918
vt 0.701172 0.883814
vt 0.713367 0.883591
vt 0.725571 0.883824
vt 0.737887 0.883900
vt 0.750217 0.883805
vt 0.762573 0.883810
vt 0.774887 0.883758
vt 0.787205 0.883722
vt 0.625696 0.897559
vt 0.613288 0.897648
vt 0.638466 0.897270
vt 0.651625 0.896819
vt 0.663948 0.896791
vt 0.676446 0.896519
vt 0.688761 0.896402
vt 0.701002 0.896440
vt 0.713250 0.896665
vt 0.725523 0.896614
vt 0.737897 0.896386
vt 0.750299 0.896200
vt 0.762628 0.896133
vt 0.774941 0.896075
vt 0.787247 0.896030
vt 0.625813 0.909854
vt 0.613410 0.909793
vt 0.638551 0.909633
vt 0.651447 0.909221
vt 0.663800 0.909216
vt 0.676098 0.909397
vt 0.688512 0.909180
vt 0.700814 0.909258
vt 0.713075 0.909500
vt 0.725491 0.909130
vt 0.737955 0.908847
vt 0.750343 0.908641
vt 0.762695 0.908451
vt 0.775004 0.908422
vt 0.787310 0.908347
vt 0.625880 0.922273
vt 0.613472 0.922325
vt 0.638328 0.922236
vt 0.651164 0.921805
vt 0.663647 0.921532
vt 0.675901 0.921882
vt 0.688209 0.922102
vt 0.700611 0.921958
vt 0.713030 0.921835
vt 0.725549 0.921585
vt 0.738019 0.921302
vt 0.750407 0.921093
vt 0.762759 0.920844
vt 0.775075 0.920905
vt 0.787383 0.920592
vt 0.625909 0.934681
vt 0.613510 0.934731
vt 0.638339 0.934673
vt 0.650766 0.934668
vt 0.663191 0.934665
vt 0.675665 0.934513
vt 0.688089 0.934476
vt 0.700485 0.934522
vt 0.712969 0.934411
vt 0.725543 0.934135
vt 0.738081 0.933794
vt 0.750501 0.933455
vt 0.762812 0.933428
vt 0.775178 0.933413
vt 0.787512 0.933153
vt 0.625940 0.947147
vt 0.613548 0.947145
vt 0.638336 0.947067
vt 0.650741 0.947076
vt 0.663117 0.947096
vt 0.675548 0.947079
vt 0.687919 0.947179
vt 0.700246 0.947184
vt 0.712838 0.947090
vt 0.725387 0.947021
vt 0.737987 0.946658
vt 0.750419 0.946484
vt 0.762862 0.946195
vt 0.775299 0.945974
vt 0.787680 0.945864
vt 0.625986 0.959444
vt 0.613563 0.959577
vt 0.638321 0.959452
vt 0.650740 0.959466
vt 0.663098 0.959454
vt 0.675473 0.959505
vt 0.687967 0.959587
vt 0.700465 0.959650
vt 0.712923 0.959593
vt 0.725484 0.959563
vt 0.738024 0.959362
vt 0.750380 0.959327
vt 0.762884 0.959121
vt 0.775474 0.959023
vt 0.788041 0.959027
vt 0.625898 0.971874
vt 0.613564 0.971938
vt 0.638311 0.971829
vt 0.650697 0.971834
vt 0.663052 0.971807
vt 0.675660 0.972027
vt 0.688142 0.972139
vt 0.700583 0.972214
vt 0.713091 0.972299
vt 0.725580 0.972415
vt 0.737979 0.972338
vt 0.750420 0.972060
vt 0.762977 0.971644
vt 0.775515 0.971643
vt 0.788271 0.971509
vt 0.625955 0.984236
vt 0.613598 0.984276
vt 0.638324 0.984222
vt 0.650717 0.984233
vt 0.663186 0.984314
vt 0.675641 0.984398
vt 0.688054 0.984460
vt 0.700668 0.984734
vt 0.713235 0.984937
vt 0.725657 0.984936
vt 0.738049 0.984902
vt 0.750451 0.984791
vt 0.762903 0.984605
vt 0.775437 0.984383
vt 0.788020 0.984256
vt 0.799499 0.810350
vt 0.799237 0.822364
vt 0.799610 0.834586
vt 0.799594 0.846686
vt 0.799436 0.859044
vt 0.799432 0.871356
vt 0.799566 0.883667
vt 0.799622 0.896071
vt 0.799730 0.908437
vt 0.799592 0.920651
vt 0.799847 0.933162
vt 0.800211 0.946217
vt 0.800426 0.958766
vt 0.800845 0.971466
vt 0.800534 0.984137
vt 0.800294 0.996890
vt 0.787931 0.996760
vt 0.775438 0.996917
vt 0.762947 0.997138
vt 0.750513 0.997311
vt 0.738121 0.997404
vt 0.725716 0.997366
vt 0.713338 0.997402
vt 0.700978 0.997493
vt 0.688453 0.997284
vt 0.675902 0.997059
vt 0.663266 0.996762
vt 0.650665 0.996603
vt 0.638320 0.996583
vt 0.625975 0.996593
vt 0.613635 0.996621
vt 0.810832 0.013722
vt 0.823153 0.013928
vt 0.822894 0.027055
vt 0.810597 0.026481
vt 0.835512 0.014526
vt 0.835085 0.027229
vt 0.848043 0.014259
vt 0.848142 0.026765
vt 0.860595 0.014212
vt 0.860974 0.026723
vt 0.873145 0.014119
vt 0.873325 0.026632
vt 0.885657 0.014190
vt 0.885811 0.026693
vt 0.898153 0.014398
vt 0.898224 0.026802
vt 0.910506 0.014635
vt 0.910519 0.026898
vt 0.922755 0.014521
vt 0.922740 0.026789
vt 0.935026 0.014552
vt 0.934926 0.026978
vt 0.947271 0.014622
vt 0.947156 0.026913
vt 0.959740 0.014415
vt 0.959577 0.026837
vt 0.972729 0.014074
vt 0.972076 0.026772
vt 0.985582 0.014007
vt 0.985359 0.026243
vt 0.822622 0.039570
vt 0.810412 0.039256
vt 0.834804 0.039414
vt 0.848196 0.039198
vt 0.861035 0.039004
vt 0.873462 0.038969
vt 0.885730 0.038969
vt 0.898428 0.039065
vt 0.910550 0.039084
vt 0.922709 0.039061
vt 0.934852 0.039124
vt 0.947069 0.039130
vt 0.959514 0.039112
vt 0.972159 0.039079
vt 0.984754 0.038978
vt 0.822719 0.051690
vt 0.810393 0.051717
vt 0.835432 0.051639
vt 0.848364 0.051524
vt 0.860735 0.051396
vt 0.873384 0.051284
vt 0.885752 0.051184
vt 0.898288 0.051220
vt 0.910531 0.051215
vt 0.922687 0.051223
vt 0.934827 0.051231
vt 0.947235 0.051375
vt 0.959730 0.051458
vt 0.972202 0.051441
vt 0.984766 0.051416
vt 0.823062 0.064067
vt 0.810446 0.064085
vt 0.835760 0.063969
vt 0.848475 0.063825
vt 0.861076 0.063699
vt 0.873552 0.063601
vt 0.886338 0.063482
vt 0.898391 0.063399
vt 0.910525 0.063380
vt 0.922699 0.063392
vt 0.935016 0.063547
vt 0.947493 0.063742
vt 0.959753 0.063786
vt 0.972184 0.063813
vt 0.984713 0.063846
vt 0.823170 0.076460
vt 0.810508 0.076524
vt 0.835752 0.076354
vt 0.848354 0.076175
vt 0.860706 0.076201
vt 0.873227 0.076078
vt 0.886256 0.075513
vt 0.898333 0.075554
vt 0.910475 0.075629
vt 0.922655 0.075591
vt 0.934944 0.075822
vt 0.947319 0.076005
vt 0.959790 0.076144
vt 0.972300 0.076256
vt 0.984683 0.076276
vt 0.822973 0.089013
vt 0.810512 0.088986
vt 0.835393 0.089050
vt 0.847447 0.089114
vt 0.860459 0.088606
vt 0.873325 0.088372
vt 0.885795 0.088126
vt 0.898146 0.088044
vt 0.910389 0.087991
vt 0.922586 0.087842
vt 0.935173 0.088618
vt 0.947425 0.088432
vt 0.959841 0.088590
vt 0.972261 0.088646
vt 0.984671 0.088648
vt 0.823011 0.101503
vt 0.810489 0.101411
vt 0.835438 0.101449
vt 0.848103 0.101293
vt 0.861183 0.100822
vt 0.873385 0.100571
vt 0.885609 0.100822
vt 0.897944 0.100736
vt 0.910320 0.100418
vt 0.922551 0.100437
vt 0.935188 0.101210
vt 0.947470 0.100933
vt 0.959831 0.101154
vt 0.972235 0.101060
vt 0.984687 0.100982
vt 0.822974 0.113831
vt 0.810475 0.113771
vt 0.835461 0.113873
vt 0.847943 0.113819
vt 0.860688 0.113449
vt 0.873179 0.113233
vt 0.885481 0.113328
vt 0.897774 0.113470
vt 0.910026 0.113355
vt 0.922454 0.112907
vt 0.935088 0.113536
vt 0.947427 0.113456
vt 0.959771 0.113581
vt 0.972208 0.113488
vt 0.984588 0.113446
vt 0.823016 0.126264
vt 0.810594 0.126233
vt 0.835419 0.126296
vt 0.847859 0.126313
vt 0.860332 0.126266
vt 0.872870 0.126084
vt 0.885348 0.125886
vt 0.897735 0.125876
vt 0.910178 0.125508
vt 0.922399 0.125411
vt 0.934848 0.125873
vt 0.947254 0.126141
vt 0.959696 0.126049
vt 0.972161 0.125938
vt 0.984554 0.125874
vt 0.822992 0.138655
vt 0.810586 0.138672
vt 0.835405 0.138708
vt 0.847837 0.138729
vt 0.860262 0.138756
vt 0.872677 0.138799
vt 0.885184 0.138675
vt 0.897633 0.138698
vt 0.910111 0.138169
vt 0.922376 0.138111
vt 0.934750 0.138640
vt 0.947136 0.138734
vt 0.959639 0.138574
vt 0.972097 0.138436
vt 0.984489 0.138424
vt 0.822982 0.151133
vt 0.810564 0.151130
vt 0.835399 0.151132
vt 0.847815 0.151147
vt 0.860230 0.151182
vt 0.872656 0.151219
vt 0.885115 0.151242
vt 0.897578 0.151307
vt 0.910020 0.151489
vt 0.922257 0.151879
vt 0.934558 0.151353
vt 0.947050 0.151247
vt 0.959547 0.151115
vt 0.971950 0.151189
vt 0.984409 0.150999
vt 0.822977 0.163537
vt 0.810577 0.163560
vt 0.835436 0.163610
vt 0.847774 0.163594
vt 0.860166 0.163625
vt 0.872623 0.163663
vt 0.885066 0.163692
vt 0.897484 0.163749
vt 0.909890 0.163831
vt 0.922227 0.163888
vt 0.934647 0.163773
vt 0.946962 0.163768
vt 0.959450 0.163694
vt 0.971865 0.163728
vt 0.984210 0.163853
vt 0.823065 0.175962
vt 0.810605 0.175998
vt 0.835398 0.176006
vt 0.847806 0.176076
vt 0.860212 0.176115
vt 0.872623 0.176102
vt 0.885034 0.176111
vt 0.897435 0.176145
vt 0.909809 0.176190
vt 0.922188 0.176176
vt 0.934511 0.176150
vt 0.946976 0.176158
vt 0.959436 0.176145
vt 0.971865 0.176191
vt 0.984184 0.176182
vt 0.823008 0.188480
vt 0.810598 0.188459
vt 0.835414 0.188468
vt 0.847819 0.188498
vt 0.860208 0.188505
vt 0.872630 0.188505
vt 0.885020 0.188512
vt 0.897405 0.188529
vt 0.909775 0.188556
vt 0.922117 0.188566
vt 0.934520 0.188516
vt 0.947055 0.188647
vt 0.959455 0.188553
vt 0.971841 0.188546
vt 0.984194 0.188534
vt 0.811050 0.001082
vt 0.823482 0.000784
vt 0.835875 0.000378
vt 0.848189 0.001027
vt 0.860657 0.001817
vt 0.873074 0.001551
vt 0.885403 0.001478
vt 0.898099 0.001934
vt 0.910447 0.001968
vt 0.922841 0.001690
vt 0.935196 0.001734
vt 0.947560 0.001862
vt 0.959886 0.001967
vt 0.972384 0.001684
vt 0.984710 0.001303
vt 0.997644 0.001564
vt 0.997816 0.013955
vt 0.997683 0.026423
vt 0.997373 0.038931
vt 0.997158 0.051422
vt 0.997177 0.063797
vt 0.997042 0.076325
vt 0.997018 0.088664
vt 0.997008 0.100995
vt 0.996982 0.113367
vt 0.996914 0.125853
vt 0.996881 0.138678
vt 0.996768 0.151073
vt 0.996627 0.163643
vt 0.996541 0.176169
vt 0.996550 0.188522
vt 0.996563 0.200868
vt 0.984209 0.200887
vt 0.971838 0.200914
vt 0.959523 0.200854
vt 0.947096 0.201095
vt 0.934488 0.200850
vt 0.922146 0.200904
vt 0.909764 0.200926
vt 0.897388 0.200901
vt 0.885011 0.200898
vt 0.872627 0.200893
vt 0.860170 0.200894
vt 0.847810 0.200879
vt 0.835415 0.200860
vt 0.823027 0.200897
vt 0.810583 0.200881
vt 0.810597 0.213307
vt 0.823055 0.213258
vt 0.822990 0.225730
vt 0.810598 0.225736
vt 0.835418 0.213262
vt 0.835413 0.225686
vt 0.847812 0.213265
vt 0.847817 0.225674
vt 0.860217 0.213280
vt 0.860214 0.225679
vt 0.872612 0.213290
vt 0.872620 0.225697
vt 0.885010 0.213310
vt 0.885008 0.225710
vt 0.897398 0.213309
vt 0.897404 0.225721
vt 0.909797 0.213294
vt 0.909810 0.225688
vt 0.922187 0.213254
vt 0.922223 0.225639
vt 0.934567 0.213219
vt 0.934645 0.225605
vt 0.947084 0.213117
vt 0.947034 0.225568
vt 0.959397 0.213182
vt 0.959469 0.225590
vt 0.971885 0.213310
vt 0.971881 0.225573
vt 0.984238 0.213233
vt 0.984242 0.225594
vt 0.823019 0.238117
vt 0.810614 0.238155
vt 0.835421 0.238171
vt 0.847820 0.238069
vt 0.860207 0.238066
vt 0.872609 0.238077
vt 0.884993 0.238091
vt 0.897413 0.238223
vt 0.909780 0.238102
vt 0.922246 0.238030
vt 0.934642 0.238014
vt 0.947044 0.237999
vt 0.959461 0.238000
vt 0.971869 0.237999
vt 0.984270 0.237979
vt 0.823033 0.250546
vt 0.810623 0.250546
vt 0.835437 0.250522
vt 0.847804 0.250486
vt 0.860124 0.250461
vt 0.872572 0.250462
vt 0.885089 0.250505
vt 0.897430 0.250460
vt 0.909721 0.250451
vt 0.922245 0.250431
vt 0.934647 0.250422
vt 0.947052 0.250403
vt 0.959508 0.250474
vt 0.971886 0.250414
vt 0.984307 0.250394
vt 0.823089 0.263073
vt 0.810626 0.263039
vt 0.835461 0.263016
vt 0.847858 0.262991
vt 0.860229 0.262870
vt 0.872515 0.262778
vt 0.885072 0.262881
vt 0.897471 0.262869
vt 0.909864 0.262836
vt 0.922288 0.262805
vt 0.934657 0.262830
vt 0.947078 0.262807
vt 0.959511 0.262817
vt 0.971912 0.262804
vt 0.984290 0.262797
vt 0.823022 0.275493
vt 0.810617 0.275483
vt 0.835479 0.275430
vt 0.847907 0.275419
vt 0.860447 0.275525
vt 0.872660 0.275217
vt 0.885098 0.275385
vt 0.897523 0.275222
vt 0.909892 0.275213
vt 0.922229 0.275166
vt 0.934551 0.275268
vt 0.947120 0.275174
vt 0.959513 0.275102
vt 0.971918 0.275177
vt 0.984318 0.275190
vt 0.823032 0.287888
vt 0.810627 0.287900
vt 0.835432 0.287871
vt 0.847945 0.287808
vt 0.860173 0.287863
vt 0.872462 0.287378
vt 0.885201 0.287859
vt 0.897498 0.287814
vt 0.909952 0.287643
vt 0.922463 0.287476
vt 0.934420 0.287498
vt 0.947089 0.287598
vt 0.959524 0.287588
vt 0.971928 0.287572
vt 0.984316 0.287565
vt 0.823050 0.300292
vt 0.810644 0.300309
vt 0.835460 0.300268
vt 0.847875 0.300236
vt 0.860271 0.300199
vt 0.872711 0.300125
vt 0.885161 0.300165
vt 0.897522 0.300157
vt 0.909973 0.300103
vt 0.922350 0.300114
vt 0.934745 0.300070
vt 0.947140 0.300027
vt 0.959553 0.299993
vt 0.971958 0.299964
vt 0.984275 0.299967
vt 0.823069 0.312705
vt 0.810675 0.312720
vt 0.835485 0.312684
vt 0.847901 0.312654
vt 0.860310 0.312619
vt 0.872741 0.312580
vt 0.885125 0.312586
vt 0.897572 0.312509
vt 0.909983 0.312506
vt 0.922382 0.312494
vt 0.934781 0.312462
vt 0.947178 0.312445
vt 0.959598 0.312421
vt 0.972037 0.312281
vt 0.984431 0.312364
vt 0.823083 0.325136
vt 0.810688 0.325224
vt 0.835511 0.325100
vt 0.847936 0.325074
vt 0.860374 0.325049
vt 0.872780 0.325000
vt 0.885085 0.324964
vt 0.897587 0.324923
vt 0.909994 0.324914
vt 0.922406 0.324899
vt 0.934829 0.324908
vt 0.947156 0.324877
vt 0.959618 0.324867
vt 0.972116 0.324865
vt 0.984660 0.324947
vt 0.823122 0.337549
vt 0.810703 0.337518
vt 0.835537 0.337521
vt 0.847962 0.337503
vt 0.860398 0.337532
vt 0.872772 0.337495
vt 0.885207 0.337359
vt 0.897602 0.337328
vt 0.910004 0.337320
vt 0.922416 0.337303
vt 0.934815 0.337308
vt 0.947243 0.337332
vt 0.959683 0.337314
vt 0.972096 0.337309
vt 0.984546 0.337340
vt 0.823139 0.349954
vt 0.810723 0.349967
vt 0.835552 0.349937
vt 0.847963 0.349925
vt 0.860361 0.349930
vt 0.872781 0.349886
vt 0.885108 0.349885
vt 0.897599 0.349696
vt 0.910011 0.349731
vt 0.922410 0.349769
vt 0.934820 0.349725
vt 0.947232 0.349736
vt 0.959637 0.349742
vt 0.972104 0.349715
vt 0.984512 0.349742
vt 0.823158 0.362366
vt 0.810744 0.362388
vt 0.835568 0.362344
vt 0.847969 0.362330
vt 0.860358 0.362323
vt 0.872689 0.362303
vt 0.885155 0.362223
vt 0.897581 0.362161
vt 0.910012 0.362148
vt 0.922419 0.362147
vt 0.934822 0.362133
vt 0.947224 0.362140
vt 0.959625 0.362147
vt 0.972018 0.362159
vt 0.984457 0.362152
vt 0.823182 0.374776
vt 0.810767 0.374807
vt 0.835583 0.374746
vt 0.847988 0.374726
vt 0.860379 0.374703
vt 0.872767 0.374668
vt 0.885199 0.374616
vt 0.897606 0.374583
vt 0.910020 0.374561
vt 0.922430 0.374549
vt 0.934829 0.374544
vt 0.947225 0.374541
vt 0.959618 0.374542
vt 0.972008 0.374548
vt 0.984432 0.374557
vt 0.823208 0.387195
vt 0.810817 0.387254
vt 0.835565 0.387224
vt 0.848013 0.387123
vt 0.860409 0.387094
vt 0.872809 0.387064
vt 0.885241 0.387004
vt 0.897634 0.386988
vt 0.910034 0.386966
vt 0.922424 0.386953
vt 0.934827 0.386947
vt 0.947222 0.386941
vt 0.959619 0.386934
vt 0.971999 0.386923
vt 0.984467 0.386948
vt 0.996586 0.213216
vt 0.996605 0.225571
vt 0.996679 0.237961
vt 0.996760 0.250450
vt 0.996683 0.262821
vt 0.996687 0.275187
vt 0.996691 0.287562
vt 0.996702 0.299933
vt 0.996846 0.312363
vt 0.997073 0.324957
vt 0.996968 0.337368
vt 0.996958 0.349737
vt 0.996849 0.362175
vt 0.996815 0.374566
vt 0.996824 0.386927
vt 0.996818 0.399297
vt 0.984452 0.399247
vt 0.972037 0.399312
vt 0.959637 0.399334
vt 0.947240 0.399362
vt 0.934829 0.399328
vt 0.922454 0.399356
vt 0.910056 0.399362
vt 0.897660 0.399411
vt 0.885253 0.399437
vt 0.872842 0.399470
vt 0.860433 0.399499
vt 0.848028 0.399518
vt 0.835624 0.399508
vt 0.823275 0.399567
vt 0.810874 0.399567
vt 0.810870 0.411706
vt 0.823224 0.411887
vt 0.823191 0.424390
vt 0.810783 0.424232
vt 0.835620 0.411921
vt 0.835562 0.424396
vt 0.848033 0.411920
vt 0.848039 0.424338
vt 0.860454 0.411911
vt 0.860479 0.424297
vt 0.872872 0.411878
vt 0.872896 0.424288
vt 0.885282 0.411851
vt 0.885306 0.424264
vt 0.897704 0.411817
vt 0.897725 0.424245
vt 0.910159 0.411848
vt 0.910182 0.424184
vt 0.922501 0.411825
vt 0.922531 0.424191
vt 0.934762 0.411832
vt 0.934958 0.424279
vt 0.947225 0.411778
vt 0.947299 0.424200
vt 0.959655 0.411736
vt 0.959698 0.424144
vt 0.972061 0.411707
vt 0.972100 0.424109
vt 0.984452 0.411679
vt 0.984484 0.424068
vt 0.823177 0.436794
vt 0.810733 0.436782
vt 0.835652 0.436797
vt 0.848078 0.436759
vt 0.860500 0.436721
vt 0.872916 0.436696
vt 0.885319 0.436675
vt 0.897737 0.436673
vt 0.910150 0.436663
vt 0.922561 0.436634
vt 0.934967 0.436629
vt 0.947353 0.436592
vt 0.959747 0.436544
vt 0.972142 0.436501
vt 0.984531 0.436453
vt 0.823172 0.449212
vt 0.810691 0.449221
vt 0.835713 0.449213
vt 0.848118 0.449180
vt 0.860537 0.449141
vt 0.872947 0.449100
vt 0.885336 0.449069
vt 0.897777 0.449105
vt 0.910169 0.449071
vt 0.922582 0.449051
vt 0.934994 0.449024
vt 0.947393 0.448987
vt 0.959792 0.448942
vt 0.972189 0.448896
vt 0.984589 0.448848
vt 0.823163 0.461625
vt 0.810659 0.461630
vt 0.835727 0.461628
vt 0.848150 0.461600
vt 0.860575 0.461563
vt 0.873000 0.461514
vt 0.885421 0.461487
vt 0.897855 0.461560
vt 0.910202 0.461564
vt 0.922615 0.461474
vt 0.935029 0.461431
vt 0.947436 0.461388
vt 0.959838 0.461341
vt 0.972235 0.461293
vt 0.984629 0.461245
vt 0.823214 0.474041
vt 0.810655 0.474013
vt 0.835748 0.474062
vt 0.848196 0.474058
vt 0.860596 0.474034
vt 0.873060 0.473961
vt 0.885540 0.473964
vt 0.897904 0.473921
vt 0.910226 0.473909
vt 0.922665 0.473886
vt 0.935073 0.473841
vt 0.947483 0.473794
vt 0.959887 0.473743
vt 0.972284 0.473689
vt 0.984717 0.473694
vt 0.823272 0.486456
vt 0.810721 0.486406
vt 0.835848 0.486515
vt 0.848240 0.486476
vt 0.860651 0.486434
vt 0.873071 0.486403
vt 0.885503 0.486393
vt 0.897896 0.486398
vt 0.910290 0.486331
vt 0.922738 0.486277
vt 0.935126 0.486252
vt 0.947535 0.486204
vt 0.959945 0.486148
vt 0.972347 0.486086
vt 0.984764 0.485938
vt 0.823390 0.498922
vt 0.810815 0.498839
vt 0.835854 0.498920
vt 0.848282 0.498885
vt 0.860713 0.498869
vt 0.873110 0.498830
vt 0.885519 0.498807
vt 0.897926 0.498785
vt 0.910335 0.498749
vt 0.922744 0.498709
vt 0.935163 0.498669
vt 0.947588 0.498620
vt 0.960010 0.498562
vt 0.972429 0.498485
vt 0.984843 0.498390
vt 0.823383 0.511340
vt 0.810971 0.511353
vt 0.835911 0.511352
vt 0.848306 0.511279
vt 0.860743 0.511249
vt 0.873137 0.511234
vt 0.885541 0.511215
vt 0.897959 0.511198
vt 0.910364 0.511170
vt 0.922782 0.511133
vt 0.935208 0.511096
vt 0.947642 0.511050
vt 0.960078 0.510987
vt 0.972516 0.510910
vt 0.984935 0.510804
vt 0.823397 0.523746
vt 0.810993 0.523768
vt 0.835881 0.523718
vt 0.848207 0.523645
vt 0.860740 0.523647
vt 0.873149 0.523639
vt 0.885558 0.523625
vt 0.897988 0.523600
vt 0.910384 0.523597
vt 0.922783 0.523568
vt 0.935246 0.523539
vt 0.947696 0.523489
vt 0.960147 0.523435
vt 0.972615 0.523367
vt 0.985083 0.523261
vt 0.823424 0.536146
vt 0.811019 0.536182
vt 0.835910 0.536086
vt 0.848315 0.536068
vt 0.860736 0.536063
vt 0.873162 0.536051
vt 0.885578 0.536039
vt 0.898101 0.535958
vt 0.910398 0.535969
vt 0.922842 0.535991
vt 0.935291 0.536002
vt 0.947744 0.535934
vt 0.960195 0.535892
vt 0.972653 0.535841
vt 0.985278 0.535748
vt 0.823483 0.548550
vt 0.811060 0.548605
vt 0.835928 0.548494
vt 0.848322 0.548452
vt 0.860766 0.548493
vt 0.873182 0.548474
vt 0.885607 0.548456
vt 0.898018 0.548429
vt 0.910426 0.548404
vt 0.922872 0.548423
vt 0.935308 0.548400
vt 0.947786 0.548369
vt 0.960228 0.548350
vt 0.972719 0.548344
vt 0.985355 0.548313
vt 0.823479 0.560992
vt 0.811101 0.561026
vt 0.835948 0.560940
vt 0.848371 0.560918
vt 0.860774 0.560896
vt 0.873198 0.560901
vt 0.885624 0.560879
vt 0.898043 0.560889
vt 0.910444 0.560853
vt 0.922882 0.560860
vt 0.935341 0.560782
vt 0.947787 0.560799
vt 0.960222 0.560806
vt 0.972673 0.560836
vt 0.985131 0.560927
vt 0.823564 0.573409
vt 0.811063 0.573458
vt 0.835972 0.573366
vt 0.848396 0.573346
vt 0.860822 0.573335
vt 0.873217 0.573326
vt 0.885631 0.573308
vt 0.898048 0.573299
vt 0.910462 0.573276
vt 0.922915 0.573249
vt 0.935349 0.573191
vt 0.947775 0.573228
vt 0.960200 0.573231
vt 0.972610 0.573269
vt 0.985012 0.573347
vt 0.823583 0.585808
vt 0.811162 0.585836
vt 0.835993 0.585789
vt 0.848412 0.585775
vt 0.860825 0.585766
vt 0.873234 0.585746
vt 0.885649 0.585725
vt 0.898064 0.585712
vt 0.910488 0.585694
vt 0.922919 0.585663
vt 0.935344 0.585645
vt 0.947766 0.585662
vt 0.960185 0.585642
vt 0.972575 0.585705
vt 0.984902 0.585744
vt 0.996826 0.411660
vt 0.996859 0.424029
vt 0.996905 0.436396
vt 0.997003 0.448794
vt 0.997007 0.461205
vt 0.997061 0.473582
vt 0.997223 0.486007
vt 0.997229 0.498351
vt 0.997298 0.510690
vt 0.997454 0.523071
vt 0.997901 0.535681
vt 0.998369 0.548093
vt 0.997551 0.561089
vt 0.997374 0.573468
vt 0.997272 0.585813
vt 0.997259 0.598164
vt 0.984906 0.598144
vt 0.972510 0.598065
vt 0.960158 0.597992
vt 0.947682 0.598174
vt 0.935313 0.598090
vt 0.922901 0.598107
vt 0.910495 0.598110
vt 0.898079 0.598125
vt 0.885666 0.598140
vt 0.873253 0.598158
vt 0.860842 0.598175
vt 0.848423 0.598202
vt 0.836006 0.598201
vt 0.823605 0.598208
vt 0.811272 0.598202
vt 0.811139 0.610588
vt 0.823583 0.610626
vt 0.823598 0.623059
vt 0.811176 0.623077
vt 0.836014 0.610619
vt 0.836029 0.623044
vt 0.848437 0.610601
vt 0.848453 0.623023
vt 0.860855 0.610589
vt 0.860872 0.623005
vt 0.873270 0.610572
vt 0.873289 0.622988
vt 0.885683 0.610553
vt 0.885704 0.622967
vt 0.898092 0.610534
vt 0.898112 0.622942
vt 0.910537 0.610501
vt 0.910517 0.622922
vt 0.922905 0.610499
vt 0.922911 0.622938
vt 0.935300 0.610499
vt 0.935303 0.622913
vt 0.947691 0.610501
vt 0.947685 0.622908
vt 0.960082 0.610483
vt 0.960085 0.622882
vt 0.972489 0.610481
vt 0.972482 0.622877
vt 0.984881 0.610507
vt 0.984871 0.622889
vt 0.823591 0.635505
vt 0.811166 0.635514
vt 0.836048 0.635469
vt 0.848473 0.635461
vt 0.860891 0.635422
vt 0.873308 0.635406
vt 0.885731 0.635386
vt 0.898163 0.635366
vt 0.910486 0.635362
vt 0.922918 0.635332
vt 0.935318 0.635308
vt 0.947697 0.635284
vt 0.960106 0.635251
vt 0.972479 0.635245
vt 0.984882 0.635291
vt 0.823644 0.647939
vt 0.811226 0.647990
vt 0.836076 0.647900
vt 0.848505 0.647841
vt 0.860899 0.647839
vt 0.873329 0.647825
vt 0.885745 0.647807
vt 0.898145 0.647783
vt 0.910525 0.647694
vt 0.922943 0.647747
vt 0.935352 0.647690
vt 0.947716 0.647658
vt 0.960124 0.647678
vt 0.972555 0.647642
vt 0.984885 0.647604
vt 0.823680 0.660365
vt 0.811270 0.660395
vt 0.836095 0.660349
vt 0.848454 0.660310
vt 0.860903 0.660267
vt 0.873335 0.660260
vt 0.885780 0.660253
vt 0.898212 0.660234
vt 0.910575 0.660177
vt 0.923021 0.660160
vt 0.935430 0.660110
vt 0.947930 0.660216
vt 0.960112 0.660166
vt 0.972553 0.660046
vt 0.984945 0.660005
vt 0.823708 0.672782
vt 0.811314 0.672822
vt 0.836125 0.672763
vt 0.848529 0.672738
vt 0.860937 0.672698
vt 0.873335 0.672673
vt 0.885796 0.672707
vt 0.898230 0.672650
vt 0.910628 0.672594
vt 0.923052 0.672565
vt 0.935483 0.672561
vt 0.947934 0.672407
vt 0.960136 0.672388
vt 0.972595 0.672431
vt 0.984981 0.672393
vt 0.823739 0.685194
vt 0.811248 0.685149
vt 0.836154 0.685169
vt 0.848561 0.685141
vt 0.860972 0.685109
vt 0.873400 0.685057
vt 0.885823 0.685201
vt 0.898288 0.685036
vt 0.910633 0.685019
vt 0.923042 0.684992
vt 0.935461 0.684982
vt 0.947825 0.684951
vt 0.960222 0.684873
vt 0.972634 0.684827
vt 0.985026 0.684776
vt 0.823776 0.697586
vt 0.811422 0.697608
vt 0.836181 0.697571
vt 0.848587 0.697550
vt 0.861000 0.697527
vt 0.873423 0.697511
vt 0.885836 0.697517
vt 0.898249 0.697486
vt 0.910680 0.697458
vt 0.923113 0.697404
vt 0.935491 0.697375
vt 0.947876 0.697338
vt 0.960276 0.697280
vt 0.972690 0.697226
vt 0.985085 0.697163
vt 0.823786 0.709990
vt 0.811377 0.709985
vt 0.836196 0.709977
vt 0.848608 0.709963
vt 0.861012 0.709935
vt 0.873433 0.709934
vt 0.885855 0.709927
vt 0.898268 0.709902
vt 0.910695 0.709881
vt 0.923061 0.709851
vt 0.935514 0.709782
vt 0.947923 0.709738
vt 0.960335 0.709690
vt 0.972747 0.709636
vt 0.985160 0.709562
vt 0.823792 0.722404
vt 0.811390 0.722395
vt 0.836209 0.722386
vt 0.848620 0.722393
vt 0.861032 0.722332
vt 0.873431 0.722365
vt 0.885874 0.722349
vt 0.898299 0.722315
vt 0.910716 0.722281
vt 0.923124 0.722247
vt 0.935548 0.722199
vt 0.947968 0.722148
vt 0.960382 0.722106
vt 0.972839 0.722077
vt 0.985224 0.722048
vt 0.823793 0.735598
vt 0.811416 0.735238
vt 0.836092 0.735543
vt 0.848567 0.735120
vt 0.861033 0.734903
vt 0.873456 0.734886
vt 0.885906 0.734809
vt 0.898340 0.734731
vt 0.910740 0.734687
vt 0.923158 0.734638
vt 0.935698 0.734636
vt 0.948006 0.734563
vt 0.960418 0.734520
vt 0.972829 0.734489
vt 0.985223 0.734473
vt 0.823769 0.748287
vt 0.811437 0.748003
vt 0.836051 0.748189
vt 0.848503 0.747799
vt 0.860854 0.747754
vt 0.873388 0.747482
vt 0.886003 0.747217
vt 0.898426 0.747126
vt 0.910800 0.747068
vt 0.923190 0.746978
vt 0.935664 0.746983
vt 0.948064 0.746963
vt 0.960457 0.746925
vt 0.972855 0.746892
vt 0.985246 0.746863
vt 0.823749 0.760741
vt 0.811483 0.760702
vt 0.836025 0.760707
vt 0.848341 0.760555
vt 0.860680 0.760424
vt 0.872999 0.760363
vt 0.885849 0.759770
vt 0.898490 0.759459
vt 0.910842 0.759463
vt 0.923267 0.759423
vt 0.935685 0.759393
vt 0.948094 0.759354
vt 0.960491 0.759326
vt 0.972889 0.759289
vt 0.985285 0.759255
vt 0.823717 0.773359
vt 0.811505 0.773277
vt 0.835943 0.773276
vt 0.848335 0.772891
vt 0.860601 0.772842
vt 0.872938 0.772746
vt 0.885500 0.772460
vt 0.898083 0.772224
vt 0.910834 0.771931
vt 0.923308 0.771841
vt 0.935715 0.771837
vt 0.948129 0.771721
vt 0.960523 0.771740
vt 0.972925 0.771678
vt 0.985308 0.771652
vt 0.823686 0.785835
vt 0.811532 0.785808
vt 0.835851 0.785775
vt 0.848107 0.785569
vt 0.860361 0.785458
vt 0.872785 0.785207
vt 0.885146 0.785081
vt 0.897863 0.784736
vt 0.910636 0.784464
vt 0.923470 0.784219
vt 0.935751 0.784188
vt 0.948156 0.784130
vt 0.960541 0.784127
vt 0.972908 0.784097
vt 0.985336 0.784043
vt 0.997247 0.610518
vt 0.997245 0.622882
vt 0.997266 0.635240
vt 0.997312 0.647610
vt 0.997326 0.659979
vt 0.997358 0.672353
vt 0.997402 0.684723
vt 0.997463 0.697089
vt 0.997553 0.709453
vt 0.997681 0.721817
vt 0.997685 0.734331
vt 0.997613 0.746827
vt 0.997745 0.759243
vt 0.997693 0.771623
vt 0.997709 0.783996
vt 0.997769 0.796386
vt 0.985416 0.796430
vt 0.972983 0.796491
vt 0.960557 0.796544
vt 0.948142 0.796517
vt 0.935786 0.796472
vt 0.923440 0.796533
vt 0.910418 0.796910
vt 0.897647 0.797182
vt 0.885161 0.797357
vt 0.872619 0.797592
vt 0.860237 0.797788
vt 0.847986 0.797957
vt 0.835808 0.798095
vt 0.823612 0.798392
vt 0.811575 0.798333
vt 0.811564 0.810398
vt 0.823643 0.810445
vt 0.823683 0.822537
vt 0.811510 0.822436
vt 0.835714 0.810323
vt 0.835851 0.822353
vt 0.848077 0.810071
vt 0.848115 0.822216
vt 0.860226 0.809968
vt 0.860270 0.822079
vt 0.872550 0.809827
vt 0.872527 0.821969
vt 0.885315 0.809573
vt 0.885047 0.821900
vt 0.897635 0.809480
vt 0.897656 0.821773
vt 0.910163 0.809330
vt 0.910383 0.821654
vt 0.923227 0.809000
vt 0.923063 0.821493
vt 0.935732 0.808944
vt 0.935736 0.821414
vt 0.948128 0.808927
vt 0.948282 0.821374
vt 0.960644 0.808997
vt 0.960706 0.821339
vt 0.973016 0.808898
vt 0.973104 0.821272
vt 0.985414 0.808824
vt 0.985546 0.821200
vt 0.823726 0.834468
vt 0.811675 0.834521
vt 0.835936 0.834392
vt 0.848365 0.834348
vt 0.860689 0.834330
vt 0.872953 0.834224
vt 0.885151 0.834135
vt 0.897742 0.834065
vt 0.910501 0.834015
vt 0.922912 0.833910
vt 0.935815 0.833888
vt 0.948314 0.833794
vt 0.960778 0.833723
vt 0.973146 0.833654
vt 0.985612 0.833579
vt 0.823803 0.846363
vt 0.811728 0.846570
vt 0.835889 0.846418
vt 0.848405 0.846416
vt 0.860705 0.846422
vt 0.872789 0.846422
vt 0.885233 0.846354
vt 0.898118 0.846398
vt 0.910658 0.846392
vt 0.923535 0.846482
vt 0.936002 0.846348
vt 0.948443 0.846212
vt 0.960845 0.846070
vt 0.973239 0.846041
vt 0.985820 0.845995
vt 0.823894 0.858436
vt 0.811857 0.858595
vt 0.835877 0.858390
vt 0.848201 0.858524
vt 0.860548 0.858588
vt 0.872800 0.858559
vt 0.884952 0.858505
vt 0.897995 0.858663
vt 0.911166 0.858898
vt 0.923715 0.858876
vt 0.936121 0.858759
vt 0.948524 0.858644
vt 0.960922 0.858559
vt 0.973335 0.858466
vt 0.985768 0.858395
vt 0.824014 0.870908
vt 0.811786 0.871106
vt 0.836179 0.870748
vt 0.848507 0.870894
vt 0.860804 0.870925
vt 0.873179 0.870968
vt 0.885456 0.870801
vt 0.898024 0.870932
vt 0.911279 0.871316
vt 0.923840 0.871273
vt 0.936235 0.871162
vt 0.948627 0.871034
vt 0.961004 0.870946
vt 0.973400 0.870904
vt 0.985809 0.870807
vt 0.824193 0.883559
vt 0.811949 0.883876
vt 0.836413 0.883106
vt 0.848645 0.883157
vt 0.861064 0.883325
vt 0.873555 0.883425
vt 0.886353 0.883780
vt 0.898951 0.883805
vt 0.911459 0.883757
vt 0.923931 0.883680
vt 0.936373 0.883594
vt 0.948737 0.883434
vt 0.961119 0.883383
vt 0.973467 0.883285
vt 0.985887 0.883200
vt 0.824434 0.896209
vt 0.812091 0.896181
vt 0.836743 0.896087
vt 0.849051 0.895919
vt 0.861502 0.896057
vt 0.873964 0.896088
vt 0.886619 0.896224
vt 0.899108 0.896206
vt 0.911625 0.896199
vt 0.924026 0.896092
vt 0.936414 0.895996
vt 0.948837 0.895816
vt 0.961231 0.895783
vt 0.973614 0.895690
vt 0.985990 0.895585
vt 0.824657 0.908718
vt 0.812116 0.908548
vt 0.837084 0.908827
vt 0.849428 0.908751
vt 0.861926 0.908935
vt 0.874267 0.908633
vt 0.886894 0.908768
vt 0.899400 0.908688
vt 0.911740 0.908590
vt 0.924132 0.908493
vt 0.936529 0.908383
vt 0.948930 0.908266
vt 0.961326 0.908168
vt 0.973713 0.908069
vt 0.986092 0.907966
vt 0.824772 0.921142
vt 0.812256 0.920980
vt 0.837271 0.921286
vt 0.849896 0.921599
vt 0.862296 0.922014
vt 0.874599 0.921310
vt 0.887014 0.921168
vt 0.899425 0.921068
vt 0.911822 0.920985
vt 0.924246 0.920901
vt 0.936644 0.920781
vt 0.949040 0.920661
vt 0.961428 0.920558
vt 0.973816 0.920454
vt 0.986199 0.920344
vt 0.824724 0.933463
vt 0.812267 0.933326
vt 0.837328 0.933701
vt 0.850129 0.934031
vt 0.862472 0.933978
vt 0.874663 0.933845
vt 0.887141 0.933527
vt 0.899483 0.933444
vt 0.911917 0.933383
vt 0.924377 0.933282
vt 0.936730 0.933190
vt 0.949158 0.933034
vt 0.961537 0.932947
vt 0.973923 0.932843
vt 0.986313 0.932724
vt 0.825098 0.946165
vt 0.812586 0.946067
vt 0.837670 0.946284
vt 0.850132 0.946321
vt 0.862476 0.946279
vt 0.874809 0.946145
vt 0.887204 0.946007
vt 0.899621 0.945897
vt 0.912029 0.945786
vt 0.924437 0.945676
vt 0.936812 0.945556
vt 0.949180 0.945482
vt 0.961621 0.945346
vt 0.974034 0.945232
vt 0.986435 0.945114
vt 0.825351 0.958790
vt 0.812844 0.958692
vt 0.837814 0.958771
vt 0.850205 0.958693
vt 0.862567 0.958608
vt 0.874918 0.958506
vt 0.887299 0.958425
vt 0.899729 0.958319
vt 0.912148 0.958193
vt 0.924597 0.958083
vt 0.936941 0.958013
vt 0.949256 0.957850
vt 0.961739 0.957771
vt 0.974159 0.957640
vt 0.986578 0.957522
vt 0.825488 0.971267
vt 0.813114 0.971385
vt 0.837901 0.971174
vt 0.850302 0.971075
vt 0.862670 0.970955
vt 0.875028 0.970898
vt 0.887300 0.970978
vt 0.899847 0.970774
vt 0.912298 0.970624
vt 0.924785 0.970400
vt 0.937056 0.970285
vt 0.949350 0.970161
vt 0.961865 0.970252
vt 0.974302 0.970053
vt 0.986735 0.969934
vt 0.825588 0.983688
vt 0.813074 0.983900
vt 0.838001 0.983587
vt 0.850421 0.983483
vt 0.862923 0.983380
vt 0.875218 0.983225
vt 0.887394 0.983136
vt 0.900074 0.983240
vt 0.912433 0.983080
vt 0.924846 0.982942
vt 0.937349 0.983165
vt 0.949729 0.983164
vt 0.962084 0.982947
vt 0.974498 0.982831
vt 0.986902 0.982659
vt 0.997804 0.808752
vt 0.997901 0.821117
vt 0.998048 0.833517
vt 0.998199 0.845926
vt 0.998176 0.858350
vt 0.998183 0.870748
vt 0.998264 0.883106
vt 0.998378 0.895486
vt 0.998465 0.907863
vt 0.998573 0.920233
vt 0.998688 0.932603
vt 0.998818 0.944974
vt 0.998965 0.957344
vt 0.999162 0.969705
vt 0.999297 0.982344
vt 0.999499 0.994924
vt 0.987073 0.995433
vt 0.974703 0.995773
vt 0.962292 0.995670
vt 0.949936 0.995772
vt 0.937470 0.995660
vt 0.925001 0.995551
vt 0.912550 0.995460
vt 0.900172 0.995580
vt 0.887729 0.995607
vt 0.875299 0.995844
vt 0.862881 0.995846
vt 0.850487 0.995901
vt 0.838098 0.995981
vt 0.825601 0.996175
vt 0.812883 0.996596
s 1
usemtl Moon_Surface.001
f 937/1/937 938/2/938 953/3/953 952/4/952
f 938/2/938 939/5/939 954/6/954 953/3/953
f 939/5/939 940/7/940 955/8/955 954/6/954
f 940/7/940 941/9/941 956/10/956 955/8/955
f 941/9/941 942/11/942 957/12/957 956/10/956
f 942/11/942 943/13/943 958/14/958 957/12/957
f 943/13/943 944/15/944 959/16/959 958/14/958
f 944/15/944 945/17/945 960/18/960 959/16/959
f 945/17/945 946/19/946 961/20/961 960/18/960
f 946/19/946 947/21/947 962/22/962 961/20/961
f 947/21/947 948/23/948 963/24/963 962/22/962
f 948/23/948 949/25/949 964/26/964 963/24/963
f 949/25/949 950/27/950 965/28/965 964/26/964
f 950/27/950 951/29/951 966/30/966 965/28/965
f 952/4/952 953/3/953 968/31/968 967/32/967
f 953/3/953 954/6/954 969/33/969 968/31/968
f 954/6/954 955/8/955 970/34/970 969/33/969
f 955/8/955 956/10/956 971/35/971 970/34/970
f 956/10/956 957/12/957 972/36/972 971/35/971
f 957/12/957 958/14/958 973/37/973 972/36/972
f 958/14/958 959/16/959 974/38/974 973/37/973
f 959/16/959 960/18/960 975/39/975 974/38/974
f 960/18/960 961/20/961 976/40/976 975/39/975
f 961/20/961 962/22/962 977/41/977 976/40/976
f 962/22/962 963/24/963 978/42/978 977/41/977
f 963/24/963 964/26/964 979/43/979 978/42/978
f 964/26/964 965/28/965 980/44/980 979/43/979
f 965/28/965 966/30/966 981/45/981 980/44/980
f 967/32/967 968/31/968 983/46/983 982/47/982
f 968/31/968 969/33/969 984/48/984 983/46/983
f 969/33/969 970/34/970 985/49/985 984/48/984
f 970/34/970 971/35/971 986/50/986 985/49/985
f 971/35/971 972/36/972 987/51/987 986/50/986
f 972/36/972 973/37/973 988/52/988 987/51/987
f 973/37/973 974/38/974 989/53/989 988/52/988
f 974/38/974 975/39/975 990/54/990 989/53/989
f 975/39/975 976/40/976 991/55/991 990/54/990
f 976/40/976 977/41/977 992/56/992 991/55/991
f 977/41/977 978/42/978 993/57/993 992/56/992
f 978/42/978 979/43/979 994/58/994 993/57/993
f 979/43/979 980/44/980 995/59/995 994/58/994
f 980/44/980 981/45/981 996/60/996 995/59/995
f 982/47/982 983/46/983 998/61/998 997/62/997
f 983/46/983 984/48/984 999/63/999 998/61/998
f 984/48/984 985/49/985 1000/64/1000 999/63/999
f 985/49/985 986/50/986 1001/65/1001 1000/64/1000
f 986/50/986 987/51/987 1002/66/1002 1001/65/1001
f 987/51/987 988/52/988 1003/67/1003 1002/66/1002
f 988/52/988 989/53/989 1004/68/1004 1003/67/1003
f 989/53/989 990/54/990 1005/69/1005 1004/68/1004
f 990/54/990 991/55/991 1006/70/1006 1005/69/1005
f 991/55/991 992/56/992 1007/71/1007 1006/70/1006
f 992/56/992 993/57/993 1008/72/1008 1007/71/1007
f 993/57/993 994/58/994 1009/73/1009 1008/72/1008
f 994/58/994 995/59/995 1010/74/1010 1009/73/1009
f 995/59/995 996/60/996 1011/75/1011 1010/74/1010
f 997/62/997 998/61/998 1013/76/1013 1012/77/1012
f 998/61/998 999/63/999 1014/78/1014 1013/76/1013
f 999/63/999 1000/64/1000 1015/79/1015 1014/78/1014
f 1000/64/1000 1001/65/1001 1016/80/1016 1015/79/1015
f 1001/65/1001 1002/66/1002 1017/81/1017 1016/80/1016
f 1002/66/1002 1003/67/1003 1018/82/1018 1017/81/1017
f 1003/67/1003 1004/68/1004 1019/83/1019 1018/82/1018
f 1004/68/1004 1005/69/1005 1020/84/1020 1019/83/1019
f 1005/69/1005 1006/70/1006 1021/85/1021 1020/84/1020
f 1006/70/1006 1007/71/1007 1022/86/1022 1021/85/1021
f 1007/71/1007 1008/72/1008 1023/87/1023 1022/86/1022
f 1008/72/1008 1009/73/1009 1024/88/1024 1023/87/1023
f 1009/73/1009 1010/74/1010 1025/89/1025 1024/88/1024
f 1010/74/1010 1011/75/1011 1026/90/1026 1025/89/1025
f 1012/77/1012 1013/76/1013 1028/91/1028 1027/92/1027
f 1013/76/1013 1014/78/1014 1029/93/1029 1028/91/1028
f 1014/78/1014 1015/79/1015 1030/94/1030 1029/93/1029
f 1015/79/1015 1016/80/1016 1031/95/1031 1030/94/1030
f 1016/80/1016 1017/81/1017 1032/96/1032 1031/95/1031
f 1017/81/1017 1018/82/1018 1033/97/1033 1032/96/1032
f 1018/82/1018 1019/83/1019 1034/98/1034 1033/97/1033
f 1019/83/1019 1020/84/1020 1035/99/1035 1034/98/1034
f 1020/84/1020 1021/85/1021 1036/100/1036 1035/99/1035
f 1021/85/1021 1022/86/1022 1037/101/1037 1036/100/1036
f 1022/86/1022 1023/87/1023 1038/102/1038 1037/101/1037
f 1023/87/1023 1024/88/1024 1039/103/1039 1038/102/1038
f 1024/88/1024 1025/89/1025 1040/104/1040 1039/103/1039
f 1025/89/1025 1026/90/1026 1041/105/1041 1040/104/1040
f 1027/92/1027 1028/91/1028 1043/106/1043 1042/107/1042
f 1028/91/1028 1029/93/1029 1044/108/1044 1043/106/1043
f 1029/93/1029 1030/94/1030 1045/109/1045 1044/108/1044
f 1030/94/1030 1031/95/1031 1046/110/1046 1045/109/1045
f 1031/95/1031 1032/96/1032 1047/111/1047 1046/110/1046
f 1032/96/1032 1033/97/1033 1048/112/1048 1047/111/1047
f 1033/97/1033 1034/98/1034 1049/113/1049 1048/112/1048
f 1034/98/1034 1035/99/1035 1050/114/1050 1049/113/1049
f 1035/99/1035 1036/100/1036 1051/115/1051 1050/114/1050
f 1036/100/1036 1037/101/1037 1052/116/1052 1051/115/1051
f 1037/101/1037 1038/102/1038 1053/117/1053 1052/116/1052
f 1038/102/1038 1039/103/1039 1054/118/1054 1053/117/1053
f 1039/103/1039 1040/104/1040 1055/119/1055 1054/118/1054
f 1040/104/1040 1041/105/1041 1056/120/1056 1055/119/1055
f 1042/107/1042 1043/106/1043 1058/121/1058 1057/122/1057
f 1043/106/1043 1044/108/1044 1059/123/1059 1058/121/1058
f 1044/108/1044 1045/109/1045 1060/124/1060 1059/123/1059
f 1045/109/1045 1046/110/1046 1061/125/1061 1060/124/1060
f 1046/110/1046 1047/111/1047 1062/126/1062 1061/125/1061
f 1047/111/1047 1048/112/1048 1063/127/1063 1062/126/1062
f 1048/112/1048 1049/113/1049 1064/128/1064 1063/127/1063
f 1049/113/1049 1050/114/1050 1065/129/1065 1064/128/1064
f 1050/114/1050 1051/115/1051 1066/130/1066 1065/129/1065
f 1051/115/1051 1052/116/1052 1067/131/1067 1066/130/1066
f 1052/116/1052 1053/117/1053 1068/132/1068 1067/131/1067
f 1053/117/1053 1054/118/1054 1069/133/1069 1068/132/1068
f 1054/118/1054 1055/119/1055 1070/134/1070 1069/133/1069
f 1055/119/1055 1056/120/1056 1071/135/1071 1070/134/1070
f 1057/122/1057 1058/121/1058 1073/136/1073 1072/137/1072
f 1058/121/1058 1059/123/1059 1074/138/1074 1073/136/1073
f 1059/123/1059 1060/124/1060 1075/139/1075 1074/138/1074
f 1060/124/1060 1061/125/1061 1076/140/1076 1075/139/1075
f 1061/125/1061 1062/126/1062 1077/141/1077 1076/140/1076
f 1062/126/1062 1063/127/1063 1078/142/1078 1077/141/1077
f 1063/127/1063 1064/128/1064 1079/143/1079 1078/142/1078
f 1064/128/1064 1065/129/1065 1080/144/1080 1079/143/1079
f 1065/129/1065 1066/130/1066 1081/145/1081 1080/144/1080
f 1066/130/1066 1067/131/1067 1082/146/1082 1081/145/1081
f 1067/131/1067 1068/132/1068 1083/147/1083 1082/146/1082
f 1068/132/1068 1069/133/1069 1084/148/1084 1083/147/1083
f 1069/133/1069 1070/134/1070 1085/149/1085 1084/148/1084
f 1070/134/1070 1071/135/1071 1086/150/1086 1085/149/1085
f 1072/137/1072 1073/136/1073 1088/151/1088 1087/152/1087
f 1073/136/1073 1074/138/1074 1089/153/1089 1088/151/1088
f 1074/138/1074 1075/139/1075 1090/154/1090 1089/153/1089
f 1075/139/1075 1076/140/1076 1091/155/1091 1090/154/1090
f 1076/140/1076 1077/141/1077 1092/156/1092 1091/155/1091
f 1077/141/1077 1078/142/1078 1093/157/1093 1092/156/1092
f 1078/142/1078 1079/143/1079 1094/158/1094 1093/157/1093
f 1079/143/1079 1080/144/1080 1095/159/1095 1094/158/1094
f 1080/144/1080 1081/145/1081 1096/160/1096 1095/159/1095
f 1081/145/1081 1082/146/1082 1097/161/1097 1096/160/1096
f 1082/146/1082 1083/147/1083 1098/162/1098 1097/161/1097
f 1083/147/1083 1084/148/1084 1099/163/1099 1098/162/1098
f 1084/148/1084 1085/149/1085 1100/164/1100 1099/163/1099
f 1085/149/1085 1086/150/1086 1101/165/1101 1100/164/1100
f 1087/152/1087 1088/151/1088 1103/166/1103 1102/167/1102
f 1088/151/1088 1089/153/1089 1104/168/1104 1103/166/1103
f 1089/153/1089 1090/154/1090 1105/169/1105 1104/168/1104
f 1090/154/1090 1091/155/1091 1106/170/1106 1105/169/1105
f 1091/155/1091 1092/156/1092 1107/171/1107 1106/170/1106
f 1092/156/1092 1093/157/1093 1108/172/1108 1107/171/1107
f 1093/157/1093 1094/158/1094 1109/173/1109 1108/172/1108
f 1094/158/1094 1095/159/1095 1110/174/1110 1109/173/1109
f 1095/159/1095 1096/160/1096 1111/175/1111 1110/174/1110
f 1096/160/1096 1097/161/1097 1112/176/1112 1111/175/1111
f 1097/161/1097 1098/162/1098 1113/177/1113 1112/176/1112
f 1098/162/1098 1099/163/1099 1114/178/1114 1113/177/1113
f 1099/163/1099 1100/164/1100 1115/179/1115 1114/178/1114
f 1100/164/1100 1101/165/1101 1116/180/1116 1115/179/1115
f 1102/167/1102 1103/166/1103 1118/181/1118 1117/182/1117
f 1103/166/1103 1104/168/1104 1119/183/1119 1118/181/1118
f 1104/168/1104 1105/169/1105 1120/184/1120 1119/183/1119
f 1105/169/1105 1106/170/1106 1121/185/1121 1120/184/1120
f 1106/170/1106 1107/171/1107 1122/186/1122 1121/185/1121
f 1107/171/1107 1108/172/1108 1123/187/1123 1122/186/1122
f 1108/172/1108 1109/173/1109 1124/188/1124 1123/187/1123
f 1109/173/1109 1110/174/1110 1125/189/1125 1124/188/1124
f 1110/174/1110 1111/175/1111 1126/190/1126 1125/189/1125
f 1111/175/1111 1112/176/1112 1127/191/1127 1126/190/1126
f 1112/176/1112 1113/177/1113 1128/192/1128 1127/191/1127
f 1113/177/1113 1114/178/1114 1129/193/1129 1128/192/1128
f 1114/178/1114 1115/179/1115 1130/194/1130 1129/193/1129
f 1115/179/1115 1116/180/1116 1131/195/1131 1130/194/1130
f 1117/182/1117 1118/181/1118 1133/196/1133 1132/197/1132
f 1118/181/1118 1119/183/1119 1134/198/1134 1133/196/1133
f 1119/183/1119 1120/184/1120 1135/199/1135 1134/198/1134
f 1120/184/1120 1121/185/1121 1136/200/1136 1135/199/1135
f 1121/185/1121 1122/186/1122 1137/201/1137 1136/200/1136
f 1122/186/1122 1123/187/1123 1138/202/1138 1137/201/1137
f 1123/187/1123 1124/188/1124 1139/203/1139 1138/202/1138
f 1124/188/1124 1125/189/1125 1140/204/1140 1139/203/1139
f 1125/189/1125 1126/190/1126 1141/205/1141 1140/204/1140
f 1126/190/1126 1127/191/1127 1142/206/1142 1141/205/1141
f 1127/191/1127 1128/192/1128 1143/207/1143 1142/206/1142
f 1128/192/1128 1129/193/1129 1144/208/1144 1143/207/1143
f 1129/193/1129 1130/194/1130 1145/209/1145 1144/208/1144
f 1130/194/1130 1131/195/1131 1146/210/1146 1145/209/1145
f 1132/197/1132 1133/196/1133 1148/211/1148 1147/212/1147
f 1133/196/1133 1134/198/1134 1149/213/1149 1148/211/1148
f 1134/198/1134 1135/199/1135 1150/214/1150 1149/213/1149
f 1135/199/1135 1136/200/1136 1151/215/1151 1150/214/1150
f 1136/200/1136 1137/201/1137 1152/216/1152 1151/215/1151
f 1137/201/1137 1138/202/1138 1153/217/1153 1152/216/1152
f 1138/202/1138 1139/203/1139 1154/218/1154 1153/217/1153
f 1139/203/1139 1140/204/1140 1155/219/1155 1154/218/1154
f 1140/204/1140 1141/205/1141 1156/220/1156 1155/219/1155
f 1141/205/1141 1142/206/1142 1157/221/1157 1156/220/1156
f 1142/206/1142 1143/207/1143 1158/222/1158 1157/221/1157
f 1143/207/1143 1144/208/1144 1159/223/1159 1158/222/1158
f 1144/208/1144 1145/209/1145 1160/224/1160 1159/223/1159
f 1145/209/1145 1146/210/1146 1161/225/1161 1160/224/1160
f 1/226/1 487/227/487 937/1/937 37/228/37
f 487/227/487 488/229/488 938/2/938 937/1/937
f 488/229/488 489/230/489 939/5/939 938/2/938
f 489/230/489 490/231/490 940/7/940 939/5/939
f 490/231/490 491/232/491 941/9/941 940/7/940
f 491/232/491 492/233/492 942/11/942 941/9/941
f 492/233/492 493/234/493 943/13/943 942/11/942
f 493/234/493 494/235/494 944/15/944 943/13/943
f 494/235/494 495/236/495 945/17/945 944/15/944
f 495/236/495 496/237/496 946/19/946 945/17/945
f 496/237/496 497/238/497 947/21/947 946/19/946
f 497/238/497 498/239/498 948/23/948 947/21/947
f 498/239/498 499/240/499 949/25/949 948/23/948
f 499/240/499 500/241/500 950/27/950 949/25/949
f 500/241/500 501/242/501 951/29/951 950/27/950
f 501/242/501 7/243/7 112/244/112 951/29/951
f 951/29/951 112/244/112 113/245/113 966/30/966
f 966/30/966 113/245/113 114/246/114 981/45/981
f 981/45/981 114/246/114 115/247/115 996/60/996
f 996/60/996 115/247/115 116/248/116 1011/75/1011
f 1011/75/1011 116/248/116 117/249/117 1026/90/1026
f 1026/90/1026 117/249/117 118/250/118 1041/105/1041
f 1041/105/1041 118/250/118 119/251/119 1056/120/1056
f 1056/120/1056 119/251/119 120/252/120 1071/135/1071
f 1071/135/1071 120/252/120 121/253/121 1086/150/1086
f 1086/150/1086 121/253/121 122/254/122 1101/165/1101
f 1101/165/1101 122/254/122 123/255/123 1116/180/1116
f 1116/180/1116 123/255/123 124/256/124 1131/195/1131
f 1131/195/1131 124/256/124 125/257/125 1146/210/1146
f 1146/210/1146 125/257/125 126/258/126 1161/225/1161
f 1161/225/1161 126/258/126 8/259/8 576/260/576
f 1160/224/1160 1161/225/1161 576/260/576 575/261/575
f 1159/223/1159 1160/224/1160 575/261/575 574/262/574
f 1158/222/1158 1159/223/1159 574/262/574 573/263/573
f 1157/221/1157 1158/222/1158 573/263/573 572/264/572
f 1156/220/1156 1157/221/1157 572/264/572 571/265/571
f 1155/219/1155 1156/220/1156 571/265/571 570/266/570
f 1154/218/1154 1155/219/1155 570/266/570 569/267/569
f 1153/217/1153 1154/218/1154 569/267/569 568/268/568
f 1152/216/1152 1153/217/1153 568/268/568 567/269/567
f 1151/215/1151 1152/216/1152 567/269/567 566/270/566
f 1150/214/1150 1151/215/1151 566/270/566 565/271/565
f 1149/213/1149 1150/214/1150 565/271/565 564/272/564
f 1148/211/1148 1149/213/1149 564/272/564 563/273/563
f 1147/212/1147 1148/211/1148 563/273/563 562/274/562
f 51/275/51 1147/212/1147 562/274/562 2/276/2
f 50/277/50 1132/197/1132 1147/212/1147 51/275/51
f 49/278/49 1117/182/1117 1132/197/1132 50/277/50
f 48/279/48 1102/167/1102 1117/182/1117 49/278/49
f 47/280/47 1087/152/1087 1102/167/1102 48/279/48
f 46/281/46 1072/137/1072 1087/152/1087 47/280/47
f 45/282/45 1057/122/1057 1072/137/1072 46/281/46
f 44/283/44 1042/107/1042 1057/122/1057 45/282/45
f 43/284/43 1027/92/1027 1042/107/1042 44/283/44
f 42/285/42 1012/77/1012 1027/92/1027 43/284/43
f 41/286/41 997/62/997 1012/77/1012 42/285/42
f 40/287/40 982/47/982 997/62/997 41/286/41
f 39/288/39 967/32/967 982/47/982 40/287/40
f 38/289/38 952/4/952 967/32/967 39/288/39
f 37/228/37 937/1/937 952/4/952 38/289/38
f 1162/290/1162 1163/291/1163 1178/292/1178 1177/293/1177
f 1163/291/1163 1164/294/1164 1179/295/1179 1178/292/1178
f 1164/294/1164 1165/296/1165 1180/297/1180 1179/295/1179
f 1165/296/1165 1166/298/1166 1181/299/1181 1180/297/1180
f 1166/298/1166 1167/300/1167 1182/301/1182 1181/299/1181
f 1167/300/1167 1168/302/1168 1183/303/1183 1182/301/1182
f 1168/302/1168 1169/304/1169 1184/305/1184 1183/303/1183
f 1169/304/1169 1170/306/1170 1185/307/1185 1184/305/1184
f 1170/306/1170 1171/308/1171 1186/309/1186 1185/307/1185
f 1171/308/1171 1172/310/1172 1187/311/1187 1186/309/1186
f 1172/310/1172 1173/312/1173 1188/313/1188 1187/311/1187
f 1173/312/1173 1174/314/1174 1189/315/1189 1188/313/1188
f 1174/314/1174 1175/316/1175 1190/317/1190 1189/315/1189
f 1175/316/1175 1176/318/1176 1191/319/1191 1190/317/1190
f 1177/293/1177 1178/292/1178 1193/320/1193 1192/321/1192
f 1178/292/1178 1179/295/1179 1194/322/1194 1193/320/1193
f 1179/295/1179 1180/297/1180 1195/323/1195 1194/322/1194
f 1180/297/1180 1181/299/1181 1196/324/1196 1195/323/1195
f 1181/299/1181 1182/301/1182 1197/325/1197 1196/324/1196
f 1182/301/1182 1183/303/1183 1198/326/1198 1197/325/1197
f 1183/303/1183 1184/305/1184 1199/327/1199 1198/326/1198
f 1184/305/1184 1185/307/1185 1200/328/1200 1199/327/1199
f 1185/307/1185 1186/309/1186 1201/329/1201 1200/328/1200
f 1186/309/1186 1187/311/1187 1202/330/1202 1201/329/1201
f 1187/311/1187 1188/313/1188 1203/331/1203 1202/330/1202
f 1188/313/1188 1189/315/1189 1204/332/1204 1203/331/1203
f 1189/315/1189 1190/317/1190 1205/333/1205 1204/332/1204
f 1190/317/1190 1191/319/1191 1206/334/1206 1205/333/1205
f 1192/321/1192 1193/320/1193 1208/335/1208 1207/336/1207
f 1193/320/1193 1194/322/1194 1209/337/1209 1208/335/1208
f 1194/322/1194 1195/323/1195 1210/338/1210 1209/337/1209
f 1195/323/1195 1196/324/1196 1211/339/1211 1210/338/1210
f 1196/324/1196 1197/325/1197 1212/340/1212 1211/339/1211
f 1197/325/1197 1198/326/1198 1213/341/1213 1212/340/1212
f 1198/326/1198 1199/327/1199 1214/342/1214 1213/341/1213
f 1199/327/1199 1200/328/1200 1215/343/1215 1214/342/1214
f 1200/328/1200 1201/329/1201 1216/344/1216 1215/343/1215
f 1201/329/1201 1202/330/1202 1217/345/1217 1216/344/1216
f 1202/330/1202 1203/331/1203 1218/346/1218 1217/345/1217
f 1203/331/1203 1204/332/1204 1219/347/1219 1218/346/1218
f 1204/332/1204 1205/333/1205 1220/348/1220 1219/347/1219
f 1205/333/1205 1206/334/1206 1221/349/1221 1220/348/1220
f 1207/336/1207 1208/335/1208 1223/350/1223 1222/351/1222
f 1208/335/1208 1209/337/1209 1224/352/1224 1223/350/1223
f 1209/337/1209 1210/338/1210 1225/353/1225 1224/352/1224
f 1210/338/1210 1211/339/1211 1226/354/1226 1225/353/1225
f 1211/339/1211 1212/340/1212 1227/355/1227 1226/354/1226
f 1212/340/1212 1213/341/1213 1228/356/1228 1227/355/1227
f 1213/341/1213 1214/342/1214 1229/357/1229 1228/356/1228
f 1214/342/1214 1215/343/1215 1230/358/1230 1229/357/1229
f 1215/343/1215 1216/344/1216 1231/359/1231 1230/358/1230
f 1216/344/1216 1217/345/1217 1232/360/1232 1231/359/1231
f 1217/345/1217 1218/346/1218 1233/361/1233 1232/360/1232
f 1218/346/1218 1219/347/1219 1234/362/1234 1233/361/1233
f 1219/347/1219 1220/348/1220 1235/363/1235 1234/362/1234
f 1220/348/1220 1221/349/1221 1236/364/1236 1235/363/1235
f 1222/351/1222 1223/350/1223 1238/365/1238 1237/366/1237
f 1223/350/1223 1224/352/1224 1239/367/1239 1238/365/1238
f 1224/352/1224 1225/353/1225 1240/368/1240 1239/367/1239
f 1225/353/1225 1226/354/1226 1241/369/1241 1240/368/1240
f 1226/354/1226 1227/355/1227 1242/370/1242 1241/369/1241
f 1227/355/1227 1228/356/1228 1243/371/1243 1242/370/1242
f 1228/356/1228 1229/357/1229 1244/372/1244 1243/371/1243
f 1229/357/1229 1230/358/1230 1245/373/1245 1244/372/1244
f 1230/358/1230 1231/359/1231 1246/374/1246 1245/373/1245
f 1231/359/1231 1232/360/1232 1247/375/1247 1246/374/1246
f 1232/360/1232 1233/361/1233 1248/376/1248 1247/375/1247
f 1233/361/1233 1234/362/1234 1249/377/1249 1248/376/1248
f 1234/362/1234 1235/363/1235 1250/378/1250 1249/377/1249
f 1235/363/1235 1236/364/1236 1251/379/1251 1250/378/1250
f 1237/366/1237 1238/365/1238 1253/380/1253 1252/381/1252
f 1238/365/1238 1239/367/1239 1254/382/1254 1253/380/1253
f 1239/367/1239 1240/368/1240 1255/383/1255 1254/382/1254
f 1240/368/1240 1241/369/1241 1256/384/1256 1255/383/1255
f 1241/369/1241 1242/370/1242 1257/385/1257 1256/384/1256
f 1242/370/1242 1243/371/1243 1258/386/1258 1257/385/1257
f 1243/371/1243 1244/372/1244 1259/387/1259 1258/386/1258
f 1244/372/1244 1245/373/1245 1260/388/1260 1259/387/1259
f 1245/373/1245 1246/374/1246 1261/389/1261 1260/388/1260
f 1246/374/1246 1247/375/1247 1262/390/1262 1261/389/1261
f 1247/375/1247 1248/376/1248 1263/391/1263 1262/390/1262
f 1248/376/1248 1249/377/1249 1264/392/1264 1263/391/1263
f 1249/377/1249 1250/378/1250 1265/393/1265 1264/392/1264
f 1250/378/1250 1251/379/1251 1266/394/1266 1265/393/1265
f 1252/381/1252 1253/380/1253 1268/395/1268 1267/396/1267
f 1253/380/1253 1254/382/1254 1269/397/1269 1268/395/1268
f 1254/382/1254 1255/383/1255 1270/398/1270 1269/397/1269
f 1255/383/1255 1256/384/1256 1271/399/1271 1270/398/1270
f 1256/384/1256 1257/385/1257 1272/400/1272 1271/399/1271
f 1257/385/1257 1258/386/1258 1273/401/1273 1272/400/1272
f 1258/386/1258 1259/387/1259 1274/402/1274 1273/401/1273
f 1259/387/1259 1260/388/1260 1275/403/1275 1274/402/1274
f 1260/388/1260 1261/389/1261 1276/404/1276 1275/403/1275
f 1261/389/1261 1262/390/1262 1277/405/1277 1276/404/1276
f 1262/390/1262 1263/391/1263 1278/406/1278 1277/405/1277
f 1263/391/1263 1264/392/1264 1279/407/1279 1278/406/1278
f 1264/392/1264 1265/393/1265 1280/408/1280 1279/407/1279
f 1265/393/1265 1266/394/1266 1281/409/1281 1280/408/1280
f 1267/396/1267 1268/395/1268 1283/410/1283 1282/411/1282
f 1268/395/1268 1269/397/1269 1284/412/1284 1283/410/1283
f 1269/397/1269 1270/398/1270 1285/413/1285 1284/412/1284
f 1270/398/1270 1271/399/1271 1286/414/1286 1285/413/1285
f 1271/399/1271 1272/400/1272 1287/415/1287 1286/414/1286
f 1272/400/1272 1273/401/1273 1288/416/1288 1287/415/1287
f 1273/401/1273 1274/402/1274 1289/417/1289 1288/416/1288
f 1274/402/1274 1275/403/1275 1290/418/1290 1289/417/1289
f 1275/403/1275 1276/404/1276 1291/419/1291 1290/418/1290
f 1276/404/1276 1277/405/1277 1292/420/1292 1291/419/1291
f 1277/405/1277 1278/406/1278 1293/421/1293 1292/420/1292
f 1278/406/1278 1279/407/1279 1294/422/1294 1293/421/1293
f 1279/407/1279 1280/408/1280 1295/423/1295 1294/422/1294
f 1280/408/1280 1281/409/1281 1296/424/1296 1295/423/1295
f 1282/411/1282 1283/410/1283 1298/425/1298 1297/426/1297
f 1283/410/1283 1284/412/1284 1299/427/1299 1298/425/1298
f 1284/412/1284 1285/413/1285 1300/428/1300 1299/427/1299
f 1285/413/1285 1286/414/1286 1301/429/1301 1300/428/1300
f 1286/414/1286 1287/415/1287 1302/430/1302 1301/429/1301
f 1287/415/1287 1288/416/1288 1303/431/1303 1302/430/1302
f 1288/416/1288 1289/417/1289 1304/432/1304 1303/431/1303
f 1289/417/1289 1290/418/1290 1305/433/1305 1304/432/1304
f 1290/418/1290 1291/419/1291 1306/434/1306 1305/433/1305
f 1291/419/1291 1292/420/1292 1307/435/1307 1306/434/1306
f 1292/420/1292 1293/421/1293 1308/436/1308 1307/435/1307
f 1293/421/1293 1294/422/1294 1309/437/1309 1308/436/1308
f 1294/422/1294 1295/423/1295 1310/438/1310 1309/437/1309
f 1295/423/1295 1296/424/1296 1311/439/1311 1310/438/1310
f 1297/426/1297 1298/425/1298 1313/440/1313 1312/441/1312
f 1298/425/1298 1299/427/1299 1314/442/1314 1313/440/1313
f 1299/427/1299 1300/428/1300 1315/443/1315 1314/442/1314
f 1300/428/1300 1301/429/1301 1316/444/1316 1315/443/1315
f 1301/429/1301 1302/430/1302 1317/445/1317 1316/444/1316
f 1302/430/1302 1303/431/1303 1318/446/1318 1317/445/1317
f 1303/431/1303 1304/432/1304 1319/447/1319 1318/446/1318
f 1304/432/1304 1305/433/1305 1320/448/1320 1319/447/1319
f 1305/433/1305 1306/434/1306 1321/449/1321 1320/448/1320
f 1306/434/1306 1307/435/1307 1322/450/1322 1321/449/1321
f 1307/435/1307 1308/436/1308 1323/451/1323 1322/450/1322
f 1308/436/1308 1309/437/1309 1324/452/1324 1323/451/1323
f 1309/437/1309 1310/438/1310 1325/453/1325 1324/452/1324
f 1310/438/1310 1311/439/1311 1326/454/1326 1325/453/1325
f 1312/441/1312 1313/440/1313 1328/455/1328 1327/456/1327
f 1313/440/1313 1314/442/1314 1329/457/1329 1328/455/1328
f 1314/442/1314 1315/443/1315 1330/458/1330 1329/457/1329
f 1315/443/1315 1316/444/1316 1331/459/1331 1330/458/1330
f 1316/444/1316 1317/445/1317 1332/460/1332 1331/459/1331
f 1317/445/1317 1318/446/1318 1333/461/1333 1332/460/1332
f 1318/446/1318 1319/447/1319 1334/462/1334 1333/461/1333
f 1319/447/1319 1320/448/1320 1335/463/1335 1334/462/1334
f 1320/448/1320 1321/449/1321 1336/464/1336 1335/463/1335
f 1321/449/1321 1322/450/1322 1337/465/1337 1336/464/1336
f 1322/450/1322 1323/451/1323 1338/466/1338 1337/465/1337
f 1323/451/1323 1324/452/1324 1339/467/1339 1338/466/1338
f 1324/452/1324 1325/453/1325 1340/468/1340 1339/467/1339
f 1325/453/1325 1326/454/1326 1341/469/1341 1340/468/1340
f 1327/456/1327 1328/455/1328 1343/470/1343 1342/471/1342
f 1328/455/1328 1329/457/1329 1344/472/1344 1343/470/1343
f 1329/457/1329 1330/458/1330 1345/473/1345 1344/472/1344
f 1330/458/1330 1331/459/1331 1346/474/1346 1345/473/1345
f 1331/459/1331 1332/460/1332 1347/475/1347 1346/474/1346
f 1332/460/1332 1333/461/1333 1348/476/1348 1347/475/1347
f 1333/461/1333 1334/462/1334 1349/477/1349 1348/476/1348
f 1334/462/1334 1335/463/1335 1350/478/1350 1349/477/1349
f 1335/463/1335 1336/464/1336 1351/479/1351 1350/478/1350
f 1336/464/1336 1337/465/1337 1352/480/1352 1351/479/1351
f 1337/465/1337 1338/466/1338 1353/481/1353 1352/480/1352
f 1338/466/1338 1339/467/1339 1354/482/1354 1353/481/1353
f 1339/467/1339 1340/468/1340 1355/483/1355 1354/482/1354
f 1340/468/1340 1341/469/1341 1356/484/1356 1355/483/1355
f 1342/471/1342 1343/470/1343 1358/485/1358 1357/486/1357
f 1343/470/1343 1344/472/1344 1359/487/1359 1358/485/1358
f 1344/472/1344 1345/473/1345 1360/488/1360 1359/487/1359
f 1345/473/1345 1346/474/1346 1361/489/1361 1360/488/1360
f 1346/474/1346 1347/475/1347 1362/490/1362 1361/489/1361
f 1347/475/1347 1348/476/1348 1363/491/1363 1362/490/1362
f 1348/476/1348 1349/477/1349 1364/492/1364 1363/491/1363
f 1349/477/1349 1350/478/1350 1365/493/1365 1364/492/1364
f 1350/478/1350 1351/479/1351 1366/494/1366 1365/493/1365
f 1351/479/1351 1352/480/1352 1367/495/1367 1366/494/1366
f 1352/480/1352 1353/481/1353 1368/496/1368 1367/495/1367
f 1353/481/1353 1354/482/1354 1369/497/1369 1368/496/1368
f 1354/482/1354 1355/483/1355 1370/498/1370 1369/497/1369
f 1355/483/1355 1356/484/1356 1371/499/1371 1370/498/1370
f 1357/486/1357 1358/485/1358 1373/500/1373 1372/501/1372
f 1358/485/1358 1359/487/1359 1374/502/1374 1373/500/1373
f 1359/487/1359 1360/488/1360 1375/503/1375 1374/502/1374
f 1360/488/1360 1361/489/1361 1376/504/1376 1375/503/1375
f 1361/489/1361 1362/490/1362 1377/505/1377 1376/504/1376
f 1362/490/1362 1363/491/1363 1378/506/1378 1377/505/1377
f 1363/491/1363 1364/492/1364 1379/507/1379 1378/506/1378
f 1364/492/1364 1365/493/1365 1380/508/1380 1379/507/1379
f 1365/493/1365 1366/494/1366 1381/509/1381 1380/508/1380
f 1366/494/1366 1367/495/1367 1382/510/1382 1381/509/1381
f 1367/495/1367 1368/496/1368 1383/511/1383 1382/510/1382
f 1368/496/1368 1369/497/1369 1384/512/1384 1383/511/1383
f 1369/497/1369 1370/498/1370 1385/513/1385 1384/512/1384
f 1370/498/1370 1371/499/1371 1386/514/1386 1385/513/1385
f 2/276/2 562/274/562 1162/290/1162 52/515/52
f 562/274/562 563/273/563 1163/291/1163 1162/290/1162
f 563/273/563 564/272/564 1164/294/1164 1163/291/1163
f 564/272/564 565/271/565 1165/296/1165 1164/294/1164
f 565/271/565 566/270/566 1166/298/1166 1165/296/1165
f 566/270/566 567/269/567 1167/300/1167 1166/298/1166
f 567/269/567 568/268/568 1168/302/1168 1167/300/1167
f 568/268/568 569/267/569 1169/304/1169 1168/302/1168
f 569/267/569 570/266/570 1170/306/1170 1169/304/1169
f 570/266/570 571/265/571 1171/308/1171 1170/306/1170
f 571/265/571 572/264/572 1172/310/1172 1171/308/1171
f 572/264/572 573/263/573 1173/312/1173 1172/310/1172
f 573/263/573 574/262/574 1174/314/1174 1173/312/1173
f 574/262/574 575/261/575 1175/316/1175 1174/314/1174
f 575/261/575 576/260/576 1176/318/1176 1175/316/1175
f 576/260/576 8/259/8 127/516/127 1176/318/1176
f 1176/318/1176 127/516/127 128/517/128 1191/319/1191
f 1191/319/1191 128/517/128 129/518/129 1206/334/1206
f 1206/334/1206 129/518/129 130/519/130 1221/349/1221
f 1221/349/1221 130/519/130 131/520/131 1236/364/1236
f 1236/364/1236 131/520/131 132/521/132 1251/379/1251
f 1251/379/1251 132/521/132 133/522/133 1266/394/1266
f 1266/394/1266 133/522/133 134/523/134 1281/409/1281
f 1281/409/1281 134/523/134 135/524/135 1296/424/1296
f 1296/424/1296 135/524/135 136/525/136 1311/439/1311
f 1311/439/1311 136/525/136 137/526/137 1326/454/1326
f 1326/454/1326 137/526/137 138/527/138 1341/469/1341
f 1341/469/1341 138/527/138 139/528/139 1356/484/1356
f 1356/484/1356 139/528/139 140/529/140 1371/499/1371
f 1371/499/1371 140/529/140 141/530/141 1386/514/1386
f 1386/514/1386 141/530/141 9/531/9 651/532/651
f 1385/513/1385 1386/514/1386 651/532/651 650/533/650
f 1384/512/1384 1385/513/1385 650/533/650 649/534/649
f 1383/511/1383 1384/512/1384 649/534/649 648/535/648
f 1382/510/1382 1383/511/1383 648/535/648 647/536/647
f 1381/509/1381 1382/510/1382 647/536/647 646/537/646
f 1380/508/1380 1381/509/1381 646/537/646 645/538/645
f 1379/507/1379 1380/508/1380 645/538/645 644/539/644
f 1378/506/1378 1379/507/1379 644/539/644 643/540/643
f 1377/505/1377 1378/506/1378 643/540/643 642/541/642
f 1376/504/1376 1377/505/1377 642/541/642 641/542/641
f 1375/503/1375 1376/504/1376 641/542/641 640/543/640
f 1374/502/1374 1375/503/1375 640/543/640 639/544/639
f 1373/500/1373 1374/502/1374 639/544/639 638/545/638
f 1372/501/1372 1373/500/1373 638/545/638 637/546/637
f 66/547/66 1372/501/1372 637/546/637 3/548/3
f 65/549/65 1357/486/1357 1372/501/1372 66/547/66
f 64/550/64 1342/471/1342 1357/486/1357 65/549/65
f 63/551/63 1327/456/1327 1342/471/1342 64/550/64
f 62/552/62 1312/441/1312 1327/456/1327 63/551/63
f 61/553/61 1297/426/1297 1312/441/1312 62/552/62
f 60/554/60 1282/411/1282 1297/426/1297 61/553/61
f 59/555/59 1267/396/1267 1282/411/1282 60/554/60
f 58/556/58 1252/381/1252 1267/396/1267 59/555/59
f 57/557/57 1237/366/1237 1252/381/1252 58/556/58
f 56/558/56 1222/351/1222 1237/366/1237 57/557/57
f 55/559/55 1207/336/1207 1222/351/1222 56/558/56
f 54/560/54 1192/321/1192 1207/336/1207 55/559/55
f 53/561/53 1177/293/1177 1192/321/1192 54/560/54
f 52/515/52 1162/290/1162 1177/293/1177 53/561/53
f 1387/562/1387 1388/563/1388 1403/564/1403 1402/565/1402
f 1388/563/1388 1389/566/1389 1404/567/1404 1403/564/1403
f 1389/566/1389 1390/568/1390 1405/569/1405 1404/567/1404
f 1390/568/1390 1391/570/1391 1406/571/1406 1405/569/1405
f 1391/570/1391 1392/572/1392 1407/573/1407 1406/571/1406
f 1392/572/1392 1393/574/1393 1408/575/1408 1407/573/1407
f 1393/574/1393 1394/576/1394 1409/577/1409 1408/575/1408
f 1394/576/1394 1395/578/1395 1410/579/1410 1409/577/1409
f 1395/578/1395 1396/580/1396 1411/581/1411 1410/579/1410
f 1396/580/1396 1397/582/1397 1412/583/1412 1411/581/1411
f 1397/582/1397 1398/584/1398 1413/585/1413 1412/583/1412
f 1398/584/1398 1399/586/1399 1414/587/1414 1413/585/1413
f 1399/586/1399 1400/588/1400 1415/589/1415 1414/587/1414
f 1400/588/1400 1401/590/1401 1416/591/1416 1415/589/1415
f 1402/565/1402 1403/564/1403 1418/592/1418 1417/593/1417
f 1403/564/1403 1404/567/1404 1419/594/1419 1418/592/1418
f 1404/567/1404 1405/569/1405 1420/595/1420 1419/594/1419
f 1405/569/1405 1406/571/1406 1421/596/1421 1420/595/1420
f 1406/571/1406 1407/573/1407 1422/597/1422 1421/596/1421
f 1407/573/1407 1408/575/1408 1423/598/1423 1422/597/1422
f 1408/575/1408 1409/577/1409 1424/599/1424 1423/598/1423
f 1409/577/1409 1410/579/1410 1425/600/1425 1424/599/1424
f 1410/579/1410 1411/581/1411 1426/601/1426 1425/600/1425
f 1411/581/1411 1412/583/1412 1427/602/1427 1426/601/1426
f 1412/583/1412 1413/585/1413 1428/603/1428 1427/602/1427
f 1413/585/1413 1414/587/1414 1429/604/1429 1428/603/1428
f 1414/587/1414 1415/589/1415 1430/605/1430 1429/604/1429
f 1415/589/1415 1416/591/1416 1431/606/1431 1430/605/1430
f 1417/593/1417 1418/592/1418 1433/607/1433 1432/608/1432
f 1418/592/1418 1419/594/1419 1434/609/1434 1433/607/1433
f 1419/594/1419 1420/595/1420 1435/610/1435 1434/609/1434
f 1420/595/1420 1421/596/1421 1436/611/1436 1435/610/1435
f 1421/596/1421 1422/597/1422 1437/612/1437 1436/611/1436
f 1422/597/1422 1423/598/1423 1438/613/1438 1437/612/1437
f 1423/598/1423 1424/599/1424 1439/614/1439 1438/613/1438
f 1424/599/1424 1425/600/1425 1440/615/1440 1439/614/1439
f 1425/600/1425 1426/601/1426 1441/616/1441 1440/615/1440
f 1426/601/1426 1427/602/1427 1442/617/1442 1441/616/1441
f 1427/602/1427 1428/603/1428 1443/618/1443 1442/617/1442
f 1428/603/1428 1429/604/1429 1444/619/1444 1443/618/1443
f 1429/604/1429 1430/605/1430 1445/620/1445 1444/619/1444
f 1430/605/1430 1431/606/1431 1446/621/1446 1445/620/1445
f 1432/608/1432 1433/607/1433 1448/622/1448 1447/623/1447
f 1433/607/1433 1434/609/1434 1449/624/1449 1448/622/1448
f 1434/609/1434 1435/610/1435 1450/625/1450 1449/624/1449
f 1435/610/1435 1436/611/1436 1451/626/1451 1450/625/1450
f 1436/611/1436 1437/612/1437 1452/627/1452 1451/626/1451
f 1437/612/1437 1438/613/1438 1453/628/1453 1452/627/1452
f 1438/613/1438 1439/614/1439 1454/629/1454 1453/628/1453
f 1439/614/1439 1440/615/1440 1455/630/1455 1454/629/1454
f 1440/615/1440 1441/616/1441 1456/631/1456 1455/630/1455
f 1441/616/1441 1442/617/1442 1457/632/1457 1456/631/1456
f 1442/617/1442 1443/618/1443 1458/633/1458 1457/632/1457
f 1443/618/1443 1444/619/1444 1459/634/1459 1458/633/1458
f 1444/619/1444 1445/620/1445 1460/635/1460 1459/634/1459
f 1445/620/1445 1446/621/1446 1461/636/1461 1460/635/1460
f 1447/623/1447 1448/622/1448 1463/637/1463 1462/638/1462
f 1448/622/1448 1449/624/1449 1464/639/1464 1463/637/1463
f 1449/624/1449 1450/625/1450 1465/640/1465 1464/639/1464
f 1450/625/1450 1451/626/1451 1466/641/1466 1465/640/1465
f 1451/626/1451 1452/627/1452 1467/642/1467 1466/641/1466
f 1452/627/1452 1453/628/1453 1468/643/1468 1467/642/1467
f 1453/628/1453 1454/629/1454 1469/644/1469 1468/643/1468
f 1454/629/1454 1455/630/1455 1470/645/1470 1469/644/1469
f 1455/630/1455 1456/631/1456 1471/646/1471 1470/645/1470
f 1456/631/1456 1457/632/1457 1472/647/1472 1471/646/1471
f 1457/632/1457 1458/633/1458 1473/648/1473 1472/647/1472
f 1458/633/1458 1459/634/1459 1474/649/1474 1473/648/1473
f 1459/634/1459 1460/635/1460 1475/650/1475 1474/649/1474
f 1460/635/1460 1461/636/1461 1476/651/1476 1475/650/1475
f 1462/638/1462 1463/637/1463 1478/652/1478 1477/653/1477
f 1463/637/1463 1464/639/1464 1479/654/1479 1478/652/1478
f 1464/639/1464 1465/640/1465 1480/655/1480 1479/654/1479
f 1465/640/1465 1466/641/1466 1481/656/1481 1480/655/1480
f 1466/641/1466 1467/642/1467 1482/657/1482 1481/656/1481
f 1467/642/1467 1468/643/1468 1483/658/1483 1482/657/1482
f 1468/643/1468 1469/644/1469 1484/659/1484 1483/658/1483
f 1469/644/1469 1470/645/1470 1485/660/1485 1484/659/1484
f 1470/645/1470 1471/646/1471 1486/661/1486 1485/660/1485
f 1471/646/1471 1472/647/1472 1487/662/1487 1486/661/1486
f 1472/647/1472 1473/648/1473 1488/663/1488 1487/662/1487
f 1473/648/1473 1474/649/1474 1489/664/1489 1488/663/1488
f 1474/649/1474 1475/650/1475 1490/665/1490 1489/664/1489
f 1475/650/1475 1476/651/1476 1491/666/1491 1490/665/1490
f 1477/653/1477 1478/652/1478 1493/667/1493 1492/668/1492
f 1478/652/1478 1479/654/1479 1494/669/1494 1493/667/1493
f 1479/654/1479 1480/655/1480 1495/670/1495 1494/669/1494
f 1480/655/1480 1481/656/1481 1496/671/1496 1495/670/1495
f 1481/656/1481 1482/657/1482 1497/672/1497 1496/671/1496
f 1482/657/1482 1483/658/1483 1498/673/1498 1497/672/1497
f 1483/658/1483 1484/659/1484 1499/674/1499 1498/673/1498
f 1484/659/1484 1485/660/1485 1500/675/1500 1499/674/1499
f 1485/660/1485 1486/661/1486 1501/676/1501 1500/675/1500
f 1486/661/1486 1487/662/1487 1502/677/1502 1501/676/1501
f 1487/662/1487 1488/663/1488 1503/678/1503 1502/677/1502
f 1488/663/1488 1489/664/1489 1504/679/1504 1503/678/1503
f 1489/664/1489 1490/665/1490 1505/680/1505 1504/679/1504
f 1490/665/1490 1491/666/1491 1506/681/1506 1505/680/1505
f 1492/668/1492 1493/667/1493 1508/682/1508 1507/683/1507
f 1493/667/1493 1494/669/1494 1509/684/1509 1508/682/1508
f 1494/669/1494 1495/670/1495 1510/685/1510 1509/684/1509
f 1495/670/1495 1496/671/1496 1511/686/1511 1510/685/1510
f 1496/671/1496 1497/672/1497 1512/687/1512 1511/686/1511
f 1497/672/1497 1498/673/1498 1513/688/1513 1512/687/1512
f 1498/673/1498 1499/674/1499 1514/689/1514 1513/688/1513
f 1499/674/1499 1500/675/1500 1515/690/1515 1514/689/1514
f 1500/675/1500 1501/676/1501 1516/691/1516 1515/690/1515
f 1501/676/1501 1502/677/1502 1517/692/1517 1516/691/1516
f 1502/677/1502 1503/678/1503 1518/693/1518 1517/692/1517
f 1503/678/1503 1504/679/1504 1519/694/1519 1518/693/1518
f 1504/679/1504 1505/680/1505 1520/695/1520 1519/694/1519
f 1505/680/1505 1506/681/1506 1521/696/1521 1520/695/1520
f 1507/683/1507 1508/682/1508 1523/697/1523 1522/698/1522
f 1508/682/1508 1509/684/1509 1524/699/1524 1523/697/1523
f 1509/684/1509 1510/685/1510 1525/700/1525 1524/699/1524
f 1510/685/1510 1511/686/1511 1526/701/1526 1525/700/1525
f 1511/686/1511 1512/687/1512 1527/702/1527 1526/701/1526
f 1512/687/1512 1513/688/1513 1528/703/1528 1527/702/1527
f 1513/688/1513 1514/689/1514 1529/704/1529 1528/703/1528
f 1514/689/1514 1515/690/1515 1530/705/1530 1529/704/1529
f 1515/690/1515 1516/691/1516 1531/706/1531 1530/705/1530
f 1516/691/1516 1517/692/1517 1532/707/1532 1531/706/1531
f 1517/692/1517 1518/693/1518 1533/708/1533 1532/707/1532
f 1518/693/1518 1519/694/1519 1534/709/1534 1533/708/1533
f 1519/694/1519 1520/695/1520 1535/710/1535 1534/709/1534
f 1520/695/1520 1521/696/1521 1536/711/1536 1535/710/1535
f 1522/698/1522 1523/697/1523 1538/712/1538 1537/713/1537
f 1523/697/1523 1524/699/1524 1539/714/1539 1538/712/1538
f 1524/699/1524 1525/700/1525 1540/715/1540 1539/714/1539
f 1525/700/1525 1526/701/1526 1541/716/1541 1540/715/1540
f 1526/701/1526 1527/702/1527 1542/717/1542 1541/716/1541
f 1527/702/1527 1528/703/1528 1543/718/1543 1542/717/1542
f 1528/703/1528 1529/704/1529 1544/719/1544 1543/718/1543
f 1529/704/1529 1530/705/1530 1545/720/1545 1544/719/1544
f 1530/705/1530 1531/706/1531 1546/721/1546 1545/720/1545
f 1531/706/1531 1532/707/1532 1547/722/1547 1546/721/1546
f 1532/707/1532 1533/708/1533 1548/723/1548 1547/722/1547
f 1533/708/1533 1534/709/1534 1549/724/1549 1548/723/1548
f 1534/709/1534 1535/710/1535 1550/725/1550 1549/724/1549
f 1535/710/1535 1536/711/1536 1551/726/1551 1550/725/1550
f 1537/713/1537 1538/712/1538 1553/727/1553 1552/728/1552
f 1538/712/1538 1539/714/1539 1554/729/1554 1553/727/1553
f 1539/714/1539 1540/715/1540 1555/730/1555 1554/729/1554
f 1540/715/1540 1541/716/1541 1556/731/1556 1555/730/1555
f 1541/716/1541 1542/717/1542 1557/732/1557 1556/731/1556
f 1542/717/1542 1543/718/1543 1558/733/1558 1557/732/1557
f 1543/718/1543 1544/719/1544 1559/734/1559 1558/733/1558
f 1544/719/1544 1545/720/1545 1560/735/1560 1559/734/1559
f 1545/720/1545 1546/721/1546 1561/736/1561 1560/735/1560
f 1546/721/1546 1547/722/1547 1562/737/1562 1561/736/1561
f 1547/722/1547 1548/723/1548 1563/738/1563 1562/737/1562
f 1548/723/1548 1549/724/1549 1564/739/1564 1563/738/1563
f 1549/724/1549 1550/725/1550 1565/740/1565 1564/739/1564
f 1550/725/1550 1551/726/1551 1566/741/1566 1565/740/1565
f 1552/728/1552 1553/727/1553 1568/742/1568 1567/743/1567
f 1553/727/1553 1554/729/1554 1569/744/1569 1568/742/1568
f 1554/729/1554 1555/730/1555 1570/745/1570 1569/744/1569
f 1555/730/1555 1556/731/1556 1571/746/1571 1570/745/1570
f 1556/731/1556 1557/732/1557 1572/747/1572 1571/746/1571
f 1557/732/1557 1558/733/1558 1573/748/1573 1572/747/1572
f 1558/733/1558 1559/734/1559 1574/749/1574 1573/748/1573
f 1559/734/1559 1560/735/1560 1575/750/1575 1574/749/1574
f 1560/735/1560 1561/736/1561 1576/751/1576 1575/750/1575
f 1561/736/1561 1562/737/1562 1577/752/1577 1576/751/1576
f 1562/737/1562 1563/738/1563 1578/753/1578 1577/752/1577
f 1563/738/1563 1564/739/1564 1579/754/1579 1578/753/1578
f 1564/739/1564 1565/740/1565 1580/755/1580 1579/754/1579
f 1565/740/1565 1566/741/1566 1581/756/1581 1580/755/1580
f 1567/743/1567 1568/742/1568 1583/757/1583 1582/758/1582
f 1568/742/1568 1569/744/1569 1584/759/1584 1583/757/1583
f 1569/744/1569 1570/745/1570 1585/760/1585 1584/759/1584
f 1570/745/1570 1571/746/1571 1586/761/1586 1585/760/1585
f 1571/746/1571 1572/747/1572 1587/762/1587 1586/761/1586
f 1572/747/1572 1573/748/1573 1588/763/1588 1587/762/1587
f 1573/748/1573 1574/749/1574 1589/764/1589 1588/763/1588
f 1574/749/1574 1575/750/1575 1590/765/1590 1589/764/1589
f 1575/750/1575 1576/751/1576 1591/766/1591 1590/765/1590
f 1576/751/1576 1577/752/1577 1592/767/1592 1591/766/1591
f 1577/752/1577 1578/753/1578 1593/768/1593 1592/767/1592
f 1578/753/1578 1579/754/1579 1594/769/1594 1593/768/1593
f 1579/754/1579 1580/755/1580 1595/770/1595 1594/769/1594
f 1580/755/1580 1581/756/1581 1596/771/1596 1595/770/1595
f 1582/758/1582 1583/757/1583 1598/772/1598 1597/773/1597
f 1583/757/1583 1584/759/1584 1599/774/1599 1598/772/1598
f 1584/759/1584 1585/760/1585 1600/775/1600 1599/774/1599
f 1585/760/1585 1586/761/1586 1601/776/1601 1600/775/1600
f 1586/761/1586 1587/762/1587 1602/777/1602 1601/776/1601
f 1587/762/1587 1588/763/1588 1603/778/1603 1602/777/1602
f 1588/763/1588 1589/764/1589 1604/779/1604 1603/778/1603
f 1589/764/1589 1590/765/1590 1605/780/1605 1604/779/1604
f 1590/765/1590 1591/766/1591 1606/781/1606 1605/780/1605
f 1591/766/1591 1592/767/1592 1607/782/1607 1606/781/1606
f 1592/767/1592 1593/768/1593 1608/783/1608 1607/782/1607
f 1593/768/1593 1594/769/1594 1609/784/1609 1608/783/1608
f 1594/769/1594 1595/770/1595 1610/785/1610 1609/784/1609
f 1595/770/1595 1596/771/1596 1611/786/1611 1610/785/1610
f 3/548/3 637/546/637 1387/562/1387 67/787/67
f 637/546/637 638/545/638 1388/563/1388 1387/562/1387
f 638/545/638 639/544/639 1389/566/1389 1388/563/1388
f 639/544/639 640/543/640 1390/568/1390 1389/566/1389
f 640/543/640 641/542/641 1391/570/1391 1390/568/1390
f 641/542/641 642/541/642 1392/572/1392 1391/570/1391
f 642/541/642 643/540/643 1393/574/1393 1392/572/1392
f 643/540/643 644/539/644 1394/576/1394 1393/574/1393
f 644/539/644 645/538/645 1395/578/1395 1394/576/1394
f 645/538/645 646/537/646 1396/580/1396 1395/578/1395
f 646/537/646 647/536/647 1397/582/1397 1396/580/1396
f 647/536/647 648/535/648 1398/584/1398 1397/582/1397
f 648/535/648 649/534/649 1399/586/1399 1398/584/1398
f 649/534/649 650/533/650 1400/588/1400 1399/586/1399
f 650/533/650 651/532/651 1401/590/1401 1400/588/1400
f 651/532/651 9/531/9 142/788/142 1401/590/1401
f 1401/590/1401 142/788/142 143/789/143 1416/591/1416
f 1416/591/1416 143/789/143 144/790/144 1431/606/1431
f 1431/606/1431 144/790/144 145/791/145 1446/621/1446
f 1446/621/1446 145/791/145 146/792/146 1461/636/1461
f 1461/636/1461 146/792/146 147/793/147 1476/651/1476
f 1476/651/1476 147/793/147 148/794/148 1491/666/1491
f 1491/666/1491 148/794/148 149/795/149 1506/681/1506
f 1506/681/1506 149/795/149 150/796/150 1521/696/1521
f 1521/696/1521 150/796/150 151/797/151 1536/711/1536
f 1536/711/1536 151/797/151 152/798/152 1551/726/1551
f 1551/726/1551 152/798/152 153/799/153 1566/741/1566
f 1566/741/1566 153/799/153 154/800/154 1581/756/1581
f 1581/756/1581 154/800/154 155/801/155 1596/771/1596
f 1596/771/1596 155/801/155 156/802/156 1611/786/1611
f 1611/786/1611 156/802/156 10/803/10 726/804/726
f 1610/785/1610 1611/786/1611 726/804/726 725/805/725
f 1609/784/1609 1610/785/1610 725/805/725 724/806/724
f 1608/783/1608 1609/784/1609 724/806/724 723/807/723
f 1607/782/1607 1608/783/1608 723/807/723 722/808/722
f 1606/781/1606 1607/782/1607 722/808/722 721/809/721
f 1605/780/1605 1606/781/1606 721/809/721 720/810/720
f 1604/779/1604 1605/780/1605 720/810/720 719/811/719
f 1603/778/1603 1604/779/1604 719/811/719 718/812/718
f 1602/777/1602 1603/778/1603 718/812/718 717/813/717
f 1601/776/1601 1602/777/1602 717/813/717 716/814/716
f 1600/775/1600 1601/776/1601 716/814/716 715/815/715
f 1599/774/1599 1600/775/1600 715/815/715 714/816/714
f 1598/772/1598 1599/774/1599 714/816/714 713/817/713
f 1597/773/1597 1598/772/1598 713/817/713 712/818/712
f 81/819/81 1597/773/1597 712/818/712 4/820/4
f 80/821/80 1582/758/1582 1597/773/1597 81/819/81
f 79/822/79 1567/743/1567 1582/758/1582 80/821/80
f 78/823/78 1552/728/1552 1567/743/1567 79/822/79
f 77/824/77 1537/713/1537 1552/728/1552 78/823/78
f 76/825/76 1522/698/1522 1537/713/1537 77/824/77
f 75/826/75 1507/683/1507 1522/698/1522 76/825/76
f 74/827/74 1492/668/1492 1507/683/1507 75/826/75
f 73/828/73 1477/653/1477 1492/668/1492 74/827/74
f 72/829/72 1462/638/1462 1477/653/1477 73/828/73
f 71/830/71 1447/623/1447 1462/638/1462 72/829/72
f 70/831/70 1432/608/1432 1447/623/1447 71/830/71
f 69/832/69 1417/593/1417 1432/608/1432 70/831/70
f 68/833/68 1402/565/1402 1417/593/1417 69/832/69
f 67/787/67 1387/562/1387 1402/565/1402 68/833/68
f 1612/834/1612 1613/835/1613 1628/836/1628 1627/837/1627
f 1613/835/1613 1614/838/1614 1629/839/1629 1628/836/1628
f 1614/838/1614 1615/840/1615 1630/841/1630 1629/839/1629
f 1615/840/1615 1616/842/1616 1631/843/1631 1630/841/1630
f 1616/842/1616 1617/844/1617 1632/845/1632 1631/843/1631
f 1617/844/1617 1618/846/1618 1633/847/1633 1632/845/1632
f 1618/846/1618 1619/848/1619 1634/849/1634 1633/847/1633
f 1619/848/1619 1620/850/1620 1635/851/1635 1634/849/1634
f 1620/850/1620 1621/852/1621 1636/853/1636 1635/851/1635
f 1621/852/1621 1622/854/1622 1637/855/1637 1636/853/1636
f 1622/854/1622 1623/856/1623 1638/857/1638 1637/855/1637
f 1623/856/1623 1624/858/1624 1639/859/1639 1638/857/1638
f 1624/858/1624 1625/860/1625 1640/861/1640 1639/859/1639
f 1625/860/1625 1626/862/1626 1641/863/1641 1640/861/1640
f 1627/837/1627 1628/836/1628 1643/864/1643 1642/865/1642
f 1628/836/1628 1629/839/1629 1644/866/1644 1643/864/1643
f 1629/839/1629 1630/841/1630 1645/867/1645 1644/866/1644
f 1630/841/1630 1631/843/1631 1646/868/1646 1645/867/1645
f 1631/843/1631 1632/845/1632 1647/869/1647 1646/868/1646
f 1632/845/1632 1633/847/1633 1648/870/1648 1647/869/1647
f 1633/847/1633 1634/849/1634 1649/871/1649 1648/870/1648
f 1634/849/1634 1635/851/1635 1650/872/1650 1649/871/1649
f 1635/851/1635 1636/853/1636 1651/873/1651 1650/872/1650
f 1636/853/1636 1637/855/1637 1652/874/1652 1651/873/1651
f 1637/855/1637 1638/857/1638 1653/875/1653 1652/874/1652
f 1638/857/1638 1639/859/1639 1654/876/1654 1653/875/1653
f 1639/859/1639 1640/861/1640 1655/877/1655 1654/876/1654
f 1640/861/1640 1641/863/1641 1656/878/1656 1655/877/1655
f 1642/865/1642 1643/864/1643 1658/879/1658 1657/880/1657
f 1643/864/1643 1644/866/1644 1659/881/1659 1658/879/1658
f 1644/866/1644 1645/867/1645 1660/882/1660 1659/881/1659
f 1645/867/1645 1646/868/1646 1661/883/1661 1660/882/1660
f 1646/868/1646 1647/869/1647 1662/884/1662 1661/883/1661
f 1647/869/1647 1648/870/1648 1663/885/1663 1662/884/1662
f 1648/870/1648 1649/871/1649 1664/886/1664 1663/885/1663
f 1649/871/1649 1650/872/1650 1665/887/1665 1664/886/1664
f 1650/872/1650 1651/873/1651 1666/888/1666 1665/887/1665
f 1651/873/1651 1652/874/1652 1667/889/1667 1666/888/1666
f 1652/874/1652 1653/875/1653 1668/890/1668 1667/889/1667
f 1653/875/1653 1654/876/1654 1669/891/1669 1668/890/1668
f 1654/876/1654 1655/877/1655 1670/892/1670 1669/891/1669
f 1655/877/1655 1656/878/1656 1671/893/1671 1670/892/1670
f 1657/880/1657 1658/879/1658 1673/894/1673 1672/895/1672
f 1658/879/1658 1659/881/1659 1674/896/1674 1673/894/1673
f 1659/881/1659 1660/882/1660 1675/897/1675 1674/896/1674
f 1660/882/1660 1661/883/1661 1676/898/1676 1675/897/1675
f 1661/883/1661 1662/884/1662 1677/899/1677 1676/898/1676
f 1662/884/1662 1663/885/1663 1678/900/1678 1677/899/1677
f 1663/885/1663 1664/886/1664 1679/901/1679 1678/900/1678
f 1664/886/1664 1665/887/1665 1680/902/1680 1679/901/1679
f 1665/887/1665 1666/888/1666 1681/903/1681 1680/902/1680
f 1666/888/1666 1667/889/1667 1682/904/1682 1681/903/1681
f 1667/889/1667 1668/890/1668 1683/905/1683 1682/904/1682
f 1668/890/1668 1669/891/1669 1684/906/1684 1683/905/1683
f 1669/891/1669 1670/892/1670 1685/907/1685 1684/906/1684
f 1670/892/1670 1671/893/1671 1686/908/1686 1685/907/1685
f 1672/895/1672 1673/894/1673 1688/909/1688 1687/910/1687
f 1673/894/1673 1674/896/1674 1689/911/1689 1688/909/1688
f 1674/896/1674 1675/897/1675 1690/912/1690 1689/911/1689
f 1675/897/1675 1676/898/1676 1691/913/1691 1690/912/1690
f 1676/898/1676 1677/899/1677 1692/914/1692 1691/913/1691
f 1677/899/1677 1678/900/1678 1693/915/1693 1692/914/1692
f 1678/900/1678 1679/901/1679 1694/916/1694 1693/915/1693
f 1679/901/1679 1680/902/1680 1695/917/1695 1694/916/1694
f 1680/902/1680 1681/903/1681 1696/918/1696 1695/917/1695
f 1681/903/1681 1682/904/1682 1697/919/1697 1696/918/1696
f 1682/904/1682 1683/905/1683 1698/920/1698 1697/919/1697
f 1683/905/1683 1684/906/1684 1699/921/1699 1698/920/1698
f 1684/906/1684 1685/907/1685 1700/922/1700 1699/921/1699
f 1685/907/1685 1686/908/1686 1701/923/1701 1700/922/1700
f 1687/910/1687 1688/909/1688 1703/924/1703 1702/925/1702
f 1688/909/1688 1689/911/1689 1704/926/1704 1703/924/1703
f 1689/911/1689 1690/912/1690 1705/927/1705 1704/926/1704
f 1690/912/1690 1691/913/1691 1706/928/1706 1705/927/1705
f 1691/913/1691 1692/914/1692 1707/929/1707 1706/928/1706
f 1692/914/1692 1693/915/1693 1708/930/1708 1707/929/1707
f 1693/915/1693 1694/916/1694 1709/931/1709 1708/930/1708
f 1694/916/1694 1695/917/1695 1710/932/1710 1709/931/1709
f 1695/917/1695 1696/918/1696 1711/933/1711 1710/932/1710
f 1696/918/1696 1697/919/1697 1712/934/1712 1711/933/1711
f 1697/919/1697 1698/920/1698 1713/935/1713 1712/934/1712
f 1698/920/1698 1699/921/1699 1714/936/1714 1713/935/1713
f 1699/921/1699 1700/922/1700 1715/937/1715 1714/936/1714
f 1700/922/1700 1701/923/1701 1716/938/1716 1715/937/1715
f 1702/925/1702 1703/924/1703 1718/939/1718 1717/940/1717
f 1703/924/1703 1704/926/1704 1719/941/1719 1718/939/1718
f 1704/926/1704 1705/927/1705 1720/942/1720 1719/941/1719
f 1705/927/1705 1706/928/1706 1721/943/1721 1720/942/1720
f 1706/928/1706 1707/929/1707 1722/944/1722 1721/943/1721
f 1707/929/1707 1708/930/1708 1723/945/1723 1722/944/1722
f 1708/930/1708 1709/931/1709 1724/946/1724 1723/945/1723
f 1709/931/1709 1710/932/1710 1725/947/1725 1724/946/1724
f 1710/932/1710 1711/933/1711 1726/948/1726 1725/947/1725
f 1711/933/1711 1712/934/1712 1727/949/1727 1726/948/1726
f 1712/934/1712 1713/935/1713 1728/950/1728 1727/949/1727
f 1713/935/1713 1714/936/1714 1729/951/1729 1728/950/1728
f 1714/936/1714 1715/937/1715 1730/952/1730 1729/951/1729
f 1715/937/1715 1716/938/1716 1731/953/1731 1730/952/1730
f 1717/940/1717 1718/939/1718 1733/954/1733 1732/955/1732
f 1718/939/1718 1719/941/1719 1734/956/1734 1733/954/1733
f 1719/941/1719 1720/942/1720 1735/957/1735 1734/956/1734
f 1720/942/1720 1721/943/1721 1736/958/1736 1735/957/1735
f 1721/943/1721 1722/944/1722 1737/959/1737 1736/958/1736
f 1722/944/1722 1723/945/1723 1738/960/1738 1737/959/1737
f 1723/945/1723 1724/946/1724 1739/961/1739 1738/960/1738
f 1724/946/1724 1725/947/1725 1740/962/1740 1739/961/1739
f 1725/947/1725 1726/948/1726 1741/963/1741 1740/962/1740
f 1726/948/1726 1727/949/1727 1742/964/1742 1741/963/1741
f 1727/949/1727 1728/950/1728 1743/965/1743 1742/964/1742
f 1728/950/1728 1729/951/1729 1744/966/1744 1743/965/1743
f 1729/951/1729 1730/952/1730 1745/967/1745 1744/966/1744
f 1730/952/1730 1731/953/1731 1746/968/1746 1745/967/1745
f 1732/955/1732 1733/954/1733 1748/969/1748 1747/970/1747
f 1733/954/1733 1734/956/1734 1749/971/1749 1748/969/1748
f 1734/956/1734 1735/957/1735 1750/972/1750 1749/971/1749
f 1735/957/1735 1736/958/1736 1751/973/1751 1750/972/1750
f 1736/958/1736 1737/959/1737 1752/974/1752 1751/973/1751
f 1737/959/1737 1738/960/1738 1753/975/1753 1752/974/1752
f 1738/960/1738 1739/961/1739 1754/976/1754 1753/975/1753
f 1739/961/1739 1740/962/1740 1755/977/1755 1754/976/1754
f 1740/962/1740 1741/963/1741 1756/978/1756 1755/977/1755
f 1741/963/1741 1742/964/1742 1757/979/1757 1756/978/1756
f 1742/964/1742 1743/965/1743 1758/980/1758 1757/979/1757
f 1743/965/1743 1744/966/1744 1759/981/1759 1758/980/1758
f 1744/966/1744 1745/967/1745 1760/982/1760 1759/981/1759
f 1745/967/1745 1746/968/1746 1761/983/1761 1760/982/1760
f 1747/970/1747 1748/969/1748 1763/984/1763 1762/985/1762
f 1748/969/1748 1749/971/1749 1764/986/1764 1763/984/1763
f 1749/971/1749 1750/972/1750 1765/987/1765 1764/986/1764
f 1750/972/1750 1751/973/1751 1766/988/1766 1765/987/1765
f 1751/973/1751 1752/974/1752 1767/989/1767 1766/988/1766
f 1752/974/1752 1753/975/1753 1768/990/1768 1767/989/1767
f 1753/975/1753 1754/976/1754 1769/991/1769 1768/990/1768
f 1754/976/1754 1755/977/1755 1770/992/1770 1769/991/1769
f 1755/977/1755 1756/978/1756 1771/993/1771 1770/992/1770
f 1756/978/1756 1757/979/1757 1772/994/1772 1771/993/1771
f 1757/979/1757 1758/980/1758 1773/995/1773 1772/994/1772
f 1758/980/1758 1759/981/1759 1774/996/1774 1773/995/1773
f 1759/981/1759 1760/982/1760 1775/997/1775 1774/996/1774
f 1760/982/1760 1761/983/1761 1776/998/1776 1775/997/1775
f 1762/985/1762 1763/984/1763 1778/999/1778 1777/1000/1777
f 1763/984/1763 1764/986/1764 1779/1001/1779 1778/999/1778
f 1764/986/1764 1765/987/1765 1780/1002/1780 1779/1001/1779
f 1765/987/1765 1766/988/1766 1781/1003/1781 1780/1002/1780
f 1766/988/1766 1767/989/1767 1782/1004/1782 1781/1003/1781
f 1767/989/1767 1768/990/1768 1783/1005/1783 1782/1004/1782
f 1768/990/1768 1769/991/1769 1784/1006/1784 1783/1005/1783
f 1769/991/1769 1770/992/1770 1785/1007/1785 1784/1006/1784
f 1770/992/1770 1771/993/1771 1786/1008/1786 1785/1007/1785
f 1771/993/1771 1772/994/1772 1787/1009/1787 1786/1008/1786
f 1772/994/1772 1773/995/1773 1788/1010/1788 1787/1009/1787
f 1773/995/1773 1774/996/1774 1789/1011/1789 1788/1010/1788
f 1774/996/1774 1775/997/1775 1790/1012/1790 1789/1011/1789
f 1775/997/1775 1776/998/1776 1791/1013/1791 1790/1012/1790
f 1777/1000/1777 1778/999/1778 1793/1014/1793 1792/1015/1792
f 1778/999/1778 1779/1001/1779 1794/1016/1794 1793/1014/1793
f 1779/1001/1779 1780/1002/1780 1795/1017/1795 1794/1016/1794
f 1780/1002/1780 1781/1003/1781 1796/1018/1796 1795/1017/1795
f 1781/1003/1781 1782/1004/1782 1797/1019/1797 1796/1018/1796
f 1782/1004/1782 1783/1005/1783 1798/1020/1798 1797/1019/1797
f 1783/1005/1783 1784/1006/1784 1799/1021/1799 1798/1020/1798
f 1784/1006/1784 1785/1007/1785 1800/1022/1800 1799/1021/1799
f 1785/1007/1785 1786/1008/1786 1801/1023/1801 1800/1022/1800
f 1786/1008/1786 1787/1009/1787 1802/1024/1802 1801/1023/1801
f 1787/1009/1787 1788/1010/1788 1803/1025/1803 1802/1024/1802
f 1788/1010/1788 1789/1011/1789 1804/1026/1804 1803/1025/1803
f 1789/1011/1789 1790/1012/1790 1805/1027/1805 1804/1026/1804
f 1790/1012/1790 1791/1013/1791 1806/1028/1806 1805/1027/1805
f 1792/1015/1792 1793/1014/1793 1808/1029/1808 1807/1030/1807
f 1793/1014/1793 1794/1016/1794 1809/1031/1809 1808/1029/1808
f 1794/1016/1794 1795/1017/1795 1810/1032/1810 1809/1031/1809
f 1795/1017/1795 1796/1018/1796 1811/1033/1811 1810/1032/1810
f 1796/1018/1796 1797/1019/1797 1812/1034/1812 1811/1033/1811
f 1797/1019/1797 1798/1020/1798 1813/1035/1813 1812/1034/1812
f 1798/1020/1798 1799/1021/1799 1814/1036/1814 1813/1035/1813
f 1799/1021/1799 1800/1022/1800 1815/1037/1815 1814/1036/1814
f 1800/1022/1800 1801/1023/1801 1816/1038/1816 1815/1037/1815
f 1801/1023/1801 1802/1024/1802 1817/1039/1817 1816/1038/1816
f 1802/1024/1802 1803/1025/1803 1818/1040/1818 1817/1039/1817
f 1803/1025/1803 1804/1026/1804 1819/1041/1819 1818/1040/1818
f 1804/1026/1804 1805/1027/1805 1820/1042/1820 1819/1041/1819
f 1805/1027/1805 1806/1028/1806 1821/1043/1821 1820/1042/1820
f 1807/1030/1807 1808/1029/1808 1823/1044/1823 1822/1045/1822
f 1808/1029/1808 1809/1031/1809 1824/1046/1824 1823/1044/1823
f 1809/1031/1809 1810/1032/1810 1825/1047/1825 1824/1046/1824
f 1810/1032/1810 1811/1033/1811 1826/1048/1826 1825/1047/1825
f 1811/1033/1811 1812/1034/1812 1827/1049/1827 1826/1048/1826
f 1812/1034/1812 1813/1035/1813 1828/1050/1828 1827/1049/1827
f 1813/1035/1813 1814/1036/1814 1829/1051/1829 1828/1050/1828
f 1814/1036/1814 1815/1037/1815 1830/1052/1830 1829/1051/1829
f 1815/1037/1815 1816/1038/1816 1831/1053/1831 1830/1052/1830
f 1816/1038/1816 1817/1039/1817 1832/1054/1832 1831/1053/1831
f 1817/1039/1817 1818/1040/1818 1833/1055/1833 1832/1054/1832
f 1818/1040/1818 1819/1041/1819 1834/1056/1834 1833/1055/1833
f 1819/1041/1819 1820/1042/1820 1835/1057/1835 1834/1056/1834
f 1820/1042/1820 1821/1043/1821 1836/1058/1836 1835/1057/1835
f 4/820/4 712/818/712 1612/834/1612 82/1059/82
f 712/818/712 713/817/713 1613/835/1613 1612/834/1612
f 713/817/713 714/816/714 1614/838/1614 1613/835/1613
f 714/816/714 715/815/715 1615/840/1615 1614/838/1614
f 715/815/715 716/814/716 1616/842/1616 1615/840/1615
f 716/814/716 717/813/717 1617/844/1617 1616/842/1616
f 717/813/717 718/812/718 1618/846/1618 1617/844/1617
f 718/812/718 719/811/719 1619/848/1619 1618/846/1618
f 719/811/719 720/810/720 1620/850/1620 1619/848/1619
f 720/810/720 721/809/721 1621/852/1621 1620/850/1620
f 721/809/721 722/808/722 1622/854/1622 1621/852/1621
f 722/808/722 723/807/723 1623/856/1623 1622/854/1622
f 723/807/723 724/806/724 1624/858/1624 1623/856/1623
f 724/806/724 725/805/725 1625/860/1625 1624/858/1624
f 725/805/725 726/804/726 1626/862/1626 1625/860/1625
f 726/804/726 10/803/10 157/1060/157 1626/862/1626
f 1626/862/1626 157/1060/157 158/1061/158 1641/863/1641
f 1641/863/1641 158/1061/158 159/1062/159 1656/878/1656
f 1656/878/1656 159/1062/159 160/1063/160 1671/893/1671
f 1671/893/1671 160/1063/160 161/1064/161 1686/908/1686
f 1686/908/1686 161/1064/161 162/1065/162 1701/923/1701
f 1701/923/1701 162/1065/162 163/1066/163 1716/938/1716
f 1716/938/1716 163/1066/163 164/1067/164 1731/953/1731
f 1731/953/1731 164/1067/164 165/1068/165 1746/968/1746
f 1746/968/1746 165/1068/165 166/1069/166 1761/983/1761
f 1761/983/1761 166/1069/166 167/1070/167 1776/998/1776
f 1776/998/1776 167/1070/167 168/1071/168 1791/1013/1791
f 1791/1013/1791 168/1071/168 169/1072/169 1806/1028/1806
f 1806/1028/1806 169/1072/169 170/1073/170 1821/1043/1821
f 1821/1043/1821 170/1073/170 171/1074/171 1836/1058/1836
f 1836/1058/1836 171/1074/171 11/1075/11 801/1076/801
f 1835/1057/1835 1836/1058/1836 801/1076/801 800/1077/800
f 1834/1056/1834 1835/1057/1835 800/1077/800 799/1078/799
f 1833/1055/1833 1834/1056/1834 799/1078/799 798/1079/798
f 1832/1054/1832 1833/1055/1833 798/1079/798 797/1080/797
f 1831/1053/1831 1832/1054/1832 797/1080/797 796/1081/796
f 1830/1052/1830 1831/1053/1831 796/1081/796 795/1082/795
f 1829/1051/1829 1830/1052/1830 795/1082/795 794/1083/794
f 1828/1050/1828 1829/1051/1829 794/1083/794 793/1084/793
f 1827/1049/1827 1828/1050/1828 793/1084/793 792/1085/792
f 1826/1048/1826 1827/1049/1827 792/1085/792 791/1086/791
f 1825/1047/1825 1826/1048/1826 791/1086/791 790/1087/790
f 1824/1046/1824 1825/1047/1825 790/1087/790 789/1088/789
f 1823/1044/1823 1824/1046/1824 789/1088/789 788/1089/788
f 1822/1045/1822 1823/1044/1823 788/1089/788 787/1090/787
f 96/1091/96 1822/1045/1822 787/1090/787 5/1092/5
f 95/1093/95 1807/1030/1807 1822/1045/1822 96/1091/96
f 94/1094/94 1792/1015/1792 1807/1030/1807 95/1093/95
f 93/1095/93 1777/1000/1777 1792/1015/1792 94/1094/94
f 92/1096/92 1762/985/1762 1777/1000/1777 93/1095/93
f 91/1097/91 1747/970/1747 1762/985/1762 92/1096/92
f 90/1098/90 1732/955/1732 1747/970/1747 91/1097/91
f 89/1099/89 1717/940/1717 1732/955/1732 90/1098/90
f 88/1100/88 1702/925/1702 1717/940/1717 89/1099/89
f 87/1101/87 1687/910/1687 1702/925/1702 88/1100/88
f 86/1102/86 1672/895/1672 1687/910/1687 87/1101/87
f 85/1103/85 1657/880/1657 1672/895/1672 86/1102/86
f 84/1104/84 1642/865/1642 1657/880/1657 85/1103/85
f 83/1105/83 1627/837/1627 1642/865/1642 84/1104/84
f 82/1059/82 1612/834/1612 1627/837/1627 83/1105/83
f 1837/1106/1837 1838/1107/1838 1853/1108/1853 1852/1109/1852
f 1838/1107/1838 1839/1110/1839 1854/1111/1854 1853/1108/1853
f 1839/1110/1839 1840/1112/1840 1855/1113/1855 1854/1111/1854
f 1840/1112/1840 1841/1114/1841 1856/1115/1856 1855/1113/1855
f 1841/1114/1841 1842/1116/1842 1857/1117/1857 1856/1115/1856
f 1842/1116/1842 1843/1118/1843 1858/1119/1858 1857/1117/1857
f 1843/1118/1843 1844/1120/1844 1859/1121/1859 1858/1119/1858
f 1844/1120/1844 1845/1122/1845 1860/1123/1860 1859/1121/1859
f 1845/1122/1845 1846/1124/1846 1861/1125/1861 1860/1123/1860
f 1846/1124/1846 1847/1126/1847 1862/1127/1862 1861/1125/1861
f 1847/1126/1847 1848/1128/1848 1863/1129/1863 1862/1127/1862
f 1848/1128/1848 1849/1130/1849 1864/1131/1864 1863/1129/1863
f 1849/1130/1849 1850/1132/1850 1865/1133/1865 1864/1131/1864
f 1850/1132/1850 1851/1134/1851 1866/1135/1866 1865/1133/1865
f 1852/1109/1852 1853/1108/1853 1868/1136/1868 1867/1137/1867
f 1853/1108/1853 1854/1111/1854 1869/1138/1869 1868/1136/1868
f 1854/1111/1854 1855/1113/1855 1870/1139/1870 1869/1138/1869
f 1855/1113/1855 1856/1115/1856 1871/1140/1871 1870/1139/1870
f 1856/1115/1856 1857/1117/1857 1872/1141/1872 1871/1140/1871
f 1857/1117/1857 1858/1119/1858 1873/1142/1873 1872/1141/1872
f 1858/1119/1858 1859/1121/1859 1874/1143/1874 1873/1142/1873
f 1859/1121/1859 1860/1123/1860 1875/1144/1875 1874/1143/1874
f 1860/1123/1860 1861/1125/1861 1876/1145/1876 1875/1144/1875
f 1861/1125/1861 1862/1127/1862 1877/1146/1877 1876/1145/1876
f 1862/1127/1862 1863/1129/1863 1878/1147/1878 1877/1146/1877
f 1863/1129/1863 1864/1131/1864 1879/1148/1879 1878/1147/1878
f 1864/1131/1864 1865/1133/1865 1880/1149/1880 1879/1148/1879
f 1865/1133/1865 1866/1135/1866 1881/1150/1881 1880/1149/1880
f 1867/1137/1867 1868/1136/1868 1883/1151/1883 1882/1152/1882
f 1868/1136/1868 1869/1138/1869 1884/1153/1884 1883/1151/1883
f 1869/1138/1869 1870/1139/1870 1885/1154/1885 1884/1153/1884
f 1870/1139/1870 1871/1140/1871 1886/1155/1886 1885/1154/1885
f 1871/1140/1871 1872/1141/1872 1887/1156/1887 1886/1155/1886
f 1872/1141/1872 1873/1142/1873 1888/1157/1888 1887/1156/1887
f 1873/1142/1873 1874/1143/1874 1889/1158/1889 1888/1157/1888
f 1874/1143/1874 1875/1144/1875 1890/1159/1890 1889/1158/1889
f 1875/1144/1875 1876/1145/1876 1891/1160/1891 1890/1159/1890
f 1876/1145/1876 1877/1146/1877 1892/1161/1892 1891/1160/1891
f 1877/1146/1877 1878/1147/1878 1893/1162/1893 1892/1161/1892
f 1878/1147/1878 1879/1148/1879 1894/1163/1894 1893/1162/1893
f 1879/1148/1879 1880/1149/1880 1895/1164/1895 1894/1163/1894
f 1880/1149/1880 1881/1150/1881 1896/1165/1896 1895/1164/1895
f 1882/1152/1882 1883/1151/1883 1898/1166/1898 1897/1167/1897
f 1883/1151/1883 1884/1153/1884 1899/1168/1899 1898/1166/1898
f 1884/1153/1884 1885/1154/1885 1900/1169/1900 1899/1168/1899
f 1885/1154/1885 1886/1155/1886 1901/1170/1901 1900/1169/1900
f 1886/1155/1886 1887/1156/1887 1902/1171/1902 1901/1170/1901
f 1887/1156/1887 1888/1157/1888 1903/1172/1903 1902/1171/1902
f 1888/1157/1888 1889/1158/1889 1904/1173/1904 1903/1172/1903
f 1889/1158/1889 1890/1159/1890 1905/1174/1905 1904/1173/1904
f 1890/1159/1890 1891/1160/1891 1906/1175/1906 1905/1174/1905
f 1891/1160/1891 1892/1161/1892 1907/1176/1907 1906/1175/1906
f 1892/1161/1892 1893/1162/1893 1908/1177/1908 1907/1176/1907
f 1893/1162/1893 1894/1163/1894 1909/1178/1909 1908/1177/1908
f 1894/1163/1894 1895/1164/1895 1910/1179/1910 1909/1178/1909
f 1895/1164/1895 1896/1165/1896 1911/1180/1911 1910/1179/1910
f 1897/1167/1897 1898/1166/1898 1913/1181/1913 1912/1182/1912
f 1898/1166/1898 1899/1168/1899 1914/1183/1914 1913/1181/1913
f 1899/1168/1899 1900/1169/1900 1915/1184/1915 1914/1183/1914
f 1900/1169/1900 1901/1170/1901 1916/1185/1916 1915/1184/1915
f 1901/1170/1901 1902/1171/1902 1917/1186/1917 1916/1185/1916
f 1902/1171/1902 1903/1172/1903 1918/1187/1918 1917/1186/1917
f 1903/1172/1903 1904/1173/1904 1919/1188/1919 1918/1187/1918
f 1904/1173/1904 1905/1174/1905 1920/1189/1920 1919/1188/1919
f 1905/1174/1905 1906/1175/1906 1921/1190/1921 1920/1189/1920
f 1906/1175/1906 1907/1176/1907 1922/1191/1922 1921/1190/1921
f 1907/1176/1907 1908/1177/1908 1923/1192/1923 1922/1191/1922
f 1908/1177/1908 1909/1178/1909 1924/1193/1924 1923/1192/1923
f 1909/1178/1909 1910/1179/1910 1925/1194/1925 1924/1193/1924
f 1910/1179/1910 1911/1180/1911 1926/1195/1926 1925/1194/1925
f 1912/1182/1912 1913/1181/1913 1928/1196/1928 1927/1197/1927
f 1913/1181/1913 1914/1183/1914 1929/1198/1929 1928/1196/1928
f 1914/1183/1914 1915/1184/1915 1930/1199/1930 1929/1198/1929
f 1915/1184/1915 1916/1185/1916 1931/1200/1931 1930/1199/1930
f 1916/1185/1916 1917/1186/1917 1932/1201/1932 1931/1200/1931
f 1917/1186/1917 1918/1187/1918 1933/1202/1933 1932/1201/1932
f 1918/1187/1918 1919/1188/1919 1934/1203/1934 1933/1202/1933
f 1919/1188/1919 1920/1189/1920 1935/1204/1935 1934/1203/1934
f 1920/1189/1920 1921/1190/1921 1936/1205/1936 1935/1204/1935
f 1921/1190/1921 1922/1191/1922 1937/1206/1937 1936/1205/1936
f 1922/1191/1922 1923/1192/1923 1938/1207/1938 1937/1206/1937
f 1923/1192/1923 1924/1193/1924 1939/1208/1939 1938/1207/1938
f 1924/1193/1924 1925/1194/1925 1940/1209/1940 1939/1208/1939
f 1925/1194/1925 1926/1195/1926 1941/1210/1941 1940/1209/1940
f 1927/1197/1927 1928/1196/1928 1943/1211/1943 1942/1212/1942
f 1928/1196/1928 1929/1198/1929 1944/1213/1944 1943/1211/1943
f 1929/1198/1929 1930/1199/1930 1945/1214/1945 1944/1213/1944
f 1930/1199/1930 1931/1200/1931 1946/1215/1946 1945/1214/1945
f 1931/1200/1931 1932/1201/1932 1947/1216/1947 1946/1215/1946
f 1932/1201/1932 1933/1202/1933 1948/1217/1948 1947/1216/1947
f 1933/1202/1933 1934/1203/1934 1949/1218/1949 1948/1217/1948
f 1934/1203/1934 1935/1204/1935 1950/1219/1950 1949/1218/1949
f 1935/1204/1935 1936/1205/1936 1951/1220/1951 1950/1219/1950
f 1936/1205/1936 1937/1206/1937 1952/1221/1952 1951/1220/1951
f 1937/1206/1937 1938/1207/1938 1953/1222/1953 1952/1221/1952
f 1938/1207/1938 1939/1208/1939 1954/1223/1954 1953/1222/1953
f 1939/1208/1939 1940/1209/1940 1955/1224/1955 1954/1223/1954
f 1940/1209/1940 1941/1210/1941 1956/1225/1956 1955/1224/1955
f 1942/1212/1942 1943/1211/1943 1958/1226/1958 1957/1227/1957
f 1943/1211/1943 1944/1213/1944 1959/1228/1959 1958/1226/1958
f 1944/1213/1944 1945/1214/1945 1960/1229/1960 1959/1228/1959
f 1945/1214/1945 1946/1215/1946 1961/1230/1961 1960/1229/1960
f 1946/1215/1946 1947/1216/1947 1962/1231/1962 1961/1230/1961
f 1947/1216/1947 1948/1217/1948 1963/1232/1963 1962/1231/1962
f 1948/1217/1948 1949/1218/1949 1964/1233/1964 1963/1232/1963
f 1949/1218/1949 1950/1219/1950 1965/1234/1965 1964/1233/1964
f 1950/1219/1950 1951/1220/1951 1966/1235/1966 1965/1234/1965
f 1951/1220/1951 1952/1221/1952 1967/1236/1967 1966/1235/1966
f 1952/1221/1952 1953/1222/1953 1968/1237/1968 1967/1236/1967
f 1953/1222/1953 1954/1223/1954 1969/1238/1969 1968/1237/1968
f 1954/1223/1954 1955/1224/1955 1970/1239/1970 1969/1238/1969
f 1955/1224/1955 1956/1225/1956 1971/1240/1971 1970/1239/1970
f 1957/1227/1957 1958/1226/1958 1973/1241/1973 1972/1242/1972
f 1958/1226/1958 1959/1228/1959 1974/1243/1974 1973/1241/1973
f 1959/1228/1959 1960/1229/1960 1975/1244/1975 1974/1243/1974
f 1960/1229/1960 1961/1230/1961 1976/1245/1976 1975/1244/1975
f 1961/1230/1961 1962/1231/1962 1977/1246/1977 1976/1245/1976
f 1962/1231/1962 1963/1232/1963 1978/1247/1978 1977/1246/1977
f 1963/1232/1963 1964/1233/1964 1979/1248/1979 1978/1247/1978
f 1964/1233/1964 1965/1234/1965 1980/1249/1980 1979/1248/1979
f 1965/1234/1965 1966/1235/1966 1981/1250/1981 1980/1249/1980
f 1966/1235/1966 1967/1236/1967 1982/1251/1982 1981/1250/1981
f 1967/1236/1967 1968/1237/1968 1983/1252/1983 1982/1251/1982
f 1968/1237/1968 1969/1238/1969 1984/1253/1984 1983/1252/1983
f 1969/1238/1969 1970/1239/1970 1985/1254/1985 1984/1253/1984
f 1970/1239/1970 1971/1240/1971 1986/1255/1986 1985/1254/1985
f 1972/1242/1972 1973/1241/1973 1988/1256/1988 1987/1257/1987
f 1973/1241/1973 1974/1243/1974 1989/1258/1989 1988/1256/1988
f 1974/1243/1974 1975/1244/1975 1990/1259/1990 1989/1258/1989
f 1975/1244/1975 1976/1245/1976 1991/1260/1991 1990/1259/1990
f 1976/1245/1976 1977/1246/1977 1992/1261/1992 1991/1260/1991
f 1977/1246/1977 1978/1247/1978 1993/1262/1993 1992/1261/1992
f 1978/1247/1978 1979/1248/1979 1994/1263/1994 1993/1262/1993
f 1979/1248/1979 1980/1249/1980 1995/1264/1995 1994/1263/1994
f 1980/1249/1980 1981/1250/1981 1996/1265/1996 1995/1264/1995
f 1981/1250/1981 1982/1251/1982 1997/1266/1997 1996/1265/1996
f 1982/1251/1982 1983/1252/1983 1998/1267/1998 1997/1266/1997
f 1983/1252/1983 1984/1253/1984 1999/1268/1999 1998/1267/1998
f 1984/1253/1984 1985/1254/1985 2000/1269/2000 1999/1268/1999
f 1985/1254/1985 1986/1255/1986 2001/1270/2001 2000/1269/2000
f 1987/1257/1987 1988/1256/1988 2003/1271/2003 2002/1272/2002
f 1988/1256/1988 1989/1258/1989 2004/1273/2004 2003/1271/2003
f 1989/1258/1989 1990/1259/1990 2005/1274/2005 2004/1273/2004
f 1990/1259/1990 1991/1260/1991 2006/1275/2006 2005/1274/2005
f 1991/1260/1991 1992/1261/1992 2007/1276/2007 2006/1275/2006
f 1992/1261/1992 1993/1262/1993 2008/1277/2008 2007/1276/2007
f 1993/1262/1993 1994/1263/1994 2009/1278/2009 2008/1277/2008
f 1994/1263/1994 1995/1264/1995 2010/1279/2010 2009/1278/2009
f 1995/1264/1995 1996/1265/1996 2011/1280/2011 2010/1279/2010
f 1996/1265/1996 1997/1266/1997 2012/1281/2012 2011/1280/2011
f 1997/1266/1997 1998/1267/1998 2013/1282/2013 2012/1281/2012
f 1998/1267/1998 1999/1268/1999 2014/1283/2014 2013/1282/2013
f 1999/1268/1999 2000/1269/2000 2015/1284/2015 2014/1283/2014
f 2000/1269/2000 2001/1270/2001 2016/1285/2016 2015/1284/2015
f 2002/1272/2002 2003/1271/2003 2018/1286/2018 2017/1287/2017
f 2003/1271/2003 2004/1273/2004 2019/1288/2019 2018/1286/2018
f 2004/1273/2004 2005/1274/2005 2020/1289/2020 2019/1288/2019
f 2005/1274/2005 2006/1275/2006 2021/1290/2021 2020/1289/2020
f 2006/1275/2006 2007/1276/2007 2022/1291/2022 2021/1290/2021
f 2007/1276/2007 2008/1277/2008 2023/1292/2023 2022/1291/2022
f 2008/1277/2008 2009/1278/2009 2024/1293/2024 2023/1292/2023
f 2009/1278/2009 2010/1279/2010 2025/1294/2025 2024/1293/2024
f 2010/1279/2010 2011/1280/2011 2026/1295/2026 2025/1294/2025
f 2011/1280/2011 2012/1281/2012 2027/1296/2027 2026/1295/2026
f 2012/1281/2012 2013/1282/2013 2028/1297/2028 2027/1296/2027
f 2013/1282/2013 2014/1283/2014 2029/1298/2029 2028/1297/2028
f 2014/1283/2014 2015/1284/2015 2030/1299/2030 2029/1298/2029
f 2015/1284/2015 2016/1285/2016 2031/1300/2031 2030/1299/2030
f 2017/1287/2017 2018/1286/2018 2033/1301/2033 2032/1302/2032
f 2018/1286/2018 2019/1288/2019 2034/1303/2034 2033/1301/2033
f 2019/1288/2019 2020/1289/2020 2035/1304/2035 2034/1303/2034
f 2020/1289/2020 2021/1290/2021 2036/1305/2036 2035/1304/2035
f 2021/1290/2021 2022/1291/2022 2037/1306/2037 2036/1305/2036
f 2022/1291/2022 2023/1292/2023 2038/1307/2038 2037/1306/2037
f 2023/1292/2023 2024/1293/2024 2039/1308/2039 2038/1307/2038
f 2024/1293/2024 2025/1294/2025 2040/1309/2040 2039/1308/2039
f 2025/1294/2025 2026/1295/2026 2041/1310/2041 2040/1309/2040
f 2026/1295/2026 2027/1296/2027 2042/1311/2042 2041/1310/2041
f 2027/1296/2027 2028/1297/2028 2043/1312/2043 2042/1311/2042
f 2028/1297/2028 2029/1298/2029 2044/1313/2044 2043/1312/2043
f 2029/1298/2029 2030/1299/2030 2045/1314/2045 2044/1313/2044
f 2030/1299/2030 2031/1300/2031 2046/1315/2046 2045/1314/2045
f 2032/1302/2032 2033/1301/2033 2048/1316/2048 2047/1317/2047
f 2033/1301/2033 2034/1303/2034 2049/1318/2049 2048/1316/2048
f 2034/1303/2034 2035/1304/2035 2050/1319/2050 2049/1318/2049
f 2035/1304/2035 2036/1305/2036 2051/1320/2051 2050/1319/2050
f 2036/1305/2036 2037/1306/2037 2052/1321/2052 2051/1320/2051
f 2037/1306/2037 2038/1307/2038 2053/1322/2053 2052/1321/2052
f 2038/1307/2038 2039/1308/2039 2054/1323/2054 2053/1322/2053
f 2039/1308/2039 2040/1309/2040 2055/1324/2055 2054/1323/2054
f 2040/1309/2040 2041/1310/2041 2056/1325/2056 2055/1324/2055
f 2041/1310/2041 2042/1311/2042 2057/1326/2057 2056/1325/2056
f 2042/1311/2042 2043/1312/2043 2058/1327/2058 2057/1326/2057
f 2043/1312/2043 2044/1313/2044 2059/1328/2059 2058/1327/2058
f 2044/1313/2044 2045/1314/2045 2060/1329/2060 2059/1328/2059
f 2045/1314/2045 2046/1315/2046 2061/1330/2061 2060/1329/2060
f 5/1092/5 787/1090/787 1837/1106/1837 97/1331/97
f 787/1090/787 788/1089/788 1838/1107/1838 1837/1106/1837
f 788/1089/788 789/1088/789 1839/1110/1839 1838/1107/1838
f 789/1088/789 790/1087/790 1840/1112/1840 1839/1110/1839
f 790/1087/790 791/1086/791 1841/1114/1841 1840/1112/1840
f 791/1086/791 792/1085/792 1842/1116/1842 1841/1114/1841
f 792/1085/792 793/1084/793 1843/1118/1843 1842/1116/1842
f 793/1084/793 794/1083/794 1844/1120/1844 1843/1118/1843
f 794/1083/794 795/1082/795 1845/1122/1845 1844/1120/1844
f 795/1082/795 796/1081/796 1846/1124/1846 1845/1122/1845
f 796/1081/796 797/1080/797 1847/1126/1847 1846/1124/1846
f 797/1080/797 798/1079/798 1848/1128/1848 1847/1126/1847
f 798/1079/798 799/1078/799 1849/1130/1849 1848/1128/1848
f 799/1078/799 800/1077/800 1850/1132/1850 1849/1130/1849
f 800/1077/800 801/1076/801 1851/1134/1851 1850/1132/1850
f 801/1076/801 11/1075/11 172/1332/172 1851/1134/1851
f 1851/1134/1851 172/1332/172 173/1333/173 1866/1135/1866
f 1866/1135/1866 173/1333/173 174/1334/174 1881/1150/1881
f 1881/1150/1881 174/1334/174 175/1335/175 1896/1165/1896
f 1896/1165/1896 175/1335/175 176/1336/176 1911/1180/1911
f 1911/1180/1911 176/1336/176 177/1337/177 1926/1195/1926
f 1926/1195/1926 177/1337/177 178/1338/178 1941/1210/1941
f 1941/1210/1941 178/1338/178 179/1339/179 1956/1225/1956
f 1956/1225/1956 179/1339/179 180/1340/180 1971/1240/1971
f 1971/1240/1971 180/1340/180 181/1341/181 1986/1255/1986
f 1986/1255/1986 181/1341/181 182/1342/182 2001/1270/2001
f 2001/1270/2001 182/1342/182 183/1343/183 2016/1285/2016
f 2016/1285/2016 183/1343/183 184/1344/184 2031/1300/2031
f 2031/1300/2031 184/1344/184 185/1345/185 2046/1315/2046
f 2046/1315/2046 185/1345/185 186/1346/186 2061/1330/2061
f 2061/1330/2061 186/1346/186 12/1347/12 876/1348/876
f 2060/1329/2060 2061/1330/2061 876/1348/876 875/1349/875
f 2059/1328/2059 2060/1329/2060 875/1349/875 874/1350/874
f 2058/1327/2058 2059/1328/2059 874/1350/874 873/1351/873
f 2057/1326/2057 2058/1327/2058 873/1351/873 872/1352/872
f 2056/1325/2056 2057/1326/2057 872/1352/872 871/1353/871
f 2055/1324/2055 2056/1325/2056 871/1353/871 870/1354/870
f 2054/1323/2054 2055/1324/2055 870/1354/870 869/1355/869
f 2053/1322/2053 2054/1323/2054 869/1355/869 868/1356/868
f 2052/1321/2052 2053/1322/2053 868/1356/868 867/1357/867
f 2051/1320/2051 2052/1321/2052 867/1357/867 866/1358/866
f 2050/1319/2050 2051/1320/2051 866/1358/866 865/1359/865
f 2049/1318/2049 2050/1319/2050 865/1359/865 864/1360/864
f 2048/1316/2048 2049/1318/2049 864/1360/864 863/1361/863
f 2047/1317/2047 2048/1316/2048 863/1361/863 862/1362/862
f 111/1363/111 2047/1317/2047 862/1362/862 6/1364/6
f 110/1365/110 2032/1302/2032 2047/1317/2047 111/1363/111
f 109/1366/109 2017/1287/2017 2032/1302/2032 110/1365/110
f 108/1367/108 2002/1272/2002 2017/1287/2017 109/1366/109
f 107/1368/107 1987/1257/1987 2002/1272/2002 108/1367/108
f 106/1369/106 1972/1242/1972 1987/1257/1987 107/1368/107
f 105/1370/105 1957/1227/1957 1972/1242/1972 106/1369/106
f 104/1371/104 1942/1212/1942 1957/1227/1957 105/1370/105
f 103/1372/103 1927/1197/1927 1942/1212/1942 104/1371/104
f 102/1373/102 1912/1182/1912 1927/1197/1927 103/1372/103
f 101/1374/101 1897/1167/1897 1912/1182/1912 102/1373/102
f 100/1375/100 1882/1152/1882 1897/1167/1897 101/1374/101
f 99/1376/99 1867/1137/1867 1882/1152/1882 100/1375/100
f 98/1377/98 1852/1109/1852 1867/1137/1867 99/1376/99
f 97/1331/97 1837/1106/1837 1852/1109/1852 98/1377/98
f 2062/1378/2062 2063/1379/2063 2078/1380/2078 2077/1381/2077
f 2063/1379/2063 2064/1382/2064 2079/1383/2079 2078/1380/2078
f 2064/1382/2064 2065/1384/2065 2080/1385/2080 2079/1383/2079
f 2065/1384/2065 2066/1386/2066 2081/1387/2081 2080/1385/2080
f 2066/1386/2066 2067/1388/2067 2082/1389/2082 2081/1387/2081
f 2067/1388/2067 2068/1390/2068 2083/1391/2083 2082/1389/2082
f 2068/1390/2068 2069/1392/2069 2084/1393/2084 2083/1391/2083
f 2069/1392/2069 2070/1394/2070 2085/1395/2085 2084/1393/2084
f 2070/1394/2070 2071/1396/2071 2086/1397/2086 2085/1395/2085
f 2071/1396/2071 2072/1398/2072 2087/1399/2087 2086/1397/2086
f 2072/1398/2072 2073/1400/2073 2088/1401/2088 2087/1399/2087
f 2073/1400/2073 2074/1402/2074 2089/1403/2089 2088/1401/2088
f 2074/1402/2074 2075/1404/2075 2090/1405/2090 2089/1403/2089
f 2075/1404/2075 2076/1406/2076 2091/1407/2091 2090/1405/2090
f 2077/1381/2077 2078/1380/2078 2093/1408/2093 2092/1409/2092
f 2078/1380/2078 2079/1383/2079 2094/1410/2094 2093/1408/2093
f 2079/1383/2079 2080/1385/2080 2095/1411/2095 2094/1410/2094
f 2080/1385/2080 2081/1387/2081 2096/1412/2096 2095/1411/2095
f 2081/1387/2081 2082/1389/2082 2097/1413/2097 2096/1412/2096
f 2082/1389/2082 2083/1391/2083 2098/1414/2098 2097/1413/2097
f 2083/1391/2083 2084/1393/2084 2099/1415/2099 2098/1414/2098
f 2084/1393/2084 2085/1395/2085 2100/1416/2100 2099/1415/2099
f 2085/1395/2085 2086/1397/2086 2101/1417/2101 2100/1416/2100
f 2086/1397/2086 2087/1399/2087 2102/1418/2102 2101/1417/2101
f 2087/1399/2087 2088/1401/2088 2103/1419/2103 2102/1418/2102
f 2088/1401/2088 2089/1403/2089 2104/1420/2104 2103/1419/2103
f 2089/1403/2089 2090/1405/2090 2105/1421/2105 2104/1420/2104
f 2090/1405/2090 2091/1407/2091 2106/1422/2106 2105/1421/2105
f 2092/1409/2092 2093/1408/2093 2108/1423/2108 2107/1424/2107
f 2093/1408/2093 2094/1410/2094 2109/1425/2109 2108/1423/2108
f 2094/1410/2094 2095/1411/2095 2110/1426/2110 2109/1425/2109
f 2095/1411/2095 2096/1412/2096 2111/1427/2111 2110/1426/2110
f 2096/1412/2096 2097/1413/2097 2112/1428/2112 2111/1427/2111
f 2097/1413/2097 2098/1414/2098 2113/1429/2113 2112/1428/2112
f 2098/1414/2098 2099/1415/2099 2114/1430/2114 2113/1429/2113
f 2099/1415/2099 2100/1416/2100 2115/1431/2115 2114/1430/2114
f 2100/1416/2100 2101/1417/2101 2116/1432/2116 2115/1431/2115
f 2101/1417/2101 2102/1418/2102 2117/1433/2117 2116/1432/2116
f 2102/1418/2102 2103/1419/2103 2118/1434/2118 2117/1433/2117
f 2103/1419/2103 2104/1420/2104 2119/1435/2119 2118/1434/2118
f 2104/1420/2104 2105/1421/2105 2120/1436/2120 2119/1435/2119
f 2105/1421/2105 2106/1422/2106 2121/1437/2121 2120/1436/2120
f 2107/1424/2107 2108/1423/2108 2123/1438/2123 2122/1439/2122
f 2108/1423/2108 2109/1425/2109 2124/1440/2124 2123/1438/2123
f 2109/1425/2109 2110/1426/2110 2125/1441/2125 2124/1440/2124
f 2110/1426/2110 2111/1427/2111 2126/1442/2126 2125/1441/2125
f 2111/1427/2111 2112/1428/2112 2127/1443/2127 2126/1442/2126
f 2112/1428/2112 2113/1429/2113 2128/1444/2128 2127/1443/2127
f 2113/1429/2113 2114/1430/2114 2129/1445/2129 2128/1444/2128
f 2114/1430/2114 2115/1431/2115 2130/1446/2130 2129/1445/2129
f 2115/1431/2115 2116/1432/2116 2131/1447/2131 2130/1446/2130
f 2116/1432/2116 2117/1433/2117 2132/1448/2132 2131/1447/2131
f 2117/1433/2117 2118/1434/2118 2133/1449/2133 2132/1448/2132
f 2118/1434/2118 2119/1435/2119 2134/1450/2134 2133/1449/2133
f 2119/1435/2119 2120/1436/2120 2135/1451/2135 2134/1450/2134
f 2120/1436/2120 2121/1437/2121 2136/1452/680 2135/1451/2135
f 2122/1439/2122 2123/1438/2123 2138/1453/2137 2137/1454/2136
f 2123/1438/2123 2124/1440/2124 2139/1455/2138 2138/1453/2137
f 2124/1440/2124 2125/1441/2125 2140/1456/2139 2139/1455/2138
f 2125/1441/2125 2126/1442/2126 2141/1457/2140 2140/1456/2139
f 2126/1442/2126 2127/1443/2127 2142/1458/2141 2141/1457/2140
f 2127/1443/2127 2128/1444/2128 2143/1459/2142 2142/1458/2141
f 2128/1444/2128 2129/1445/2129 2144/1460/2143 2143/1459/2142
f 2129/1445/2129 2130/1446/2130 2145/1461/2144 2144/1460/2143
f 2130/1446/2130 2131/1447/2131 2146/1462/2145 2145/1461/2144
f 2131/1447/2131 2132/1448/2132 2147/1463/2146 2146/1462/2145
f 2132/1448/2132 2133/1449/2133 2148/1464/2147 2147/1463/2146
f 2133/1449/2133 2134/1450/2134 2149/1465/2148 2148/1464/2147
f 2134/1450/2134 2135/1451/2135 2150/1466/2149 2149/1465/2148
f 2135/1451/2135 2136/1452/680 2151/1467/2150 2150/1466/2149
f 2137/1454/2136 2138/1453/2137 2153/1468/2152 2152/1469/2151
f 2138/1453/2137 2139/1455/2138 2154/1470/2153 2153/1468/2152
f 2139/1455/2138 2140/1456/2139 2155/1471/2154 2154/1470/2153
f 2140/1456/2139 2141/1457/2140 2156/1472/2155 2155/1471/2154
f 2141/1457/2140 2142/1458/2141 2157/1473/2156 2156/1472/2155
f 2142/1458/2141 2143/1459/2142 2158/1474/2157 2157/1473/2156
f 2143/1459/2142 2144/1460/2143 2159/1475/2158 2158/1474/2157
f 2144/1460/2143 2145/1461/2144 2160/1476/2159 2159/1475/2158
f 2145/1461/2144 2146/1462/2145 2161/1477/2160 2160/1476/2159
f 2146/1462/2145 2147/1463/2146 2162/1478/2161 2161/1477/2160
f 2147/1463/2146 2148/1464/2147 2163/1479/2162 2162/1478/2161
f 2148/1464/2147 2149/1465/2148 2164/1480/2163 2163/1479/2162
f 2149/1465/2148 2150/1466/2149 2165/1481/2164 2164/1480/2163
f 2150/1466/2149 2151/1467/2150 2166/1482/2165 2165/1481/2164
f 2152/1469/2151 2153/1468/2152 2168/1483/2167 2167/1484/2166
f 2153/1468/2152 2154/1470/2153 2169/1485/2168 2168/1483/2167
f 2154/1470/2153 2155/1471/2154 2170/1486/2169 2169/1485/2168
f 2155/1471/2154 2156/1472/2155 2171/1487/2170 2170/1486/2169
f 2156/1472/2155 2157/1473/2156 2172/1488/2171 2171/1487/2170
f 2157/1473/2156 2158/1474/2157 2173/1489/2172 2172/1488/2171
f 2158/1474/2157 2159/1475/2158 2174/1490/2173 2173/1489/2172
f 2159/1475/2158 2160/1476/2159 2175/1491/2174 2174/1490/2173
f 2160/1476/2159 2161/1477/2160 2176/1492/2175 2175/1491/2174
f 2161/1477/2160 2162/1478/2161 2177/1493/2176 2176/1492/2175
f 2162/1478/2161 2163/1479/2162 2178/1494/2177 2177/1493/2176
f 2163/1479/2162 2164/1480/2163 2179/1495/2178 2178/1494/2177
f 2164/1480/2163 2165/1481/2164 2180/1496/2179 2179/1495/2178
f 2165/1481/2164 2166/1482/2165 2181/1497/2180 2180/1496/2179
f 2167/1484/2166 2168/1483/2167 2183/1498/2182 2182/1499/2181
f 2168/1483/2167 2169/1485/2168 2184/1500/2183 2183/1498/2182
f 2169/1485/2168 2170/1486/2169 2185/1501/2184 2184/1500/2183
f 2170/1486/2169 2171/1487/2170 2186/1502/2185 2185/1501/2184
f 2171/1487/2170 2172/1488/2171 2187/1503/2186 2186/1502/2185
f 2172/1488/2171 2173/1489/2172 2188/1504/2187 2187/1503/2186
f 2173/1489/2172 2174/1490/2173 2189/1505/2188 2188/1504/2187
f 2174/1490/2173 2175/1491/2174 2190/1506/2189 2189/1505/2188
f 2175/1491/2174 2176/1492/2175 2191/1507/2190 2190/1506/2189
f 2176/1492/2175 2177/1493/2176 2192/1508/2191 2191/1507/2190
f 2177/1493/2176 2178/1494/2177 2193/1509/2192 2192/1508/2191
f 2178/1494/2177 2179/1495/2178 2194/1510/2193 2193/1509/2192
f 2179/1495/2178 2180/1496/2179 2195/1511/2194 2194/1510/2193
f 2180/1496/2179 2181/1497/2180 2196/1512/2195 2195/1511/2194
f 2182/1499/2181 2183/1498/2182 2198/1513/2197 2197/1514/2196
f 2183/1498/2182 2184/1500/2183 2199/1515/2198 2198/1513/2197
f 2184/1500/2183 2185/1501/2184 2200/1516/2199 2199/1515/2198
f 2185/1501/2184 2186/1502/2185 2201/1517/2200 2200/1516/2199
f 2186/1502/2185 2187/1503/2186 2202/1518/2201 2201/1517/2200
f 2187/1503/2186 2188/1504/2187 2203/1519/2202 2202/1518/2201
f 2188/1504/2187 2189/1505/2188 2204/1520/2203 2203/1519/2202
f 2189/1505/2188 2190/1506/2189 2205/1521/2204 2204/1520/2203
f 2190/1506/2189 2191/1507/2190 2206/1522/2205 2205/1521/2204
f 2191/1507/2190 2192/1508/2191 2207/1523/2206 2206/1522/2205
f 2192/1508/2191 2193/1509/2192 2208/1524/2207 2207/1523/2206
f 2193/1509/2192 2194/1510/2193 2209/1525/2208 2208/1524/2207
f 2194/1510/2193 2195/1511/2194 2210/1526/2209 2209/1525/2208
f 2195/1511/2194 2196/1512/2195 2211/1527/2210 2210/1526/2209
f 2197/1514/2196 2198/1513/2197 2213/1528/2212 2212/1529/2211
f 2198/1513/2197 2199/1515/2198 2214/1530/2213 2213/1528/2212
f 2199/1515/2198 2200/1516/2199 2215/1531/2214 2214/1530/2213
f 2200/1516/2199 2201/1517/2200 2216/1532/2215 2215/1531/2214
f 2201/1517/2200 2202/1518/2201 2217/1533/2216 2216/1532/2215
f 2202/1518/2201 2203/1519/2202 2218/1534/2217 2217/1533/2216
f 2203/1519/2202 2204/1520/2203 2219/1535/2218 2218/1534/2217
f 2204/1520/2203 2205/1521/2204 2220/1536/2219 2219/1535/2218
f 2205/1521/2204 2206/1522/2205 2221/1537/2220 2220/1536/2219
f 2206/1522/2205 2207/1523/2206 2222/1538/2221 2221/1537/2220
f 2207/1523/2206 2208/1524/2207 2223/1539/2222 2222/1538/2221
f 2208/1524/2207 2209/1525/2208 2224/1540/2223 2223/1539/2222
f 2209/1525/2208 2210/1526/2209 2225/1541/2224 2224/1540/2223
f 2210/1526/2209 2211/1527/2210 2226/1542/2225 2225/1541/2224
f 2212/1529/2211 2213/1528/2212 2228/1543/2227 2227/1544/2226
f 2213/1528/2212 2214/1530/2213 2229/1545/2228 2228/1543/2227
f 2214/1530/2213 2215/1531/2214 2230/1546/2229 2229/1545/2228
f 2215/1531/2214 2216/1532/2215 2231/1547/2230 2230/1546/2229
f 2216/1532/2215 2217/1533/2216 2232/1548/2231 2231/1547/2230
f 2217/1533/2216 2218/1534/2217 2233/1549/2232 2232/1548/2231
f 2218/1534/2217 2219/1535/2218 2234/1550/2233 2233/1549/2232
f 2219/1535/2218 2220/1536/2219 2235/1551/2234 2234/1550/2233
f 2220/1536/2219 2221/1537/2220 2236/1552/2235 2235/1551/2234
f 2221/1537/2220 2222/1538/2221 2237/1553/2236 2236/1552/2235
f 2222/1538/2221 2223/1539/2222 2238/1554/2237 2237/1553/2236
f 2223/1539/2222 2224/1540/2223 2239/1555/2238 2238/1554/2237
f 2224/1540/2223 2225/1541/2224 2240/1556/2239 2239/1555/2238
f 2225/1541/2224 2226/1542/2225 2241/1557/2240 2240/1556/2239
f 2227/1544/2226 2228/1543/2227 2243/1558/2242 2242/1559/2241
f 2228/1543/2227 2229/1545/2228 2244/1560/2243 2243/1558/2242
f 2229/1545/2228 2230/1546/2229 2245/1561/2244 2244/1560/2243
f 2230/1546/2229 2231/1547/2230 2246/1562/2245 2245/1561/2244
f 2231/1547/2230 2232/1548/2231 2247/1563/2246 2246/1562/2245
f 2232/1548/2231 2233/1549/2232 2248/1564/2247 2247/1563/2246
f 2233/1549/2232 2234/1550/2233 2249/1565/2248 2248/1564/2247
f 2234/1550/2233 2235/1551/2234 2250/1566/2249 2249/1565/2248
f 2235/1551/2234 2236/1552/2235 2251/1567/2250 2250/1566/2249
f 2236/1552/2235 2237/1553/2236 2252/1568/2251 2251/1567/2250
f 2237/1553/2236 2238/1554/2237 2253/1569/2252 2252/1568/2251
f 2238/1554/2237 2239/1555/2238 2254/1570/2253 2253/1569/2252
f 2239/1555/2238 2240/1556/2239 2255/1571/2254 2254/1570/2253
f 2240/1556/2239 2241/1557/2240 2256/1572/2255 2255/1571/2254
f 2242/1559/2241 2243/1558/2242 2258/1573/2257 2257/1574/2256
f 2243/1558/2242 2244/1560/2243 2259/1575/2258 2258/1573/2257
f 2244/1560/2243 2245/1561/2244 2260/1576/2259 2259/1575/2258
f 2245/1561/2244 2246/1562/2245 2261/1577/2260 2260/1576/2259
f 2246/1562/2245 2247/1563/2246 2262/1578/2261 2261/1577/2260
f 2247/1563/2246 2248/1564/2247 2263/1579/2262 2262/1578/2261
f 2248/1564/2247 2249/1565/2248 2264/1580/2263 2263/1579/2262
f 2249/1565/2248 2250/1566/2249 2265/1581/2264 2264/1580/2263
f 2250/1566/2249 2251/1567/2250 2266/1582/2265 2265/1581/2264
f 2251/1567/2250 2252/1568/2251 2267/1583/2266 2266/1582/2265
f 2252/1568/2251 2253/1569/2252 2268/1584/2267 2267/1583/2266
f 2253/1569/2252 2254/1570/2253 2269/1585/2268 2268/1584/2267
f 2254/1570/2253 2255/1571/2254 2270/1586/2269 2269/1585/2268
f 2255/1571/2254 2256/1572/2255 2271/1587/2270 2270/1586/2269
f 2257/1574/2256 2258/1573/2257 2273/1588/2272 2272/1589/2271
f 2258/1573/2257 2259/1575/2258 2274/1590/2273 2273/1588/2272
f 2259/1575/2258 2260/1576/2259 2275/1591/2274 2274/1590/2273
f 2260/1576/2259 2261/1577/2260 2276/1592/2275 2275/1591/2274
f 2261/1577/2260 2262/1578/2261 2277/1593/2276 2276/1592/2275
f 2262/1578/2261 2263/1579/2262 2278/1594/2277 2277/1593/2276
f 2263/1579/2262 2264/1580/2263 2279/1595/2278 2278/1594/2277
f 2264/1580/2263 2265/1581/2264 2280/1596/2279 2279/1595/2278
f 2265/1581/2264 2266/1582/2265 2281/1597/2280 2280/1596/2279
f 2266/1582/2265 2267/1583/2266 2282/1598/2281 2281/1597/2280
f 2267/1583/2266 2268/1584/2267 2283/1599/2282 2282/1598/2281
f 2268/1584/2267 2269/1585/2268 2284/1600/2283 2283/1599/2282
f 2269/1585/2268 2270/1586/2269 2285/1601/2284 2284/1600/2283
f 2270/1586/2269 2271/1587/2270 2286/1602/2285 2285/1601/2284
f 7/243/7 502/1603/502 2062/1378/2062 112/244/112
f 502/1603/502 503/1604/503 2063/1379/2063 2062/1378/2062
f 503/1604/503 504/1605/504 2064/1382/2064 2063/1379/2063
f 504/1605/504 505/1606/505 2065/1384/2065 2064/1382/2064
f 505/1606/505 506/1607/506 2066/1386/2066 2065/1384/2065
f 506/1607/506 507/1608/507 2067/1388/2067 2066/1386/2066
f 507/1608/507 508/1609/508 2068/1390/2068 2067/1388/2067
f 508/1609/508 509/1610/509 2069/1392/2069 2068/1390/2068
f 509/1610/509 510/1611/510 2070/1394/2070 2069/1392/2069
f 510/1611/510 511/1612/511 2071/1396/2071 2070/1394/2070
f 511/1612/511 512/1613/512 2072/1398/2072 2071/1396/2071
f 512/1613/512 513/1614/513 2073/1400/2073 2072/1398/2072
f 513/1614/513 514/1615/514 2074/1402/2074 2073/1400/2073
f 514/1615/514 515/1616/515 2075/1404/2075 2074/1402/2074
f 515/1616/515 516/1617/516 2076/1406/2076 2075/1404/2075
f 516/1617/516 13/1618/13 187/1619/187 2076/1406/2076
f 2076/1406/2076 187/1619/187 188/1620/188 2091/1407/2091
f 2091/1407/2091 188/1620/188 189/1621/189 2106/1422/2106
f 2106/1422/2106 189/1621/189 190/1622/190 2121/1437/2121
f 2121/1437/2121 190/1622/190 191/1623/191 2136/1452/680
f 2136/1452/680 191/1623/191 192/1624/192 2151/1467/2150
f 2151/1467/2150 192/1624/192 193/1625/193 2166/1482/2165
f 2166/1482/2165 193/1625/193 194/1626/194 2181/1497/2180
f 2181/1497/2180 194/1626/194 195/1627/195 2196/1512/2195
f 2196/1512/2195 195/1627/195 196/1628/196 2211/1527/2210
f 2211/1527/2210 196/1628/196 197/1629/197 2226/1542/2225
f 2226/1542/2225 197/1629/197 198/1630/198 2241/1557/2240
f 2241/1557/2240 198/1630/198 199/1631/199 2256/1572/2255
f 2256/1572/2255 199/1631/199 200/1632/200 2271/1587/2270
f 2271/1587/2270 200/1632/200 201/1633/201 2286/1602/2285
f 2286/1602/2285 201/1633/201 14/1634/14 591/1635/591
f 2285/1601/2284 2286/1602/2285 591/1635/591 590/1636/590
f 2284/1600/2283 2285/1601/2284 590/1636/590 589/1637/589
f 2283/1599/2282 2284/1600/2283 589/1637/589 588/1638/588
f 2282/1598/2281 2283/1599/2282 588/1638/588 587/1639/587
f 2281/1597/2280 2282/1598/2281 587/1639/587 586/1640/586
f 2280/1596/2279 2281/1597/2280 586/1640/586 585/1641/585
f 2279/1595/2278 2280/1596/2279 585/1641/585 584/1642/584
f 2278/1594/2277 2279/1595/2278 584/1642/584 583/1643/583
f 2277/1593/2276 2278/1594/2277 583/1643/583 582/1644/582
f 2276/1592/2275 2277/1593/2276 582/1644/582 581/1645/581
f 2275/1591/2274 2276/1592/2275 581/1645/581 580/1646/580
f 2274/1590/2273 2275/1591/2274 580/1646/580 579/1647/579
f 2273/1588/2272 2274/1590/2273 579/1647/579 578/1648/578
f 2272/1589/2271 2273/1588/2272 578/1648/578 577/1649/577
f 126/258/126 2272/1589/2271 577/1649/577 8/259/8
f 125/257/125 2257/1574/2256 2272/1589/2271 126/258/126
f 124/256/124 2242/1559/2241 2257/1574/2256 125/257/125
f 123/255/123 2227/1544/2226 2242/1559/2241 124/256/124
f 122/254/122 2212/1529/2211 2227/1544/2226 123/255/123
f 121/253/121 2197/1514/2196 2212/1529/2211 122/254/122
f 120/252/120 2182/1499/2181 2197/1514/2196 121/253/121
f 119/251/119 2167/1484/2166 2182/1499/2181 120/252/120
f 118/250/118 2152/1469/2151 2167/1484/2166 119/251/119
f 117/249/117 2137/1454/2136 2152/1469/2151 118/250/118
f 116/248/116 2122/1439/2122 2137/1454/2136 117/249/117
f 115/247/115 2107/1424/2107 2122/1439/2122 116/248/116
f 114/246/114 2092/1409/2092 2107/1424/2107 115/247/115
f 113/245/113 2077/1381/2077 2092/1409/2092 114/246/114
f 112/244/112 2062/1378/2062 2077/1381/2077 113/245/113
f 2287/1650/2286 2288/1651/2287 2303/1652/2302 2302/1653/2301
f 2288/1651/2287 2289/1654/2288 2304/1655/2303 2303/1652/2302
f 2289/1654/2288 2290/1656/2289 2305/1657/2304 2304/1655/2303
f 2290/1656/2289 2291/1658/2290 2306/1659/2305 2305/1657/2304
f 2291/1658/2290 2292/1660/2291 2307/1661/2306 2306/1659/2305
f 2292/1660/2291 2293/1662/2292 2308/1663/2307 2307/1661/2306
f 2293/1662/2292 2294/1664/2293 2309/1665/2308 2308/1663/2307
f 2294/1664/2293 2295/1666/2294 2310/1667/2309 2309/1665/2308
f 2295/1666/2294 2296/1668/2295 2311/1669/2310 2310/1667/2309
f 2296/1668/2295 2297/1670/2296 2312/1671/2311 2311/1669/2310
f 2297/1670/2296 2298/1672/2297 2313/1673/2312 2312/1671/2311
f 2298/1672/2297 2299/1674/2298 2314/1675/2313 2313/1673/2312
f 2299/1674/2298 2300/1676/2299 2315/1677/2314 2314/1675/2313
f 2300/1676/2299 2301/1678/2300 2316/1679/2315 2315/1677/2314
f 2302/1653/2301 2303/1652/2302 2318/1680/2317 2317/1681/2316
f 2303/1652/2302 2304/1655/2303 2319/1682/2318 2318/1680/2317
f 2304/1655/2303 2305/1657/2304 2320/1683/2319 2319/1682/2318
f 2305/1657/2304 2306/1659/2305 2321/1684/2320 2320/1683/2319
f 2306/1659/2305 2307/1661/2306 2322/1685/2321 2321/1684/2320
f 2307/1661/2306 2308/1663/2307 2323/1686/2322 2322/1685/2321
f 2308/1663/2307 2309/1665/2308 2324/1687/2323 2323/1686/2322
f 2309/1665/2308 2310/1667/2309 2325/1688/2324 2324/1687/2323
f 2310/1667/2309 2311/1669/2310 2326/1689/2325 2325/1688/2324
f 2311/1669/2310 2312/1671/2311 2327/1690/2326 2326/1689/2325
f 2312/1671/2311 2313/1673/2312 2328/1691/2327 2327/1690/2326
f 2313/1673/2312 2314/1675/2313 2329/1692/2328 2328/1691/2327
f 2314/1675/2313 2315/1677/2314 2330/1693/2329 2329/1692/2328
f 2315/1677/2314 2316/1679/2315 2331/1694/2330 2330/1693/2329
f 2317/1681/2316 2318/1680/2317 2333/1695/2332 2332/1696/2331
f 2318/1680/2317 2319/1682/2318 2334/1697/2333 2333/1695/2332
f 2319/1682/2318 2320/1683/2319 2335/1698/2334 2334/1697/2333
f 2320/1683/2319 2321/1684/2320 2336/1699/2335 2335/1698/2334
f 2321/1684/2320 2322/1685/2321 2337/1700/2336 2336/1699/2335
f 2322/1685/2321 2323/1686/2322 2338/1701/2337 2337/1700/2336
f 2323/1686/2322 2324/1687/2323 2339/1702/2338 2338/1701/2337
f 2324/1687/2323 2325/1688/2324 2340/1703/2339 2339/1702/2338
f 2325/1688/2324 2326/1689/2325 2341/1704/2340 2340/1703/2339
f 2326/1689/2325 2327/1690/2326 2342/1705/2341 2341/1704/2340
f 2327/1690/2326 2328/1691/2327 2343/1706/2342 2342/1705/2341
f 2328/1691/2327 2329/1692/2328 2344/1707/2343 2343/1706/2342
f 2329/1692/2328 2330/1693/2329 2345/1708/2344 2344/1707/2343
f 2330/1693/2329 2331/1694/2330 2346/1709/2345 2345/1708/2344
f 2332/1696/2331 2333/1695/2332 2348/1710/2347 2347/1711/2346
f 2333/1695/2332 2334/1697/2333 2349/1712/2348 2348/1710/2347
f 2334/1697/2333 2335/1698/2334 2350/1713/2349 2349/1712/2348
f 2335/1698/2334 2336/1699/2335 2351/1714/2350 2350/1713/2349
f 2336/1699/2335 2337/1700/2336 2352/1715/2351 2351/1714/2350
f 2337/1700/2336 2338/1701/2337 2353/1716/2352 2352/1715/2351
f 2338/1701/2337 2339/1702/2338 2354/1717/2353 2353/1716/2352
f 2339/1702/2338 2340/1703/2339 2355/1718/2354 2354/1717/2353
f 2340/1703/2339 2341/1704/2340 2356/1719/2355 2355/1718/2354
f 2341/1704/2340 2342/1705/2341 2357/1720/2356 2356/1719/2355
f 2342/1705/2341 2343/1706/2342 2358/1721/2357 2357/1720/2356
f 2343/1706/2342 2344/1707/2343 2359/1722/2358 2358/1721/2357
f 2344/1707/2343 2345/1708/2344 2360/1723/2359 2359/1722/2358
f 2345/1708/2344 2346/1709/2345 2361/1724/2360 2360/1723/2359
f 2347/1711/2346 2348/1710/2347 2363/1725/2362 2362/1726/2361
f 2348/1710/2347 2349/1712/2348 2364/1727/2363 2363/1725/2362
f 2349/1712/2348 2350/1713/2349 2365/1728/2364 2364/1727/2363
f 2350/1713/2349 2351/1714/2350 2366/1729/2365 2365/1728/2364
f 2351/1714/2350 2352/1715/2351 2367/1730/2366 2366/1729/2365
f 2352/1715/2351 2353/1716/2352 2368/1731/2367 2367/1730/2366
f 2353/1716/2352 2354/1717/2353 2369/1732/2368 2368/1731/2367
f 2354/1717/2353 2355/1718/2354 2370/1733/2369 2369/1732/2368
f 2355/1718/2354 2356/1719/2355 2371/1734/2370 2370/1733/2369
f 2356/1719/2355 2357/1720/2356 2372/1735/2371 2371/1734/2370
f 2357/1720/2356 2358/1721/2357 2373/1736/2372 2372/1735/2371
f 2358/1721/2357 2359/1722/2358 2374/1737/2373 2373/1736/2372
f 2359/1722/2358 2360/1723/2359 2375/1738/2374 2374/1737/2373
f 2360/1723/2359 2361/1724/2360 2376/1739/2375 2375/1738/2374
f 2362/1726/2361 2363/1725/2362 2378/1740/2377 2377/1741/2376
f 2363/1725/2362 2364/1727/2363 2379/1742/2378 2378/1740/2377
f 2364/1727/2363 2365/1728/2364 2380/1743/2379 2379/1742/2378
f 2365/1728/2364 2366/1729/2365 2381/1744/2380 2380/1743/2379
f 2366/1729/2365 2367/1730/2366 2382/1745/2381 2381/1744/2380
f 2367/1730/2366 2368/1731/2367 2383/1746/2382 2382/1745/2381
f 2368/1731/2367 2369/1732/2368 2384/1747/2383 2383/1746/2382
f 2369/1732/2368 2370/1733/2369 2385/1748/2384 2384/1747/2383
f 2370/1733/2369 2371/1734/2370 2386/1749/2385 2385/1748/2384
f 2371/1734/2370 2372/1735/2371 2387/1750/2386 2386/1749/2385
f 2372/1735/2371 2373/1736/2372 2388/1751/2387 2387/1750/2386
f 2373/1736/2372 2374/1737/2373 2389/1752/2388 2388/1751/2387
f 2374/1737/2373 2375/1738/2374 2390/1753/2389 2389/1752/2388
f 2375/1738/2374 2376/1739/2375 2391/1754/2390 2390/1753/2389
f 2377/1741/2376 2378/1740/2377 2393/1755/2392 2392/1756/2391
f 2378/1740/2377 2379/1742/2378 2394/1757/2393 2393/1755/2392
f 2379/1742/2378 2380/1743/2379 2395/1758/2394 2394/1757/2393
f 2380/1743/2379 2381/1744/2380 2396/1759/2395 2395/1758/2394
f 2381/1744/2380 2382/1745/2381 2397/1760/2396 2396/1759/2395
f 2382/1745/2381 2383/1746/2382 2398/1761/2397 2397/1760/2396
f 2383/1746/2382 2384/1747/2383 2399/1762/2398 2398/1761/2397
f 2384/1747/2383 2385/1748/2384 2400/1763/2399 2399/1762/2398
f 2385/1748/2384 2386/1749/2385 2401/1764/2400 2400/1763/2399
f 2386/1749/2385 2387/1750/2386 2402/1765/2401 2401/1764/2400
f 2387/1750/2386 2388/1751/2387 2403/1766/2402 2402/1765/2401
f 2388/1751/2387 2389/1752/2388 2404/1767/2403 2403/1766/2402
f 2389/1752/2388 2390/1753/2389 2405/1768/2404 2404/1767/2403
f 2390/1753/2389 2391/1754/2390 2406/1769/2405 2405/1768/2404
f 2392/1756/2391 2393/1755/2392 2408/1770/2407 2407/1771/2406
f 2393/1755/2392 2394/1757/2393 2409/1772/2408 2408/1770/2407
f 2394/1757/2393 2395/1758/2394 2410/1773/2409 2409/1772/2408
f 2395/1758/2394 2396/1759/2395 2411/1774/2410 2410/1773/2409
f 2396/1759/2395 2397/1760/2396 2412/1775/2411 2411/1774/2410
f 2397/1760/2396 2398/1761/2397 2413/1776/2412 2412/1775/2411
f 2398/1761/2397 2399/1762/2398 2414/1777/2413 2413/1776/2412
f 2399/1762/2398 2400/1763/2399 2415/1778/2414 2414/1777/2413
f 2400/1763/2399 2401/1764/2400 2416/1779/2415 2415/1778/2414
f 2401/1764/2400 2402/1765/2401 2417/1780/2416 2416/1779/2415
f 2402/1765/2401 2403/1766/2402 2418/1781/2417 2417/1780/2416
f 2403/1766/2402 2404/1767/2403 2419/1782/2418 2418/1781/2417
f 2404/1767/2403 2405/1768/2404 2420/1783/2419 2419/1782/2418
f 2405/1768/2404 2406/1769/2405 2421/1784/2420 2420/1783/2419
f 2407/1771/2406 2408/1770/2407 2423/1785/2422 2422/1786/2421
f 2408/1770/2407 2409/1772/2408 2424/1787/2423 2423/1785/2422
f 2409/1772/2408 2410/1773/2409 2425/1788/2424 2424/1787/2423
f 2410/1773/2409 2411/1774/2410 2426/1789/2425 2425/1788/2424
f 2411/1774/2410 2412/1775/2411 2427/1790/2426 2426/1789/2425
f 2412/1775/2411 2413/1776/2412 2428/1791/537 2427/1790/2426
f 2413/1776/2412 2414/1777/2413 2429/1792/2427 2428/1791/537
f 2414/1777/2413 2415/1778/2414 2430/1793/2428 2429/1792/2427
f 2415/1778/2414 2416/1779/2415 2431/1794/2429 2430/1793/2428
f 2416/1779/2415 2417/1780/2416 2432/1795/2430 2431/1794/2429
f 2417/1780/2416 2418/1781/2417 2433/1796/2431 2432/1795/2430
f 2418/1781/2417 2419/1782/2418 2434/1797/2432 2433/1796/2431
f 2419/1782/2418 2420/1783/2419 2435/1798/2433 2434/1797/2432
f 2420/1783/2419 2421/1784/2420 2436/1799/2434 2435/1798/2433
f 2422/1786/2421 2423/1785/2422 2438/1800/2436 2437/1801/2435
f 2423/1785/2422 2424/1787/2423 2439/1802/2437 2438/1800/2436
f 2424/1787/2423 2425/1788/2424 2440/1803/2438 2439/1802/2437
f 2425/1788/2424 2426/1789/2425 2441/1804/2439 2440/1803/2438
f 2426/1789/2425 2427/1790/2426 2442/1805/2440 2441/1804/2439
f 2427/1790/2426 2428/1791/537 2443/1806/2441 2442/1805/2440
f 2428/1791/537 2429/1792/2427 2444/1807/2442 2443/1806/2441
f 2429/1792/2427 2430/1793/2428 2445/1808/2443 2444/1807/2442
f 2430/1793/2428 2431/1794/2429 2446/1809/2444 2445/1808/2443
f 2431/1794/2429 2432/1795/2430 2447/1810/2445 2446/1809/2444
f 2432/1795/2430 2433/1796/2431 2448/1811/2446 2447/1810/2445
f 2433/1796/2431 2434/1797/2432 2449/1812/2447 2448/1811/2446
f 2434/1797/2432 2435/1798/2433 2450/1813/2448 2449/1812/2447
f 2435/1798/2433 2436/1799/2434 2451/1814/2449 2450/1813/2448
f 2437/1801/2435 2438/1800/2436 2453/1815/2451 2452/1816/2450
f 2438/1800/2436 2439/1802/2437 2454/1817/2452 2453/1815/2451
f 2439/1802/2437 2440/1803/2438 2455/1818/2453 2454/1817/2452
f 2440/1803/2438 2441/1804/2439 2456/1819/2454 2455/1818/2453
f 2441/1804/2439 2442/1805/2440 2457/1820/2455 2456/1819/2454
f 2442/1805/2440 2443/1806/2441 2458/1821/2456 2457/1820/2455
f 2443/1806/2441 2444/1807/2442 2459/1822/2457 2458/1821/2456
f 2444/1807/2442 2445/1808/2443 2460/1823/2458 2459/1822/2457
f 2445/1808/2443 2446/1809/2444 2461/1824/2459 2460/1823/2458
f 2446/1809/2444 2447/1810/2445 2462/1825/2460 2461/1824/2459
f 2447/1810/2445 2448/1811/2446 2463/1826/2461 2462/1825/2460
f 2448/1811/2446 2449/1812/2447 2464/1827/2462 2463/1826/2461
f 2449/1812/2447 2450/1813/2448 2465/1828/2463 2464/1827/2462
f 2450/1813/2448 2451/1814/2449 2466/1829/2464 2465/1828/2463
f 2452/1816/2450 2453/1815/2451 2468/1830/2466 2467/1831/2465
f 2453/1815/2451 2454/1817/2452 2469/1832/2467 2468/1830/2466
f 2454/1817/2452 2455/1818/2453 2470/1833/2468 2469/1832/2467
f 2455/1818/2453 2456/1819/2454 2471/1834/2469 2470/1833/2468
f 2456/1819/2454 2457/1820/2455 2472/1835/2470 2471/1834/2469
f 2457/1820/2455 2458/1821/2456 2473/1836/2471 2472/1835/2470
f 2458/1821/2456 2459/1822/2457 2474/1837/2472 2473/1836/2471
f 2459/1822/2457 2460/1823/2458 2475/1838/2473 2474/1837/2472
f 2460/1823/2458 2461/1824/2459 2476/1839/2474 2475/1838/2473
f 2461/1824/2459 2462/1825/2460 2477/1840/2475 2476/1839/2474
f 2462/1825/2460 2463/1826/2461 2478/1841/2476 2477/1840/2475
f 2463/1826/2461 2464/1827/2462 2479/1842/2477 2478/1841/2476
f 2464/1827/2462 2465/1828/2463 2480/1843/2478 2479/1842/2477
f 2465/1828/2463 2466/1829/2464 2481/1844/2479 2480/1843/2478
f 2467/1831/2465 2468/1830/2466 2483/1845/2481 2482/1846/2480
f 2468/1830/2466 2469/1832/2467 2484/1847/2482 2483/1845/2481
f 2469/1832/2467 2470/1833/2468 2485/1848/2483 2484/1847/2482
f 2470/1833/2468 2471/1834/2469 2486/1849/2484 2485/1848/2483
f 2471/1834/2469 2472/1835/2470 2487/1850/2485 2486/1849/2484
f 2472/1835/2470 2473/1836/2471 2488/1851/2486 2487/1850/2485
f 2473/1836/2471 2474/1837/2472 2489/1852/2487 2488/1851/2486
f 2474/1837/2472 2475/1838/2473 2490/1853/2488 2489/1852/2487
f 2475/1838/2473 2476/1839/2474 2491/1854/2489 2490/1853/2488
f 2476/1839/2474 2477/1840/2475 2492/1855/2490 2491/1854/2489
f 2477/1840/2475 2478/1841/2476 2493/1856/2491 2492/1855/2490
f 2478/1841/2476 2479/1842/2477 2494/1857/2492 2493/1856/2491
f 2479/1842/2477 2480/1843/2478 2495/1858/2493 2494/1857/2492
f 2480/1843/2478 2481/1844/2479 2496/1859/2494 2495/1858/2493
f 2482/1846/2480 2483/1845/2481 2498/1860/2496 2497/1861/2495
f 2483/1845/2481 2484/1847/2482 2499/1862/2497 2498/1860/2496
f 2484/1847/2482 2485/1848/2483 2500/1863/2498 2499/1862/2497
f 2485/1848/2483 2486/1849/2484 2501/1864/2499 2500/1863/2498
f 2486/1849/2484 2487/1850/2485 2502/1865/2500 2501/1864/2499
f 2487/1850/2485 2488/1851/2486 2503/1866/2501 2502/1865/2500
f 2488/1851/2486 2489/1852/2487 2504/1867/2502 2503/1866/2501
f 2489/1852/2487 2490/1853/2488 2505/1868/2503 2504/1867/2502
f 2490/1853/2488 2491/1854/2489 2506/1869/2504 2505/1868/2503
f 2491/1854/2489 2492/1855/2490 2507/1870/2505 2506/1869/2504
f 2492/1855/2490 2493/1856/2491 2508/1871/2506 2507/1870/2505
f 2493/1856/2491 2494/1857/2492 2509/1872/2507 2508/1871/2506
f 2494/1857/2492 2495/1858/2493 2510/1873/2508 2509/1872/2507
f 2495/1858/2493 2496/1859/2494 2511/1874/2509 2510/1873/2508
f 8/259/8 577/1649/577 2287/1650/2286 127/516/127
f 577/1649/577 578/1648/578 2288/1651/2287 2287/1650/2286
f 578/1648/578 579/1647/579 2289/1654/2288 2288/1651/2287
f 579/1647/579 580/1646/580 2290/1656/2289 2289/1654/2288
f 580/1646/580 581/1645/581 2291/1658/2290 2290/1656/2289
f 581/1645/581 582/1644/582 2292/1660/2291 2291/1658/2290
f 582/1644/582 583/1643/583 2293/1662/2292 2292/1660/2291
f 583/1643/583 584/1642/584 2294/1664/2293 2293/1662/2292
f 584/1642/584 585/1641/585 2295/1666/2294 2294/1664/2293
f 585/1641/585 586/1640/586 2296/1668/2295 2295/1666/2294
f 586/1640/586 587/1639/587 2297/1670/2296 2296/1668/2295
f 587/1639/587 588/1638/588 2298/1672/2297 2297/1670/2296
f 588/1638/588 589/1637/589 2299/1674/2298 2298/1672/2297
f 589/1637/589 590/1636/590 2300/1676/2299 2299/1674/2298
f 590/1636/590 591/1635/591 2301/1678/2300 2300/1676/2299
f 591/1635/591 14/1634/14 202/1875/202 2301/1678/2300
f 2301/1678/2300 202/1875/202 203/1876/203 2316/1679/2315
f 2316/1679/2315 203/1876/203 204/1877/204 2331/1694/2330
f 2331/1694/2330 204/1877/204 205/1878/205 2346/1709/2345
f 2346/1709/2345 205/1878/205 206/1879/206 2361/1724/2360
f 2361/1724/2360 206/1879/206 207/1880/207 2376/1739/2375
f 2376/1739/2375 207/1880/207 208/1881/208 2391/1754/2390
f 2391/1754/2390 208/1881/208 209/1882/209 2406/1769/2405
f 2406/1769/2405 209/1882/209 210/1883/210 2421/1784/2420
f 2421/1784/2420 210/1883/210 211/1884/211 2436/1799/2434
f 2436/1799/2434 211/1884/211 212/1885/212 2451/1814/2449
f 2451/1814/2449 212/1885/212 213/1886/213 2466/1829/2464
f 2466/1829/2464 213/1886/213 214/1887/214 2481/1844/2479
f 2481/1844/2479 214/1887/214 215/1888/215 2496/1859/2494
f 2496/1859/2494 215/1888/215 216/1889/216 2511/1874/2509
f 2511/1874/2509 216/1889/216 15/1890/15 666/1891/666
f 2510/1873/2508 2511/1874/2509 666/1891/666 665/1892/665
f 2509/1872/2507 2510/1873/2508 665/1892/665 664/1893/664
f 2508/1871/2506 2509/1872/2507 664/1893/664 663/1894/663
f 2507/1870/2505 2508/1871/2506 663/1894/663 662/1895/662
f 2506/1869/2504 2507/1870/2505 662/1895/662 661/1896/661
f 2505/1868/2503 2506/1869/2504 661/1896/661 660/1897/660
f 2504/1867/2502 2505/1868/2503 660/1897/660 659/1898/659
f 2503/1866/2501 2504/1867/2502 659/1898/659 658/1899/658
f 2502/1865/2500 2503/1866/2501 658/1899/658 657/1900/657
f 2501/1864/2499 2502/1865/2500 657/1900/657 656/1901/656
f 2500/1863/2498 2501/1864/2499 656/1901/656 655/1902/655
f 2499/1862/2497 2500/1863/2498 655/1902/655 654/1903/654
f 2498/1860/2496 2499/1862/2497 654/1903/654 653/1904/653
f 2497/1861/2495 2498/1860/2496 653/1904/653 652/1905/652
f 141/530/141 2497/1861/2495 652/1905/652 9/531/9
f 140/529/140 2482/1846/2480 2497/1861/2495 141/530/141
f 139/528/139 2467/1831/2465 2482/1846/2480 140/529/140
f 138/527/138 2452/1816/2450 2467/1831/2465 139/528/139
f 137/526/137 2437/1801/2435 2452/1816/2450 138/527/138
f 136/525/136 2422/1786/2421 2437/1801/2435 137/526/137
f 135/524/135 2407/1771/2406 2422/1786/2421 136/525/136
f 134/523/134 2392/1756/2391 2407/1771/2406 135/524/135
f 133/522/133 2377/1741/2376 2392/1756/2391 134/523/134
f 132/521/132 2362/1726/2361 2377/1741/2376 133/522/133
f 131/520/131 2347/1711/2346 2362/1726/2361 132/521/132
f 130/519/130 2332/1696/2331 2347/1711/2346 131/520/131
f 129/518/129 2317/1681/2316 2332/1696/2331 130/519/130
f 128/517/128 2302/1653/2301 2317/1681/2316 129/518/129
f 127/516/127 2287/1650/2286 2302/1653/2301 128/517/128
f 2512/1906/2510 2513/1907/2511 2528/1908/2526 2527/1909/2525
f 2513/1907/2511 2514/1910/2512 2529/1911/2527 2528/1908/2526
f 2514/1910/2512 2515/1912/2513 2530/1913/2528 2529/1911/2527
f 2515/1912/2513 2516/1914/2514 2531/1915/2529 2530/1913/2528
f 2516/1914/2514 2517/1916/2515 2532/1917/2530 2531/1915/2529
f 2517/1916/2515 2518/1918/2516 2533/1919/2531 2532/1917/2530
f 2518/1918/2516 2519/1920/2517 2534/1921/2532 2533/1919/2531
f 2519/1920/2517 2520/1922/2518 2535/1923/2533 2534/1921/2532
f 2520/1922/2518 2521/1924/2519 2536/1925/2534 2535/1923/2533
f 2521/1924/2519 2522/1926/2520 2537/1927/2535 2536/1925/2534
f 2522/1926/2520 2523/1928/2521 2538/1929/2536 2537/1927/2535
f 2523/1928/2521 2524/1930/2522 2539/1931/2537 2538/1929/2536
f 2524/1930/2522 2525/1932/2523 2540/1933/2538 2539/1931/2537
f 2525/1932/2523 2526/1934/2524 2541/1935/2539 2540/1933/2538
f 2527/1909/2525 2528/1908/2526 2543/1936/2541 2542/1937/2540
f 2528/1908/2526 2529/1911/2527 2544/1938/2542 2543/1936/2541
f 2529/1911/2527 2530/1913/2528 2545/1939/2543 2544/1938/2542
f 2530/1913/2528 2531/1915/2529 2546/1940/2544 2545/1939/2543
f 2531/1915/2529 2532/1917/2530 2547/1941/2545 2546/1940/2544
f 2532/1917/2530 2533/1919/2531 2548/1942/2546 2547/1941/2545
f 2533/1919/2531 2534/1921/2532 2549/1943/2547 2548/1942/2546
f 2534/1921/2532 2535/1923/2533 2550/1944/2548 2549/1943/2547
f 2535/1923/2533 2536/1925/2534 2551/1945/2549 2550/1944/2548
f 2536/1925/2534 2537/1927/2535 2552/1946/2550 2551/1945/2549
f 2537/1927/2535 2538/1929/2536 2553/1947/2551 2552/1946/2550
f 2538/1929/2536 2539/1931/2537 2554/1948/2552 2553/1947/2551
f 2539/1931/2537 2540/1933/2538 2555/1949/2553 2554/1948/2552
f 2540/1933/2538 2541/1935/2539 2556/1950/2554 2555/1949/2553
f 2542/1937/2540 2543/1936/2541 2558/1951/2556 2557/1952/2555
f 2543/1936/2541 2544/1938/2542 2559/1953/2557 2558/1951/2556
f 2544/1938/2542 2545/1939/2543 2560/1954/2558 2559/1953/2557
f 2545/1939/2543 2546/1940/2544 2561/1955/2559 2560/1954/2558
f 2546/1940/2544 2547/1941/2545 2562/1956/2560 2561/1955/2559
f 2547/1941/2545 2548/1942/2546 2563/1957/2561 2562/1956/2560
f 2548/1942/2546 2549/1943/2547 2564/1958/2562 2563/1957/2561
f 2549/1943/2547 2550/1944/2548 2565/1959/2563 2564/1958/2562
f 2550/1944/2548 2551/1945/2549 2566/1960/2564 2565/1959/2563
f 2551/1945/2549 2552/1946/2550 2567/1961/2565 2566/1960/2564
f 2552/1946/2550 2553/1947/2551 2568/1962/2566 2567/1961/2565
f 2553/1947/2551 2554/1948/2552 2569/1963/2567 2568/1962/2566
f 2554/1948/2552 2555/1949/2553 2570/1964/2568 2569/1963/2567
f 2555/1949/2553 2556/1950/2554 2571/1965/2569 2570/1964/2568
f 2557/1952/2555 2558/1951/2556 2573/1966/2571 2572/1967/2570
f 2558/1951/2556 2559/1953/2557 2574/1968/2572 2573/1966/2571
f 2559/1953/2557 2560/1954/2558 2575/1969/2573 2574/1968/2572
f 2560/1954/2558 2561/1955/2559 2576/1970/2574 2575/1969/2573
f 2561/1955/2559 2562/1956/2560 2577/1971/2575 2576/1970/2574
f 2562/1956/2560 2563/1957/2561 2578/1972/2576 2577/1971/2575
f 2563/1957/2561 2564/1958/2562 2579/1973/2577 2578/1972/2576
f 2564/1958/2562 2565/1959/2563 2580/1974/2578 2579/1973/2577
f 2565/1959/2563 2566/1960/2564 2581/1975/2579 2580/1974/2578
f 2566/1960/2564 2567/1961/2565 2582/1976/2580 2581/1975/2579
f 2567/1961/2565 2568/1962/2566 2583/1977/2581 2582/1976/2580
f 2568/1962/2566 2569/1963/2567 2584/1978/2582 2583/1977/2581
f 2569/1963/2567 2570/1964/2568 2585/1979/2583 2584/1978/2582
f 2570/1964/2568 2571/1965/2569 2586/1980/2584 2585/1979/2583
f 2572/1967/2570 2573/1966/2571 2588/1981/2586 2587/1982/2585
f 2573/1966/2571 2574/1968/2572 2589/1983/2587 2588/1981/2586
f 2574/1968/2572 2575/1969/2573 2590/1984/2588 2589/1983/2587
f 2575/1969/2573 2576/1970/2574 2591/1985/2589 2590/1984/2588
f 2576/1970/2574 2577/1971/2575 2592/1986/2590 2591/1985/2589
f 2577/1971/2575 2578/1972/2576 2593/1987/2591 2592/1986/2590
f 2578/1972/2576 2579/1973/2577 2594/1988/2592 2593/1987/2591
f 2579/1973/2577 2580/1974/2578 2595/1989/2593 2594/1988/2592
f 2580/1974/2578 2581/1975/2579 2596/1990/2594 2595/1989/2593
f 2581/1975/2579 2582/1976/2580 2597/1991/2595 2596/1990/2594
f 2582/1976/2580 2583/1977/2581 2598/1992/2596 2597/1991/2595
f 2583/1977/2581 2584/1978/2582 2599/1993/2597 2598/1992/2596
f 2584/1978/2582 2585/1979/2583 2600/1994/2598 2599/1993/2597
f 2585/1979/2583 2586/1980/2584 2601/1995/2599 2600/1994/2598
f 2587/1982/2585 2588/1981/2586 2603/1996/2601 2602/1997/2600
f 2588/1981/2586 2589/1983/2587 2604/1998/2602 2603/1996/2601
f 2589/1983/2587 2590/1984/2588 2605/1999/2603 2604/1998/2602
f 2590/1984/2588 2591/1985/2589 2606/2000/2604 2605/1999/2603
f 2591/1985/2589 2592/1986/2590 2607/2001/2605 2606/2000/2604
f 2592/1986/2590 2593/1987/2591 2608/2002/2606 2607/2001/2605
f 2593/1987/2591 2594/1988/2592 2609/2003/2607 2608/2002/2606
f 2594/1988/2592 2595/1989/2593 2610/2004/2608 2609/2003/2607
f 2595/1989/2593 2596/1990/2594 2611/2005/2609 2610/2004/2608
f 2596/1990/2594 2597/1991/2595 2612/2006/2610 2611/2005/2609
f 2597/1991/2595 2598/1992/2596 2613/2007/2611 2612/2006/2610
f 2598/1992/2596 2599/1993/2597 2614/2008/2612 2613/2007/2611
f 2599/1993/2597 2600/1994/2598 2615/2009/2613 2614/2008/2612
f 2600/1994/2598 2601/1995/2599 2616/2010/2614 2615/2009/2613
f 2602/1997/2600 2603/1996/2601 2618/2011/2616 2617/2012/2615
f 2603/1996/2601 2604/1998/2602 2619/2013/2617 2618/2011/2616
f 2604/1998/2602 2605/1999/2603 2620/2014/2618 2619/2013/2617
f 2605/1999/2603 2606/2000/2604 2621/2015/2619 2620/2014/2618
f 2606/2000/2604 2607/2001/2605 2622/2016/2620 2621/2015/2619
f 2607/2001/2605 2608/2002/2606 2623/2017/2621 2622/2016/2620
f 2608/2002/2606 2609/2003/2607 2624/2018/2622 2623/2017/2621
f 2609/2003/2607 2610/2004/2608 2625/2019/2623 2624/2018/2622
f 2610/2004/2608 2611/2005/2609 2626/2020/2624 2625/2019/2623
f 2611/2005/2609 2612/2006/2610 2627/2021/2625 2626/2020/2624
f 2612/2006/2610 2613/2007/2611 2628/2022/2626 2627/2021/2625
f 2613/2007/2611 2614/2008/2612 2629/2023/2627 2628/2022/2626
f 2614/2008/2612 2615/2009/2613 2630/2024/2628 2629/2023/2627
f 2615/2009/2613 2616/2010/2614 2631/2025/2629 2630/2024/2628
f 2617/2012/2615 2618/2011/2616 2633/2026/2631 2632/2027/2630
f 2618/2011/2616 2619/2013/2617 2634/2028/2632 2633/2026/2631
f 2619/2013/2617 2620/2014/2618 2635/2029/2633 2634/2028/2632
f 2620/2014/2618 2621/2015/2619 2636/2030/2634 2635/2029/2633
f 2621/2015/2619 2622/2016/2620 2637/2031/2635 2636/2030/2634
f 2622/2016/2620 2623/2017/2621 2638/2032/2636 2637/2031/2635
f 2623/2017/2621 2624/2018/2622 2639/2033/2637 2638/2032/2636
f 2624/2018/2622 2625/2019/2623 2640/2034/2638 2639/2033/2637
f 2625/2019/2623 2626/2020/2624 2641/2035/2639 2640/2034/2638
f 2626/2020/2624 2627/2021/2625 2642/2036/2640 2641/2035/2639
f 2627/2021/2625 2628/2022/2626 2643/2037/2641 2642/2036/2640
f 2628/2022/2626 2629/2023/2627 2644/2038/2642 2643/2037/2641
f 2629/2023/2627 2630/2024/2628 2645/2039/2643 2644/2038/2642
f 2630/2024/2628 2631/2025/2629 2646/2040/2644 2645/2039/2643
f 2632/2027/2630 2633/2026/2631 2648/2041/2646 2647/2042/2645
f 2633/2026/2631 2634/2028/2632 2649/2043/2647 2648/2041/2646
f 2634/2028/2632 2635/2029/2633 2650/2044/2648 2649/2043/2647
f 2635/2029/2633 2636/2030/2634 2651/2045/2649 2650/2044/2648
f 2636/2030/2634 2637/2031/2635 2652/2046/2650 2651/2045/2649
f 2637/2031/2635 2638/2032/2636 2653/2047/2651 2652/2046/2650
f 2638/2032/2636 2639/2033/2637 2654/2048/2652 2653/2047/2651
f 2639/2033/2637 2640/2034/2638 2655/2049/2653 2654/2048/2652
f 2640/2034/2638 2641/2035/2639 2656/2050/2654 2655/2049/2653
f 2641/2035/2639 2642/2036/2640 2657/2051/2655 2656/2050/2654
f 2642/2036/2640 2643/2037/2641 2658/2052/2656 2657/2051/2655
f 2643/2037/2641 2644/2038/2642 2659/2053/2657 2658/2052/2656
f 2644/2038/2642 2645/2039/2643 2660/2054/2658 2659/2053/2657
f 2645/2039/2643 2646/2040/2644 2661/2055/2659 2660/2054/2658
f 2647/2042/2645 2648/2041/2646 2663/2056/2661 2662/2057/2660
f 2648/2041/2646 2649/2043/2647 2664/2058/2662 2663/2056/2661
f 2649/2043/2647 2650/2044/2648 2665/2059/2663 2664/2058/2662
f 2650/2044/2648 2651/2045/2649 2666/2060/2664 2665/2059/2663
f 2651/2045/2649 2652/2046/2650 2667/2061/2665 2666/2060/2664
f 2652/2046/2650 2653/2047/2651 2668/2062/2666 2667/2061/2665
f 2653/2047/2651 2654/2048/2652 2669/2063/2667 2668/2062/2666
f 2654/2048/2652 2655/2049/2653 2670/2064/2668 2669/2063/2667
f 2655/2049/2653 2656/2050/2654 2671/2065/2669 2670/2064/2668
f 2656/2050/2654 2657/2051/2655 2672/2066/2670 2671/2065/2669
f 2657/2051/2655 2658/2052/2656 2673/2067/2671 2672/2066/2670
f 2658/2052/2656 2659/2053/2657 2674/2068/2672 2673/2067/2671
f 2659/2053/2657 2660/2054/2658 2675/2069/2673 2674/2068/2672
f 2660/2054/2658 2661/2055/2659 2676/2070/2674 2675/2069/2673
f 2662/2057/2660 2663/2056/2661 2678/2071/2676 2677/2072/2675
f 2663/2056/2661 2664/2058/2662 2679/2073/2677 2678/2071/2676
f 2664/2058/2662 2665/2059/2663 2680/2074/2678 2679/2073/2677
f 2665/2059/2663 2666/2060/2664 2681/2075/2679 2680/2074/2678
f 2666/2060/2664 2667/2061/2665 2682/2076/2680 2681/2075/2679
f 2667/2061/2665 2668/2062/2666 2683/2077/2681 2682/2076/2680
f 2668/2062/2666 2669/2063/2667 2684/2078/2682 2683/2077/2681
f 2669/2063/2667 2670/2064/2668 2685/2079/2683 2684/2078/2682
f 2670/2064/2668 2671/2065/2669 2686/2080/2684 2685/2079/2683
f 2671/2065/2669 2672/2066/2670 2687/2081/2685 2686/2080/2684
f 2672/2066/2670 2673/2067/2671 2688/2082/2686 2687/2081/2685
f 2673/2067/2671 2674/2068/2672 2689/2083/2687 2688/2082/2686
f 2674/2068/2672 2675/2069/2673 2690/2084/2688 2689/2083/2687
f 2675/2069/2673 2676/2070/2674 2691/2085/2689 2690/2084/2688
f 2677/2072/2675 2678/2071/2676 2693/2086/2691 2692/2087/2690
f 2678/2071/2676 2679/2073/2677 2694/2088/2692 2693/2086/2691
f 2679/2073/2677 2680/2074/2678 2695/2089/2693 2694/2088/2692
f 2680/2074/2678 2681/2075/2679 2696/2090/2694 2695/2089/2693
f 2681/2075/2679 2682/2076/2680 2697/2091/2695 2696/2090/2694
f 2682/2076/2680 2683/2077/2681 2698/2092/2696 2697/2091/2695
f 2683/2077/2681 2684/2078/2682 2699/2093/2697 2698/2092/2696
f 2684/2078/2682 2685/2079/2683 2700/2094/2698 2699/2093/2697
f 2685/2079/2683 2686/2080/2684 2701/2095/2699 2700/2094/2698
f 2686/2080/2684 2687/2081/2685 2702/2096/2700 2701/2095/2699
f 2687/2081/2685 2688/2082/2686 2703/2097/2701 2702/2096/2700
f 2688/2082/2686 2689/2083/2687 2704/2098/2702 2703/2097/2701
f 2689/2083/2687 2690/2084/2688 2705/2099/2703 2704/2098/2702
f 2690/2084/2688 2691/2085/2689 2706/2100/2704 2705/2099/2703
f 2692/2087/2690 2693/2086/2691 2708/2101/2706 2707/2102/2705
f 2693/2086/2691 2694/2088/2692 2709/2103/2707 2708/2101/2706
f 2694/2088/2692 2695/2089/2693 2710/2104/2708 2709/2103/2707
f 2695/2089/2693 2696/2090/2694 2711/2105/2709 2710/2104/2708
f 2696/2090/2694 2697/2091/2695 2712/2106/2710 2711/2105/2709
f 2697/2091/2695 2698/2092/2696 2713/2107/2711 2712/2106/2710
f 2698/2092/2696 2699/2093/2697 2714/2108/2712 2713/2107/2711
f 2699/2093/2697 2700/2094/2698 2715/2109/2713 2714/2108/2712
f 2700/2094/2698 2701/2095/2699 2716/2110/2714 2715/2109/2713
f 2701/2095/2699 2702/2096/2700 2717/2111/2715 2716/2110/2714
f 2702/2096/2700 2703/2097/2701 2718/2112/2716 2717/2111/2715
f 2703/2097/2701 2704/2098/2702 2719/2113/2717 2718/2112/2716
f 2704/2098/2702 2705/2099/2703 2720/2114/2718 2719/2113/2717
f 2705/2099/2703 2706/2100/2704 2721/2115/2719 2720/2114/2718
f 2707/2102/2705 2708/2101/2706 2723/2116/2721 2722/2117/2720
f 2708/2101/2706 2709/2103/2707 2724/2118/2722 2723/2116/2721
f 2709/2103/2707 2710/2104/2708 2725/2119/2723 2724/2118/2722
f 2710/2104/2708 2711/2105/2709 2726/2120/2724 2725/2119/2723
f 2711/2105/2709 2712/2106/2710 2727/2121/2725 2726/2120/2724
f 2712/2106/2710 2713/2107/2711 2728/2122/2726 2727/2121/2725
f 2713/2107/2711 2714/2108/2712 2729/2123/2727 2728/2122/2726
f 2714/2108/2712 2715/2109/2713 2730/2124/2728 2729/2123/2727
f 2715/2109/2713 2716/2110/2714 2731/2125/2729 2730/2124/2728
f 2716/2110/2714 2717/2111/2715 2732/2126/2730 2731/2125/2729
f 2717/2111/2715 2718/2112/2716 2733/2127/2731 2732/2126/2730
f 2718/2112/2716 2719/2113/2717 2734/2128/2732 2733/2127/2731
f 2719/2113/2717 2720/2114/2718 2735/2129/2733 2734/2128/2732
f 2720/2114/2718 2721/2115/2719 2736/2130/2734 2735/2129/2733
f 9/531/9 652/1905/652 2512/1906/2510 142/788/142
f 652/1905/652 653/1904/653 2513/1907/2511 2512/1906/2510
f 653/1904/653 654/1903/654 2514/1910/2512 2513/1907/2511
f 654/1903/654 655/1902/655 2515/1912/2513 2514/1910/2512
f 655/1902/655 656/1901/656 2516/1914/2514 2515/1912/2513
f 656/1901/656 657/1900/657 2517/1916/2515 2516/1914/2514
f 657/1900/657 658/1899/658 2518/1918/2516 2517/1916/2515
f 658/1899/658 659/1898/659 2519/1920/2517 2518/1918/2516
f 659/1898/659 660/1897/660 2520/1922/2518 2519/1920/2517
f 660/1897/660 661/1896/661 2521/1924/2519 2520/1922/2518
f 661/1896/661 662/1895/662 2522/1926/2520 2521/1924/2519
f 662/1895/662 663/1894/663 2523/1928/2521 2522/1926/2520
f 663/1894/663 664/1893/664 2524/1930/2522 2523/1928/2521
f 664/1893/664 665/1892/665 2525/1932/2523 2524/1930/2522
f 665/1892/665 666/1891/666 2526/1934/2524 2525/1932/2523
f 666/1891/666 15/1890/15 217/2131/217 2526/1934/2524
f 2526/1934/2524 217/2131/217 218/2132/218 2541/1935/2539
f 2541/1935/2539 218/2132/218 219/2133/219 2556/1950/2554
f 2556/1950/2554 219/2133/219 220/2134/220 2571/1965/2569
f 2571/1965/2569 220/2134/220 221/2135/221 2586/1980/2584
f 2586/1980/2584 221/2135/221 222/2136/222 2601/1995/2599
f 2601/1995/2599 222/2136/222 223/2137/223 2616/2010/2614
f 2616/2010/2614 223/2137/223 224/2138/224 2631/2025/2629
f 2631/2025/2629 224/2138/224 225/2139/225 2646/2040/2644
f 2646/2040/2644 225/2139/225 226/2140/226 2661/2055/2659
f 2661/2055/2659 226/2140/226 227/2141/227 2676/2070/2674
f 2676/2070/2674 227/2141/227 228/2142/228 2691/2085/2689
f 2691/2085/2689 228/2142/228 229/2143/229 2706/2100/2704
f 2706/2100/2704 229/2143/229 230/2144/230 2721/2115/2719
f 2721/2115/2719 230/2144/230 231/2145/231 2736/2130/2734
f 2736/2130/2734 231/2145/231 16/2146/16 741/2147/741
f 2735/2129/2733 2736/2130/2734 741/2147/741 740/2148/740
f 2734/2128/2732 2735/2129/2733 740/2148/740 739/2149/739
f 2733/2127/2731 2734/2128/2732 739/2149/739 738/2150/738
f 2732/2126/2730 2733/2127/2731 738/2150/738 737/2151/737
f 2731/2125/2729 2732/2126/2730 737/2151/737 736/2152/736
f 2730/2124/2728 2731/2125/2729 736/2152/736 735/2153/735
f 2729/2123/2727 2730/2124/2728 735/2153/735 734/2154/734
f 2728/2122/2726 2729/2123/2727 734/2154/734 733/2155/733
f 2727/2121/2725 2728/2122/2726 733/2155/733 732/2156/732
f 2726/2120/2724 2727/2121/2725 732/2156/732 731/2157/731
f 2725/2119/2723 2726/2120/2724 731/2157/731 730/2158/730
f 2724/2118/2722 2725/2119/2723 730/2158/730 729/2159/729
f 2723/2116/2721 2724/2118/2722 729/2159/729 728/2160/728
f 2722/2117/2720 2723/2116/2721 728/2160/728 727/2161/727
f 156/802/156 2722/2117/2720 727/2161/727 10/803/10
f 155/801/155 2707/2102/2705 2722/2117/2720 156/802/156
f 154/800/154 2692/2087/2690 2707/2102/2705 155/801/155
f 153/799/153 2677/2072/2675 2692/2087/2690 154/800/154
f 152/798/152 2662/2057/2660 2677/2072/2675 153/799/153
f 151/797/151 2647/2042/2645 2662/2057/2660 152/798/152
f 150/796/150 2632/2027/2630 2647/2042/2645 151/797/151
f 149/795/149 2617/2012/2615 2632/2027/2630 150/796/150
f 148/794/148 2602/1997/2600 2617/2012/2615 149/795/149
f 147/793/147 2587/1982/2585 2602/1997/2600 148/794/148
f 146/792/146 2572/1967/2570 2587/1982/2585 147/793/147
f 145/791/145 2557/1952/2555 2572/1967/2570 146/792/146
f 144/790/144 2542/1937/2540 2557/1952/2555 145/791/145
f 143/789/143 2527/1909/2525 2542/1937/2540 144/790/144
f 142/788/142 2512/1906/2510 2527/1909/2525 143/789/143
f 2737/2162/2735 2738/2163/2736 2753/2164/2751 2752/2165/2750
f 2738/2163/2736 2739/2166/2737 2754/2167/2752 2753/2164/2751
f 2739/2166/2737 2740/2168/2738 2755/2169/2753 2754/2167/2752
f 2740/2168/2738 2741/2170/2739 2756/2171/2754 2755/2169/2753
f 2741/2170/2739 2742/2172/2740 2757/2173/2755 2756/2171/2754
f 2742/2172/2740 2743/2174/2741 2758/2175/2756 2757/2173/2755
f 2743/2174/2741 2744/2176/2742 2759/2177/2757 2758/2175/2756
f 2744/2176/2742 2745/2178/2743 2760/2179/2758 2759/2177/2757
f 2745/2178/2743 2746/2180/2744 2761/2181/2759 2760/2179/2758
f 2746/2180/2744 2747/2182/2745 2762/2183/2760 2761/2181/2759
f 2747/2182/2745 2748/2184/2746 2763/2185/2761 2762/2183/2760
f 2748/2184/2746 2749/2186/2747 2764/2187/2762 2763/2185/2761
f 2749/2186/2747 2750/2188/2748 2765/2189/2763 2764/2187/2762
f 2750/2188/2748 2751/2190/2749 2766/2191/2764 2765/2189/2763
f 2752/2165/2750 2753/2164/2751 2768/2192/2766 2767/2193/2765
f 2753/2164/2751 2754/2167/2752 2769/2194/2767 2768/2192/2766
f 2754/2167/2752 2755/2169/2753 2770/2195/2768 2769/2194/2767
f 2755/2169/2753 2756/2171/2754 2771/2196/2769 2770/2195/2768
f 2756/2171/2754 2757/2173/2755 2772/2197/2770 2771/2196/2769
f 2757/2173/2755 2758/2175/2756 2773/2198/2771 2772/2197/2770
f 2758/2175/2756 2759/2177/2757 2774/2199/2772 2773/2198/2771
f 2759/2177/2757 2760/2179/2758 2775/2200/2773 2774/2199/2772
f 2760/2179/2758 2761/2181/2759 2776/2201/2774 2775/2200/2773
f 2761/2181/2759 2762/2183/2760 2777/2202/2775 2776/2201/2774
f 2762/2183/2760 2763/2185/2761 2778/2203/2776 2777/2202/2775
f 2763/2185/2761 2764/2187/2762 2779/2204/2777 2778/2203/2776
f 2764/2187/2762 2765/2189/2763 2780/2205/2778 2779/2204/2777
f 2765/2189/2763 2766/2191/2764 2781/2206/2779 2780/2205/2778
f 2767/2193/2765 2768/2192/2766 2783/2207/2781 2782/2208/2780
f 2768/2192/2766 2769/2194/2767 2784/2209/2782 2783/2207/2781
f 2769/2194/2767 2770/2195/2768 2785/2210/2783 2784/2209/2782
f 2770/2195/2768 2771/2196/2769 2786/2211/2784 2785/2210/2783
f 2771/2196/2769 2772/2197/2770 2787/2212/2785 2786/2211/2784
f 2772/2197/2770 2773/2198/2771 2788/2213/2786 2787/2212/2785
f 2773/2198/2771 2774/2199/2772 2789/2214/2787 2788/2213/2786
f 2774/2199/2772 2775/2200/2773 2790/2215/2788 2789/2214/2787
f 2775/2200/2773 2776/2201/2774 2791/2216/2789 2790/2215/2788
f 2776/2201/2774 2777/2202/2775 2792/2217/2790 2791/2216/2789
f 2777/2202/2775 2778/2203/2776 2793/2218/2791 2792/2217/2790
f 2778/2203/2776 2779/2204/2777 2794/2219/2792 2793/2218/2791
f 2779/2204/2777 2780/2205/2778 2795/2220/2793 2794/2219/2792
f 2780/2205/2778 2781/2206/2779 2796/2221/2794 2795/2220/2793
f 2782/2208/2780 2783/2207/2781 2798/2222/2796 2797/2223/2795
f 2783/2207/2781 2784/2209/2782 2799/2224/2797 2798/2222/2796
f 2784/2209/2782 2785/2210/2783 2800/2225/2798 2799/2224/2797
f 2785/2210/2783 2786/2211/2784 2801/2226/2799 2800/2225/2798
f 2786/2211/2784 2787/2212/2785 2802/2227/2800 2801/2226/2799
f 2787/2212/2785 2788/2213/2786 2803/2228/2801 2802/2227/2800
f 2788/2213/2786 2789/2214/2787 2804/2229/2802 2803/2228/2801
f 2789/2214/2787 2790/2215/2788 2805/2230/2803 2804/2229/2802
f 2790/2215/2788 2791/2216/2789 2806/2231/2804 2805/2230/2803
f 2791/2216/2789 2792/2217/2790 2807/2232/2805 2806/2231/2804
f 2792/2217/2790 2793/2218/2791 2808/2233/2806 2807/2232/2805
f 2793/2218/2791 2794/2219/2792 2809/2234/2807 2808/2233/2806
f 2794/2219/2792 2795/2220/2793 2810/2235/2808 2809/2234/2807
f 2795/2220/2793 2796/2221/2794 2811/2236/2809 2810/2235/2808
f 2797/2223/2795 2798/2222/2796 2813/2237/2811 2812/2238/2810
f 2798/2222/2796 2799/2224/2797 2814/2239/2812 2813/2237/2811
f 2799/2224/2797 2800/2225/2798 2815/2240/2813 2814/2239/2812
f 2800/2225/2798 2801/2226/2799 2816/2241/2814 2815/2240/2813
f 2801/2226/2799 2802/2227/2800 2817/2242/2815 2816/2241/2814
f 2802/2227/2800 2803/2228/2801 2818/2243/2816 2817/2242/2815
f 2803/2228/2801 2804/2229/2802 2819/2244/2817 2818/2243/2816
f 2804/2229/2802 2805/2230/2803 2820/2245/2818 2819/2244/2817
f 2805/2230/2803 2806/2231/2804 2821/2246/2819 2820/2245/2818
f 2806/2231/2804 2807/2232/2805 2822/2247/2820 2821/2246/2819
f 2807/2232/2805 2808/2233/2806 2823/2248/2821 2822/2247/2820
f 2808/2233/2806 2809/2234/2807 2824/2249/2822 2823/2248/2821
f 2809/2234/2807 2810/2235/2808 2825/2250/2823 2824/2249/2822
f 2810/2235/2808 2811/2236/2809 2826/2251/2824 2825/2250/2823
f 2812/2238/2810 2813/2237/2811 2828/2252/2826 2827/2253/2825
f 2813/2237/2811 2814/2239/2812 2829/2254/2827 2828/2252/2826
f 2814/2239/2812 2815/2240/2813 2830/2255/2828 2829/2254/2827
f 2815/2240/2813 2816/2241/2814 2831/2256/2829 2830/2255/2828
f 2816/2241/2814 2817/2242/2815 2832/2257/2830 2831/2256/2829
f 2817/2242/2815 2818/2243/2816 2833/2258/2831 2832/2257/2830
f 2818/2243/2816 2819/2244/2817 2834/2259/2832 2833/2258/2831
f 2819/2244/2817 2820/2245/2818 2835/2260/2833 2834/2259/2832
f 2820/2245/2818 2821/2246/2819 2836/2261/2834 2835/2260/2833
f 2821/2246/2819 2822/2247/2820 2837/2262/2835 2836/2261/2834
f 2822/2247/2820 2823/2248/2821 2838/2263/2836 2837/2262/2835
f 2823/2248/2821 2824/2249/2822 2839/2264/2837 2838/2263/2836
f 2824/2249/2822 2825/2250/2823 2840/2265/2838 2839/2264/2837
f 2825/2250/2823 2826/2251/2824 2841/2266/2839 2840/2265/2838
f 2827/2253/2825 2828/2252/2826 2843/2267/2841 2842/2268/2840
f 2828/2252/2826 2829/2254/2827 2844/2269/2842 2843/2267/2841
f 2829/2254/2827 2830/2255/2828 2845/2270/2843 2844/2269/2842
f 2830/2255/2828 2831/2256/2829 2846/2271/2844 2845/2270/2843
f 2831/2256/2829 2832/2257/2830 2847/2272/2845 2846/2271/2844
f 2832/2257/2830 2833/2258/2831 2848/2273/2846 2847/2272/2845
f 2833/2258/2831 2834/2259/2832 2849/2274/2847 2848/2273/2846
f 2834/2259/2832 2835/2260/2833 2850/2275/2848 2849/2274/2847
f 2835/2260/2833 2836/2261/2834 2851/2276/2849 2850/2275/2848
f 2836/2261/2834 2837/2262/2835 2852/2277/2850 2851/2276/2849
f 2837/2262/2835 2838/2263/2836 2853/2278/2851 2852/2277/2850
f 2838/2263/2836 2839/2264/2837 2854/2279/2852 2853/2278/2851
f 2839/2264/2837 2840/2265/2838 2855/2280/2853 2854/2279/2852
f 2840/2265/2838 2841/2266/2839 2856/2281/2854 2855/2280/2853
f 2842/2268/2840 2843/2267/2841 2858/2282/2856 2857/2283/2855
f 2843/2267/2841 2844/2269/2842 2859/2284/2857 2858/2282/2856
f 2844/2269/2842 2845/2270/2843 2860/2285/2858 2859/2284/2857
f 2845/2270/2843 2846/2271/2844 2861/2286/2859 2860/2285/2858
f 2846/2271/2844 2847/2272/2845 2862/2287/2860 2861/2286/2859
f 2847/2272/2845 2848/2273/2846 2863/2288/2861 2862/2287/2860
f 2848/2273/2846 2849/2274/2847 2864/2289/2862 2863/2288/2861
f 2849/2274/2847 2850/2275/2848 2865/2290/2863 2864/2289/2862
f 2850/2275/2848 2851/2276/2849 2866/2291/2864 2865/2290/2863
f 2851/2276/2849 2852/2277/2850 2867/2292/2865 2866/2291/2864
f 2852/2277/2850 2853/2278/2851 2868/2293/2866 2867/2292/2865
f 2853/2278/2851 2854/2279/2852 2869/2294/2867 2868/2293/2866
f 2854/2279/2852 2855/2280/2853 2870/2295/2868 2869/2294/2867
f 2855/2280/2853 2856/2281/2854 2871/2296/2869 2870/2295/2868
f 2857/2283/2855 2858/2282/2856 2873/2297/2871 2872/2298/2870
f 2858/2282/2856 2859/2284/2857 2874/2299/2872 2873/2297/2871
f 2859/2284/2857 2860/2285/2858 2875/2300/2873 2874/2299/2872
f 2860/2285/2858 2861/2286/2859 2876/2301/2874 2875/2300/2873
f 2861/2286/2859 2862/2287/2860 2877/2302/2875 2876/2301/2874
f 2862/2287/2860 2863/2288/2861 2878/2303/2876 2877/2302/2875
f 2863/2288/2861 2864/2289/2862 2879/2304/2877 2878/2303/2876
f 2864/2289/2862 2865/2290/2863 2880/2305/2878 2879/2304/2877
f 2865/2290/2863 2866/2291/2864 2881/2306/2879 2880/2305/2878
f 2866/2291/2864 2867/2292/2865 2882/2307/2880 2881/2306/2879
f 2867/2292/2865 2868/2293/2866 2883/2308/2881 2882/2307/2880
f 2868/2293/2866 2869/2294/2867 2884/2309/2882 2883/2308/2881
f 2869/2294/2867 2870/2295/2868 2885/2310/2883 2884/2309/2882
f 2870/2295/2868 2871/2296/2869 2886/2311/2884 2885/2310/2883
f 2872/2298/2870 2873/2297/2871 2888/2312/2886 2887/2313/2885
f 2873/2297/2871 2874/2299/2872 2889/2314/2887 2888/2312/2886
f 2874/2299/2872 2875/2300/2873 2890/2315/2888 2889/2314/2887
f 2875/2300/2873 2876/2301/2874 2891/2316/2889 2890/2315/2888
f 2876/2301/2874 2877/2302/2875 2892/2317/2890 2891/2316/2889
f 2877/2302/2875 2878/2303/2876 2893/2318/2891 2892/2317/2890
f 2878/2303/2876 2879/2304/2877 2894/2319/2892 2893/2318/2891
f 2879/2304/2877 2880/2305/2878 2895/2320/2893 2894/2319/2892
f 2880/2305/2878 2881/2306/2879 2896/2321/2894 2895/2320/2893
f 2881/2306/2879 2882/2307/2880 2897/2322/2895 2896/2321/2894
f 2882/2307/2880 2883/2308/2881 2898/2323/2896 2897/2322/2895
f 2883/2308/2881 2884/2309/2882 2899/2324/2897 2898/2323/2896
f 2884/2309/2882 2885/2310/2883 2900/2325/2898 2899/2324/2897
f 2885/2310/2883 2886/2311/2884 2901/2326/2899 2900/2325/2898
f 2887/2313/2885 2888/2312/2886 2903/2327/2901 2902/2328/2900
f 2888/2312/2886 2889/2314/2887 2904/2329/2902 2903/2327/2901
f 2889/2314/2887 2890/2315/2888 2905/2330/2903 2904/2329/2902
f 2890/2315/2888 2891/2316/2889 2906/2331/2904 2905/2330/2903
f 2891/2316/2889 2892/2317/2890 2907/2332/2905 2906/2331/2904
f 2892/2317/2890 2893/2318/2891 2908/2333/2906 2907/2332/2905
f 2893/2318/2891 2894/2319/2892 2909/2334/2907 2908/2333/2906
f 2894/2319/2892 2895/2320/2893 2910/2335/2908 2909/2334/2907
f 2895/2320/2893 2896/2321/2894 2911/2336/2909 2910/2335/2908
f 2896/2321/2894 2897/2322/2895 2912/2337/2910 2911/2336/2909
f 2897/2322/2895 2898/2323/2896 2913/2338/2911 2912/2337/2910
f 2898/2323/2896 2899/2324/2897 2914/2339/2912 2913/2338/2911
f 2899/2324/2897 2900/2325/2898 2915/2340/2913 2914/2339/2912
f 2900/2325/2898 2901/2326/2899 2916/2341/2914 2915/2340/2913
f 2902/2328/2900 2903/2327/2901 2918/2342/2916 2917/2343/2915
f 2903/2327/2901 2904/2329/2902 2919/2344/2917 2918/2342/2916
f 2904/2329/2902 2905/2330/2903 2920/2345/2918 2919/2344/2917
f 2905/2330/2903 2906/2331/2904 2921/2346/2919 2920/2345/2918
f 2906/2331/2904 2907/2332/2905 2922/2347/2920 2921/2346/2919
f 2907/2332/2905 2908/2333/2906 2923/2348/2921 2922/2347/2920
f 2908/2333/2906 2909/2334/2907 2924/2349/2922 2923/2348/2921
f 2909/2334/2907 2910/2335/2908 2925/2350/2923 2924/2349/2922
f 2910/2335/2908 2911/2336/2909 2926/2351/2924 2925/2350/2923
f 2911/2336/2909 2912/2337/2910 2927/2352/2925 2926/2351/2924
f 2912/2337/2910 2913/2338/2911 2928/2353/2926 2927/2352/2925
f 2913/2338/2911 2914/2339/2912 2929/2354/2927 2928/2353/2926
f 2914/2339/2912 2915/2340/2913 2930/2355/2928 2929/2354/2927
f 2915/2340/2913 2916/2341/2914 2931/2356/2929 2930/2355/2928
f 2917/2343/2915 2918/2342/2916 2933/2357/2931 2932/2358/2930
f 2918/2342/2916 2919/2344/2917 2934/2359/2932 2933/2357/2931
f 2919/2344/2917 2920/2345/2918 2935/2360/2933 2934/2359/2932
f 2920/2345/2918 2921/2346/2919 2936/2361/2934 2935/2360/2933
f 2921/2346/2919 2922/2347/2920 2937/2362/2935 2936/2361/2934
f 2922/2347/2920 2923/2348/2921 2938/2363/2936 2937/2362/2935
f 2923/2348/2921 2924/2349/2922 2939/2364/2937 2938/2363/2936
f 2924/2349/2922 2925/2350/2923 2940/2365/2938 2939/2364/2937
f 2925/2350/2923 2926/2351/2924 2941/2366/2939 2940/2365/2938
f 2926/2351/2924 2927/2352/2925 2942/2367/2940 2941/2366/2939
f 2927/2352/2925 2928/2353/2926 2943/2368/2941 2942/2367/2940
f 2928/2353/2926 2929/2354/2927 2944/2369/2942 2943/2368/2941
f 2929/2354/2927 2930/2355/2928 2945/2370/2943 2944/2369/2942
f 2930/2355/2928 2931/2356/2929 2946/2371/2944 2945/2370/2943
f 2932/2358/2930 2933/2357/2931 2948/2372/2946 2947/2373/2945
f 2933/2357/2931 2934/2359/2932 2949/2374/2947 2948/2372/2946
f 2934/2359/2932 2935/2360/2933 2950/2375/2948 2949/2374/2947
f 2935/2360/2933 2936/2361/2934 2951/2376/2949 2950/2375/2948
f 2936/2361/2934 2937/2362/2935 2952/2377/2950 2951/2376/2949
f 2937/2362/2935 2938/2363/2936 2953/2378/2951 2952/2377/2950
f 2938/2363/2936 2939/2364/2937 2954/2379/2952 2953/2378/2951
f 2939/2364/2937 2940/2365/2938 2955/2380/2953 2954/2379/2952
f 2940/2365/2938 2941/2366/2939 2956/2381/2954 2955/2380/2953
f 2941/2366/2939 2942/2367/2940 2957/2382/2955 2956/2381/2954
f 2942/2367/2940 2943/2368/2941 2958/2383/2956 2957/2382/2955
f 2943/2368/2941 2944/2369/2942 2959/2384/2957 2958/2383/2956
f 2944/2369/2942 2945/2370/2943 2960/2385/2958 2959/2384/2957
f 2945/2370/2943 2946/2371/2944 2961/2386/2959 2960/2385/2958
f 10/803/10 727/2161/727 2737/2162/2735 157/1060/157
f 727/2161/727 728/2160/728 2738/2163/2736 2737/2162/2735
f 728/2160/728 729/2159/729 2739/2166/2737 2738/2163/2736
f 729/2159/729 730/2158/730 2740/2168/2738 2739/2166/2737
f 730/2158/730 731/2157/731 2741/2170/2739 2740/2168/2738
f 731/2157/731 732/2156/732 2742/2172/2740 2741/2170/2739
f 732/2156/732 733/2155/733 2743/2174/2741 2742/2172/2740
f 733/2155/733 734/2154/734 2744/2176/2742 2743/2174/2741
f 734/2154/734 735/2153/735 2745/2178/2743 2744/2176/2742
f 735/2153/735 736/2152/736 2746/2180/2744 2745/2178/2743
f 736/2152/736 737/2151/737 2747/2182/2745 2746/2180/2744
f 737/2151/737 738/2150/738 2748/2184/2746 2747/2182/2745
f 738/2150/738 739/2149/739 2749/2186/2747 2748/2184/2746
f 739/2149/739 740/2148/740 2750/2188/2748 2749/2186/2747
f 740/2148/740 741/2147/741 2751/2190/2749 2750/2188/2748
f 741/2147/741 16/2146/16 232/2387/232 2751/2190/2749
f 2751/2190/2749 232/2387/232 233/2388/233 2766/2191/2764
f 2766/2191/2764 233/2388/233 234/2389/234 2781/2206/2779
f 2781/2206/2779 234/2389/234 235/2390/235 2796/2221/2794
f 2796/2221/2794 235/2390/235 236/2391/236 2811/2236/2809
f 2811/2236/2809 236/2391/236 237/2392/237 2826/2251/2824
f 2826/2251/2824 237/2392/237 238/2393/238 2841/2266/2839
f 2841/2266/2839 238/2393/238 239/2394/239 2856/2281/2854
f 2856/2281/2854 239/2394/239 240/2395/240 2871/2296/2869
f 2871/2296/2869 240/2395/240 241/2396/241 2886/2311/2884
f 2886/2311/2884 241/2396/241 242/2397/242 2901/2326/2899
f 2901/2326/2899 242/2397/242 243/2398/243 2916/2341/2914
f 2916/2341/2914 243/2398/243 244/2399/244 2931/2356/2929
f 2931/2356/2929 244/2399/244 245/2400/245 2946/2371/2944
f 2946/2371/2944 245/2400/245 246/2401/246 2961/2386/2959
f 2961/2386/2959 246/2401/246 17/2402/17 816/2403/816
f 2960/2385/2958 2961/2386/2959 816/2403/816 815/2404/815
f 2959/2384/2957 2960/2385/2958 815/2404/815 814/2405/814
f 2958/2383/2956 2959/2384/2957 814/2405/814 813/2406/813
f 2957/2382/2955 2958/2383/2956 813/2406/813 812/2407/812
f 2956/2381/2954 2957/2382/2955 812/2407/812 811/2408/811
f 2955/2380/2953 2956/2381/2954 811/2408/811 810/2409/810
f 2954/2379/2952 2955/2380/2953 810/2409/810 809/2410/809
f 2953/2378/2951 2954/2379/2952 809/2410/809 808/2411/808
f 2952/2377/2950 2953/2378/2951 808/2411/808 807/2412/807
f 2951/2376/2949 2952/2377/2950 807/2412/807 806/2413/806
f 2950/2375/2948 2951/2376/2949 806/2413/806 805/2414/805
f 2949/2374/2947 2950/2375/2948 805/2414/805 804/2415/804
f 2948/2372/2946 2949/2374/2947 804/2415/804 803/2416/803
f 2947/2373/2945 2948/2372/2946 803/2416/803 802/2417/802
f 171/1074/171 2947/2373/2945 802/2417/802 11/1075/11
f 170/1073/170 2932/2358/2930 2947/2373/2945 171/1074/171
f 169/1072/169 2917/2343/2915 2932/2358/2930 170/1073/170
f 168/1071/168 2902/2328/2900 2917/2343/2915 169/1072/169
f 167/1070/167 2887/2313/2885 2902/2328/2900 168/1071/168
f 166/1069/166 2872/2298/2870 2887/2313/2885 167/1070/167
f 165/1068/165 2857/2283/2855 2872/2298/2870 166/1069/166
f 164/1067/164 2842/2268/2840 2857/2283/2855 165/1068/165
f 163/1066/163 2827/2253/2825 2842/2268/2840 164/1067/164
f 162/1065/162 2812/2238/2810 2827/2253/2825 163/1066/163
f 161/1064/161 2797/2223/2795 2812/2238/2810 162/1065/162
f 160/1063/160 2782/2208/2780 2797/2223/2795 161/1064/161
f 159/1062/159 2767/2193/2765 2782/2208/2780 160/1063/160
f 158/1061/158 2752/2165/2750 2767/2193/2765 159/1062/159
f 157/1060/157 2737/2162/2735 2752/2165/2750 158/1061/158
f 2962/2418/2960 2963/2419/2961 2978/2420/2976 2977/2421/2975
f 2963/2419/2961 2964/2422/2962 2979/2423/2977 2978/2420/2976
f 2964/2422/2962 2965/2424/2963 2980/2425/2978 2979/2423/2977
f 2965/2424/2963 2966/2426/2964 2981/2427/2979 2980/2425/2978
f 2966/2426/2964 2967/2428/2965 2982/2429/2980 2981/2427/2979
f 2967/2428/2965 2968/2430/2966 2983/2431/2981 2982/2429/2980
f 2968/2430/2966 2969/2432/2967 2984/2433/2982 2983/2431/2981
f 2969/2432/2967 2970/2434/2968 2985/2435/2983 2984/2433/2982
f 2970/2434/2968 2971/2436/2969 2986/2437/2984 2985/2435/2983
f 2971/2436/2969 2972/2438/2970 2987/2439/2985 2986/2437/2984
f 2972/2438/2970 2973/2440/2971 2988/2441/2986 2987/2439/2985
f 2973/2440/2971 2974/2442/2972 2989/2443/2987 2988/2441/2986
f 2974/2442/2972 2975/2444/2973 2990/2445/2988 2989/2443/2987
f 2975/2444/2973 2976/2446/2974 2991/2447/2989 2990/2445/2988
f 2977/2421/2975 2978/2420/2976 2993/2448/2991 2992/2449/2990
f 2978/2420/2976 2979/2423/2977 2994/2450/2992 2993/2448/2991
f 2979/2423/2977 2980/2425/2978 2995/2451/2993 2994/2450/2992
f 2980/2425/2978 2981/2427/2979 2996/2452/2994 2995/2451/2993
f 2981/2427/2979 2982/2429/2980 2997/2453/2995 2996/2452/2994
f 2982/2429/2980 2983/2431/2981 2998/2454/2996 2997/2453/2995
f 2983/2431/2981 2984/2433/2982 2999/2455/2997 2998/2454/2996
f 2984/2433/2982 2985/2435/2983 3000/2456/2998 2999/2455/2997
f 2985/2435/2983 2986/2437/2984 3001/2457/2999 3000/2456/2998
f 2986/2437/2984 2987/2439/2985 3002/2458/3000 3001/2457/2999
f 2987/2439/2985 2988/2441/2986 3003/2459/3001 3002/2458/3000
f 2988/2441/2986 2989/2443/2987 3004/2460/3002 3003/2459/3001
f 2989/2443/2987 2990/2445/2988 3005/2461/3003 3004/2460/3002
f 2990/2445/2988 2991/2447/2989 3006/2462/3004 3005/2461/3003
f 2992/2449/2990 2993/2448/2991 3008/2463/3006 3007/2464/3005
f 2993/2448/2991 2994/2450/2992 3009/2465/3007 3008/2463/3006
f 2994/2450/2992 2995/2451/2993 3010/2466/3008 3009/2465/3007
f 2995/2451/2993 2996/2452/2994 3011/2467/3009 3010/2466/3008
f 2996/2452/2994 2997/2453/2995 3012/2468/3010 3011/2467/3009
f 2997/2453/2995 2998/2454/2996 3013/2469/3011 3012/2468/3010
f 2998/2454/2996 2999/2455/2997 3014/2470/3012 3013/2469/3011
f 2999/2455/2997 3000/2456/2998 3015/2471/3013 3014/2470/3012
f 3000/2456/2998 3001/2457/2999 3016/2472/3014 3015/2471/3013
f 3001/2457/2999 3002/2458/3000 3017/2473/3015 3016/2472/3014
f 3002/2458/3000 3003/2459/3001 3018/2474/3016 3017/2473/3015
f 3003/2459/3001 3004/2460/3002 3019/2475/3017 3018/2474/3016
f 3004/2460/3002 3005/2461/3003 3020/2476/3018 3019/2475/3017
f 3005/2461/3003 3006/2462/3004 3021/2477/3019 3020/2476/3018
f 3007/2464/3005 3008/2463/3006 3023/2478/3021 3022/2479/3020
f 3008/2463/3006 3009/2465/3007 3024/2480/3022 3023/2478/3021
f 3009/2465/3007 3010/2466/3008 3025/2481/3023 3024/2480/3022
f 3010/2466/3008 3011/2467/3009 3026/2482/3024 3025/2481/3023
f 3011/2467/3009 3012/2468/3010 3027/2483/3025 3026/2482/3024
f 3012/2468/3010 3013/2469/3011 3028/2484/3026 3027/2483/3025
f 3013/2469/3011 3014/2470/3012 3029/2485/3027 3028/2484/3026
f 3014/2470/3012 3015/2471/3013 3030/2486/3028 3029/2485/3027
f 3015/2471/3013 3016/2472/3014 3031/2487/3029 3030/2486/3028
f 3016/2472/3014 3017/2473/3015 3032/2488/3030 3031/2487/3029
f 3017/2473/3015 3018/2474/3016 3033/2489/3031 3032/2488/3030
f 3018/2474/3016 3019/2475/3017 3034/2490/3032 3033/2489/3031
f 3019/2475/3017 3020/2476/3018 3035/2491/3033 3034/2490/3032
f 3020/2476/3018 3021/2477/3019 3036/2492/3034 3035/2491/3033
f 3022/2479/3020 3023/2478/3021 3038/2493/3036 3037/2494/3035
f 3023/2478/3021 3024/2480/3022 3039/2495/3037 3038/2493/3036
f 3024/2480/3022 3025/2481/3023 3040/2496/3038 3039/2495/3037
f 3025/2481/3023 3026/2482/3024 3041/2497/3039 3040/2496/3038
f 3026/2482/3024 3027/2483/3025 3042/2498/3040 3041/2497/3039
f 3027/2483/3025 3028/2484/3026 3043/2499/3041 3042/2498/3040
f 3028/2484/3026 3029/2485/3027 3044/2500/3042 3043/2499/3041
f 3029/2485/3027 3030/2486/3028 3045/2501/3043 3044/2500/3042
f 3030/2486/3028 3031/2487/3029 3046/2502/3044 3045/2501/3043
f 3031/2487/3029 3032/2488/3030 3047/2503/3045 3046/2502/3044
f 3032/2488/3030 3033/2489/3031 3048/2504/3046 3047/2503/3045
f 3033/2489/3031 3034/2490/3032 3049/2505/3047 3048/2504/3046
f 3034/2490/3032 3035/2491/3033 3050/2506/3048 3049/2505/3047
f 3035/2491/3033 3036/2492/3034 3051/2507/3049 3050/2506/3048
f 3037/2494/3035 3038/2493/3036 3053/2508/3051 3052/2509/3050
f 3038/2493/3036 3039/2495/3037 3054/2510/3052 3053/2508/3051
f 3039/2495/3037 3040/2496/3038 3055/2511/3053 3054/2510/3052
f 3040/2496/3038 3041/2497/3039 3056/2512/3054 3055/2511/3053
f 3041/2497/3039 3042/2498/3040 3057/2513/3055 3056/2512/3054
f 3042/2498/3040 3043/2499/3041 3058/2514/3056 3057/2513/3055
f 3043/2499/3041 3044/2500/3042 3059/2515/3057 3058/2514/3056
f 3044/2500/3042 3045/2501/3043 3060/2516/3058 3059/2515/3057
f 3045/2501/3043 3046/2502/3044 3061/2517/3059 3060/2516/3058
f 3046/2502/3044 3047/2503/3045 3062/2518/3060 3061/2517/3059
f 3047/2503/3045 3048/2504/3046 3063/2519/3061 3062/2518/3060
f 3048/2504/3046 3049/2505/3047 3064/2520/3062 3063/2519/3061
f 3049/2505/3047 3050/2506/3048 3065/2521/3063 3064/2520/3062
f 3050/2506/3048 3051/2507/3049 3066/2522/3064 3065/2521/3063
f 3052/2509/3050 3053/2508/3051 3068/2523/3066 3067/2524/3065
f 3053/2508/3051 3054/2510/3052 3069/2525/3067 3068/2523/3066
f 3054/2510/3052 3055/2511/3053 3070/2526/3068 3069/2525/3067
f 3055/2511/3053 3056/2512/3054 3071/2527/3069 3070/2526/3068
f 3056/2512/3054 3057/2513/3055 3072/2528/3070 3071/2527/3069
f 3057/2513/3055 3058/2514/3056 3073/2529/3071 3072/2528/3070
f 3058/2514/3056 3059/2515/3057 3074/2530/3072 3073/2529/3071
f 3059/2515/3057 3060/2516/3058 3075/2531/3073 3074/2530/3072
f 3060/2516/3058 3061/2517/3059 3076/2532/3074 3075/2531/3073
f 3061/2517/3059 3062/2518/3060 3077/2533/3075 3076/2532/3074
f 3062/2518/3060 3063/2519/3061 3078/2534/3076 3077/2533/3075
f 3063/2519/3061 3064/2520/3062 3079/2535/3077 3078/2534/3076
f 3064/2520/3062 3065/2521/3063 3080/2536/3078 3079/2535/3077
f 3065/2521/3063 3066/2522/3064 3081/2537/3079 3080/2536/3078
f 3067/2524/3065 3068/2523/3066 3083/2538/3081 3082/2539/3080
f 3068/2523/3066 3069/2525/3067 3084/2540/3082 3083/2538/3081
f 3069/2525/3067 3070/2526/3068 3085/2541/3083 3084/2540/3082
f 3070/2526/3068 3071/2527/3069 3086/2542/3084 3085/2541/3083
f 3071/2527/3069 3072/2528/3070 3087/2543/3085 3086/2542/3084
f 3072/2528/3070 3073/2529/3071 3088/2544/3086 3087/2543/3085
f 3073/2529/3071 3074/2530/3072 3089/2545/3087 3088/2544/3086
f 3074/2530/3072 3075/2531/3073 3090/2546/3088 3089/2545/3087
f 3075/2531/3073 3076/2532/3074 3091/2547/3089 3090/2546/3088
f 3076/2532/3074 3077/2533/3075 3092/2548/3090 3091/2547/3089
f 3077/2533/3075 3078/2534/3076 3093/2549/3091 3092/2548/3090
f 3078/2534/3076 3079/2535/3077 3094/2550/3092 3093/2549/3091
f 3079/2535/3077 3080/2536/3078 3095/2551/3093 3094/2550/3092
f 3080/2536/3078 3081/2537/3079 3096/2552/3094 3095/2551/3093
f 3082/2539/3080 3083/2538/3081 3098/2553/3096 3097/2554/3095
f 3083/2538/3081 3084/2540/3082 3099/2555/3097 3098/2553/3096
f 3084/2540/3082 3085/2541/3083 3100/2556/3098 3099/2555/3097
f 3085/2541/3083 3086/2542/3084 3101/2557/3099 3100/2556/3098
f 3086/2542/3084 3087/2543/3085 3102/2558/3100 3101/2557/3099
f 3087/2543/3085 3088/2544/3086 3103/2559/3101 3102/2558/3100
f 3088/2544/3086 3089/2545/3087 3104/2560/3102 3103/2559/3101
f 3089/2545/3087 3090/2546/3088 3105/2561/3103 3104/2560/3102
f 3090/2546/3088 3091/2547/3089 3106/2562/3104 3105/2561/3103
f 3091/2547/3089 3092/2548/3090 3107/2563/3105 3106/2562/3104
f 3092/2548/3090 3093/2549/3091 3108/2564/3106 3107/2563/3105
f 3093/2549/3091 3094/2550/3092 3109/2565/3107 3108/2564/3106
f 3094/2550/3092 3095/2551/3093 3110/2566/3108 3109/2565/3107
f 3095/2551/3093 3096/2552/3094 3111/2567/3109 3110/2566/3108
f 3097/2554/3095 3098/2553/3096 3113/2568/3111 3112/2569/3110
f 3098/2553/3096 3099/2555/3097 3114/2570/3112 3113/2568/3111
f 3099/2555/3097 3100/2556/3098 3115/2571/3113 3114/2570/3112
f 3100/2556/3098 3101/2557/3099 3116/2572/3114 3115/2571/3113
f 3101/2557/3099 3102/2558/3100 3117/2573/3115 3116/2572/3114
f 3102/2558/3100 3103/2559/3101 3118/2574/3116 3117/2573/3115
f 3103/2559/3101 3104/2560/3102 3119/2575/3117 3118/2574/3116
f 3104/2560/3102 3105/2561/3103 3120/2576/3118 3119/2575/3117
f 3105/2561/3103 3106/2562/3104 3121/2577/3119 3120/2576/3118
f 3106/2562/3104 3107/2563/3105 3122/2578/3120 3121/2577/3119
f 3107/2563/3105 3108/2564/3106 3123/2579/3121 3122/2578/3120
f 3108/2564/3106 3109/2565/3107 3124/2580/3122 3123/2579/3121
f 3109/2565/3107 3110/2566/3108 3125/2581/3123 3124/2580/3122
f 3110/2566/3108 3111/2567/3109 3126/2582/3124 3125/2581/3123
f 3112/2569/3110 3113/2568/3111 3128/2583/3126 3127/2584/3125
f 3113/2568/3111 3114/2570/3112 3129/2585/3127 3128/2583/3126
f 3114/2570/3112 3115/2571/3113 3130/2586/3128 3129/2585/3127
f 3115/2571/3113 3116/2572/3114 3131/2587/3129 3130/2586/3128
f 3116/2572/3114 3117/2573/3115 3132/2588/3130 3131/2587/3129
f 3117/2573/3115 3118/2574/3116 3133/2589/3131 3132/2588/3130
f 3118/2574/3116 3119/2575/3117 3134/2590/3132 3133/2589/3131
f 3119/2575/3117 3120/2576/3118 3135/2591/3133 3134/2590/3132
f 3120/2576/3118 3121/2577/3119 3136/2592/3134 3135/2591/3133
f 3121/2577/3119 3122/2578/3120 3137/2593/3135 3136/2592/3134
f 3122/2578/3120 3123/2579/3121 3138/2594/3136 3137/2593/3135
f 3123/2579/3121 3124/2580/3122 3139/2595/3137 3138/2594/3136
f 3124/2580/3122 3125/2581/3123 3140/2596/3138 3139/2595/3137
f 3125/2581/3123 3126/2582/3124 3141/2597/3139 3140/2596/3138
f 3127/2584/3125 3128/2583/3126 3143/2598/3141 3142/2599/3140
f 3128/2583/3126 3129/2585/3127 3144/2600/3142 3143/2598/3141
f 3129/2585/3127 3130/2586/3128 3145/2601/3143 3144/2600/3142
f 3130/2586/3128 3131/2587/3129 3146/2602/3144 3145/2601/3143
f 3131/2587/3129 3132/2588/3130 3147/2603/3145 3146/2602/3144
f 3132/2588/3130 3133/2589/3131 3148/2604/3146 3147/2603/3145
f 3133/2589/3131 3134/2590/3132 3149/2605/3147 3148/2604/3146
f 3134/2590/3132 3135/2591/3133 3150/2606/3148 3149/2605/3147
f 3135/2591/3133 3136/2592/3134 3151/2607/3149 3150/2606/3148
f 3136/2592/3134 3137/2593/3135 3152/2608/3150 3151/2607/3149
f 3137/2593/3135 3138/2594/3136 3153/2609/3151 3152/2608/3150
f 3138/2594/3136 3139/2595/3137 3154/2610/3152 3153/2609/3151
f 3139/2595/3137 3140/2596/3138 3155/2611/3153 3154/2610/3152
f 3140/2596/3138 3141/2597/3139 3156/2612/3154 3155/2611/3153
f 3142/2599/3140 3143/2598/3141 3158/2613/3156 3157/2614/3155
f 3143/2598/3141 3144/2600/3142 3159/2615/3157 3158/2613/3156
f 3144/2600/3142 3145/2601/3143 3160/2616/3158 3159/2615/3157
f 3145/2601/3143 3146/2602/3144 3161/2617/3159 3160/2616/3158
f 3146/2602/3144 3147/2603/3145 3162/2618/3160 3161/2617/3159
f 3147/2603/3145 3148/2604/3146 3163/2619/3161 3162/2618/3160
f 3148/2604/3146 3149/2605/3147 3164/2620/3162 3163/2619/3161
f 3149/2605/3147 3150/2606/3148 3165/2621/3163 3164/2620/3162
f 3150/2606/3148 3151/2607/3149 3166/2622/3164 3165/2621/3163
f 3151/2607/3149 3152/2608/3150 3167/2623/3165 3166/2622/3164
f 3152/2608/3150 3153/2609/3151 3168/2624/3166 3167/2623/3165
f 3153/2609/3151 3154/2610/3152 3169/2625/3167 3168/2624/3166
f 3154/2610/3152 3155/2611/3153 3170/2626/3168 3169/2625/3167
f 3155/2611/3153 3156/2612/3154 3171/2627/3169 3170/2626/3168
f 3157/2614/3155 3158/2613/3156 3173/2628/3171 3172/2629/3170
f 3158/2613/3156 3159/2615/3157 3174/2630/3172 3173/2628/3171
f 3159/2615/3157 3160/2616/3158 3175/2631/3173 3174/2630/3172
f 3160/2616/3158 3161/2617/3159 3176/2632/3174 3175/2631/3173
f 3161/2617/3159 3162/2618/3160 3177/2633/3175 3176/2632/3174
f 3162/2618/3160 3163/2619/3161 3178/2634/3176 3177/2633/3175
f 3163/2619/3161 3164/2620/3162 3179/2635/3177 3178/2634/3176
f 3164/2620/3162 3165/2621/3163 3180/2636/3178 3179/2635/3177
f 3165/2621/3163 3166/2622/3164 3181/2637/3179 3180/2636/3178
f 3166/2622/3164 3167/2623/3165 3182/2638/3180 3181/2637/3179
f 3167/2623/3165 3168/2624/3166 3183/2639/3181 3182/2638/3180
f 3168/2624/3166 3169/2625/3167 3184/2640/3182 3183/2639/3181
f 3169/2625/3167 3170/2626/3168 3185/2641/3183 3184/2640/3182
f 3170/2626/3168 3171/2627/3169 3186/2642/3184 3185/2641/3183
f 11/1075/11 802/2417/802 2962/2418/2960 172/1332/172
f 802/2417/802 803/2416/803 2963/2419/2961 2962/2418/2960
f 803/2416/803 804/2415/804 2964/2422/2962 2963/2419/2961
f 804/2415/804 805/2414/805 2965/2424/2963 2964/2422/2962
f 805/2414/805 806/2413/806 2966/2426/2964 2965/2424/2963
f 806/2413/806 807/2412/807 2967/2428/2965 2966/2426/2964
f 807/2412/807 808/2411/808 2968/2430/2966 2967/2428/2965
f 808/2411/808 809/2410/809 2969/2432/2967 2968/2430/2966
f 809/2410/809 810/2409/810 2970/2434/2968 2969/2432/2967
f 810/2409/810 811/2408/811 2971/2436/2969 2970/2434/2968
f 811/2408/811 812/2407/812 2972/2438/2970 2971/2436/2969
f 812/2407/812 813/2406/813 2973/2440/2971 2972/2438/2970
f 813/2406/813 814/2405/814 2974/2442/2972 2973/2440/2971
f 814/2405/814 815/2404/815 2975/2444/2973 2974/2442/2972
f 815/2404/815 816/2403/816 2976/2446/2974 2975/2444/2973
f 816/2403/816 17/2402/17 247/2643/247 2976/2446/2974
f 2976/2446/2974 247/2643/247 248/2644/248 2991/2447/2989
f 2991/2447/2989 248/2644/248 249/2645/249 3006/2462/3004
f 3006/2462/3004 249/2645/249 250/2646/250 3021/2477/3019
f 3021/2477/3019 250/2646/250 251/2647/251 3036/2492/3034
f 3036/2492/3034 251/2647/251 252/2648/252 3051/2507/3049
f 3051/2507/3049 252/2648/252 253/2649/253 3066/2522/3064
f 3066/2522/3064 253/2649/253 254/2650/254 3081/2537/3079
f 3081/2537/3079 254/2650/254 255/2651/255 3096/2552/3094
f 3096/2552/3094 255/2651/255 256/2652/256 3111/2567/3109
f 3111/2567/3109 256/2652/256 257/2653/257 3126/2582/3124
f 3126/2582/3124 257/2653/257 258/2654/258 3141/2597/3139
f 3141/2597/3139 258/2654/258 259/2655/259 3156/2612/3154
f 3156/2612/3154 259/2655/259 260/2656/260 3171/2627/3169
f 3171/2627/3169 260/2656/260 261/2657/261 3186/2642/3184
f 3186/2642/3184 261/2657/261 18/2658/18 891/2659/891
f 3185/2641/3183 3186/2642/3184 891/2659/891 890/2660/890
f 3184/2640/3182 3185/2641/3183 890/2660/890 889/2661/889
f 3183/2639/3181 3184/2640/3182 889/2661/889 888/2662/888
f 3182/2638/3180 3183/2639/3181 888/2662/888 887/2663/887
f 3181/2637/3179 3182/2638/3180 887/2663/887 886/2664/886
f 3180/2636/3178 3181/2637/3179 886/2664/886 885/2665/885
f 3179/2635/3177 3180/2636/3178 885/2665/885 884/2666/884
f 3178/2634/3176 3179/2635/3177 884/2666/884 883/2667/883
f 3177/2633/3175 3178/2634/3176 883/2667/883 882/2668/882
f 3176/2632/3174 3177/2633/3175 882/2668/882 881/2669/881
f 3175/2631/3173 3176/2632/3174 881/2669/881 880/2670/880
f 3174/2630/3172 3175/2631/3173 880/2670/880 879/2671/879
f 3173/2628/3171 3174/2630/3172 879/2671/879 878/2672/878
f 3172/2629/3170 3173/2628/3171 878/2672/878 877/2673/877
f 186/1346/186 3172/2629/3170 877/2673/877 12/1347/12
f 185/1345/185 3157/2614/3155 3172/2629/3170 186/1346/186
f 184/1344/184 3142/2599/3140 3157/2614/3155 185/1345/185
f 183/1343/183 3127/2584/3125 3142/2599/3140 184/1344/184
f 182/1342/182 3112/2569/3110 3127/2584/3125 183/1343/183
f 181/1341/181 3097/2554/3095 3112/2569/3110 182/1342/182
f 180/1340/180 3082/2539/3080 3097/2554/3095 181/1341/181
f 179/1339/179 3067/2524/3065 3082/2539/3080 180/1340/180
f 178/1338/178 3052/2509/3050 3067/2524/3065 179/1339/179
f 177/1337/177 3037/2494/3035 3052/2509/3050 178/1338/178
f 176/1336/176 3022/2479/3020 3037/2494/3035 177/1337/177
f 175/1335/175 3007/2464/3005 3022/2479/3020 176/1336/176
f 174/1334/174 2992/2449/2990 3007/2464/3005 175/1335/175
f 173/1333/173 2977/2421/2975 2992/2449/2990 174/1334/174
f 172/1332/172 2962/2418/2960 2977/2421/2975 173/1333/173
f 3187/2674/3185 3188/2675/3186 3203/2676/3201 3202/2677/3200
f 3188/2675/3186 3189/2678/3187 3204/2679/3202 3203/2676/3201
f 3189/2678/3187 3190/2680/3188 3205/2681/3203 3204/2679/3202
f 3190/2680/3188 3191/2682/3189 3206/2683/3204 3205/2681/3203
f 3191/2682/3189 3192/2684/3190 3207/2685/3205 3206/2683/3204
f 3192/2684/3190 3193/2686/3191 3208/2687/3206 3207/2685/3205
f 3193/2686/3191 3194/2688/3192 3209/2689/3207 3208/2687/3206
f 3194/2688/3192 3195/2690/3193 3210/2691/3208 3209/2689/3207
f 3195/2690/3193 3196/2692/3194 3211/2693/3209 3210/2691/3208
f 3196/2692/3194 3197/2694/3195 3212/2695/3210 3211/2693/3209
f 3197/2694/3195 3198/2696/3196 3213/2697/3211 3212/2695/3210
f 3198/2696/3196 3199/2698/3197 3214/2699/3212 3213/2697/3211
f 3199/2698/3197 3200/2700/3198 3215/2701/3213 3214/2699/3212
f 3200/2700/3198 3201/2702/3199 3216/2703/3214 3215/2701/3213
f 3202/2677/3200 3203/2676/3201 3218/2704/3216 3217/2705/3215
f 3203/2676/3201 3204/2679/3202 3219/2706/3217 3218/2704/3216
f 3204/2679/3202 3205/2681/3203 3220/2707/3218 3219/2706/3217
f 3205/2681/3203 3206/2683/3204 3221/2708/3219 3220/2707/3218
f 3206/2683/3204 3207/2685/3205 3222/2709/3220 3221/2708/3219
f 3207/2685/3205 3208/2687/3206 3223/2710/3221 3222/2709/3220
f 3208/2687/3206 3209/2689/3207 3224/2711/3222 3223/2710/3221
f 3209/2689/3207 3210/2691/3208 3225/2712/3223 3224/2711/3222
f 3210/2691/3208 3211/2693/3209 3226/2713/3224 3225/2712/3223
f 3211/2693/3209 3212/2695/3210 3227/2714/3225 3226/2713/3224
f 3212/2695/3210 3213/2697/3211 3228/2715/3226 3227/2714/3225
f 3213/2697/3211 3214/2699/3212 3229/2716/3227 3228/2715/3226
f 3214/2699/3212 3215/2701/3213 3230/2717/3228 3229/2716/3227
f 3215/2701/3213 3216/2703/3214 3231/2718/3229 3230/2717/3228
f 3217/2705/3215 3218/2704/3216 3233/2719/3231 3232/2720/3230
f 3218/2704/3216 3219/2706/3217 3234/2721/3232 3233/2719/3231
f 3219/2706/3217 3220/2707/3218 3235/2722/3233 3234/2721/3232
f 3220/2707/3218 3221/2708/3219 3236/2723/3234 3235/2722/3233
f 3221/2708/3219 3222/2709/3220 3237/2724/3235 3236/2723/3234
f 3222/2709/3220 3223/2710/3221 3238/2725/3236 3237/2724/3235
f 3223/2710/3221 3224/2711/3222 3239/2726/3237 3238/2725/3236
f 3224/2711/3222 3225/2712/3223 3240/2727/3238 3239/2726/3237
f 3225/2712/3223 3226/2713/3224 3241/2728/3239 3240/2727/3238
f 3226/2713/3224 3227/2714/3225 3242/2729/3240 3241/2728/3239
f 3227/2714/3225 3228/2715/3226 3243/2730/3241 3242/2729/3240
f 3228/2715/3226 3229/2716/3227 3244/2731/3242 3243/2730/3241
f 3229/2716/3227 3230/2717/3228 3245/2732/3243 3244/2731/3242
f 3230/2717/3228 3231/2718/3229 3246/2733/3244 3245/2732/3243
f 3232/2720/3230 3233/2719/3231 3248/2734/3246 3247/2735/3245
f 3233/2719/3231 3234/2721/3232 3249/2736/3247 3248/2734/3246
f 3234/2721/3232 3235/2722/3233 3250/2737/3248 3249/2736/3247
f 3235/2722/3233 3236/2723/3234 3251/2738/3249 3250/2737/3248
f 3236/2723/3234 3237/2724/3235 3252/2739/3250 3251/2738/3249
f 3237/2724/3235 3238/2725/3236 3253/2740/3251 3252/2739/3250
f 3238/2725/3236 3239/2726/3237 3254/2741/3252 3253/2740/3251
f 3239/2726/3237 3240/2727/3238 3255/2742/3253 3254/2741/3252
f 3240/2727/3238 3241/2728/3239 3256/2743/3254 3255/2742/3253
f 3241/2728/3239 3242/2729/3240 3257/2744/3255 3256/2743/3254
f 3242/2729/3240 3243/2730/3241 3258/2745/3256 3257/2744/3255
f 3243/2730/3241 3244/2731/3242 3259/2746/3257 3258/2745/3256
f 3244/2731/3242 3245/2732/3243 3260/2747/3258 3259/2746/3257
f 3245/2732/3243 3246/2733/3244 3261/2748/3259 3260/2747/3258
f 3247/2735/3245 3248/2734/3246 3263/2749/3261 3262/2750/3260
f 3248/2734/3246 3249/2736/3247 3264/2751/3262 3263/2749/3261
f 3249/2736/3247 3250/2737/3248 3265/2752/3263 3264/2751/3262
f 3250/2737/3248 3251/2738/3249 3266/2753/3264 3265/2752/3263
f 3251/2738/3249 3252/2739/3250 3267/2754/3265 3266/2753/3264
f 3252/2739/3250 3253/2740/3251 3268/2755/3266 3267/2754/3265
f 3253/2740/3251 3254/2741/3252 3269/2756/3267 3268/2755/3266
f 3254/2741/3252 3255/2742/3253 3270/2757/3268 3269/2756/3267
f 3255/2742/3253 3256/2743/3254 3271/2758/3269 3270/2757/3268
f 3256/2743/3254 3257/2744/3255 3272/2759/3270 3271/2758/3269
f 3257/2744/3255 3258/2745/3256 3273/2760/3271 3272/2759/3270
f 3258/2745/3256 3259/2746/3257 3274/2761/3272 3273/2760/3271
f 3259/2746/3257 3260/2747/3258 3275/2762/3273 3274/2761/3272
f 3260/2747/3258 3261/2748/3259 3276/2763/3274 3275/2762/3273
f 3262/2750/3260 3263/2749/3261 3278/2764/3276 3277/2765/3275
f 3263/2749/3261 3264/2751/3262 3279/2766/3277 3278/2764/3276
f 3264/2751/3262 3265/2752/3263 3280/2767/3278 3279/2766/3277
f 3265/2752/3263 3266/2753/3264 3281/2768/3279 3280/2767/3278
f 3266/2753/3264 3267/2754/3265 3282/2769/3280 3281/2768/3279
f 3267/2754/3265 3268/2755/3266 3283/2770/3281 3282/2769/3280
f 3268/2755/3266 3269/2756/3267 3284/2771/3282 3283/2770/3281
f 3269/2756/3267 3270/2757/3268 3285/2772/3283 3284/2771/3282
f 3270/2757/3268 3271/2758/3269 3286/2773/3284 3285/2772/3283
f 3271/2758/3269 3272/2759/3270 3287/2774/3285 3286/2773/3284
f 3272/2759/3270 3273/2760/3271 3288/2775/3286 3287/2774/3285
f 3273/2760/3271 3274/2761/3272 3289/2776/3287 3288/2775/3286
f 3274/2761/3272 3275/2762/3273 3290/2777/3288 3289/2776/3287
f 3275/2762/3273 3276/2763/3274 3291/2778/3289 3290/2777/3288
f 3277/2765/3275 3278/2764/3276 3293/2779/3291 3292/2780/3290
f 3278/2764/3276 3279/2766/3277 3294/2781/3292 3293/2779/3291
f 3279/2766/3277 3280/2767/3278 3295/2782/909 3294/2781/3292
f 3280/2767/3278 3281/2768/3279 3296/2783/3293 3295/2782/909
f 3281/2768/3279 3282/2769/3280 3297/2784/3294 3296/2783/3293
f 3282/2769/3280 3283/2770/3281 3298/2785/3295 3297/2784/3294
f 3283/2770/3281 3284/2771/3282 3299/2786/3296 3298/2785/3295
f 3284/2771/3282 3285/2772/3283 3300/2787/3297 3299/2786/3296
f 3285/2772/3283 3286/2773/3284 3301/2788/3298 3300/2787/3297
f 3286/2773/3284 3287/2774/3285 3302/2789/3299 3301/2788/3298
f 3287/2774/3285 3288/2775/3286 3303/2790/3300 3302/2789/3299
f 3288/2775/3286 3289/2776/3287 3304/2791/3301 3303/2790/3300
f 3289/2776/3287 3290/2777/3288 3305/2792/3302 3304/2791/3301
f 3290/2777/3288 3291/2778/3289 3306/2793/3303 3305/2792/3302
f 3292/2780/3290 3293/2779/3291 3308/2794/3305 3307/2795/3304
f 3293/2779/3291 3294/2781/3292 3309/2796/3306 3308/2794/3305
f 3294/2781/3292 3295/2782/909 3310/2797/3307 3309/2796/3306
f 3295/2782/909 3296/2783/3293 3311/2798/3308 3310/2797/3307
f 3296/2783/3293 3297/2784/3294 3312/2799/3309 3311/2798/3308
f 3297/2784/3294 3298/2785/3295 3313/2800/3310 3312/2799/3309
f 3298/2785/3295 3299/2786/3296 3314/2801/3311 3313/2800/3310
f 3299/2786/3296 3300/2787/3297 3315/2802/3312 3314/2801/3311
f 3300/2787/3297 3301/2788/3298 3316/2803/3313 3315/2802/3312
f 3301/2788/3298 3302/2789/3299 3317/2804/3314 3316/2803/3313
f 3302/2789/3299 3303/2790/3300 3318/2805/3315 3317/2804/3314
f 3303/2790/3300 3304/2791/3301 3319/2806/3316 3318/2805/3315
f 3304/2791/3301 3305/2792/3302 3320/2807/3317 3319/2806/3316
f 3305/2792/3302 3306/2793/3303 3321/2808/3318 3320/2807/3317
f 3307/2795/3304 3308/2794/3305 3323/2809/3320 3322/2810/3319
f 3308/2794/3305 3309/2796/3306 3324/2811/3321 3323/2809/3320
f 3309/2796/3306 3310/2797/3307 3325/2812/3322 3324/2811/3321
f 3310/2797/3307 3311/2798/3308 3326/2813/3323 3325/2812/3322
f 3311/2798/3308 3312/2799/3309 3327/2814/3324 3326/2813/3323
f 3312/2799/3309 3313/2800/3310 3328/2815/3325 3327/2814/3324
f 3313/2800/3310 3314/2801/3311 3329/2816/3326 3328/2815/3325
f 3314/2801/3311 3315/2802/3312 3330/2817/3327 3329/2816/3326
f 3315/2802/3312 3316/2803/3313 3331/2818/3328 3330/2817/3327
f 3316/2803/3313 3317/2804/3314 3332/2819/3329 3331/2818/3328
f 3317/2804/3314 3318/2805/3315 3333/2820/3330 3332/2819/3329
f 3318/2805/3315 3319/2806/3316 3334/2821/3331 3333/2820/3330
f 3319/2806/3316 3320/2807/3317 3335/2822/3332 3334/2821/3331
f 3320/2807/3317 3321/2808/3318 3336/2823/3333 3335/2822/3332
f 3322/2810/3319 3323/2809/3320 3338/2824/3335 3337/2825/3334
f 3323/2809/3320 3324/2811/3321 3339/2826/3336 3338/2824/3335
f 3324/2811/3321 3325/2812/3322 3340/2827/3337 3339/2826/3336
f 3325/2812/3322 3326/2813/3323 3341/2828/3338 3340/2827/3337
f 3326/2813/3323 3327/2814/3324 3342/2829/3339 3341/2828/3338
f 3327/2814/3324 3328/2815/3325 3343/2830/3340 3342/2829/3339
f 3328/2815/3325 3329/2816/3326 3344/2831/3341 3343/2830/3340
f 3329/2816/3326 3330/2817/3327 3345/2832/3342 3344/2831/3341
f 3330/2817/3327 3331/2818/3328 3346/2833/3343 3345/2832/3342
f 3331/2818/3328 3332/2819/3329 3347/2834/3344 3346/2833/3343
f 3332/2819/3329 3333/2820/3330 3348/2835/3345 3347/2834/3344
f 3333/2820/3330 3334/2821/3331 3349/2836/3346 3348/2835/3345
f 3334/2821/3331 3335/2822/3332 3350/2837/3347 3349/2836/3346
f 3335/2822/3332 3336/2823/3333 3351/2838/3348 3350/2837/3347
f 3337/2825/3334 3338/2824/3335 3353/2839/3350 3352/2840/3349
f 3338/2824/3335 3339/2826/3336 3354/2841/3351 3353/2839/3350
f 3339/2826/3336 3340/2827/3337 3355/2842/3352 3354/2841/3351
f 3340/2827/3337 3341/2828/3338 3356/2843/3353 3355/2842/3352
f 3341/2828/3338 3342/2829/3339 3357/2844/3354 3356/2843/3353
f 3342/2829/3339 3343/2830/3340 3358/2845/3355 3357/2844/3354
f 3343/2830/3340 3344/2831/3341 3359/2846/3356 3358/2845/3355
f 3344/2831/3341 3345/2832/3342 3360/2847/3357 3359/2846/3356
f 3345/2832/3342 3346/2833/3343 3361/2848/3358 3360/2847/3357
f 3346/2833/3343 3347/2834/3344 3362/2849/3359 3361/2848/3358
f 3347/2834/3344 3348/2835/3345 3363/2850/3360 3362/2849/3359
f 3348/2835/3345 3349/2836/3346 3364/2851/3361 3363/2850/3360
f 3349/2836/3346 3350/2837/3347 3365/2852/3362 3364/2851/3361
f 3350/2837/3347 3351/2838/3348 3366/2853/3363 3365/2852/3362
f 3352/2840/3349 3353/2839/3350 3368/2854/3365 3367/2855/3364
f 3353/2839/3350 3354/2841/3351 3369/2856/3366 3368/2854/3365
f 3354/2841/3351 3355/2842/3352 3370/2857/3367 3369/2856/3366
f 3355/2842/3352 3356/2843/3353 3371/2858/3368 3370/2857/3367
f 3356/2843/3353 3357/2844/3354 3372/2859/3369 3371/2858/3368
f 3357/2844/3354 3358/2845/3355 3373/2860/3370 3372/2859/3369
f 3358/2845/3355 3359/2846/3356 3374/2861/3371 3373/2860/3370
f 3359/2846/3356 3360/2847/3357 3375/2862/3372 3374/2861/3371
f 3360/2847/3357 3361/2848/3358 3376/2863/3373 3375/2862/3372
f 3361/2848/3358 3362/2849/3359 3377/2864/3374 3376/2863/3373
f 3362/2849/3359 3363/2850/3360 3378/2865/3375 3377/2864/3374
f 3363/2850/3360 3364/2851/3361 3379/2866/3376 3378/2865/3375
f 3364/2851/3361 3365/2852/3362 3380/2867/3377 3379/2866/3376
f 3365/2852/3362 3366/2853/3363 3381/2868/3378 3380/2867/3377
f 3367/2855/3364 3368/2854/3365 3383/2869/3380 3382/2870/3379
f 3368/2854/3365 3369/2856/3366 3384/2871/3381 3383/2869/3380
f 3369/2856/3366 3370/2857/3367 3385/2872/3382 3384/2871/3381
f 3370/2857/3367 3371/2858/3368 3386/2873/3383 3385/2872/3382
f 3371/2858/3368 3372/2859/3369 3387/2874/3384 3386/2873/3383
f 3372/2859/3369 3373/2860/3370 3388/2875/3385 3387/2874/3384
f 3373/2860/3370 3374/2861/3371 3389/2876/3386 3388/2875/3385
f 3374/2861/3371 3375/2862/3372 3390/2877/3387 3389/2876/3386
f 3375/2862/3372 3376/2863/3373 3391/2878/3388 3390/2877/3387
f 3376/2863/3373 3377/2864/3374 3392/2879/3389 3391/2878/3388
f 3377/2864/3374 3378/2865/3375 3393/2880/3390 3392/2879/3389
f 3378/2865/3375 3379/2866/3376 3394/2881/3391 3393/2880/3390
f 3379/2866/3376 3380/2867/3377 3395/2882/3392 3394/2881/3391
f 3380/2867/3377 3381/2868/3378 3396/2883/3393 3395/2882/3392
f 3382/2870/3379 3383/2869/3380 3398/2884/3395 3397/2885/3394
f 3383/2869/3380 3384/2871/3381 3399/2886/3396 3398/2884/3395
f 3384/2871/3381 3385/2872/3382 3400/2887/3397 3399/2886/3396
f 3385/2872/3382 3386/2873/3383 3401/2888/3398 3400/2887/3397
f 3386/2873/3383 3387/2874/3384 3402/2889/3399 3401/2888/3398
f 3387/2874/3384 3388/2875/3385 3403/2890/3400 3402/2889/3399
f 3388/2875/3385 3389/2876/3386 3404/2891/3401 3403/2890/3400
f 3389/2876/3386 3390/2877/3387 3405/2892/3402 3404/2891/3401
f 3390/2877/3387 3391/2878/3388 3406/2893/3403 3405/2892/3402
f 3391/2878/3388 3392/2879/3389 3407/2894/3404 3406/2893/3403
f 3392/2879/3389 3393/2880/3390 3408/2895/3405 3407/2894/3404
f 3393/2880/3390 3394/2881/3391 3409/2896/3406 3408/2895/3405
f 3394/2881/3391 3395/2882/3392 3410/2897/3407 3409/2896/3406
f 3395/2882/3392 3396/2883/3393 3411/2898/3408 3410/2897/3407
f 13/1618/13 517/2899/517 3187/2674/3185 187/1619/187
f 517/2899/517 518/2900/518 3188/2675/3186 3187/2674/3185
f 518/2900/518 519/2901/519 3189/2678/3187 3188/2675/3186
f 519/2901/519 520/2902/520 3190/2680/3188 3189/2678/3187
f 520/2902/520 521/2903/521 3191/2682/3189 3190/2680/3188
f 521/2903/521 522/2904/522 3192/2684/3190 3191/2682/3189
f 522/2904/522 523/2905/523 3193/2686/3191 3192/2684/3190
f 523/2905/523 524/2906/524 3194/2688/3192 3193/2686/3191
f 524/2906/524 525/2907/525 3195/2690/3193 3194/2688/3192
f 525/2907/525 526/2908/526 3196/2692/3194 3195/2690/3193
f 526/2908/526 527/2909/527 3197/2694/3195 3196/2692/3194
f 527/2909/527 528/2910/528 3198/2696/3196 3197/2694/3195
f 528/2910/528 529/2911/529 3199/2698/3197 3198/2696/3196
f 529/2911/529 530/2912/530 3200/2700/3198 3199/2698/3197
f 530/2912/530 531/2913/531 3201/2702/3199 3200/2700/3198
f 531/2913/531 19/2914/19 262/2915/262 3201/2702/3199
f 3201/2702/3199 262/2915/262 263/2916/263 3216/2703/3214
f 3216/2703/3214 263/2916/263 264/2917/264 3231/2718/3229
f 3231/2718/3229 264/2917/264 265/2918/265 3246/2733/3244
f 3246/2733/3244 265/2918/265 266/2919/266 3261/2748/3259
f 3261/2748/3259 266/2919/266 267/2920/267 3276/2763/3274
f 3276/2763/3274 267/2920/267 268/2921/268 3291/2778/3289
f 3291/2778/3289 268/2921/268 269/2922/269 3306/2793/3303
f 3306/2793/3303 269/2922/269 270/2923/270 3321/2808/3318
f 3321/2808/3318 270/2923/270 271/2924/271 3336/2823/3333
f 3336/2823/3333 271/2924/271 272/2925/272 3351/2838/3348
f 3351/2838/3348 272/2925/272 273/2926/273 3366/2853/3363
f 3366/2853/3363 273/2926/273 274/2927/274 3381/2868/3378
f 3381/2868/3378 274/2927/274 275/2928/275 3396/2883/3393
f 3396/2883/3393 275/2928/275 276/2929/276 3411/2898/3408
f 3411/2898/3408 276/2929/276 20/2930/20 606/2931/606
f 3410/2897/3407 3411/2898/3408 606/2931/606 605/2932/605
f 3409/2896/3406 3410/2897/3407 605/2932/605 604/2933/604
f 3408/2895/3405 3409/2896/3406 604/2933/604 603/2934/603
f 3407/2894/3404 3408/2895/3405 603/2934/603 602/2935/602
f 3406/2893/3403 3407/2894/3404 602/2935/602 601/2936/601
f 3405/2892/3402 3406/2893/3403 601/2936/601 600/2937/600
f 3404/2891/3401 3405/2892/3402 600/2937/600 599/2938/599
f 3403/2890/3400 3404/2891/3401 599/2938/599 598/2939/598
f 3402/2889/3399 3403/2890/3400 598/2939/598 597/2940/597
f 3401/2888/3398 3402/2889/3399 597/2940/597 596/2941/596
f 3400/2887/3397 3401/2888/3398 596/2941/596 595/2942/595
f 3399/2886/3396 3400/2887/3397 595/2942/595 594/2943/594
f 3398/2884/3395 3399/2886/3396 594/2943/594 593/2944/593
f 3397/2885/3394 3398/2884/3395 593/2944/593 592/2945/592
f 201/1633/201 3397/2885/3394 592/2945/592 14/1634/14
f 200/1632/200 3382/2870/3379 3397/2885/3394 201/1633/201
f 199/1631/199 3367/2855/3364 3382/2870/3379 200/1632/200
f 198/1630/198 3352/2840/3349 3367/2855/3364 199/1631/199
f 197/1629/197 3337/2825/3334 3352/2840/3349 198/1630/198
f 196/1628/196 3322/2810/3319 3337/2825/3334 197/1629/197
f 195/1627/195 3307/2795/3304 3322/2810/3319 196/1628/196
f 194/1626/194 3292/2780/3290 3307/2795/3304 195/1627/195
f 193/1625/193 3277/2765/3275 3292/2780/3290 194/1626/194
f 192/1624/192 3262/2750/3260 3277/2765/3275 193/1625/193
f 191/1623/191 3247/2735/3245 3262/2750/3260 192/1624/192
f 190/1622/190 3232/2720/3230 3247/2735/3245 191/1623/191
f 189/1621/189 3217/2705/3215 3232/2720/3230 190/1622/190
f 188/1620/188 3202/2677/3200 3217/2705/3215 189/1621/189
f 187/1619/187 3187/2674/3185 3202/2677/3200 188/1620/188
f 3412/2946/3409 3413/2947/3410 3428/2948/3425 3427/2949/3424
f 3413/2947/3410 3414/2950/3411 3429/2951/3426 3428/2948/3425
f 3414/2950/3411 3415/2952/3412 3430/2953/3427 3429/2951/3426
f 3415/2952/3412 3416/2954/3413 3431/2955/3428 3430/2953/3427
f 3416/2954/3413 3417/2956/3414 3432/2957/3429 3431/2955/3428
f 3417/2956/3414 3418/2958/3415 3433/2959/3430 3432/2957/3429
f 3418/2958/3415 3419/2960/3416 3434/2961/3431 3433/2959/3430
f 3419/2960/3416 3420/2962/3417 3435/2963/3432 3434/2961/3431
f 3420/2962/3417 3421/2964/3418 3436/2965/3433 3435/2963/3432
f 3421/2964/3418 3422/2966/3419 3437/2967/3434 3436/2965/3433
f 3422/2966/3419 3423/2968/3420 3438/2969/3435 3437/2967/3434
f 3423/2968/3420 3424/2970/3421 3439/2971/3436 3438/2969/3435
f 3424/2970/3421 3425/2972/3422 3440/2973/3437 3439/2971/3436
f 3425/2972/3422 3426/2974/3423 3441/2975/3438 3440/2973/3437
f 3427/2949/3424 3428/2948/3425 3443/2976/3440 3442/2977/3439
f 3428/2948/3425 3429/2951/3426 3444/2978/3441 3443/2976/3440
f 3429/2951/3426 3430/2953/3427 3445/2979/3442 3444/2978/3441
f 3430/2953/3427 3431/2955/3428 3446/2980/3443 3445/2979/3442
f 3431/2955/3428 3432/2957/3429 3447/2981/3444 3446/2980/3443
f 3432/2957/3429 3433/2959/3430 3448/2982/3445 3447/2981/3444
f 3433/2959/3430 3434/2961/3431 3449/2983/3446 3448/2982/3445
f 3434/2961/3431 3435/2963/3432 3450/2984/3447 3449/2983/3446
f 3435/2963/3432 3436/2965/3433 3451/2985/3448 3450/2984/3447
f 3436/2965/3433 3437/2967/3434 3452/2986/3449 3451/2985/3448
f 3437/2967/3434 3438/2969/3435 3453/2987/3450 3452/2986/3449
f 3438/2969/3435 3439/2971/3436 3454/2988/3451 3453/2987/3450
f 3439/2971/3436 3440/2973/3437 3455/2989/3452 3454/2988/3451
f 3440/2973/3437 3441/2975/3438 3456/2990/3453 3455/2989/3452
f 3442/2977/3439 3443/2976/3440 3458/2991/3455 3457/2992/3454
f 3443/2976/3440 3444/2978/3441 3459/2993/3456 3458/2991/3455
f 3444/2978/3441 3445/2979/3442 3460/2994/3457 3459/2993/3456
f 3445/2979/3442 3446/2980/3443 3461/2995/3458 3460/2994/3457
f 3446/2980/3443 3447/2981/3444 3462/2996/3459 3461/2995/3458
f 3447/2981/3444 3448/2982/3445 3463/2997/3460 3462/2996/3459
f 3448/2982/3445 3449/2983/3446 3464/2998/3461 3463/2997/3460
f 3449/2983/3446 3450/2984/3447 3465/2999/3462 3464/2998/3461
f 3450/2984/3447 3451/2985/3448 3466/3000/3463 3465/2999/3462
f 3451/2985/3448 3452/2986/3449 3467/3001/3464 3466/3000/3463
f 3452/2986/3449 3453/2987/3450 3468/3002/3465 3467/3001/3464
f 3453/2987/3450 3454/2988/3451 3469/3003/3466 3468/3002/3465
f 3454/2988/3451 3455/2989/3452 3470/3004/3467 3469/3003/3466
f 3455/2989/3452 3456/2990/3453 3471/3005/3468 3470/3004/3467
f 3457/2992/3454 3458/2991/3455 3473/3006/3470 3472/3007/3469
f 3458/2991/3455 3459/2993/3456 3474/3008/3471 3473/3006/3470
f 3459/2993/3456 3460/2994/3457 3475/3009/3472 3474/3008/3471
f 3460/2994/3457 3461/2995/3458 3476/3010/3473 3475/3009/3472
f 3461/2995/3458 3462/2996/3459 3477/3011/3474 3476/3010/3473
f 3462/2996/3459 3463/2997/3460 3478/3012/3475 3477/3011/3474
f 3463/2997/3460 3464/2998/3461 3479/3013/3476 3478/3012/3475
f 3464/2998/3461 3465/2999/3462 3480/3014/3477 3479/3013/3476
f 3465/2999/3462 3466/3000/3463 3481/3015/3478 3480/3014/3477
f 3466/3000/3463 3467/3001/3464 3482/3016/3479 3481/3015/3478
f 3467/3001/3464 3468/3002/3465 3483/3017/3480 3482/3016/3479
f 3468/3002/3465 3469/3003/3466 3484/3018/3481 3483/3017/3480
f 3469/3003/3466 3470/3004/3467 3485/3019/3482 3484/3018/3481
f 3470/3004/3467 3471/3005/3468 3486/3020/3483 3485/3019/3482
f 3472/3007/3469 3473/3006/3470 3488/3021/3485 3487/3022/3484
f 3473/3006/3470 3474/3008/3471 3489/3023/3486 3488/3021/3485
f 3474/3008/3471 3475/3009/3472 3490/3024/3487 3489/3023/3486
f 3475/3009/3472 3476/3010/3473 3491/3025/3488 3490/3024/3487
f 3476/3010/3473 3477/3011/3474 3492/3026/3489 3491/3025/3488
f 3477/3011/3474 3478/3012/3475 3493/3027/3490 3492/3026/3489
f 3478/3012/3475 3479/3013/3476 3494/3028/3491 3493/3027/3490
f 3479/3013/3476 3480/3014/3477 3495/3029/3492 3494/3028/3491
f 3480/3014/3477 3481/3015/3478 3496/3030/3493 3495/3029/3492
f 3481/3015/3478 3482/3016/3479 3497/3031/3494 3496/3030/3493
f 3482/3016/3479 3483/3017/3480 3498/3032/3495 3497/3031/3494
f 3483/3017/3480 3484/3018/3481 3499/3033/3496 3498/3032/3495
f 3484/3018/3481 3485/3019/3482 3500/3034/3497 3499/3033/3496
f 3485/3019/3482 3486/3020/3483 3501/3035/3498 3500/3034/3497
f 3487/3022/3484 3488/3021/3485 3503/3036/3500 3502/3037/3499
f 3488/3021/3485 3489/3023/3486 3504/3038/3501 3503/3036/3500
f 3489/3023/3486 3490/3024/3487 3505/3039/3502 3504/3038/3501
f 3490/3024/3487 3491/3025/3488 3506/3040/3503 3505/3039/3502
f 3491/3025/3488 3492/3026/3489 3507/3041/3504 3506/3040/3503
f 3492/3026/3489 3493/3027/3490 3508/3042/3505 3507/3041/3504
f 3493/3027/3490 3494/3028/3491 3509/3043/3506 3508/3042/3505
f 3494/3028/3491 3495/3029/3492 3510/3044/3507 3509/3043/3506
f 3495/3029/3492 3496/3030/3493 3511/3045/3508 3510/3044/3507
f 3496/3030/3493 3497/3031/3494 3512/3046/3509 3511/3045/3508
f 3497/3031/3494 3498/3032/3495 3513/3047/3510 3512/3046/3509
f 3498/3032/3495 3499/3033/3496 3514/3048/3511 3513/3047/3510
f 3499/3033/3496 3500/3034/3497 3515/3049/3512 3514/3048/3511
f 3500/3034/3497 3501/3035/3498 3516/3050/3513 3515/3049/3512
f 3502/3037/3499 3503/3036/3500 3518/3051/3515 3517/3052/3514
f 3503/3036/3500 3504/3038/3501 3519/3053/3516 3518/3051/3515
f 3504/3038/3501 3505/3039/3502 3520/3054/3517 3519/3053/3516
f 3505/3039/3502 3506/3040/3503 3521/3055/3518 3520/3054/3517
f 3506/3040/3503 3507/3041/3504 3522/3056/3519 3521/3055/3518
f 3507/3041/3504 3508/3042/3505 3523/3057/3520 3522/3056/3519
f 3508/3042/3505 3509/3043/3506 3524/3058/3521 3523/3057/3520
f 3509/3043/3506 3510/3044/3507 3525/3059/3522 3524/3058/3521
f 3510/3044/3507 3511/3045/3508 3526/3060/3523 3525/3059/3522
f 3511/3045/3508 3512/3046/3509 3527/3061/3524 3526/3060/3523
f 3512/3046/3509 3513/3047/3510 3528/3062/3525 3527/3061/3524
f 3513/3047/3510 3514/3048/3511 3529/3063/3526 3528/3062/3525
f 3514/3048/3511 3515/3049/3512 3530/3064/3527 3529/3063/3526
f 3515/3049/3512 3516/3050/3513 3531/3065/3528 3530/3064/3527
f 3517/3052/3514 3518/3051/3515 3533/3066/3530 3532/3067/3529
f 3518/3051/3515 3519/3053/3516 3534/3068/3531 3533/3066/3530
f 3519/3053/3516 3520/3054/3517 3535/3069/3532 3534/3068/3531
f 3520/3054/3517 3521/3055/3518 3536/3070/3533 3535/3069/3532
f 3521/3055/3518 3522/3056/3519 3537/3071/3534 3536/3070/3533
f 3522/3056/3519 3523/3057/3520 3538/3072/3535 3537/3071/3534
f 3523/3057/3520 3524/3058/3521 3539/3073/3536 3538/3072/3535
f 3524/3058/3521 3525/3059/3522 3540/3074/3537 3539/3073/3536
f 3525/3059/3522 3526/3060/3523 3541/3075/3538 3540/3074/3537
f 3526/3060/3523 3527/3061/3524 3542/3076/3539 3541/3075/3538
f 3527/3061/3524 3528/3062/3525 3543/3077/3540 3542/3076/3539
f 3528/3062/3525 3529/3063/3526 3544/3078/3541 3543/3077/3540
f 3529/3063/3526 3530/3064/3527 3545/3079/3542 3544/3078/3541
f 3530/3064/3527 3531/3065/3528 3546/3080/3543 3545/3079/3542
f 3532/3067/3529 3533/3066/3530 3548/3081/3545 3547/3082/3544
f 3533/3066/3530 3534/3068/3531 3549/3083/3546 3548/3081/3545
f 3534/3068/3531 3535/3069/3532 3550/3084/3547 3549/3083/3546
f 3535/3069/3532 3536/3070/3533 3551/3085/3548 3550/3084/3547
f 3536/3070/3533 3537/3071/3534 3552/3086/3549 3551/3085/3548
f 3537/3071/3534 3538/3072/3535 3553/3087/3550 3552/3086/3549
f 3538/3072/3535 3539/3073/3536 3554/3088/3551 3553/3087/3550
f 3539/3073/3536 3540/3074/3537 3555/3089/3552 3554/3088/3551
f 3540/3074/3537 3541/3075/3538 3556/3090/3553 3555/3089/3552
f 3541/3075/3538 3542/3076/3539 3557/3091/3554 3556/3090/3553
f 3542/3076/3539 3543/3077/3540 3558/3092/3555 3557/3091/3554
f 3543/3077/3540 3544/3078/3541 3559/3093/3556 3558/3092/3555
f 3544/3078/3541 3545/3079/3542 3560/3094/3557 3559/3093/3556
f 3545/3079/3542 3546/3080/3543 3561/3095/3558 3560/3094/3557
f 3547/3082/3544 3548/3081/3545 3563/3096/3560 3562/3097/3559
f 3548/3081/3545 3549/3083/3546 3564/3098/3561 3563/3096/3560
f 3549/3083/3546 3550/3084/3547 3565/3099/3562 3564/3098/3561
f 3550/3084/3547 3551/3085/3548 3566/3100/3563 3565/3099/3562
f 3551/3085/3548 3552/3086/3549 3567/3101/3564 3566/3100/3563
f 3552/3086/3549 3553/3087/3550 3568/3102/3565 3567/3101/3564
f 3553/3087/3550 3554/3088/3551 3569/3103/3566 3568/3102/3565
f 3554/3088/3551 3555/3089/3552 3570/3104/3567 3569/3103/3566
f 3555/3089/3552 3556/3090/3553 3571/3105/3568 3570/3104/3567
f 3556/3090/3553 3557/3091/3554 3572/3106/3569 3571/3105/3568
f 3557/3091/3554 3558/3092/3555 3573/3107/3570 3572/3106/3569
f 3558/3092/3555 3559/3093/3556 3574/3108/3571 3573/3107/3570
f 3559/3093/3556 3560/3094/3557 3575/3109/3572 3574/3108/3571
f 3560/3094/3557 3561/3095/3558 3576/3110/3573 3575/3109/3572
f 3562/3097/3559 3563/3096/3560 3578/3111/3575 3577/3112/3574
f 3563/3096/3560 3564/3098/3561 3579/3113/3576 3578/3111/3575
f 3564/3098/3561 3565/3099/3562 3580/3114/3577 3579/3113/3576
f 3565/3099/3562 3566/3100/3563 3581/3115/3578 3580/3114/3577
f 3566/3100/3563 3567/3101/3564 3582/3116/3579 3581/3115/3578
f 3567/3101/3564 3568/3102/3565 3583/3117/3580 3582/3116/3579
f 3568/3102/3565 3569/3103/3566 3584/3118/3581 3583/3117/3580
f 3569/3103/3566 3570/3104/3567 3585/3119/3582 3584/3118/3581
f 3570/3104/3567 3571/3105/3568 3586/3120/3583 3585/3119/3582
f 3571/3105/3568 3572/3106/3569 3587/3121/3584 3586/3120/3583
f 3572/3106/3569 3573/3107/3570 3588/3122/3585 3587/3121/3584
f 3573/3107/3570 3574/3108/3571 3589/3123/3586 3588/3122/3585
f 3574/3108/3571 3575/3109/3572 3590/3124/3587 3589/3123/3586
f 3575/3109/3572 3576/3110/3573 3591/3125/3588 3590/3124/3587
f 3577/3112/3574 3578/3111/3575 3593/3126/3590 3592/3127/3589
f 3578/3111/3575 3579/3113/3576 3594/3128/3591 3593/3126/3590
f 3579/3113/3576 3580/3114/3577 3595/3129/3592 3594/3128/3591
f 3580/3114/3577 3581/3115/3578 3596/3130/3593 3595/3129/3592
f 3581/3115/3578 3582/3116/3579 3597/3131/3594 3596/3130/3593
f 3582/3116/3579 3583/3117/3580 3598/3132/3595 3597/3131/3594
f 3583/3117/3580 3584/3118/3581 3599/3133/3596 3598/3132/3595
f 3584/3118/3581 3585/3119/3582 3600/3134/3597 3599/3133/3596
f 3585/3119/3582 3586/3120/3583 3601/3135/3598 3600/3134/3597
f 3586/3120/3583 3587/3121/3584 3602/3136/3599 3601/3135/3598
f 3587/3121/3584 3588/3122/3585 3603/3137/3600 3602/3136/3599
f 3588/3122/3585 3589/3123/3586 3604/3138/3601 3603/3137/3600
f 3589/3123/3586 3590/3124/3587 3605/3139/3602 3604/3138/3601
f 3590/3124/3587 3591/3125/3588 3606/3140/3603 3605/3139/3602
f 3592/3127/3589 3593/3126/3590 3608/3141/3605 3607/3142/3604
f 3593/3126/3590 3594/3128/3591 3609/3143/3606 3608/3141/3605
f 3594/3128/3591 3595/3129/3592 3610/3144/3607 3609/3143/3606
f 3595/3129/3592 3596/3130/3593 3611/3145/3608 3610/3144/3607
f 3596/3130/3593 3597/3131/3594 3612/3146/3609 3611/3145/3608
f 3597/3131/3594 3598/3132/3595 3613/3147/3610 3612/3146/3609
f 3598/3132/3595 3599/3133/3596 3614/3148/3611 3613/3147/3610
f 3599/3133/3596 3600/3134/3597 3615/3149/3612 3614/3148/3611
f 3600/3134/3597 3601/3135/3598 3616/3150/3613 3615/3149/3612
f 3601/3135/3598 3602/3136/3599 3617/3151/3614 3616/3150/3613
f 3602/3136/3599 3603/3137/3600 3618/3152/3615 3617/3151/3614
f 3603/3137/3600 3604/3138/3601 3619/3153/3616 3618/3152/3615
f 3604/3138/3601 3605/3139/3602 3620/3154/3617 3619/3153/3616
f 3605/3139/3602 3606/3140/3603 3621/3155/3618 3620/3154/3617
f 3607/3142/3604 3608/3141/3605 3623/3156/3620 3622/3157/3619
f 3608/3141/3605 3609/3143/3606 3624/3158/3621 3623/3156/3620
f 3609/3143/3606 3610/3144/3607 3625/3159/3622 3624/3158/3621
f 3610/3144/3607 3611/3145/3608 3626/3160/3623 3625/3159/3622
f 3611/3145/3608 3612/3146/3609 3627/3161/3624 3626/3160/3623
f 3612/3146/3609 3613/3147/3610 3628/3162/3625 3627/3161/3624
f 3613/3147/3610 3614/3148/3611 3629/3163/3626 3628/3162/3625
f 3614/3148/3611 3615/3149/3612 3630/3164/3627 3629/3163/3626
f 3615/3149/3612 3616/3150/3613 3631/3165/3628 3630/3164/3627
f 3616/3150/3613 3617/3151/3614 3632/3166/3629 3631/3165/3628
f 3617/3151/3614 3618/3152/3615 3633/3167/3630 3632/3166/3629
f 3618/3152/3615 3619/3153/3616 3634/3168/3631 3633/3167/3630
f 3619/3153/3616 3620/3154/3617 3635/3169/3632 3634/3168/3631
f 3620/3154/3617 3621/3155/3618 3636/3170/3633 3635/3169/3632
f 14/1634/14 592/2945/592 3412/2946/3409 202/1875/202
f 592/2945/592 593/2944/593 3413/2947/3410 3412/2946/3409
f 593/2944/593 594/2943/594 3414/2950/3411 3413/2947/3410
f 594/2943/594 595/2942/595 3415/2952/3412 3414/2950/3411
f 595/2942/595 596/2941/596 3416/2954/3413 3415/2952/3412
f 596/2941/596 597/2940/597 3417/2956/3414 3416/2954/3413
f 597/2940/597 598/2939/598 3418/2958/3415 3417/2956/3414
f 598/2939/598 599/2938/599 3419/2960/3416 3418/2958/3415
f 599/2938/599 600/2937/600 3420/2962/3417 3419/2960/3416
f 600/2937/600 601/2936/601 3421/2964/3418 3420/2962/3417
f 601/2936/601 602/2935/602 3422/2966/3419 3421/2964/3418
f 602/2935/602 603/2934/603 3423/2968/3420 3422/2966/3419
f 603/2934/603 604/2933/604 3424/2970/3421 3423/2968/3420
f 604/2933/604 605/2932/605 3425/2972/3422 3424/2970/3421
f 605/2932/605 606/2931/606 3426/2974/3423 3425/2972/3422
f 606/2931/606 20/2930/20 277/3171/277 3426/2974/3423
f 3426/2974/3423 277/3171/277 278/3172/278 3441/2975/3438
f 3441/2975/3438 278/3172/278 279/3173/279 3456/2990/3453
f 3456/2990/3453 279/3173/279 280/3174/280 3471/3005/3468
f 3471/3005/3468 280/3174/280 281/3175/281 3486/3020/3483
f 3486/3020/3483 281/3175/281 282/3176/282 3501/3035/3498
f 3501/3035/3498 282/3176/282 283/3177/283 3516/3050/3513
f 3516/3050/3513 283/3177/283 284/3178/284 3531/3065/3528
f 3531/3065/3528 284/3178/284 285/3179/285 3546/3080/3543
f 3546/3080/3543 285/3179/285 286/3180/286 3561/3095/3558
f 3561/3095/3558 286/3180/286 287/3181/287 3576/3110/3573
f 3576/3110/3573 287/3181/287 288/3182/288 3591/3125/3588
f 3591/3125/3588 288/3182/288 289/3183/289 3606/3140/3603
f 3606/3140/3603 289/3183/289 290/3184/290 3621/3155/3618
f 3621/3155/3618 290/3184/290 291/3185/291 3636/3170/3633
f 3636/3170/3633 291/3185/291 21/3186/21 681/3187/681
f 3635/3169/3632 3636/3170/3633 681/3187/681 680/3188/680
f 3634/3168/3631 3635/3169/3632 680/3188/680 679/3189/679
f 3633/3167/3630 3634/3168/3631 679/3189/679 678/3190/678
f 3632/3166/3629 3633/3167/3630 678/3190/678 677/3191/677
f 3631/3165/3628 3632/3166/3629 677/3191/677 676/3192/676
f 3630/3164/3627 3631/3165/3628 676/3192/676 675/3193/675
f 3629/3163/3626 3630/3164/3627 675/3193/675 674/3194/674
f 3628/3162/3625 3629/3163/3626 674/3194/674 673/3195/673
f 3627/3161/3624 3628/3162/3625 673/3195/673 672/3196/672
f 3626/3160/3623 3627/3161/3624 672/3196/672 671/3197/671
f 3625/3159/3622 3626/3160/3623 671/3197/671 670/3198/670
f 3624/3158/3621 3625/3159/3622 670/3198/670 669/3199/669
f 3623/3156/3620 3624/3158/3621 669/3199/669 668/3200/668
f 3622/3157/3619 3623/3156/3620 668/3200/668 667/3201/667
f 216/1889/216 3622/3157/3619 667/3201/667 15/1890/15
f 215/1888/215 3607/3142/3604 3622/3157/3619 216/1889/216
f 214/1887/214 3592/3127/3589 3607/3142/3604 215/1888/215
f 213/1886/213 3577/3112/3574 3592/3127/3589 214/1887/214
f 212/1885/212 3562/3097/3559 3577/3112/3574 213/1886/213
f 211/1884/211 3547/3082/3544 3562/3097/3559 212/1885/212
f 210/1883/210 3532/3067/3529 3547/3082/3544 211/1884/211
f 209/1882/209 3517/3052/3514 3532/3067/3529 210/1883/210
f 208/1881/208 3502/3037/3499 3517/3052/3514 209/1882/209
f 207/1880/207 3487/3022/3484 3502/3037/3499 208/1881/208
f 206/1879/206 3472/3007/3469 3487/3022/3484 207/1880/207
f 205/1878/205 3457/2992/3454 3472/3007/3469 206/1879/206
f 204/1877/204 3442/2977/3439 3457/2992/3454 205/1878/205
f 203/1876/203 3427/2949/3424 3442/2977/3439 204/1877/204
f 202/1875/202 3412/2946/3409 3427/2949/3424 203/1876/203
f 3637/3202/3634 3638/3203/3635 3653/3204/3650 3652/3205/3649
f 3638/3203/3635 3639/3206/3636 3654/3207/3651 3653/3204/3650
f 3639/3206/3636 3640/3208/3637 3655/3209/3652 3654/3207/3651
f 3640/3208/3637 3641/3210/3638 3656/3211/3653 3655/3209/3652
f 3641/3210/3638 3642/3212/3639 3657/3213/3654 3656/3211/3653
f 3642/3212/3639 3643/3214/3640 3658/3215/3655 3657/3213/3654
f 3643/3214/3640 3644/3216/3641 3659/3217/3656 3658/3215/3655
f 3644/3216/3641 3645/3218/3642 3660/3219/3657 3659/3217/3656
f 3645/3218/3642 3646/3220/3643 3661/3221/3658 3660/3219/3657
f 3646/3220/3643 3647/3222/3644 3662/3223/3659 3661/3221/3658
f 3647/3222/3644 3648/3224/3645 3663/3225/3660 3662/3223/3659
f 3648/3224/3645 3649/3226/3646 3664/3227/3661 3663/3225/3660
f 3649/3226/3646 3650/3228/3647 3665/3229/3662 3664/3227/3661
f 3650/3228/3647 3651/3230/3648 3666/3231/3663 3665/3229/3662
f 3652/3205/3649 3653/3204/3650 3668/3232/3665 3667/3233/3664
f 3653/3204/3650 3654/3207/3651 3669/3234/3666 3668/3232/3665
f 3654/3207/3651 3655/3209/3652 3670/3235/3667 3669/3234/3666
f 3655/3209/3652 3656/3211/3653 3671/3236/3668 3670/3235/3667
f 3656/3211/3653 3657/3213/3654 3672/3237/3669 3671/3236/3668
f 3657/3213/3654 3658/3215/3655 3673/3238/3670 3672/3237/3669
f 3658/3215/3655 3659/3217/3656 3674/3239/3671 3673/3238/3670
f 3659/3217/3656 3660/3219/3657 3675/3240/3672 3674/3239/3671
f 3660/3219/3657 3661/3221/3658 3676/3241/3673 3675/3240/3672
f 3661/3221/3658 3662/3223/3659 3677/3242/3674 3676/3241/3673
f 3662/3223/3659 3663/3225/3660 3678/3243/3675 3677/3242/3674
f 3663/3225/3660 3664/3227/3661 3679/3244/3676 3678/3243/3675
f 3664/3227/3661 3665/3229/3662 3680/3245/3677 3679/3244/3676
f 3665/3229/3662 3666/3231/3663 3681/3246/3678 3680/3245/3677
f 3667/3233/3664 3668/3232/3665 3683/3247/3680 3682/3248/3679
f 3668/3232/3665 3669/3234/3666 3684/3249/3681 3683/3247/3680
f 3669/3234/3666 3670/3235/3667 3685/3250/3682 3684/3249/3681
f 3670/3235/3667 3671/3236/3668 3686/3251/3683 3685/3250/3682
f 3671/3236/3668 3672/3237/3669 3687/3252/3684 3686/3251/3683
f 3672/3237/3669 3673/3238/3670 3688/3253/3685 3687/3252/3684
f 3673/3238/3670 3674/3239/3671 3689/3254/3686 3688/3253/3685
f 3674/3239/3671 3675/3240/3672 3690/3255/3687 3689/3254/3686
f 3675/3240/3672 3676/3241/3673 3691/3256/3688 3690/3255/3687
f 3676/3241/3673 3677/3242/3674 3692/3257/3689 3691/3256/3688
f 3677/3242/3674 3678/3243/3675 3693/3258/3690 3692/3257/3689
f 3678/3243/3675 3679/3244/3676 3694/3259/3691 3693/3258/3690
f 3679/3244/3676 3680/3245/3677 3695/3260/3692 3694/3259/3691
f 3680/3245/3677 3681/3246/3678 3696/3261/3693 3695/3260/3692
f 3682/3248/3679 3683/3247/3680 3698/3262/3695 3697/3263/3694
f 3683/3247/3680 3684/3249/3681 3699/3264/3696 3698/3262/3695
f 3684/3249/3681 3685/3250/3682 3700/3265/3697 3699/3264/3696
f 3685/3250/3682 3686/3251/3683 3701/3266/3698 3700/3265/3697
f 3686/3251/3683 3687/3252/3684 3702/3267/3699 3701/3266/3698
f 3687/3252/3684 3688/3253/3685 3703/3268/3700 3702/3267/3699
f 3688/3253/3685 3689/3254/3686 3704/3269/3701 3703/3268/3700
f 3689/3254/3686 3690/3255/3687 3705/3270/3702 3704/3269/3701
f 3690/3255/3687 3691/3256/3688 3706/3271/3703 3705/3270/3702
f 3691/3256/3688 3692/3257/3689 3707/3272/3704 3706/3271/3703
f 3692/3257/3689 3693/3258/3690 3708/3273/3705 3707/3272/3704
f 3693/3258/3690 3694/3259/3691 3709/3274/3706 3708/3273/3705
f 3694/3259/3691 3695/3260/3692 3710/3275/3707 3709/3274/3706
f 3695/3260/3692 3696/3261/3693 3711/3276/3708 3710/3275/3707
f 3697/3263/3694 3698/3262/3695 3713/3277/3710 3712/3278/3709
f 3698/3262/3695 3699/3264/3696 3714/3279/3711 3713/3277/3710
f 3699/3264/3696 3700/3265/3697 3715/3280/3712 3714/3279/3711
f 3700/3265/3697 3701/3266/3698 3716/3281/3713 3715/3280/3712
f 3701/3266/3698 3702/3267/3699 3717/3282/3714 3716/3281/3713
f 3702/3267/3699 3703/3268/3700 3718/3283/3715 3717/3282/3714
f 3703/3268/3700 3704/3269/3701 3719/3284/3716 3718/3283/3715
f 3704/3269/3701 3705/3270/3702 3720/3285/3717 3719/3284/3716
f 3705/3270/3702 3706/3271/3703 3721/3286/3718 3720/3285/3717
f 3706/3271/3703 3707/3272/3704 3722/3287/3719 3721/3286/3718
f 3707/3272/3704 3708/3273/3705 3723/3288/3720 3722/3287/3719
f 3708/3273/3705 3709/3274/3706 3724/3289/3721 3723/3288/3720
f 3709/3274/3706 3710/3275/3707 3725/3290/3722 3724/3289/3721
f 3710/3275/3707 3711/3276/3708 3726/3291/3723 3725/3290/3722
f 3712/3278/3709 3713/3277/3710 3728/3292/3725 3727/3293/3724
f 3713/3277/3710 3714/3279/3711 3729/3294/3726 3728/3292/3725
f 3714/3279/3711 3715/3280/3712 3730/3295/3727 3729/3294/3726
f 3715/3280/3712 3716/3281/3713 3731/3296/3728 3730/3295/3727
f 3716/3281/3713 3717/3282/3714 3732/3297/3729 3731/3296/3728
f 3717/3282/3714 3718/3283/3715 3733/3298/3730 3732/3297/3729
f 3718/3283/3715 3719/3284/3716 3734/3299/3731 3733/3298/3730
f 3719/3284/3716 3720/3285/3717 3735/3300/3732 3734/3299/3731
f 3720/3285/3717 3721/3286/3718 3736/3301/3733 3735/3300/3732
f 3721/3286/3718 3722/3287/3719 3737/3302/3734 3736/3301/3733
f 3722/3287/3719 3723/3288/3720 3738/3303/3735 3737/3302/3734
f 3723/3288/3720 3724/3289/3721 3739/3304/3736 3738/3303/3735
f 3724/3289/3721 3725/3290/3722 3740/3305/3737 3739/3304/3736
f 3725/3290/3722 3726/3291/3723 3741/3306/3738 3740/3305/3737
f 3727/3293/3724 3728/3292/3725 3743/3307/3740 3742/3308/3739
f 3728/3292/3725 3729/3294/3726 3744/3309/3741 3743/3307/3740
f 3729/3294/3726 3730/3295/3727 3745/3310/3742 3744/3309/3741
f 3730/3295/3727 3731/3296/3728 3746/3311/3743 3745/3310/3742
f 3731/3296/3728 3732/3297/3729 3747/3312/3744 3746/3311/3743
f 3732/3297/3729 3733/3298/3730 3748/3313/3745 3747/3312/3744
f 3733/3298/3730 3734/3299/3731 3749/3314/3746 3748/3313/3745
f 3734/3299/3731 3735/3300/3732 3750/3315/3747 3749/3314/3746
f 3735/3300/3732 3736/3301/3733 3751/3316/3748 3750/3315/3747
f 3736/3301/3733 3737/3302/3734 3752/3317/3749 3751/3316/3748
f 3737/3302/3734 3738/3303/3735 3753/3318/3750 3752/3317/3749
f 3738/3303/3735 3739/3304/3736 3754/3319/3751 3753/3318/3750
f 3739/3304/3736 3740/3305/3737 3755/3320/3752 3754/3319/3751
f 3740/3305/3737 3741/3306/3738 3756/3321/3753 3755/3320/3752
f 3742/3308/3739 3743/3307/3740 3758/3322/3755 3757/3323/3754
f 3743/3307/3740 3744/3309/3741 3759/3324/3756 3758/3322/3755
f 3744/3309/3741 3745/3310/3742 3760/3325/3757 3759/3324/3756
f 3745/3310/3742 3746/3311/3743 3761/3326/3758 3760/3325/3757
f 3746/3311/3743 3747/3312/3744 3762/3327/3759 3761/3326/3758
f 3747/3312/3744 3748/3313/3745 3763/3328/3760 3762/3327/3759
f 3748/3313/3745 3749/3314/3746 3764/3329/3761 3763/3328/3760
f 3749/3314/3746 3750/3315/3747 3765/3330/3762 3764/3329/3761
f 3750/3315/3747 3751/3316/3748 3766/3331/3763 3765/3330/3762
f 3751/3316/3748 3752/3317/3749 3767/3332/3764 3766/3331/3763
f 3752/3317/3749 3753/3318/3750 3768/3333/3765 3767/3332/3764
f 3753/3318/3750 3754/3319/3751 3769/3334/3766 3768/3333/3765
f 3754/3319/3751 3755/3320/3752 3770/3335/3767 3769/3334/3766
f 3755/3320/3752 3756/3321/3753 3771/3336/3768 3770/3335/3767
f 3757/3323/3754 3758/3322/3755 3773/3337/3770 3772/3338/3769
f 3758/3322/3755 3759/3324/3756 3774/3339/3771 3773/3337/3770
f 3759/3324/3756 3760/3325/3757 3775/3340/3772 3774/3339/3771
f 3760/3325/3757 3761/3326/3758 3776/3341/3773 3775/3340/3772
f 3761/3326/3758 3762/3327/3759 3777/3342/3774 3776/3341/3773
f 3762/3327/3759 3763/3328/3760 3778/3343/3775 3777/3342/3774
f 3763/3328/3760 3764/3329/3761 3779/3344/3776 3778/3343/3775
f 3764/3329/3761 3765/3330/3762 3780/3345/3777 3779/3344/3776
f 3765/3330/3762 3766/3331/3763 3781/3346/3778 3780/3345/3777
f 3766/3331/3763 3767/3332/3764 3782/3347/3779 3781/3346/3778
f 3767/3332/3764 3768/3333/3765 3783/3348/3780 3782/3347/3779
f 3768/3333/3765 3769/3334/3766 3784/3349/3781 3783/3348/3780
f 3769/3334/3766 3770/3335/3767 3785/3350/3782 3784/3349/3781
f 3770/3335/3767 3771/3336/3768 3786/3351/3783 3785/3350/3782
f 3772/3338/3769 3773/3337/3770 3788/3352/3785 3787/3353/3784
f 3773/3337/3770 3774/3339/3771 3789/3354/3786 3788/3352/3785
f 3774/3339/3771 3775/3340/3772 3790/3355/3787 3789/3354/3786
f 3775/3340/3772 3776/3341/3773 3791/3356/3788 3790/3355/3787
f 3776/3341/3773 3777/3342/3774 3792/3357/3789 3791/3356/3788
f 3777/3342/3774 3778/3343/3775 3793/3358/3790 3792/3357/3789
f 3778/3343/3775 3779/3344/3776 3794/3359/3791 3793/3358/3790
f 3779/3344/3776 3780/3345/3777 3795/3360/3792 3794/3359/3791
f 3780/3345/3777 3781/3346/3778 3796/3361/3793 3795/3360/3792
f 3781/3346/3778 3782/3347/3779 3797/3362/3794 3796/3361/3793
f 3782/3347/3779 3783/3348/3780 3798/3363/3795 3797/3362/3794
f 3783/3348/3780 3784/3349/3781 3799/3364/3796 3798/3363/3795
f 3784/3349/3781 3785/3350/3782 3800/3365/3797 3799/3364/3796
f 3785/3350/3782 3786/3351/3783 3801/3366/3798 3800/3365/3797
f 3787/3353/3784 3788/3352/3785 3803/3367/3800 3802/3368/3799
f 3788/3352/3785 3789/3354/3786 3804/3369/3801 3803/3367/3800
f 3789/3354/3786 3790/3355/3787 3805/3370/3802 3804/3369/3801
f 3790/3355/3787 3791/3356/3788 3806/3371/3803 3805/3370/3802
f 3791/3356/3788 3792/3357/3789 3807/3372/3804 3806/3371/3803
f 3792/3357/3789 3793/3358/3790 3808/3373/3805 3807/3372/3804
f 3793/3358/3790 3794/3359/3791 3809/3374/3806 3808/3373/3805
f 3794/3359/3791 3795/3360/3792 3810/3375/3807 3809/3374/3806
f 3795/3360/3792 3796/3361/3793 3811/3376/3808 3810/3375/3807
f 3796/3361/3793 3797/3362/3794 3812/3377/3809 3811/3376/3808
f 3797/3362/3794 3798/3363/3795 3813/3378/3810 3812/3377/3809
f 3798/3363/3795 3799/3364/3796 3814/3379/3811 3813/3378/3810
f 3799/3364/3796 3800/3365/3797 3815/3380/3812 3814/3379/3811
f 3800/3365/3797 3801/3366/3798 3816/3381/3813 3815/3380/3812
f 3802/3368/3799 3803/3367/3800 3818/3382/3815 3817/3383/3814
f 3803/3367/3800 3804/3369/3801 3819/3384/3816 3818/3382/3815
f 3804/3369/3801 3805/3370/3802 3820/3385/3817 3819/3384/3816
f 3805/3370/3802 3806/3371/3803 3821/3386/3818 3820/3385/3817
f 3806/3371/3803 3807/3372/3804 3822/3387/3819 3821/3386/3818
f 3807/3372/3804 3808/3373/3805 3823/3388/3820 3822/3387/3819
f 3808/3373/3805 3809/3374/3806 3824/3389/3821 3823/3388/3820
f 3809/3374/3806 3810/3375/3807 3825/3390/3822 3824/3389/3821
f 3810/3375/3807 3811/3376/3808 3826/3391/3823 3825/3390/3822
f 3811/3376/3808 3812/3377/3809 3827/3392/3824 3826/3391/3823
f 3812/3377/3809 3813/3378/3810 3828/3393/3825 3827/3392/3824
f 3813/3378/3810 3814/3379/3811 3829/3394/3826 3828/3393/3825
f 3814/3379/3811 3815/3380/3812 3830/3395/3827 3829/3394/3826
f 3815/3380/3812 3816/3381/3813 3831/3396/3828 3830/3395/3827
f 3817/3383/3814 3818/3382/3815 3833/3397/3830 3832/3398/3829
f 3818/3382/3815 3819/3384/3816 3834/3399/3831 3833/3397/3830
f 3819/3384/3816 3820/3385/3817 3835/3400/3832 3834/3399/3831
f 3820/3385/3817 3821/3386/3818 3836/3401/3833 3835/3400/3832
f 3821/3386/3818 3822/3387/3819 3837/3402/3834 3836/3401/3833
f 3822/3387/3819 3823/3388/3820 3838/3403/3835 3837/3402/3834
f 3823/3388/3820 3824/3389/3821 3839/3404/3836 3838/3403/3835
f 3824/3389/3821 3825/3390/3822 3840/3405/3837 3839/3404/3836
f 3825/3390/3822 3826/3391/3823 3841/3406/3838 3840/3405/3837
f 3826/3391/3823 3827/3392/3824 3842/3407/3839 3841/3406/3838
f 3827/3392/3824 3828/3393/3825 3843/3408/3840 3842/3407/3839
f 3828/3393/3825 3829/3394/3826 3844/3409/3841 3843/3408/3840
f 3829/3394/3826 3830/3395/3827 3845/3410/3842 3844/3409/3841
f 3830/3395/3827 3831/3396/3828 3846/3411/3843 3845/3410/3842
f 3832/3398/3829 3833/3397/3830 3848/3412/54 3847/3413/3844
f 3833/3397/3830 3834/3399/3831 3849/3414/3845 3848/3412/54
f 3834/3399/3831 3835/3400/3832 3850/3415/3846 3849/3414/3845
f 3835/3400/3832 3836/3401/3833 3851/3416/3847 3850/3415/3846
f 3836/3401/3833 3837/3402/3834 3852/3417/3848 3851/3416/3847
f 3837/3402/3834 3838/3403/3835 3853/3418/3849 3852/3417/3848
f 3838/3403/3835 3839/3404/3836 3854/3419/3850 3853/3418/3849
f 3839/3404/3836 3840/3405/3837 3855/3420/3851 3854/3419/3850
f 3840/3405/3837 3841/3406/3838 3856/3421/3852 3855/3420/3851
f 3841/3406/3838 3842/3407/3839 3857/3422/3853 3856/3421/3852
f 3842/3407/3839 3843/3408/3840 3858/3423/3854 3857/3422/3853
f 3843/3408/3840 3844/3409/3841 3859/3424/3855 3858/3423/3854
f 3844/3409/3841 3845/3410/3842 3860/3425/3856 3859/3424/3855
f 3845/3410/3842 3846/3411/3843 3861/3426/3857 3860/3425/3856
f 15/1890/15 667/3201/667 3637/3202/3634 217/2131/217
f 667/3201/667 668/3200/668 3638/3203/3635 3637/3202/3634
f 668/3200/668 669/3199/669 3639/3206/3636 3638/3203/3635
f 669/3199/669 670/3198/670 3640/3208/3637 3639/3206/3636
f 670/3198/670 671/3197/671 3641/3210/3638 3640/3208/3637
f 671/3197/671 672/3196/672 3642/3212/3639 3641/3210/3638
f 672/3196/672 673/3195/673 3643/3214/3640 3642/3212/3639
f 673/3195/673 674/3194/674 3644/3216/3641 3643/3214/3640
f 674/3194/674 675/3193/675 3645/3218/3642 3644/3216/3641
f 675/3193/675 676/3192/676 3646/3220/3643 3645/3218/3642
f 676/3192/676 677/3191/677 3647/3222/3644 3646/3220/3643
f 677/3191/677 678/3190/678 3648/3224/3645 3647/3222/3644
f 678/3190/678 679/3189/679 3649/3226/3646 3648/3224/3645
f 679/3189/679 680/3188/680 3650/3228/3647 3649/3226/3646
f 680/3188/680 681/3187/681 3651/3230/3648 3650/3228/3647
f 681/3187/681 21/3186/21 292/3427/292 3651/3230/3648
f 3651/3230/3648 292/3427/292 293/3428/293 3666/3231/3663
f 3666/3231/3663 293/3428/293 294/3429/294 3681/3246/3678
f 3681/3246/3678 294/3429/294 295/3430/295 3696/3261/3693
f 3696/3261/3693 295/3430/295 296/3431/296 3711/3276/3708
f 3711/3276/3708 296/3431/296 297/3432/297 3726/3291/3723
f 3726/3291/3723 297/3432/297 298/3433/298 3741/3306/3738
f 3741/3306/3738 298/3433/298 299/3434/299 3756/3321/3753
f 3756/3321/3753 299/3434/299 300/3435/300 3771/3336/3768
f 3771/3336/3768 300/3435/300 301/3436/301 3786/3351/3783
f 3786/3351/3783 301/3436/301 302/3437/302 3801/3366/3798
f 3801/3366/3798 302/3437/302 303/3438/303 3816/3381/3813
f 3816/3381/3813 303/3438/303 304/3439/304 3831/3396/3828
f 3831/3396/3828 304/3439/304 305/3440/305 3846/3411/3843
f 3846/3411/3843 305/3440/305 306/3441/306 3861/3426/3857
f 3861/3426/3857 306/3441/306 22/3442/22 756/3443/756
f 3860/3425/3856 3861/3426/3857 756/3443/756 755/3444/755
f 3859/3424/3855 3860/3425/3856 755/3444/755 754/3445/754
f 3858/3423/3854 3859/3424/3855 754/3445/754 753/3446/753
f 3857/3422/3853 3858/3423/3854 753/3446/753 752/3447/752
f 3856/3421/3852 3857/3422/3853 752/3447/752 751/3448/751
f 3855/3420/3851 3856/3421/3852 751/3448/751 750/3449/750
f 3854/3419/3850 3855/3420/3851 750/3449/750 749/3450/749
f 3853/3418/3849 3854/3419/3850 749/3450/749 748/3451/748
f 3852/3417/3848 3853/3418/3849 748/3451/748 747/3452/747
f 3851/3416/3847 3852/3417/3848 747/3452/747 746/3453/746
f 3850/3415/3846 3851/3416/3847 746/3453/746 745/3454/745
f 3849/3414/3845 3850/3415/3846 745/3454/745 744/3455/744
f 3848/3412/54 3849/3414/3845 744/3455/744 743/3456/743
f 3847/3413/3844 3848/3412/54 743/3456/743 742/3457/742
f 231/2145/231 3847/3413/3844 742/3457/742 16/2146/16
f 230/2144/230 3832/3398/3829 3847/3413/3844 231/2145/231
f 229/2143/229 3817/3383/3814 3832/3398/3829 230/2144/230
f 228/2142/228 3802/3368/3799 3817/3383/3814 229/2143/229
f 227/2141/227 3787/3353/3784 3802/3368/3799 228/2142/228
f 226/2140/226 3772/3338/3769 3787/3353/3784 227/2141/227
f 225/2139/225 3757/3323/3754 3772/3338/3769 226/2140/226
f 224/2138/224 3742/3308/3739 3757/3323/3754 225/2139/225
f 223/2137/223 3727/3293/3724 3742/3308/3739 224/2138/224
f 222/2136/222 3712/3278/3709 3727/3293/3724 223/2137/223
f 221/2135/221 3697/3263/3694 3712/3278/3709 222/2136/222
f 220/2134/220 3682/3248/3679 3697/3263/3694 221/2135/221
f 219/2133/219 3667/3233/3664 3682/3248/3679 220/2134/220
f 218/2132/218 3652/3205/3649 3667/3233/3664 219/2133/219
f 217/2131/217 3637/3202/3634 3652/3205/3649 218/2132/218
f 3862/3458/3858 3863/3459/3859 3878/3460/3874 3877/3461/3873
f 3863/3459/3859 3864/3462/3860 3879/3463/3875 3878/3460/3874
f 3864/3462/3860 3865/3464/3861 3880/3465/3876 3879/3463/3875
f 3865/3464/3861 3866/3466/3862 3881/3467/3877 3880/3465/3876
f 3866/3466/3862 3867/3468/3863 3882/3469/3878 3881/3467/3877
f 3867/3468/3863 3868/3470/3864 3883/3471/3879 3882/3469/3878
f 3868/3470/3864 3869/3472/3865 3884/3473/3880 3883/3471/3879
f 3869/3472/3865 3870/3474/3866 3885/3475/3881 3884/3473/3880
f 3870/3474/3866 3871/3476/3867 3886/3477/3882 3885/3475/3881
f 3871/3476/3867 3872/3478/3868 3887/3479/3883 3886/3477/3882
f 3872/3478/3868 3873/3480/3869 3888/3481/3884 3887/3479/3883
f 3873/3480/3869 3874/3482/3870 3889/3483/3885 3888/3481/3884
f 3874/3482/3870 3875/3484/3871 3890/3485/3886 3889/3483/3885
f 3875/3484/3871 3876/3486/3872 3891/3487/3887 3890/3485/3886
f 3877/3461/3873 3878/3460/3874 3893/3488/3889 3892/3489/3888
f 3878/3460/3874 3879/3463/3875 3894/3490/3890 3893/3488/3889
f 3879/3463/3875 3880/3465/3876 3895/3491/3891 3894/3490/3890
f 3880/3465/3876 3881/3467/3877 3896/3492/3892 3895/3491/3891
f 3881/3467/3877 3882/3469/3878 3897/3493/3893 3896/3492/3892
f 3882/3469/3878 3883/3471/3879 3898/3494/3894 3897/3493/3893
f 3883/3471/3879 3884/3473/3880 3899/3495/3895 3898/3494/3894
f 3884/3473/3880 3885/3475/3881 3900/3496/3896 3899/3495/3895
f 3885/3475/3881 3886/3477/3882 3901/3497/3897 3900/3496/3896
f 3886/3477/3882 3887/3479/3883 3902/3498/3898 3901/3497/3897
f 3887/3479/3883 3888/3481/3884 3903/3499/3899 3902/3498/3898
f 3888/3481/3884 3889/3483/3885 3904/3500/3900 3903/3499/3899
f 3889/3483/3885 3890/3485/3886 3905/3501/3901 3904/3500/3900
f 3890/3485/3886 3891/3487/3887 3906/3502/3902 3905/3501/3901
f 3892/3489/3888 3893/3488/3889 3908/3503/3904 3907/3504/3903
f 3893/3488/3889 3894/3490/3890 3909/3505/3905 3908/3503/3904
f 3894/3490/3890 3895/3491/3891 3910/3506/3906 3909/3505/3905
f 3895/3491/3891 3896/3492/3892 3911/3507/3907 3910/3506/3906
f 3896/3492/3892 3897/3493/3893 3912/3508/3908 3911/3507/3907
f 3897/3493/3893 3898/3494/3894 3913/3509/3909 3912/3508/3908
f 3898/3494/3894 3899/3495/3895 3914/3510/3910 3913/3509/3909
f 3899/3495/3895 3900/3496/3896 3915/3511/3911 3914/3510/3910
f 3900/3496/3896 3901/3497/3897 3916/3512/3912 3915/3511/3911
f 3901/3497/3897 3902/3498/3898 3917/3513/3913 3916/3512/3912
f 3902/3498/3898 3903/3499/3899 3918/3514/3914 3917/3513/3913
f 3903/3499/3899 3904/3500/3900 3919/3515/3915 3918/3514/3914
f 3904/3500/3900 3905/3501/3901 3920/3516/3916 3919/3515/3915
f 3905/3501/3901 3906/3502/3902 3921/3517/3917 3920/3516/3916
f 3907/3504/3903 3908/3503/3904 3923/3518/3919 3922/3519/3918
f 3908/3503/3904 3909/3505/3905 3924/3520/3920 3923/3518/3919
f 3909/3505/3905 3910/3506/3906 3925/3521/3921 3924/3520/3920
f 3910/3506/3906 3911/3507/3907 3926/3522/3922 3925/3521/3921
f 3911/3507/3907 3912/3508/3908 3927/3523/3923 3926/3522/3922
f 3912/3508/3908 3913/3509/3909 3928/3524/3924 3927/3523/3923
f 3913/3509/3909 3914/3510/3910 3929/3525/3925 3928/3524/3924
f 3914/3510/3910 3915/3511/3911 3930/3526/3926 3929/3525/3925
f 3915/3511/3911 3916/3512/3912 3931/3527/3927 3930/3526/3926
f 3916/3512/3912 3917/3513/3913 3932/3528/3928 3931/3527/3927
f 3917/3513/3913 3918/3514/3914 3933/3529/3929 3932/3528/3928
f 3918/3514/3914 3919/3515/3915 3934/3530/3930 3933/3529/3929
f 3919/3515/3915 3920/3516/3916 3935/3531/3931 3934/3530/3930
f 3920/3516/3916 3921/3517/3917 3936/3532/3932 3935/3531/3931
f 3922/3519/3918 3923/3518/3919 3938/3533/3934 3937/3534/3933
f 3923/3518/3919 3924/3520/3920 3939/3535/3935 3938/3533/3934
f 3924/3520/3920 3925/3521/3921 3940/3536/3936 3939/3535/3935
f 3925/3521/3921 3926/3522/3922 3941/3537/3937 3940/3536/3936
f 3926/3522/3922 3927/3523/3923 3942/3538/3938 3941/3537/3937
f 3927/3523/3923 3928/3524/3924 3943/3539/3939 3942/3538/3938
f 3928/3524/3924 3929/3525/3925 3944/3540/3940 3943/3539/3939
f 3929/3525/3925 3930/3526/3926 3945/3541/3941 3944/3540/3940
f 3930/3526/3926 3931/3527/3927 3946/3542/3942 3945/3541/3941
f 3931/3527/3927 3932/3528/3928 3947/3543/3943 3946/3542/3942
f 3932/3528/3928 3933/3529/3929 3948/3544/3944 3947/3543/3943
f 3933/3529/3929 3934/3530/3930 3949/3545/3945 3948/3544/3944
f 3934/3530/3930 3935/3531/3931 3950/3546/3946 3949/3545/3945
f 3935/3531/3931 3936/3532/3932 3951/3547/3947 3950/3546/3946
f 3937/3534/3933 3938/3533/3934 3953/3548/3949 3952/3549/3948
f 3938/3533/3934 3939/3535/3935 3954/3550/3950 3953/3548/3949
f 3939/3535/3935 3940/3536/3936 3955/3551/3951 3954/3550/3950
f 3940/3536/3936 3941/3537/3937 3956/3552/3952 3955/3551/3951
f 3941/3537/3937 3942/3538/3938 3957/3553/3953 3956/3552/3952
f 3942/3538/3938 3943/3539/3939 3958/3554/3954 3957/3553/3953
f 3943/3539/3939 3944/3540/3940 3959/3555/3955 3958/3554/3954
f 3944/3540/3940 3945/3541/3941 3960/3556/3956 3959/3555/3955
f 3945/3541/3941 3946/3542/3942 3961/3557/3957 3960/3556/3956
f 3946/3542/3942 3947/3543/3943 3962/3558/3958 3961/3557/3957
f 3947/3543/3943 3948/3544/3944 3963/3559/3959 3962/3558/3958
f 3948/3544/3944 3949/3545/3945 3964/3560/3960 3963/3559/3959
f 3949/3545/3945 3950/3546/3946 3965/3561/3961 3964/3560/3960
f 3950/3546/3946 3951/3547/3947 3966/3562/3962 3965/3561/3961
f 3952/3549/3948 3953/3548/3949 3968/3563/3964 3967/3564/3963
f 3953/3548/3949 3954/3550/3950 3969/3565/3965 3968/3563/3964
f 3954/3550/3950 3955/3551/3951 3970/3566/3966 3969/3565/3965
f 3955/3551/3951 3956/3552/3952 3971/3567/3967 3970/3566/3966
f 3956/3552/3952 3957/3553/3953 3972/3568/3968 3971/3567/3967
f 3957/3553/3953 3958/3554/3954 3973/3569/3969 3972/3568/3968
f 3958/3554/3954 3959/3555/3955 3974/3570/3970 3973/3569/3969
f 3959/3555/3955 3960/3556/3956 3975/3571/3971 3974/3570/3970
f 3960/3556/3956 3961/3557/3957 3976/3572/3972 3975/3571/3971
f 3961/3557/3957 3962/3558/3958 3977/3573/3973 3976/3572/3972
f 3962/3558/3958 3963/3559/3959 3978/3574/3974 3977/3573/3973
f 3963/3559/3959 3964/3560/3960 3979/3575/3975 3978/3574/3974
f 3964/3560/3960 3965/3561/3961 3980/3576/3976 3979/3575/3975
f 3965/3561/3961 3966/3562/3962 3981/3577/3977 3980/3576/3976
f 3967/3564/3963 3968/3563/3964 3983/3578/3979 3982/3579/3978
f 3968/3563/3964 3969/3565/3965 3984/3580/3980 3983/3578/3979
f 3969/3565/3965 3970/3566/3966 3985/3581/3981 3984/3580/3980
f 3970/3566/3966 3971/3567/3967 3986/3582/3982 3985/3581/3981
f 3971/3567/3967 3972/3568/3968 3987/3583/3983 3986/3582/3982
f 3972/3568/3968 3973/3569/3969 3988/3584/3984 3987/3583/3983
f 3973/3569/3969 3974/3570/3970 3989/3585/3985 3988/3584/3984
f 3974/3570/3970 3975/3571/3971 3990/3586/3986 3989/3585/3985
f 3975/3571/3971 3976/3572/3972 3991/3587/3987 3990/3586/3986
f 3976/3572/3972 3977/3573/3973 3992/3588/3988 3991/3587/3987
f 3977/3573/3973 3978/3574/3974 3993/3589/3989 3992/3588/3988
f 3978/3574/3974 3979/3575/3975 3994/3590/3990 3993/3589/3989
f 3979/3575/3975 3980/3576/3976 3995/3591/3991 3994/3590/3990
f 3980/3576/3976 3981/3577/3977 3996/3592/3992 3995/3591/3991
f 3982/3579/3978 3983/3578/3979 3998/3593/3994 3997/3594/3993
f 3983/3578/3979 3984/3580/3980 3999/3595/3995 3998/3593/3994
f 3984/3580/3980 3985/3581/3981 4000/3596/3996 3999/3595/3995
f 3985/3581/3981 3986/3582/3982 4001/3597/3997 4000/3596/3996
f 3986/3582/3982 3987/3583/3983 4002/3598/3998 4001/3597/3997
f 3987/3583/3983 3988/3584/3984 4003/3599/3999 4002/3598/3998
f 3988/3584/3984 3989/3585/3985 4004/3600/4000 4003/3599/3999
f 3989/3585/3985 3990/3586/3986 4005/3601/4001 4004/3600/4000
f 3990/3586/3986 3991/3587/3987 4006/3602/4002 4005/3601/4001
f 3991/3587/3987 3992/3588/3988 4007/3603/4003 4006/3602/4002
f 3992/3588/3988 3993/3589/3989 4008/3604/4004 4007/3603/4003
f 3993/3589/3989 3994/3590/3990 4009/3605/4005 4008/3604/4004
f 3994/3590/3990 3995/3591/3991 4010/3606/4006 4009/3605/4005
f 3995/3591/3991 3996/3592/3992 4011/3607/4007 4010/3606/4006
f 3997/3594/3993 3998/3593/3994 4013/3608/4009 4012/3609/4008
f 3998/3593/3994 3999/3595/3995 4014/3610/4010 4013/3608/4009
f 3999/3595/3995 4000/3596/3996 4015/3611/4011 4014/3610/4010
f 4000/3596/3996 4001/3597/3997 4016/3612/4012 4015/3611/4011
f 4001/3597/3997 4002/3598/3998 4017/3613/4013 4016/3612/4012
f 4002/3598/3998 4003/3599/3999 4018/3614/4014 4017/3613/4013
f 4003/3599/3999 4004/3600/4000 4019/3615/4015 4018/3614/4014
f 4004/3600/4000 4005/3601/4001 4020/3616/4016 4019/3615/4015
f 4005/3601/4001 4006/3602/4002 4021/3617/4017 4020/3616/4016
f 4006/3602/4002 4007/3603/4003 4022/3618/4018 4021/3617/4017
f 4007/3603/4003 4008/3604/4004 4023/3619/4019 4022/3618/4018
f 4008/3604/4004 4009/3605/4005 4024/3620/4020 4023/3619/4019
f 4009/3605/4005 4010/3606/4006 4025/3621/4021 4024/3620/4020
f 4010/3606/4006 4011/3607/4007 4026/3622/4022 4025/3621/4021
f 4012/3609/4008 4013/3608/4009 4028/3623/4024 4027/3624/4023
f 4013/3608/4009 4014/3610/4010 4029/3625/4025 4028/3623/4024
f 4014/3610/4010 4015/3611/4011 4030/3626/4026 4029/3625/4025
f 4015/3611/4011 4016/3612/4012 4031/3627/4027 4030/3626/4026
f 4016/3612/4012 4017/3613/4013 4032/3628/4028 4031/3627/4027
f 4017/3613/4013 4018/3614/4014 4033/3629/4029 4032/3628/4028
f 4018/3614/4014 4019/3615/4015 4034/3630/4030 4033/3629/4029
f 4019/3615/4015 4020/3616/4016 4035/3631/4031 4034/3630/4030
f 4020/3616/4016 4021/3617/4017 4036/3632/4032 4035/3631/4031
f 4021/3617/4017 4022/3618/4018 4037/3633/4033 4036/3632/4032
f 4022/3618/4018 4023/3619/4019 4038/3634/4034 4037/3633/4033
f 4023/3619/4019 4024/3620/4020 4039/3635/4035 4038/3634/4034
f 4024/3620/4020 4025/3621/4021 4040/3636/4036 4039/3635/4035
f 4025/3621/4021 4026/3622/4022 4041/3637/4037 4040/3636/4036
f 4027/3624/4023 4028/3623/4024 4043/3638/4039 4042/3639/4038
f 4028/3623/4024 4029/3625/4025 4044/3640/4040 4043/3638/4039
f 4029/3625/4025 4030/3626/4026 4045/3641/4041 4044/3640/4040
f 4030/3626/4026 4031/3627/4027 4046/3642/4042 4045/3641/4041
f 4031/3627/4027 4032/3628/4028 4047/3643/4043 4046/3642/4042
f 4032/3628/4028 4033/3629/4029 4048/3644/4044 4047/3643/4043
f 4033/3629/4029 4034/3630/4030 4049/3645/4045 4048/3644/4044
f 4034/3630/4030 4035/3631/4031 4050/3646/4046 4049/3645/4045
f 4035/3631/4031 4036/3632/4032 4051/3647/4047 4050/3646/4046
f 4036/3632/4032 4037/3633/4033 4052/3648/4048 4051/3647/4047
f 4037/3633/4033 4038/3634/4034 4053/3649/4049 4052/3648/4048
f 4038/3634/4034 4039/3635/4035 4054/3650/4050 4053/3649/4049
f 4039/3635/4035 4040/3636/4036 4055/3651/4051 4054/3650/4050
f 4040/3636/4036 4041/3637/4037 4056/3652/4052 4055/3651/4051
f 4042/3639/4038 4043/3638/4039 4058/3653/4054 4057/3654/4053
f 4043/3638/4039 4044/3640/4040 4059/3655/4055 4058/3653/4054
f 4044/3640/4040 4045/3641/4041 4060/3656/4056 4059/3655/4055
f 4045/3641/4041 4046/3642/4042 4061/3657/4057 4060/3656/4056
f 4046/3642/4042 4047/3643/4043 4062/3658/4058 4061/3657/4057
f 4047/3643/4043 4048/3644/4044 4063/3659/4059 4062/3658/4058
f 4048/3644/4044 4049/3645/4045 4064/3660/4060 4063/3659/4059
f 4049/3645/4045 4050/3646/4046 4065/3661/4061 4064/3660/4060
f 4050/3646/4046 4051/3647/4047 4066/3662/4062 4065/3661/4061
f 4051/3647/4047 4052/3648/4048 4067/3663/4063 4066/3662/4062
f 4052/3648/4048 4053/3649/4049 4068/3664/4064 4067/3663/4063
f 4053/3649/4049 4054/3650/4050 4069/3665/4065 4068/3664/4064
f 4054/3650/4050 4055/3651/4051 4070/3666/4066 4069/3665/4065
f 4055/3651/4051 4056/3652/4052 4071/3667/4067 4070/3666/4066
f 4057/3654/4053 4058/3653/4054 4073/3668/4069 4072/3669/4068
f 4058/3653/4054 4059/3655/4055 4074/3670/4070 4073/3668/4069
f 4059/3655/4055 4060/3656/4056 4075/3671/4071 4074/3670/4070
f 4060/3656/4056 4061/3657/4057 4076/3672/4072 4075/3671/4071
f 4061/3657/4057 4062/3658/4058 4077/3673/4073 4076/3672/4072
f 4062/3658/4058 4063/3659/4059 4078/3674/4074 4077/3673/4073
f 4063/3659/4059 4064/3660/4060 4079/3675/4075 4078/3674/4074
f 4064/3660/4060 4065/3661/4061 4080/3676/4076 4079/3675/4075
f 4065/3661/4061 4066/3662/4062 4081/3677/4077 4080/3676/4076
f 4066/3662/4062 4067/3663/4063 4082/3678/4078 4081/3677/4077
f 4067/3663/4063 4068/3664/4064 4083/3679/4079 4082/3678/4078
f 4068/3664/4064 4069/3665/4065 4084/3680/4080 4083/3679/4079
f 4069/3665/4065 4070/3666/4066 4085/3681/4081 4084/3680/4080
f 4070/3666/4066 4071/3667/4067 4086/3682/4082 4085/3681/4081
f 16/2146/16 742/3457/742 3862/3458/3858 232/2387/232
f 742/3457/742 743/3456/743 3863/3459/3859 3862/3458/3858
f 743/3456/743 744/3455/744 3864/3462/3860 3863/3459/3859
f 744/3455/744 745/3454/745 3865/3464/3861 3864/3462/3860
f 745/3454/745 746/3453/746 3866/3466/3862 3865/3464/3861
f 746/3453/746 747/3452/747 3867/3468/3863 3866/3466/3862
f 747/3452/747 748/3451/748 3868/3470/3864 3867/3468/3863
f 748/3451/748 749/3450/749 3869/3472/3865 3868/3470/3864
f 749/3450/749 750/3449/750 3870/3474/3866 3869/3472/3865
f 750/3449/750 751/3448/751 3871/3476/3867 3870/3474/3866
f 751/3448/751 752/3447/752 3872/3478/3868 3871/3476/3867
f 752/3447/752 753/3446/753 3873/3480/3869 3872/3478/3868
f 753/3446/753 754/3445/754 3874/3482/3870 3873/3480/3869
f 754/3445/754 755/3444/755 3875/3484/3871 3874/3482/3870
f 755/3444/755 756/3443/756 3876/3486/3872 3875/3484/3871
f 756/3443/756 22/3442/22 307/3683/307 3876/3486/3872
f 3876/3486/3872 307/3683/307 308/3684/308 3891/3487/3887
f 3891/3487/3887 308/3684/308 309/3685/309 3906/3502/3902
f 3906/3502/3902 309/3685/309 310/3686/310 3921/3517/3917
f 3921/3517/3917 310/3686/310 311/3687/311 3936/3532/3932
f 3936/3532/3932 311/3687/311 312/3688/312 3951/3547/3947
f 3951/3547/3947 312/3688/312 313/3689/313 3966/3562/3962
f 3966/3562/3962 313/3689/313 314/3690/314 3981/3577/3977
f 3981/3577/3977 314/3690/314 315/3691/315 3996/3592/3992
f 3996/3592/3992 315/3691/315 316/3692/316 4011/3607/4007
f 4011/3607/4007 316/3692/316 317/3693/317 4026/3622/4022
f 4026/3622/4022 317/3693/317 318/3694/318 4041/3637/4037
f 4041/3637/4037 318/3694/318 319/3695/319 4056/3652/4052
f 4056/3652/4052 319/3695/319 320/3696/320 4071/3667/4067
f 4071/3667/4067 320/3696/320 321/3697/321 4086/3682/4082
f 4086/3682/4082 321/3697/321 23/3698/23 831/3699/831
f 4085/3681/4081 4086/3682/4082 831/3699/831 830/3700/830
f 4084/3680/4080 4085/3681/4081 830/3700/830 829/3701/829
f 4083/3679/4079 4084/3680/4080 829/3701/829 828/3702/828
f 4082/3678/4078 4083/3679/4079 828/3702/828 827/3703/827
f 4081/3677/4077 4082/3678/4078 827/3703/827 826/3704/826
f 4080/3676/4076 4081/3677/4077 826/3704/826 825/3705/825
f 4079/3675/4075 4080/3676/4076 825/3705/825 824/3706/824
f 4078/3674/4074 4079/3675/4075 824/3706/824 823/3707/823
f 4077/3673/4073 4078/3674/4074 823/3707/823 822/3708/822
f 4076/3672/4072 4077/3673/4073 822/3708/822 821/3709/821
f 4075/3671/4071 4076/3672/4072 821/3709/821 820/3710/820
f 4074/3670/4070 4075/3671/4071 820/3710/820 819/3711/819
f 4073/3668/4069 4074/3670/4070 819/3711/819 818/3712/818
f 4072/3669/4068 4073/3668/4069 818/3712/818 817/3713/817
f 246/2401/246 4072/3669/4068 817/3713/817 17/2402/17
f 245/2400/245 4057/3654/4053 4072/3669/4068 246/2401/246
f 244/2399/244 4042/3639/4038 4057/3654/4053 245/2400/245
f 243/2398/243 4027/3624/4023 4042/3639/4038 244/2399/244
f 242/2397/242 4012/3609/4008 4027/3624/4023 243/2398/243
f 241/2396/241 3997/3594/3993 4012/3609/4008 242/2397/242
f 240/2395/240 3982/3579/3978 3997/3594/3993 241/2396/241
f 239/2394/239 3967/3564/3963 3982/3579/3978 240/2395/240
f 238/2393/238 3952/3549/3948 3967/3564/3963 239/2394/239
f 237/2392/237 3937/3534/3933 3952/3549/3948 238/2393/238
f 236/2391/236 3922/3519/3918 3937/3534/3933 237/2392/237
f 235/2390/235 3907/3504/3903 3922/3519/3918 236/2391/236
f 234/2389/234 3892/3489/3888 3907/3504/3903 235/2390/235
f 233/2388/233 3877/3461/3873 3892/3489/3888 234/2389/234
f 232/2387/232 3862/3458/3858 3877/3461/3873 233/2388/233
f 4087/3714/4083 4088/3715/4084 4103/3716/4099 4102/3717/4098
f 4088/3715/4084 4089/3718/4085 4104/3719/4100 4103/3716/4099
f 4089/3718/4085 4090/3720/4086 4105/3721/4101 4104/3719/4100
f 4090/3720/4086 4091/3722/4087 4106/3723/4102 4105/3721/4101
f 4091/3722/4087 4092/3724/4088 4107/3725/4103 4106/3723/4102
f 4092/3724/4088 4093/3726/4089 4108/3727/4104 4107/3725/4103
f 4093/3726/4089 4094/3728/4090 4109/3729/4105 4108/3727/4104
f 4094/3728/4090 4095/3730/4091 4110/3731/4106 4109/3729/4105
f 4095/3730/4091 4096/3732/4092 4111/3733/4107 4110/3731/4106
f 4096/3732/4092 4097/3734/4093 4112/3735/4108 4111/3733/4107
f 4097/3734/4093 4098/3736/4094 4113/3737/4109 4112/3735/4108
f 4098/3736/4094 4099/3738/4095 4114/3739/4110 4113/3737/4109
f 4099/3738/4095 4100/3740/4096 4115/3741/4111 4114/3739/4110
f 4100/3740/4096 4101/3742/4097 4116/3743/4112 4115/3741/4111
f 4102/3717/4098 4103/3716/4099 4118/3744/4114 4117/3745/4113
f 4103/3716/4099 4104/3719/4100 4119/3746/4115 4118/3744/4114
f 4104/3719/4100 4105/3721/4101 4120/3747/4116 4119/3746/4115
f 4105/3721/4101 4106/3723/4102 4121/3748/4117 4120/3747/4116
f 4106/3723/4102 4107/3725/4103 4122/3749/4118 4121/3748/4117
f 4107/3725/4103 4108/3727/4104 4123/3750/4119 4122/3749/4118
f 4108/3727/4104 4109/3729/4105 4124/3751/4120 4123/3750/4119
f 4109/3729/4105 4110/3731/4106 4125/3752/4121 4124/3751/4120
f 4110/3731/4106 4111/3733/4107 4126/3753/4122 4125/3752/4121
f 4111/3733/4107 4112/3735/4108 4127/3754/4123 4126/3753/4122
f 4112/3735/4108 4113/3737/4109 4128/3755/4124 4127/3754/4123
f 4113/3737/4109 4114/3739/4110 4129/3756/4125 4128/3755/4124
f 4114/3739/4110 4115/3741/4111 4130/3757/4126 4129/3756/4125
f 4115/3741/4111 4116/3743/4112 4131/3758/4127 4130/3757/4126
f 4117/3745/4113 4118/3744/4114 4133/3759/4129 4132/3760/4128
f 4118/3744/4114 4119/3746/4115 4134/3761/4130 4133/3759/4129
f 4119/3746/4115 4120/3747/4116 4135/3762/4131 4134/3761/4130
f 4120/3747/4116 4121/3748/4117 4136/3763/4132 4135/3762/4131
f 4121/3748/4117 4122/3749/4118 4137/3764/4133 4136/3763/4132
f 4122/3749/4118 4123/3750/4119 4138/3765/4134 4137/3764/4133
f 4123/3750/4119 4124/3751/4120 4139/3766/4135 4138/3765/4134
f 4124/3751/4120 4125/3752/4121 4140/3767/4136 4139/3766/4135
f 4125/3752/4121 4126/3753/4122 4141/3768/4137 4140/3767/4136
f 4126/3753/4122 4127/3754/4123 4142/3769/4138 4141/3768/4137
f 4127/3754/4123 4128/3755/4124 4143/3770/4139 4142/3769/4138
f 4128/3755/4124 4129/3756/4125 4144/3771/4140 4143/3770/4139
f 4129/3756/4125 4130/3757/4126 4145/3772/4141 4144/3771/4140
f 4130/3757/4126 4131/3758/4127 4146/3773/4142 4145/3772/4141
f 4132/3760/4128 4133/3759/4129 4148/3774/4144 4147/3775/4143
f 4133/3759/4129 4134/3761/4130 4149/3776/4145 4148/3774/4144
f 4134/3761/4130 4135/3762/4131 4150/3777/4146 4149/3776/4145
f 4135/3762/4131 4136/3763/4132 4151/3778/4147 4150/3777/4146
f 4136/3763/4132 4137/3764/4133 4152/3779/4148 4151/3778/4147
f 4137/3764/4133 4138/3765/4134 4153/3780/4149 4152/3779/4148
f 4138/3765/4134 4139/3766/4135 4154/3781/4150 4153/3780/4149
f 4139/3766/4135 4140/3767/4136 4155/3782/4151 4154/3781/4150
f 4140/3767/4136 4141/3768/4137 4156/3783/4152 4155/3782/4151
f 4141/3768/4137 4142/3769/4138 4157/3784/4153 4156/3783/4152
f 4142/3769/4138 4143/3770/4139 4158/3785/4154 4157/3784/4153
f 4143/3770/4139 4144/3771/4140 4159/3786/4155 4158/3785/4154
f 4144/3771/4140 4145/3772/4141 4160/3787/4156 4159/3786/4155
f 4145/3772/4141 4146/3773/4142 4161/3788/4157 4160/3787/4156
f 4147/3775/4143 4148/3774/4144 4163/3789/4159 4162/3790/4158
f 4148/3774/4144 4149/3776/4145 4164/3791/4160 4163/3789/4159
f 4149/3776/4145 4150/3777/4146 4165/3792/4161 4164/3791/4160
f 4150/3777/4146 4151/3778/4147 4166/3793/4162 4165/3792/4161
f 4151/3778/4147 4152/3779/4148 4167/3794/4163 4166/3793/4162
f 4152/3779/4148 4153/3780/4149 4168/3795/4164 4167/3794/4163
f 4153/3780/4149 4154/3781/4150 4169/3796/4165 4168/3795/4164
f 4154/3781/4150 4155/3782/4151 4170/3797/4166 4169/3796/4165
f 4155/3782/4151 4156/3783/4152 4171/3798/4167 4170/3797/4166
f 4156/3783/4152 4157/3784/4153 4172/3799/4168 4171/3798/4167
f 4157/3784/4153 4158/3785/4154 4173/3800/4169 4172/3799/4168
f 4158/3785/4154 4159/3786/4155 4174/3801/4170 4173/3800/4169
f 4159/3786/4155 4160/3787/4156 4175/3802/4171 4174/3801/4170
f 4160/3787/4156 4161/3788/4157 4176/3803/4172 4175/3802/4171
f 4162/3790/4158 4163/3789/4159 4178/3804/4174 4177/3805/4173
f 4163/3789/4159 4164/3791/4160 4179/3806/4175 4178/3804/4174
f 4164/3791/4160 4165/3792/4161 4180/3807/4176 4179/3806/4175
f 4165/3792/4161 4166/3793/4162 4181/3808/4177 4180/3807/4176
f 4166/3793/4162 4167/3794/4163 4182/3809/4178 4181/3808/4177
f 4167/3794/4163 4168/3795/4164 4183/3810/4179 4182/3809/4178
f 4168/3795/4164 4169/3796/4165 4184/3811/4180 4183/3810/4179
f 4169/3796/4165 4170/3797/4166 4185/3812/4181 4184/3811/4180
f 4170/3797/4166 4171/3798/4167 4186/3813/4182 4185/3812/4181
f 4171/3798/4167 4172/3799/4168 4187/3814/4183 4186/3813/4182
f 4172/3799/4168 4173/3800/4169 4188/3815/4184 4187/3814/4183
f 4173/3800/4169 4174/3801/4170 4189/3816/4185 4188/3815/4184
f 4174/3801/4170 4175/3802/4171 4190/3817/4186 4189/3816/4185
f 4175/3802/4171 4176/3803/4172 4191/3818/4187 4190/3817/4186
f 4177/3805/4173 4178/3804/4174 4193/3819/4189 4192/3820/4188
f 4178/3804/4174 4179/3806/4175 4194/3821/4190 4193/3819/4189
f 4179/3806/4175 4180/3807/4176 4195/3822/4191 4194/3821/4190
f 4180/3807/4176 4181/3808/4177 4196/3823/4192 4195/3822/4191
f 4181/3808/4177 4182/3809/4178 4197/3824/4193 4196/3823/4192
f 4182/3809/4178 4183/3810/4179 4198/3825/4194 4197/3824/4193
f 4183/3810/4179 4184/3811/4180 4199/3826/4195 4198/3825/4194
f 4184/3811/4180 4185/3812/4181 4200/3827/4196 4199/3826/4195
f 4185/3812/4181 4186/3813/4182 4201/3828/4197 4200/3827/4196
f 4186/3813/4182 4187/3814/4183 4202/3829/4198 4201/3828/4197
f 4187/3814/4183 4188/3815/4184 4203/3830/4199 4202/3829/4198
f 4188/3815/4184 4189/3816/4185 4204/3831/4200 4203/3830/4199
f 4189/3816/4185 4190/3817/4186 4205/3832/4201 4204/3831/4200
f 4190/3817/4186 4191/3818/4187 4206/3833/4202 4205/3832/4201
f 4192/3820/4188 4193/3819/4189 4208/3834/4204 4207/3835/4203
f 4193/3819/4189 4194/3821/4190 4209/3836/4205 4208/3834/4204
f 4194/3821/4190 4195/3822/4191 4210/3837/4206 4209/3836/4205
f 4195/3822/4191 4196/3823/4192 4211/3838/4207 4210/3837/4206
f 4196/3823/4192 4197/3824/4193 4212/3839/4208 4211/3838/4207
f 4197/3824/4193 4198/3825/4194 4213/3840/4209 4212/3839/4208
f 4198/3825/4194 4199/3826/4195 4214/3841/4210 4213/3840/4209
f 4199/3826/4195 4200/3827/4196 4215/3842/4211 4214/3841/4210
f 4200/3827/4196 4201/3828/4197 4216/3843/4212 4215/3842/4211
f 4201/3828/4197 4202/3829/4198 4217/3844/4213 4216/3843/4212
f 4202/3829/4198 4203/3830/4199 4218/3845/4214 4217/3844/4213
f 4203/3830/4199 4204/3831/4200 4219/3846/4215 4218/3845/4214
f 4204/3831/4200 4205/3832/4201 4220/3847/4216 4219/3846/4215
f 4205/3832/4201 4206/3833/4202 4221/3848/4217 4220/3847/4216
f 4207/3835/4203 4208/3834/4204 4223/3849/4219 4222/3850/4218
f 4208/3834/4204 4209/3836/4205 4224/3851/4220 4223/3849/4219
f 4209/3836/4205 4210/3837/4206 4225/3852/4221 4224/3851/4220
f 4210/3837/4206 4211/3838/4207 4226/3853/4222 4225/3852/4221
f 4211/3838/4207 4212/3839/4208 4227/3854/4223 4226/3853/4222
f 4212/3839/4208 4213/3840/4209 4228/3855/4224 4227/3854/4223
f 4213/3840/4209 4214/3841/4210 4229/3856/4225 4228/3855/4224
f 4214/3841/4210 4215/3842/4211 4230/3857/4226 4229/3856/4225
f 4215/3842/4211 4216/3843/4212 4231/3858/4227 4230/3857/4226
f 4216/3843/4212 4217/3844/4213 4232/3859/4228 4231/3858/4227
f 4217/3844/4213 4218/3845/4214 4233/3860/4229 4232/3859/4228
f 4218/3845/4214 4219/3846/4215 4234/3861/4230 4233/3860/4229
f 4219/3846/4215 4220/3847/4216 4235/3862/4231 4234/3861/4230
f 4220/3847/4216 4221/3848/4217 4236/3863/4232 4235/3862/4231
f 4222/3850/4218 4223/3849/4219 4238/3864/4234 4237/3865/4233
f 4223/3849/4219 4224/3851/4220 4239/3866/4235 4238/3864/4234
f 4224/3851/4220 4225/3852/4221 4240/3867/4236 4239/3866/4235
f 4225/3852/4221 4226/3853/4222 4241/3868/4237 4240/3867/4236
f 4226/3853/4222 4227/3854/4223 4242/3869/4238 4241/3868/4237
f 4227/3854/4223 4228/3855/4224 4243/3870/3846 4242/3869/4238
f 4228/3855/4224 4229/3856/4225 4244/3871/4239 4243/3870/3846
f 4229/3856/4225 4230/3857/4226 4245/3872/4240 4244/3871/4239
f 4230/3857/4226 4231/3858/4227 4246/3873/4241 4245/3872/4240
f 4231/3858/4227 4232/3859/4228 4247/3874/4242 4246/3873/4241
f 4232/3859/4228 4233/3860/4229 4248/3875/4243 4247/3874/4242
f 4233/3860/4229 4234/3861/4230 4249/3876/4244 4248/3875/4243
f 4234/3861/4230 4235/3862/4231 4250/3877/4245 4249/3876/4244
f 4235/3862/4231 4236/3863/4232 4251/3878/4246 4250/3877/4245
f 4237/3865/4233 4238/3864/4234 4253/3879/4248 4252/3880/4247
f 4238/3864/4234 4239/3866/4235 4254/3881/4249 4253/3879/4248
f 4239/3866/4235 4240/3867/4236 4255/3882/4250 4254/3881/4249
f 4240/3867/4236 4241/3868/4237 4256/3883/4251 4255/3882/4250
f 4241/3868/4237 4242/3869/4238 4257/3884/4252 4256/3883/4251
f 4242/3869/4238 4243/3870/3846 4258/3885/4253 4257/3884/4252
f 4243/3870/3846 4244/3871/4239 4259/3886/4254 4258/3885/4253
f 4244/3871/4239 4245/3872/4240 4260/3887/4255 4259/3886/4254
f 4245/3872/4240 4246/3873/4241 4261/3888/4256 4260/3887/4255
f 4246/3873/4241 4247/3874/4242 4262/3889/4257 4261/3888/4256
f 4247/3874/4242 4248/3875/4243 4263/3890/4258 4262/3889/4257
f 4248/3875/4243 4249/3876/4244 4264/3891/4259 4263/3890/4258
f 4249/3876/4244 4250/3877/4245 4265/3892/4260 4264/3891/4259
f 4250/3877/4245 4251/3878/4246 4266/3893/4261 4265/3892/4260
f 4252/3880/4247 4253/3879/4248 4268/3894/4263 4267/3895/4262
f 4253/3879/4248 4254/3881/4249 4269/3896/4264 4268/3894/4263
f 4254/3881/4249 4255/3882/4250 4270/3897/4265 4269/3896/4264
f 4255/3882/4250 4256/3883/4251 4271/3898/4266 4270/3897/4265
f 4256/3883/4251 4257/3884/4252 4272/3899/4267 4271/3898/4266
f 4257/3884/4252 4258/3885/4253 4273/3900/4268 4272/3899/4267
f 4258/3885/4253 4259/3886/4254 4274/3901/4269 4273/3900/4268
f 4259/3886/4254 4260/3887/4255 4275/3902/4270 4274/3901/4269
f 4260/3887/4255 4261/3888/4256 4276/3903/4271 4275/3902/4270
f 4261/3888/4256 4262/3889/4257 4277/3904/4272 4276/3903/4271
f 4262/3889/4257 4263/3890/4258 4278/3905/4273 4277/3904/4272
f 4263/3890/4258 4264/3891/4259 4279/3906/4274 4278/3905/4273
f 4264/3891/4259 4265/3892/4260 4280/3907/4275 4279/3906/4274
f 4265/3892/4260 4266/3893/4261 4281/3908/4276 4280/3907/4275
f 4267/3895/4262 4268/3894/4263 4283/3909/4278 4282/3910/4277
f 4268/3894/4263 4269/3896/4264 4284/3911/4279 4283/3909/4278
f 4269/3896/4264 4270/3897/4265 4285/3912/4280 4284/3911/4279
f 4270/3897/4265 4271/3898/4266 4286/3913/4281 4285/3912/4280
f 4271/3898/4266 4272/3899/4267 4287/3914/4282 4286/3913/4281
f 4272/3899/4267 4273/3900/4268 4288/3915/4283 4287/3914/4282
f 4273/3900/4268 4274/3901/4269 4289/3916/4284 4288/3915/4283
f 4274/3901/4269 4275/3902/4270 4290/3917/4285 4289/3916/4284
f 4275/3902/4270 4276/3903/4271 4291/3918/4286 4290/3917/4285
f 4276/3903/4271 4277/3904/4272 4292/3919/4287 4291/3918/4286
f 4277/3904/4272 4278/3905/4273 4293/3920/4288 4292/3919/4287
f 4278/3905/4273 4279/3906/4274 4294/3921/4289 4293/3920/4288
f 4279/3906/4274 4280/3907/4275 4295/3922/4290 4294/3921/4289
f 4280/3907/4275 4281/3908/4276 4296/3923/4291 4295/3922/4290
f 4282/3910/4277 4283/3909/4278 4298/3924/4293 4297/3925/4292
f 4283/3909/4278 4284/3911/4279 4299/3926/4294 4298/3924/4293
f 4284/3911/4279 4285/3912/4280 4300/3927/4295 4299/3926/4294
f 4285/3912/4280 4286/3913/4281 4301/3928/4296 4300/3927/4295
f 4286/3913/4281 4287/3914/4282 4302/3929/4297 4301/3928/4296
f 4287/3914/4282 4288/3915/4283 4303/3930/4298 4302/3929/4297
f 4288/3915/4283 4289/3916/4284 4304/3931/4299 4303/3930/4298
f 4289/3916/4284 4290/3917/4285 4305/3932/4300 4304/3931/4299
f 4290/3917/4285 4291/3918/4286 4306/3933/4301 4305/3932/4300
f 4291/3918/4286 4292/3919/4287 4307/3934/4302 4306/3933/4301
f 4292/3919/4287 4293/3920/4288 4308/3935/4303 4307/3934/4302
f 4293/3920/4288 4294/3921/4289 4309/3936/4304 4308/3935/4303
f 4294/3921/4289 4295/3922/4290 4310/3937/4305 4309/3936/4304
f 4295/3922/4290 4296/3923/4291 4311/3938/4306 4310/3937/4305
f 17/2402/17 817/3713/817 4087/3714/4083 247/2643/247
f 817/3713/817 818/3712/818 4088/3715/4084 4087/3714/4083
f 818/3712/818 819/3711/819 4089/3718/4085 4088/3715/4084
f 819/3711/819 820/3710/820 4090/3720/4086 4089/3718/4085
f 820/3710/820 821/3709/821 4091/3722/4087 4090/3720/4086
f 821/3709/821 822/3708/822 4092/3724/4088 4091/3722/4087
f 822/3708/822 823/3707/823 4093/3726/4089 4092/3724/4088
f 823/3707/823 824/3706/824 4094/3728/4090 4093/3726/4089
f 824/3706/824 825/3705/825 4095/3730/4091 4094/3728/4090
f 825/3705/825 826/3704/826 4096/3732/4092 4095/3730/4091
f 826/3704/826 827/3703/827 4097/3734/4093 4096/3732/4092
f 827/3703/827 828/3702/828 4098/3736/4094 4097/3734/4093
f 828/3702/828 829/3701/829 4099/3738/4095 4098/3736/4094
f 829/3701/829 830/3700/830 4100/3740/4096 4099/3738/4095
f 830/3700/830 831/3699/831 4101/3742/4097 4100/3740/4096
f 831/3699/831 23/3698/23 322/3939/322 4101/3742/4097
f 4101/3742/4097 322/3939/322 323/3940/323 4116/3743/4112
f 4116/3743/4112 323/3940/323 324/3941/324 4131/3758/4127
f 4131/3758/4127 324/3941/324 325/3942/325 4146/3773/4142
f 4146/3773/4142 325/3942/325 326/3943/326 4161/3788/4157
f 4161/3788/4157 326/3943/326 327/3944/327 4176/3803/4172
f 4176/3803/4172 327/3944/327 328/3945/328 4191/3818/4187
f 4191/3818/4187 328/3945/328 329/3946/329 4206/3833/4202
f 4206/3833/4202 329/3946/329 330/3947/330 4221/3848/4217
f 4221/3848/4217 330/3947/330 331/3948/331 4236/3863/4232
f 4236/3863/4232 331/3948/331 332/3949/332 4251/3878/4246
f 4251/3878/4246 332/3949/332 333/3950/333 4266/3893/4261
f 4266/3893/4261 333/3950/333 334/3951/334 4281/3908/4276
f 4281/3908/4276 334/3951/334 335/3952/335 4296/3923/4291
f 4296/3923/4291 335/3952/335 336/3953/336 4311/3938/4306
f 4311/3938/4306 336/3953/336 24/3954/24 906/3955/906
f 4310/3937/4305 4311/3938/4306 906/3955/906 905/3956/905
f 4309/3936/4304 4310/3937/4305 905/3956/905 904/3957/904
f 4308/3935/4303 4309/3936/4304 904/3957/904 903/3958/903
f 4307/3934/4302 4308/3935/4303 903/3958/903 902/3959/902
f 4306/3933/4301 4307/3934/4302 902/3959/902 901/3960/901
f 4305/3932/4300 4306/3933/4301 901/3960/901 900/3961/900
f 4304/3931/4299 4305/3932/4300 900/3961/900 899/3962/899
f 4303/3930/4298 4304/3931/4299 899/3962/899 898/3963/898
f 4302/3929/4297 4303/3930/4298 898/3963/898 897/3964/897
f 4301/3928/4296 4302/3929/4297 897/3964/897 896/3965/896
f 4300/3927/4295 4301/3928/4296 896/3965/896 895/3966/895
f 4299/3926/4294 4300/3927/4295 895/3966/895 894/3967/894
f 4298/3924/4293 4299/3926/4294 894/3967/894 893/3968/893
f 4297/3925/4292 4298/3924/4293 893/3968/893 892/3969/892
f 261/2657/261 4297/3925/4292 892/3969/892 18/2658/18
f 260/2656/260 4282/3910/4277 4297/3925/4292 261/2657/261
f 259/2655/259 4267/3895/4262 4282/3910/4277 260/2656/260
f 258/2654/258 4252/3880/4247 4267/3895/4262 259/2655/259
f 257/2653/257 4237/3865/4233 4252/3880/4247 258/2654/258
f 256/2652/256 4222/3850/4218 4237/3865/4233 257/2653/257
f 255/2651/255 4207/3835/4203 4222/3850/4218 256/2652/256
f 254/2650/254 4192/3820/4188 4207/3835/4203 255/2651/255
f 253/2649/253 4177/3805/4173 4192/3820/4188 254/2650/254
f 252/2648/252 4162/3790/4158 4177/3805/4173 253/2649/253
f 251/2647/251 4147/3775/4143 4162/3790/4158 252/2648/252
f 250/2646/250 4132/3760/4128 4147/3775/4143 251/2647/251
f 249/2645/249 4117/3745/4113 4132/3760/4128 250/2646/250
f 248/2644/248 4102/3717/4098 4117/3745/4113 249/2645/249
f 247/2643/247 4087/3714/4083 4102/3717/4098 248/2644/248
f 4312/3970/4307 4313/3971/4308 4328/3972/4322 4327/3973/4321
f 4313/3971/4308 4314/3974/291 4329/3975/4323 4328/3972/4322
f 4314/3974/291 4315/3976/4309 4330/3977/4324 4329/3975/4323
f 4315/3976/4309 4316/3978/4310 4331/3979/4325 4330/3977/4324
f 4316/3978/4310 4317/3980/4311 4332/3981/4326 4331/3979/4325
f 4317/3980/4311 4318/3982/4312 4333/3983/4327 4332/3981/4326
f 4318/3982/4312 4319/3984/4313 4334/3985/4328 4333/3983/4327
f 4319/3984/4313 4320/3986/4314 4335/3987/4329 4334/3985/4328
f 4320/3986/4314 4321/3988/4315 4336/3989/4330 4335/3987/4329
f 4321/3988/4315 4322/3990/4316 4337/3991/4331 4336/3989/4330
f 4322/3990/4316 4323/3992/4317 4338/3993/4332 4337/3991/4331
f 4323/3992/4317 4324/3994/4318 4339/3995/4333 4338/3993/4332
f 4324/3994/4318 4325/3996/4319 4340/3997/4334 4339/3995/4333
f 4325/3996/4319 4326/3998/4320 4341/3999/4335 4340/3997/4334
f 4327/3973/4321 4328/3972/4322 4343/4000/4337 4342/4001/4336
f 4328/3972/4322 4329/3975/4323 4344/4002/4338 4343/4000/4337
f 4329/3975/4323 4330/3977/4324 4345/4003/4339 4344/4002/4338
f 4330/3977/4324 4331/3979/4325 4346/4004/4340 4345/4003/4339
f 4331/3979/4325 4332/3981/4326 4347/4005/4341 4346/4004/4340
f 4332/3981/4326 4333/3983/4327 4348/4006/4342 4347/4005/4341
f 4333/3983/4327 4334/3985/4328 4349/4007/4343 4348/4006/4342
f 4334/3985/4328 4335/3987/4329 4350/4008/4344 4349/4007/4343
f 4335/3987/4329 4336/3989/4330 4351/4009/4345 4350/4008/4344
f 4336/3989/4330 4337/3991/4331 4352/4010/4346 4351/4009/4345
f 4337/3991/4331 4338/3993/4332 4353/4011/4347 4352/4010/4346
f 4338/3993/4332 4339/3995/4333 4354/4012/4348 4353/4011/4347
f 4339/3995/4333 4340/3997/4334 4355/4013/4349 4354/4012/4348
f 4340/3997/4334 4341/3999/4335 4356/4014/4350 4355/4013/4349
f 4342/4001/4336 4343/4000/4337 4358/4015/4352 4357/4016/4351
f 4343/4000/4337 4344/4002/4338 4359/4017/4353 4358/4015/4352
f 4344/4002/4338 4345/4003/4339 4360/4018/4354 4359/4017/4353
f 4345/4003/4339 4346/4004/4340 4361/4019/4355 4360/4018/4354
f 4346/4004/4340 4347/4005/4341 4362/4020/4356 4361/4019/4355
f 4347/4005/4341 4348/4006/4342 4363/4021/4357 4362/4020/4356
f 4348/4006/4342 4349/4007/4343 4364/4022/4358 4363/4021/4357
f 4349/4007/4343 4350/4008/4344 4365/4023/4359 4364/4022/4358
f 4350/4008/4344 4351/4009/4345 4366/4024/4360 4365/4023/4359
f 4351/4009/4345 4352/4010/4346 4367/4025/4361 4366/4024/4360
f 4352/4010/4346 4353/4011/4347 4368/4026/4362 4367/4025/4361
f 4353/4011/4347 4354/4012/4348 4369/4027/4363 4368/4026/4362
f 4354/4012/4348 4355/4013/4349 4370/4028/4364 4369/4027/4363
f 4355/4013/4349 4356/4014/4350 4371/4029/4365 4370/4028/4364
f 4357/4016/4351 4358/4015/4352 4373/4030/4367 4372/4031/4366
f 4358/4015/4352 4359/4017/4353 4374/4032/4368 4373/4030/4367
f 4359/4017/4353 4360/4018/4354 4375/4033/4369 4374/4032/4368
f 4360/4018/4354 4361/4019/4355 4376/4034/4370 4375/4033/4369
f 4361/4019/4355 4362/4020/4356 4377/4035/4371 4376/4034/4370
f 4362/4020/4356 4363/4021/4357 4378/4036/4372 4377/4035/4371
f 4363/4021/4357 4364/4022/4358 4379/4037/4373 4378/4036/4372
f 4364/4022/4358 4365/4023/4359 4380/4038/4374 4379/4037/4373
f 4365/4023/4359 4366/4024/4360 4381/4039/4375 4380/4038/4374
f 4366/4024/4360 4367/4025/4361 4382/4040/4376 4381/4039/4375
f 4367/4025/4361 4368/4026/4362 4383/4041/4377 4382/4040/4376
f 4368/4026/4362 4369/4027/4363 4384/4042/4378 4383/4041/4377
f 4369/4027/4363 4370/4028/4364 4385/4043/4379 4384/4042/4378
f 4370/4028/4364 4371/4029/4365 4386/4044/4380 4385/4043/4379
f 4372/4031/4366 4373/4030/4367 4388/4045/4382 4387/4046/4381
f 4373/4030/4367 4374/4032/4368 4389/4047/4383 4388/4045/4382
f 4374/4032/4368 4375/4033/4369 4390/4048/4384 4389/4047/4383
f 4375/4033/4369 4376/4034/4370 4391/4049/4385 4390/4048/4384
f 4376/4034/4370 4377/4035/4371 4392/4050/4386 4391/4049/4385
f 4377/4035/4371 4378/4036/4372 4393/4051/4387 4392/4050/4386
f 4378/4036/4372 4379/4037/4373 4394/4052/4388 4393/4051/4387
f 4379/4037/4373 4380/4038/4374 4395/4053/4389 4394/4052/4388
f 4380/4038/4374 4381/4039/4375 4396/4054/4390 4395/4053/4389
f 4381/4039/4375 4382/4040/4376 4397/4055/4391 4396/4054/4390
f 4382/4040/4376 4383/4041/4377 4398/4056/4392 4397/4055/4391
f 4383/4041/4377 4384/4042/4378 4399/4057/4393 4398/4056/4392
f 4384/4042/4378 4385/4043/4379 4400/4058/4394 4399/4057/4393
f 4385/4043/4379 4386/4044/4380 4401/4059/4395 4400/4058/4394
f 4387/4046/4381 4388/4045/4382 4403/4060/4397 4402/4061/4396
f 4388/4045/4382 4389/4047/4383 4404/4062/4398 4403/4060/4397
f 4389/4047/4383 4390/4048/4384 4405/4063/4399 4404/4062/4398
f 4390/4048/4384 4391/4049/4385 4406/4064/4400 4405/4063/4399
f 4391/4049/4385 4392/4050/4386 4407/4065/4401 4406/4064/4400
f 4392/4050/4386 4393/4051/4387 4408/4066/4402 4407/4065/4401
f 4393/4051/4387 4394/4052/4388 4409/4067/4403 4408/4066/4402
f 4394/4052/4388 4395/4053/4389 4410/4068/4404 4409/4067/4403
f 4395/4053/4389 4396/4054/4390 4411/4069/4405 4410/4068/4404
f 4396/4054/4390 4397/4055/4391 4412/4070/4406 4411/4069/4405
f 4397/4055/4391 4398/4056/4392 4413/4071/4407 4412/4070/4406
f 4398/4056/4392 4399/4057/4393 4414/4072/4408 4413/4071/4407
f 4399/4057/4393 4400/4058/4394 4415/4073/4409 4414/4072/4408
f 4400/4058/4394 4401/4059/4395 4416/4074/4410 4415/4073/4409
f 4402/4061/4396 4403/4060/4397 4418/4075/4412 4417/4076/4411
f 4403/4060/4397 4404/4062/4398 4419/4077/4413 4418/4075/4412
f 4404/4062/4398 4405/4063/4399 4420/4078/4414 4419/4077/4413
f 4405/4063/4399 4406/4064/4400 4421/4079/4415 4420/4078/4414
f 4406/4064/4400 4407/4065/4401 4422/4080/4416 4421/4079/4415
f 4407/4065/4401 4408/4066/4402 4423/4081/4417 4422/4080/4416
f 4408/4066/4402 4409/4067/4403 4424/4082/4418 4423/4081/4417
f 4409/4067/4403 4410/4068/4404 4425/4083/4419 4424/4082/4418
f 4410/4068/4404 4411/4069/4405 4426/4084/4420 4425/4083/4419
f 4411/4069/4405 4412/4070/4406 4427/4085/4421 4426/4084/4420
f 4412/4070/4406 4413/4071/4407 4428/4086/4422 4427/4085/4421
f 4413/4071/4407 4414/4072/4408 4429/4087/4423 4428/4086/4422
f 4414/4072/4408 4415/4073/4409 4430/4088/4424 4429/4087/4423
f 4415/4073/4409 4416/4074/4410 4431/4089/4425 4430/4088/4424
f 4417/4076/4411 4418/4075/4412 4433/4090/4427 4432/4091/4426
f 4418/4075/4412 4419/4077/4413 4434/4092/4428 4433/4090/4427
f 4419/4077/4413 4420/4078/4414 4435/4093/4429 4434/4092/4428
f 4420/4078/4414 4421/4079/4415 4436/4094/4430 4435/4093/4429
f 4421/4079/4415 4422/4080/4416 4437/4095/4431 4436/4094/4430
f 4422/4080/4416 4423/4081/4417 4438/4096/4432 4437/4095/4431
f 4423/4081/4417 4424/4082/4418 4439/4097/4433 4438/4096/4432
f 4424/4082/4418 4425/4083/4419 4440/4098/4434 4439/4097/4433
f 4425/4083/4419 4426/4084/4420 4441/4099/4435 4440/4098/4434
f 4426/4084/4420 4427/4085/4421 4442/4100/4436 4441/4099/4435
f 4427/4085/4421 4428/4086/4422 4443/4101/4437 4442/4100/4436
f 4428/4086/4422 4429/4087/4423 4444/4102/4438 4443/4101/4437
f 4429/4087/4423 4430/4088/4424 4445/4103/4439 4444/4102/4438
f 4430/4088/4424 4431/4089/4425 4446/4104/4440 4445/4103/4439
f 4432/4091/4426 4433/4090/4427 4448/4105/4442 4447/4106/4441
f 4433/4090/4427 4434/4092/4428 4449/4107/4443 4448/4105/4442
f 4434/4092/4428 4435/4093/4429 4450/4108/4444 4449/4107/4443
f 4435/4093/4429 4436/4094/4430 4451/4109/4445 4450/4108/4444
f 4436/4094/4430 4437/4095/4431 4452/4110/4446 4451/4109/4445
f 4437/4095/4431 4438/4096/4432 4453/4111/4447 4452/4110/4446
f 4438/4096/4432 4439/4097/4433 4454/4112/4191 4453/4111/4447
f 4439/4097/4433 4440/4098/4434 4455/4113/4448 4454/4112/4191
f 4440/4098/4434 4441/4099/4435 4456/4114/4449 4455/4113/4448
f 4441/4099/4435 4442/4100/4436 4457/4115/4450 4456/4114/4449
f 4442/4100/4436 4443/4101/4437 4458/4116/4451 4457/4115/4450
f 4443/4101/4437 4444/4102/4438 4459/4117/4452 4458/4116/4451
f 4444/4102/4438 4445/4103/4439 4460/4118/4453 4459/4117/4452
f 4445/4103/4439 4446/4104/4440 4461/4119/4454 4460/4118/4453
f 4447/4106/4441 4448/4105/4442 4463/4120/4456 4462/4121/4455
f 4448/4105/4442 4449/4107/4443 4464/4122/4457 4463/4120/4456
f 4449/4107/4443 4450/4108/4444 4465/4123/4458 4464/4122/4457
f 4450/4108/4444 4451/4109/4445 4466/4124/4459 4465/4123/4458
f 4451/4109/4445 4452/4110/4446 4467/4125/4460 4466/4124/4459
f 4452/4110/4446 4453/4111/4447 4468/4126/4461 4467/4125/4460
f 4453/4111/4447 4454/4112/4191 4469/4127/4462 4468/4126/4461
f 4454/4112/4191 4455/4113/4448 4470/4128/4463 4469/4127/4462
f 4455/4113/4448 4456/4114/4449 4471/4129/4464 4470/4128/4463
f 4456/4114/4449 4457/4115/4450 4472/4130/4465 4471/4129/4464
f 4457/4115/4450 4458/4116/4451 4473/4131/4466 4472/4130/4465
f 4458/4116/4451 4459/4117/4452 4474/4132/4467 4473/4131/4466
f 4459/4117/4452 4460/4118/4453 4475/4133/4468 4474/4132/4467
f 4460/4118/4453 4461/4119/4454 4476/4134/4469 4475/4133/4468
f 4462/4121/4455 4463/4120/4456 4478/4135/4471 4477/4136/4470
f 4463/4120/4456 4464/4122/4457 4479/4137/4472 4478/4135/4471
f 4464/4122/4457 4465/4123/4458 4480/4138/4473 4479/4137/4472
f 4465/4123/4458 4466/4124/4459 4481/4139/4474 4480/4138/4473
f 4466/4124/4459 4467/4125/4460 4482/4140/4475 4481/4139/4474
f 4467/4125/4460 4468/4126/4461 4483/4141/4476 4482/4140/4475
f 4468/4126/4461 4469/4127/4462 4484/4142/4477 4483/4141/4476
f 4469/4127/4462 4470/4128/4463 4485/4143/4478 4484/4142/4477
f 4470/4128/4463 4471/4129/4464 4486/4144/4479 4485/4143/4478
f 4471/4129/4464 4472/4130/4465 4487/4145/4480 4486/4144/4479
f 4472/4130/4465 4473/4131/4466 4488/4146/4481 4487/4145/4480
f 4473/4131/4466 4474/4132/4467 4489/4147/4482 4488/4146/4481
f 4474/4132/4467 4475/4133/4468 4490/4148/4483 4489/4147/4482
f 4475/4133/4468 4476/4134/4469 4491/4149/4484 4490/4148/4483
f 4477/4136/4470 4478/4135/4471 4493/4150/4486 4492/4151/4485
f 4478/4135/4471 4479/4137/4472 4494/4152/4487 4493/4150/4486
f 4479/4137/4472 4480/4138/4473 4495/4153/4488 4494/4152/4487
f 4480/4138/4473 4481/4139/4474 4496/4154/4489 4495/4153/4488
f 4481/4139/4474 4482/4140/4475 4497/4155/4490 4496/4154/4489
f 4482/4140/4475 4483/4141/4476 4498/4156/4491 4497/4155/4490
f 4483/4141/4476 4484/4142/4477 4499/4157/4492 4498/4156/4491
f 4484/4142/4477 4485/4143/4478 4500/4158/4493 4499/4157/4492
f 4485/4143/4478 4486/4144/4479 4501/4159/4494 4500/4158/4493
f 4486/4144/4479 4487/4145/4480 4502/4160/4495 4501/4159/4494
f 4487/4145/4480 4488/4146/4481 4503/4161/4496 4502/4160/4495
f 4488/4146/4481 4489/4147/4482 4504/4162/4497 4503/4161/4496
f 4489/4147/4482 4490/4148/4483 4505/4163/4498 4504/4162/4497
f 4490/4148/4483 4491/4149/4484 4506/4164/4499 4505/4163/4498
f 4492/4151/4485 4493/4150/4486 4508/4165/4501 4507/4166/4500
f 4493/4150/4486 4494/4152/4487 4509/4167/4502 4508/4165/4501
f 4494/4152/4487 4495/4153/4488 4510/4168/4503 4509/4167/4502
f 4495/4153/4488 4496/4154/4489 4511/4169/4504 4510/4168/4503
f 4496/4154/4489 4497/4155/4490 4512/4170/4505 4511/4169/4504
f 4497/4155/4490 4498/4156/4491 4513/4171/4506 4512/4170/4505
f 4498/4156/4491 4499/4157/4492 4514/4172/4507 4513/4171/4506
f 4499/4157/4492 4500/4158/4493 4515/4173/4508 4514/4172/4507
f 4500/4158/4493 4501/4159/4494 4516/4174/4509 4515/4173/4508
f 4501/4159/4494 4502/4160/4495 4517/4175/4510 4516/4174/4509
f 4502/4160/4495 4503/4161/4496 4518/4176/4511 4517/4175/4510
f 4503/4161/4496 4504/4162/4497 4519/4177/4512 4518/4176/4511
f 4504/4162/4497 4505/4163/4498 4520/4178/4513 4519/4177/4512
f 4505/4163/4498 4506/4164/4499 4521/4179/4514 4520/4178/4513
f 4507/4166/4500 4508/4165/4501 4523/4180/4516 4522/4181/4515
f 4508/4165/4501 4509/4167/4502 4524/4182/4517 4523/4180/4516
f 4509/4167/4502 4510/4168/4503 4525/4183/4518 4524/4182/4517
f 4510/4168/4503 4511/4169/4504 4526/4184/4519 4525/4183/4518
f 4511/4169/4504 4512/4170/4505 4527/4185/4520 4526/4184/4519
f 4512/4170/4505 4513/4171/4506 4528/4186/4521 4527/4185/4520
f 4513/4171/4506 4514/4172/4507 4529/4187/4522 4528/4186/4521
f 4514/4172/4507 4515/4173/4508 4530/4188/4523 4529/4187/4522
f 4515/4173/4508 4516/4174/4509 4531/4189/4524 4530/4188/4523
f 4516/4174/4509 4517/4175/4510 4532/4190/4525 4531/4189/4524
f 4517/4175/4510 4518/4176/4511 4533/4191/4526 4532/4190/4525
f 4518/4176/4511 4519/4177/4512 4534/4192/4527 4533/4191/4526
f 4519/4177/4512 4520/4178/4513 4535/4193/4528 4534/4192/4527
f 4520/4178/4513 4521/4179/4514 4536/4194/4529 4535/4193/4528
f 19/2914/19 532/4195/532 4312/3970/4307 262/2915/262
f 532/4195/532 533/4196/533 4313/3971/4308 4312/3970/4307
f 533/4196/533 534/4197/534 4314/3974/291 4313/3971/4308
f 534/4197/534 535/4198/535 4315/3976/4309 4314/3974/291
f 535/4198/535 536/4199/536 4316/3978/4310 4315/3976/4309
f 536/4199/536 537/4200/537 4317/3980/4311 4316/3978/4310
f 537/4200/537 538/4201/538 4318/3982/4312 4317/3980/4311
f 538/4201/538 539/4202/539 4319/3984/4313 4318/3982/4312
f 539/4202/539 540/4203/540 4320/3986/4314 4319/3984/4313
f 540/4203/540 541/4204/541 4321/3988/4315 4320/3986/4314
f 541/4204/541 542/4205/542 4322/3990/4316 4321/3988/4315
f 542/4205/542 543/4206/543 4323/3992/4317 4322/3990/4316
f 543/4206/543 544/4207/544 4324/3994/4318 4323/3992/4317
f 544/4207/544 545/4208/545 4325/3996/4319 4324/3994/4318
f 545/4208/545 546/4209/546 4326/3998/4320 4325/3996/4319
f 546/4209/546 25/4210/25 337/4211/337 4326/3998/4320
f 4326/3998/4320 337/4211/337 338/4212/338 4341/3999/4335
f 4341/3999/4335 338/4212/338 339/4213/339 4356/4014/4350
f 4356/4014/4350 339/4213/339 340/4214/340 4371/4029/4365
f 4371/4029/4365 340/4214/340 341/4215/341 4386/4044/4380
f 4386/4044/4380 341/4215/341 342/4216/342 4401/4059/4395
f 4401/4059/4395 342/4216/342 343/4217/343 4416/4074/4410
f 4416/4074/4410 343/4217/343 344/4218/344 4431/4089/4425
f 4431/4089/4425 344/4218/344 345/4219/345 4446/4104/4440
f 4446/4104/4440 345/4219/345 346/4220/346 4461/4119/4454
f 4461/4119/4454 346/4220/346 347/4221/347 4476/4134/4469
f 4476/4134/4469 347/4221/347 348/4222/348 4491/4149/4484
f 4491/4149/4484 348/4222/348 349/4223/349 4506/4164/4499
f 4506/4164/4499 349/4223/349 350/4224/350 4521/4179/4514
f 4521/4179/4514 350/4224/350 351/4225/351 4536/4194/4529
f 4536/4194/4529 351/4225/351 26/4226/26 621/4227/621
f 4535/4193/4528 4536/4194/4529 621/4227/621 620/4228/620
f 4534/4192/4527 4535/4193/4528 620/4228/620 619/4229/619
f 4533/4191/4526 4534/4192/4527 619/4229/619 618/4230/618
f 4532/4190/4525 4533/4191/4526 618/4230/618 617/4231/617
f 4531/4189/4524 4532/4190/4525 617/4231/617 616/4232/616
f 4530/4188/4523 4531/4189/4524 616/4232/616 615/4233/615
f 4529/4187/4522 4530/4188/4523 615/4233/615 614/4234/614
f 4528/4186/4521 4529/4187/4522 614/4234/614 613/4235/613
f 4527/4185/4520 4528/4186/4521 613/4235/613 612/4236/612
f 4526/4184/4519 4527/4185/4520 612/4236/612 611/4237/611
f 4525/4183/4518 4526/4184/4519 611/4237/611 610/4238/610
f 4524/4182/4517 4525/4183/4518 610/4238/610 609/4239/609
f 4523/4180/4516 4524/4182/4517 609/4239/609 608/4240/608
f 4522/4181/4515 4523/4180/4516 608/4240/608 607/4241/607
f 276/2929/276 4522/4181/4515 607/4241/607 20/2930/20
f 275/2928/275 4507/4166/4500 4522/4181/4515 276/2929/276
f 274/2927/274 4492/4151/4485 4507/4166/4500 275/2928/275
f 273/2926/273 4477/4136/4470 4492/4151/4485 274/2927/274
f 272/2925/272 4462/4121/4455 4477/4136/4470 273/2926/273
f 271/2924/271 4447/4106/4441 4462/4121/4455 272/2925/272
f 270/2923/270 4432/4091/4426 4447/4106/4441 271/2924/271
f 269/2922/269 4417/4076/4411 4432/4091/4426 270/2923/270
f 268/2921/268 4402/4061/4396 4417/4076/4411 269/2922/269
f 267/2920/267 4387/4046/4381 4402/4061/4396 268/2921/268
f 266/2919/266 4372/4031/4366 4387/4046/4381 267/2920/267
f 265/2918/265 4357/4016/4351 4372/4031/4366 266/2919/266
f 264/2917/264 4342/4001/4336 4357/4016/4351 265/2918/265
f 263/2916/263 4327/3973/4321 4342/4001/4336 264/2917/264
f 262/2915/262 4312/3970/4307 4327/3973/4321 263/2916/263
f 4537/4242/4530 4538/4243/4531 4553/4244/4546 4552/4245/4545
f 4538/4243/4531 4539/4246/4532 4554/4247/4547 4553/4244/4546
f 4539/4246/4532 4540/4248/4533 4555/4249/4548 4554/4247/4547
f 4540/4248/4533 4541/4250/4534 4556/4251/4549 4555/4249/4548
f 4541/4250/4534 4542/4252/4535 4557/4253/4550 4556/4251/4549
f 4542/4252/4535 4543/4254/4536 4558/4255/4551 4557/4253/4550
f 4543/4254/4536 4544/4256/4537 4559/4257/4552 4558/4255/4551
f 4544/4256/4537 4545/4258/4538 4560/4259/4553 4559/4257/4552
f 4545/4258/4538 4546/4260/4539 4561/4261/4554 4560/4259/4553
f 4546/4260/4539 4547/4262/4540 4562/4263/4555 4561/4261/4554
f 4547/4262/4540 4548/4264/4541 4563/4265/4556 4562/4263/4555
f 4548/4264/4541 4549/4266/4542 4564/4267/4557 4563/4265/4556
f 4549/4266/4542 4550/4268/4543 4565/4269/4558 4564/4267/4557
f 4550/4268/4543 4551/4270/4544 4566/4271/4559 4565/4269/4558
f 4552/4245/4545 4553/4244/4546 4568/4272/4561 4567/4273/4560
f 4553/4244/4546 4554/4247/4547 4569/4274/4562 4568/4272/4561
f 4554/4247/4547 4555/4249/4548 4570/4275/4563 4569/4274/4562
f 4555/4249/4548 4556/4251/4549 4571/4276/4564 4570/4275/4563
f 4556/4251/4549 4557/4253/4550 4572/4277/4565 4571/4276/4564
f 4557/4253/4550 4558/4255/4551 4573/4278/4566 4572/4277/4565
f 4558/4255/4551 4559/4257/4552 4574/4279/4567 4573/4278/4566
f 4559/4257/4552 4560/4259/4553 4575/4280/4568 4574/4279/4567
f 4560/4259/4553 4561/4261/4554 4576/4281/4569 4575/4280/4568
f 4561/4261/4554 4562/4263/4555 4577/4282/4570 4576/4281/4569
f 4562/4263/4555 4563/4265/4556 4578/4283/4571 4577/4282/4570
f 4563/4265/4556 4564/4267/4557 4579/4284/4572 4578/4283/4571
f 4564/4267/4557 4565/4269/4558 4580/4285/4573 4579/4284/4572
f 4565/4269/4558 4566/4271/4559 4581/4286/4574 4580/4285/4573
f 4567/4273/4560 4568/4272/4561 4583/4287/4576 4582/4288/4575
f 4568/4272/4561 4569/4274/4562 4584/4289/4577 4583/4287/4576
f 4569/4274/4562 4570/4275/4563 4585/4290/4578 4584/4289/4577
f 4570/4275/4563 4571/4276/4564 4586/4291/4579 4585/4290/4578
f 4571/4276/4564 4572/4277/4565 4587/4292/4580 4586/4291/4579
f 4572/4277/4565 4573/4278/4566 4588/4293/4581 4587/4292/4580
f 4573/4278/4566 4574/4279/4567 4589/4294/4582 4588/4293/4581
f 4574/4279/4567 4575/4280/4568 4590/4295/4583 4589/4294/4582
f 4575/4280/4568 4576/4281/4569 4591/4296/4584 4590/4295/4583
f 4576/4281/4569 4577/4282/4570 4592/4297/4585 4591/4296/4584
f 4577/4282/4570 4578/4283/4571 4593/4298/4586 4592/4297/4585
f 4578/4283/4571 4579/4284/4572 4594/4299/4587 4593/4298/4586
f 4579/4284/4572 4580/4285/4573 4595/4300/4588 4594/4299/4587
f 4580/4285/4573 4581/4286/4574 4596/4301/4589 4595/4300/4588
f 4582/4288/4575 4583/4287/4576 4598/4302/4591 4597/4303/4590
f 4583/4287/4576 4584/4289/4577 4599/4304/4592 4598/4302/4591
f 4584/4289/4577 4585/4290/4578 4600/4305/4593 4599/4304/4592
f 4585/4290/4578 4586/4291/4579 4601/4306/4594 4600/4305/4593
f 4586/4291/4579 4587/4292/4580 4602/4307/4595 4601/4306/4594
f 4587/4292/4580 4588/4293/4581 4603/4308/4596 4602/4307/4595
f 4588/4293/4581 4589/4294/4582 4604/4309/4597 4603/4308/4596
f 4589/4294/4582 4590/4295/4583 4605/4310/4598 4604/4309/4597
f 4590/4295/4583 4591/4296/4584 4606/4311/4599 4605/4310/4598
f 4591/4296/4584 4592/4297/4585 4607/4312/4600 4606/4311/4599
f 4592/4297/4585 4593/4298/4586 4608/4313/4601 4607/4312/4600
f 4593/4298/4586 4594/4299/4587 4609/4314/4602 4608/4313/4601
f 4594/4299/4587 4595/4300/4588 4610/4315/4603 4609/4314/4602
f 4595/4300/4588 4596/4301/4589 4611/4316/4604 4610/4315/4603
f 4597/4303/4590 4598/4302/4591 4613/4317/4606 4612/4318/4605
f 4598/4302/4591 4599/4304/4592 4614/4319/4607 4613/4317/4606
f 4599/4304/4592 4600/4305/4593 4615/4320/4608 4614/4319/4607
f 4600/4305/4593 4601/4306/4594 4616/4321/4609 4615/4320/4608
f 4601/4306/4594 4602/4307/4595 4617/4322/4610 4616/4321/4609
f 4602/4307/4595 4603/4308/4596 4618/4323/4611 4617/4322/4610
f 4603/4308/4596 4604/4309/4597 4619/4324/4612 4618/4323/4611
f 4604/4309/4597 4605/4310/4598 4620/4325/4613 4619/4324/4612
f 4605/4310/4598 4606/4311/4599 4621/4326/4614 4620/4325/4613
f 4606/4311/4599 4607/4312/4600 4622/4327/4615 4621/4326/4614
f 4607/4312/4600 4608/4313/4601 4623/4328/4616 4622/4327/4615
f 4608/4313/4601 4609/4314/4602 4624/4329/4617 4623/4328/4616
f 4609/4314/4602 4610/4315/4603 4625/4330/4618 4624/4329/4617
f 4610/4315/4603 4611/4316/4604 4626/4331/4619 4625/4330/4618
f 4612/4318/4605 4613/4317/4606 4628/4332/4621 4627/4333/4620
f 4613/4317/4606 4614/4319/4607 4629/4334/4622 4628/4332/4621
f 4614/4319/4607 4615/4320/4608 4630/4335/4623 4629/4334/4622
f 4615/4320/4608 4616/4321/4609 4631/4336/4624 4630/4335/4623
f 4616/4321/4609 4617/4322/4610 4632/4337/4625 4631/4336/4624
f 4617/4322/4610 4618/4323/4611 4633/4338/4626 4632/4337/4625
f 4618/4323/4611 4619/4324/4612 4634/4339/4627 4633/4338/4626
f 4619/4324/4612 4620/4325/4613 4635/4340/4628 4634/4339/4627
f 4620/4325/4613 4621/4326/4614 4636/4341/4629 4635/4340/4628
f 4621/4326/4614 4622/4327/4615 4637/4342/4630 4636/4341/4629
f 4622/4327/4615 4623/4328/4616 4638/4343/4631 4637/4342/4630
f 4623/4328/4616 4624/4329/4617 4639/4344/4632 4638/4343/4631
f 4624/4329/4617 4625/4330/4618 4640/4345/4633 4639/4344/4632
f 4625/4330/4618 4626/4331/4619 4641/4346/4634 4640/4345/4633
f 4627/4333/4620 4628/4332/4621 4643/4347/4636 4642/4348/4635
f 4628/4332/4621 4629/4334/4622 4644/4349/4637 4643/4347/4636
f 4629/4334/4622 4630/4335/4623 4645/4350/4638 4644/4349/4637
f 4630/4335/4623 4631/4336/4624 4646/4351/4639 4645/4350/4638
f 4631/4336/4624 4632/4337/4625 4647/4352/4640 4646/4351/4639
f 4632/4337/4625 4633/4338/4626 4648/4353/4641 4647/4352/4640
f 4633/4338/4626 4634/4339/4627 4649/4354/4642 4648/4353/4641
f 4634/4339/4627 4635/4340/4628 4650/4355/4643 4649/4354/4642
f 4635/4340/4628 4636/4341/4629 4651/4356/4644 4650/4355/4643
f 4636/4341/4629 4637/4342/4630 4652/4357/4645 4651/4356/4644
f 4637/4342/4630 4638/4343/4631 4653/4358/4646 4652/4357/4645
f 4638/4343/4631 4639/4344/4632 4654/4359/4647 4653/4358/4646
f 4639/4344/4632 4640/4345/4633 4655/4360/4648 4654/4359/4647
f 4640/4345/4633 4641/4346/4634 4656/4361/4649 4655/4360/4648
f 4642/4348/4635 4643/4347/4636 4658/4362/4651 4657/4363/4650
f 4643/4347/4636 4644/4349/4637 4659/4364/4652 4658/4362/4651
f 4644/4349/4637 4645/4350/4638 4660/4365/4653 4659/4364/4652
f 4645/4350/4638 4646/4351/4639 4661/4366/4654 4660/4365/4653
f 4646/4351/4639 4647/4352/4640 4662/4367/4655 4661/4366/4654
f 4647/4352/4640 4648/4353/4641 4663/4368/4656 4662/4367/4655
f 4648/4353/4641 4649/4354/4642 4664/4369/4657 4663/4368/4656
f 4649/4354/4642 4650/4355/4643 4665/4370/4658 4664/4369/4657
f 4650/4355/4643 4651/4356/4644 4666/4371/4659 4665/4370/4658
f 4651/4356/4644 4652/4357/4645 4667/4372/4660 4666/4371/4659
f 4652/4357/4645 4653/4358/4646 4668/4373/4661 4667/4372/4660
f 4653/4358/4646 4654/4359/4647 4669/4374/4662 4668/4373/4661
f 4654/4359/4647 4655/4360/4648 4670/4375/4663 4669/4374/4662
f 4655/4360/4648 4656/4361/4649 4671/4376/4664 4670/4375/4663
f 4657/4363/4650 4658/4362/4651 4673/4377/4666 4672/4378/4665
f 4658/4362/4651 4659/4364/4652 4674/4379/4667 4673/4377/4666
f 4659/4364/4652 4660/4365/4653 4675/4380/4668 4674/4379/4667
f 4660/4365/4653 4661/4366/4654 4676/4381/4669 4675/4380/4668
f 4661/4366/4654 4662/4367/4655 4677/4382/4670 4676/4381/4669
f 4662/4367/4655 4663/4368/4656 4678/4383/4671 4677/4382/4670
f 4663/4368/4656 4664/4369/4657 4679/4384/4672 4678/4383/4671
f 4664/4369/4657 4665/4370/4658 4680/4385/4673 4679/4384/4672
f 4665/4370/4658 4666/4371/4659 4681/4386/4674 4680/4385/4673
f 4666/4371/4659 4667/4372/4660 4682/4387/4675 4681/4386/4674
f 4667/4372/4660 4668/4373/4661 4683/4388/4676 4682/4387/4675
f 4668/4373/4661 4669/4374/4662 4684/4389/4677 4683/4388/4676
f 4669/4374/4662 4670/4375/4663 4685/4390/4678 4684/4389/4677
f 4670/4375/4663 4671/4376/4664 4686/4391/4679 4685/4390/4678
f 4672/4378/4665 4673/4377/4666 4688/4392/4681 4687/4393/4680
f 4673/4377/4666 4674/4379/4667 4689/4394/4682 4688/4392/4681
f 4674/4379/4667 4675/4380/4668 4690/4395/4683 4689/4394/4682
f 4675/4380/4668 4676/4381/4669 4691/4396/4684 4690/4395/4683
f 4676/4381/4669 4677/4382/4670 4692/4397/4685 4691/4396/4684
f 4677/4382/4670 4678/4383/4671 4693/4398/4686 4692/4397/4685
f 4678/4383/4671 4679/4384/4672 4694/4399/4687 4693/4398/4686
f 4679/4384/4672 4680/4385/4673 4695/4400/4688 4694/4399/4687
f 4680/4385/4673 4681/4386/4674 4696/4401/4689 4695/4400/4688
f 4681/4386/4674 4682/4387/4675 4697/4402/4690 4696/4401/4689
f 4682/4387/4675 4683/4388/4676 4698/4403/4691 4697/4402/4690
f 4683/4388/4676 4684/4389/4677 4699/4404/4692 4698/4403/4691
f 4684/4389/4677 4685/4390/4678 4700/4405/4693 4699/4404/4692
f 4685/4390/4678 4686/4391/4679 4701/4406/4694 4700/4405/4693
f 4687/4393/4680 4688/4392/4681 4703/4407/4696 4702/4408/4695
f 4688/4392/4681 4689/4394/4682 4704/4409/4697 4703/4407/4696
f 4689/4394/4682 4690/4395/4683 4705/4410/4698 4704/4409/4697
f 4690/4395/4683 4691/4396/4684 4706/4411/4699 4705/4410/4698
f 4691/4396/4684 4692/4397/4685 4707/4412/4700 4706/4411/4699
f 4692/4397/4685 4693/4398/4686 4708/4413/4701 4707/4412/4700
f 4693/4398/4686 4694/4399/4687 4709/4414/4702 4708/4413/4701
f 4694/4399/4687 4695/4400/4688 4710/4415/4703 4709/4414/4702
f 4695/4400/4688 4696/4401/4689 4711/4416/4704 4710/4415/4703
f 4696/4401/4689 4697/4402/4690 4712/4417/4705 4711/4416/4704
f 4697/4402/4690 4698/4403/4691 4713/4418/4706 4712/4417/4705
f 4698/4403/4691 4699/4404/4692 4714/4419/4707 4713/4418/4706
f 4699/4404/4692 4700/4405/4693 4715/4420/4708 4714/4419/4707
f 4700/4405/4693 4701/4406/4694 4716/4421/4709 4715/4420/4708
f 4702/4408/4695 4703/4407/4696 4718/4422/4711 4717/4423/4710
f 4703/4407/4696 4704/4409/4697 4719/4424/4712 4718/4422/4711
f 4704/4409/4697 4705/4410/4698 4720/4425/4713 4719/4424/4712
f 4705/4410/4698 4706/4411/4699 4721/4426/4714 4720/4425/4713
f 4706/4411/4699 4707/4412/4700 4722/4427/4715 4721/4426/4714
f 4707/4412/4700 4708/4413/4701 4723/4428/4716 4722/4427/4715
f 4708/4413/4701 4709/4414/4702 4724/4429/4717 4723/4428/4716
f 4709/4414/4702 4710/4415/4703 4725/4430/4718 4724/4429/4717
f 4710/4415/4703 4711/4416/4704 4726/4431/4719 4725/4430/4718
f 4711/4416/4704 4712/4417/4705 4727/4432/4720 4726/4431/4719
f 4712/4417/4705 4713/4418/4706 4728/4433/4721 4727/4432/4720
f 4713/4418/4706 4714/4419/4707 4729/4434/4722 4728/4433/4721
f 4714/4419/4707 4715/4420/4708 4730/4435/4723 4729/4434/4722
f 4715/4420/4708 4716/4421/4709 4731/4436/4724 4730/4435/4723
f 4717/4423/4710 4718/4422/4711 4733/4437/4726 4732/4438/4725
f 4718/4422/4711 4719/4424/4712 4734/4439/4727 4733/4437/4726
f 4719/4424/4712 4720/4425/4713 4735/4440/4728 4734/4439/4727
f 4720/4425/4713 4721/4426/4714 4736/4441/4729 4735/4440/4728
f 4721/4426/4714 4722/4427/4715 4737/4442/4730 4736/4441/4729
f 4722/4427/4715 4723/4428/4716 4738/4443/4731 4737/4442/4730
f 4723/4428/4716 4724/4429/4717 4739/4444/4732 4738/4443/4731
f 4724/4429/4717 4725/4430/4718 4740/4445/4733 4739/4444/4732
f 4725/4430/4718 4726/4431/4719 4741/4446/4734 4740/4445/4733
f 4726/4431/4719 4727/4432/4720 4742/4447/4735 4741/4446/4734
f 4727/4432/4720 4728/4433/4721 4743/4448/4736 4742/4447/4735
f 4728/4433/4721 4729/4434/4722 4744/4449/4737 4743/4448/4736
f 4729/4434/4722 4730/4435/4723 4745/4450/4738 4744/4449/4737
f 4730/4435/4723 4731/4436/4724 4746/4451/4739 4745/4450/4738
f 4732/4438/4725 4733/4437/4726 4748/4452/4741 4747/4453/4740
f 4733/4437/4726 4734/4439/4727 4749/4454/4742 4748/4452/4741
f 4734/4439/4727 4735/4440/4728 4750/4455/4743 4749/4454/4742
f 4735/4440/4728 4736/4441/4729 4751/4456/4744 4750/4455/4743
f 4736/4441/4729 4737/4442/4730 4752/4457/4745 4751/4456/4744
f 4737/4442/4730 4738/4443/4731 4753/4458/4746 4752/4457/4745
f 4738/4443/4731 4739/4444/4732 4754/4459/4747 4753/4458/4746
f 4739/4444/4732 4740/4445/4733 4755/4460/4748 4754/4459/4747
f 4740/4445/4733 4741/4446/4734 4756/4461/4749 4755/4460/4748
f 4741/4446/4734 4742/4447/4735 4757/4462/4750 4756/4461/4749
f 4742/4447/4735 4743/4448/4736 4758/4463/4751 4757/4462/4750
f 4743/4448/4736 4744/4449/4737 4759/4464/4752 4758/4463/4751
f 4744/4449/4737 4745/4450/4738 4760/4465/4753 4759/4464/4752
f 4745/4450/4738 4746/4451/4739 4761/4466/4754 4760/4465/4753
f 20/2930/20 607/4241/607 4537/4242/4530 277/3171/277
f 607/4241/607 608/4240/608 4538/4243/4531 4537/4242/4530
f 608/4240/608 609/4239/609 4539/4246/4532 4538/4243/4531
f 609/4239/609 610/4238/610 4540/4248/4533 4539/4246/4532
f 610/4238/610 611/4237/611 4541/4250/4534 4540/4248/4533
f 611/4237/611 612/4236/612 4542/4252/4535 4541/4250/4534
f 612/4236/612 613/4235/613 4543/4254/4536 4542/4252/4535
f 613/4235/613 614/4234/614 4544/4256/4537 4543/4254/4536
f 614/4234/614 615/4233/615 4545/4258/4538 4544/4256/4537
f 615/4233/615 616/4232/616 4546/4260/4539 4545/4258/4538
f 616/4232/616 617/4231/617 4547/4262/4540 4546/4260/4539
f 617/4231/617 618/4230/618 4548/4264/4541 4547/4262/4540
f 618/4230/618 619/4229/619 4549/4266/4542 4548/4264/4541
f 619/4229/619 620/4228/620 4550/4268/4543 4549/4266/4542
f 620/4228/620 621/4227/621 4551/4270/4544 4550/4268/4543
f 621/4227/621 26/4226/26 352/4467/352 4551/4270/4544
f 4551/4270/4544 352/4467/352 353/4468/353 4566/4271/4559
f 4566/4271/4559 353/4468/353 354/4469/354 4581/4286/4574
f 4581/4286/4574 354/4469/354 355/4470/355 4596/4301/4589
f 4596/4301/4589 355/4470/355 356/4471/356 4611/4316/4604
f 4611/4316/4604 356/4471/356 357/4472/357 4626/4331/4619
f 4626/4331/4619 357/4472/357 358/4473/358 4641/4346/4634
f 4641/4346/4634 358/4473/358 359/4474/359 4656/4361/4649
f 4656/4361/4649 359/4474/359 360/4475/360 4671/4376/4664
f 4671/4376/4664 360/4475/360 361/4476/361 4686/4391/4679
f 4686/4391/4679 361/4476/361 362/4477/362 4701/4406/4694
f 4701/4406/4694 362/4477/362 363/4478/363 4716/4421/4709
f 4716/4421/4709 363/4478/363 364/4479/364 4731/4436/4724
f 4731/4436/4724 364/4479/364 365/4480/365 4746/4451/4739
f 4746/4451/4739 365/4480/365 366/4481/366 4761/4466/4754
f 4761/4466/4754 366/4481/366 27/4482/27 696/4483/696
f 4760/4465/4753 4761/4466/4754 696/4483/696 695/4484/695
f 4759/4464/4752 4760/4465/4753 695/4484/695 694/4485/694
f 4758/4463/4751 4759/4464/4752 694/4485/694 693/4486/693
f 4757/4462/4750 4758/4463/4751 693/4486/693 692/4487/692
f 4756/4461/4749 4757/4462/4750 692/4487/692 691/4488/691
f 4755/4460/4748 4756/4461/4749 691/4488/691 690/4489/690
f 4754/4459/4747 4755/4460/4748 690/4489/690 689/4490/689
f 4753/4458/4746 4754/4459/4747 689/4490/689 688/4491/688
f 4752/4457/4745 4753/4458/4746 688/4491/688 687/4492/687
f 4751/4456/4744 4752/4457/4745 687/4492/687 686/4493/686
f 4750/4455/4743 4751/4456/4744 686/4493/686 685/4494/685
f 4749/4454/4742 4750/4455/4743 685/4494/685 684/4495/684
f 4748/4452/4741 4749/4454/4742 684/4495/684 683/4496/683
f 4747/4453/4740 4748/4452/4741 683/4496/683 682/4497/682
f 291/3185/291 4747/4453/4740 682/4497/682 21/3186/21
f 290/3184/290 4732/4438/4725 4747/4453/4740 291/3185/291
f 289/3183/289 4717/4423/4710 4732/4438/4725 290/3184/290
f 288/3182/288 4702/4408/4695 4717/4423/4710 289/3183/289
f 287/3181/287 4687/4393/4680 4702/4408/4695 288/3182/288
f 286/3180/286 4672/4378/4665 4687/4393/4680 287/3181/287
f 285/3179/285 4657/4363/4650 4672/4378/4665 286/3180/286
f 284/3178/284 4642/4348/4635 4657/4363/4650 285/3179/285
f 283/3177/283 4627/4333/4620 4642/4348/4635 284/3178/284
f 282/3176/282 4612/4318/4605 4627/4333/4620 283/3177/283
f 281/3175/281 4597/4303/4590 4612/4318/4605 282/3176/282
f 280/3174/280 4582/4288/4575 4597/4303/4590 281/3175/281
f 279/3173/279 4567/4273/4560 4582/4288/4575 280/3174/280
f 278/3172/278 4552/4245/4545 4567/4273/4560 279/3173/279
f 277/3171/277 4537/4242/4530 4552/4245/4545 278/3172/278
f 4762/4498/4755 4763/4499/4756 4778/4500/4771 4777/4501/4770
f 4763/4499/4756 4764/4502/4757 4779/4503/4772 4778/4500/4771
f 4764/4502/4757 4765/4504/4758 4780/4505/4773 4779/4503/4772
f 4765/4504/4758 4766/4506/4759 4781/4507/4774 4780/4505/4773
f 4766/4506/4759 4767/4508/4760 4782/4509/4775 4781/4507/4774
f 4767/4508/4760 4768/4510/4761 4783/4511/4776 4782/4509/4775
f 4768/4510/4761 4769/4512/4762 4784/4513/4777 4783/4511/4776
f 4769/4512/4762 4770/4514/4763 4785/4515/4778 4784/4513/4777
f 4770/4514/4763 4771/4516/4764 4786/4517/4779 4785/4515/4778
f 4771/4516/4764 4772/4518/4765 4787/4519/4780 4786/4517/4779
f 4772/4518/4765 4773/4520/4766 4788/4521/4781 4787/4519/4780
f 4773/4520/4766 4774/4522/4767 4789/4523/4782 4788/4521/4781
f 4774/4522/4767 4775/4524/4768 4790/4525/4783 4789/4523/4782
f 4775/4524/4768 4776/4526/4769 4791/4527/4784 4790/4525/4783
f 4777/4501/4770 4778/4500/4771 4793/4528/4786 4792/4529/4785
f 4778/4500/4771 4779/4503/4772 4794/4530/4787 4793/4528/4786
f 4779/4503/4772 4780/4505/4773 4795/4531/4788 4794/4530/4787
f 4780/4505/4773 4781/4507/4774 4796/4532/4789 4795/4531/4788
f 4781/4507/4774 4782/4509/4775 4797/4533/4790 4796/4532/4789
f 4782/4509/4775 4783/4511/4776 4798/4534/4791 4797/4533/4790
f 4783/4511/4776 4784/4513/4777 4799/4535/4792 4798/4534/4791
f 4784/4513/4777 4785/4515/4778 4800/4536/4793 4799/4535/4792
f 4785/4515/4778 4786/4517/4779 4801/4537/4794 4800/4536/4793
f 4786/4517/4779 4787/4519/4780 4802/4538/4795 4801/4537/4794
f 4787/4519/4780 4788/4521/4781 4803/4539/4796 4802/4538/4795
f 4788/4521/4781 4789/4523/4782 4804/4540/4797 4803/4539/4796
f 4789/4523/4782 4790/4525/4783 4805/4541/4798 4804/4540/4797
f 4790/4525/4783 4791/4527/4784 4806/4542/4799 4805/4541/4798
f 4792/4529/4785 4793/4528/4786 4808/4543/4801 4807/4544/4800
f 4793/4528/4786 4794/4530/4787 4809/4545/4802 4808/4543/4801
f 4794/4530/4787 4795/4531/4788 4810/4546/4803 4809/4545/4802
f 4795/4531/4788 4796/4532/4789 4811/4547/4804 4810/4546/4803
f 4796/4532/4789 4797/4533/4790 4812/4548/4805 4811/4547/4804
f 4797/4533/4790 4798/4534/4791 4813/4549/4806 4812/4548/4805
f 4798/4534/4791 4799/4535/4792 4814/4550/4807 4813/4549/4806
f 4799/4535/4792 4800/4536/4793 4815/4551/4808 4814/4550/4807
f 4800/4536/4793 4801/4537/4794 4816/4552/4809 4815/4551/4808
f 4801/4537/4794 4802/4538/4795 4817/4553/4810 4816/4552/4809
f 4802/4538/4795 4803/4539/4796 4818/4554/4811 4817/4553/4810
f 4803/4539/4796 4804/4540/4797 4819/4555/4812 4818/4554/4811
f 4804/4540/4797 4805/4541/4798 4820/4556/4813 4819/4555/4812
f 4805/4541/4798 4806/4542/4799 4821/4557/4814 4820/4556/4813
f 4807/4544/4800 4808/4543/4801 4823/4558/4816 4822/4559/4815
f 4808/4543/4801 4809/4545/4802 4824/4560/4817 4823/4558/4816
f 4809/4545/4802 4810/4546/4803 4825/4561/4818 4824/4560/4817
f 4810/4546/4803 4811/4547/4804 4826/4562/4819 4825/4561/4818
f 4811/4547/4804 4812/4548/4805 4827/4563/4820 4826/4562/4819
f 4812/4548/4805 4813/4549/4806 4828/4564/4821 4827/4563/4820
f 4813/4549/4806 4814/4550/4807 4829/4565/4822 4828/4564/4821
f 4814/4550/4807 4815/4551/4808 4830/4566/4823 4829/4565/4822
f 4815/4551/4808 4816/4552/4809 4831/4567/4824 4830/4566/4823
f 4816/4552/4809 4817/4553/4810 4832/4568/4825 4831/4567/4824
f 4817/4553/4810 4818/4554/4811 4833/4569/4826 4832/4568/4825
f 4818/4554/4811 4819/4555/4812 4834/4570/4827 4833/4569/4826
f 4819/4555/4812 4820/4556/4813 4835/4571/4828 4834/4570/4827
f 4820/4556/4813 4821/4557/4814 4836/4572/4829 4835/4571/4828
f 4822/4559/4815 4823/4558/4816 4838/4573/4831 4837/4574/4830
f 4823/4558/4816 4824/4560/4817 4839/4575/4832 4838/4573/4831
f 4824/4560/4817 4825/4561/4818 4840/4576/4833 4839/4575/4832
f 4825/4561/4818 4826/4562/4819 4841/4577/4834 4840/4576/4833
f 4826/4562/4819 4827/4563/4820 4842/4578/4835 4841/4577/4834
f 4827/4563/4820 4828/4564/4821 4843/4579/4836 4842/4578/4835
f 4828/4564/4821 4829/4565/4822 4844/4580/4837 4843/4579/4836
f 4829/4565/4822 4830/4566/4823 4845/4581/4838 4844/4580/4837
f 4830/4566/4823 4831/4567/4824 4846/4582/4839 4845/4581/4838
f 4831/4567/4824 4832/4568/4825 4847/4583/4840 4846/4582/4839
f 4832/4568/4825 4833/4569/4826 4848/4584/4841 4847/4583/4840
f 4833/4569/4826 4834/4570/4827 4849/4585/4842 4848/4584/4841
f 4834/4570/4827 4835/4571/4828 4850/4586/4843 4849/4585/4842
f 4835/4571/4828 4836/4572/4829 4851/4587/4844 4850/4586/4843
f 4837/4574/4830 4838/4573/4831 4853/4588/4846 4852/4589/4845
f 4838/4573/4831 4839/4575/4832 4854/4590/4847 4853/4588/4846
f 4839/4575/4832 4840/4576/4833 4855/4591/4848 4854/4590/4847
f 4840/4576/4833 4841/4577/4834 4856/4592/4849 4855/4591/4848
f 4841/4577/4834 4842/4578/4835 4857/4593/4850 4856/4592/4849
f 4842/4578/4835 4843/4579/4836 4858/4594/4851 4857/4593/4850
f 4843/4579/4836 4844/4580/4837 4859/4595/4852 4858/4594/4851
f 4844/4580/4837 4845/4581/4838 4860/4596/4853 4859/4595/4852
f 4845/4581/4838 4846/4582/4839 4861/4597/4854 4860/4596/4853
f 4846/4582/4839 4847/4583/4840 4862/4598/4855 4861/4597/4854
f 4847/4583/4840 4848/4584/4841 4863/4599/4856 4862/4598/4855
f 4848/4584/4841 4849/4585/4842 4864/4600/4857 4863/4599/4856
f 4849/4585/4842 4850/4586/4843 4865/4601/4858 4864/4600/4857
f 4850/4586/4843 4851/4587/4844 4866/4602/4859 4865/4601/4858
f 4852/4589/4845 4853/4588/4846 4868/4603/4861 4867/4604/4860
f 4853/4588/4846 4854/4590/4847 4869/4605/4862 4868/4603/4861
f 4854/4590/4847 4855/4591/4848 4870/4606/4863 4869/4605/4862
f 4855/4591/4848 4856/4592/4849 4871/4607/4864 4870/4606/4863
f 4856/4592/4849 4857/4593/4850 4872/4608/4865 4871/4607/4864
f 4857/4593/4850 4858/4594/4851 4873/4609/4866 4872/4608/4865
f 4858/4594/4851 4859/4595/4852 4874/4610/4867 4873/4609/4866
f 4859/4595/4852 4860/4596/4853 4875/4611/4868 4874/4610/4867
f 4860/4596/4853 4861/4597/4854 4876/4612/4869 4875/4611/4868
f 4861/4597/4854 4862/4598/4855 4877/4613/4870 4876/4612/4869
f 4862/4598/4855 4863/4599/4856 4878/4614/4871 4877/4613/4870
f 4863/4599/4856 4864/4600/4857 4879/4615/4872 4878/4614/4871
f 4864/4600/4857 4865/4601/4858 4880/4616/4873 4879/4615/4872
f 4865/4601/4858 4866/4602/4859 4881/4617/4874 4880/4616/4873
f 4867/4604/4860 4868/4603/4861 4883/4618/4876 4882/4619/4875
f 4868/4603/4861 4869/4605/4862 4884/4620/4877 4883/4618/4876
f 4869/4605/4862 4870/4606/4863 4885/4621/4878 4884/4620/4877
f 4870/4606/4863 4871/4607/4864 4886/4622/4879 4885/4621/4878
f 4871/4607/4864 4872/4608/4865 4887/4623/4880 4886/4622/4879
f 4872/4608/4865 4873/4609/4866 4888/4624/4881 4887/4623/4880
f 4873/4609/4866 4874/4610/4867 4889/4625/4882 4888/4624/4881
f 4874/4610/4867 4875/4611/4868 4890/4626/4883 4889/4625/4882
f 4875/4611/4868 4876/4612/4869 4891/4627/4884 4890/4626/4883
f 4876/4612/4869 4877/4613/4870 4892/4628/4885 4891/4627/4884
f 4877/4613/4870 4878/4614/4871 4893/4629/4886 4892/4628/4885
f 4878/4614/4871 4879/4615/4872 4894/4630/4887 4893/4629/4886
f 4879/4615/4872 4880/4616/4873 4895/4631/4888 4894/4630/4887
f 4880/4616/4873 4881/4617/4874 4896/4632/4889 4895/4631/4888
f 4882/4619/4875 4883/4618/4876 4898/4633/4891 4897/4634/4890
f 4883/4618/4876 4884/4620/4877 4899/4635/4892 4898/4633/4891
f 4884/4620/4877 4885/4621/4878 4900/4636/4893 4899/4635/4892
f 4885/4621/4878 4886/4622/4879 4901/4637/4894 4900/4636/4893
f 4886/4622/4879 4887/4623/4880 4902/4638/4895 4901/4637/4894
f 4887/4623/4880 4888/4624/4881 4903/4639/4896 4902/4638/4895
f 4888/4624/4881 4889/4625/4882 4904/4640/4897 4903/4639/4896
f 4889/4625/4882 4890/4626/4883 4905/4641/4898 4904/4640/4897
f 4890/4626/4883 4891/4627/4884 4906/4642/4899 4905/4641/4898
f 4891/4627/4884 4892/4628/4885 4907/4643/4900 4906/4642/4899
f 4892/4628/4885 4893/4629/4886 4908/4644/4901 4907/4643/4900
f 4893/4629/4886 4894/4630/4887 4909/4645/4902 4908/4644/4901
f 4894/4630/4887 4895/4631/4888 4910/4646/4903 4909/4645/4902
f 4895/4631/4888 4896/4632/4889 4911/4647/4904 4910/4646/4903
f 4897/4634/4890 4898/4633/4891 4913/4648/4906 4912/4649/4905
f 4898/4633/4891 4899/4635/4892 4914/4650/4907 4913/4648/4906
f 4899/4635/4892 4900/4636/4893 4915/4651/4908 4914/4650/4907
f 4900/4636/4893 4901/4637/4894 4916/4652/4909 4915/4651/4908
f 4901/4637/4894 4902/4638/4895 4917/4653/4910 4916/4652/4909
f 4902/4638/4895 4903/4639/4896 4918/4654/4911 4917/4653/4910
f 4903/4639/4896 4904/4640/4897 4919/4655/4912 4918/4654/4911
f 4904/4640/4897 4905/4641/4898 4920/4656/4913 4919/4655/4912
f 4905/4641/4898 4906/4642/4899 4921/4657/4914 4920/4656/4913
f 4906/4642/4899 4907/4643/4900 4922/4658/4915 4921/4657/4914
f 4907/4643/4900 4908/4644/4901 4923/4659/4916 4922/4658/4915
f 4908/4644/4901 4909/4645/4902 4924/4660/4917 4923/4659/4916
f 4909/4645/4902 4910/4646/4903 4925/4661/4918 4924/4660/4917
f 4910/4646/4903 4911/4647/4904 4926/4662/4919 4925/4661/4918
f 4912/4649/4905 4913/4648/4906 4928/4663/4921 4927/4664/4920
f 4913/4648/4906 4914/4650/4907 4929/4665/4922 4928/4663/4921
f 4914/4650/4907 4915/4651/4908 4930/4666/4923 4929/4665/4922
f 4915/4651/4908 4916/4652/4909 4931/4667/4924 4930/4666/4923
f 4916/4652/4909 4917/4653/4910 4932/4668/4925 4931/4667/4924
f 4917/4653/4910 4918/4654/4911 4933/4669/4926 4932/4668/4925
f 4918/4654/4911 4919/4655/4912 4934/4670/4927 4933/4669/4926
f 4919/4655/4912 4920/4656/4913 4935/4671/4928 4934/4670/4927
f 4920/4656/4913 4921/4657/4914 4936/4672/4929 4935/4671/4928
f 4921/4657/4914 4922/4658/4915 4937/4673/4930 4936/4672/4929
f 4922/4658/4915 4923/4659/4916 4938/4674/4931 4937/4673/4930
f 4923/4659/4916 4924/4660/4917 4939/4675/4932 4938/4674/4931
f 4924/4660/4917 4925/4661/4918 4940/4676/4933 4939/4675/4932
f 4925/4661/4918 4926/4662/4919 4941/4677/4934 4940/4676/4933
f 4927/4664/4920 4928/4663/4921 4943/4678/4936 4942/4679/4935
f 4928/4663/4921 4929/4665/4922 4944/4680/4937 4943/4678/4936
f 4929/4665/4922 4930/4666/4923 4945/4681/4938 4944/4680/4937
f 4930/4666/4923 4931/4667/4924 4946/4682/4939 4945/4681/4938
f 4931/4667/4924 4932/4668/4925 4947/4683/4940 4946/4682/4939
f 4932/4668/4925 4933/4669/4926 4948/4684/4941 4947/4683/4940
f 4933/4669/4926 4934/4670/4927 4949/4685/4942 4948/4684/4941
f 4934/4670/4927 4935/4671/4928 4950/4686/4943 4949/4685/4942
f 4935/4671/4928 4936/4672/4929 4951/4687/4944 4950/4686/4943
f 4936/4672/4929 4937/4673/4930 4952/4688/4945 4951/4687/4944
f 4937/4673/4930 4938/4674/4931 4953/4689/4946 4952/4688/4945
f 4938/4674/4931 4939/4675/4932 4954/4690/4947 4953/4689/4946
f 4939/4675/4932 4940/4676/4933 4955/4691/4948 4954/4690/4947
f 4940/4676/4933 4941/4677/4934 4956/4692/4949 4955/4691/4948
f 4942/4679/4935 4943/4678/4936 4958/4693/4951 4957/4694/4950
f 4943/4678/4936 4944/4680/4937 4959/4695/4952 4958/4693/4951
f 4944/4680/4937 4945/4681/4938 4960/4696/4953 4959/4695/4952
f 4945/4681/4938 4946/4682/4939 4961/4697/4954 4960/4696/4953
f 4946/4682/4939 4947/4683/4940 4962/4698/4955 4961/4697/4954
f 4947/4683/4940 4948/4684/4941 4963/4699/4956 4962/4698/4955
f 4948/4684/4941 4949/4685/4942 4964/4700/4957 4963/4699/4956
f 4949/4685/4942 4950/4686/4943 4965/4701/4958 4964/4700/4957
f 4950/4686/4943 4951/4687/4944 4966/4702/4959 4965/4701/4958
f 4951/4687/4944 4952/4688/4945 4967/4703/4960 4966/4702/4959
f 4952/4688/4945 4953/4689/4946 4968/4704/4961 4967/4703/4960
f 4953/4689/4946 4954/4690/4947 4969/4705/4962 4968/4704/4961
f 4954/4690/4947 4955/4691/4948 4970/4706/4963 4969/4705/4962
f 4955/4691/4948 4956/4692/4949 4971/4707/4964 4970/4706/4963
f 4957/4694/4950 4958/4693/4951 4973/4708/4966 4972/4709/4965
f 4958/4693/4951 4959/4695/4952 4974/4710/4967 4973/4708/4966
f 4959/4695/4952 4960/4696/4953 4975/4711/4968 4974/4710/4967
f 4960/4696/4953 4961/4697/4954 4976/4712/4969 4975/4711/4968
f 4961/4697/4954 4962/4698/4955 4977/4713/4970 4976/4712/4969
f 4962/4698/4955 4963/4699/4956 4978/4714/4971 4977/4713/4970
f 4963/4699/4956 4964/4700/4957 4979/4715/4972 4978/4714/4971
f 4964/4700/4957 4965/4701/4958 4980/4716/4973 4979/4715/4972
f 4965/4701/4958 4966/4702/4959 4981/4717/4974 4980/4716/4973
f 4966/4702/4959 4967/4703/4960 4982/4718/4975 4981/4717/4974
f 4967/4703/4960 4968/4704/4961 4983/4719/4976 4982/4718/4975
f 4968/4704/4961 4969/4705/4962 4984/4720/4977 4983/4719/4976
f 4969/4705/4962 4970/4706/4963 4985/4721/4978 4984/4720/4977
f 4970/4706/4963 4971/4707/4964 4986/4722/4979 4985/4721/4978
f 21/3186/21 682/4497/682 4762/4498/4755 292/3427/292
f 682/4497/682 683/4496/683 4763/4499/4756 4762/4498/4755
f 683/4496/683 684/4495/684 4764/4502/4757 4763/4499/4756
f 684/4495/684 685/4494/685 4765/4504/4758 4764/4502/4757
f 685/4494/685 686/4493/686 4766/4506/4759 4765/4504/4758
f 686/4493/686 687/4492/687 4767/4508/4760 4766/4506/4759
f 687/4492/687 688/4491/688 4768/4510/4761 4767/4508/4760
f 688/4491/688 689/4490/689 4769/4512/4762 4768/4510/4761
f 689/4490/689 690/4489/690 4770/4514/4763 4769/4512/4762
f 690/4489/690 691/4488/691 4771/4516/4764 4770/4514/4763
f 691/4488/691 692/4487/692 4772/4518/4765 4771/4516/4764
f 692/4487/692 693/4486/693 4773/4520/4766 4772/4518/4765
f 693/4486/693 694/4485/694 4774/4522/4767 4773/4520/4766
f 694/4485/694 695/4484/695 4775/4524/4768 4774/4522/4767
f 695/4484/695 696/4483/696 4776/4526/4769 4775/4524/4768
f 696/4483/696 27/4482/27 367/4723/367 4776/4526/4769
f 4776/4526/4769 367/4723/367 368/4724/368 4791/4527/4784
f 4791/4527/4784 368/4724/368 369/4725/369 4806/4542/4799
f 4806/4542/4799 369/4725/369 370/4726/370 4821/4557/4814
f 4821/4557/4814 370/4726/370 371/4727/371 4836/4572/4829
f 4836/4572/4829 371/4727/371 372/4728/372 4851/4587/4844
f 4851/4587/4844 372/4728/372 373/4729/373 4866/4602/4859
f 4866/4602/4859 373/4729/373 374/4730/374 4881/4617/4874
f 4881/4617/4874 374/4730/374 375/4731/375 4896/4632/4889
f 4896/4632/4889 375/4731/375 376/4732/376 4911/4647/4904
f 4911/4647/4904 376/4732/376 377/4733/377 4926/4662/4919
f 4926/4662/4919 377/4733/377 378/4734/378 4941/4677/4934
f 4941/4677/4934 378/4734/378 379/4735/379 4956/4692/4949
f 4956/4692/4949 379/4735/379 380/4736/380 4971/4707/4964
f 4971/4707/4964 380/4736/380 381/4737/381 4986/4722/4979
f 4986/4722/4979 381/4737/381 28/4738/28 771/4739/771
f 4985/4721/4978 4986/4722/4979 771/4739/771 770/4740/770
f 4984/4720/4977 4985/4721/4978 770/4740/770 769/4741/769
f 4983/4719/4976 4984/4720/4977 769/4741/769 768/4742/768
f 4982/4718/4975 4983/4719/4976 768/4742/768 767/4743/767
f 4981/4717/4974 4982/4718/4975 767/4743/767 766/4744/766
f 4980/4716/4973 4981/4717/4974 766/4744/766 765/4745/765
f 4979/4715/4972 4980/4716/4973 765/4745/765 764/4746/764
f 4978/4714/4971 4979/4715/4972 764/4746/764 763/4747/763
f 4977/4713/4970 4978/4714/4971 763/4747/763 762/4748/762
f 4976/4712/4969 4977/4713/4970 762/4748/762 761/4749/761
f 4975/4711/4968 4976/4712/4969 761/4749/761 760/4750/760
f 4974/4710/4967 4975/4711/4968 760/4750/760 759/4751/759
f 4973/4708/4966 4974/4710/4967 759/4751/759 758/4752/758
f 4972/4709/4965 4973/4708/4966 758/4752/758 757/4753/757
f 306/3441/306 4972/4709/4965 757/4753/757 22/3442/22
f 305/3440/305 4957/4694/4950 4972/4709/4965 306/3441/306
f 304/3439/304 4942/4679/4935 4957/4694/4950 305/3440/305
f 303/3438/303 4927/4664/4920 4942/4679/4935 304/3439/304
f 302/3437/302 4912/4649/4905 4927/4664/4920 303/3438/303
f 301/3436/301 4897/4634/4890 4912/4649/4905 302/3437/302
f 300/3435/300 4882/4619/4875 4897/4634/4890 301/3436/301
f 299/3434/299 4867/4604/4860 4882/4619/4875 300/3435/300
f 298/3433/298 4852/4589/4845 4867/4604/4860 299/3434/299
f 297/3432/297 4837/4574/4830 4852/4589/4845 298/3433/298
f 296/3431/296 4822/4559/4815 4837/4574/4830 297/3432/297
f 295/3430/295 4807/4544/4800 4822/4559/4815 296/3431/296
f 294/3429/294 4792/4529/4785 4807/4544/4800 295/3430/295
f 293/3428/293 4777/4501/4770 4792/4529/4785 294/3429/294
f 292/3427/292 4762/4498/4755 4777/4501/4770 293/3428/293
f 4987/4754/4980 4988/4755/4981 5003/4756/4996 5002/4757/4995
f 4988/4755/4981 4989/4758/4982 5004/4759/4997 5003/4756/4996
f 4989/4758/4982 4990/4760/4983 5005/4761/4998 5004/4759/4997
f 4990/4760/4983 4991/4762/4984 5006/4763/4999 5005/4761/4998
f 4991/4762/4984 4992/4764/4985 5007/4765/5000 5006/4763/4999
f 4992/4764/4985 4993/4766/4986 5008/4767/5001 5007/4765/5000
f 4993/4766/4986 4994/4768/4987 5009/4769/5002 5008/4767/5001
f 4994/4768/4987 4995/4770/4988 5010/4771/5003 5009/4769/5002
f 4995/4770/4988 4996/4772/4989 5011/4773/5004 5010/4771/5003
f 4996/4772/4989 4997/4774/4990 5012/4775/5005 5011/4773/5004
f 4997/4774/4990 4998/4776/4991 5013/4777/5006 5012/4775/5005
f 4998/4776/4991 4999/4778/4992 5014/4779/5007 5013/4777/5006
f 4999/4778/4992 5000/4780/4993 5015/4781/5008 5014/4779/5007
f 5000/4780/4993 5001/4782/4994 5016/4783/5009 5015/4781/5008
f 5002/4757/4995 5003/4756/4996 5018/4784/5011 5017/4785/5010
f 5003/4756/4996 5004/4759/4997 5019/4786/5012 5018/4784/5011
f 5004/4759/4997 5005/4761/4998 5020/4787/5013 5019/4786/5012
f 5005/4761/4998 5006/4763/4999 5021/4788/5014 5020/4787/5013
f 5006/4763/4999 5007/4765/5000 5022/4789/5015 5021/4788/5014
f 5007/4765/5000 5008/4767/5001 5023/4790/5016 5022/4789/5015
f 5008/4767/5001 5009/4769/5002 5024/4791/5017 5023/4790/5016
f 5009/4769/5002 5010/4771/5003 5025/4792/5018 5024/4791/5017
f 5010/4771/5003 5011/4773/5004 5026/4793/5019 5025/4792/5018
f 5011/4773/5004 5012/4775/5005 5027/4794/5020 5026/4793/5019
f 5012/4775/5005 5013/4777/5006 5028/4795/5021 5027/4794/5020
f 5013/4777/5006 5014/4779/5007 5029/4796/5022 5028/4795/5021
f 5014/4779/5007 5015/4781/5008 5030/4797/5023 5029/4796/5022
f 5015/4781/5008 5016/4783/5009 5031/4798/5024 5030/4797/5023
f 5017/4785/5010 5018/4784/5011 5033/4799/5026 5032/4800/5025
f 5018/4784/5011 5019/4786/5012 5034/4801/5027 5033/4799/5026
f 5019/4786/5012 5020/4787/5013 5035/4802/5028 5034/4801/5027
f 5020/4787/5013 5021/4788/5014 5036/4803/5029 5035/4802/5028
f 5021/4788/5014 5022/4789/5015 5037/4804/5030 5036/4803/5029
f 5022/4789/5015 5023/4790/5016 5038/4805/5031 5037/4804/5030
f 5023/4790/5016 5024/4791/5017 5039/4806/5032 5038/4805/5031
f 5024/4791/5017 5025/4792/5018 5040/4807/5033 5039/4806/5032
f 5025/4792/5018 5026/4793/5019 5041/4808/5034 5040/4807/5033
f 5026/4793/5019 5027/4794/5020 5042/4809/5035 5041/4808/5034
f 5027/4794/5020 5028/4795/5021 5043/4810/5036 5042/4809/5035
f 5028/4795/5021 5029/4796/5022 5044/4811/5037 5043/4810/5036
f 5029/4796/5022 5030/4797/5023 5045/4812/5038 5044/4811/5037
f 5030/4797/5023 5031/4798/5024 5046/4813/5039 5045/4812/5038
f 5032/4800/5025 5033/4799/5026 5048/4814/5041 5047/4815/5040
f 5033/4799/5026 5034/4801/5027 5049/4816/5042 5048/4814/5041
f 5034/4801/5027 5035/4802/5028 5050/4817/5043 5049/4816/5042
f 5035/4802/5028 5036/4803/5029 5051/4818/5044 5050/4817/5043
f 5036/4803/5029 5037/4804/5030 5052/4819/5045 5051/4818/5044
f 5037/4804/5030 5038/4805/5031 5053/4820/5046 5052/4819/5045
f 5038/4805/5031 5039/4806/5032 5054/4821/5047 5053/4820/5046
f 5039/4806/5032 5040/4807/5033 5055/4822/5048 5054/4821/5047
f 5040/4807/5033 5041/4808/5034 5056/4823/5049 5055/4822/5048
f 5041/4808/5034 5042/4809/5035 5057/4824/5050 5056/4823/5049
f 5042/4809/5035 5043/4810/5036 5058/4825/5051 5057/4824/5050
f 5043/4810/5036 5044/4811/5037 5059/4826/5052 5058/4825/5051
f 5044/4811/5037 5045/4812/5038 5060/4827/5053 5059/4826/5052
f 5045/4812/5038 5046/4813/5039 5061/4828/5054 5060/4827/5053
f 5047/4815/5040 5048/4814/5041 5063/4829/5056 5062/4830/5055
f 5048/4814/5041 5049/4816/5042 5064/4831/5057 5063/4829/5056
f 5049/4816/5042 5050/4817/5043 5065/4832/5058 5064/4831/5057
f 5050/4817/5043 5051/4818/5044 5066/4833/5059 5065/4832/5058
f 5051/4818/5044 5052/4819/5045 5067/4834/5060 5066/4833/5059
f 5052/4819/5045 5053/4820/5046 5068/4835/5061 5067/4834/5060
f 5053/4820/5046 5054/4821/5047 5069/4836/5062 5068/4835/5061
f 5054/4821/5047 5055/4822/5048 5070/4837/5063 5069/4836/5062
f 5055/4822/5048 5056/4823/5049 5071/4838/5064 5070/4837/5063
f 5056/4823/5049 5057/4824/5050 5072/4839/5065 5071/4838/5064
f 5057/4824/5050 5058/4825/5051 5073/4840/5066 5072/4839/5065
f 5058/4825/5051 5059/4826/5052 5074/4841/5067 5073/4840/5066
f 5059/4826/5052 5060/4827/5053 5075/4842/5068 5074/4841/5067
f 5060/4827/5053 5061/4828/5054 5076/4843/5069 5075/4842/5068
f 5062/4830/5055 5063/4829/5056 5078/4844/5071 5077/4845/5070
f 5063/4829/5056 5064/4831/5057 5079/4846/5072 5078/4844/5071
f 5064/4831/5057 5065/4832/5058 5080/4847/5073 5079/4846/5072
f 5065/4832/5058 5066/4833/5059 5081/4848/5074 5080/4847/5073
f 5066/4833/5059 5067/4834/5060 5082/4849/5075 5081/4848/5074
f 5067/4834/5060 5068/4835/5061 5083/4850/5076 5082/4849/5075
f 5068/4835/5061 5069/4836/5062 5084/4851/5077 5083/4850/5076
f 5069/4836/5062 5070/4837/5063 5085/4852/5078 5084/4851/5077
f 5070/4837/5063 5071/4838/5064 5086/4853/5079 5085/4852/5078
f 5071/4838/5064 5072/4839/5065 5087/4854/5080 5086/4853/5079
f 5072/4839/5065 5073/4840/5066 5088/4855/5081 5087/4854/5080
f 5073/4840/5066 5074/4841/5067 5089/4856/5082 5088/4855/5081
f 5074/4841/5067 5075/4842/5068 5090/4857/5083 5089/4856/5082
f 5075/4842/5068 5076/4843/5069 5091/4858/5084 5090/4857/5083
f 5077/4845/5070 5078/4844/5071 5093/4859/5086 5092/4860/5085
f 5078/4844/5071 5079/4846/5072 5094/4861/5087 5093/4859/5086
f 5079/4846/5072 5080/4847/5073 5095/4862/5088 5094/4861/5087
f 5080/4847/5073 5081/4848/5074 5096/4863/5089 5095/4862/5088
f 5081/4848/5074 5082/4849/5075 5097/4864/5090 5096/4863/5089
f 5082/4849/5075 5083/4850/5076 5098/4865/5091 5097/4864/5090
f 5083/4850/5076 5084/4851/5077 5099/4866/5092 5098/4865/5091
f 5084/4851/5077 5085/4852/5078 5100/4867/5093 5099/4866/5092
f 5085/4852/5078 5086/4853/5079 5101/4868/5094 5100/4867/5093
f 5086/4853/5079 5087/4854/5080 5102/4869/5095 5101/4868/5094
f 5087/4854/5080 5088/4855/5081 5103/4870/5096 5102/4869/5095
f 5088/4855/5081 5089/4856/5082 5104/4871/5097 5103/4870/5096
f 5089/4856/5082 5090/4857/5083 5105/4872/5098 5104/4871/5097
f 5090/4857/5083 5091/4858/5084 5106/4873/5099 5105/4872/5098
f 5092/4860/5085 5093/4859/5086 5108/4874/5101 5107/4875/5100
f 5093/4859/5086 5094/4861/5087 5109/4876/5102 5108/4874/5101
f 5094/4861/5087 5095/4862/5088 5110/4877/5103 5109/4876/5102
f 5095/4862/5088 5096/4863/5089 5111/4878/5104 5110/4877/5103
f 5096/4863/5089 5097/4864/5090 5112/4879/5105 5111/4878/5104
f 5097/4864/5090 5098/4865/5091 5113/4880/5106 5112/4879/5105
f 5098/4865/5091 5099/4866/5092 5114/4881/5107 5113/4880/5106
f 5099/4866/5092 5100/4867/5093 5115/4882/5108 5114/4881/5107
f 5100/4867/5093 5101/4868/5094 5116/4883/5109 5115/4882/5108
f 5101/4868/5094 5102/4869/5095 5117/4884/5110 5116/4883/5109
f 5102/4869/5095 5103/4870/5096 5118/4885/5111 5117/4884/5110
f 5103/4870/5096 5104/4871/5097 5119/4886/5112 5118/4885/5111
f 5104/4871/5097 5105/4872/5098 5120/4887/5113 5119/4886/5112
f 5105/4872/5098 5106/4873/5099 5121/4888/5114 5120/4887/5113
f 5107/4875/5100 5108/4874/5101 5123/4889/5116 5122/4890/5115
f 5108/4874/5101 5109/4876/5102 5124/4891/5117 5123/4889/5116
f 5109/4876/5102 5110/4877/5103 5125/4892/5118 5124/4891/5117
f 5110/4877/5103 5111/4878/5104 5126/4893/5119 5125/4892/5118
f 5111/4878/5104 5112/4879/5105 5127/4894/5120 5126/4893/5119
f 5112/4879/5105 5113/4880/5106 5128/4895/5121 5127/4894/5120
f 5113/4880/5106 5114/4881/5107 5129/4896/5122 5128/4895/5121
f 5114/4881/5107 5115/4882/5108 5130/4897/5123 5129/4896/5122
f 5115/4882/5108 5116/4883/5109 5131/4898/5124 5130/4897/5123
f 5116/4883/5109 5117/4884/5110 5132/4899/5125 5131/4898/5124
f 5117/4884/5110 5118/4885/5111 5133/4900/5126 5132/4899/5125
f 5118/4885/5111 5119/4886/5112 5134/4901/5127 5133/4900/5126
f 5119/4886/5112 5120/4887/5113 5135/4902/5128 5134/4901/5127
f 5120/4887/5113 5121/4888/5114 5136/4903/5129 5135/4902/5128
f 5122/4890/5115 5123/4889/5116 5138/4904/5131 5137/4905/5130
f 5123/4889/5116 5124/4891/5117 5139/4906/5132 5138/4904/5131
f 5124/4891/5117 5125/4892/5118 5140/4907/5133 5139/4906/5132
f 5125/4892/5118 5126/4893/5119 5141/4908/5134 5140/4907/5133
f 5126/4893/5119 5127/4894/5120 5142/4909/5135 5141/4908/5134
f 5127/4894/5120 5128/4895/5121 5143/4910/5136 5142/4909/5135
f 5128/4895/5121 5129/4896/5122 5144/4911/5137 5143/4910/5136
f 5129/4896/5122 5130/4897/5123 5145/4912/5138 5144/4911/5137
f 5130/4897/5123 5131/4898/5124 5146/4913/5139 5145/4912/5138
f 5131/4898/5124 5132/4899/5125 5147/4914/5140 5146/4913/5139
f 5132/4899/5125 5133/4900/5126 5148/4915/5141 5147/4914/5140
f 5133/4900/5126 5134/4901/5127 5149/4916/5142 5148/4915/5141
f 5134/4901/5127 5135/4902/5128 5150/4917/5143 5149/4916/5142
f 5135/4902/5128 5136/4903/5129 5151/4918/5144 5150/4917/5143
f 5137/4905/5130 5138/4904/5131 5153/4919/5146 5152/4920/5145
f 5138/4904/5131 5139/4906/5132 5154/4921/5147 5153/4919/5146
f 5139/4906/5132 5140/4907/5133 5155/4922/5148 5154/4921/5147
f 5140/4907/5133 5141/4908/5134 5156/4923/5149 5155/4922/5148
f 5141/4908/5134 5142/4909/5135 5157/4924/5150 5156/4923/5149
f 5142/4909/5135 5143/4910/5136 5158/4925/5151 5157/4924/5150
f 5143/4910/5136 5144/4911/5137 5159/4926/5152 5158/4925/5151
f 5144/4911/5137 5145/4912/5138 5160/4927/5153 5159/4926/5152
f 5145/4912/5138 5146/4913/5139 5161/4928/5154 5160/4927/5153
f 5146/4913/5139 5147/4914/5140 5162/4929/5155 5161/4928/5154
f 5147/4914/5140 5148/4915/5141 5163/4930/5156 5162/4929/5155
f 5148/4915/5141 5149/4916/5142 5164/4931/5157 5163/4930/5156
f 5149/4916/5142 5150/4917/5143 5165/4932/5158 5164/4931/5157
f 5150/4917/5143 5151/4918/5144 5166/4933/5159 5165/4932/5158
f 5152/4920/5145 5153/4919/5146 5168/4934/5161 5167/4935/5160
f 5153/4919/5146 5154/4921/5147 5169/4936/5162 5168/4934/5161
f 5154/4921/5147 5155/4922/5148 5170/4937/5163 5169/4936/5162
f 5155/4922/5148 5156/4923/5149 5171/4938/5164 5170/4937/5163
f 5156/4923/5149 5157/4924/5150 5172/4939/5165 5171/4938/5164
f 5157/4924/5150 5158/4925/5151 5173/4940/5166 5172/4939/5165
f 5158/4925/5151 5159/4926/5152 5174/4941/5167 5173/4940/5166
f 5159/4926/5152 5160/4927/5153 5175/4942/5168 5174/4941/5167
f 5160/4927/5153 5161/4928/5154 5176/4943/5169 5175/4942/5168
f 5161/4928/5154 5162/4929/5155 5177/4944/5170 5176/4943/5169
f 5162/4929/5155 5163/4930/5156 5178/4945/5171 5177/4944/5170
f 5163/4930/5156 5164/4931/5157 5179/4946/5172 5178/4945/5171
f 5164/4931/5157 5165/4932/5158 5180/4947/5173 5179/4946/5172
f 5165/4932/5158 5166/4933/5159 5181/4948/5174 5180/4947/5173
f 5167/4935/5160 5168/4934/5161 5183/4949/5176 5182/4950/5175
f 5168/4934/5161 5169/4936/5162 5184/4951/5177 5183/4949/5176
f 5169/4936/5162 5170/4937/5163 5185/4952/5178 5184/4951/5177
f 5170/4937/5163 5171/4938/5164 5186/4953/5179 5185/4952/5178
f 5171/4938/5164 5172/4939/5165 5187/4954/5180 5186/4953/5179
f 5172/4939/5165 5173/4940/5166 5188/4955/5181 5187/4954/5180
f 5173/4940/5166 5174/4941/5167 5189/4956/5182 5188/4955/5181
f 5174/4941/5167 5175/4942/5168 5190/4957/5183 5189/4956/5182
f 5175/4942/5168 5176/4943/5169 5191/4958/5184 5190/4957/5183
f 5176/4943/5169 5177/4944/5170 5192/4959/5185 5191/4958/5184
f 5177/4944/5170 5178/4945/5171 5193/4960/5186 5192/4959/5185
f 5178/4945/5171 5179/4946/5172 5194/4961/5187 5193/4960/5186
f 5179/4946/5172 5180/4947/5173 5195/4962/5188 5194/4961/5187
f 5180/4947/5173 5181/4948/5174 5196/4963/5189 5195/4962/5188
f 5182/4950/5175 5183/4949/5176 5198/4964/5191 5197/4965/5190
f 5183/4949/5176 5184/4951/5177 5199/4966/5192 5198/4964/5191
f 5184/4951/5177 5185/4952/5178 5200/4967/5193 5199/4966/5192
f 5185/4952/5178 5186/4953/5179 5201/4968/5194 5200/4967/5193
f 5186/4953/5179 5187/4954/5180 5202/4969/5195 5201/4968/5194
f 5187/4954/5180 5188/4955/5181 5203/4970/5196 5202/4969/5195
f 5188/4955/5181 5189/4956/5182 5204/4971/5197 5203/4970/5196
f 5189/4956/5182 5190/4957/5183 5205/4972/5198 5204/4971/5197
f 5190/4957/5183 5191/4958/5184 5206/4973/5199 5205/4972/5198
f 5191/4958/5184 5192/4959/5185 5207/4974/5200 5206/4973/5199
f 5192/4959/5185 5193/4960/5186 5208/4975/5201 5207/4974/5200
f 5193/4960/5186 5194/4961/5187 5209/4976/5202 5208/4975/5201
f 5194/4961/5187 5195/4962/5188 5210/4977/5203 5209/4976/5202
f 5195/4962/5188 5196/4963/5189 5211/4978/5204 5210/4977/5203
f 22/3442/22 757/4753/757 4987/4754/4980 307/3683/307
f 757/4753/757 758/4752/758 4988/4755/4981 4987/4754/4980
f 758/4752/758 759/4751/759 4989/4758/4982 4988/4755/4981
f 759/4751/759 760/4750/760 4990/4760/4983 4989/4758/4982
f 760/4750/760 761/4749/761 4991/4762/4984 4990/4760/4983
f 761/4749/761 762/4748/762 4992/4764/4985 4991/4762/4984
f 762/4748/762 763/4747/763 4993/4766/4986 4992/4764/4985
f 763/4747/763 764/4746/764 4994/4768/4987 4993/4766/4986
f 764/4746/764 765/4745/765 4995/4770/4988 4994/4768/4987
f 765/4745/765 766/4744/766 4996/4772/4989 4995/4770/4988
f 766/4744/766 767/4743/767 4997/4774/4990 4996/4772/4989
f 767/4743/767 768/4742/768 4998/4776/4991 4997/4774/4990
f 768/4742/768 769/4741/769 4999/4778/4992 4998/4776/4991
f 769/4741/769 770/4740/770 5000/4780/4993 4999/4778/4992
f 770/4740/770 771/4739/771 5001/4782/4994 5000/4780/4993
f 771/4739/771 28/4738/28 382/4979/382 5001/4782/4994
f 5001/4782/4994 382/4979/382 383/4980/383 5016/4783/5009
f 5016/4783/5009 383/4980/383 384/4981/384 5031/4798/5024
f 5031/4798/5024 384/4981/384 385/4982/385 5046/4813/5039
f 5046/4813/5039 385/4982/385 386/4983/386 5061/4828/5054
f 5061/4828/5054 386/4983/386 387/4984/387 5076/4843/5069
f 5076/4843/5069 387/4984/387 388/4985/388 5091/4858/5084
f 5091/4858/5084 388/4985/388 389/4986/389 5106/4873/5099
f 5106/4873/5099 389/4986/389 390/4987/390 5121/4888/5114
f 5121/4888/5114 390/4987/390 391/4988/391 5136/4903/5129
f 5136/4903/5129 391/4988/391 392/4989/392 5151/4918/5144
f 5151/4918/5144 392/4989/392 393/4990/393 5166/4933/5159
f 5166/4933/5159 393/4990/393 394/4991/394 5181/4948/5174
f 5181/4948/5174 394/4991/394 395/4992/395 5196/4963/5189
f 5196/4963/5189 395/4992/395 396/4993/396 5211/4978/5204
f 5211/4978/5204 396/4993/396 29/4994/29 846/4995/846
f 5210/4977/5203 5211/4978/5204 846/4995/846 845/4996/845
f 5209/4976/5202 5210/4977/5203 845/4996/845 844/4997/844
f 5208/4975/5201 5209/4976/5202 844/4997/844 843/4998/843
f 5207/4974/5200 5208/4975/5201 843/4998/843 842/4999/842
f 5206/4973/5199 5207/4974/5200 842/4999/842 841/5000/841
f 5205/4972/5198 5206/4973/5199 841/5000/841 840/5001/840
f 5204/4971/5197 5205/4972/5198 840/5001/840 839/5002/839
f 5203/4970/5196 5204/4971/5197 839/5002/839 838/5003/838
f 5202/4969/5195 5203/4970/5196 838/5003/838 837/5004/837
f 5201/4968/5194 5202/4969/5195 837/5004/837 836/5005/836
f 5200/4967/5193 5201/4968/5194 836/5005/836 835/5006/835
f 5199/4966/5192 5200/4967/5193 835/5006/835 834/5007/834
f 5198/4964/5191 5199/4966/5192 834/5007/834 833/5008/833
f 5197/4965/5190 5198/4964/5191 833/5008/833 832/5009/832
f 321/3697/321 5197/4965/5190 832/5009/832 23/3698/23
f 320/3696/320 5182/4950/5175 5197/4965/5190 321/3697/321
f 319/3695/319 5167/4935/5160 5182/4950/5175 320/3696/320
f 318/3694/318 5152/4920/5145 5167/4935/5160 319/3695/319
f 317/3693/317 5137/4905/5130 5152/4920/5145 318/3694/318
f 316/3692/316 5122/4890/5115 5137/4905/5130 317/3693/317
f 315/3691/315 5107/4875/5100 5122/4890/5115 316/3692/316
f 314/3690/314 5092/4860/5085 5107/4875/5100 315/3691/315
f 313/3689/313 5077/4845/5070 5092/4860/5085 314/3690/314
f 312/3688/312 5062/4830/5055 5077/4845/5070 313/3689/313
f 311/3687/311 5047/4815/5040 5062/4830/5055 312/3688/312
f 310/3686/310 5032/4800/5025 5047/4815/5040 311/3687/311
f 309/3685/309 5017/4785/5010 5032/4800/5025 310/3686/310
f 308/3684/308 5002/4757/4995 5017/4785/5010 309/3685/309
f 307/3683/307 4987/4754/4980 5002/4757/4995 308/3684/308
f 5212/5010/5205 5213/5011/5206 5228/5012/5221 5227/5013/5220
f 5213/5011/5206 5214/5014/5207 5229/5015/5222 5228/5012/5221
f 5214/5014/5207 5215/5016/5208 5230/5017/5223 5229/5015/5222
f 5215/5016/5208 5216/5018/5209 5231/5019/5224 5230/5017/5223
f 5216/5018/5209 5217/5020/5210 5232/5021/5225 5231/5019/5224
f 5217/5020/5210 5218/5022/5211 5233/5023/5226 5232/5021/5225
f 5218/5022/5211 5219/5024/5212 5234/5025/5227 5233/5023/5226
f 5219/5024/5212 5220/5026/5213 5235/5027/5228 5234/5025/5227
f 5220/5026/5213 5221/5028/5214 5236/5029/5229 5235/5027/5228
f 5221/5028/5214 5222/5030/5215 5237/5031/5230 5236/5029/5229
f 5222/5030/5215 5223/5032/5216 5238/5033/5231 5237/5031/5230
f 5223/5032/5216 5224/5034/5217 5239/5035/5232 5238/5033/5231
f 5224/5034/5217 5225/5036/5218 5240/5037/5233 5239/5035/5232
f 5225/5036/5218 5226/5038/5219 5241/5039/5234 5240/5037/5233
f 5227/5013/5220 5228/5012/5221 5243/5040/5236 5242/5041/5235
f 5228/5012/5221 5229/5015/5222 5244/5042/5237 5243/5040/5236
f 5229/5015/5222 5230/5017/5223 5245/5043/5238 5244/5042/5237
f 5230/5017/5223 5231/5019/5224 5246/5044/5239 5245/5043/5238
f 5231/5019/5224 5232/5021/5225 5247/5045/5240 5246/5044/5239
f 5232/5021/5225 5233/5023/5226 5248/5046/5241 5247/5045/5240
f 5233/5023/5226 5234/5025/5227 5249/5047/5242 5248/5046/5241
f 5234/5025/5227 5235/5027/5228 5250/5048/5243 5249/5047/5242
f 5235/5027/5228 5236/5029/5229 5251/5049/5244 5250/5048/5243
f 5236/5029/5229 5237/5031/5230 5252/5050/5245 5251/5049/5244
f 5237/5031/5230 5238/5033/5231 5253/5051/5246 5252/5050/5245
f 5238/5033/5231 5239/5035/5232 5254/5052/5247 5253/5051/5246
f 5239/5035/5232 5240/5037/5233 5255/5053/5248 5254/5052/5247
f 5240/5037/5233 5241/5039/5234 5256/5054/5249 5255/5053/5248
f 5242/5041/5235 5243/5040/5236 5258/5055/5251 5257/5056/5250
f 5243/5040/5236 5244/5042/5237 5259/5057/5252 5258/5055/5251
f 5244/5042/5237 5245/5043/5238 5260/5058/5253 5259/5057/5252
f 5245/5043/5238 5246/5044/5239 5261/5059/5254 5260/5058/5253
f 5246/5044/5239 5247/5045/5240 5262/5060/5255 5261/5059/5254
f 5247/5045/5240 5248/5046/5241 5263/5061/5256 5262/5060/5255
f 5248/5046/5241 5249/5047/5242 5264/5062/5257 5263/5061/5256
f 5249/5047/5242 5250/5048/5243 5265/5063/5258 5264/5062/5257
f 5250/5048/5243 5251/5049/5244 5266/5064/5259 5265/5063/5258
f 5251/5049/5244 5252/5050/5245 5267/5065/5260 5266/5064/5259
f 5252/5050/5245 5253/5051/5246 5268/5066/5261 5267/5065/5260
f 5253/5051/5246 5254/5052/5247 5269/5067/5262 5268/5066/5261
f 5254/5052/5247 5255/5053/5248 5270/5068/5263 5269/5067/5262
f 5255/5053/5248 5256/5054/5249 5271/5069/5264 5270/5068/5263
f 5257/5056/5250 5258/5055/5251 5273/5070/5266 5272/5071/5265
f 5258/5055/5251 5259/5057/5252 5274/5072/5267 5273/5070/5266
f 5259/5057/5252 5260/5058/5253 5275/5073/5268 5274/5072/5267
f 5260/5058/5253 5261/5059/5254 5276/5074/5269 5275/5073/5268
f 5261/5059/5254 5262/5060/5255 5277/5075/5270 5276/5074/5269
f 5262/5060/5255 5263/5061/5256 5278/5076/5271 5277/5075/5270
f 5263/5061/5256 5264/5062/5257 5279/5077/5272 5278/5076/5271
f 5264/5062/5257 5265/5063/5258 5280/5078/5273 5279/5077/5272
f 5265/5063/5258 5266/5064/5259 5281/5079/5274 5280/5078/5273
f 5266/5064/5259 5267/5065/5260 5282/5080/5275 5281/5079/5274
f 5267/5065/5260 5268/5066/5261 5283/5081/5276 5282/5080/5275
f 5268/5066/5261 5269/5067/5262 5284/5082/5277 5283/5081/5276
f 5269/5067/5262 5270/5068/5263 5285/5083/5278 5284/5082/5277
f 5270/5068/5263 5271/5069/5264 5286/5084/5279 5285/5083/5278
f 5272/5071/5265 5273/5070/5266 5288/5085/5281 5287/5086/5280
f 5273/5070/5266 5274/5072/5267 5289/5087/5282 5288/5085/5281
f 5274/5072/5267 5275/5073/5268 5290/5088/5283 5289/5087/5282
f 5275/5073/5268 5276/5074/5269 5291/5089/5284 5290/5088/5283
f 5276/5074/5269 5277/5075/5270 5292/5090/5285 5291/5089/5284
f 5277/5075/5270 5278/5076/5271 5293/5091/5286 5292/5090/5285
f 5278/5076/5271 5279/5077/5272 5294/5092/5287 5293/5091/5286
f 5279/5077/5272 5280/5078/5273 5295/5093/5288 5294/5092/5287
f 5280/5078/5273 5281/5079/5274 5296/5094/5289 5295/5093/5288
f 5281/5079/5274 5282/5080/5275 5297/5095/5290 5296/5094/5289
f 5282/5080/5275 5283/5081/5276 5298/5096/5291 5297/5095/5290
f 5283/5081/5276 5284/5082/5277 5299/5097/5292 5298/5096/5291
f 5284/5082/5277 5285/5083/5278 5300/5098/5293 5299/5097/5292
f 5285/5083/5278 5286/5084/5279 5301/5099/5294 5300/5098/5293
f 5287/5086/5280 5288/5085/5281 5303/5100/5296 5302/5101/5295
f 5288/5085/5281 5289/5087/5282 5304/5102/5297 5303/5100/5296
f 5289/5087/5282 5290/5088/5283 5305/5103/5298 5304/5102/5297
f 5290/5088/5283 5291/5089/5284 5306/5104/5299 5305/5103/5298
f 5291/5089/5284 5292/5090/5285 5307/5105/5300 5306/5104/5299
f 5292/5090/5285 5293/5091/5286 5308/5106/5301 5307/5105/5300
f 5293/5091/5286 5294/5092/5287 5309/5107/5302 5308/5106/5301
f 5294/5092/5287 5295/5093/5288 5310/5108/5303 5309/5107/5302
f 5295/5093/5288 5296/5094/5289 5311/5109/5304 5310/5108/5303
f 5296/5094/5289 5297/5095/5290 5312/5110/5305 5311/5109/5304
f 5297/5095/5290 5298/5096/5291 5313/5111/5306 5312/5110/5305
f 5298/5096/5291 5299/5097/5292 5314/5112/5307 5313/5111/5306
f 5299/5097/5292 5300/5098/5293 5315/5113/5308 5314/5112/5307
f 5300/5098/5293 5301/5099/5294 5316/5114/5309 5315/5113/5308
f 5302/5101/5295 5303/5100/5296 5318/5115/5311 5317/5116/5310
f 5303/5100/5296 5304/5102/5297 5319/5117/5312 5318/5115/5311
f 5304/5102/5297 5305/5103/5298 5320/5118/5313 5319/5117/5312
f 5305/5103/5298 5306/5104/5299 5321/5119/5314 5320/5118/5313
f 5306/5104/5299 5307/5105/5300 5322/5120/5315 5321/5119/5314
f 5307/5105/5300 5308/5106/5301 5323/5121/5316 5322/5120/5315
f 5308/5106/5301 5309/5107/5302 5324/5122/5317 5323/5121/5316
f 5309/5107/5302 5310/5108/5303 5325/5123/5318 5324/5122/5317
f 5310/5108/5303 5311/5109/5304 5326/5124/5319 5325/5123/5318
f 5311/5109/5304 5312/5110/5305 5327/5125/5320 5326/5124/5319
f 5312/5110/5305 5313/5111/5306 5328/5126/5321 5327/5125/5320
f 5313/5111/5306 5314/5112/5307 5329/5127/5322 5328/5126/5321
f 5314/5112/5307 5315/5113/5308 5330/5128/5323 5329/5127/5322
f 5315/5113/5308 5316/5114/5309 5331/5129/5324 5330/5128/5323
f 5317/5116/5310 5318/5115/5311 5333/5130/5326 5332/5131/5325
f 5318/5115/5311 5319/5117/5312 5334/5132/5327 5333/5130/5326
f 5319/5117/5312 5320/5118/5313 5335/5133/5328 5334/5132/5327
f 5320/5118/5313 5321/5119/5314 5336/5134/5329 5335/5133/5328
f 5321/5119/5314 5322/5120/5315 5337/5135/5330 5336/5134/5329
f 5322/5120/5315 5323/5121/5316 5338/5136/5331 5337/5135/5330
f 5323/5121/5316 5324/5122/5317 5339/5137/5332 5338/5136/5331
f 5324/5122/5317 5325/5123/5318 5340/5138/5333 5339/5137/5332
f 5325/5123/5318 5326/5124/5319 5341/5139/5334 5340/5138/5333
f 5326/5124/5319 5327/5125/5320 5342/5140/5335 5341/5139/5334
f 5327/5125/5320 5328/5126/5321 5343/5141/5336 5342/5140/5335
f 5328/5126/5321 5329/5127/5322 5344/5142/5337 5343/5141/5336
f 5329/5127/5322 5330/5128/5323 5345/5143/5338 5344/5142/5337
f 5330/5128/5323 5331/5129/5324 5346/5144/5339 5345/5143/5338
f 5332/5131/5325 5333/5130/5326 5348/5145/5341 5347/5146/5340
f 5333/5130/5326 5334/5132/5327 5349/5147/5342 5348/5145/5341
f 5334/5132/5327 5335/5133/5328 5350/5148/5343 5349/5147/5342
f 5335/5133/5328 5336/5134/5329 5351/5149/5344 5350/5148/5343
f 5336/5134/5329 5337/5135/5330 5352/5150/5345 5351/5149/5344
f 5337/5135/5330 5338/5136/5331 5353/5151/5346 5352/5150/5345
f 5338/5136/5331 5339/5137/5332 5354/5152/5347 5353/5151/5346
f 5339/5137/5332 5340/5138/5333 5355/5153/5348 5354/5152/5347
f 5340/5138/5333 5341/5139/5334 5356/5154/5349 5355/5153/5348
f 5341/5139/5334 5342/5140/5335 5357/5155/5350 5356/5154/5349
f 5342/5140/5335 5343/5141/5336 5358/5156/5351 5357/5155/5350
f 5343/5141/5336 5344/5142/5337 5359/5157/5352 5358/5156/5351
f 5344/5142/5337 5345/5143/5338 5360/5158/5353 5359/5157/5352
f 5345/5143/5338 5346/5144/5339 5361/5159/5354 5360/5158/5353
f 5347/5146/5340 5348/5145/5341 5363/5160/5356 5362/5161/5355
f 5348/5145/5341 5349/5147/5342 5364/5162/5357 5363/5160/5356
f 5349/5147/5342 5350/5148/5343 5365/5163/5358 5364/5162/5357
f 5350/5148/5343 5351/5149/5344 5366/5164/5359 5365/5163/5358
f 5351/5149/5344 5352/5150/5345 5367/5165/5360 5366/5164/5359
f 5352/5150/5345 5353/5151/5346 5368/5166/5361 5367/5165/5360
f 5353/5151/5346 5354/5152/5347 5369/5167/5362 5368/5166/5361
f 5354/5152/5347 5355/5153/5348 5370/5168/5363 5369/5167/5362
f 5355/5153/5348 5356/5154/5349 5371/5169/5364 5370/5168/5363
f 5356/5154/5349 5357/5155/5350 5372/5170/5365 5371/5169/5364
f 5357/5155/5350 5358/5156/5351 5373/5171/5366 5372/5170/5365
f 5358/5156/5351 5359/5157/5352 5374/5172/5367 5373/5171/5366
f 5359/5157/5352 5360/5158/5353 5375/5173/5368 5374/5172/5367
f 5360/5158/5353 5361/5159/5354 5376/5174/5369 5375/5173/5368
f 5362/5161/5355 5363/5160/5356 5378/5175/5371 5377/5176/5370
f 5363/5160/5356 5364/5162/5357 5379/5177/5372 5378/5175/5371
f 5364/5162/5357 5365/5163/5358 5380/5178/5373 5379/5177/5372
f 5365/5163/5358 5366/5164/5359 5381/5179/5374 5380/5178/5373
f 5366/5164/5359 5367/5165/5360 5382/5180/5375 5381/5179/5374
f 5367/5165/5360 5368/5166/5361 5383/5181/5376 5382/5180/5375
f 5368/5166/5361 5369/5167/5362 5384/5182/5377 5383/5181/5376
f 5369/5167/5362 5370/5168/5363 5385/5183/5378 5384/5182/5377
f 5370/5168/5363 5371/5169/5364 5386/5184/5379 5385/5183/5378
f 5371/5169/5364 5372/5170/5365 5387/5185/5380 5386/5184/5379
f 5372/5170/5365 5373/5171/5366 5388/5186/5381 5387/5185/5380
f 5373/5171/5366 5374/5172/5367 5389/5187/5382 5388/5186/5381
f 5374/5172/5367 5375/5173/5368 5390/5188/5383 5389/5187/5382
f 5375/5173/5368 5376/5174/5369 5391/5189/5384 5390/5188/5383
f 5377/5176/5370 5378/5175/5371 5393/5190/5386 5392/5191/5385
f 5378/5175/5371 5379/5177/5372 5394/5192/5387 5393/5190/5386
f 5379/5177/5372 5380/5178/5373 5395/5193/5388 5394/5192/5387
f 5380/5178/5373 5381/5179/5374 5396/5194/5389 5395/5193/5388
f 5381/5179/5374 5382/5180/5375 5397/5195/5390 5396/5194/5389
f 5382/5180/5375 5383/5181/5376 5398/5196/5391 5397/5195/5390
f 5383/5181/5376 5384/5182/5377 5399/5197/5392 5398/5196/5391
f 5384/5182/5377 5385/5183/5378 5400/5198/5393 5399/5197/5392
f 5385/5183/5378 5386/5184/5379 5401/5199/5394 5400/5198/5393
f 5386/5184/5379 5387/5185/5380 5402/5200/5395 5401/5199/5394
f 5387/5185/5380 5388/5186/5381 5403/5201/5396 5402/5200/5395
f 5388/5186/5381 5389/5187/5382 5404/5202/5397 5403/5201/5396
f 5389/5187/5382 5390/5188/5383 5405/5203/5398 5404/5202/5397
f 5390/5188/5383 5391/5189/5384 5406/5204/5399 5405/5203/5398
f 5392/5191/5385 5393/5190/5386 5408/5205/5401 5407/5206/5400
f 5393/5190/5386 5394/5192/5387 5409/5207/5402 5408/5205/5401
f 5394/5192/5387 5395/5193/5388 5410/5208/5403 5409/5207/5402
f 5395/5193/5388 5396/5194/5389 5411/5209/5404 5410/5208/5403
f 5396/5194/5389 5397/5195/5390 5412/5210/5405 5411/5209/5404
f 5397/5195/5390 5398/5196/5391 5413/5211/5406 5412/5210/5405
f 5398/5196/5391 5399/5197/5392 5414/5212/5407 5413/5211/5406
f 5399/5197/5392 5400/5198/5393 5415/5213/5408 5414/5212/5407
f 5400/5198/5393 5401/5199/5394 5416/5214/5409 5415/5213/5408
f 5401/5199/5394 5402/5200/5395 5417/5215/5410 5416/5214/5409
f 5402/5200/5395 5403/5201/5396 5418/5216/5411 5417/5215/5410
f 5403/5201/5396 5404/5202/5397 5419/5217/5412 5418/5216/5411
f 5404/5202/5397 5405/5203/5398 5420/5218/5413 5419/5217/5412
f 5405/5203/5398 5406/5204/5399 5421/5219/5414 5420/5218/5413
f 5407/5206/5400 5408/5205/5401 5423/5220/5416 5422/5221/5415
f 5408/5205/5401 5409/5207/5402 5424/5222/5417 5423/5220/5416
f 5409/5207/5402 5410/5208/5403 5425/5223/5418 5424/5222/5417
f 5410/5208/5403 5411/5209/5404 5426/5224/5419 5425/5223/5418
f 5411/5209/5404 5412/5210/5405 5427/5225/5420 5426/5224/5419
f 5412/5210/5405 5413/5211/5406 5428/5226/5421 5427/5225/5420
f 5413/5211/5406 5414/5212/5407 5429/5227/5422 5428/5226/5421
f 5414/5212/5407 5415/5213/5408 5430/5228/5423 5429/5227/5422
f 5415/5213/5408 5416/5214/5409 5431/5229/5424 5430/5228/5423
f 5416/5214/5409 5417/5215/5410 5432/5230/5425 5431/5229/5424
f 5417/5215/5410 5418/5216/5411 5433/5231/5426 5432/5230/5425
f 5418/5216/5411 5419/5217/5412 5434/5232/5427 5433/5231/5426
f 5419/5217/5412 5420/5218/5413 5435/5233/5428 5434/5232/5427
f 5420/5218/5413 5421/5219/5414 5436/5234/5429 5435/5233/5428
f 23/3698/23 832/5009/832 5212/5010/5205 322/3939/322
f 832/5009/832 833/5008/833 5213/5011/5206 5212/5010/5205
f 833/5008/833 834/5007/834 5214/5014/5207 5213/5011/5206
f 834/5007/834 835/5006/835 5215/5016/5208 5214/5014/5207
f 835/5006/835 836/5005/836 5216/5018/5209 5215/5016/5208
f 836/5005/836 837/5004/837 5217/5020/5210 5216/5018/5209
f 837/5004/837 838/5003/838 5218/5022/5211 5217/5020/5210
f 838/5003/838 839/5002/839 5219/5024/5212 5218/5022/5211
f 839/5002/839 840/5001/840 5220/5026/5213 5219/5024/5212
f 840/5001/840 841/5000/841 5221/5028/5214 5220/5026/5213
f 841/5000/841 842/4999/842 5222/5030/5215 5221/5028/5214
f 842/4999/842 843/4998/843 5223/5032/5216 5222/5030/5215
f 843/4998/843 844/4997/844 5224/5034/5217 5223/5032/5216
f 844/4997/844 845/4996/845 5225/5036/5218 5224/5034/5217
f 845/4996/845 846/4995/846 5226/5038/5219 5225/5036/5218
f 846/4995/846 29/4994/29 397/5235/397 5226/5038/5219
f 5226/5038/5219 397/5235/397 398/5236/398 5241/5039/5234
f 5241/5039/5234 398/5236/398 399/5237/399 5256/5054/5249
f 5256/5054/5249 399/5237/399 400/5238/400 5271/5069/5264
f 5271/5069/5264 400/5238/400 401/5239/401 5286/5084/5279
f 5286/5084/5279 401/5239/401 402/5240/402 5301/5099/5294
f 5301/5099/5294 402/5240/402 403/5241/403 5316/5114/5309
f 5316/5114/5309 403/5241/403 404/5242/404 5331/5129/5324
f 5331/5129/5324 404/5242/404 405/5243/405 5346/5144/5339
f 5346/5144/5339 405/5243/405 406/5244/406 5361/5159/5354
f 5361/5159/5354 406/5244/406 407/5245/407 5376/5174/5369
f 5376/5174/5369 407/5245/407 408/5246/408 5391/5189/5384
f 5391/5189/5384 408/5246/408 409/5247/409 5406/5204/5399
f 5406/5204/5399 409/5247/409 410/5248/410 5421/5219/5414
f 5421/5219/5414 410/5248/410 411/5249/411 5436/5234/5429
f 5436/5234/5429 411/5249/411 30/5250/30 921/5251/921
f 5435/5233/5428 5436/5234/5429 921/5251/921 920/5252/920
f 5434/5232/5427 5435/5233/5428 920/5252/920 919/5253/919
f 5433/5231/5426 5434/5232/5427 919/5253/919 918/5254/918
f 5432/5230/5425 5433/5231/5426 918/5254/918 917/5255/917
f 5431/5229/5424 5432/5230/5425 917/5255/917 916/5256/916
f 5430/5228/5423 5431/5229/5424 916/5256/916 915/5257/915
f 5429/5227/5422 5430/5228/5423 915/5257/915 914/5258/914
f 5428/5226/5421 5429/5227/5422 914/5258/914 913/5259/913
f 5427/5225/5420 5428/5226/5421 913/5259/913 912/5260/912
f 5426/5224/5419 5427/5225/5420 912/5260/912 911/5261/911
f 5425/5223/5418 5426/5224/5419 911/5261/911 910/5262/910
f 5424/5222/5417 5425/5223/5418 910/5262/910 909/5263/909
f 5423/5220/5416 5424/5222/5417 909/5263/909 908/5264/908
f 5422/5221/5415 5423/5220/5416 908/5264/908 907/5265/907
f 336/3953/336 5422/5221/5415 907/5265/907 24/3954/24
f 335/3952/335 5407/5206/5400 5422/5221/5415 336/3953/336
f 334/3951/334 5392/5191/5385 5407/5206/5400 335/3952/335
f 333/3950/333 5377/5176/5370 5392/5191/5385 334/3951/334
f 332/3949/332 5362/5161/5355 5377/5176/5370 333/3950/333
f 331/3948/331 5347/5146/5340 5362/5161/5355 332/3949/332
f 330/3947/330 5332/5131/5325 5347/5146/5340 331/3948/331
f 329/3946/329 5317/5116/5310 5332/5131/5325 330/3947/330
f 328/3945/328 5302/5101/5295 5317/5116/5310 329/3946/329
f 327/3944/327 5287/5086/5280 5302/5101/5295 328/3945/328
f 326/3943/326 5272/5071/5265 5287/5086/5280 327/3944/327
f 325/3942/325 5257/5056/5250 5272/5071/5265 326/3943/326
f 324/3941/324 5242/5041/5235 5257/5056/5250 325/3942/325
f 323/3940/323 5227/5013/5220 5242/5041/5235 324/3941/324
f 322/3939/322 5212/5010/5205 5227/5013/5220 323/3940/323
f 5437/5266/5430 5438/5267/5431 5453/5268/5446 5452/5269/5445
f 5438/5267/5431 5439/5270/5432 5454/5271/5447 5453/5268/5446
f 5439/5270/5432 5440/5272/5433 5455/5273/5448 5454/5271/5447
f 5440/5272/5433 5441/5274/5434 5456/5275/5449 5455/5273/5448
f 5441/5274/5434 5442/5276/5435 5457/5277/5450 5456/5275/5449
f 5442/5276/5435 5443/5278/5436 5458/5279/5451 5457/5277/5450
f 5443/5278/5436 5444/5280/5437 5459/5281/5452 5458/5279/5451
f 5444/5280/5437 5445/5282/5438 5460/5283/5453 5459/5281/5452
f 5445/5282/5438 5446/5284/5439 5461/5285/5454 5460/5283/5453
f 5446/5284/5439 5447/5286/5440 5462/5287/5455 5461/5285/5454
f 5447/5286/5440 5448/5288/5441 5463/5289/5456 5462/5287/5455
f 5448/5288/5441 5449/5290/5442 5464/5291/5457 5463/5289/5456
f 5449/5290/5442 5450/5292/5443 5465/5293/5458 5464/5291/5457
f 5450/5292/5443 5451/5294/5444 5466/5295/5459 5465/5293/5458
f 5452/5269/5445 5453/5268/5446 5468/5296/5461 5467/5297/5460
f 5453/5268/5446 5454/5271/5447 5469/5298/5462 5468/5296/5461
f 5454/5271/5447 5455/5273/5448 5470/5299/5463 5469/5298/5462
f 5455/5273/5448 5456/5275/5449 5471/5300/5464 5470/5299/5463
f 5456/5275/5449 5457/5277/5450 5472/5301/5465 5471/5300/5464
f 5457/5277/5450 5458/5279/5451 5473/5302/5466 5472/5301/5465
f 5458/5279/5451 5459/5281/5452 5474/5303/5467 5473/5302/5466
f 5459/5281/5452 5460/5283/5453 5475/5304/5468 5474/5303/5467
f 5460/5283/5453 5461/5285/5454 5476/5305/5469 5475/5304/5468
f 5461/5285/5454 5462/5287/5455 5477/5306/5470 5476/5305/5469
f 5462/5287/5455 5463/5289/5456 5478/5307/5471 5477/5306/5470
f 5463/5289/5456 5464/5291/5457 5479/5308/5472 5478/5307/5471
f 5464/5291/5457 5465/5293/5458 5480/5309/5473 5479/5308/5472
f 5465/5293/5458 5466/5295/5459 5481/5310/5474 5480/5309/5473
f 5467/5297/5460 5468/5296/5461 5483/5311/5476 5482/5312/5475
f 5468/5296/5461 5469/5298/5462 5484/5313/5477 5483/5311/5476
f 5469/5298/5462 5470/5299/5463 5485/5314/5478 5484/5313/5477
f 5470/5299/5463 5471/5300/5464 5486/5315/5479 5485/5314/5478
f 5471/5300/5464 5472/5301/5465 5487/5316/5480 5486/5315/5479
f 5472/5301/5465 5473/5302/5466 5488/5317/5481 5487/5316/5480
f 5473/5302/5466 5474/5303/5467 5489/5318/5482 5488/5317/5481
f 5474/5303/5467 5475/5304/5468 5490/5319/5483 5489/5318/5482
f 5475/5304/5468 5476/5305/5469 5491/5320/5484 5490/5319/5483
f 5476/5305/5469 5477/5306/5470 5492/5321/5485 5491/5320/5484
f 5477/5306/5470 5478/5307/5471 5493/5322/5486 5492/5321/5485
f 5478/5307/5471 5479/5308/5472 5494/5323/5487 5493/5322/5486
f 5479/5308/5472 5480/5309/5473 5495/5324/5488 5494/5323/5487
f 5480/5309/5473 5481/5310/5474 5496/5325/5489 5495/5324/5488
f 5482/5312/5475 5483/5311/5476 5498/5326/5491 5497/5327/5490
f 5483/5311/5476 5484/5313/5477 5499/5328/5492 5498/5326/5491
f 5484/5313/5477 5485/5314/5478 5500/5329/5493 5499/5328/5492
f 5485/5314/5478 5486/5315/5479 5501/5330/5494 5500/5329/5493
f 5486/5315/5479 5487/5316/5480 5502/5331/5495 5501/5330/5494
f 5487/5316/5480 5488/5317/5481 5503/5332/5496 5502/5331/5495
f 5488/5317/5481 5489/5318/5482 5504/5333/5497 5503/5332/5496
f 5489/5318/5482 5490/5319/5483 5505/5334/5498 5504/5333/5497
f 5490/5319/5483 5491/5320/5484 5506/5335/5499 5505/5334/5498
f 5491/5320/5484 5492/5321/5485 5507/5336/5500 5506/5335/5499
f 5492/5321/5485 5493/5322/5486 5508/5337/5501 5507/5336/5500
f 5493/5322/5486 5494/5323/5487 5509/5338/5502 5508/5337/5501
f 5494/5323/5487 5495/5324/5488 5510/5339/5503 5509/5338/5502
f 5495/5324/5488 5496/5325/5489 5511/5340/5504 5510/5339/5503
f 5497/5327/5490 5498/5326/5491 5513/5341/5506 5512/5342/5505
f 5498/5326/5491 5499/5328/5492 5514/5343/5507 5513/5341/5506
f 5499/5328/5492 5500/5329/5493 5515/5344/5508 5514/5343/5507
f 5500/5329/5493 5501/5330/5494 5516/5345/5509 5515/5344/5508
f 5501/5330/5494 5502/5331/5495 5517/5346/5510 5516/5345/5509
f 5502/5331/5495 5503/5332/5496 5518/5347/5511 5517/5346/5510
f 5503/5332/5496 5504/5333/5497 5519/5348/5512 5518/5347/5511
f 5504/5333/5497 5505/5334/5498 5520/5349/5513 5519/5348/5512
f 5505/5334/5498 5506/5335/5499 5521/5350/5514 5520/5349/5513
f 5506/5335/5499 5507/5336/5500 5522/5351/5515 5521/5350/5514
f 5507/5336/5500 5508/5337/5501 5523/5352/5516 5522/5351/5515
f 5508/5337/5501 5509/5338/5502 5524/5353/5517 5523/5352/5516
f 5509/5338/5502 5510/5339/5503 5525/5354/5518 5524/5353/5517
f 5510/5339/5503 5511/5340/5504 5526/5355/5519 5525/5354/5518
f 5512/5342/5505 5513/5341/5506 5528/5356/5521 5527/5357/5520
f 5513/5341/5506 5514/5343/5507 5529/5358/5522 5528/5356/5521
f 5514/5343/5507 5515/5344/5508 5530/5359/5523 5529/5358/5522
f 5515/5344/5508 5516/5345/5509 5531/5360/5524 5530/5359/5523
f 5516/5345/5509 5517/5346/5510 5532/5361/5525 5531/5360/5524
f 5517/5346/5510 5518/5347/5511 5533/5362/5526 5532/5361/5525
f 5518/5347/5511 5519/5348/5512 5534/5363/5527 5533/5362/5526
f 5519/5348/5512 5520/5349/5513 5535/5364/5528 5534/5363/5527
f 5520/5349/5513 5521/5350/5514 5536/5365/5529 5535/5364/5528
f 5521/5350/5514 5522/5351/5515 5537/5366/5530 5536/5365/5529
f 5522/5351/5515 5523/5352/5516 5538/5367/5531 5537/5366/5530
f 5523/5352/5516 5524/5353/5517 5539/5368/5532 5538/5367/5531
f 5524/5353/5517 5525/5354/5518 5540/5369/5533 5539/5368/5532
f 5525/5354/5518 5526/5355/5519 5541/5370/5534 5540/5369/5533
f 5527/5357/5520 5528/5356/5521 5543/5371/5536 5542/5372/5535
f 5528/5356/5521 5529/5358/5522 5544/5373/5537 5543/5371/5536
f 5529/5358/5522 5530/5359/5523 5545/5374/5538 5544/5373/5537
f 5530/5359/5523 5531/5360/5524 5546/5375/5539 5545/5374/5538
f 5531/5360/5524 5532/5361/5525 5547/5376/5540 5546/5375/5539
f 5532/5361/5525 5533/5362/5526 5548/5377/5541 5547/5376/5540
f 5533/5362/5526 5534/5363/5527 5549/5378/5542 5548/5377/5541
f 5534/5363/5527 5535/5364/5528 5550/5379/5543 5549/5378/5542
f 5535/5364/5528 5536/5365/5529 5551/5380/5544 5550/5379/5543
f 5536/5365/5529 5537/5366/5530 5552/5381/5545 5551/5380/5544
f 5537/5366/5530 5538/5367/5531 5553/5382/5546 5552/5381/5545
f 5538/5367/5531 5539/5368/5532 5554/5383/5547 5553/5382/5546
f 5539/5368/5532 5540/5369/5533 5555/5384/5548 5554/5383/5547
f 5540/5369/5533 5541/5370/5534 5556/5385/5549 5555/5384/5548
f 5542/5372/5535 5543/5371/5536 5558/5386/5551 5557/5387/5550
f 5543/5371/5536 5544/5373/5537 5559/5388/5552 5558/5386/5551
f 5544/5373/5537 5545/5374/5538 5560/5389/5553 5559/5388/5552
f 5545/5374/5538 5546/5375/5539 5561/5390/5554 5560/5389/5553
f 5546/5375/5539 5547/5376/5540 5562/5391/5555 5561/5390/5554
f 5547/5376/5540 5548/5377/5541 5563/5392/5556 5562/5391/5555
f 5548/5377/5541 5549/5378/5542 5564/5393/5557 5563/5392/5556
f 5549/5378/5542 5550/5379/5543 5565/5394/5558 5564/5393/5557
f 5550/5379/5543 5551/5380/5544 5566/5395/5559 5565/5394/5558
f 5551/5380/5544 5552/5381/5545 5567/5396/5560 5566/5395/5559
f 5552/5381/5545 5553/5382/5546 5568/5397/5561 5567/5396/5560
f 5553/5382/5546 5554/5383/5547 5569/5398/5562 5568/5397/5561
f 5554/5383/5547 5555/5384/5548 5570/5399/5563 5569/5398/5562
f 5555/5384/5548 5556/5385/5549 5571/5400/5564 5570/5399/5563
f 5557/5387/5550 5558/5386/5551 5573/5401/5566 5572/5402/5565
f 5558/5386/5551 5559/5388/5552 5574/5403/5567 5573/5401/5566
f 5559/5388/5552 5560/5389/5553 5575/5404/5568 5574/5403/5567
f 5560/5389/5553 5561/5390/5554 5576/5405/5569 5575/5404/5568
f 5561/5390/5554 5562/5391/5555 5577/5406/5570 5576/5405/5569
f 5562/5391/5555 5563/5392/5556 5578/5407/5571 5577/5406/5570
f 5563/5392/5556 5564/5393/5557 5579/5408/5572 5578/5407/5571
f 5564/5393/5557 5565/5394/5558 5580/5409/5573 5579/5408/5572
f 5565/5394/5558 5566/5395/5559 5581/5410/5574 5580/5409/5573
f 5566/5395/5559 5567/5396/5560 5582/5411/5575 5581/5410/5574
f 5567/5396/5560 5568/5397/5561 5583/5412/5576 5582/5411/5575
f 5568/5397/5561 5569/5398/5562 5584/5413/5577 5583/5412/5576
f 5569/5398/5562 5570/5399/5563 5585/5414/5578 5584/5413/5577
f 5570/5399/5563 5571/5400/5564 5586/5415/5579 5585/5414/5578
f 5572/5402/5565 5573/5401/5566 5588/5416/5581 5587/5417/5580
f 5573/5401/5566 5574/5403/5567 5589/5418/5582 5588/5416/5581
f 5574/5403/5567 5575/5404/5568 5590/5419/5583 5589/5418/5582
f 5575/5404/5568 5576/5405/5569 5591/5420/5584 5590/5419/5583
f 5576/5405/5569 5577/5406/5570 5592/5421/5585 5591/5420/5584
f 5577/5406/5570 5578/5407/5571 5593/5422/5586 5592/5421/5585
f 5578/5407/5571 5579/5408/5572 5594/5423/5587 5593/5422/5586
f 5579/5408/5572 5580/5409/5573 5595/5424/5588 5594/5423/5587
f 5580/5409/5573 5581/5410/5574 5596/5425/5589 5595/5424/5588
f 5581/5410/5574 5582/5411/5575 5597/5426/5590 5596/5425/5589
f 5582/5411/5575 5583/5412/5576 5598/5427/5591 5597/5426/5590
f 5583/5412/5576 5584/5413/5577 5599/5428/5592 5598/5427/5591
f 5584/5413/5577 5585/5414/5578 5600/5429/5593 5599/5428/5592
f 5585/5414/5578 5586/5415/5579 5601/5430/5594 5600/5429/5593
f 5587/5417/5580 5588/5416/5581 5603/5431/5596 5602/5432/5595
f 5588/5416/5581 5589/5418/5582 5604/5433/5597 5603/5431/5596
f 5589/5418/5582 5590/5419/5583 5605/5434/5598 5604/5433/5597
f 5590/5419/5583 5591/5420/5584 5606/5435/5599 5605/5434/5598
f 5591/5420/5584 5592/5421/5585 5607/5436/5600 5606/5435/5599
f 5592/5421/5585 5593/5422/5586 5608/5437/5601 5607/5436/5600
f 5593/5422/5586 5594/5423/5587 5609/5438/5602 5608/5437/5601
f 5594/5423/5587 5595/5424/5588 5610/5439/5603 5609/5438/5602
f 5595/5424/5588 5596/5425/5589 5611/5440/5604 5610/5439/5603
f 5596/5425/5589 5597/5426/5590 5612/5441/5605 5611/5440/5604
f 5597/5426/5590 5598/5427/5591 5613/5442/5606 5612/5441/5605
f 5598/5427/5591 5599/5428/5592 5614/5443/5607 5613/5442/5606
f 5599/5428/5592 5600/5429/5593 5615/5444/5608 5614/5443/5607
f 5600/5429/5593 5601/5430/5594 5616/5445/5609 5615/5444/5608
f 5602/5432/5595 5603/5431/5596 5618/5446/5611 5617/5447/5610
f 5603/5431/5596 5604/5433/5597 5619/5448/5612 5618/5446/5611
f 5604/5433/5597 5605/5434/5598 5620/5449/5613 5619/5448/5612
f 5605/5434/5598 5606/5435/5599 5621/5450/5614 5620/5449/5613
f 5606/5435/5599 5607/5436/5600 5622/5451/5615 5621/5450/5614
f 5607/5436/5600 5608/5437/5601 5623/5452/5616 5622/5451/5615
f 5608/5437/5601 5609/5438/5602 5624/5453/5617 5623/5452/5616
f 5609/5438/5602 5610/5439/5603 5625/5454/5618 5624/5453/5617
f 5610/5439/5603 5611/5440/5604 5626/5455/5619 5625/5454/5618
f 5611/5440/5604 5612/5441/5605 5627/5456/5620 5626/5455/5619
f 5612/5441/5605 5613/5442/5606 5628/5457/5621 5627/5456/5620
f 5613/5442/5606 5614/5443/5607 5629/5458/5622 5628/5457/5621
f 5614/5443/5607 5615/5444/5608 5630/5459/5623 5629/5458/5622
f 5615/5444/5608 5616/5445/5609 5631/5460/5624 5630/5459/5623
f 5617/5447/5610 5618/5446/5611 5633/5461/5626 5632/5462/5625
f 5618/5446/5611 5619/5448/5612 5634/5463/5627 5633/5461/5626
f 5619/5448/5612 5620/5449/5613 5635/5464/5628 5634/5463/5627
f 5620/5449/5613 5621/5450/5614 5636/5465/5629 5635/5464/5628
f 5621/5450/5614 5622/5451/5615 5637/5466/5630 5636/5465/5629
f 5622/5451/5615 5623/5452/5616 5638/5467/5631 5637/5466/5630
f 5623/5452/5616 5624/5453/5617 5639/5468/5632 5638/5467/5631
f 5624/5453/5617 5625/5454/5618 5640/5469/5633 5639/5468/5632
f 5625/5454/5618 5626/5455/5619 5641/5470/5634 5640/5469/5633
f 5626/5455/5619 5627/5456/5620 5642/5471/5635 5641/5470/5634
f 5627/5456/5620 5628/5457/5621 5643/5472/5636 5642/5471/5635
f 5628/5457/5621 5629/5458/5622 5644/5473/5637 5643/5472/5636
f 5629/5458/5622 5630/5459/5623 5645/5474/5638 5644/5473/5637
f 5630/5459/5623 5631/5460/5624 5646/5475/5639 5645/5474/5638
f 5632/5462/5625 5633/5461/5626 5648/5476/5641 5647/5477/5640
f 5633/5461/5626 5634/5463/5627 5649/5478/5642 5648/5476/5641
f 5634/5463/5627 5635/5464/5628 5650/5479/5643 5649/5478/5642
f 5635/5464/5628 5636/5465/5629 5651/5480/5644 5650/5479/5643
f 5636/5465/5629 5637/5466/5630 5652/5481/5645 5651/5480/5644
f 5637/5466/5630 5638/5467/5631 5653/5482/5646 5652/5481/5645
f 5638/5467/5631 5639/5468/5632 5654/5483/5647 5653/5482/5646
f 5639/5468/5632 5640/5469/5633 5655/5484/5648 5654/5483/5647
f 5640/5469/5633 5641/5470/5634 5656/5485/5649 5655/5484/5648
f 5641/5470/5634 5642/5471/5635 5657/5486/5650 5656/5485/5649
f 5642/5471/5635 5643/5472/5636 5658/5487/5651 5657/5486/5650
f 5643/5472/5636 5644/5473/5637 5659/5488/5652 5658/5487/5651
f 5644/5473/5637 5645/5474/5638 5660/5489/5653 5659/5488/5652
f 5645/5474/5638 5646/5475/5639 5661/5490/5654 5660/5489/5653
f 25/4210/25 547/5491/547 5437/5266/5430 337/4211/337
f 547/5491/547 548/5492/548 5438/5267/5431 5437/5266/5430
f 548/5492/548 549/5493/549 5439/5270/5432 5438/5267/5431
f 549/5493/549 550/5494/550 5440/5272/5433 5439/5270/5432
f 550/5494/550 551/5495/551 5441/5274/5434 5440/5272/5433
f 551/5495/551 552/5496/552 5442/5276/5435 5441/5274/5434
f 552/5496/552 553/5497/553 5443/5278/5436 5442/5276/5435
f 553/5497/553 554/5498/554 5444/5280/5437 5443/5278/5436
f 554/5498/554 555/5499/555 5445/5282/5438 5444/5280/5437
f 555/5499/555 556/5500/556 5446/5284/5439 5445/5282/5438
f 556/5500/556 557/5501/557 5447/5286/5440 5446/5284/5439
f 557/5501/557 558/5502/558 5448/5288/5441 5447/5286/5440
f 558/5502/558 559/5503/559 5449/5290/5442 5448/5288/5441
f 559/5503/559 560/5504/560 5450/5292/5443 5449/5290/5442
f 560/5504/560 561/5505/561 5451/5294/5444 5450/5292/5443
f 561/5505/561 31/5506/31 412/5507/412 5451/5294/5444
f 5451/5294/5444 412/5507/412 413/5508/413 5466/5295/5459
f 5466/5295/5459 413/5508/413 414/5509/414 5481/5310/5474
f 5481/5310/5474 414/5509/414 415/5510/415 5496/5325/5489
f 5496/5325/5489 415/5510/415 416/5511/416 5511/5340/5504
f 5511/5340/5504 416/5511/416 417/5512/417 5526/5355/5519
f 5526/5355/5519 417/5512/417 418/5513/418 5541/5370/5534
f 5541/5370/5534 418/5513/418 419/5514/419 5556/5385/5549
f 5556/5385/5549 419/5514/419 420/5515/420 5571/5400/5564
f 5571/5400/5564 420/5515/420 421/5516/421 5586/5415/5579
f 5586/5415/5579 421/5516/421 422/5517/422 5601/5430/5594
f 5601/5430/5594 422/5517/422 423/5518/423 5616/5445/5609
f 5616/5445/5609 423/5518/423 424/5519/424 5631/5460/5624
f 5631/5460/5624 424/5519/424 425/5520/425 5646/5475/5639
f 5646/5475/5639 425/5520/425 426/5521/426 5661/5490/5654
f 5661/5490/5654 426/5521/426 32/5522/32 636/5523/636
f 5660/5489/5653 5661/5490/5654 636/5523/636 635/5524/635
f 5659/5488/5652 5660/5489/5653 635/5524/635 634/5525/634
f 5658/5487/5651 5659/5488/5652 634/5525/634 633/5526/633
f 5657/5486/5650 5658/5487/5651 633/5526/633 632/5527/632
f 5656/5485/5649 5657/5486/5650 632/5527/632 631/5528/631
f 5655/5484/5648 5656/5485/5649 631/5528/631 630/5529/630
f 5654/5483/5647 5655/5484/5648 630/5529/630 629/5530/629
f 5653/5482/5646 5654/5483/5647 629/5530/629 628/5531/628
f 5652/5481/5645 5653/5482/5646 628/5531/628 627/5532/627
f 5651/5480/5644 5652/5481/5645 627/5532/627 626/5533/626
f 5650/5479/5643 5651/5480/5644 626/5533/626 625/5534/625
f 5649/5478/5642 5650/5479/5643 625/5534/625 624/5535/624
f 5648/5476/5641 5649/5478/5642 624/5535/624 623/5536/623
f 5647/5477/5640 5648/5476/5641 623/5536/623 622/5537/622
f 351/4225/351 5647/5477/5640 622/5537/622 26/4226/26
f 350/4224/350 5632/5462/5625 5647/5477/5640 351/4225/351
f 349/4223/349 5617/5447/5610 5632/5462/5625 350/4224/350
f 348/4222/348 5602/5432/5595 5617/5447/5610 349/4223/349
f 347/4221/347 5587/5417/5580 5602/5432/5595 348/4222/348
f 346/4220/346 5572/5402/5565 5587/5417/5580 347/4221/347
f 345/4219/345 5557/5387/5550 5572/5402/5565 346/4220/346
f 344/4218/344 5542/5372/5535 5557/5387/5550 345/4219/345
f 343/4217/343 5527/5357/5520 5542/5372/5535 344/4218/344
f 342/4216/342 5512/5342/5505 5527/5357/5520 343/4217/343
f 341/4215/341 5497/5327/5490 5512/5342/5505 342/4216/342
f 340/4214/340 5482/5312/5475 5497/5327/5490 341/4215/341
f 339/4213/339 5467/5297/5460 5482/5312/5475 340/4214/340
f 338/4212/338 5452/5269/5445 5467/5297/5460 339/4213/339
f 337/4211/337 5437/5266/5430 5452/5269/5445 338/4212/338
f 5662/5538/5655 5663/5539/5656 5678/5540/5671 5677/5541/5670
f 5663/5539/5656 5664/5542/5657 5679/5543/5672 5678/5540/5671
f 5664/5542/5657 5665/5544/5658 5680/5545/5673 5679/5543/5672
f 5665/5544/5658 5666/5546/5659 5681/5547/5674 5680/5545/5673
f 5666/5546/5659 5667/5548/5660 5682/5549/5675 5681/5547/5674
f 5667/5548/5660 5668/5550/5661 5683/5551/5676 5682/5549/5675
f 5668/5550/5661 5669/5552/5662 5684/5553/5677 5683/5551/5676
f 5669/5552/5662 5670/5554/5663 5685/5555/5678 5684/5553/5677
f 5670/5554/5663 5671/5556/5664 5686/5557/5679 5685/5555/5678
f 5671/5556/5664 5672/5558/5665 5687/5559/5680 5686/5557/5679
f 5672/5558/5665 5673/5560/5666 5688/5561/5681 5687/5559/5680
f 5673/5560/5666 5674/5562/5667 5689/5563/5682 5688/5561/5681
f 5674/5562/5667 5675/5564/5668 5690/5565/5683 5689/5563/5682
f 5675/5564/5668 5676/5566/5669 5691/5567/5684 5690/5565/5683
f 5677/5541/5670 5678/5540/5671 5693/5568/5686 5692/5569/5685
f 5678/5540/5671 5679/5543/5672 5694/5570/5687 5693/5568/5686
f 5679/5543/5672 5680/5545/5673 5695/5571/5688 5694/5570/5687
f 5680/5545/5673 5681/5547/5674 5696/5572/5689 5695/5571/5688
f 5681/5547/5674 5682/5549/5675 5697/5573/5690 5696/5572/5689
f 5682/5549/5675 5683/5551/5676 5698/5574/5691 5697/5573/5690
f 5683/5551/5676 5684/5553/5677 5699/5575/5692 5698/5574/5691
f 5684/5553/5677 5685/5555/5678 5700/5576/5693 5699/5575/5692
f 5685/5555/5678 5686/5557/5679 5701/5577/5694 5700/5576/5693
f 5686/5557/5679 5687/5559/5680 5702/5578/5695 5701/5577/5694
f 5687/5559/5680 5688/5561/5681 5703/5579/5696 5702/5578/5695
f 5688/5561/5681 5689/5563/5682 5704/5580/5697 5703/5579/5696
f 5689/5563/5682 5690/5565/5683 5705/5581/5698 5704/5580/5697
f 5690/5565/5683 5691/5567/5684 5706/5582/5699 5705/5581/5698
f 5692/5569/5685 5693/5568/5686 5708/5583/5701 5707/5584/5700
f 5693/5568/5686 5694/5570/5687 5709/5585/5702 5708/5583/5701
f 5694/5570/5687 5695/5571/5688 5710/5586/5703 5709/5585/5702
f 5695/5571/5688 5696/5572/5689 5711/5587/5704 5710/5586/5703
f 5696/5572/5689 5697/5573/5690 5712/5588/5705 5711/5587/5704
f 5697/5573/5690 5698/5574/5691 5713/5589/5706 5712/5588/5705
f 5698/5574/5691 5699/5575/5692 5714/5590/5707 5713/5589/5706
f 5699/5575/5692 5700/5576/5693 5715/5591/5708 5714/5590/5707
f 5700/5576/5693 5701/5577/5694 5716/5592/5709 5715/5591/5708
f 5701/5577/5694 5702/5578/5695 5717/5593/5710 5716/5592/5709
f 5702/5578/5695 5703/5579/5696 5718/5594/5711 5717/5593/5710
f 5703/5579/5696 5704/5580/5697 5719/5595/5712 5718/5594/5711
f 5704/5580/5697 5705/5581/5698 5720/5596/5713 5719/5595/5712
f 5705/5581/5698 5706/5582/5699 5721/5597/5714 5720/5596/5713
f 5707/5584/5700 5708/5583/5701 5723/5598/5716 5722/5599/5715
f 5708/5583/5701 5709/5585/5702 5724/5600/5717 5723/5598/5716
f 5709/5585/5702 5710/5586/5703 5725/5601/5718 5724/5600/5717
f 5710/5586/5703 5711/5587/5704 5726/5602/5719 5725/5601/5718
f 5711/5587/5704 5712/5588/5705 5727/5603/5720 5726/5602/5719
f 5712/5588/5705 5713/5589/5706 5728/5604/5721 5727/5603/5720
f 5713/5589/5706 5714/5590/5707 5729/5605/5722 5728/5604/5721
f 5714/5590/5707 5715/5591/5708 5730/5606/5723 5729/5605/5722
f 5715/5591/5708 5716/5592/5709 5731/5607/5724 5730/5606/5723
f 5716/5592/5709 5717/5593/5710 5732/5608/5725 5731/5607/5724
f 5717/5593/5710 5718/5594/5711 5733/5609/5726 5732/5608/5725
f 5718/5594/5711 5719/5595/5712 5734/5610/5727 5733/5609/5726
f 5719/5595/5712 5720/5596/5713 5735/5611/5728 5734/5610/5727
f 5720/5596/5713 5721/5597/5714 5736/5612/5729 5735/5611/5728
f 5722/5599/5715 5723/5598/5716 5738/5613/5731 5737/5614/5730
f 5723/5598/5716 5724/5600/5717 5739/5615/5732 5738/5613/5731
f 5724/5600/5717 5725/5601/5718 5740/5616/5733 5739/5615/5732
f 5725/5601/5718 5726/5602/5719 5741/5617/5734 5740/5616/5733
f 5726/5602/5719 5727/5603/5720 5742/5618/5735 5741/5617/5734
f 5727/5603/5720 5728/5604/5721 5743/5619/5736 5742/5618/5735
f 5728/5604/5721 5729/5605/5722 5744/5620/5737 5743/5619/5736
f 5729/5605/5722 5730/5606/5723 5745/5621/5738 5744/5620/5737
f 5730/5606/5723 5731/5607/5724 5746/5622/5739 5745/5621/5738
f 5731/5607/5724 5732/5608/5725 5747/5623/5740 5746/5622/5739
f 5732/5608/5725 5733/5609/5726 5748/5624/5741 5747/5623/5740
f 5733/5609/5726 5734/5610/5727 5749/5625/5742 5748/5624/5741
f 5734/5610/5727 5735/5611/5728 5750/5626/5743 5749/5625/5742
f 5735/5611/5728 5736/5612/5729 5751/5627/5744 5750/5626/5743
f 5737/5614/5730 5738/5613/5731 5753/5628/5746 5752/5629/5745
f 5738/5613/5731 5739/5615/5732 5754/5630/5747 5753/5628/5746
f 5739/5615/5732 5740/5616/5733 5755/5631/5748 5754/5630/5747
f 5740/5616/5733 5741/5617/5734 5756/5632/5749 5755/5631/5748
f 5741/5617/5734 5742/5618/5735 5757/5633/5750 5756/5632/5749
f 5742/5618/5735 5743/5619/5736 5758/5634/5751 5757/5633/5750
f 5743/5619/5736 5744/5620/5737 5759/5635/5752 5758/5634/5751
f 5744/5620/5737 5745/5621/5738 5760/5636/5753 5759/5635/5752
f 5745/5621/5738 5746/5622/5739 5761/5637/5754 5760/5636/5753
f 5746/5622/5739 5747/5623/5740 5762/5638/5755 5761/5637/5754
f 5747/5623/5740 5748/5624/5741 5763/5639/5756 5762/5638/5755
f 5748/5624/5741 5749/5625/5742 5764/5640/5757 5763/5639/5756
f 5749/5625/5742 5750/5626/5743 5765/5641/5758 5764/5640/5757
f 5750/5626/5743 5751/5627/5744 5766/5642/5759 5765/5641/5758
f 5752/5629/5745 5753/5628/5746 5768/5643/5761 5767/5644/5760
f 5753/5628/5746 5754/5630/5747 5769/5645/5762 5768/5643/5761
f 5754/5630/5747 5755/5631/5748 5770/5646/5763 5769/5645/5762
f 5755/5631/5748 5756/5632/5749 5771/5647/5764 5770/5646/5763
f 5756/5632/5749 5757/5633/5750 5772/5648/5765 5771/5647/5764
f 5757/5633/5750 5758/5634/5751 5773/5649/5766 5772/5648/5765
f 5758/5634/5751 5759/5635/5752 5774/5650/5767 5773/5649/5766
f 5759/5635/5752 5760/5636/5753 5775/5651/5768 5774/5650/5767
f 5760/5636/5753 5761/5637/5754 5776/5652/5769 5775/5651/5768
f 5761/5637/5754 5762/5638/5755 5777/5653/5770 5776/5652/5769
f 5762/5638/5755 5763/5639/5756 5778/5654/5771 5777/5653/5770
f 5763/5639/5756 5764/5640/5757 5779/5655/5772 5778/5654/5771
f 5764/5640/5757 5765/5641/5758 5780/5656/5773 5779/5655/5772
f 5765/5641/5758 5766/5642/5759 5781/5657/5774 5780/5656/5773
f 5767/5644/5760 5768/5643/5761 5783/5658/5776 5782/5659/5775
f 5768/5643/5761 5769/5645/5762 5784/5660/5777 5783/5658/5776
f 5769/5645/5762 5770/5646/5763 5785/5661/5778 5784/5660/5777
f 5770/5646/5763 5771/5647/5764 5786/5662/5779 5785/5661/5778
f 5771/5647/5764 5772/5648/5765 5787/5663/5780 5786/5662/5779
f 5772/5648/5765 5773/5649/5766 5788/5664/5781 5787/5663/5780
f 5773/5649/5766 5774/5650/5767 5789/5665/5782 5788/5664/5781
f 5774/5650/5767 5775/5651/5768 5790/5666/5783 5789/5665/5782
f 5775/5651/5768 5776/5652/5769 5791/5667/5784 5790/5666/5783
f 5776/5652/5769 5777/5653/5770 5792/5668/5785 5791/5667/5784
f 5777/5653/5770 5778/5654/5771 5793/5669/5786 5792/5668/5785
f 5778/5654/5771 5779/5655/5772 5794/5670/5787 5793/5669/5786
f 5779/5655/5772 5780/5656/5773 5795/5671/5788 5794/5670/5787
f 5780/5656/5773 5781/5657/5774 5796/5672/5789 5795/5671/5788
f 5782/5659/5775 5783/5658/5776 5798/5673/5791 5797/5674/5790
f 5783/5658/5776 5784/5660/5777 5799/5675/5792 5798/5673/5791
f 5784/5660/5777 5785/5661/5778 5800/5676/5793 5799/5675/5792
f 5785/5661/5778 5786/5662/5779 5801/5677/5794 5800/5676/5793
f 5786/5662/5779 5787/5663/5780 5802/5678/5795 5801/5677/5794
f 5787/5663/5780 5788/5664/5781 5803/5679/5796 5802/5678/5795
f 5788/5664/5781 5789/5665/5782 5804/5680/5797 5803/5679/5796
f 5789/5665/5782 5790/5666/5783 5805/5681/5798 5804/5680/5797
f 5790/5666/5783 5791/5667/5784 5806/5682/5799 5805/5681/5798
f 5791/5667/5784 5792/5668/5785 5807/5683/5800 5806/5682/5799
f 5792/5668/5785 5793/5669/5786 5808/5684/5801 5807/5683/5800
f 5793/5669/5786 5794/5670/5787 5809/5685/5802 5808/5684/5801
f 5794/5670/5787 5795/5671/5788 5810/5686/5803 5809/5685/5802
f 5795/5671/5788 5796/5672/5789 5811/5687/5804 5810/5686/5803
f 5797/5674/5790 5798/5673/5791 5813/5688/5806 5812/5689/5805
f 5798/5673/5791 5799/5675/5792 5814/5690/5807 5813/5688/5806
f 5799/5675/5792 5800/5676/5793 5815/5691/5808 5814/5690/5807
f 5800/5676/5793 5801/5677/5794 5816/5692/5809 5815/5691/5808
f 5801/5677/5794 5802/5678/5795 5817/5693/5810 5816/5692/5809
f 5802/5678/5795 5803/5679/5796 5818/5694/5811 5817/5693/5810
f 5803/5679/5796 5804/5680/5797 5819/5695/5812 5818/5694/5811
f 5804/5680/5797 5805/5681/5798 5820/5696/5813 5819/5695/5812
f 5805/5681/5798 5806/5682/5799 5821/5697/5814 5820/5696/5813
f 5806/5682/5799 5807/5683/5800 5822/5698/5815 5821/5697/5814
f 5807/5683/5800 5808/5684/5801 5823/5699/5816 5822/5698/5815
f 5808/5684/5801 5809/5685/5802 5824/5700/5817 5823/5699/5816
f 5809/5685/5802 5810/5686/5803 5825/5701/5818 5824/5700/5817
f 5810/5686/5803 5811/5687/5804 5826/5702/5819 5825/5701/5818
f 5812/5689/5805 5813/5688/5806 5828/5703/5821 5827/5704/5820
f 5813/5688/5806 5814/5690/5807 5829/5705/5822 5828/5703/5821
f 5814/5690/5807 5815/5691/5808 5830/5706/5823 5829/5705/5822
f 5815/5691/5808 5816/5692/5809 5831/5707/5824 5830/5706/5823
f 5816/5692/5809 5817/5693/5810 5832/5708/5825 5831/5707/5824
f 5817/5693/5810 5818/5694/5811 5833/5709/5826 5832/5708/5825
f 5818/5694/5811 5819/5695/5812 5834/5710/5827 5833/5709/5826
f 5819/5695/5812 5820/5696/5813 5835/5711/5828 5834/5710/5827
f 5820/5696/5813 5821/5697/5814 5836/5712/5829 5835/5711/5828
f 5821/5697/5814 5822/5698/5815 5837/5713/5830 5836/5712/5829
f 5822/5698/5815 5823/5699/5816 5838/5714/5831 5837/5713/5830
f 5823/5699/5816 5824/5700/5817 5839/5715/5832 5838/5714/5831
f 5824/5700/5817 5825/5701/5818 5840/5716/5833 5839/5715/5832
f 5825/5701/5818 5826/5702/5819 5841/5717/5834 5840/5716/5833
f 5827/5704/5820 5828/5703/5821 5843/5718/5836 5842/5719/5835
f 5828/5703/5821 5829/5705/5822 5844/5720/5837 5843/5718/5836
f 5829/5705/5822 5830/5706/5823 5845/5721/5838 5844/5720/5837
f 5830/5706/5823 5831/5707/5824 5846/5722/5839 5845/5721/5838
f 5831/5707/5824 5832/5708/5825 5847/5723/5840 5846/5722/5839
f 5832/5708/5825 5833/5709/5826 5848/5724/5841 5847/5723/5840
f 5833/5709/5826 5834/5710/5827 5849/5725/5842 5848/5724/5841
f 5834/5710/5827 5835/5711/5828 5850/5726/5843 5849/5725/5842
f 5835/5711/5828 5836/5712/5829 5851/5727/5844 5850/5726/5843
f 5836/5712/5829 5837/5713/5830 5852/5728/5845 5851/5727/5844
f 5837/5713/5830 5838/5714/5831 5853/5729/5846 5852/5728/5845
f 5838/5714/5831 5839/5715/5832 5854/5730/5847 5853/5729/5846
f 5839/5715/5832 5840/5716/5833 5855/5731/5848 5854/5730/5847
f 5840/5716/5833 5841/5717/5834 5856/5732/5849 5855/5731/5848
f 5842/5719/5835 5843/5718/5836 5858/5733/5851 5857/5734/5850
f 5843/5718/5836 5844/5720/5837 5859/5735/5852 5858/5733/5851
f 5844/5720/5837 5845/5721/5838 5860/5736/5853 5859/5735/5852
f 5845/5721/5838 5846/5722/5839 5861/5737/5854 5860/5736/5853
f 5846/5722/5839 5847/5723/5840 5862/5738/5855 5861/5737/5854
f 5847/5723/5840 5848/5724/5841 5863/5739/5856 5862/5738/5855
f 5848/5724/5841 5849/5725/5842 5864/5740/5857 5863/5739/5856
f 5849/5725/5842 5850/5726/5843 5865/5741/5858 5864/5740/5857
f 5850/5726/5843 5851/5727/5844 5866/5742/5859 5865/5741/5858
f 5851/5727/5844 5852/5728/5845 5867/5743/5860 5866/5742/5859
f 5852/5728/5845 5853/5729/5846 5868/5744/5861 5867/5743/5860
f 5853/5729/5846 5854/5730/5847 5869/5745/5862 5868/5744/5861
f 5854/5730/5847 5855/5731/5848 5870/5746/5863 5869/5745/5862
f 5855/5731/5848 5856/5732/5849 5871/5747/5864 5870/5746/5863
f 5857/5734/5850 5858/5733/5851 5873/5748/5866 5872/5749/5865
f 5858/5733/5851 5859/5735/5852 5874/5750/5867 5873/5748/5866
f 5859/5735/5852 5860/5736/5853 5875/5751/5868 5874/5750/5867
f 5860/5736/5853 5861/5737/5854 5876/5752/5869 5875/5751/5868
f 5861/5737/5854 5862/5738/5855 5877/5753/5870 5876/5752/5869
f 5862/5738/5855 5863/5739/5856 5878/5754/5871 5877/5753/5870
f 5863/5739/5856 5864/5740/5857 5879/5755/5872 5878/5754/5871
f 5864/5740/5857 5865/5741/5858 5880/5756/5873 5879/5755/5872
f 5865/5741/5858 5866/5742/5859 5881/5757/5874 5880/5756/5873
f 5866/5742/5859 5867/5743/5860 5882/5758/5875 5881/5757/5874
f 5867/5743/5860 5868/5744/5861 5883/5759/5876 5882/5758/5875
f 5868/5744/5861 5869/5745/5862 5884/5760/5877 5883/5759/5876
f 5869/5745/5862 5870/5746/5863 5885/5761/5878 5884/5760/5877
f 5870/5746/5863 5871/5747/5864 5886/5762/5879 5885/5761/5878
f 26/4226/26 622/5537/622 5662/5538/5655 352/4467/352
f 622/5537/622 623/5536/623 5663/5539/5656 5662/5538/5655
f 623/5536/623 624/5535/624 5664/5542/5657 5663/5539/5656
f 624/5535/624 625/5534/625 5665/5544/5658 5664/5542/5657
f 625/5534/625 626/5533/626 5666/5546/5659 5665/5544/5658
f 626/5533/626 627/5532/627 5667/5548/5660 5666/5546/5659
f 627/5532/627 628/5531/628 5668/5550/5661 5667/5548/5660
f 628/5531/628 629/5530/629 5669/5552/5662 5668/5550/5661
f 629/5530/629 630/5529/630 5670/5554/5663 5669/5552/5662
f 630/5529/630 631/5528/631 5671/5556/5664 5670/5554/5663
f 631/5528/631 632/5527/632 5672/5558/5665 5671/5556/5664
f 632/5527/632 633/5526/633 5673/5560/5666 5672/5558/5665
f 633/5526/633 634/5525/634 5674/5562/5667 5673/5560/5666
f 634/5525/634 635/5524/635 5675/5564/5668 5674/5562/5667
f 635/5524/635 636/5523/636 5676/5566/5669 5675/5564/5668
f 636/5523/636 32/5522/32 427/5763/427 5676/5566/5669
f 5676/5566/5669 427/5763/427 428/5764/428 5691/5567/5684
f 5691/5567/5684 428/5764/428 429/5765/429 5706/5582/5699
f 5706/5582/5699 429/5765/429 430/5766/430 5721/5597/5714
f 5721/5597/5714 430/5766/430 431/5767/431 5736/5612/5729
f 5736/5612/5729 431/5767/431 432/5768/432 5751/5627/5744
f 5751/5627/5744 432/5768/432 433/5769/433 5766/5642/5759
f 5766/5642/5759 433/5769/433 434/5770/434 5781/5657/5774
f 5781/5657/5774 434/5770/434 435/5771/435 5796/5672/5789
f 5796/5672/5789 435/5771/435 436/5772/436 5811/5687/5804
f 5811/5687/5804 436/5772/436 437/5773/437 5826/5702/5819
f 5826/5702/5819 437/5773/437 438/5774/438 5841/5717/5834
f 5841/5717/5834 438/5774/438 439/5775/439 5856/5732/5849
f 5856/5732/5849 439/5775/439 440/5776/440 5871/5747/5864
f 5871/5747/5864 440/5776/440 441/5777/441 5886/5762/5879
f 5886/5762/5879 441/5777/441 33/5778/33 711/5779/711
f 5885/5761/5878 5886/5762/5879 711/5779/711 710/5780/710
f 5884/5760/5877 5885/5761/5878 710/5780/710 709/5781/709
f 5883/5759/5876 5884/5760/5877 709/5781/709 708/5782/708
f 5882/5758/5875 5883/5759/5876 708/5782/708 707/5783/707
f 5881/5757/5874 5882/5758/5875 707/5783/707 706/5784/706
f 5880/5756/5873 5881/5757/5874 706/5784/706 705/5785/705
f 5879/5755/5872 5880/5756/5873 705/5785/705 704/5786/704
f 5878/5754/5871 5879/5755/5872 704/5786/704 703/5787/703
f 5877/5753/5870 5878/5754/5871 703/5787/703 702/5788/702
f 5876/5752/5869 5877/5753/5870 702/5788/702 701/5789/701
f 5875/5751/5868 5876/5752/5869 701/5789/701 700/5790/700
f 5874/5750/5867 5875/5751/5868 700/5790/700 699/5791/699
f 5873/5748/5866 5874/5750/5867 699/5791/699 698/5792/698
f 5872/5749/5865 5873/5748/5866 698/5792/698 697/5793/697
f 366/4481/366 5872/5749/5865 697/5793/697 27/4482/27
f 365/4480/365 5857/5734/5850 5872/5749/5865 366/4481/366
f 364/4479/364 5842/5719/5835 5857/5734/5850 365/4480/365
f 363/4478/363 5827/5704/5820 5842/5719/5835 364/4479/364
f 362/4477/362 5812/5689/5805 5827/5704/5820 363/4478/363
f 361/4476/361 5797/5674/5790 5812/5689/5805 362/4477/362
f 360/4475/360 5782/5659/5775 5797/5674/5790 361/4476/361
f 359/4474/359 5767/5644/5760 5782/5659/5775 360/4475/360
f 358/4473/358 5752/5629/5745 5767/5644/5760 359/4474/359
f 357/4472/357 5737/5614/5730 5752/5629/5745 358/4473/358
f 356/4471/356 5722/5599/5715 5737/5614/5730 357/4472/357
f 355/4470/355 5707/5584/5700 5722/5599/5715 356/4471/356
f 354/4469/354 5692/5569/5685 5707/5584/5700 355/4470/355
f 353/4468/353 5677/5541/5670 5692/5569/5685 354/4469/354
f 352/4467/352 5662/5538/5655 5677/5541/5670 353/4468/353
f 5887/5794/5880 5888/5795/5881 5903/5796/5896 5902/5797/5895
f 5888/5795/5881 5889/5798/5882 5904/5799/5897 5903/5796/5896
f 5889/5798/5882 5890/5800/5883 5905/5801/5898 5904/5799/5897
f 5890/5800/5883 5891/5802/5884 5906/5803/5899 5905/5801/5898
f 5891/5802/5884 5892/5804/5885 5907/5805/5900 5906/5803/5899
f 5892/5804/5885 5893/5806/5886 5908/5807/5901 5907/5805/5900
f 5893/5806/5886 5894/5808/5887 5909/5809/5902 5908/5807/5901
f 5894/5808/5887 5895/5810/5888 5910/5811/5903 5909/5809/5902
f 5895/5810/5888 5896/5812/5889 5911/5813/5904 5910/5811/5903
f 5896/5812/5889 5897/5814/5890 5912/5815/5905 5911/5813/5904
f 5897/5814/5890 5898/5816/5891 5913/5817/5906 5912/5815/5905
f 5898/5816/5891 5899/5818/5892 5914/5819/5907 5913/5817/5906
f 5899/5818/5892 5900/5820/5893 5915/5821/5908 5914/5819/5907
f 5900/5820/5893 5901/5822/5894 5916/5823/5909 5915/5821/5908
f 5902/5797/5895 5903/5796/5896 5918/5824/5911 5917/5825/5910
f 5903/5796/5896 5904/5799/5897 5919/5826/5912 5918/5824/5911
f 5904/5799/5897 5905/5801/5898 5920/5827/5913 5919/5826/5912
f 5905/5801/5898 5906/5803/5899 5921/5828/5914 5920/5827/5913
f 5906/5803/5899 5907/5805/5900 5922/5829/5915 5921/5828/5914
f 5907/5805/5900 5908/5807/5901 5923/5830/5916 5922/5829/5915
f 5908/5807/5901 5909/5809/5902 5924/5831/5917 5923/5830/5916
f 5909/5809/5902 5910/5811/5903 5925/5832/5918 5924/5831/5917
f 5910/5811/5903 5911/5813/5904 5926/5833/5919 5925/5832/5918
f 5911/5813/5904 5912/5815/5905 5927/5834/5920 5926/5833/5919
f 5912/5815/5905 5913/5817/5906 5928/5835/5921 5927/5834/5920
f 5913/5817/5906 5914/5819/5907 5929/5836/5922 5928/5835/5921
f 5914/5819/5907 5915/5821/5908 5930/5837/5923 5929/5836/5922
f 5915/5821/5908 5916/5823/5909 5931/5838/5924 5930/5837/5923
f 5917/5825/5910 5918/5824/5911 5933/5839/5926 5932/5840/5925
f 5918/5824/5911 5919/5826/5912 5934/5841/5927 5933/5839/5926
f 5919/5826/5912 5920/5827/5913 5935/5842/5928 5934/5841/5927
f 5920/5827/5913 5921/5828/5914 5936/5843/5929 5935/5842/5928
f 5921/5828/5914 5922/5829/5915 5937/5844/5930 5936/5843/5929
f 5922/5829/5915 5923/5830/5916 5938/5845/5931 5937/5844/5930
f 5923/5830/5916 5924/5831/5917 5939/5846/5932 5938/5845/5931
f 5924/5831/5917 5925/5832/5918 5940/5847/5933 5939/5846/5932
f 5925/5832/5918 5926/5833/5919 5941/5848/5934 5940/5847/5933
f 5926/5833/5919 5927/5834/5920 5942/5849/5935 5941/5848/5934
f 5927/5834/5920 5928/5835/5921 5943/5850/5936 5942/5849/5935
f 5928/5835/5921 5929/5836/5922 5944/5851/5937 5943/5850/5936
f 5929/5836/5922 5930/5837/5923 5945/5852/5938 5944/5851/5937
f 5930/5837/5923 5931/5838/5924 5946/5853/5939 5945/5852/5938
f 5932/5840/5925 5933/5839/5926 5948/5854/5941 5947/5855/5940
f 5933/5839/5926 5934/5841/5927 5949/5856/5942 5948/5854/5941
f 5934/5841/5927 5935/5842/5928 5950/5857/5943 5949/5856/5942
f 5935/5842/5928 5936/5843/5929 5951/5858/5944 5950/5857/5943
f 5936/5843/5929 5937/5844/5930 5952/5859/5945 5951/5858/5944
f 5937/5844/5930 5938/5845/5931 5953/5860/5946 5952/5859/5945
f 5938/5845/5931 5939/5846/5932 5954/5861/5947 5953/5860/5946
f 5939/5846/5932 5940/5847/5933 5955/5862/5948 5954/5861/5947
f 5940/5847/5933 5941/5848/5934 5956/5863/5949 5955/5862/5948
f 5941/5848/5934 5942/5849/5935 5957/5864/5950 5956/5863/5949
f 5942/5849/5935 5943/5850/5936 5958/5865/5951 5957/5864/5950
f 5943/5850/5936 5944/5851/5937 5959/5866/5952 5958/5865/5951
f 5944/5851/5937 5945/5852/5938 5960/5867/5953 5959/5866/5952
f 5945/5852/5938 5946/5853/5939 5961/5868/5954 5960/5867/5953
f 5947/5855/5940 5948/5854/5941 5963/5869/5956 5962/5870/5955
f 5948/5854/5941 5949/5856/5942 5964/5871/5957 5963/5869/5956
f 5949/5856/5942 5950/5857/5943 5965/5872/5958 5964/5871/5957
f 5950/5857/5943 5951/5858/5944 5966/5873/5959 5965/5872/5958
f 5951/5858/5944 5952/5859/5945 5967/5874/5960 5966/5873/5959
f 5952/5859/5945 5953/5860/5946 5968/5875/5961 5967/5874/5960
f 5953/5860/5946 5954/5861/5947 5969/5876/5962 5968/5875/5961
f 5954/5861/5947 5955/5862/5948 5970/5877/5963 5969/5876/5962
f 5955/5862/5948 5956/5863/5949 5971/5878/5964 5970/5877/5963
f 5956/5863/5949 5957/5864/5950 5972/5879/5965 5971/5878/5964
f 5957/5864/5950 5958/5865/5951 5973/5880/5966 5972/5879/5965
f 5958/5865/5951 5959/5866/5952 5974/5881/5967 5973/5880/5966
f 5959/5866/5952 5960/5867/5953 5975/5882/5968 5974/5881/5967
f 5960/5867/5953 5961/5868/5954 5976/5883/5969 5975/5882/5968
f 5962/5870/5955 5963/5869/5956 5978/5884/5971 5977/5885/5970
f 5963/5869/5956 5964/5871/5957 5979/5886/5972 5978/5884/5971
f 5964/5871/5957 5965/5872/5958 5980/5887/5973 5979/5886/5972
f 5965/5872/5958 5966/5873/5959 5981/5888/5974 5980/5887/5973
f 5966/5873/5959 5967/5874/5960 5982/5889/5975 5981/5888/5974
f 5967/5874/5960 5968/5875/5961 5983/5890/5976 5982/5889/5975
f 5968/5875/5961 5969/5876/5962 5984/5891/5977 5983/5890/5976
f 5969/5876/5962 5970/5877/5963 5985/5892/5978 5984/5891/5977
f 5970/5877/5963 5971/5878/5964 5986/5893/1784 5985/5892/5978
f 5971/5878/5964 5972/5879/5965 5987/5894/5979 5986/5893/1784
f 5972/5879/5965 5973/5880/5966 5988/5895/5980 5987/5894/5979
f 5973/5880/5966 5974/5881/5967 5989/5896/5981 5988/5895/5980
f 5974/5881/5967 5975/5882/5968 5990/5897/5982 5989/5896/5981
f 5975/5882/5968 5976/5883/5969 5991/5898/5983 5990/5897/5982
f 5977/5885/5970 5978/5884/5971 5993/5899/5985 5992/5900/5984
f 5978/5884/5971 5979/5886/5972 5994/5901/5986 5993/5899/5985
f 5979/5886/5972 5980/5887/5973 5995/5902/5987 5994/5901/5986
f 5980/5887/5973 5981/5888/5974 5996/5903/5988 5995/5902/5987
f 5981/5888/5974 5982/5889/5975 5997/5904/5989 5996/5903/5988
f 5982/5889/5975 5983/5890/5976 5998/5905/5990 5997/5904/5989
f 5983/5890/5976 5984/5891/5977 5999/5906/5991 5998/5905/5990
f 5984/5891/5977 5985/5892/5978 6000/5907/5992 5999/5906/5991
f 5985/5892/5978 5986/5893/1784 6001/5908/5993 6000/5907/5992
f 5986/5893/1784 5987/5894/5979 6002/5909/5994 6001/5908/5993
f 5987/5894/5979 5988/5895/5980 6003/5910/5995 6002/5909/5994
f 5988/5895/5980 5989/5896/5981 6004/5911/5996 6003/5910/5995
f 5989/5896/5981 5990/5897/5982 6005/5912/5997 6004/5911/5996
f 5990/5897/5982 5991/5898/5983 6006/5913/5998 6005/5912/5997
f 5992/5900/5984 5993/5899/5985 6008/5914/6000 6007/5915/5999
f 5993/5899/5985 5994/5901/5986 6009/5916/6001 6008/5914/6000
f 5994/5901/5986 5995/5902/5987 6010/5917/6002 6009/5916/6001
f 5995/5902/5987 5996/5903/5988 6011/5918/6003 6010/5917/6002
f 5996/5903/5988 5997/5904/5989 6012/5919/6004 6011/5918/6003
f 5997/5904/5989 5998/5905/5990 6013/5920/6005 6012/5919/6004
f 5998/5905/5990 5999/5906/5991 6014/5921/6006 6013/5920/6005
f 5999/5906/5991 6000/5907/5992 6015/5922/6007 6014/5921/6006
f 6000/5907/5992 6001/5908/5993 6016/5923/6008 6015/5922/6007
f 6001/5908/5993 6002/5909/5994 6017/5924/6009 6016/5923/6008
f 6002/5909/5994 6003/5910/5995 6018/5925/6010 6017/5924/6009
f 6003/5910/5995 6004/5911/5996 6019/5926/6011 6018/5925/6010
f 6004/5911/5996 6005/5912/5997 6020/5927/6012 6019/5926/6011
f 6005/5912/5997 6006/5913/5998 6021/5928/6013 6020/5927/6012
f 6007/5915/5999 6008/5914/6000 6023/5929/6015 6022/5930/6014
f 6008/5914/6000 6009/5916/6001 6024/5931/6016 6023/5929/6015
f 6009/5916/6001 6010/5917/6002 6025/5932/6017 6024/5931/6016
f 6010/5917/6002 6011/5918/6003 6026/5933/6018 6025/5932/6017
f 6011/5918/6003 6012/5919/6004 6027/5934/6019 6026/5933/6018
f 6012/5919/6004 6013/5920/6005 6028/5935/6020 6027/5934/6019
f 6013/5920/6005 6014/5921/6006 6029/5936/6021 6028/5935/6020
f 6014/5921/6006 6015/5922/6007 6030/5937/6022 6029/5936/6021
f 6015/5922/6007 6016/5923/6008 6031/5938/6023 6030/5937/6022
f 6016/5923/6008 6017/5924/6009 6032/5939/6024 6031/5938/6023
f 6017/5924/6009 6018/5925/6010 6033/5940/6025 6032/5939/6024
f 6018/5925/6010 6019/5926/6011 6034/5941/6026 6033/5940/6025
f 6019/5926/6011 6020/5927/6012 6035/5942/6027 6034/5941/6026
f 6020/5927/6012 6021/5928/6013 6036/5943/6028 6035/5942/6027
f 6022/5930/6014 6023/5929/6015 6038/5944/6030 6037/5945/6029
f 6023/5929/6015 6024/5931/6016 6039/5946/6031 6038/5944/6030
f 6024/5931/6016 6025/5932/6017 6040/5947/6032 6039/5946/6031
f 6025/5932/6017 6026/5933/6018 6041/5948/6033 6040/5947/6032
f 6026/5933/6018 6027/5934/6019 6042/5949/6034 6041/5948/6033
f 6027/5934/6019 6028/5935/6020 6043/5950/6035 6042/5949/6034
f 6028/5935/6020 6029/5936/6021 6044/5951/6036 6043/5950/6035
f 6029/5936/6021 6030/5937/6022 6045/5952/6037 6044/5951/6036
f 6030/5937/6022 6031/5938/6023 6046/5953/6038 6045/5952/6037
f 6031/5938/6023 6032/5939/6024 6047/5954/6039 6046/5953/6038
f 6032/5939/6024 6033/5940/6025 6048/5955/6040 6047/5954/6039
f 6033/5940/6025 6034/5941/6026 6049/5956/6041 6048/5955/6040
f 6034/5941/6026 6035/5942/6027 6050/5957/6042 6049/5956/6041
f 6035/5942/6027 6036/5943/6028 6051/5958/6043 6050/5957/6042
f 6037/5945/6029 6038/5944/6030 6053/5959/6045 6052/5960/6044
f 6038/5944/6030 6039/5946/6031 6054/5961/6046 6053/5959/6045
f 6039/5946/6031 6040/5947/6032 6055/5962/6047 6054/5961/6046
f 6040/5947/6032 6041/5948/6033 6056/5963/6048 6055/5962/6047
f 6041/5948/6033 6042/5949/6034 6057/5964/6049 6056/5963/6048
f 6042/5949/6034 6043/5950/6035 6058/5965/6050 6057/5964/6049
f 6043/5950/6035 6044/5951/6036 6059/5966/6051 6058/5965/6050
f 6044/5951/6036 6045/5952/6037 6060/5967/6052 6059/5966/6051
f 6045/5952/6037 6046/5953/6038 6061/5968/6053 6060/5967/6052
f 6046/5953/6038 6047/5954/6039 6062/5969/6054 6061/5968/6053
f 6047/5954/6039 6048/5955/6040 6063/5970/6055 6062/5969/6054
f 6048/5955/6040 6049/5956/6041 6064/5971/6056 6063/5970/6055
f 6049/5956/6041 6050/5957/6042 6065/5972/6057 6064/5971/6056
f 6050/5957/6042 6051/5958/6043 6066/5973/6058 6065/5972/6057
f 6052/5960/6044 6053/5959/6045 6068/5974/6060 6067/5975/6059
f 6053/5959/6045 6054/5961/6046 6069/5976/6061 6068/5974/6060
f 6054/5961/6046 6055/5962/6047 6070/5977/6062 6069/5976/6061
f 6055/5962/6047 6056/5963/6048 6071/5978/6063 6070/5977/6062
f 6056/5963/6048 6057/5964/6049 6072/5979/6064 6071/5978/6063
f 6057/5964/6049 6058/5965/6050 6073/5980/6065 6072/5979/6064
f 6058/5965/6050 6059/5966/6051 6074/5981/6066 6073/5980/6065
f 6059/5966/6051 6060/5967/6052 6075/5982/6067 6074/5981/6066
f 6060/5967/6052 6061/5968/6053 6076/5983/6068 6075/5982/6067
f 6061/5968/6053 6062/5969/6054 6077/5984/6069 6076/5983/6068
f 6062/5969/6054 6063/5970/6055 6078/5985/6070 6077/5984/6069
f 6063/5970/6055 6064/5971/6056 6079/5986/6071 6078/5985/6070
f 6064/5971/6056 6065/5972/6057 6080/5987/6072 6079/5986/6071
f 6065/5972/6057 6066/5973/6058 6081/5988/6073 6080/5987/6072
f 6067/5975/6059 6068/5974/6060 6083/5989/6075 6082/5990/6074
f 6068/5974/6060 6069/5976/6061 6084/5991/6076 6083/5989/6075
f 6069/5976/6061 6070/5977/6062 6085/5992/6077 6084/5991/6076
f 6070/5977/6062 6071/5978/6063 6086/5993/6078 6085/5992/6077
f 6071/5978/6063 6072/5979/6064 6087/5994/6079 6086/5993/6078
f 6072/5979/6064 6073/5980/6065 6088/5995/6080 6087/5994/6079
f 6073/5980/6065 6074/5981/6066 6089/5996/6081 6088/5995/6080
f 6074/5981/6066 6075/5982/6067 6090/5997/6082 6089/5996/6081
f 6075/5982/6067 6076/5983/6068 6091/5998/6083 6090/5997/6082
f 6076/5983/6068 6077/5984/6069 6092/5999/6084 6091/5998/6083
f 6077/5984/6069 6078/5985/6070 6093/6000/6085 6092/5999/6084
f 6078/5985/6070 6079/5986/6071 6094/6001/6086 6093/6000/6085
f 6079/5986/6071 6080/5987/6072 6095/6002/6087 6094/6001/6086
f 6080/5987/6072 6081/5988/6073 6096/6003/6088 6095/6002/6087
f 6082/5990/6074 6083/5989/6075 6098/6004/6090 6097/6005/6089
f 6083/5989/6075 6084/5991/6076 6099/6006/6091 6098/6004/6090
f 6084/5991/6076 6085/5992/6077 6100/6007/6092 6099/6006/6091
f 6085/5992/6077 6086/5993/6078 6101/6008/6093 6100/6007/6092
f 6086/5993/6078 6087/5994/6079 6102/6009/6094 6101/6008/6093
f 6087/5994/6079 6088/5995/6080 6103/6010/6095 6102/6009/6094
f 6088/5995/6080 6089/5996/6081 6104/6011/6096 6103/6010/6095
f 6089/5996/6081 6090/5997/6082 6105/6012/6097 6104/6011/6096
f 6090/5997/6082 6091/5998/6083 6106/6013/6098 6105/6012/6097
f 6091/5998/6083 6092/5999/6084 6107/6014/6099 6106/6013/6098
f 6092/5999/6084 6093/6000/6085 6108/6015/6100 6107/6014/6099
f 6093/6000/6085 6094/6001/6086 6109/6016/6101 6108/6015/6100
f 6094/6001/6086 6095/6002/6087 6110/6017/6102 6109/6016/6101
f 6095/6002/6087 6096/6003/6088 6111/6018/6103 6110/6017/6102
f 27/4482/27 697/5793/697 5887/5794/5880 367/4723/367
f 697/5793/697 698/5792/698 5888/5795/5881 5887/5794/5880
f 698/5792/698 699/5791/699 5889/5798/5882 5888/5795/5881
f 699/5791/699 700/5790/700 5890/5800/5883 5889/5798/5882
f 700/5790/700 701/5789/701 5891/5802/5884 5890/5800/5883
f 701/5789/701 702/5788/702 5892/5804/5885 5891/5802/5884
f 702/5788/702 703/5787/703 5893/5806/5886 5892/5804/5885
f 703/5787/703 704/5786/704 5894/5808/5887 5893/5806/5886
f 704/5786/704 705/5785/705 5895/5810/5888 5894/5808/5887
f 705/5785/705 706/5784/706 5896/5812/5889 5895/5810/5888
f 706/5784/706 707/5783/707 5897/5814/5890 5896/5812/5889
f 707/5783/707 708/5782/708 5898/5816/5891 5897/5814/5890
f 708/5782/708 709/5781/709 5899/5818/5892 5898/5816/5891
f 709/5781/709 710/5780/710 5900/5820/5893 5899/5818/5892
f 710/5780/710 711/5779/711 5901/5822/5894 5900/5820/5893
f 711/5779/711 33/5778/33 442/6019/442 5901/5822/5894
f 5901/5822/5894 442/6019/442 443/6020/443 5916/5823/5909
f 5916/5823/5909 443/6020/443 444/6021/444 5931/5838/5924
f 5931/5838/5924 444/6021/444 445/6022/445 5946/5853/5939
f 5946/5853/5939 445/6022/445 446/6023/446 5961/5868/5954
f 5961/5868/5954 446/6023/446 447/6024/447 5976/5883/5969
f 5976/5883/5969 447/6024/447 448/6025/448 5991/5898/5983
f 5991/5898/5983 448/6025/448 449/6026/449 6006/5913/5998
f 6006/5913/5998 449/6026/449 450/6027/450 6021/5928/6013
f 6021/5928/6013 450/6027/450 451/6028/451 6036/5943/6028
f 6036/5943/6028 451/6028/451 452/6029/452 6051/5958/6043
f 6051/5958/6043 452/6029/452 453/6030/453 6066/5973/6058
f 6066/5973/6058 453/6030/453 454/6031/454 6081/5988/6073
f 6081/5988/6073 454/6031/454 455/6032/455 6096/6003/6088
f 6096/6003/6088 455/6032/455 456/6033/456 6111/6018/6103
f 6111/6018/6103 456/6033/456 34/6034/34 786/6035/786
f 6110/6017/6102 6111/6018/6103 786/6035/786 785/6036/785
f 6109/6016/6101 6110/6017/6102 785/6036/785 784/6037/784
f 6108/6015/6100 6109/6016/6101 784/6037/784 783/6038/783
f 6107/6014/6099 6108/6015/6100 783/6038/783 782/6039/782
f 6106/6013/6098 6107/6014/6099 782/6039/782 781/6040/781
f 6105/6012/6097 6106/6013/6098 781/6040/781 780/6041/780
f 6104/6011/6096 6105/6012/6097 780/6041/780 779/6042/779
f 6103/6010/6095 6104/6011/6096 779/6042/779 778/6043/778
f 6102/6009/6094 6103/6010/6095 778/6043/778 777/6044/777
f 6101/6008/6093 6102/6009/6094 777/6044/777 776/6045/776
f 6100/6007/6092 6101/6008/6093 776/6045/776 775/6046/775
f 6099/6006/6091 6100/6007/6092 775/6046/775 774/6047/774
f 6098/6004/6090 6099/6006/6091 774/6047/774 773/6048/773
f 6097/6005/6089 6098/6004/6090 773/6048/773 772/6049/772
f 381/4737/381 6097/6005/6089 772/6049/772 28/4738/28
f 380/4736/380 6082/5990/6074 6097/6005/6089 381/4737/381
f 379/4735/379 6067/5975/6059 6082/5990/6074 380/4736/380
f 378/4734/378 6052/5960/6044 6067/5975/6059 379/4735/379
f 377/4733/377 6037/5945/6029 6052/5960/6044 378/4734/378
f 376/4732/376 6022/5930/6014 6037/5945/6029 377/4733/377
f 375/4731/375 6007/5915/5999 6022/5930/6014 376/4732/376
f 374/4730/374 5992/5900/5984 6007/5915/5999 375/4731/375
f 373/4729/373 5977/5885/5970 5992/5900/5984 374/4730/374
f 372/4728/372 5962/5870/5955 5977/5885/5970 373/4729/373
f 371/4727/371 5947/5855/5940 5962/5870/5955 372/4728/372
f 370/4726/370 5932/5840/5925 5947/5855/5940 371/4727/371
f 369/4725/369 5917/5825/5910 5932/5840/5925 370/4726/370
f 368/4724/368 5902/5797/5895 5917/5825/5910 369/4725/369
f 367/4723/367 5887/5794/5880 5902/5797/5895 368/4724/368
f 6112/6050/6104 6113/6051/6105 6128/6052/6119 6127/6053/6118
f 6113/6051/6105 6114/6054/6106 6129/6055/6120 6128/6052/6119
f 6114/6054/6106 6115/6056/6107 6130/6057/6121 6129/6055/6120
f 6115/6056/6107 6116/6058/6108 6131/6059/6122 6130/6057/6121
f 6116/6058/6108 6117/6060/3819 6132/6061/6123 6131/6059/6122
f 6117/6060/3819 6118/6062/6109 6133/6063/6124 6132/6061/6123
f 6118/6062/6109 6119/6064/6110 6134/6065/6125 6133/6063/6124
f 6119/6064/6110 6120/6066/6111 6135/6067/6126 6134/6065/6125
f 6120/6066/6111 6121/6068/6112 6136/6069/6127 6135/6067/6126
f 6121/6068/6112 6122/6070/6113 6137/6071/6128 6136/6069/6127
f 6122/6070/6113 6123/6072/6114 6138/6073/6129 6137/6071/6128
f 6123/6072/6114 6124/6074/6115 6139/6075/6130 6138/6073/6129
f 6124/6074/6115 6125/6076/6116 6140/6077/6131 6139/6075/6130
f 6125/6076/6116 6126/6078/6117 6141/6079/6132 6140/6077/6131
f 6127/6053/6118 6128/6052/6119 6143/6080/6134 6142/6081/6133
f 6128/6052/6119 6129/6055/6120 6144/6082/6135 6143/6080/6134
f 6129/6055/6120 6130/6057/6121 6145/6083/6136 6144/6082/6135
f 6130/6057/6121 6131/6059/6122 6146/6084/6137 6145/6083/6136
f 6131/6059/6122 6132/6061/6123 6147/6085/6138 6146/6084/6137
f 6132/6061/6123 6133/6063/6124 6148/6086/6139 6147/6085/6138
f 6133/6063/6124 6134/6065/6125 6149/6087/6140 6148/6086/6139
f 6134/6065/6125 6135/6067/6126 6150/6088/6141 6149/6087/6140
f 6135/6067/6126 6136/6069/6127 6151/6089/6142 6150/6088/6141
f 6136/6069/6127 6137/6071/6128 6152/6090/6143 6151/6089/6142
f 6137/6071/6128 6138/6073/6129 6153/6091/6144 6152/6090/6143
f 6138/6073/6129 6139/6075/6130 6154/6092/6145 6153/6091/6144
f 6139/6075/6130 6140/6077/6131 6155/6093/6146 6154/6092/6145
f 6140/6077/6131 6141/6079/6132 6156/6094/6147 6155/6093/6146
f 6142/6081/6133 6143/6080/6134 6158/6095/6149 6157/6096/6148
f 6143/6080/6134 6144/6082/6135 6159/6097/6150 6158/6095/6149
f 6144/6082/6135 6145/6083/6136 6160/6098/6151 6159/6097/6150
f 6145/6083/6136 6146/6084/6137 6161/6099/6152 6160/6098/6151
f 6146/6084/6137 6147/6085/6138 6162/6100/6153 6161/6099/6152
f 6147/6085/6138 6148/6086/6139 6163/6101/6154 6162/6100/6153
f 6148/6086/6139 6149/6087/6140 6164/6102/6155 6163/6101/6154
f 6149/6087/6140 6150/6088/6141 6165/6103/6156 6164/6102/6155
f 6150/6088/6141 6151/6089/6142 6166/6104/6157 6165/6103/6156
f 6151/6089/6142 6152/6090/6143 6167/6105/6158 6166/6104/6157
f 6152/6090/6143 6153/6091/6144 6168/6106/6159 6167/6105/6158
f 6153/6091/6144 6154/6092/6145 6169/6107/6160 6168/6106/6159
f 6154/6092/6145 6155/6093/6146 6170/6108/6161 6169/6107/6160
f 6155/6093/6146 6156/6094/6147 6171/6109/6162 6170/6108/6161
f 6157/6096/6148 6158/6095/6149 6173/6110/6164 6172/6111/6163
f 6158/6095/6149 6159/6097/6150 6174/6112/6165 6173/6110/6164
f 6159/6097/6150 6160/6098/6151 6175/6113/6166 6174/6112/6165
f 6160/6098/6151 6161/6099/6152 6176/6114/6167 6175/6113/6166
f 6161/6099/6152 6162/6100/6153 6177/6115/6168 6176/6114/6167
f 6162/6100/6153 6163/6101/6154 6178/6116/6169 6177/6115/6168
f 6163/6101/6154 6164/6102/6155 6179/6117/6170 6178/6116/6169
f 6164/6102/6155 6165/6103/6156 6180/6118/6171 6179/6117/6170
f 6165/6103/6156 6166/6104/6157 6181/6119/6172 6180/6118/6171
f 6166/6104/6157 6167/6105/6158 6182/6120/6173 6181/6119/6172
f 6167/6105/6158 6168/6106/6159 6183/6121/6174 6182/6120/6173
f 6168/6106/6159 6169/6107/6160 6184/6122/6175 6183/6121/6174
f 6169/6107/6160 6170/6108/6161 6185/6123/6176 6184/6122/6175
f 6170/6108/6161 6171/6109/6162 6186/6124/6177 6185/6123/6176
f 6172/6111/6163 6173/6110/6164 6188/6125/6179 6187/6126/6178
f 6173/6110/6164 6174/6112/6165 6189/6127/6180 6188/6125/6179
f 6174/6112/6165 6175/6113/6166 6190/6128/6181 6189/6127/6180
f 6175/6113/6166 6176/6114/6167 6191/6129/6182 6190/6128/6181
f 6176/6114/6167 6177/6115/6168 6192/6130/6183 6191/6129/6182
f 6177/6115/6168 6178/6116/6169 6193/6131/6184 6192/6130/6183
f 6178/6116/6169 6179/6117/6170 6194/6132/6185 6193/6131/6184
f 6179/6117/6170 6180/6118/6171 6195/6133/6186 6194/6132/6185
f 6180/6118/6171 6181/6119/6172 6196/6134/6187 6195/6133/6186
f 6181/6119/6172 6182/6120/6173 6197/6135/6188 6196/6134/6187
f 6182/6120/6173 6183/6121/6174 6198/6136/6189 6197/6135/6188
f 6183/6121/6174 6184/6122/6175 6199/6137/6190 6198/6136/6189
f 6184/6122/6175 6185/6123/6176 6200/6138/6191 6199/6137/6190
f 6185/6123/6176 6186/6124/6177 6201/6139/6192 6200/6138/6191
f 6187/6126/6178 6188/6125/6179 6203/6140/6194 6202/6141/6193
f 6188/6125/6179 6189/6127/6180 6204/6142/6195 6203/6140/6194
f 6189/6127/6180 6190/6128/6181 6205/6143/6196 6204/6142/6195
f 6190/6128/6181 6191/6129/6182 6206/6144/6197 6205/6143/6196
f 6191/6129/6182 6192/6130/6183 6207/6145/6198 6206/6144/6197
f 6192/6130/6183 6193/6131/6184 6208/6146/6199 6207/6145/6198
f 6193/6131/6184 6194/6132/6185 6209/6147/6200 6208/6146/6199
f 6194/6132/6185 6195/6133/6186 6210/6148/6201 6209/6147/6200
f 6195/6133/6186 6196/6134/6187 6211/6149/6202 6210/6148/6201
f 6196/6134/6187 6197/6135/6188 6212/6150/6203 6211/6149/6202
f 6197/6135/6188 6198/6136/6189 6213/6151/6204 6212/6150/6203
f 6198/6136/6189 6199/6137/6190 6214/6152/6205 6213/6151/6204
f 6199/6137/6190 6200/6138/6191 6215/6153/6206 6214/6152/6205
f 6200/6138/6191 6201/6139/6192 6216/6154/6207 6215/6153/6206
f 6202/6141/6193 6203/6140/6194 6218/6155/6209 6217/6156/6208
f 6203/6140/6194 6204/6142/6195 6219/6157/6210 6218/6155/6209
f 6204/6142/6195 6205/6143/6196 6220/6158/6211 6219/6157/6210
f 6205/6143/6196 6206/6144/6197 6221/6159/6212 6220/6158/6211
f 6206/6144/6197 6207/6145/6198 6222/6160/6213 6221/6159/6212
f 6207/6145/6198 6208/6146/6199 6223/6161/6214 6222/6160/6213
f 6208/6146/6199 6209/6147/6200 6224/6162/6215 6223/6161/6214
f 6209/6147/6200 6210/6148/6201 6225/6163/6216 6224/6162/6215
f 6210/6148/6201 6211/6149/6202 6226/6164/6217 6225/6163/6216
f 6211/6149/6202 6212/6150/6203 6227/6165/6218 6226/6164/6217
f 6212/6150/6203 6213/6151/6204 6228/6166/6219 6227/6165/6218
f 6213/6151/6204 6214/6152/6205 6229/6167/6220 6228/6166/6219
f 6214/6152/6205 6215/6153/6206 6230/6168/6221 6229/6167/6220
f 6215/6153/6206 6216/6154/6207 6231/6169/6222 6230/6168/6221
f 6217/6156/6208 6218/6155/6209 6233/6170/6224 6232/6171/6223
f 6218/6155/6209 6219/6157/6210 6234/6172/6225 6233/6170/6224
f 6219/6157/6210 6220/6158/6211 6235/6173/6226 6234/6172/6225
f 6220/6158/6211 6221/6159/6212 6236/6174/6227 6235/6173/6226
f 6221/6159/6212 6222/6160/6213 6237/6175/6228 6236/6174/6227
f 6222/6160/6213 6223/6161/6214 6238/6176/6229 6237/6175/6228
f 6223/6161/6214 6224/6162/6215 6239/6177/6230 6238/6176/6229
f 6224/6162/6215 6225/6163/6216 6240/6178/6231 6239/6177/6230
f 6225/6163/6216 6226/6164/6217 6241/6179/6232 6240/6178/6231
f 6226/6164/6217 6227/6165/6218 6242/6180/6233 6241/6179/6232
f 6227/6165/6218 6228/6166/6219 6243/6181/6234 6242/6180/6233
f 6228/6166/6219 6229/6167/6220 6244/6182/6235 6243/6181/6234
f 6229/6167/6220 6230/6168/6221 6245/6183/6236 6244/6182/6235
f 6230/6168/6221 6231/6169/6222 6246/6184/6237 6245/6183/6236
f 6232/6171/6223 6233/6170/6224 6248/6185/6239 6247/6186/6238
f 6233/6170/6224 6234/6172/6225 6249/6187/6240 6248/6185/6239
f 6234/6172/6225 6235/6173/6226 6250/6188/6241 6249/6187/6240
f 6235/6173/6226 6236/6174/6227 6251/6189/6242 6250/6188/6241
f 6236/6174/6227 6237/6175/6228 6252/6190/6243 6251/6189/6242
f 6237/6175/6228 6238/6176/6229 6253/6191/6244 6252/6190/6243
f 6238/6176/6229 6239/6177/6230 6254/6192/6245 6253/6191/6244
f 6239/6177/6230 6240/6178/6231 6255/6193/6246 6254/6192/6245
f 6240/6178/6231 6241/6179/6232 6256/6194/6247 6255/6193/6246
f 6241/6179/6232 6242/6180/6233 6257/6195/6248 6256/6194/6247
f 6242/6180/6233 6243/6181/6234 6258/6196/6249 6257/6195/6248
f 6243/6181/6234 6244/6182/6235 6259/6197/6250 6258/6196/6249
f 6244/6182/6235 6245/6183/6236 6260/6198/6251 6259/6197/6250
f 6245/6183/6236 6246/6184/6237 6261/6199/6252 6260/6198/6251
f 6247/6186/6238 6248/6185/6239 6263/6200/6254 6262/6201/6253
f 6248/6185/6239 6249/6187/6240 6264/6202/6255 6263/6200/6254
f 6249/6187/6240 6250/6188/6241 6265/6203/6256 6264/6202/6255
f 6250/6188/6241 6251/6189/6242 6266/6204/6257 6265/6203/6256
f 6251/6189/6242 6252/6190/6243 6267/6205/6258 6266/6204/6257
f 6252/6190/6243 6253/6191/6244 6268/6206/6259 6267/6205/6258
f 6253/6191/6244 6254/6192/6245 6269/6207/6260 6268/6206/6259
f 6254/6192/6245 6255/6193/6246 6270/6208/6261 6269/6207/6260
f 6255/6193/6246 6256/6194/6247 6271/6209/6262 6270/6208/6261
f 6256/6194/6247 6257/6195/6248 6272/6210/6263 6271/6209/6262
f 6257/6195/6248 6258/6196/6249 6273/6211/6264 6272/6210/6263
f 6258/6196/6249 6259/6197/6250 6274/6212/6265 6273/6211/6264
f 6259/6197/6250 6260/6198/6251 6275/6213/6266 6274/6212/6265
f 6260/6198/6251 6261/6199/6252 6276/6214/6267 6275/6213/6266
f 6262/6201/6253 6263/6200/6254 6278/6215/6269 6277/6216/6268
f 6263/6200/6254 6264/6202/6255 6279/6217/6270 6278/6215/6269
f 6264/6202/6255 6265/6203/6256 6280/6218/6271 6279/6217/6270
f 6265/6203/6256 6266/6204/6257 6281/6219/6272 6280/6218/6271
f 6266/6204/6257 6267/6205/6258 6282/6220/6273 6281/6219/6272
f 6267/6205/6258 6268/6206/6259 6283/6221/6274 6282/6220/6273
f 6268/6206/6259 6269/6207/6260 6284/6222/6275 6283/6221/6274
f 6269/6207/6260 6270/6208/6261 6285/6223/6276 6284/6222/6275
f 6270/6208/6261 6271/6209/6262 6286/6224/6277 6285/6223/6276
f 6271/6209/6262 6272/6210/6263 6287/6225/6278 6286/6224/6277
f 6272/6210/6263 6273/6211/6264 6288/6226/6279 6287/6225/6278
f 6273/6211/6264 6274/6212/6265 6289/6227/6280 6288/6226/6279
f 6274/6212/6265 6275/6213/6266 6290/6228/6281 6289/6227/6280
f 6275/6213/6266 6276/6214/6267 6291/6229/6282 6290/6228/6281
f 6277/6216/6268 6278/6215/6269 6293/6230/6284 6292/6231/6283
f 6278/6215/6269 6279/6217/6270 6294/6232/6285 6293/6230/6284
f 6279/6217/6270 6280/6218/6271 6295/6233/6286 6294/6232/6285
f 6280/6218/6271 6281/6219/6272 6296/6234/6287 6295/6233/6286
f 6281/6219/6272 6282/6220/6273 6297/6235/6288 6296/6234/6287
f 6282/6220/6273 6283/6221/6274 6298/6236/6289 6297/6235/6288
f 6283/6221/6274 6284/6222/6275 6299/6237/6290 6298/6236/6289
f 6284/6222/6275 6285/6223/6276 6300/6238/6291 6299/6237/6290
f 6285/6223/6276 6286/6224/6277 6301/6239/6292 6300/6238/6291
f 6286/6224/6277 6287/6225/6278 6302/6240/6293 6301/6239/6292
f 6287/6225/6278 6288/6226/6279 6303/6241/6294 6302/6240/6293
f 6288/6226/6279 6289/6227/6280 6304/6242/6295 6303/6241/6294
f 6289/6227/6280 6290/6228/6281 6305/6243/6296 6304/6242/6295
f 6290/6228/6281 6291/6229/6282 6306/6244/6297 6305/6243/6296
f 6292/6231/6283 6293/6230/6284 6308/6245/6299 6307/6246/6298
f 6293/6230/6284 6294/6232/6285 6309/6247/6300 6308/6245/6299
f 6294/6232/6285 6295/6233/6286 6310/6248/6301 6309/6247/6300
f 6295/6233/6286 6296/6234/6287 6311/6249/6302 6310/6248/6301
f 6296/6234/6287 6297/6235/6288 6312/6250/6303 6311/6249/6302
f 6297/6235/6288 6298/6236/6289 6313/6251/6304 6312/6250/6303
f 6298/6236/6289 6299/6237/6290 6314/6252/6305 6313/6251/6304
f 6299/6237/6290 6300/6238/6291 6315/6253/6306 6314/6252/6305
f 6300/6238/6291 6301/6239/6292 6316/6254/6307 6315/6253/6306
f 6301/6239/6292 6302/6240/6293 6317/6255/6308 6316/6254/6307
f 6302/6240/6293 6303/6241/6294 6318/6256/6309 6317/6255/6308
f 6303/6241/6294 6304/6242/6295 6319/6257/6310 6318/6256/6309
f 6304/6242/6295 6305/6243/6296 6320/6258/6311 6319/6257/6310
f 6305/6243/6296 6306/6244/6297 6321/6259/6312 6320/6258/6311
f 6307/6246/6298 6308/6245/6299 6323/6260/6314 6322/6261/6313
f 6308/6245/6299 6309/6247/6300 6324/6262/6315 6323/6260/6314
f 6309/6247/6300 6310/6248/6301 6325/6263/6316 6324/6262/6315
f 6310/6248/6301 6311/6249/6302 6326/6264/6317 6325/6263/6316
f 6311/6249/6302 6312/6250/6303 6327/6265/6318 6326/6264/6317
f 6312/6250/6303 6313/6251/6304 6328/6266/6319 6327/6265/6318
f 6313/6251/6304 6314/6252/6305 6329/6267/6320 6328/6266/6319
f 6314/6252/6305 6315/6253/6306 6330/6268/6321 6329/6267/6320
f 6315/6253/6306 6316/6254/6307 6331/6269/6322 6330/6268/6321
f 6316/6254/6307 6317/6255/6308 6332/6270/6323 6331/6269/6322
f 6317/6255/6308 6318/6256/6309 6333/6271/6324 6332/6270/6323
f 6318/6256/6309 6319/6257/6310 6334/6272/6325 6333/6271/6324
f 6319/6257/6310 6320/6258/6311 6335/6273/6326 6334/6272/6325
f 6320/6258/6311 6321/6259/6312 6336/6274/6327 6335/6273/6326
f 28/4738/28 772/6049/772 6112/6050/6104 382/4979/382
f 772/6049/772 773/6048/773 6113/6051/6105 6112/6050/6104
f 773/6048/773 774/6047/774 6114/6054/6106 6113/6051/6105
f 774/6047/774 775/6046/775 6115/6056/6107 6114/6054/6106
f 775/6046/775 776/6045/776 6116/6058/6108 6115/6056/6107
f 776/6045/776 777/6044/777 6117/6060/3819 6116/6058/6108
f 777/6044/777 778/6043/778 6118/6062/6109 6117/6060/3819
f 778/6043/778 779/6042/779 6119/6064/6110 6118/6062/6109
f 779/6042/779 780/6041/780 6120/6066/6111 6119/6064/6110
f 780/6041/780 781/6040/781 6121/6068/6112 6120/6066/6111
f 781/6040/781 782/6039/782 6122/6070/6113 6121/6068/6112
f 782/6039/782 783/6038/783 6123/6072/6114 6122/6070/6113
f 783/6038/783 784/6037/784 6124/6074/6115 6123/6072/6114
f 784/6037/784 785/6036/785 6125/6076/6116 6124/6074/6115
f 785/6036/785 786/6035/786 6126/6078/6117 6125/6076/6116
f 786/6035/786 34/6034/34 457/6275/457 6126/6078/6117
f 6126/6078/6117 457/6275/457 458/6276/458 6141/6079/6132
f 6141/6079/6132 458/6276/458 459/6277/459 6156/6094/6147
f 6156/6094/6147 459/6277/459 460/6278/460 6171/6109/6162
f 6171/6109/6162 460/6278/460 461/6279/461 6186/6124/6177
f 6186/6124/6177 461/6279/461 462/6280/462 6201/6139/6192
f 6201/6139/6192 462/6280/462 463/6281/463 6216/6154/6207
f 6216/6154/6207 463/6281/463 464/6282/464 6231/6169/6222
f 6231/6169/6222 464/6282/464 465/6283/465 6246/6184/6237
f 6246/6184/6237 465/6283/465 466/6284/466 6261/6199/6252
f 6261/6199/6252 466/6284/466 467/6285/467 6276/6214/6267
f 6276/6214/6267 467/6285/467 468/6286/468 6291/6229/6282
f 6291/6229/6282 468/6286/468 469/6287/469 6306/6244/6297
f 6306/6244/6297 469/6287/469 470/6288/470 6321/6259/6312
f 6321/6259/6312 470/6288/470 471/6289/471 6336/6274/6327
f 6336/6274/6327 471/6289/471 35/6290/35 861/6291/861
f 6335/6273/6326 6336/6274/6327 861/6291/861 860/6292/860
f 6334/6272/6325 6335/6273/6326 860/6292/860 859/6293/859
f 6333/6271/6324 6334/6272/6325 859/6293/859 858/6294/858
f 6332/6270/6323 6333/6271/6324 858/6294/858 857/6295/857
f 6331/6269/6322 6332/6270/6323 857/6295/857 856/6296/856
f 6330/6268/6321 6331/6269/6322 856/6296/856 855/6297/855
f 6329/6267/6320 6330/6268/6321 855/6297/855 854/6298/854
f 6328/6266/6319 6329/6267/6320 854/6298/854 853/6299/853
f 6327/6265/6318 6328/6266/6319 853/6299/853 852/6300/852
f 6326/6264/6317 6327/6265/6318 852/6300/852 851/6301/851
f 6325/6263/6316 6326/6264/6317 851/6301/851 850/6302/850
f 6324/6262/6315 6325/6263/6316 850/6302/850 849/6303/849
f 6323/6260/6314 6324/6262/6315 849/6303/849 848/6304/848
f 6322/6261/6313 6323/6260/6314 848/6304/848 847/6305/847
f 396/4993/396 6322/6261/6313 847/6305/847 29/4994/29
f 395/4992/395 6307/6246/6298 6322/6261/6313 396/4993/396
f 394/4991/394 6292/6231/6283 6307/6246/6298 395/4992/395
f 393/4990/393 6277/6216/6268 6292/6231/6283 394/4991/394
f 392/4989/392 6262/6201/6253 6277/6216/6268 393/4990/393
f 391/4988/391 6247/6186/6238 6262/6201/6253 392/4989/392
f 390/4987/390 6232/6171/6223 6247/6186/6238 391/4988/391
f 389/4986/389 6217/6156/6208 6232/6171/6223 390/4987/390
f 388/4985/388 6202/6141/6193 6217/6156/6208 389/4986/389
f 387/4984/387 6187/6126/6178 6202/6141/6193 388/4985/388
f 386/4983/386 6172/6111/6163 6187/6126/6178 387/4984/387
f 385/4982/385 6157/6096/6148 6172/6111/6163 386/4983/386
f 384/4981/384 6142/6081/6133 6157/6096/6148 385/4982/385
f 383/4980/383 6127/6053/6118 6142/6081/6133 384/4981/384
f 382/4979/382 6112/6050/6104 6127/6053/6118 383/4980/383
f 6337/6306/6328 6338/6307/6329 6353/6308/6344 6352/6309/6343
f 6338/6307/6329 6339/6310/6330 6354/6311/6345 6353/6308/6344
f 6339/6310/6330 6340/6312/6331 6355/6313/6346 6354/6311/6345
f 6340/6312/6331 6341/6314/6332 6356/6315/6347 6355/6313/6346
f 6341/6314/6332 6342/6316/6333 6357/6317/6348 6356/6315/6347
f 6342/6316/6333 6343/6318/6334 6358/6319/6349 6357/6317/6348
f 6343/6318/6334 6344/6320/6335 6359/6321/6350 6358/6319/6349
f 6344/6320/6335 6345/6322/6336 6360/6323/6351 6359/6321/6350
f 6345/6322/6336 6346/6324/6337 6361/6325/6352 6360/6323/6351
f 6346/6324/6337 6347/6326/6338 6362/6327/6353 6361/6325/6352
f 6347/6326/6338 6348/6328/6339 6363/6329/6354 6362/6327/6353
f 6348/6328/6339 6349/6330/6340 6364/6331/6355 6363/6329/6354
f 6349/6330/6340 6350/6332/6341 6365/6333/6356 6364/6331/6355
f 6350/6332/6341 6351/6334/6342 6366/6335/6357 6365/6333/6356
f 6352/6309/6343 6353/6308/6344 6368/6336/6359 6367/6337/6358
f 6353/6308/6344 6354/6311/6345 6369/6338/6360 6368/6336/6359
f 6354/6311/6345 6355/6313/6346 6370/6339/6361 6369/6338/6360
f 6355/6313/6346 6356/6315/6347 6371/6340/6362 6370/6339/6361
f 6356/6315/6347 6357/6317/6348 6372/6341/6363 6371/6340/6362
f 6357/6317/6348 6358/6319/6349 6373/6342/6364 6372/6341/6363
f 6358/6319/6349 6359/6321/6350 6374/6343/6365 6373/6342/6364
f 6359/6321/6350 6360/6323/6351 6375/6344/6366 6374/6343/6365
f 6360/6323/6351 6361/6325/6352 6376/6345/6367 6375/6344/6366
f 6361/6325/6352 6362/6327/6353 6377/6346/6368 6376/6345/6367
f 6362/6327/6353 6363/6329/6354 6378/6347/6369 6377/6346/6368
f 6363/6329/6354 6364/6331/6355 6379/6348/6370 6378/6347/6369
f 6364/6331/6355 6365/6333/6356 6380/6349/6371 6379/6348/6370
f 6365/6333/6356 6366/6335/6357 6381/6350/6372 6380/6349/6371
f 6367/6337/6358 6368/6336/6359 6383/6351/6374 6382/6352/6373
f 6368/6336/6359 6369/6338/6360 6384/6353/6375 6383/6351/6374
f 6369/6338/6360 6370/6339/6361 6385/6354/6376 6384/6353/6375
f 6370/6339/6361 6371/6340/6362 6386/6355/6377 6385/6354/6376
f 6371/6340/6362 6372/6341/6363 6387/6356/6378 6386/6355/6377
f 6372/6341/6363 6373/6342/6364 6388/6357/6379 6387/6356/6378
f 6373/6342/6364 6374/6343/6365 6389/6358/6380 6388/6357/6379
f 6374/6343/6365 6375/6344/6366 6390/6359/6381 6389/6358/6380
f 6375/6344/6366 6376/6345/6367 6391/6360/6382 6390/6359/6381
f 6376/6345/6367 6377/6346/6368 6392/6361/6383 6391/6360/6382
f 6377/6346/6368 6378/6347/6369 6393/6362/6384 6392/6361/6383
f 6378/6347/6369 6379/6348/6370 6394/6363/6385 6393/6362/6384
f 6379/6348/6370 6380/6349/6371 6395/6364/6386 6394/6363/6385
f 6380/6349/6371 6381/6350/6372 6396/6365/6387 6395/6364/6386
f 6382/6352/6373 6383/6351/6374 6398/6366/6389 6397/6367/6388
f 6383/6351/6374 6384/6353/6375 6399/6368/6390 6398/6366/6389
f 6384/6353/6375 6385/6354/6376 6400/6369/6391 6399/6368/6390
f 6385/6354/6376 6386/6355/6377 6401/6370/6392 6400/6369/6391
f 6386/6355/6377 6387/6356/6378 6402/6371/6393 6401/6370/6392
f 6387/6356/6378 6388/6357/6379 6403/6372/6394 6402/6371/6393
f 6388/6357/6379 6389/6358/6380 6404/6373/6395 6403/6372/6394
f 6389/6358/6380 6390/6359/6381 6405/6374/6396 6404/6373/6395
f 6390/6359/6381 6391/6360/6382 6406/6375/6397 6405/6374/6396
f 6391/6360/6382 6392/6361/6383 6407/6376/6398 6406/6375/6397
f 6392/6361/6383 6393/6362/6384 6408/6377/6399 6407/6376/6398
f 6393/6362/6384 6394/6363/6385 6409/6378/6400 6408/6377/6399
f 6394/6363/6385 6395/6364/6386 6410/6379/6401 6409/6378/6400
f 6395/6364/6386 6396/6365/6387 6411/6380/6402 6410/6379/6401
f 6397/6367/6388 6398/6366/6389 6413/6381/6404 6412/6382/6403
f 6398/6366/6389 6399/6368/6390 6414/6383/6405 6413/6381/6404
f 6399/6368/6390 6400/6369/6391 6415/6384/6406 6414/6383/6405
f 6400/6369/6391 6401/6370/6392 6416/6385/6407 6415/6384/6406
f 6401/6370/6392 6402/6371/6393 6417/6386/6408 6416/6385/6407
f 6402/6371/6393 6403/6372/6394 6418/6387/6409 6417/6386/6408
f 6403/6372/6394 6404/6373/6395 6419/6388/6410 6418/6387/6409
f 6404/6373/6395 6405/6374/6396 6420/6389/6411 6419/6388/6410
f 6405/6374/6396 6406/6375/6397 6421/6390/6412 6420/6389/6411
f 6406/6375/6397 6407/6376/6398 6422/6391/6413 6421/6390/6412
f 6407/6376/6398 6408/6377/6399 6423/6392/6414 6422/6391/6413
f 6408/6377/6399 6409/6378/6400 6424/6393/6415 6423/6392/6414
f 6409/6378/6400 6410/6379/6401 6425/6394/6416 6424/6393/6415
f 6410/6379/6401 6411/6380/6402 6426/6395/6417 6425/6394/6416
f 6412/6382/6403 6413/6381/6404 6428/6396/6419 6427/6397/6418
f 6413/6381/6404 6414/6383/6405 6429/6398/6420 6428/6396/6419
f 6414/6383/6405 6415/6384/6406 6430/6399/6421 6429/6398/6420
f 6415/6384/6406 6416/6385/6407 6431/6400/6422 6430/6399/6421
f 6416/6385/6407 6417/6386/6408 6432/6401/6423 6431/6400/6422
f 6417/6386/6408 6418/6387/6409 6433/6402/6424 6432/6401/6423
f 6418/6387/6409 6419/6388/6410 6434/6403/6425 6433/6402/6424
f 6419/6388/6410 6420/6389/6411 6435/6404/6426 6434/6403/6425
f 6420/6389/6411 6421/6390/6412 6436/6405/6427 6435/6404/6426
f 6421/6390/6412 6422/6391/6413 6437/6406/6428 6436/6405/6427
f 6422/6391/6413 6423/6392/6414 6438/6407/6429 6437/6406/6428
f 6423/6392/6414 6424/6393/6415 6439/6408/6430 6438/6407/6429
f 6424/6393/6415 6425/6394/6416 6440/6409/6431 6439/6408/6430
f 6425/6394/6416 6426/6395/6417 6441/6410/6432 6440/6409/6431
f 6427/6397/6418 6428/6396/6419 6443/6411/6434 6442/6412/6433
f 6428/6396/6419 6429/6398/6420 6444/6413/6435 6443/6411/6434
f 6429/6398/6420 6430/6399/6421 6445/6414/6436 6444/6413/6435
f 6430/6399/6421 6431/6400/6422 6446/6415/6437 6445/6414/6436
f 6431/6400/6422 6432/6401/6423 6447/6416/6438 6446/6415/6437
f 6432/6401/6423 6433/6402/6424 6448/6417/6439 6447/6416/6438
f 6433/6402/6424 6434/6403/6425 6449/6418/6440 6448/6417/6439
f 6434/6403/6425 6435/6404/6426 6450/6419/6441 6449/6418/6440
f 6435/6404/6426 6436/6405/6427 6451/6420/6442 6450/6419/6441
f 6436/6405/6427 6437/6406/6428 6452/6421/6443 6451/6420/6442
f 6437/6406/6428 6438/6407/6429 6453/6422/6444 6452/6421/6443
f 6438/6407/6429 6439/6408/6430 6454/6423/6445 6453/6422/6444
f 6439/6408/6430 6440/6409/6431 6455/6424/6446 6454/6423/6445
f 6440/6409/6431 6441/6410/6432 6456/6425/6447 6455/6424/6446
f 6442/6412/6433 6443/6411/6434 6458/6426/6449 6457/6427/6448
f 6443/6411/6434 6444/6413/6435 6459/6428/6450 6458/6426/6449
f 6444/6413/6435 6445/6414/6436 6460/6429/6451 6459/6428/6450
f 6445/6414/6436 6446/6415/6437 6461/6430/6452 6460/6429/6451
f 6446/6415/6437 6447/6416/6438 6462/6431/6453 6461/6430/6452
f 6447/6416/6438 6448/6417/6439 6463/6432/6454 6462/6431/6453
f 6448/6417/6439 6449/6418/6440 6464/6433/6455 6463/6432/6454
f 6449/6418/6440 6450/6419/6441 6465/6434/6456 6464/6433/6455
f 6450/6419/6441 6451/6420/6442 6466/6435/6457 6465/6434/6456
f 6451/6420/6442 6452/6421/6443 6467/6436/6458 6466/6435/6457
f 6452/6421/6443 6453/6422/6444 6468/6437/6459 6467/6436/6458
f 6453/6422/6444 6454/6423/6445 6469/6438/6460 6468/6437/6459
f 6454/6423/6445 6455/6424/6446 6470/6439/6461 6469/6438/6460
f 6455/6424/6446 6456/6425/6447 6471/6440/6462 6470/6439/6461
f 6457/6427/6448 6458/6426/6449 6473/6441/6464 6472/6442/6463
f 6458/6426/6449 6459/6428/6450 6474/6443/6465 6473/6441/6464
f 6459/6428/6450 6460/6429/6451 6475/6444/6466 6474/6443/6465
f 6460/6429/6451 6461/6430/6452 6476/6445/6467 6475/6444/6466
f 6461/6430/6452 6462/6431/6453 6477/6446/6468 6476/6445/6467
f 6462/6431/6453 6463/6432/6454 6478/6447/6469 6477/6446/6468
f 6463/6432/6454 6464/6433/6455 6479/6448/6470 6478/6447/6469
f 6464/6433/6455 6465/6434/6456 6480/6449/6471 6479/6448/6470
f 6465/6434/6456 6466/6435/6457 6481/6450/6472 6480/6449/6471
f 6466/6435/6457 6467/6436/6458 6482/6451/6473 6481/6450/6472
f 6467/6436/6458 6468/6437/6459 6483/6452/6474 6482/6451/6473
f 6468/6437/6459 6469/6438/6460 6484/6453/6475 6483/6452/6474
f 6469/6438/6460 6470/6439/6461 6485/6454/6476 6484/6453/6475
f 6470/6439/6461 6471/6440/6462 6486/6455/6477 6485/6454/6476
f 6472/6442/6463 6473/6441/6464 6488/6456/6479 6487/6457/6478
f 6473/6441/6464 6474/6443/6465 6489/6458/6480 6488/6456/6479
f 6474/6443/6465 6475/6444/6466 6490/6459/6481 6489/6458/6480
f 6475/6444/6466 6476/6445/6467 6491/6460/6482 6490/6459/6481
f 6476/6445/6467 6477/6446/6468 6492/6461/6483 6491/6460/6482
f 6477/6446/6468 6478/6447/6469 6493/6462/6484 6492/6461/6483
f 6478/6447/6469 6479/6448/6470 6494/6463/6485 6493/6462/6484
f 6479/6448/6470 6480/6449/6471 6495/6464/6486 6494/6463/6485
f 6480/6449/6471 6481/6450/6472 6496/6465/6487 6495/6464/6486
f 6481/6450/6472 6482/6451/6473 6497/6466/6488 6496/6465/6487
f 6482/6451/6473 6483/6452/6474 6498/6467/6489 6497/6466/6488
f 6483/6452/6474 6484/6453/6475 6499/6468/6490 6498/6467/6489
f 6484/6453/6475 6485/6454/6476 6500/6469/6491 6499/6468/6490
f 6485/6454/6476 6486/6455/6477 6501/6470/6492 6500/6469/6491
f 6487/6457/6478 6488/6456/6479 6503/6471/6494 6502/6472/6493
f 6488/6456/6479 6489/6458/6480 6504/6473/6495 6503/6471/6494
f 6489/6458/6480 6490/6459/6481 6505/6474/6496 6504/6473/6495
f 6490/6459/6481 6491/6460/6482 6506/6475/6497 6505/6474/6496
f 6491/6460/6482 6492/6461/6483 6507/6476/6498 6506/6475/6497
f 6492/6461/6483 6493/6462/6484 6508/6477/6499 6507/6476/6498
f 6493/6462/6484 6494/6463/6485 6509/6478/6500 6508/6477/6499
f 6494/6463/6485 6495/6464/6486 6510/6479/6501 6509/6478/6500
f 6495/6464/6486 6496/6465/6487 6511/6480/6502 6510/6479/6501
f 6496/6465/6487 6497/6466/6488 6512/6481/6503 6511/6480/6502
f 6497/6466/6488 6498/6467/6489 6513/6482/6504 6512/6481/6503
f 6498/6467/6489 6499/6468/6490 6514/6483/6505 6513/6482/6504
f 6499/6468/6490 6500/6469/6491 6515/6484/6506 6514/6483/6505
f 6500/6469/6491 6501/6470/6492 6516/6485/6507 6515/6484/6506
f 6502/6472/6493 6503/6471/6494 6518/6486/6509 6517/6487/6508
f 6503/6471/6494 6504/6473/6495 6519/6488/6510 6518/6486/6509
f 6504/6473/6495 6505/6474/6496 6520/6489/6511 6519/6488/6510
f 6505/6474/6496 6506/6475/6497 6521/6490/6512 6520/6489/6511
f 6506/6475/6497 6507/6476/6498 6522/6491/6513 6521/6490/6512
f 6507/6476/6498 6508/6477/6499 6523/6492/6514 6522/6491/6513
f 6508/6477/6499 6509/6478/6500 6524/6493/6515 6523/6492/6514
f 6509/6478/6500 6510/6479/6501 6525/6494/6516 6524/6493/6515
f 6510/6479/6501 6511/6480/6502 6526/6495/6517 6525/6494/6516
f 6511/6480/6502 6512/6481/6503 6527/6496/6518 6526/6495/6517
f 6512/6481/6503 6513/6482/6504 6528/6497/6519 6527/6496/6518
f 6513/6482/6504 6514/6483/6505 6529/6498/6520 6528/6497/6519
f 6514/6483/6505 6515/6484/6506 6530/6499/6521 6529/6498/6520
f 6515/6484/6506 6516/6485/6507 6531/6500/6522 6530/6499/6521
f 6517/6487/6508 6518/6486/6509 6533/6501/6524 6532/6502/6523
f 6518/6486/6509 6519/6488/6510 6534/6503/6525 6533/6501/6524
f 6519/6488/6510 6520/6489/6511 6535/6504/6526 6534/6503/6525
f 6520/6489/6511 6521/6490/6512 6536/6505/6527 6535/6504/6526
f 6521/6490/6512 6522/6491/6513 6537/6506/6528 6536/6505/6527
f 6522/6491/6513 6523/6492/6514 6538/6507/6529 6537/6506/6528
f 6523/6492/6514 6524/6493/6515 6539/6508/6530 6538/6507/6529
f 6524/6493/6515 6525/6494/6516 6540/6509/6531 6539/6508/6530
f 6525/6494/6516 6526/6495/6517 6541/6510/6532 6540/6509/6531
f 6526/6495/6517 6527/6496/6518 6542/6511/6533 6541/6510/6532
f 6527/6496/6518 6528/6497/6519 6543/6512/6534 6542/6511/6533
f 6528/6497/6519 6529/6498/6520 6544/6513/6535 6543/6512/6534
f 6529/6498/6520 6530/6499/6521 6545/6514/6536 6544/6513/6535
f 6530/6499/6521 6531/6500/6522 6546/6515/6537 6545/6514/6536
f 6532/6502/6523 6533/6501/6524 6548/6516/6539 6547/6517/6538
f 6533/6501/6524 6534/6503/6525 6549/6518/6540 6548/6516/6539
f 6534/6503/6525 6535/6504/6526 6550/6519/6541 6549/6518/6540
f 6535/6504/6526 6536/6505/6527 6551/6520/6542 6550/6519/6541
f 6536/6505/6527 6537/6506/6528 6552/6521/6543 6551/6520/6542
f 6537/6506/6528 6538/6507/6529 6553/6522/6544 6552/6521/6543
f 6538/6507/6529 6539/6508/6530 6554/6523/6545 6553/6522/6544
f 6539/6508/6530 6540/6509/6531 6555/6524/6546 6554/6523/6545
f 6540/6509/6531 6541/6510/6532 6556/6525/6547 6555/6524/6546
f 6541/6510/6532 6542/6511/6533 6557/6526/6548 6556/6525/6547
f 6542/6511/6533 6543/6512/6534 6558/6527/6549 6557/6526/6548
f 6543/6512/6534 6544/6513/6535 6559/6528/6550 6558/6527/6549
f 6544/6513/6535 6545/6514/6536 6560/6529/6551 6559/6528/6550
f 6545/6514/6536 6546/6515/6537 6561/6530/6552 6560/6529/6551
f 29/4994/29 847/6305/847 6337/6306/6328 397/5235/397
f 847/6305/847 848/6304/848 6338/6307/6329 6337/6306/6328
f 848/6304/848 849/6303/849 6339/6310/6330 6338/6307/6329
f 849/6303/849 850/6302/850 6340/6312/6331 6339/6310/6330
f 850/6302/850 851/6301/851 6341/6314/6332 6340/6312/6331
f 851/6301/851 852/6300/852 6342/6316/6333 6341/6314/6332
f 852/6300/852 853/6299/853 6343/6318/6334 6342/6316/6333
f 853/6299/853 854/6298/854 6344/6320/6335 6343/6318/6334
f 854/6298/854 855/6297/855 6345/6322/6336 6344/6320/6335
f 855/6297/855 856/6296/856 6346/6324/6337 6345/6322/6336
f 856/6296/856 857/6295/857 6347/6326/6338 6346/6324/6337
f 857/6295/857 858/6294/858 6348/6328/6339 6347/6326/6338
f 858/6294/858 859/6293/859 6349/6330/6340 6348/6328/6339
f 859/6293/859 860/6292/860 6350/6332/6341 6349/6330/6340
f 860/6292/860 861/6291/861 6351/6334/6342 6350/6332/6341
f 861/6291/861 35/6290/35 472/6531/472 6351/6334/6342
f 6351/6334/6342 472/6531/472 473/6532/473 6366/6335/6357
f 6366/6335/6357 473/6532/473 474/6533/474 6381/6350/6372
f 6381/6350/6372 474/6533/474 475/6534/475 6396/6365/6387
f 6396/6365/6387 475/6534/475 476/6535/476 6411/6380/6402
f 6411/6380/6402 476/6535/476 477/6536/477 6426/6395/6417
f 6426/6395/6417 477/6536/477 478/6537/478 6441/6410/6432
f 6441/6410/6432 478/6537/478 479/6538/479 6456/6425/6447
f 6456/6425/6447 479/6538/479 480/6539/480 6471/6440/6462
f 6471/6440/6462 480/6539/480 481/6540/481 6486/6455/6477
f 6486/6455/6477 481/6540/481 482/6541/482 6501/6470/6492
f 6501/6470/6492 482/6541/482 483/6542/483 6516/6485/6507
f 6516/6485/6507 483/6542/483 484/6543/484 6531/6500/6522
f 6531/6500/6522 484/6543/484 485/6544/485 6546/6515/6537
f 6546/6515/6537 485/6544/485 486/6545/486 6561/6530/6552
f 6561/6530/6552 486/6545/486 36/6546/36 936/6547/936
f 6560/6529/6551 6561/6530/6552 936/6547/936 935/6548/935
f 6559/6528/6550 6560/6529/6551 935/6548/935 934/6549/934
f 6558/6527/6549 6559/6528/6550 934/6549/934 933/6550/933
f 6557/6526/6548 6558/6527/6549 933/6550/933 932/6551/932
f 6556/6525/6547 6557/6526/6548 932/6551/932 931/6552/931
f 6555/6524/6546 6556/6525/6547 931/6552/931 930/6553/930
f 6554/6523/6545 6555/6524/6546 930/6553/930 929/6554/929
f 6553/6522/6544 6554/6523/6545 929/6554/929 928/6555/928
f 6552/6521/6543 6553/6522/6544 928/6555/928 927/6556/927
f 6551/6520/6542 6552/6521/6543 927/6556/927 926/6557/926
f 6550/6519/6541 6551/6520/6542 926/6557/926 925/6558/925
f 6549/6518/6540 6550/6519/6541 925/6558/925 924/6559/924
f 6548/6516/6539 6549/6518/6540 924/6559/924 923/6560/923
f 6547/6517/6538 6548/6516/6539 923/6560/923 922/6561/922
f 411/5249/411 6547/6517/6538 922/6561/922 30/5250/30
f 410/5248/410 6532/6502/6523 6547/6517/6538 411/5249/411
f 409/5247/409 6517/6487/6508 6532/6502/6523 410/5248/410
f 408/5246/408 6502/6472/6493 6517/6487/6508 409/5247/409
f 407/5245/407 6487/6457/6478 6502/6472/6493 408/5246/408
f 406/5244/406 6472/6442/6463 6487/6457/6478 407/5245/407
f 405/5243/405 6457/6427/6448 6472/6442/6463 406/5244/406
f 404/5242/404 6442/6412/6433 6457/6427/6448 405/5243/405
f 403/5241/403 6427/6397/6418 6442/6412/6433 404/5242/404
f 402/5240/402 6412/6382/6403 6427/6397/6418 403/5241/403
f 401/5239/401 6397/6367/6388 6412/6382/6403 402/5240/402
f 400/5238/400 6382/6352/6373 6397/6367/6388 401/5239/401
f 399/5237/399 6367/6337/6358 6382/6352/6373 400/5238/400
f 398/5236/398 6352/6309/6343 6367/6337/6358 399/5237/399
f 397/5235/397 6337/6306/6328 6352/6309/6343 398/5236/398
