t,estimator,x,y,yaw,std_x,std_y,std_yaw
0.02,ground_truth,0.000000,-0.000000,-0.000000,0.000000,0.000000,0.000000
0.04,ground_truth,0.000000,-0.000000,-0.000000,0.000000,0.000000,0.000000
0.060000000000000005,ground_truth,0.000000,-0.000000,-0.000000,0.000000,0.000000,0.000000
0.08,ground_truth,0.000000,-0.000000,-0.000000,0.000000,0.000000,0.000000
0.1,ground_truth,0.000000,-0.000000,-0.000000,0.000000,0.000000,0.000000
0.12000000000000001,ground_truth,0.000000,-0.000000,-0.000000,0.000000,0.000000,0.000000
0.14,ground_truth,0.000000,-0.000000,-0.000000,0.000000,0.000000,0.000000
0.16,ground_truth,0.000000,-0.000000,-0.000000,0.000000,0.000000,0.000000
0.18000000000000002,ground_truth,0.000000,-0.000000,-0.000000,0.000000,0.000000,0.000000
0.2,ground_truth,0.000000,-0.000000,-0.000000,0.000000,0.000000,0.000000
0.22,ground_truth,0.000000,-0.000000,-0.000000,0.000000,0.000000,0.000000
0.24000000000000002,ground_truth,0.000000,-0.000000,-0.000000,0.000000,0.000000,0.000000
0.26,ground_truth,0.000000,-0.000000,-0.000000,0.000000,0.000000,0.000000
0.28,ground_truth,0.000000,-0.000000,-0.000000,0.000000,0.000000,0.000000
0.30000000000000004,ground_truth,0.000000,-0.000000,-0.000000,0.000000,0.000000,0.000000
0.32,ground_truth,0.000000,-0.000000,-0.000000,0.000000,0.000000,0.000000
0.34,ground_truth,0.000000,-0.000000,-0.000000,0.000000,0.000000,0.000000
0.36000000000000004,ground_truth,0.000000,-0.000000,-0.000000,0.000000,0.000000,0.000000
0.38,ground_truth,0.000000,-0.000000,-0.000000,0.000000,0.000000,0.000000
0.4,ground_truth,0.000000,-0.000000,-0.000000,0.000000,0.000000,0.000000
0.42000000000000004,ground_truth,0.000000,-0.000000,-0.000000,0.000000,0.000000,0.000000
0.44,ground_truth,0.000000,-0.000000,-0.000000,0.000000,0.000000,0.000000
0.46,ground_truth,0.000000,-0.000000,-0.000000,0.000000,0.000000,0.000000
0.48000000000000004,ground_truth,0.000000,-0.000000,-0.000000,0.000000,0.000000,0.000000
0.5,ground_truth,0.000000,-0.000000,-0.000000,0.000000,0.000000,0.000000
0.52,ground_truth,0.000000,-0.000000,-0.000000,0.000000,0.000000,0.000000
0.54,ground_truth,0.000000,-0.000000,-0.000000,0.000000,0.000000,0.000000
0.56,ground_truth,0.000000,-0.000000,-0.000000,0.000000,0.000000,0.000000
0.5800000000000001,ground_truth,0.000000,-0.000000,-0.000000,0.000000,0.000000,0.000000
0.6000000000000001,ground_truth,0.000000,-0.000000,-0.000000,0.000000,0.000000,0.000000
0.62,ground_truth,0.000000,-0.000000,-0.000000,0.000000,0.000000,0.000000
0.64,ground_truth,0.000000,-0.000000,-0.000000,0.000000,0.000000,0.000000
0.66,ground_truth,0.000000,-0.000000,-0.000000,0.000000,0.000000,0.000000
0.68,ground_truth,0.000000,-0.000000,-0.000000,0.000000,0.000000,0.000000
0.7000000000000001,ground_truth,0.000000,-0.000000,-0.000000,0.000000,0.000000,0.000000
0.7200000000000001,ground_truth,0.000000,-0.000000,-0.000000,0.000000,0.000000,0.000000
0.74,ground_truth,0.000000,-0.000000,-0.000000,0.000000,0.000000,0.000000
0.76,ground_truth,0.000000,-0.000000,-0.000000,0.000000,0.000000,0.000000
0.78,ground_truth,0.000000,-0.000000,-0.000000,0.000000,0.000000,0.000000
0.8,ground_truth,0.000000,-0.000000,-0.000000,0.000000,0.000000,0.000000
0.8200000000000001,ground_truth,0.000000,-0.000000,-0.000000,0.000000,0.000000,0.000000
0.8400000000000001,ground_truth,0.000000,-0.000000,-0.000000,0.000000,0.000000,0.000000
0.8600000000000001,ground_truth,0.000000,-0.000000,-0.000000,0.000000,0.000000,0.000000
0.88,ground_truth,0.000000,-0.000000,-0.000000,0.000000,0.000000,0.000000
0.9,ground_truth,0.000000,-0.000000,-0.000000,0.000000,0.000000,0.000000
0.92,ground_truth,0.000000,-0.000000,-0.000000,0.000000,0.000000,0.000000
0.9400000000000001,ground_truth,0.000000,-0.000000,-0.000000,0.000000,0.000000,0.000000
0.9600000000000001,ground_truth,0.000000,-0.000000,-0.000000,0.000000,0.000000,0.000000
0.9800000000000001,ground_truth,0.000000,-0.000000,-0.000000,0.000000,0.000000,0.000000
1.0,ground_truth,0.000000,-0.000000,-0.000000,0.000000,0.000000,0.000000
1.02,ground_truth,0.000000,-0.000000,-0.000000,0.000000,0.000000,0.000000
1.04,ground_truth,0.000000,-0.000000,-0.000000,0.000000,0.000000,0.000000
1.06,ground_truth,0.000000,-0.000000,-0.000000,0.000000,0.000000,0.000000
1.08,ground_truth,0.000000,-0.000000,-0.000000,0.000000,0.000000,0.000000
1.1,ground_truth,0.000000,-0.000000,-0.000000,0.000000,0.000000,0.000000
1.12,ground_truth,0.000000,-0.000000,-0.000000,0.000000,0.000000,0.000000
1.1400000000000001,ground_truth,0.000000,-0.000000,-0.000000,0.000000,0.000000,0.000000
1.1600000000000001,ground_truth,0.000000,-0.000000,-0.000000,0.000000,0.000000,0.000000
1.1800000000000002,ground_truth,0.000000,-0.000000,-0.000000,0.000000,0.000000,0.000000
1.2000000000000002,ground_truth,0.000000,-0.000000,-0.000000,0.000000,0.000000,0.000000
1.22,ground_truth,0.000000,-0.000000,-0.000000,0.000000,0.000000,0.000000
1.24,ground_truth,0.000000,-0.000000,-0.000000,0.000000,0.000000,0.000000
1.26,ground_truth,0.000000,-0.000000,-0.000000,0.000000,0.000000,0.000000
1.28,ground_truth,0.000000,-0.000000,-0.000000,0.000000,0.000000,0.000000
1.3,ground_truth,0.000000,-0.000000,-0.000000,0.000000,0.000000,0.000000
1.32,ground_truth,0.000000,-0.000000,-0.000000,0.000000,0.000000,0.000000
1.34,ground_truth,0.000000,-0.000000,-0.000000,0.000000,0.000000,0.000000
1.36,ground_truth,0.000000,-0.000000,-0.000000,0.000000,0.000000,0.000000
1.3800000000000001,ground_truth,0.000000,-0.000000,-0.000000,0.000000,0.000000,0.000000
1.4000000000000001,ground_truth,0.000000,-0.000000,-0.000000,0.000000,0.000000,0.000000
1.4200000000000002,ground_truth,0.000000,-0.000000,-0.000000,0.000000,0.000000,0.000000
1.4400000000000002,ground_truth,0.000000,-0.000000,-0.000000,0.000000,0.000000,0.000000
1.4600000000000002,ground_truth,0.000000,-0.000000,-0.000000,0.000000,0.000000,0.000000
1.48,ground_truth,0.000000,-0.000000,-0.000000,0.000000,0.000000,0.000000
1.5,ground_truth,0.000000,-0.000000,-0.000000,0.000000,0.000000,0.000000
1.52,ground_truth,0.000000,-0.000000,-0.000000,0.000000,0.000000,0.000000
1.54,ground_truth,0.000000,-0.000000,-0.000000,0.000000,0.000000,0.000000
1.56,ground_truth,0.000000,-0.000000,-0.000000,0.000000,0.000000,0.000000
1.58,ground_truth,0.000000,-0.000000,-0.000000,0.000000,0.000000,0.000000
1.6,ground_truth,0.000000,-0.000000,-0.000000,0.000000,0.000000,0.000000
1.62,ground_truth,0.000000,-0.000000,-0.000000,0.000000,0.000000,0.000000
1.6400000000000001,ground_truth,0.000000,-0.000000,-0.000000,0.000000,0.000000,0.000000
1.6600000000000001,ground_truth,0.000000,-0.000000,-0.000000,0.000000,0.000000,0.000000
1.6800000000000002,ground_truth,0.000000,-0.000000,-0.000000,0.000000,0.000000,0.000000
1.7000000000000002,ground_truth,0.000000,-0.000000,-0.000000,0.000000,0.000000,0.000000
1.7200000000000002,ground_truth,0.000000,-0.000000,-0.000000,0.000000,0.000000,0.000000
1.7400000000000002,ground_truth,0.000000,-0.000000,-0.000000,0.000000,0.000000,0.000000
1.76,ground_truth,0.000000,-0.000000,-0.000000,0.000000,0.000000,0.000000
1.78,ground_truth,0.000000,-0.000000,-0.000000,0.000000,0.000000,0.000000
1.8,ground_truth,0.000000,-0.000000,-0.000000,0.000000,0.000000,0.000000
1.82,ground_truth,0.000000,-0.000000,-0.000000,0.000000,0.000000,0.000000
1.84,ground_truth,0.000000,-0.000000,-0.000000,0.000000,0.000000,0.000000
1.86,ground_truth,0.000000,-0.000000,-0.000000,0.000000,0.000000,0.000000
1.8800000000000001,ground_truth,0.000000,-0.000000,-0.000000,0.000000,0.000000,0.000000
1.9000000000000001,ground_truth,0.000000,-0.000000,-0.000000,0.000000,0.000000,0.000000
1.9200000000000002,ground_truth,0.000000,-0.000000,-0.000000,0.000000,0.000000,0.000000
1.9400000000000002,ground_truth,0.000000,-0.000000,-0.000000,0.000000,0.000000,0.000000
1.9600000000000002,ground_truth,0.000000,-0.000000,-0.000000,0.000000,0.000000,0.000000
1.9800000000000002,ground_truth,0.000000,-0.000000,-0.000000,0.000000,0.000000,0.000000
2.0,ground_truth,0.000000,-0.000000,-0.000000,0.000000,0.000000,0.000000
2.02,ground_truth,0.000000,-0.000000,-0.000000,0.000000,0.000000,0.000000
2.04,ground_truth,0.000000,-0.000000,-0.000000,0.000000,0.000000,0.000000
2.06,ground_truth,0.000000,-0.000000,-0.000000,0.000000,0.000000,0.000000
2.08,ground_truth,0.000000,-0.000000,-0.000000,0.000000,0.000000,0.000000
2.1,ground_truth,0.000000,-0.000000,-0.000000,0.000000,0.000000,0.000000
2.12,ground_truth,0.000000,-0.000000,-0.000000,0.000000,0.000000,0.000000
2.14,ground_truth,0.000000,-0.000000,-0.000000,0.000000,0.000000,0.000000
2.16,ground_truth,0.000000,-0.000000,-0.000000,0.000000,0.000000,0.000000
2.18,ground_truth,0.000000,-0.000000,-0.000000,0.000000,0.000000,0.000000
2.2,ground_truth,0.000000,-0.000000,-0.000000,0.000000,0.000000,0.000000
2.22,ground_truth,0.000000,-0.000000,-0.000000,0.000000,0.000000,0.000000
2.24,ground_truth,0.000000,-0.000000,-0.000000,0.000000,0.000000,0.000000
2.2600000000000002,ground_truth,0.000000,-0.000000,-0.000000,0.000000,0.000000,0.000000
2.2800000000000002,ground_truth,0.000000,-0.000000,-0.000000,0.000000,0.000000,0.000000
2.3000000000000003,ground_truth,0.000000,-0.000000,-0.000000,0.000000,0.000000,0.000000
2.3200000000000003,ground_truth,0.000000,-0.000000,-0.000000,0.000000,0.000000,0.000000
2.3400000000000003,ground_truth,0.000000,-0.000000,-0.000000,0.000000,0.000000,0.000000
2.3600000000000003,ground_truth,0.000000,-0.000000,-0.000000,0.000000,0.000000,0.000000
2.3800000000000003,ground_truth,0.000000,-0.000000,-0.000000,0.000000,0.000000,0.000000
2.4000000000000004,ground_truth,0.000000,-0.000000,-0.000000,0.000000,0.000000,0.000000
2.42,ground_truth,0.000000,-0.000000,-0.000000,0.000000,0.000000,0.000000
2.44,ground_truth,0.000000,-0.000000,-0.000000,0.000000,0.000000,0.000000
2.46,ground_truth,0.000000,-0.000000,-0.000000,0.000000,0.000000,0.000000
2.48,ground_truth,0.000000,-0.000000,-0.000000,0.000000,0.000000,0.000000
2.5,ground_truth,0.000000,-0.000000,-0.000000,0.000000,0.000000,0.000000
2.52,ground_truth,0.000000,-0.000000,-0.000000,0.000000,0.000000,0.000000
2.54,ground_truth,0.000000,-0.000000,-0.000000,0.000000,0.000000,0.000000
2.56,ground_truth,0.000000,-0.000000,-0.000000,0.000000,0.000000,0.000000
2.58,ground_truth,0.000000,-0.000000,-0.000000,0.000000,0.000000,0.000000
2.6,ground_truth,0.000000,-0.000000,-0.000000,0.000000,0.000000,0.000000
2.62,ground_truth,0.000000,-0.000000,-0.000000,0.000000,0.000000,0.000000
2.64,ground_truth,0.000000,-0.000000,-0.000000,0.000000,0.000000,0.000000
2.66,ground_truth,0.000000,-0.000000,-0.000000,0.000000,0.000000,0.000000
2.68,ground_truth,0.000000,-0.000000,-0.000000,0.000000,0.000000,0.000000
2.7,ground_truth,0.000000,-0.000000,-0.000000,0.000000,0.000000,0.000000
2.72,ground_truth,0.000000,-0.000000,-0.000000,0.000000,0.000000,0.000000
2.74,ground_truth,0.000000,-0.000000,-0.000000,0.000000,0.000000,0.000000
2.7600000000000002,ground_truth,0.000000,-0.000000,-0.000000,0.000000,0.000000,0.000000
2.7800000000000002,ground_truth,0.000000,-0.000000,-0.000000,0.000000,0.000000,0.000000
2.8000000000000003,ground_truth,0.000000,-0.000000,-0.000000,0.000000,0.000000,0.000000
2.8200000000000003,ground_truth,0.000000,-0.000000,-0.000000,0.000000,0.000000,0.000000
2.8400000000000003,ground_truth,0.000000,-0.000000,-0.000000,0.000000,0.000000,0.000000
2.8600000000000003,ground_truth,0.000000,-0.000000,-0.000000,0.000000,0.000000,0.000000
2.8800000000000003,ground_truth,0.000000,-0.000000,-0.000000,0.000000,0.000000,0.000000
2.9000000000000004,ground_truth,0.000000,-0.000000,-0.000000,0.000000,0.000000,0.000000
2.9200000000000004,ground_truth,0.000000,-0.000000,-0.000000,0.000000,0.000000,0.000000
2.9400000000000004,ground_truth,0.000000,-0.000000,-0.000000,0.000000,0.000000,0.000000
2.96,ground_truth,0.000000,-0.000000,-0.000000,0.000000,0.000000,0.000000
2.98,ground_truth,0.000000,-0.000000,-0.000000,0.000000,0.000000,0.000000
3.0,ground_truth,0.000000,-0.000000,-0.000000,0.000000,0.000000,0.000000
3.02,ground_truth,0.000000,-0.000000,-0.000000,0.000000,0.000000,0.000000
3.04,ground_truth,0.000000,-0.000000,-0.000000,0.000000,0.000000,0.000000
3.06,ground_truth,0.000000,-0.000000,-0.000000,0.000000,0.000000,0.000000
3.08,ground_truth,0.000000,-0.000000,-0.000000,0.000000,0.000000,0.000000
3.1,ground_truth,0.000000,-0.000000,-0.000000,0.000000,0.000000,0.000000
3.12,ground_truth,0.000000,-0.000000,-0.000000,0.000000,0.000000,0.000000
3.14,ground_truth,0.000000,-0.000000,-0.000000,0.000000,0.000000,0.000000
3.16,ground_truth,0.000000,-0.000000,-0.000000,0.000000,0.000000,0.000000
3.18,ground_truth,0.000000,-0.000000,-0.000000,0.000000,0.000000,0.000000
3.2,ground_truth,0.000000,-0.000000,-0.000000,0.000000,0.000000,0.000000
3.22,ground_truth,0.000000,-0.000000,-0.000000,0.000000,0.000000,0.000000
3.24,ground_truth,0.000000,-0.000000,-0.000000,0.000000,0.000000,0.000000
3.2600000000000002,ground_truth,0.000000,-0.000000,-0.000000,0.000000,0.000000,0.000000
3.2800000000000002,ground_truth,0.000000,-0.000000,-0.000000,0.000000,0.000000,0.000000
3.3000000000000003,ground_truth,0.000000,-0.000000,-0.000000,0.000000,0.000000,0.000000
3.3200000000000003,ground_truth,0.000000,-0.000000,-0.000000,0.000000,0.000000,0.000000
3.3400000000000003,ground_truth,0.000000,-0.000000,-0.000000,0.000000,0.000000,0.000000
3.3600000000000003,ground_truth,0.000000,-0.000000,-0.000000,0.000000,0.000000,0.000000
3.3800000000000003,ground_truth,0.000000,-0.000000,-0.000000,0.000000,0.000000,0.000000
3.4000000000000004,ground_truth,0.000000,-0.000000,-0.000000,0.000000,0.000000,0.000000
3.4200000000000004,ground_truth,0.000000,-0.000000,-0.000000,0.000000,0.000000,0.000000
3.4400000000000004,ground_truth,0.000000,-0.000000,-0.000000,0.000000,0.000000,0.000000
3.4600000000000004,ground_truth,0.000000,-0.000000,-0.000000,0.000000,0.000000,0.000000
3.4800000000000004,ground_truth,0.000000,-0.000000,-0.000000,0.000000,0.000000,0.000000
3.5,ground_truth,0.000000,-0.000000,-0.000000,0.000000,0.000000,0.000000
3.52,ground_truth,0.000000,-0.000000,-0.000000,0.000000,0.000000,0.000000
3.54,ground_truth,0.000000,-0.000000,-0.000000,0.000000,0.000000,0.000000
3.56,ground_truth,0.000000,-0.000000,-0.000000,0.000000,0.000000,0.000000
3.58,ground_truth,0.000000,-0.000000,-0.000000,0.000000,0.000000,0.000000
3.6,ground_truth,0.000000,-0.000000,-0.000000,0.000000,0.000000,0.000000
3.62,ground_truth,0.000000,-0.000000,-0.000000,0.000000,0.000000,0.000000
3.64,ground_truth,0.000000,-0.000000,-0.000000,0.000000,0.000000,0.000000
3.66,ground_truth,0.000000,-0.000000,-0.000000,0.000000,0.000000,0.000000
3.68,ground_truth,0.000000,-0.000000,-0.000000,0.000000,0.000000,0.000000
3.7,ground_truth,0.000000,-0.000000,-0.000000,0.000000,0.000000,0.000000
3.72,ground_truth,0.000000,-0.000000,-0.000000,0.000000,0.000000,0.000000
3.74,ground_truth,0.000000,-0.000000,-0.000000,0.000000,0.000000,0.000000
3.7600000000000002,ground_truth,0.000000,-0.000000,-0.000000,0.000000,0.000000,0.000000
3.7800000000000002,ground_truth,0.000000,-0.000000,-0.000000,0.000000,0.000000,0.000000
3.8000000000000003,ground_truth,0.000000,-0.000000,-0.000000,0.000000,0.000000,0.000000
3.8200000000000003,ground_truth,0.000000,-0.000000,-0.000000,0.000000,0.000000,0.000000
3.8400000000000003,ground_truth,0.000000,-0.000000,-0.000000,0.000000,0.000000,0.000000
3.8600000000000003,ground_truth,0.000000,-0.000000,-0.000000,0.000000,0.000000,0.000000
3.8800000000000003,ground_truth,0.000000,-0.000000,-0.000000,0.000000,0.000000,0.000000
3.9000000000000004,ground_truth,0.000000,-0.000000,-0.000000,0.000000,0.000000,0.000000
3.9200000000000004,ground_truth,0.000000,-0.000000,-0.000000,0.000000,0.000000,0.000000
3.9400000000000004,ground_truth,0.000000,-0.000000,-0.000000,0.000000,0.000000,0.000000
3.9600000000000004,ground_truth,0.000000,-0.000000,-0.000000,0.000000,0.000000,0.000000
3.9800000000000004,ground_truth,0.000000,-0.000000,-0.000000,0.000000,0.000000,0.000000
4.0,ground_truth,0.000000,-0.000000,-0.000000,0.000000,0.000000,0.000000
4.0200000000000005,ground_truth,0.000000,-0.000000,-0.000000,0.000000,0.000000,0.000000
4.04,ground_truth,0.000000,-0.000000,-0.000000,0.000000,0.000000,0.000000
4.0600000000000005,ground_truth,0.000000,-0.000000,-0.000000,0.000000,0.000000,0.000000
4.08,ground_truth,0.000000,-0.000000,-0.000000,0.000000,0.000000,0.000000
4.1000000000000005,ground_truth,0.000000,-0.000000,-0.000000,0.000000,0.000000,0.000000
4.12,ground_truth,0.000000,-0.000000,-0.000000,0.000000,0.000000,0.000000
4.140000000000001,ground_truth,0.000000,-0.000000,-0.000000,0.000000,0.000000,0.000000
4.16,ground_truth,0.000000,-0.000000,-0.000000,0.000000,0.000000,0.000000
4.180000000000001,ground_truth,0.000000,-0.000000,-0.000000,0.000000,0.000000,0.000000
4.2,ground_truth,0.000000,-0.000000,-0.000000,0.000000,0.000000,0.000000
4.220000000000001,ground_truth,0.000000,-0.000000,-0.000000,0.000000,0.000000,0.000000
4.24,ground_truth,0.000000,-0.000000,-0.000000,0.000000,0.000000,0.000000
4.260000000000001,ground_truth,0.000000,-0.000000,-0.000000,0.000000,0.000000,0.000000
4.28,ground_truth,0.000000,-0.000000,-0.000000,0.000000,0.000000,0.000000
4.300000000000001,ground_truth,0.000000,-0.000000,-0.000000,0.000000,0.000000,0.000000
4.32,ground_truth,0.000000,-0.000000,-0.000000,0.000000,0.000000,0.000000
4.34,ground_truth,0.000000,-0.000000,-0.000000,0.000000,0.000000,0.000000
4.36,ground_truth,0.000000,-0.000000,-0.000000,0.000000,0.000000,0.000000
4.38,ground_truth,0.000000,-0.000000,-0.000000,0.000000,0.000000,0.000000
4.4,ground_truth,0.000000,-0.000000,-0.000000,0.000000,0.000000,0.000000
4.42,ground_truth,0.000000,-0.000000,-0.000000,0.000000,0.000000,0.000000
4.44,ground_truth,0.000000,-0.000000,-0.000000,0.000000,0.000000,0.000000
4.46,ground_truth,0.000000,-0.000000,-0.000000,0.000000,0.000000,0.000000
4.48,ground_truth,0.000000,-0.000000,-0.000000,0.000000,0.000000,0.000000
4.5,ground_truth,0.000000,-0.000000,-0.000000,0.000000,0.000000,0.000000
4.5200000000000005,ground_truth,0.000000,-0.000000,-0.000000,0.000000,0.000000,0.000000
4.54,ground_truth,0.000000,-0.000000,-0.000000,0.000000,0.000000,0.000000
4.5600000000000005,ground_truth,0.000000,-0.000000,-0.000000,0.000000,0.000000,0.000000
4.58,ground_truth,0.000000,-0.000000,-0.000000,0.000000,0.000000,0.000000
4.6000000000000005,ground_truth,0.000000,-0.000000,-0.000000,0.000000,0.000000,0.000000
4.62,ground_truth,0.000000,-0.000000,-0.000000,0.000000,0.000000,0.000000
4.640000000000001,ground_truth,0.000000,-0.000000,-0.000000,0.000000,0.000000,0.000000
4.66,ground_truth,0.000000,-0.000000,-0.000000,0.000000,0.000000,0.000000
4.680000000000001,ground_truth,0.000000,-0.000000,-0.000000,0.000000,0.000000,0.000000
4.7,ground_truth,0.000000,-0.000000,-0.000000,0.000000,0.000000,0.000000
4.720000000000001,ground_truth,0.000000,-0.000000,-0.000000,0.000000,0.000000,0.000000
4.74,ground_truth,0.000000,-0.000000,-0.000000,0.000000,0.000000,0.000000
4.760000000000001,ground_truth,0.000000,-0.000000,-0.000000,0.000000,0.000000,0.000000
4.78,ground_truth,0.000000,-0.000000,-0.000000,0.000000,0.000000,0.000000
4.800000000000001,ground_truth,0.000000,-0.000000,-0.000000,0.000000,0.000000,0.000000
4.82,ground_truth,0.000000,-0.000000,-0.000000,0.000000,0.000000,0.000000
4.84,ground_truth,0.000000,-0.000000,-0.000000,0.000000,0.000000,0.000000
4.86,ground_truth,0.000000,-0.000000,-0.000000,0.000000,0.000000,0.000000
4.88,ground_truth,0.000000,-0.000000,-0.000000,0.000000,0.000000,0.000000
4.9,ground_truth,0.000000,-0.000000,-0.000000,0.000000,0.000000,0.000000
4.92,ground_truth,0.000000,-0.000000,-0.000000,0.000000,0.000000,0.000000
4.94,ground_truth,0.000000,-0.000000,-0.000000,0.000000,0.000000,0.000000
4.96,ground_truth,0.000000,-0.000000,-0.000000,0.000000,0.000000,0.000000
4.98,ground_truth,0.000000,-0.000000,-0.000000,0.000000,0.000000,0.000000
5.0,ground_truth,0.000000,-0.000000,-0.000000,0.000000,0.000000,0.000000
5.0200000000000005,ground_truth,0.000000,-0.000000,-0.000000,0.000000,0.000000,0.000000
5.04,ground_truth,0.000000,-0.000000,-0.000000,0.000000,0.000000,0.000000
5.0600000000000005,ground_truth,0.000000,-0.000000,-0.000000,0.000000,0.000000,0.000000
5.08,ground_truth,0.000000,-0.000000,-0.000000,0.000000,0.000000,0.000000
5.1000000000000005,ground_truth,0.000000,-0.000000,-0.000000,0.000000,0.000000,0.000000
5.12,ground_truth,0.000000,-0.000000,-0.000000,0.000000,0.000000,0.000000
5.140000000000001,ground_truth,0.000000,-0.000000,-0.000000,0.000000,0.000000,0.000000
5.16,ground_truth,0.000000,-0.000000,-0.000000,0.000000,0.000000,0.000000
5.180000000000001,ground_truth,0.000000,-0.000000,-0.000000,0.000000,0.000000,0.000000
5.2,ground_truth,0.000000,-0.000000,-0.000000,0.000000,0.000000,0.000000
5.220000000000001,ground_truth,0.000000,-0.000000,-0.000000,0.000000,0.000000,0.000000
5.24,ground_truth,0.000000,-0.000000,-0.000000,0.000000,0.000000,0.000000
5.260000000000001,ground_truth,0.000000,-0.000000,-0.000000,0.000000,0.000000,0.000000
5.28,ground_truth,0.000000,-0.000000,-0.000000,0.000000,0.000000,0.000000
5.300000000000001,ground_truth,0.000000,-0.000000,-0.000000,0.000000,0.000000,0.000000
5.32,ground_truth,0.000000,-0.000000,-0.000000,0.000000,0.000000,0.000000
5.340000000000001,ground_truth,0.000000,-0.000000,-0.000000,0.000000,0.000000,0.000000
5.36,ground_truth,0.000000,-0.000000,-0.000000,0.000000,0.000000,0.000000
5.38,ground_truth,0.000000,-0.000000,-0.000000,0.000000,0.000000,0.000000
5.4,ground_truth,0.000000,-0.000000,-0.000000,0.000000,0.000000,0.000000
5.42,ground_truth,0.000000,-0.000000,-0.000000,0.000000,0.000000,0.000000
5.44,ground_truth,0.000000,-0.000000,-0.000000,0.000000,0.000000,0.000000
5.46,ground_truth,0.000000,-0.000000,-0.000000,0.000000,0.000000,0.000000
5.48,ground_truth,0.000000,-0.000000,-0.000000,0.000000,0.000000,0.000000
5.5,ground_truth,0.000000,-0.000000,-0.000000,0.000000,0.000000,0.000000
5.5200000000000005,ground_truth,0.000000,-0.000000,-0.000000,0.000000,0.000000,0.000000
5.54,ground_truth,0.000000,-0.000000,-0.000000,0.000000,0.000000,0.000000
5.5600000000000005,ground_truth,0.000000,-0.000000,-0.000000,0.000000,0.000000,0.000000
5.58,ground_truth,0.000000,-0.000000,-0.000000,0.000000,0.000000,0.000000
5.6000000000000005,ground_truth,0.000000,-0.000000,-0.000000,0.000000,0.000000,0.000000
5.62,ground_truth,0.000000,-0.000000,-0.000000,0.000000,0.000000,0.000000
5.640000000000001,ground_truth,0.000000,-0.000000,-0.000000,0.000000,0.000000,0.000000
5.66,ground_truth,0.000000,-0.000000,-0.000000,0.000000,0.000000,0.000000
5.680000000000001,ground_truth,0.000000,-0.000000,-0.000000,0.000000,0.000000,0.000000
5.7,ground_truth,0.000000,-0.000000,-0.000000,0.000000,0.000000,0.000000
5.720000000000001,ground_truth,0.000000,-0.000000,-0.000000,0.000000,0.000000,0.000000
5.74,ground_truth,0.000000,-0.000000,-0.000000,0.000000,0.000000,0.000000
5.760000000000001,ground_truth,0.000000,-0.000000,-0.000000,0.000000,0.000000,0.000000
5.78,ground_truth,0.000000,-0.000000,-0.000000,0.000000,0.000000,0.000000
5.800000000000001,ground_truth,0.000000,-0.000000,-0.000000,0.000000,0.000000,0.000000
5.82,ground_truth,0.000000,-0.000000,-0.000000,0.000000,0.000000,0.000000
5.840000000000001,ground_truth,0.000000,-0.000000,-0.000000,0.000000,0.000000,0.000000
5.86,ground_truth,0.000000,-0.000000,-0.000000,0.000000,0.000000,0.000000
5.880000000000001,ground_truth,0.000000,-0.000000,-0.000000,0.000000,0.000000,0.000000
5.9,ground_truth,0.000000,-0.000000,-0.000000,0.000000,0.000000,0.000000
5.92,ground_truth,0.000000,-0.000000,-0.000000,0.000000,0.000000,0.000000
5.94,ground_truth,0.000000,-0.000000,-0.000000,0.000000,0.000000,0.000000
5.96,ground_truth,0.000000,-0.000000,-0.000000,0.000000,0.000000,0.000000
5.98,ground_truth,0.000000,-0.000000,-0.000000,0.000000,0.000000,0.000000
6.0,ground_truth,0.000000,-0.000000,-0.000000,0.000000,0.000000,0.000000
6.0200000000000005,ground_truth,0.000000,-0.000000,-0.000000,0.000000,0.000000,0.000000
6.04,ground_truth,0.000000,-0.000000,-0.000000,0.000000,0.000000,0.000000
6.0600000000000005,ground_truth,0.000000,-0.000000,-0.000000,0.000000,0.000000,0.000000
6.08,ground_truth,0.000000,-0.000000,-0.000000,0.000000,0.000000,0.000000
6.1000000000000005,ground_truth,0.000000,-0.000000,-0.000000,0.000000,0.000000,0.000000
6.12,ground_truth,0.000000,-0.000000,-0.000000,0.000000,0.000000,0.000000
6.140000000000001,ground_truth,0.000000,-0.000000,-0.000000,0.000000,0.000000,0.000000
6.16,ground_truth,0.000000,-0.000000,-0.000000,0.000000,0.000000,0.000000
6.180000000000001,ground_truth,0.000000,-0.000000,-0.000000,0.000000,0.000000,0.000000
6.2,ground_truth,0.000000,-0.000000,-0.000000,0.000000,0.000000,0.000000
6.220000000000001,ground_truth,0.000000,-0.000000,-0.000000,0.000000,0.000000,0.000000
6.24,ground_truth,0.000000,-0.000000,-0.000000,0.000000,0.000000,0.000000
6.260000000000001,ground_truth,0.000000,-0.000000,-0.000000,0.000000,0.000000,0.000000
6.28,ground_truth,0.000000,-0.000000,-0.000000,0.000000,0.000000,0.000000
6.300000000000001,ground_truth,0.000000,-0.000000,-0.000000,0.000000,0.000000,0.000000
6.32,ground_truth,0.000000,-0.000000,-0.000000,0.000000,0.000000,0.000000
6.340000000000001,ground_truth,0.000000,-0.000000,-0.000000,0.000000,0.000000,0.000000
6.36,ground_truth,0.000000,-0.000000,-0.000000,0.000000,0.000000,0.000000
6.380000000000001,ground_truth,0.000000,-0.000000,-0.000000,0.000000,0.000000,0.000000
6.4,ground_truth,0.000000,-0.000000,-0.000000,0.000000,0.000000,0.000000
6.420000000000001,ground_truth,0.000000,-0.000000,-0.000000,0.000000,0.000000,0.000000
6.44,ground_truth,0.000000,-0.000000,-0.000000,0.000000,0.000000,0.000000
6.46,ground_truth,0.000000,-0.000000,-0.000000,0.000000,0.000000,0.000000
6.48,ground_truth,0.000000,-0.000000,-0.000000,0.000000,0.000000,0.000000
6.5,ground_truth,0.000000,-0.000000,-0.000000,0.000000,0.000000,0.000000
6.5200000000000005,ground_truth,0.000000,-0.000000,-0.000000,0.000000,0.000000,0.000000
6.54,ground_truth,0.000000,-0.000000,-0.000000,0.000000,0.000000,0.000000
6.5600000000000005,ground_truth,0.000000,-0.000000,-0.000000,0.000000,0.000000,0.000000
6.58,ground_truth,0.000000,-0.000000,-0.000000,0.000000,0.000000,0.000000
6.6000000000000005,ground_truth,0.000000,-0.000000,-0.000000,0.000000,0.000000,0.000000
6.62,ground_truth,0.000000,-0.000000,-0.000000,0.000000,0.000000,0.000000
6.640000000000001,ground_truth,0.000000,-0.000000,-0.000000,0.000000,0.000000,0.000000
6.66,ground_truth,0.000000,-0.000000,-0.000000,0.000000,0.000000,0.000000
6.680000000000001,ground_truth,0.000000,-0.000000,-0.000000,0.000000,0.000000,0.000000
6.7,ground_truth,0.000000,-0.000000,-0.000000,0.000000,0.000000,0.000000
6.720000000000001,ground_truth,0.000000,-0.000000,-0.000000,0.000000,0.000000,0.000000
6.74,ground_truth,0.000000,-0.000000,-0.000000,0.000000,0.000000,0.000000
6.760000000000001,ground_truth,0.000000,-0.000000,-0.000000,0.000000,0.000000,0.000000
6.78,ground_truth,0.000000,-0.000000,-0.000000,0.000000,0.000000,0.000000
6.800000000000001,ground_truth,0.000000,-0.000000,-0.000000,0.000000,0.000000,0.000000
6.82,ground_truth,0.000000,-0.000000,-0.000000,0.000000,0.000000,0.000000
6.840000000000001,ground_truth,0.000000,-0.000000,-0.000000,0.000000,0.000000,0.000000
6.86,ground_truth,0.000000,-0.000000,-0.000000,0.000000,0.000000,0.000000
6.880000000000001,ground_truth,0.000000,-0.000000,-0.000000,0.000000,0.000000,0.000000
6.9,ground_truth,0.000000,-0.000000,-0.000000,0.000000,0.000000,0.000000
6.920000000000001,ground_truth,0.000000,-0.000000,-0.000000,0.000000,0.000000,0.000000
6.94,ground_truth,0.000000,-0.000000,-0.000000,0.000000,0.000000,0.000000
6.960000000000001,ground_truth,0.000000,-0.000000,-0.000000,0.000000,0.000000,0.000000
6.98,ground_truth,0.000000,-0.000000,-0.000000,0.000000,0.000000,0.000000
7.0,ground_truth,0.000000,-0.000000,-0.000000,0.000000,0.000000,0.000000
7.0200000000000005,ground_truth,0.000000,-0.000000,-0.000000,0.000000,0.000000,0.000000
7.04,ground_truth,0.000000,-0.000000,-0.000000,0.000000,0.000000,0.000000
7.0600000000000005,ground_truth,0.000000,-0.000000,-0.000000,0.000000,0.000000,0.000000
7.08,ground_truth,0.000000,-0.000000,-0.000000,0.000000,0.000000,0.000000
7.1000000000000005,ground_truth,0.000000,-0.000000,-0.000000,0.000000,0.000000,0.000000
7.12,ground_truth,0.000000,-0.000000,-0.000000,0.000000,0.000000,0.000000
7.140000000000001,ground_truth,0.000000,-0.000000,-0.000000,0.000000,0.000000,0.000000
7.16,ground_truth,0.000000,-0.000000,-0.000000,0.000000,0.000000,0.000000
7.180000000000001,ground_truth,0.000000,-0.000000,-0.000000,0.000000,0.000000,0.000000
7.2,ground_truth,0.000000,-0.000000,-0.000000,0.000000,0.000000,0.000000
7.220000000000001,ground_truth,0.000000,-0.000000,-0.000000,0.000000,0.000000,0.000000
7.24,ground_truth,0.000000,-0.000000,-0.000000,0.000000,0.000000,0.000000
7.260000000000001,ground_truth,0.000000,-0.000000,-0.000000,0.000000,0.000000,0.000000
7.28,ground_truth,0.000000,-0.000000,-0.000000,0.000000,0.000000,0.000000
7.300000000000001,ground_truth,0.000000,-0.000000,-0.000000,0.000000,0.000000,0.000000
7.32,ground_truth,0.000000,-0.000000,-0.000000,0.000000,0.000000,0.000000
7.340000000000001,ground_truth,0.000000,-0.000000,-0.000000,0.000000,0.000000,0.000000
7.36,ground_truth,0.000000,-0.000000,-0.000000,0.000000,0.000000,0.000000
7.380000000000001,ground_truth,0.000000,-0.000000,-0.000000,0.000000,0.000000,0.000000
7.4,ground_truth,0.000000,-0.000000,-0.000000,0.000000,0.000000,0.000000
7.420000000000001,ground_truth,0.000000,-0.000000,-0.000000,0.000000,0.000000,0.000000
7.44,ground_truth,0.000000,-0.000000,-0.000000,0.000000,0.000000,0.000000
7.460000000000001,ground_truth,0.000000,-0.000000,-0.000000,0.000000,0.000000,0.000000
7.48,ground_truth,0.000000,-0.000000,-0.000000,0.000000,0.000000,0.000000
7.500000000000001,ground_truth,0.000000,-0.000000,-0.000000,0.000000,0.000000,0.000000
7.5200000000000005,ground_truth,0.000000,-0.000000,-0.000000,0.000000,0.000000,0.000000
7.54,ground_truth,0.000000,-0.000000,-0.000000,0.000000,0.000000,0.000000
7.5600000000000005,ground_truth,0.000000,-0.000000,-0.000000,0.000000,0.000000,0.000000
7.58,ground_truth,0.000000,-0.000000,-0.000000,0.000000,0.000000,0.000000
7.6000000000000005,ground_truth,0.000000,-0.000000,-0.000000,0.000000,0.000000,0.000000
7.62,ground_truth,0.000000,-0.000000,-0.000000,0.000000,0.000000,0.000000
7.640000000000001,ground_truth,0.000000,-0.000000,-0.000000,0.000000,0.000000,0.000000
7.66,ground_truth,0.000000,-0.000000,-0.000000,0.000000,0.000000,0.000000
7.680000000000001,ground_truth,0.000000,-0.000000,-0.000000,0.000000,0.000000,0.000000
7.7,ground_truth,0.000000,-0.000000,-0.000000,0.000000,0.000000,0.000000
7.720000000000001,ground_truth,0.000000,-0.000000,-0.000000,0.000000,0.000000,0.000000
7.74,ground_truth,0.000000,-0.000000,-0.000000,0.000000,0.000000,0.000000
7.760000000000001,ground_truth,0.000000,-0.000000,-0.000000,0.000000,0.000000,0.000000
7.78,ground_truth,0.000000,-0.000000,-0.000000,0.000000,0.000000,0.000000
7.800000000000001,ground_truth,0.000000,-0.000000,-0.000000,0.000000,0.000000,0.000000
7.82,ground_truth,0.000000,-0.000000,-0.000000,0.000000,0.000000,0.000000
7.840000000000001,ground_truth,0.000000,-0.000000,-0.000000,0.000000,0.000000,0.000000
7.86,ground_truth,0.000000,-0.000000,-0.000000,0.000000,0.000000,0.000000
7.880000000000001,ground_truth,0.000000,-0.000000,-0.000000,0.000000,0.000000,0.000000
7.9,ground_truth,0.000000,-0.000000,-0.000000,0.000000,0.000000,0.000000
7.920000000000001,ground_truth,0.000000,-0.000000,-0.000000,0.000000,0.000000,0.000000
7.94,ground_truth,0.000000,-0.000000,-0.000000,0.000000,0.000000,0.000000
7.960000000000001,ground_truth,0.000000,-0.000000,-0.000000,0.000000,0.000000,0.000000
7.98,ground_truth,0.000000,-0.000000,-0.000000,0.000000,0.000000,0.000000
8.0,ground_truth,0.000000,-0.000000,-0.000000,0.000000,0.000000,0.000000
8.020000000000001,ground_truth,0.000000,-0.000000,-0.000000,0.000000,0.000000,0.000000
8.040000000000001,ground_truth,0.000000,-0.000000,-0.000000,0.000000,0.000000,0.000000
8.06,ground_truth,0.000000,-0.000000,-0.000000,0.000000,0.000000,0.000000
8.08,ground_truth,0.000000,-0.000000,-0.000000,0.000000,0.000000,0.000000
8.1,ground_truth,0.000000,-0.000000,-0.000000,0.000000,0.000000,0.000000
8.120000000000001,ground_truth,0.000000,-0.000000,-0.000000,0.000000,0.000000,0.000000
8.14,ground_truth,0.000000,-0.000000,-0.000000,0.000000,0.000000,0.000000
8.16,ground_truth,0.000000,-0.000000,-0.000000,0.000000,0.000000,0.000000
8.18,ground_truth,0.000000,-0.000000,-0.000000,0.000000,0.000000,0.000000
8.200000000000001,ground_truth,0.000000,-0.000000,-0.000000,0.000000,0.000000,0.000000
8.22,ground_truth,0.000000,-0.000000,-0.000000,0.000000,0.000000,0.000000
8.24,ground_truth,0.000000,-0.000000,-0.000000,0.000000,0.000000,0.000000
8.26,ground_truth,0.000000,-0.000000,-0.000000,0.000000,0.000000,0.000000
8.280000000000001,ground_truth,0.000000,-0.000000,-0.000000,0.000000,0.000000,0.000000
8.3,ground_truth,0.000000,-0.000000,-0.000000,0.000000,0.000000,0.000000
8.32,ground_truth,0.000000,-0.000000,-0.000000,0.000000,0.000000,0.000000
8.34,ground_truth,0.000000,-0.000000,-0.000000,0.000000,0.000000,0.000000
8.360000000000001,ground_truth,0.000000,-0.000000,-0.000000,0.000000,0.000000,0.000000
8.38,ground_truth,0.000000,-0.000000,-0.000000,0.000000,0.000000,0.000000
8.4,ground_truth,0.000000,-0.000000,-0.000000,0.000000,0.000000,0.000000
8.42,ground_truth,0.000000,-0.000000,-0.000000,0.000000,0.000000,0.000000
8.440000000000001,ground_truth,0.000000,-0.000000,-0.000000,0.000000,0.000000,0.000000
8.46,ground_truth,0.000000,-0.000000,-0.000000,0.000000,0.000000,0.000000
8.48,ground_truth,0.000000,-0.000000,-0.000000,0.000000,0.000000,0.000000
8.5,ground_truth,0.000000,-0.000000,-0.000000,0.000000,0.000000,0.000000
8.520000000000001,ground_truth,0.000000,-0.000000,-0.000000,0.000000,0.000000,0.000000
8.540000000000001,ground_truth,0.000000,-0.000000,-0.000000,0.000000,0.000000,0.000000
8.56,ground_truth,0.000000,-0.000000,-0.000000,0.000000,0.000000,0.000000
8.58,ground_truth,0.000000,-0.000000,-0.000000,0.000000,0.000000,0.000000
8.600000000000001,ground_truth,0.000000,-0.000000,-0.000000,0.000000,0.000000,0.000000
8.620000000000001,ground_truth,0.000000,-0.000000,-0.000000,0.000000,0.000000,0.000000
8.64,ground_truth,0.000000,-0.000000,-0.000000,0.000000,0.000000,0.000000
8.66,ground_truth,0.000000,-0.000000,-0.000000,0.000000,0.000000,0.000000
8.68,ground_truth,0.000000,-0.000000,-0.000000,0.000000,0.000000,0.000000
8.700000000000001,ground_truth,0.000000,-0.000000,-0.000000,0.000000,0.000000,0.000000
8.72,ground_truth,0.000000,-0.000000,-0.000000,0.000000,0.000000,0.000000
8.74,ground_truth,0.000000,-0.000000,-0.000000,0.000000,0.000000,0.000000
8.76,ground_truth,0.000000,-0.000000,-0.000000,0.000000,0.000000,0.000000
8.780000000000001,ground_truth,0.000000,-0.000000,-0.000000,0.000000,0.000000,0.000000
8.8,ground_truth,0.000000,-0.000000,-0.000000,0.000000,0.000000,0.000000
8.82,ground_truth,0.000000,-0.000000,-0.000000,0.000000,0.000000,0.000000
8.84,ground_truth,0.000000,-0.000000,-0.000000,0.000000,0.000000,0.000000
8.860000000000001,ground_truth,0.000000,-0.000000,-0.000000,0.000000,0.000000,0.000000
8.88,ground_truth,0.000000,-0.000000,-0.000000,0.000000,0.000000,0.000000
8.9,ground_truth,0.000000,-0.000000,-0.000000,0.000000,0.000000,0.000000
8.92,ground_truth,0.000000,-0.000000,-0.000000,0.000000,0.000000,0.000000
8.940000000000001,ground_truth,0.000000,-0.000000,-0.000000,0.000000,0.000000,0.000000
8.96,ground_truth,0.000000,-0.000000,-0.000000,0.000000,0.000000,0.000000
8.98,ground_truth,0.000000,-0.000000,-0.000000,0.000000,0.000000,0.000000
9.0,ground_truth,0.000000,-0.000000,-0.000000,0.000000,0.000000,0.000000
9.020000000000001,ground_truth,0.000000,-0.000000,-0.000000,0.000000,0.000000,0.000000
9.040000000000001,ground_truth,0.000000,-0.000000,-0.000000,0.000000,0.000000,0.000000
9.06,ground_truth,0.000000,-0.000000,-0.000000,0.000000,0.000000,0.000000
9.08,ground_truth,0.000000,-0.000000,-0.000000,0.000000,0.000000,0.000000
9.100000000000001,ground_truth,0.000000,-0.000000,-0.000000,0.000000,0.000000,0.000000
9.120000000000001,ground_truth,0.000000,-0.000000,-0.000000,0.000000,0.000000,0.000000
9.14,ground_truth,0.000000,-0.000000,-0.000000,0.000000,0.000000,0.000000
9.16,ground_truth,0.000000,-0.000000,-0.000000,0.000000,0.000000,0.000000
9.18,ground_truth,0.000000,-0.000000,-0.000000,0.000000,0.000000,0.000000
9.200000000000001,ground_truth,0.000000,-0.000000,-0.000000,0.000000,0.000000,0.000000
9.22,ground_truth,0.000000,-0.000000,-0.000000,0.000000,0.000000,0.000000
9.24,ground_truth,0.000000,-0.000000,-0.000000,0.000000,0.000000,0.000000
9.26,ground_truth,0.000000,-0.000000,-0.000000,0.000000,0.000000,0.000000
9.280000000000001,ground_truth,0.000000,-0.000000,-0.000000,0.000000,0.000000,0.000000
9.3,ground_truth,0.000000,-0.000000,-0.000000,0.000000,0.000000,0.000000
9.32,ground_truth,0.000000,-0.000000,-0.000000,0.000000,0.000000,0.000000
9.34,ground_truth,0.000000,-0.000000,-0.000000,0.000000,0.000000,0.000000
9.360000000000001,ground_truth,0.000000,-0.000000,-0.000000,0.000000,0.000000,0.000000
9.38,ground_truth,0.000000,-0.000000,-0.000000,0.000000,0.000000,0.000000
9.4,ground_truth,0.000000,-0.000000,-0.000000,0.000000,0.000000,0.000000
9.42,ground_truth,0.000000,-0.000000,-0.000000,0.000000,0.000000,0.000000
9.440000000000001,ground_truth,0.000000,-0.000000,-0.000000,0.000000,0.000000,0.000000
9.46,ground_truth,0.000000,-0.000000,-0.000000,0.000000,0.000000,0.000000
9.48,ground_truth,0.000000,-0.000000,-0.000000,0.000000,0.000000,0.000000
9.5,ground_truth,0.000000,-0.000000,-0.000000,0.000000,0.000000,0.000000
9.520000000000001,ground_truth,0.000000,-0.000000,-0.000000,0.000000,0.000000,0.000000
9.540000000000001,ground_truth,0.000000,-0.000000,-0.000000,0.000000,0.000000,0.000000
9.56,ground_truth,0.000000,-0.000000,-0.000000,0.000000,0.000000,0.000000
9.58,ground_truth,0.000000,-0.000000,-0.000000,0.000000,0.000000,0.000000
9.600000000000001,ground_truth,0.000000,-0.000000,-0.000000,0.000000,0.000000,0.000000
9.620000000000001,ground_truth,0.000000,-0.000000,-0.000000,0.000000,0.000000,0.000000
9.64,ground_truth,0.000000,-0.000000,-0.000000,0.000000,0.000000,0.000000
9.66,ground_truth,0.000000,-0.000000,-0.000000,0.000000,0.000000,0.000000
9.68,ground_truth,0.000000,-0.000000,-0.000000,0.000000,0.000000,0.000000
9.700000000000001,ground_truth,0.000000,-0.000000,-0.000000,0.000000,0.000000,0.000000
9.72,ground_truth,0.000000,-0.000000,-0.000000,0.000000,0.000000,0.000000
9.74,ground_truth,0.000000,-0.000000,-0.000000,0.000000,0.000000,0.000000
9.76,ground_truth,0.000000,-0.000000,-0.000000,0.000000,0.000000,0.000000
9.780000000000001,ground_truth,0.000000,-0.000000,-0.000000,0.000000,0.000000,0.000000
9.8,ground_truth,0.000000,-0.000000,-0.000000,0.000000,0.000000,0.000000
9.82,ground_truth,0.000000,-0.000000,-0.000000,0.000000,0.000000,0.000000
9.84,ground_truth,0.000000,-0.000000,-0.000000,0.000000,0.000000,0.000000
9.860000000000001,ground_truth,0.000000,-0.000000,-0.000000,0.000000,0.000000,0.000000
9.88,ground_truth,0.000000,-0.000000,-0.000000,0.000000,0.000000,0.000000
9.9,ground_truth,0.000000,-0.000000,-0.000000,0.000000,0.000000,0.000000
9.92,ground_truth,0.000000,-0.000000,-0.000000,0.000000,0.000000,0.000000
9.940000000000001,ground_truth,0.000000,-0.000000,-0.000000,0.000000,0.000000,0.000000
9.96,ground_truth,0.000000,-0.000000,-0.000000,0.000000,0.000000,0.000000
9.98,ground_truth,0.000000,-0.000000,-0.000000,0.000000,0.000000,0.000000
10.0,ground_truth,0.000000,-0.000000,-0.000000,0.000000,0.000000,0.000000
10.020000000000001,ground_truth,0.000194,-0.000316,0.005139,0.000000,0.000000,0.000000
10.040000000000001,ground_truth,0.000834,-0.001354,0.023166,0.000000,0.000000,0.000000
10.06,ground_truth,0.002017,-0.003149,0.052717,0.000000,0.000000,0.000000
10.08,ground_truth,0.003766,-0.005669,0.091697,0.000000,0.000000,0.000000
10.100000000000001,ground_truth,0.005744,-0.008852,0.137662,0.000000,0.000000,0.000000
10.120000000000001,ground_truth,0.007627,-0.012678,0.189005,0.000000,0.000000,0.000000
10.14,ground_truth,0.009252,-0.016854,0.244818,0.000000,0.000000,0.000000
10.16,ground_truth,0.010737,-0.021529,0.304238,0.000000,0.000000,0.000000
10.180000000000001,ground_truth,0.012010,-0.026453,0.366131,0.000000,0.000000,0.000000
10.200000000000001,ground_truth,0.013086,-0.031366,0.429875,0.000000,0.000000,0.000000
10.22,ground_truth,0.014213,-0.036256,0.494454,0.000000,0.000000,0.000000
10.24,ground_truth,0.015547,-0.041051,0.558766,0.000000,0.000000,0.000000
10.26,ground_truth,0.016835,-0.045950,0.625248,0.000000,0.000000,0.000000
10.280000000000001,ground_truth,0.017949,-0.050944,0.693273,0.000000,0.000000,0.000000
10.3,ground_truth,0.018795,-0.055512,0.755884,0.000000,0.000000,0.000000
10.32,ground_truth,0.019546,-0.059993,0.818707,0.000000,0.000000,0.000000
10.34,ground_truth,0.020243,-0.064397,0.881764,0.000000,0.000000,0.000000
10.360000000000001,ground_truth,0.021051,-0.069103,0.947416,0.000000,0.000000,0.000000
10.38,ground_truth,0.022238,-0.073476,1.013432,0.000000,0.000000,0.000000
10.4,ground_truth,0.023748,-0.076970,1.070112,0.000000,0.000000,0.000000
10.42,ground_truth,0.025493,-0.079942,1.124130,0.000000,0.000000,0.000000
10.440000000000001,ground_truth,0.027403,-0.081651,1.166699,0.000000,0.000000,0.000000
10.46,ground_truth,0.029503,-0.083185,1.212543,0.000000,0.000000,0.000000
10.48,ground_truth,0.031829,-0.084396,1.261863,0.000000,0.000000,0.000000
10.5,ground_truth,0.034476,-0.084887,1.311387,0.000000,0.000000,0.000000
10.520000000000001,ground_truth,0.037362,-0.084789,1.359716,0.000000,0.000000,0.000000
10.540000000000001,ground_truth,0.040348,-0.084117,1.401456,0.000000,0.000000,0.000000
10.56,ground_truth,0.043846,-0.082893,1.449220,0.000000,0.000000,0.000000
10.58,ground_truth,0.047646,-0.081145,1.499918,0.000000,0.000000,0.000000
10.600000000000001,ground_truth,0.051548,-0.079014,1.546517,0.000000,0.000000,0.000000
10.620000000000001,ground_truth,0.055459,-0.076493,1.590629,0.000000,0.000000,0.000000
10.64,ground_truth,0.059125,-0.073700,1.625494,0.000000,0.000000,0.000000
10.66,ground_truth,0.062912,-0.070369,1.668156,0.000000,0.000000,0.000000
10.680000000000001,ground_truth,0.066783,-0.066394,1.717278,0.000000,0.000000,0.000000
10.700000000000001,ground_truth,0.070759,-0.062101,1.770565,0.000000,0.000000,0.000000
10.72,ground_truth,0.074813,-0.057980,1.821699,0.000000,0.000000,0.000000
10.74,ground_truth,0.078642,-0.054279,1.861891,0.000000,0.000000,0.000000
10.76,ground_truth,0.081732,-0.051046,1.888539,0.000000,0.000000,0.000000
10.780000000000001,ground_truth,0.084342,-0.047874,1.910507,0.000000,0.000000,0.000000
10.8,ground_truth,0.087182,-0.044532,1.940052,0.000000,0.000000,0.000000
10.82,ground_truth,0.090114,-0.041414,1.974876,0.000000,0.000000,0.000000
10.84,ground_truth,0.092667,-0.038590,2.009072,0.000000,0.000000,0.000000
10.860000000000001,ground_truth,0.095013,-0.036020,2.044267,0.000000,0.000000,0.000000
10.88,ground_truth,0.096825,-0.033960,2.075233,0.000000,0.000000,0.000000
10.9,ground_truth,0.098748,-0.032067,2.109655,0.000000,0.000000,0.000000
10.92,ground_truth,0.100532,-0.030550,2.142904,0.000000,0.000000,0.000000
10.940000000000001,ground_truth,0.102146,-0.029427,2.174795,0.000000,0.000000,0.000000
10.96,ground_truth,0.103913,-0.028586,2.209536,0.000000,0.000000,0.000000
10.98,ground_truth,0.105683,-0.028437,2.240733,0.000000,0.000000,0.000000
11.0,ground_truth,0.107532,-0.028573,2.273279,0.000000,0.000000,0.000000
11.020000000000001,ground_truth,0.108822,-0.028670,2.298766,0.000000,0.000000,0.000000
11.040000000000001,ground_truth,0.109912,-0.028639,2.322597,0.000000,0.000000,0.000000
11.06,ground_truth,0.110469,-0.028454,2.342361,0.000000,0.000000,0.000000
11.08,ground_truth,0.110893,-0.028288,2.359560,0.000000,0.000000,0.000000
11.100000000000001,ground_truth,0.111543,-0.028150,2.377985,0.000000,0.000000,0.000000
11.120000000000001,ground_truth,0.112574,-0.028452,2.398127,0.000000,0.000000,0.000000
11.14,ground_truth,0.113970,-0.028967,2.421946,0.000000,0.000000,0.000000
11.16,ground_truth,0.115580,-0.029715,2.447027,0.000000,0.000000,0.000000
11.180000000000001,ground_truth,0.116829,-0.030360,2.465881,0.000000,0.000000,0.000000
11.200000000000001,ground_truth,0.118218,-0.030783,2.486680,0.000000,0.000000,0.000000
11.22,ground_truth,0.119230,-0.031141,2.501426,0.000000,0.000000,0.000000
11.24,ground_truth,0.120343,-0.031320,2.517706,0.000000,0.000000,0.000000
11.260000000000002,ground_truth,0.121135,-0.030966,2.529113,0.000000,0.000000,0.000000
11.280000000000001,ground_truth,0.122066,-0.030533,2.546252,0.000000,0.000000,0.000000
11.3,ground_truth,0.123028,-0.030234,2.565159,0.000000,0.000000,0.000000
11.32,ground_truth,0.123937,-0.030492,2.580860,0.000000,0.000000,0.000000
11.34,ground_truth,0.124760,-0.030868,2.596856,0.000000,0.000000,0.000000
11.360000000000001,ground_truth,0.125134,-0.031000,2.608365,0.000000,0.000000,0.000000
11.38,ground_truth,0.125582,-0.030194,2.626020,0.000000,0.000000,0.000000
11.4,ground_truth,0.125508,-0.028409,2.648751,0.000000,0.000000,0.000000
11.42,ground_truth,0.124520,-0.027024,2.670104,0.000000,0.000000,0.000000
11.440000000000001,ground_truth,0.122814,-0.025888,2.690771,0.000000,0.000000,0.000000
11.46,ground_truth,0.120371,-0.023608,2.708753,0.000000,0.000000,0.000000
11.48,ground_truth,0.118157,-0.019985,2.726867,0.000000,0.000000,0.000000
11.5,ground_truth,0.115947,-0.015192,2.744627,0.000000,0.000000,0.000000
11.520000000000001,ground_truth,0.112012,-0.010308,2.757936,0.000000,0.000000,0.000000
11.540000000000001,ground_truth,0.107378,-0.005869,2.773424,0.000000,0.000000,0.000000
11.56,ground_truth,0.101122,-0.001388,2.786276,0.000000,0.000000,0.000000
11.58,ground_truth,0.093822,0.003204,2.801447,0.000000,0.000000,0.000000
11.600000000000001,ground_truth,0.085299,0.008105,2.817036,0.000000,0.000000,0.000000
11.620000000000001,ground_truth,0.075579,0.013317,2.832869,0.000000,0.000000,0.000000
11.64,ground_truth,0.064900,0.018205,2.847567,0.000000,0.000000,0.000000
11.66,ground_truth,0.053758,0.022667,2.859859,0.000000,0.000000,0.000000
11.680000000000001,ground_truth,0.042282,0.027127,2.872193,0.000000,0.000000,0.000000
11.700000000000001,ground_truth,0.029888,0.031540,2.883251,0.000000,0.000000,0.000000
11.72,ground_truth,0.017306,0.035891,2.897388,0.000000,0.000000,0.000000
11.74,ground_truth,0.003659,0.040145,2.909331,0.000000,0.000000,0.000000
11.760000000000002,ground_truth,-0.010694,0.044245,2.918905,0.000000,0.000000,0.000000
11.780000000000001,ground_truth,-0.025607,0.048261,2.928845,0.000000,0.000000,0.000000
11.8,ground_truth,-0.040220,0.051767,2.935139,0.000000,0.000000,0.000000
11.82,ground_truth,-0.055158,0.055148,2.940299,0.000000,0.000000,0.000000
11.84,ground_truth,-0.070576,0.058633,2.945341,0.000000,0.000000,0.000000
11.860000000000001,ground_truth,-0.085525,0.062007,2.948924,0.000000,0.000000,0.000000
11.88,ground_truth,-0.100275,0.065278,2.951977,0.000000,0.000000,0.000000
11.9,ground_truth,-0.114361,0.068282,2.953047,0.000000,0.000000,0.000000
11.92,ground_truth,-0.128475,0.071265,2.954975,0.000000,0.000000,0.000000
11.940000000000001,ground_truth,-0.142844,0.074100,2.954216,0.000000,0.000000,0.000000
11.96,ground_truth,-0.157642,0.076962,2.952429,0.000000,0.000000,0.000000
11.98,ground_truth,-0.172939,0.079948,2.951211,0.000000,0.000000,0.000000
12.0,ground_truth,-0.188670,0.083048,2.950668,0.000000,0.000000,0.000000
12.020000000000001,ground_truth,-0.204797,0.086241,2.950561,0.000000,0.000000,0.000000
12.040000000000001,ground_truth,-0.221279,0.089513,2.950811,0.000000,0.000000,0.000000
12.06,ground_truth,-0.238082,0.092848,2.951252,0.000000,0.000000,0.000000
12.08,ground_truth,-0.255227,0.096236,2.951680,0.000000,0.000000,0.000000
12.100000000000001,ground_truth,-0.272946,0.099702,2.951764,0.000000,0.000000,0.000000
12.120000000000001,ground_truth,-0.291118,0.103264,2.952256,0.000000,0.000000,0.000000
12.14,ground_truth,-0.309610,0.106877,2.952798,0.000000,0.000000,0.000000
12.16,ground_truth,-0.328399,0.110527,2.953350,0.000000,0.000000,0.000000
12.180000000000001,ground_truth,-0.347377,0.114204,2.953854,0.000000,0.000000,0.000000
12.200000000000001,ground_truth,-0.366139,0.117817,2.954034,0.000000,0.000000,0.000000
12.22,ground_truth,-0.384917,0.121425,2.954204,0.000000,0.000000,0.000000
12.24,ground_truth,-0.403434,0.124974,2.954324,0.000000,0.000000,0.000000
12.260000000000002,ground_truth,-0.422124,0.128535,2.954210,0.000000,0.000000,0.000000
12.280000000000001,ground_truth,-0.440944,0.132112,2.953985,0.000000,0.000000,0.000000
12.3,ground_truth,-0.459297,0.135637,2.954411,0.000000,0.000000,0.000000
12.32,ground_truth,-0.477707,0.139151,2.954591,0.000000,0.000000,0.000000
12.340000000000002,ground_truth,-0.495313,0.142572,2.955586,0.000000,0.000000,0.000000
12.360000000000001,ground_truth,-0.512384,0.145920,2.956867,0.000000,0.000000,0.000000
12.38,ground_truth,-0.529031,0.149177,2.957680,0.000000,0.000000,0.000000
12.4,ground_truth,-0.545785,0.152391,2.957895,0.000000,0.000000,0.000000
12.42,ground_truth,-0.562631,0.155576,2.957660,0.000000,0.000000,0.000000
12.440000000000001,ground_truth,-0.578311,0.158593,2.958267,0.000000,0.000000,0.000000
12.46,ground_truth,-0.593410,0.161448,2.958525,0.000000,0.000000,0.000000
12.48,ground_truth,-0.607367,0.163761,2.956137,0.000000,0.000000,0.000000
12.5,ground_truth,-0.622175,0.166220,2.952946,0.000000,0.000000,0.000000
12.520000000000001,ground_truth,-0.637904,0.168869,2.948495,0.000000,0.000000,0.000000
12.540000000000001,ground_truth,-0.654351,0.171726,2.943652,0.000000,0.000000,0.000000
12.56,ground_truth,-0.671339,0.174817,2.939503,0.000000,0.000000,0.000000
12.58,ground_truth,-0.688752,0.178122,2.936404,0.000000,0.000000,0.000000
12.600000000000001,ground_truth,-0.706546,0.181562,2.933088,0.000000,0.000000,0.000000
12.620000000000001,ground_truth,-0.724635,0.185168,2.930569,0.000000,0.000000,0.000000
12.64,ground_truth,-0.742967,0.188923,2.928869,0.000000,0.000000,0.000000
12.66,ground_truth,-0.761506,0.192798,2.927827,0.000000,0.000000,0.000000
12.680000000000001,ground_truth,-0.780084,0.196752,2.927591,0.000000,0.000000,0.000000
12.700000000000001,ground_truth,-0.798780,0.200761,2.927624,0.000000,0.000000,0.000000
12.72,ground_truth,-0.817341,0.204770,2.927998,0.000000,0.000000,0.000000
12.74,ground_truth,-0.836110,0.208838,2.928588,0.000000,0.000000,0.000000
12.760000000000002,ground_truth,-0.855023,0.212940,2.929257,0.000000,0.000000,0.000000
12.780000000000001,ground_truth,-0.873432,0.216911,2.929498,0.000000,0.000000,0.000000
12.8,ground_truth,-0.891675,0.220846,2.929737,0.000000,0.000000,0.000000
12.82,ground_truth,-0.909680,0.224724,2.929862,0.000000,0.000000,0.000000
12.840000000000002,ground_truth,-0.927773,0.228626,2.930144,0.000000,0.000000,0.000000
12.860000000000001,ground_truth,-0.945994,0.232557,2.930512,0.000000,0.000000,0.000000
12.88,ground_truth,-0.963553,0.236318,2.930364,0.000000,0.000000,0.000000
12.9,ground_truth,-0.981233,0.240118,2.930473,0.000000,0.000000,0.000000
12.92,ground_truth,-0.998419,0.243803,2.930356,0.000000,0.000000,0.000000
12.940000000000001,ground_truth,-1.015241,0.247423,2.930566,0.000000,0.000000,0.000000
12.96,ground_truth,-1.031496,0.250884,2.930195,0.000000,0.000000,0.000000
12.98,ground_truth,-1.047169,0.254217,2.929811,0.000000,0.000000,0.000000
13.0,ground_truth,-1.063078,0.257491,2.926941,0.000000,0.000000,0.000000
13.020000000000001,ground_truth,-1.079688,0.260997,2.924846,0.000000,0.000000,0.000000
13.040000000000001,ground_truth,-1.096851,0.264710,2.923846,0.000000,0.000000,0.000000
13.06,ground_truth,-1.114460,0.268570,2.923518,0.000000,0.000000,0.000000
13.08,ground_truth,-1.132449,0.272526,2.923247,0.000000,0.000000,0.000000
13.100000000000001,ground_truth,-1.150739,0.276564,2.923136,0.000000,0.000000,0.000000
13.120000000000001,ground_truth,-1.169271,0.280665,2.923119,0.000000,0.000000,0.000000
13.14,ground_truth,-1.187998,0.284814,2.923159,0.000000,0.000000,0.000000
13.16,ground_truth,-1.206883,0.289001,2.923215,0.000000,0.000000,0.000000
13.180000000000001,ground_truth,-1.225919,0.293216,2.923148,0.000000,0.000000,0.000000
13.200000000000001,ground_truth,-1.245074,0.297455,2.922974,0.000000,0.000000,0.000000
13.22,ground_truth,-1.264060,0.301665,2.922881,0.000000,0.000000,0.000000
13.24,ground_truth,-1.282992,0.305865,2.922804,0.000000,0.000000,0.000000
13.260000000000002,ground_truth,-1.301511,0.309982,2.922894,0.000000,0.000000,0.000000
13.280000000000001,ground_truth,-1.319843,0.314058,2.922979,0.000000,0.000000,0.000000
13.3,ground_truth,-1.338002,0.318095,2.923079,0.000000,0.000000,0.000000
13.32,ground_truth,-1.356406,0.322183,2.923142,0.000000,0.000000,0.000000
13.340000000000002,ground_truth,-1.374860,0.326267,2.922947,0.000000,0.000000,0.000000
13.360000000000001,ground_truth,-1.392605,0.330144,2.922527,0.000000,0.000000,0.000000
13.38,ground_truth,-1.410345,0.334034,2.922236,0.000000,0.000000,0.000000
13.4,ground_truth,-1.427669,0.337877,2.922494,0.000000,0.000000,0.000000
13.420000000000002,ground_truth,-1.445053,0.341729,2.922598,0.000000,0.000000,0.000000
13.440000000000001,ground_truth,-1.462461,0.345601,2.922915,0.000000,0.000000,0.000000
13.46,ground_truth,-1.478356,0.349254,2.924657,0.000000,0.000000,0.000000
13.48,ground_truth,-1.494253,0.352897,2.925608,0.000000,0.000000,0.000000
13.5,ground_truth,-1.508861,0.356269,2.926408,0.000000,0.000000,0.000000
13.520000000000001,ground_truth,-1.524034,0.359660,2.925521,0.000000,0.000000,0.000000
13.540000000000001,ground_truth,-1.540091,0.363178,2.923489,0.000000,0.000000,0.000000
13.56,ground_truth,-1.556824,0.366834,2.921043,0.000000,0.000000,0.000000
13.58,ground_truth,-1.574086,0.370620,2.918448,0.000000,0.000000,0.000000
13.600000000000001,ground_truth,-1.591760,0.374532,2.915941,0.000000,0.000000,0.000000
13.620000000000001,ground_truth,-1.609719,0.378599,2.914662,0.000000,0.000000,0.000000
13.64,ground_truth,-1.627948,0.382772,2.913947,0.000000,0.000000,0.000000
13.66,ground_truth,-1.646403,0.387025,2.913606,0.000000,0.000000,0.000000
13.680000000000001,ground_truth,-1.665056,0.391325,2.913154,0.000000,0.000000,0.000000
13.700000000000001,ground_truth,-1.683803,0.395676,2.913143,0.000000,0.000000,0.000000
13.72,ground_truth,-1.702632,0.400056,2.913323,0.000000,0.000000,0.000000
13.74,ground_truth,-1.721267,0.404415,2.914026,0.000000,0.000000,0.000000
13.760000000000002,ground_truth,-1.740078,0.408795,2.914515,0.000000,0.000000,0.000000
13.780000000000001,ground_truth,-1.759027,0.413199,2.914991,0.000000,0.000000,0.000000
13.8,ground_truth,-1.777531,0.417500,2.915542,0.000000,0.000000,0.000000
13.82,ground_truth,-1.795920,0.421773,2.916114,0.000000,0.000000,0.000000
13.840000000000002,ground_truth,-1.814041,0.425962,2.916284,0.000000,0.000000,0.000000
13.860000000000001,ground_truth,-1.832346,0.430191,2.916630,0.000000,0.000000,0.000000
13.88,ground_truth,-1.850680,0.434425,2.916995,0.000000,0.000000,0.000000
13.9,ground_truth,-1.868175,0.438414,2.916520,0.000000,0.000000,0.000000
13.920000000000002,ground_truth,-1.885773,0.442451,2.916525,0.000000,0.000000,0.000000
13.940000000000001,ground_truth,-1.903102,0.446437,2.916671,0.000000,0.000000,0.000000
13.96,ground_truth,-1.920627,0.450473,2.917042,0.000000,0.000000,0.000000
13.98,ground_truth,-1.936671,0.454148,2.916935,0.000000,0.000000,0.000000
14.0,ground_truth,-1.952591,0.457750,2.916317,0.000000,0.000000,0.000000
14.020000000000001,ground_truth,-1.967896,0.461242,2.916190,0.000000,0.000000,0.000000
14.040000000000001,ground_truth,-1.982216,0.464593,2.917154,0.000000,0.000000,0.000000
14.06,ground_truth,-1.995684,0.467746,2.917622,0.000000,0.000000,0.000000
14.08,ground_truth,-2.008434,0.470693,2.917863,0.000000,0.000000,0.000000
14.100000000000001,ground_truth,-2.020820,0.473541,2.917998,0.000000,0.000000,0.000000
14.120000000000001,ground_truth,-2.033343,0.476415,2.918207,0.000000,0.000000,0.000000
14.14,ground_truth,-2.045038,0.479070,2.918030,0.000000,0.000000,0.000000
14.16,ground_truth,-2.056541,0.481694,2.918220,0.000000,0.000000,0.000000
14.180000000000001,ground_truth,-2.066951,0.484052,2.918166,0.000000,0.000000,0.000000
14.200000000000001,ground_truth,-2.077340,0.486409,2.918230,0.000000,0.000000,0.000000
14.22,ground_truth,-2.087369,0.488681,2.918159,0.000000,0.000000,0.000000
14.24,ground_truth,-2.097150,0.490911,2.918397,0.000000,0.000000,0.000000
14.260000000000002,ground_truth,-2.106041,0.492899,2.918024,0.000000,0.000000,0.000000
14.280000000000001,ground_truth,-2.113459,0.494479,2.917600,0.000000,0.000000,0.000000
14.3,ground_truth,-2.121177,0.496173,2.917552,0.000000,0.000000,0.000000
14.32,ground_truth,-2.128676,0.497862,2.917772,0.000000,0.000000,0.000000
14.340000000000002,ground_truth,-2.135710,0.499447,2.917678,0.000000,0.000000,0.000000
14.360000000000001,ground_truth,-2.142223,0.500905,2.917491,0.000000,0.000000,0.000000
14.38,ground_truth,-2.148136,0.502190,2.917132,0.000000,0.000000,0.000000
14.4,ground_truth,-2.154664,0.503659,2.917236,0.000000,0.000000,0.000000
14.420000000000002,ground_truth,-2.160639,0.505003,2.917273,0.000000,0.000000,0.000000
14.440000000000001,ground_truth,-2.166153,0.506248,2.917203,0.000000,0.000000,0.000000
14.46,ground_truth,-2.172010,0.507586,2.917299,0.000000,0.000000,0.000000
14.48,ground_truth,-2.177014,0.508677,2.916955,0.000000,0.000000,0.000000
14.500000000000002,ground_truth,-2.181697,0.509699,2.916804,0.000000,0.000000,0.000000
14.520000000000001,ground_truth,-2.185856,0.510597,2.916617,0.000000,0.000000,0.000000
14.540000000000001,ground_truth,-2.190217,0.511577,2.916673,0.000000,0.000000,0.000000
14.56,ground_truth,-2.194757,0.512611,2.916785,0.000000,0.000000,0.000000
14.58,ground_truth,-2.198984,0.513555,2.916669,0.000000,0.000000,0.000000
14.600000000000001,ground_truth,-2.202940,0.514439,2.916646,0.000000,0.000000,0.000000
14.620000000000001,ground_truth,-2.206153,0.515114,2.916371,0.000000,0.000000,0.000000
14.64,ground_truth,-2.209785,0.515917,2.916433,0.000000,0.000000,0.000000
14.66,ground_truth,-2.212982,0.516630,2.916504,0.000000,0.000000,0.000000
14.680000000000001,ground_truth,-2.216716,0.517315,2.914801,0.000000,0.000000,0.000000
14.700000000000001,ground_truth,-2.220476,0.517644,2.905334,0.000000,0.000000,0.000000
14.72,ground_truth,-2.223885,0.517643,2.888733,0.000000,0.000000,0.000000
14.74,ground_truth,-2.226176,0.517315,2.871702,0.000000,0.000000,0.000000
14.760000000000002,ground_truth,-2.227764,0.516107,2.856276,0.000000,0.000000,0.000000
14.780000000000001,ground_truth,-2.228781,0.515097,2.839923,0.000000,0.000000,0.000000
14.8,ground_truth,-2.229869,0.514341,2.819574,0.000000,0.000000,0.000000
14.82,ground_truth,-2.230688,0.513403,2.803982,0.000000,0.000000,0.000000
14.840000000000002,ground_truth,-2.231744,0.512264,2.786712,0.000000,0.000000,0.000000
14.860000000000001,ground_truth,-2.233182,0.511214,2.774645,0.000000,0.000000,0.000000
14.88,ground_truth,-2.234581,0.510536,2.759713,0.000000,0.000000,0.000000
14.9,ground_truth,-2.235937,0.510232,2.742750,0.000000,0.000000,0.000000
14.920000000000002,ground_truth,-2.237645,0.510214,2.720429,0.000000,0.000000,0.000000
14.940000000000001,ground_truth,-2.240614,0.510609,2.693904,0.000000,0.000000,0.000000
14.96,ground_truth,-2.245254,0.511586,2.668562,0.000000,0.000000,0.000000
14.98,ground_truth,-2.250782,0.513153,2.641475,0.000000,0.000000,0.000000
15.000000000000002,ground_truth,-2.257914,0.515830,2.618226,0.000000,0.000000,0.000000
15.020000000000001,ground_truth,-2.265978,0.519571,2.598081,0.000000,0.000000,0.000000
15.040000000000001,ground_truth,-2.274555,0.523772,2.576978,0.000000,0.000000,0.000000
15.06,ground_truth,-2.283474,0.528365,2.555689,0.000000,0.000000,0.000000
15.08,ground_truth,-2.293028,0.533688,2.538112,0.000000,0.000000,0.000000
15.100000000000001,ground_truth,-2.303418,0.540046,2.522968,0.000000,0.000000,0.000000
15.120000000000001,ground_truth,-2.314662,0.547295,2.508172,0.000000,0.000000,0.000000
15.14,ground_truth,-2.326368,0.555149,2.493451,0.000000,0.000000,0.000000
15.16,ground_truth,-2.338036,0.563344,2.483200,0.000000,0.000000,0.000000
15.180000000000001,ground_truth,-2.349774,0.571613,2.472328,0.000000,0.000000,0.000000
15.200000000000001,ground_truth,-2.361287,0.580044,2.464481,0.000000,0.000000,0.000000
15.22,ground_truth,-2.373103,0.588824,2.455010,0.000000,0.000000,0.000000
15.24,ground_truth,-2.385292,0.598131,2.445191,0.000000,0.000000,0.000000
15.260000000000002,ground_truth,-2.397594,0.607566,2.435593,0.000000,0.000000,0.000000
15.280000000000001,ground_truth,-2.409560,0.616848,2.428378,0.000000,0.000000,0.000000
15.3,ground_truth,-2.420761,0.625638,2.424590,0.000000,0.000000,0.000000
15.32,ground_truth,-2.432122,0.634426,2.416894,0.000000,0.000000,0.000000
15.340000000000002,ground_truth,-2.444074,0.644051,2.409850,0.000000,0.000000,0.000000
15.360000000000001,ground_truth,-2.456552,0.654414,2.403208,0.000000,0.000000,0.000000
15.38,ground_truth,-2.469438,0.665393,2.397086,0.000000,0.000000,0.000000
15.4,ground_truth,-2.482638,0.676898,2.391782,0.000000,0.000000,0.000000
15.420000000000002,ground_truth,-2.496107,0.688857,2.387106,0.000000,0.000000,0.000000
15.440000000000001,ground_truth,-2.509702,0.701208,2.384458,0.000000,0.000000,0.000000
15.46,ground_truth,-2.523486,0.713852,2.382056,0.000000,0.000000,0.000000
15.48,ground_truth,-2.537417,0.726736,2.379791,0.000000,0.000000,0.000000
15.500000000000002,ground_truth,-2.551440,0.739828,2.378142,0.000000,0.000000,0.000000
15.520000000000001,ground_truth,-2.565529,0.753088,2.376934,0.000000,0.000000,0.000000
15.540000000000001,ground_truth,-2.579606,0.766408,2.375946,0.000000,0.000000,0.000000
15.56,ground_truth,-2.593746,0.779832,2.374939,0.000000,0.000000,0.000000
15.580000000000002,ground_truth,-2.607934,0.793351,2.374074,0.000000,0.000000,0.000000
15.600000000000001,ground_truth,-2.621898,0.806716,2.373572,0.000000,0.000000,0.000000
15.620000000000001,ground_truth,-2.635893,0.820129,2.372979,0.000000,0.000000,0.000000
15.64,ground_truth,-2.649422,0.833166,2.373237,0.000000,0.000000,0.000000
15.66,ground_truth,-2.662851,0.846118,2.373534,0.000000,0.000000,0.000000
15.680000000000001,ground_truth,-2.676230,0.859019,2.373728,0.000000,0.000000,0.000000
15.700000000000001,ground_truth,-2.689665,0.871966,2.373748,0.000000,0.000000,0.000000
15.72,ground_truth,-2.703103,0.884917,2.373703,0.000000,0.000000,0.000000
15.74,ground_truth,-2.716088,0.897488,2.374246,0.000000,0.000000,0.000000
15.760000000000002,ground_truth,-2.728722,0.909747,2.375024,0.000000,0.000000,0.000000
15.780000000000001,ground_truth,-2.741217,0.921846,2.375313,0.000000,0.000000,0.000000
15.8,ground_truth,-2.753670,0.933872,2.375364,0.000000,0.000000,0.000000
15.82,ground_truth,-2.766346,0.946074,2.374957,0.000000,0.000000,0.000000
15.840000000000002,ground_truth,-2.778218,0.957606,2.375652,0.000000,0.000000,0.000000
15.860000000000001,ground_truth,-2.789532,0.968632,2.376536,0.000000,0.000000,0.000000
15.88,ground_truth,-2.800082,0.978982,2.377645,0.000000,0.000000,0.000000
15.9,ground_truth,-2.810783,0.989567,2.380834,0.000000,0.000000,0.000000
15.920000000000002,ground_truth,-2.822294,1.000746,2.382597,0.000000,0.000000,0.000000
15.940000000000001,ground_truth,-2.834477,1.012415,2.382901,0.000000,0.000000,0.000000
15.96,ground_truth,-2.847143,1.024488,2.382740,0.000000,0.000000,0.000000
15.98,ground_truth,-2.860180,1.036888,2.382382,0.000000,0.000000,0.000000
16.0,ground_truth,-2.873500,1.049556,2.382115,0.000000,0.000000,0.000000
16.02,ground_truth,-2.887049,1.062442,2.381910,0.000000,0.000000,0.000000
16.040000000000003,ground_truth,-2.900779,1.075503,2.381808,0.000000,0.000000,0.000000
16.060000000000002,ground_truth,-2.914680,1.088748,2.382076,0.000000,0.000000,0.000000
16.080000000000002,ground_truth,-2.928674,1.102094,2.382696,0.000000,0.000000,0.000000
16.1,ground_truth,-2.942718,1.115474,2.383349,0.000000,0.000000,0.000000
16.12,ground_truth,-2.956694,1.128768,2.383923,0.000000,0.000000,0.000000
16.14,ground_truth,-2.970774,1.142151,2.384577,0.000000,0.000000,0.000000
16.16,ground_truth,-2.984921,1.155579,2.385193,0.000000,0.000000,0.000000
16.18,ground_truth,-2.998505,1.168467,2.385922,0.000000,0.000000,0.000000
16.2,ground_truth,-3.012095,1.181330,2.386503,0.000000,0.000000,0.000000
16.220000000000002,ground_truth,-3.025489,1.194019,2.387264,0.000000,0.000000,0.000000
16.240000000000002,ground_truth,-3.038772,1.206581,2.387914,0.000000,0.000000,0.000000
16.26,ground_truth,-3.052174,1.219221,2.388355,0.000000,0.000000,0.000000
16.28,ground_truth,-3.065235,1.231474,2.387990,0.000000,0.000000,0.000000
16.3,ground_truth,-3.078184,1.243632,2.387804,0.000000,0.000000,0.000000
16.32,ground_truth,-3.090902,1.255543,2.387298,0.000000,0.000000,0.000000
16.34,ground_truth,-3.103705,1.267571,2.387263,0.000000,0.000000,0.000000
16.36,ground_truth,-3.115937,1.279026,2.386778,0.000000,0.000000,0.000000
16.380000000000003,ground_truth,-3.128280,1.290699,2.387955,0.000000,0.000000,0.000000
16.400000000000002,ground_truth,-3.141000,1.302747,2.389769,0.000000,0.000000,0.000000
16.42,ground_truth,-3.154093,1.315099,2.391366,0.000000,0.000000,0.000000
16.44,ground_truth,-3.167486,1.327691,2.392807,0.000000,0.000000,0.000000
16.46,ground_truth,-3.181144,1.340467,2.393757,0.000000,0.000000,0.000000
16.48,ground_truth,-3.195010,1.353396,2.394396,0.000000,0.000000,0.000000
16.5,ground_truth,-3.209045,1.366447,2.394788,0.000000,0.000000,0.000000
16.52,ground_truth,-3.223223,1.379595,2.394803,0.000000,0.000000,0.000000
16.540000000000003,ground_truth,-3.237505,1.392827,2.394716,0.000000,0.000000,0.000000
16.560000000000002,ground_truth,-3.251872,1.406129,2.394513,0.000000,0.000000,0.000000
16.580000000000002,ground_truth,-3.266304,1.419488,2.394245,0.000000,0.000000,0.000000
16.6,ground_truth,-3.280784,1.432892,2.393952,0.000000,0.000000,0.000000
16.62,ground_truth,-3.295198,1.446239,2.393625,0.000000,0.000000,0.000000
16.64,ground_truth,-3.309653,1.459632,2.393338,0.000000,0.000000,0.000000
16.66,ground_truth,-3.323911,1.472857,2.393199,0.000000,0.000000,0.000000
16.68,ground_truth,-3.337955,1.485895,2.393202,0.000000,0.000000,0.000000
16.7,ground_truth,-3.351802,1.498751,2.393226,0.000000,0.000000,0.000000
16.720000000000002,ground_truth,-3.365869,1.511785,2.392829,0.000000,0.000000,0.000000
16.740000000000002,ground_truth,-3.380066,1.524940,2.392340,0.000000,0.000000,0.000000
16.76,ground_truth,-3.393708,1.537689,2.393116,0.000000,0.000000,0.000000
16.78,ground_truth,-3.406866,1.550041,2.394427,0.000000,0.000000,0.000000
16.8,ground_truth,-3.419458,1.561860,2.395507,0.000000,0.000000,0.000000
16.82,ground_truth,-3.432220,1.573740,2.395708,0.000000,0.000000,0.000000
16.84,ground_truth,-3.445166,1.585733,2.395308,0.000000,0.000000,0.000000
16.86,ground_truth,-3.457745,1.597400,2.395226,0.000000,0.000000,0.000000
16.880000000000003,ground_truth,-3.470303,1.609062,2.395388,0.000000,0.000000,0.000000
16.900000000000002,ground_truth,-3.481766,1.619808,2.396373,0.000000,0.000000,0.000000
16.92,ground_truth,-3.493220,1.630500,2.396769,0.000000,0.000000,0.000000
16.94,ground_truth,-3.504303,1.640809,2.397154,0.000000,0.000000,0.000000
16.96,ground_truth,-3.514686,1.650478,2.397544,0.000000,0.000000,0.000000
16.98,ground_truth,-3.525143,1.660166,2.397392,0.000000,0.000000,0.000000
17.0,ground_truth,-3.534641,1.669024,2.397812,0.000000,0.000000,0.000000
17.02,ground_truth,-3.543966,1.677707,2.398063,0.000000,0.000000,0.000000
17.040000000000003,ground_truth,-3.552627,1.685820,2.398464,0.000000,0.000000,0.000000
17.060000000000002,ground_truth,-3.561114,1.693724,2.398692,0.000000,0.000000,0.000000
17.080000000000002,ground_truth,-3.569531,1.701497,2.398433,0.000000,0.000000,0.000000
17.1,ground_truth,-3.576861,1.708348,2.398970,0.000000,0.000000,0.000000
17.12,ground_truth,-3.584326,1.715265,2.398783,0.000000,0.000000,0.000000
17.14,ground_truth,-3.590818,1.721353,2.399170,0.000000,0.000000,0.000000
17.16,ground_truth,-3.597498,1.727548,2.398914,0.000000,0.000000,0.000000
17.18,ground_truth,-3.604055,1.733600,2.398586,0.000000,0.000000,0.000000
17.200000000000003,ground_truth,-3.609993,1.739100,2.398554,0.000000,0.000000,0.000000
17.220000000000002,ground_truth,-3.615951,1.744595,2.398341,0.000000,0.000000,0.000000
17.240000000000002,ground_truth,-3.621460,1.749703,2.398319,0.000000,0.000000,0.000000
17.26,ground_truth,-3.627214,1.754991,2.397766,0.000000,0.000000,0.000000
17.28,ground_truth,-3.632775,1.760108,2.397344,0.000000,0.000000,0.000000
17.3,ground_truth,-3.637466,1.764517,2.397809,0.000000,0.000000,0.000000
17.32,ground_truth,-3.642120,1.768857,2.397559,0.000000,0.000000,0.000000
17.34,ground_truth,-3.646187,1.772669,2.397678,0.000000,0.000000,0.000000
17.36,ground_truth,-3.650123,1.776329,2.397624,0.000000,0.000000,0.000000
17.380000000000003,ground_truth,-3.653874,1.779734,2.397126,0.000000,0.000000,0.000000
17.400000000000002,ground_truth,-3.657685,1.783217,2.396719,0.000000,0.000000,0.000000
17.42,ground_truth,-3.661821,1.787003,2.396032,0.000000,0.000000,0.000000
17.44,ground_truth,-3.665405,1.790388,2.396397,0.000000,0.000000,0.000000
17.46,ground_truth,-3.669077,1.793804,2.396108,0.000000,0.000000,0.000000
17.48,ground_truth,-3.672199,1.796745,2.396222,0.000000,0.000000,0.000000
17.5,ground_truth,-3.675362,1.799688,2.396093,0.000000,0.000000,0.000000
17.52,ground_truth,-3.678557,1.802629,2.395726,0.000000,0.000000,0.000000
17.540000000000003,ground_truth,-3.681267,1.805144,2.395678,0.000000,0.000000,0.000000
17.560000000000002,ground_truth,-3.684031,1.807692,2.395384,0.000000,0.000000,0.000000
17.580000000000002,ground_truth,-3.686252,1.809560,2.392471,0.000000,0.000000,0.000000
17.6,ground_truth,-3.688511,1.810864,2.380968,0.000000,0.000000,0.000000
17.62,ground_truth,-3.690734,1.811500,2.359352,0.000000,0.000000,0.000000
17.64,ground_truth,-3.692524,1.811573,2.332936,0.000000,0.000000,0.000000
17.66,ground_truth,-3.694110,1.811276,2.301502,0.000000,0.000000,0.000000
17.68,ground_truth,-3.695293,1.810873,2.270692,0.000000,0.000000,0.000000
17.700000000000003,ground_truth,-3.696448,1.810249,2.240394,0.000000,0.000000,0.000000
17.720000000000002,ground_truth,-3.697707,1.809683,2.209927,0.000000,0.000000,0.000000
17.740000000000002,ground_truth,-3.698772,1.809592,2.186304,0.000000,0.000000,0.000000
17.76,ground_truth,-3.699526,1.809694,2.166865,0.000000,0.000000,0.000000
17.78,ground_truth,-3.700158,1.809947,2.151207,0.000000,0.000000,0.000000
17.8,ground_truth,-3.700956,1.809841,2.133216,0.000000,0.000000,0.000000
17.82,ground_truth,-3.701686,1.808924,2.118105,0.000000,0.000000,0.000000
17.84,ground_truth,-3.702499,1.808255,2.100178,0.000000,0.000000,0.000000
17.86,ground_truth,-3.703377,1.807757,2.079270,0.000000,0.000000,0.000000
17.880000000000003,ground_truth,-3.703994,1.808105,2.065021,0.000000,0.000000,0.000000
17.900000000000002,ground_truth,-3.704678,1.808318,2.051770,0.000000,0.000000,0.000000
17.92,ground_truth,-3.705437,1.807799,2.036588,0.000000,0.000000,0.000000
17.94,ground_truth,-3.706377,1.807043,2.016807,0.000000,0.000000,0.000000
17.96,ground_truth,-3.707438,1.806289,1.997077,0.000000,0.000000,0.000000
17.98,ground_truth,-3.708462,1.805726,1.984162,0.000000,0.000000,0.000000
18.0,ground_truth,-3.709825,1.804878,1.967248,0.000000,0.000000,0.000000
18.02,ground_truth,-3.710999,1.804565,1.957808,0.000000,0.000000,0.000000
18.040000000000003,ground_truth,-3.712052,1.804485,1.946669,0.000000,0.000000,0.000000
18.060000000000002,ground_truth,-3.712980,1.804723,1.932651,0.000000,0.000000,0.000000
18.080000000000002,ground_truth,-3.714296,1.805136,1.909607,0.000000,0.000000,0.000000
18.1,ground_truth,-3.715973,1.806173,1.883396,0.000000,0.000000,0.000000
18.12,ground_truth,-3.717933,1.809021,1.859975,0.000000,0.000000,0.000000
18.14,ground_truth,-3.720273,1.812259,1.832680,0.000000,0.000000,0.000000
18.16,ground_truth,-3.722848,1.816235,1.803057,0.000000,0.000000,0.000000
18.18,ground_truth,-3.725614,1.821067,1.775025,0.000000,0.000000,0.000000
18.200000000000003,ground_truth,-3.728569,1.826522,1.749865,0.000000,0.000000,0.000000
18.220000000000002,ground_truth,-3.731401,1.833066,1.728774,0.000000,0.000000,0.000000
18.240000000000002,ground_truth,-3.734051,1.841031,1.711796,0.000000,0.000000,0.000000
18.26,ground_truth,-3.736770,1.849767,1.696837,0.000000,0.000000,0.000000
18.28,ground_truth,-3.739464,1.859383,1.682292,0.000000,0.000000,0.000000
18.3,ground_truth,-3.741906,1.870600,1.668436,0.000000,0.000000,0.000000
18.32,ground_truth,-3.744012,1.882728,1.656124,0.000000,0.000000,0.000000
18.34,ground_truth,-3.745909,1.895306,1.643056,0.000000,0.000000,0.000000
18.36,ground_truth,-3.747514,1.908362,1.631718,0.000000,0.000000,0.000000
18.380000000000003,ground_truth,-3.749012,1.922026,1.620050,0.000000,0.000000,0.000000
18.400000000000002,ground_truth,-3.750235,1.936010,1.610494,0.000000,0.000000,0.000000
18.42,ground_truth,-3.751298,1.950739,1.601971,0.000000,0.000000,0.000000
18.44,ground_truth,-3.752255,1.966177,1.593380,0.000000,0.000000,0.000000
18.46,ground_truth,-3.753110,1.981600,1.587193,0.000000,0.000000,0.000000
18.48,ground_truth,-3.753922,1.996857,1.581376,0.000000,0.000000,0.000000
18.5,ground_truth,-3.754655,2.011865,1.577219,0.000000,0.000000,0.000000
18.52,ground_truth,-3.755147,2.026563,1.574858,0.000000,0.000000,0.000000
18.540000000000003,ground_truth,-3.755504,2.041192,1.573021,0.000000,0.000000,0.000000
18.560000000000002,ground_truth,-3.755876,2.056400,1.569244,0.000000,0.000000,0.000000
18.580000000000002,ground_truth,-3.756217,2.072623,1.563905,0.000000,0.000000,0.000000
18.6,ground_truth,-3.756417,2.089636,1.559308,0.000000,0.000000,0.000000
18.62,ground_truth,-3.756509,2.107216,1.555142,0.000000,0.000000,0.000000
18.64,ground_truth,-3.756472,2.125242,1.551988,0.000000,0.000000,0.000000
18.66,ground_truth,-3.756332,2.143614,1.549552,0.000000,0.000000,0.000000
18.68,ground_truth,-3.756120,2.162272,1.547478,0.000000,0.000000,0.000000
18.700000000000003,ground_truth,-3.755777,2.181238,1.546914,0.000000,0.000000,0.000000
18.720000000000002,ground_truth,-3.755365,2.200379,1.547185,0.000000,0.000000,0.000000
18.740000000000002,ground_truth,-3.754917,2.219618,1.548017,0.000000,0.000000,0.000000
18.76,ground_truth,-3.754473,2.239000,1.548751,0.000000,0.000000,0.000000
18.78,ground_truth,-3.754026,2.258485,1.549535,0.000000,0.000000,0.000000
18.8,ground_truth,-3.753600,2.277763,1.550103,0.000000,0.000000,0.000000
18.82,ground_truth,-3.753172,2.297074,1.550775,0.000000,0.000000,0.000000
18.84,ground_truth,-3.752753,2.316402,1.551401,0.000000,0.000000,0.000000
18.86,ground_truth,-3.752345,2.335837,1.551935,0.000000,0.000000,0.000000
18.880000000000003,ground_truth,-3.751948,2.355280,1.552386,0.000000,0.000000,0.000000
18.900000000000002,ground_truth,-3.751581,2.374039,1.552517,0.000000,0.000000,0.000000
18.92,ground_truth,-3.751197,2.392372,1.553042,0.000000,0.000000,0.000000
18.94,ground_truth,-3.750803,2.410460,1.553669,0.000000,0.000000,0.000000
18.96,ground_truth,-3.750397,2.428674,1.554538,0.000000,0.000000,0.000000
18.98,ground_truth,-3.750014,2.446917,1.555156,0.000000,0.000000,0.000000
19.0,ground_truth,-3.749652,2.464543,1.555522,0.000000,0.000000,0.000000
19.02,ground_truth,-3.749357,2.481728,1.555048,0.000000,0.000000,0.000000
19.040000000000003,ground_truth,-3.749092,2.497772,1.554586,0.000000,0.000000,0.000000
19.060000000000002,ground_truth,-3.748833,2.513885,1.554194,0.000000,0.000000,0.000000
19.080000000000002,ground_truth,-3.748582,2.529356,1.553846,0.000000,0.000000,0.000000
19.1,ground_truth,-3.748235,2.545184,1.555215,0.000000,0.000000,0.000000
19.12,ground_truth,-3.747844,2.561647,1.557240,0.000000,0.000000,0.000000
19.14,ground_truth,-3.747451,2.578650,1.559166,0.000000,0.000000,0.000000
19.16,ground_truth,-3.747071,2.596108,1.560869,0.000000,0.000000,0.000000
19.18,ground_truth,-3.746717,2.613939,1.562226,0.000000,0.000000,0.000000
19.200000000000003,ground_truth,-3.746392,2.632110,1.563226,0.000000,0.000000,0.000000
19.220000000000002,ground_truth,-3.746133,2.650614,1.563288,0.000000,0.000000,0.000000
19.240000000000002,ground_truth,-3.745926,2.669383,1.562697,0.000000,0.000000,0.000000
19.26,ground_truth,-3.745751,2.688367,1.561881,0.000000,0.000000,0.000000
19.28,ground_truth,-3.745560,2.707512,1.561465,0.000000,0.000000,0.000000
19.3,ground_truth,-3.745364,2.726859,1.561208,0.000000,0.000000,0.000000
19.32,ground_truth,-3.745176,2.746327,1.560808,0.000000,0.000000,0.000000
19.34,ground_truth,-3.744974,2.765562,1.560754,0.000000,0.000000,0.000000
19.36,ground_truth,-3.744782,2.784893,1.560503,0.000000,0.000000,0.000000
19.380000000000003,ground_truth,-3.744570,2.803838,1.560776,0.000000,0.000000,0.000000
19.400000000000002,ground_truth,-3.744365,2.822696,1.560978,0.000000,0.000000,0.000000
19.42,ground_truth,-3.744163,2.841072,1.561365,0.000000,0.000000,0.000000
19.44,ground_truth,-3.743989,2.859759,1.561207,0.000000,0.000000,0.000000
19.46,ground_truth,-3.743811,2.878365,1.561105,0.000000,0.000000,0.000000
19.48,ground_truth,-3.743608,2.896436,1.561528,0.000000,0.000000,0.000000
19.5,ground_truth,-3.743384,2.914144,1.562334,0.000000,0.000000,0.000000
19.52,ground_truth,-3.743152,2.931430,1.563051,0.000000,0.000000,0.000000
19.540000000000003,ground_truth,-3.742964,2.948723,1.563275,0.000000,0.000000,0.000000
19.560000000000002,ground_truth,-3.742804,2.965962,1.563178,0.000000,0.000000,0.000000
19.580000000000002,ground_truth,-3.742626,2.982252,1.563511,0.000000,0.000000,0.000000
19.6,ground_truth,-3.742452,2.998554,1.563740,0.000000,0.000000,0.000000
19.62,ground_truth,-3.742235,3.013703,1.564495,0.000000,0.000000,0.000000
19.64,ground_truth,-3.742060,3.029218,1.564627,0.000000,0.000000,0.000000
19.66,ground_truth,-3.741882,3.045082,1.564965,0.000000,0.000000,0.000000
19.68,ground_truth,-3.741712,3.061379,1.565276,0.000000,0.000000,0.000000
19.700000000000003,ground_truth,-3.741549,3.078064,1.565561,0.000000,0.000000,0.000000
19.720000000000002,ground_truth,-3.741395,3.095097,1.565792,0.000000,0.000000,0.000000
19.740000000000002,ground_truth,-3.741250,3.112441,1.565957,0.000000,0.000000,0.000000
19.76,ground_truth,-3.741114,3.130065,1.566049,0.000000,0.000000,0.000000
19.78,ground_truth,-3.740990,3.148071,1.566029,0.000000,0.000000,0.000000
19.8,ground_truth,-3.740882,3.166544,1.565845,0.000000,0.000000,0.000000
19.82,ground_truth,-3.740783,3.185375,1.565570,0.000000,0.000000,0.000000
19.84,ground_truth,-3.740685,3.204472,1.565283,0.000000,0.000000,0.000000
19.860000000000003,ground_truth,-3.740593,3.223547,1.564919,0.000000,0.000000,0.000000
19.880000000000003,ground_truth,-3.740497,3.242738,1.564645,0.000000,0.000000,0.000000
19.900000000000002,ground_truth,-3.740397,3.262041,1.564436,0.000000,0.000000,0.000000
19.92,ground_truth,-3.740307,3.281131,1.564044,0.000000,0.000000,0.000000
19.94,ground_truth,-3.740225,3.300044,1.563542,0.000000,0.000000,0.000000
19.96,ground_truth,-3.740138,3.318722,1.563105,0.000000,0.000000,0.000000
19.98,ground_truth,-3.740033,3.337563,1.562791,0.000000,0.000000,0.000000
20.0,ground_truth,-3.739915,3.356553,1.562527,0.000000,0.000000,0.000000
20.02,ground_truth,-3.739801,3.375301,1.562153,0.000000,0.000000,0.000000
20.040000000000003,ground_truth,-3.739681,3.393831,1.561846,0.000000,0.000000,0.000000
20.060000000000002,ground_truth,-3.739586,3.411893,1.561195,0.000000,0.000000,0.000000
20.080000000000002,ground_truth,-3.739454,3.430023,1.561009,0.000000,0.000000,0.000000
20.1,ground_truth,-3.739337,3.447632,1.560538,0.000000,0.000000,0.000000
20.12,ground_truth,-3.739209,3.464815,1.560207,0.000000,0.000000,0.000000
20.14,ground_truth,-3.739060,3.481965,1.560044,0.000000,0.000000,0.000000
20.16,ground_truth,-3.738861,3.497658,1.560603,0.000000,0.000000,0.000000
20.18,ground_truth,-3.738683,3.513689,1.560642,0.000000,0.000000,0.000000
20.200000000000003,ground_truth,-3.738479,3.529901,1.561210,0.000000,0.000000,0.000000
20.220000000000002,ground_truth,-3.738269,3.546505,1.561907,0.000000,0.000000,0.000000
20.240000000000002,ground_truth,-3.738058,3.563460,1.562685,0.000000,0.000000,0.000000
20.26,ground_truth,-3.737855,3.580731,1.563423,0.000000,0.000000,0.000000
20.28,ground_truth,-3.737660,3.598286,1.564101,0.000000,0.000000,0.000000
20.3,ground_truth,-3.737480,3.616107,1.564612,0.000000,0.000000,0.000000
20.32,ground_truth,-3.737301,3.634236,1.565164,0.000000,0.000000,0.000000
20.34,ground_truth,-3.737129,3.652638,1.565631,0.000000,0.000000,0.000000
20.360000000000003,ground_truth,-3.736970,3.671269,1.565951,0.000000,0.000000,0.000000
20.380000000000003,ground_truth,-3.736825,3.690105,1.566120,0.000000,0.000000,0.000000
20.400000000000002,ground_truth,-3.736711,3.709033,1.565877,0.000000,0.000000,0.000000
20.42,ground_truth,-3.736615,3.727832,1.565382,0.000000,0.000000,0.000000
20.44,ground_truth,-3.736532,3.746653,1.564578,0.000000,0.000000,0.000000
20.46,ground_truth,-3.736444,3.765700,1.563713,0.000000,0.000000,0.000000
20.48,ground_truth,-3.736341,3.784924,1.562934,0.000000,0.000000,0.000000
20.5,ground_truth,-3.736210,3.804010,1.562623,0.000000,0.000000,0.000000
20.52,ground_truth,-3.736014,3.822110,1.563798,0.000000,0.000000,0.000000
20.540000000000003,ground_truth,-3.735823,3.839352,1.565148,0.000000,0.000000,0.000000
20.560000000000002,ground_truth,-3.735700,3.856919,1.565482,0.000000,0.000000,0.000000
20.580000000000002,ground_truth,-3.735609,3.874744,1.565242,0.000000,0.000000,0.000000
20.6,ground_truth,-3.735518,3.892237,1.565084,0.000000,0.000000,0.000000
20.62,ground_truth,-3.735411,3.909590,1.565215,0.000000,0.000000,0.000000
20.64,ground_truth,-3.735262,3.926362,1.565896,0.000000,0.000000,0.000000
20.66,ground_truth,-3.735148,3.943302,1.566056,0.000000,0.000000,0.000000
20.68,ground_truth,-3.735057,3.960249,1.565927,0.000000,0.000000,0.000000
20.700000000000003,ground_truth,-3.734939,3.976287,1.566226,0.000000,0.000000,0.000000
20.720000000000002,ground_truth,-3.734828,3.991981,1.566403,0.000000,0.000000,0.000000
20.740000000000002,ground_truth,-3.734712,4.006799,1.566468,0.000000,0.000000,0.000000
20.76,ground_truth,-3.734645,4.022387,1.565632,0.000000,0.000000,0.000000
20.78,ground_truth,-3.734607,4.038854,1.564023,0.000000,0.000000,0.000000
20.8,ground_truth,-3.734556,4.056007,1.562252,0.000000,0.000000,0.000000
20.82,ground_truth,-3.734483,4.073732,1.560453,0.000000,0.000000,0.000000
20.84,ground_truth,-3.734347,4.091919,1.559306,0.000000,0.000000,0.000000
20.860000000000003,ground_truth,-3.734174,4.110453,1.558545,0.000000,0.000000,0.000000
20.880000000000003,ground_truth,-3.733957,4.129255,1.558426,0.000000,0.000000,0.000000
20.900000000000002,ground_truth,-3.733731,4.148291,1.558355,0.000000,0.000000,0.000000
20.92,ground_truth,-3.733488,4.167505,1.558557,0.000000,0.000000,0.000000
20.94,ground_truth,-3.733231,4.186748,1.559069,0.000000,0.000000,0.000000
20.96,ground_truth,-3.732969,4.206068,1.559791,0.000000,0.000000,0.000000
20.98,ground_truth,-3.732721,4.225305,1.560452,0.000000,0.000000,0.000000
21.0,ground_truth,-3.732467,4.244664,1.561231,0.000000,0.000000,0.000000
21.02,ground_truth,-3.732206,4.264120,1.562130,0.000000,0.000000,0.000000
21.040000000000003,ground_truth,-3.731966,4.283239,1.562725,0.000000,0.000000,0.000000
21.060000000000002,ground_truth,-3.731746,4.302291,1.563207,0.000000,0.000000,0.000000
21.080000000000002,ground_truth,-3.731544,4.321106,1.563540,0.000000,0.000000,0.000000
21.1,ground_truth,-3.731351,4.339928,1.563938,0.000000,0.000000,0.000000
21.12,ground_truth,-3.731191,4.358234,1.563875,0.000000,0.000000,0.000000
21.14,ground_truth,-3.731034,4.376502,1.563937,0.000000,0.000000,0.000000
21.16,ground_truth,-3.730876,4.394744,1.564136,0.000000,0.000000,0.000000
21.18,ground_truth,-3.730763,4.411747,1.563721,0.000000,0.000000,0.000000
21.200000000000003,ground_truth,-3.730646,4.428892,1.563507,0.000000,0.000000,0.000000
21.220000000000002,ground_truth,-3.730519,4.445350,1.563468,0.000000,0.000000,0.000000
21.240000000000002,ground_truth,-3.730408,4.461243,1.563307,0.000000,0.000000,0.000000
21.26,ground_truth,-3.730266,4.477491,1.563716,0.000000,0.000000,0.000000
21.28,ground_truth,-3.730108,4.494469,1.564452,0.000000,0.000000,0.000000
21.3,ground_truth,-3.729953,4.512035,1.565263,0.000000,0.000000,0.000000
21.32,ground_truth,-3.729820,4.530083,1.565807,0.000000,0.000000,0.000000
21.34,ground_truth,-3.729699,4.548515,1.566233,0.000000,0.000000,0.000000
21.360000000000003,ground_truth,-3.729592,4.567288,1.566513,0.000000,0.000000,0.000000
21.380000000000003,ground_truth,-3.729513,4.586361,1.566277,0.000000,0.000000,0.000000
21.400000000000002,ground_truth,-3.729433,4.605619,1.566020,0.000000,0.000000,0.000000
21.42,ground_truth,-3.729348,4.625023,1.565803,0.000000,0.000000,0.000000
21.44,ground_truth,-3.729258,4.644512,1.565627,0.000000,0.000000,0.000000
21.46,ground_truth,-3.729162,4.664031,1.565535,0.000000,0.000000,0.000000
21.48,ground_truth,-3.729064,4.683646,1.565428,0.000000,0.000000,0.000000
21.5,ground_truth,-3.728964,4.703337,1.565342,0.000000,0.000000,0.000000
21.52,ground_truth,-3.728857,4.722756,1.565400,0.000000,0.000000,0.000000
21.540000000000003,ground_truth,-3.728748,4.742165,1.565507,0.000000,0.000000,0.000000
21.560000000000002,ground_truth,-3.728660,4.760849,1.565293,0.000000,0.000000,0.000000
21.580000000000002,ground_truth,-3.728578,4.779579,1.564845,0.000000,0.000000,0.000000
21.6,ground_truth,-3.728486,4.798414,1.564487,0.000000,0.000000,0.000000
21.62,ground_truth,-3.728368,4.816999,1.564621,0.000000,0.000000,0.000000
21.64,ground_truth,-3.728265,4.835846,1.564471,0.000000,0.000000,0.000000
21.66,ground_truth,-3.728129,4.854325,1.564847,0.000000,0.000000,0.000000
21.68,ground_truth,-3.727987,4.872460,1.565451,0.000000,0.000000,0.000000
21.700000000000003,ground_truth,-3.727868,4.890527,1.565888,0.000000,0.000000,0.000000
21.720000000000002,ground_truth,-3.727723,4.908177,1.566675,0.000000,0.000000,0.000000
21.740000000000002,ground_truth,-3.727573,4.925253,1.567419,0.000000,0.000000,0.000000
21.76,ground_truth,-3.727462,4.940697,1.567330,0.000000,0.000000,0.000000
21.78,ground_truth,-3.727400,4.956574,1.566612,0.000000,0.000000,0.000000
21.8,ground_truth,-3.727355,4.972709,1.565671,0.000000,0.000000,0.000000
21.82,ground_truth,-3.727307,4.989274,1.564585,0.000000,0.000000,0.000000
21.84,ground_truth,-3.727250,5.006407,1.563294,0.000000,0.000000,0.000000
21.860000000000003,ground_truth,-3.727172,5.024093,1.562046,0.000000,0.000000,0.000000
21.880000000000003,ground_truth,-3.727070,5.042221,1.560913,0.000000,0.000000,0.000000
21.900000000000002,ground_truth,-3.726934,5.060700,1.560062,0.000000,0.000000,0.000000
21.92,ground_truth,-3.726762,5.079459,1.559673,0.000000,0.000000,0.000000
21.94,ground_truth,-3.726570,5.098461,1.559486,0.000000,0.000000,0.000000
21.96,ground_truth,-3.726355,5.117663,1.559594,0.000000,0.000000,0.000000
21.98,ground_truth,-3.726125,5.136994,1.560015,0.000000,0.000000,0.000000
22.0,ground_truth,-3.725887,5.156316,1.560699,0.000000,0.000000,0.000000
22.020000000000003,ground_truth,-3.725650,5.175751,1.561489,0.000000,0.000000,0.000000
22.040000000000003,ground_truth,-3.725411,5.195304,1.562388,0.000000,0.000000,0.000000
22.060000000000002,ground_truth,-3.725187,5.214633,1.563199,0.000000,0.000000,0.000000
22.080000000000002,ground_truth,-3.724972,5.234093,1.564071,0.000000,0.000000,0.000000
22.1,ground_truth,-3.724796,5.253223,1.564381,0.000000,0.000000,0.000000
22.12,ground_truth,-3.724624,5.272370,1.564799,0.000000,0.000000,0.000000
22.14,ground_truth,-3.724464,5.291314,1.565125,0.000000,0.000000,0.000000
22.16,ground_truth,-3.724314,5.310304,1.565498,0.000000,0.000000,0.000000
22.18,ground_truth,-3.724173,5.329376,1.565869,0.000000,0.000000,0.000000
22.200000000000003,ground_truth,-3.724066,5.347840,1.565780,0.000000,0.000000,0.000000
22.220000000000002,ground_truth,-3.723969,5.365714,1.565626,0.000000,0.000000,0.000000
22.240000000000002,ground_truth,-3.723889,5.383188,1.565254,0.000000,0.000000,0.000000
22.26,ground_truth,-3.723776,5.400415,1.565589,0.000000,0.000000,0.000000
22.28,ground_truth,-3.723656,5.417807,1.566115,0.000000,0.000000,0.000000
22.3,ground_truth,-3.723529,5.434238,1.566659,0.000000,0.000000,0.000000
22.32,ground_truth,-3.723429,5.450630,1.566658,0.000000,0.000000,0.000000
22.34,ground_truth,-3.723326,5.467509,1.566848,0.000000,0.000000,0.000000
22.360000000000003,ground_truth,-3.723221,5.485002,1.567166,0.000000,0.000000,0.000000
22.380000000000003,ground_truth,-3.723122,5.502987,1.567517,0.000000,0.000000,0.000000
22.400000000000002,ground_truth,-3.723032,5.521370,1.567814,0.000000,0.000000,0.000000
22.42,ground_truth,-3.722955,5.540074,1.567974,0.000000,0.000000,0.000000
22.44,ground_truth,-3.722888,5.559037,1.567988,0.000000,0.000000,0.000000
22.46,ground_truth,-3.722823,5.578205,1.568021,0.000000,0.000000,0.000000
22.48,ground_truth,-3.722772,5.597578,1.567796,0.000000,0.000000,0.000000
22.5,ground_truth,-3.722725,5.617098,1.567449,0.000000,0.000000,0.000000
22.520000000000003,ground_truth,-3.722674,5.636715,1.567089,0.000000,0.000000,0.000000
22.540000000000003,ground_truth,-3.722621,5.656291,1.566741,0.000000,0.000000,0.000000
22.560000000000002,ground_truth,-3.722561,5.675801,1.566488,0.000000,0.000000,0.000000
22.580000000000002,ground_truth,-3.722489,5.695068,1.566418,0.000000,0.000000,0.000000
22.6,ground_truth,-3.722416,5.714480,1.566304,0.000000,0.000000,0.000000
22.62,ground_truth,-3.722339,5.734008,1.566184,0.000000,0.000000,0.000000
22.64,ground_truth,-3.722253,5.753213,1.566247,0.000000,0.000000,0.000000
22.66,ground_truth,-3.722140,5.771905,1.566825,0.000000,0.000000,0.000000
22.68,ground_truth,-3.721928,5.789832,1.568487,0.000000,0.000000,0.000000
22.700000000000003,ground_truth,-3.721739,5.807923,1.570035,0.000000,0.000000,0.000000
22.720000000000002,ground_truth,-3.721629,5.826198,1.570655,0.000000,0.000000,0.000000
22.740000000000002,ground_truth,-3.721555,5.844058,1.570802,0.000000,0.000000,0.000000
22.76,ground_truth,-3.721495,5.861847,1.570826,0.000000,0.000000,0.000000
22.78,ground_truth,-3.721427,5.879162,1.570988,0.000000,0.000000,0.000000
22.8,ground_truth,-3.721358,5.896132,1.571321,0.000000,0.000000,0.000000
22.82,ground_truth,-3.721211,5.911716,1.572412,0.000000,0.000000,0.000000
22.84,ground_truth,-3.721106,5.927087,1.572962,0.000000,0.000000,0.000000
22.860000000000003,ground_truth,-3.721058,5.942245,1.573008,0.000000,0.000000,0.000000
22.880000000000003,ground_truth,-3.721022,5.956091,1.572859,0.000000,0.000000,0.000000
22.900000000000002,ground_truth,-3.721067,5.970549,1.571326,0.000000,0.000000,0.000000
22.92,ground_truth,-3.721142,5.985970,1.568990,0.000000,0.000000,0.000000
22.94,ground_truth,-3.721210,6.002280,1.566305,0.000000,0.000000,0.000000
22.96,ground_truth,-3.721235,6.019287,1.563866,0.000000,0.000000,0.000000
22.98,ground_truth,-3.721184,6.036833,1.562341,0.000000,0.000000,0.000000
23.0,ground_truth,-3.721100,6.054844,1.561022,0.000000,0.000000,0.000000
23.020000000000003,ground_truth,-3.720971,6.073223,1.560174,0.000000,0.000000,0.000000
23.040000000000003,ground_truth,-3.720810,6.091906,1.559664,0.000000,0.000000,0.000000
23.060000000000002,ground_truth,-3.720628,6.110838,1.559330,0.000000,0.000000,0.000000
23.080000000000002,ground_truth,-3.720413,6.129906,1.559528,0.000000,0.000000,0.000000
23.1,ground_truth,-3.720181,6.149128,1.560033,0.000000,0.000000,0.000000
23.12,ground_truth,-3.719934,6.168317,1.560911,0.000000,0.000000,0.000000
23.14,ground_truth,-3.719676,6.187367,1.562012,0.000000,0.000000,0.000000
23.16,ground_truth,-3.719416,6.206094,1.563221,0.000000,0.000000,0.000000
23.18,ground_truth,-3.719171,6.224874,1.564244,0.000000,0.000000,0.000000
23.200000000000003,ground_truth,-3.718943,6.243867,1.564982,0.000000,0.000000,0.000000
23.220000000000002,ground_truth,-3.718734,6.262381,1.565528,0.000000,0.000000,0.000000
23.240000000000002,ground_truth,-3.718569,6.280430,1.565608,0.000000,0.000000,0.000000
23.26,ground_truth,-3.718456,6.298188,1.565034,0.000000,0.000000,0.000000
23.28,ground_truth,-3.718343,6.316105,1.564629,0.000000,0.000000,0.000000
23.3,ground_truth,-3.718210,6.334195,1.564668,0.000000,0.000000,0.000000
23.32,ground_truth,-3.718069,6.352067,1.564903,0.000000,0.000000,0.000000
23.34,ground_truth,-3.717931,6.369130,1.565119,0.000000,0.000000,0.000000
23.360000000000003,ground_truth,-3.717828,6.385654,1.564792,0.000000,0.000000,0.000000
23.380000000000003,ground_truth,-3.717703,6.402079,1.565037,0.000000,0.000000,0.000000
23.400000000000002,ground_truth,-3.717574,6.418710,1.565462,0.000000,0.000000,0.000000
23.42,ground_truth,-3.717422,6.434536,1.566240,0.000000,0.000000,0.000000
23.44,ground_truth,-3.717297,6.449542,1.566155,0.000000,0.000000,0.000000
23.46,ground_truth,-3.717165,6.464914,1.566437,0.000000,0.000000,0.000000
23.48,ground_truth,-3.717027,6.480732,1.566941,0.000000,0.000000,0.000000
23.5,ground_truth,-3.716890,6.496984,1.567534,0.000000,0.000000,0.000000
23.520000000000003,ground_truth,-3.716760,6.513625,1.568149,0.000000,0.000000,0.000000
23.540000000000003,ground_truth,-3.716639,6.530616,1.568742,0.000000,0.000000,0.000000
23.560000000000002,ground_truth,-3.716533,6.547922,1.569219,0.000000,0.000000,0.000000
23.580000000000002,ground_truth,-3.716436,6.565509,1.569658,0.000000,0.000000,0.000000
23.6,ground_truth,-3.716355,6.583358,1.569945,0.000000,0.000000,0.000000
23.62,ground_truth,-3.716308,6.601648,1.569810,0.000000,0.000000,0.000000
23.64,ground_truth,-3.716287,6.620343,1.569220,0.000000,0.000000,0.000000
23.66,ground_truth,-3.716265,6.639271,1.568610,0.000000,0.000000,0.000000
23.68,ground_truth,-3.716238,6.658345,1.568026,0.000000,0.000000,0.000000
23.700000000000003,ground_truth,-3.716184,6.677164,1.567911,0.000000,0.000000,0.000000
23.720000000000002,ground_truth,-3.716129,6.696037,1.567802,0.000000,0.000000,0.000000
23.740000000000002,ground_truth,-3.716079,6.715115,1.567596,0.000000,0.000000,0.000000
23.76,ground_truth,-3.716019,6.733746,1.567589,0.000000,0.000000,0.000000
23.78,ground_truth,-3.715966,6.752578,1.567433,0.000000,0.000000,0.000000
23.8,ground_truth,-3.715903,6.770970,1.567501,0.000000,0.000000,0.000000
23.82,ground_truth,-3.715841,6.788909,1.567590,0.000000,0.000000,0.000000
23.84,ground_truth,-3.715796,6.806953,1.567295,0.000000,0.000000,0.000000
23.860000000000003,ground_truth,-3.715752,6.825221,1.566866,0.000000,0.000000,0.000000
23.880000000000003,ground_truth,-3.715693,6.843369,1.566656,0.000000,0.000000,0.000000
23.900000000000002,ground_truth,-3.715530,6.860443,1.567952,0.000000,0.000000,0.000000
23.92,ground_truth,-3.715373,6.877548,1.568894,0.000000,0.000000,0.000000
23.94,ground_truth,-3.715159,6.893395,1.570464,0.000000,0.000000,0.000000
23.96,ground_truth,-3.714985,6.908995,1.571291,0.000000,0.000000,0.000000
23.98,ground_truth,-3.714906,6.924610,1.571095,0.000000,0.000000,0.000000
24.0,ground_truth,-3.714917,6.941095,1.569321,0.000000,0.000000,0.000000
24.020000000000003,ground_truth,-3.714933,6.958260,1.567239,0.000000,0.000000,0.000000
24.040000000000003,ground_truth,-3.714914,6.975954,1.565554,0.000000,0.000000,0.000000
24.060000000000002,ground_truth,-3.714868,6.994083,1.564061,0.000000,0.000000,0.000000
24.080000000000002,ground_truth,-3.714795,7.012563,1.562766,0.000000,0.000000,0.000000
24.1,ground_truth,-3.714690,7.031319,1.561765,0.000000,0.000000,0.000000
24.12,ground_truth,-3.714534,7.050288,1.561533,0.000000,0.000000,0.000000
24.14,ground_truth,-3.714359,7.069451,1.561580,0.000000,0.000000,0.000000
24.16,ground_truth,-3.714179,7.088778,1.561709,0.000000,0.000000,0.000000
24.180000000000003,ground_truth,-3.713990,7.108233,1.562023,0.000000,0.000000,0.000000
24.200000000000003,ground_truth,-3.713792,7.127604,1.562625,0.000000,0.000000,0.000000
24.220000000000002,ground_truth,-3.713604,7.147028,1.563205,0.000000,0.000000,0.000000
24.240000000000002,ground_truth,-3.713422,7.166110,1.563877,0.000000,0.000000,0.000000
24.26,ground_truth,-3.713253,7.185248,1.564482,0.000000,0.000000,0.000000
24.28,ground_truth,-3.713087,7.204134,1.565152,0.000000,0.000000,0.000000
24.3,ground_truth,-3.712915,7.223172,1.565921,0.000000,0.000000,0.000000
24.32,ground_truth,-3.712749,7.242326,1.566643,0.000000,0.000000,0.000000
24.34,ground_truth,-3.712584,7.261291,1.567433,0.000000,0.000000,0.000000
24.360000000000003,ground_truth,-3.712444,7.280230,1.568083,0.000000,0.000000,0.000000
24.380000000000003,ground_truth,-3.712375,7.298243,1.567692,0.000000,0.000000,0.000000
24.400000000000002,ground_truth,-3.712346,7.315790,1.566821,0.000000,0.000000,0.000000
24.42,ground_truth,-3.712286,7.333495,1.566428,0.000000,0.000000,0.000000
24.44,ground_truth,-3.712210,7.350744,1.566293,0.000000,0.000000,0.000000
24.46,ground_truth,-3.712133,7.367844,1.566280,0.000000,0.000000,0.000000
24.48,ground_truth,-3.712055,7.383636,1.566233,0.000000,0.000000,0.000000
24.5,ground_truth,-3.711988,7.399560,1.566081,0.000000,0.000000,0.000000
24.520000000000003,ground_truth,-3.711905,7.414008,1.566166,0.000000,0.000000,0.000000
24.540000000000003,ground_truth,-3.711850,7.428716,1.565801,0.000000,0.000000,0.000000
24.560000000000002,ground_truth,-3.711758,7.444136,1.566092,0.000000,0.000000,0.000000
24.580000000000002,ground_truth,-3.711652,7.460454,1.566664,0.000000,0.000000,0.000000
24.6,ground_truth,-3.711551,7.477497,1.567244,0.000000,0.000000,0.000000
24.62,ground_truth,-3.711460,7.495122,1.567734,0.000000,0.000000,0.000000
24.64,ground_truth,-3.711376,7.513215,1.568207,0.000000,0.000000,0.000000
24.66,ground_truth,-3.711304,7.531685,1.568555,0.000000,0.000000,0.000000
24.680000000000003,ground_truth,-3.711249,7.550460,1.568686,0.000000,0.000000,0.000000
24.700000000000003,ground_truth,-3.711203,7.569481,1.568647,0.000000,0.000000,0.000000
24.720000000000002,ground_truth,-3.711162,7.588694,1.568530,0.000000,0.000000,0.000000
24.740000000000002,ground_truth,-3.711124,7.608071,1.568340,0.000000,0.000000,0.000000
24.76,ground_truth,-3.711094,7.627620,1.567920,0.000000,0.000000,0.000000
24.78,ground_truth,-3.711052,7.646967,1.567659,0.000000,0.000000,0.000000
24.8,ground_truth,-3.711006,7.666272,1.567426,0.000000,0.000000,0.000000
24.82,ground_truth,-3.710948,7.685102,1.567408,0.000000,0.000000,0.000000
24.84,ground_truth,-3.710895,7.703934,1.567280,0.000000,0.000000,0.000000
24.860000000000003,ground_truth,-3.710843,7.722425,1.567107,0.000000,0.000000,0.000000
24.880000000000003,ground_truth,-3.710790,7.741106,1.566866,0.000000,0.000000,0.000000
24.900000000000002,ground_truth,-3.710733,7.759943,1.566624,0.000000,0.000000,0.000000
24.92,ground_truth,-3.710660,7.778097,1.566687,0.000000,0.000000,0.000000
24.94,ground_truth,-3.710582,7.796499,1.566841,0.000000,0.000000,0.000000
24.96,ground_truth,-3.710497,7.814440,1.567070,0.000000,0.000000,0.000000
24.98,ground_truth,-3.710415,7.832106,1.567319,0.000000,0.000000,0.000000
25.0,ground_truth,-3.710333,7.849835,1.567569,0.000000,0.000000,0.000000
25.020000000000003,ground_truth,-3.710173,7.865373,1.568604,0.000000,0.000000,0.000000
25.040000000000003,ground_truth,-3.710064,7.880438,1.568528,0.000000,0.000000,0.000000
25.060000000000002,ground_truth,-3.709992,7.894174,1.568173,0.000000,0.000000,0.000000
25.080000000000002,ground_truth,-3.709951,7.908334,1.567370,0.000000,0.000000,0.000000
25.1,ground_truth,-3.709965,7.923651,1.565234,0.000000,0.000000,0.000000
25.12,ground_truth,-3.709966,7.939879,1.562846,0.000000,0.000000,0.000000
25.14,ground_truth,-3.709923,7.956823,1.560720,0.000000,0.000000,0.000000
25.16,ground_truth,-3.709823,7.974336,1.559123,0.000000,0.000000,0.000000
25.180000000000003,ground_truth,-3.709675,7.992311,1.557990,0.000000,0.000000,0.000000
25.200000000000003,ground_truth,-3.709467,8.010643,1.557699,0.000000,0.000000,0.000000
25.220000000000002,ground_truth,-3.709231,8.029287,1.557742,0.000000,0.000000,0.000000
25.240000000000002,ground_truth,-3.708978,8.048190,1.558069,0.000000,0.000000,0.000000
25.26,ground_truth,-3.708714,8.067305,1.558638,0.000000,0.000000,0.000000
25.28,ground_truth,-3.708444,8.086569,1.559409,0.000000,0.000000,0.000000
25.3,ground_truth,-3.708176,8.105780,1.560384,0.000000,0.000000,0.000000
25.32,ground_truth,-3.707923,8.125137,1.561300,0.000000,0.000000,0.000000
25.34,ground_truth,-3.707681,8.144544,1.562237,0.000000,0.000000,0.000000
25.360000000000003,ground_truth,-3.707457,8.163640,1.563233,0.000000,0.000000,0.000000
25.380000000000003,ground_truth,-3.707240,8.182747,1.564276,0.000000,0.000000,0.000000
25.400000000000002,ground_truth,-3.707038,8.201616,1.565331,0.000000,0.000000,0.000000
25.42,ground_truth,-3.706866,8.220674,1.566151,0.000000,0.000000,0.000000
25.44,ground_truth,-3.706720,8.239842,1.566773,0.000000,0.000000,0.000000
25.46,ground_truth,-3.706573,8.258523,1.567443,0.000000,0.000000,0.000000
25.48,ground_truth,-3.706425,8.276940,1.568336,0.000000,0.000000,0.000000
25.5,ground_truth,-3.706283,8.294853,1.569081,0.000000,0.000000,0.000000
25.520000000000003,ground_truth,-3.706146,8.312190,1.569794,0.000000,0.000000,0.000000
25.540000000000003,ground_truth,-3.706041,8.329334,1.570030,0.000000,0.000000,0.000000
25.560000000000002,ground_truth,-3.705967,8.346249,1.570034,0.000000,0.000000,0.000000
25.580000000000002,ground_truth,-3.705905,8.363420,1.570051,0.000000,0.000000,0.000000
25.6,ground_truth,-3.705839,8.379753,1.570238,0.000000,0.000000,0.000000
25.62,ground_truth,-3.705838,8.395707,1.569393,0.000000,0.000000,0.000000
25.64,ground_truth,-3.705829,8.411896,1.568675,0.000000,0.000000,0.000000
25.66,ground_truth,-3.705805,8.428482,1.568177,0.000000,0.000000,0.000000
25.680000000000003,ground_truth,-3.705769,8.445425,1.567853,0.000000,0.000000,0.000000
25.700000000000003,ground_truth,-3.705723,8.462686,1.567686,0.000000,0.000000,0.000000
25.720000000000002,ground_truth,-3.705669,8.480233,1.567632,0.000000,0.000000,0.000000
25.740000000000002,ground_truth,-3.705610,8.498071,1.567679,0.000000,0.000000,0.000000
25.76,ground_truth,-3.705547,8.516318,1.567789,0.000000,0.000000,0.000000
25.78,ground_truth,-3.705484,8.534911,1.567907,0.000000,0.000000,0.000000
25.8,ground_truth,-3.705424,8.553783,1.567986,0.000000,0.000000,0.000000
25.82,ground_truth,-3.705369,8.572855,1.567971,0.000000,0.000000,0.000000
25.84,ground_truth,-3.705318,8.592007,1.567857,0.000000,0.000000,0.000000
25.860000000000003,ground_truth,-3.705272,8.611098,1.567651,0.000000,0.000000,0.000000
25.880000000000003,ground_truth,-3.705227,8.630167,1.567346,0.000000,0.000000,0.000000
25.900000000000002,ground_truth,-3.705181,8.649468,1.566934,0.000000,0.000000,0.000000
25.92,ground_truth,-3.705126,8.668857,1.566592,0.000000,0.000000,0.000000
25.94,ground_truth,-3.705052,8.687673,1.566661,0.000000,0.000000,0.000000
25.96,ground_truth,-3.704985,8.706659,1.566546,0.000000,0.000000,0.000000
25.98,ground_truth,-3.704909,8.725154,1.566621,0.000000,0.000000,0.000000
26.0,ground_truth,-3.704835,8.743539,1.566658,0.000000,0.000000,0.000000
26.020000000000003,ground_truth,-3.704760,8.761833,1.566712,0.000000,0.000000,0.000000
26.040000000000003,ground_truth,-3.704683,8.779395,1.566796,0.000000,0.000000,0.000000
26.060000000000002,ground_truth,-3.704617,8.797088,1.566669,0.000000,0.000000,0.000000
26.080000000000002,ground_truth,-3.704557,8.814035,1.566474,0.000000,0.000000,0.000000
26.1,ground_truth,-3.704509,8.831338,1.566042,0.000000,0.000000,0.000000
26.12,ground_truth,-3.704440,8.848278,1.565976,0.000000,0.000000,0.000000
26.14,ground_truth,-3.704362,8.864601,1.565995,0.000000,0.000000,0.000000
26.16,ground_truth,-3.704270,8.880273,1.566243,0.000000,0.000000,0.000000
26.180000000000003,ground_truth,-3.704164,8.894949,1.566377,0.000000,0.000000,0.000000
26.200000000000003,ground_truth,-3.704027,8.908909,1.567060,0.000000,0.000000,0.000000
26.220000000000002,ground_truth,-3.703870,8.921989,1.567507,0.000000,0.000000,0.000000
26.240000000000002,ground_truth,-3.703733,8.934648,1.568102,0.000000,0.000000,0.000000
26.26,ground_truth,-3.703637,8.947044,1.568381,0.000000,0.000000,0.000000
26.28,ground_truth,-3.703530,8.958454,1.568597,0.000000,0.000000,0.000000
26.3,ground_truth,-3.703406,8.969122,1.569212,0.000000,0.000000,0.000000
26.32,ground_truth,-3.703298,8.979493,1.569397,0.000000,0.000000,0.000000
26.340000000000003,ground_truth,-3.703224,8.989675,1.569522,0.000000,0.000000,0.000000
26.360000000000003,ground_truth,-3.703185,8.999606,1.569401,0.000000,0.000000,0.000000
26.380000000000003,ground_truth,-3.703120,9.008609,1.569644,0.000000,0.000000,0.000000
26.400000000000002,ground_truth,-3.703058,9.017256,1.569882,0.000000,0.000000,0.000000
26.42,ground_truth,-3.702945,9.024772,1.570279,0.000000,0.000000,0.000000
26.44,ground_truth,-3.702875,9.032367,1.570381,0.000000,0.000000,0.000000
26.46,ground_truth,-3.702848,9.039704,1.570246,0.000000,0.000000,0.000000
26.48,ground_truth,-3.702791,9.046265,1.570531,0.000000,0.000000,0.000000
26.5,ground_truth,-3.702764,9.052933,1.570377,0.000000,0.000000,0.000000
26.520000000000003,ground_truth,-3.702710,9.059062,1.570585,0.000000,0.000000,0.000000
26.540000000000003,ground_truth,-3.702677,9.065152,1.570599,0.000000,0.000000,0.000000
26.560000000000002,ground_truth,-3.702606,9.070405,1.570844,0.000000,0.000000,0.000000
26.580000000000002,ground_truth,-3.702578,9.075782,1.570747,0.000000,0.000000,0.000000
26.6,ground_truth,-3.702578,9.081214,1.570389,0.000000,0.000000,0.000000
26.62,ground_truth,-3.702547,9.086070,1.570529,0.000000,0.000000,0.000000
26.64,ground_truth,-3.702517,9.090773,1.570597,0.000000,0.000000,0.000000
26.66,ground_truth,-3.702486,9.095266,1.570517,0.000000,0.000000,0.000000
26.680000000000003,ground_truth,-3.702474,9.099775,1.570349,0.000000,0.000000,0.000000
26.700000000000003,ground_truth,-3.702476,9.104550,1.569956,0.000000,0.000000,0.000000
26.720000000000002,ground_truth,-3.702408,9.108615,1.570347,0.000000,0.000000,0.000000
26.740000000000002,ground_truth,-3.702353,9.112374,1.570488,0.000000,0.000000,0.000000
26.76,ground_truth,-3.702305,9.115718,1.570480,0.000000,0.000000,0.000000
26.78,ground_truth,-3.702232,9.119269,1.571248,0.000000,0.000000,0.000000
26.8,ground_truth,-3.701730,9.122548,1.579524,0.000000,0.000000,0.000000
26.82,ground_truth,-3.700728,9.125754,1.598465,0.000000,0.000000,0.000000
26.840000000000003,ground_truth,-3.699283,9.129041,1.628080,0.000000,0.000000,0.000000
26.860000000000003,ground_truth,-3.697587,9.132377,1.665419,0.000000,0.000000,0.000000
26.880000000000003,ground_truth,-3.695750,9.135810,1.708230,0.000000,0.000000,0.000000
26.900000000000002,ground_truth,-3.693887,9.138968,1.754385,0.000000,0.000000,0.000000
26.92,ground_truth,-3.691864,9.141669,1.804703,0.000000,0.000000,0.000000
26.94,ground_truth,-3.689845,9.143916,1.857401,0.000000,0.000000,0.000000
26.96,ground_truth,-3.688025,9.145809,1.901667,0.000000,0.000000,0.000000
26.98,ground_truth,-3.686225,9.147412,1.943706,0.000000,0.000000,0.000000
27.0,ground_truth,-3.684539,9.148841,1.977906,0.000000,0.000000,0.000000
27.020000000000003,ground_truth,-3.682619,9.149919,2.017039,0.000000,0.000000,0.000000
27.040000000000003,ground_truth,-3.680592,9.150625,2.059144,0.000000,0.000000,0.000000
27.060000000000002,ground_truth,-3.678741,9.150923,2.095270,0.000000,0.000000,0.000000
27.080000000000002,ground_truth,-3.676697,9.151150,2.137060,0.000000,0.000000,0.000000
27.1,ground_truth,-3.675005,9.151266,2.175912,0.000000,0.000000,0.000000
27.12,ground_truth,-3.673226,9.151343,2.218127,0.000000,0.000000,0.000000
27.14,ground_truth,-3.671597,9.151348,2.259907,0.000000,0.000000,0.000000
27.16,ground_truth,-3.670179,9.151453,2.297082,0.000000,0.000000,0.000000
27.180000000000003,ground_truth,-3.668593,9.151579,2.336751,0.000000,0.000000,0.000000
27.200000000000003,ground_truth,-3.667640,9.151716,2.364778,0.000000,0.000000,0.000000
27.220000000000002,ground_truth,-3.666870,9.151870,2.387554,0.000000,0.000000,0.000000
27.240000000000002,ground_truth,-3.665910,9.152067,2.412601,0.000000,0.000000,0.000000
27.26,ground_truth,-3.664871,9.152258,2.441146,0.000000,0.000000,0.000000
27.28,ground_truth,-3.663973,9.152441,2.469699,0.000000,0.000000,0.000000
27.3,ground_truth,-3.663435,9.152625,2.494751,0.000000,0.000000,0.000000
27.32,ground_truth,-3.663039,9.152766,2.517775,0.000000,0.000000,0.000000
27.340000000000003,ground_truth,-3.662594,9.152970,2.541021,0.000000,0.000000,0.000000
27.360000000000003,ground_truth,-3.662564,9.153223,2.559866,0.000000,0.000000,0.000000
27.380000000000003,ground_truth,-3.662392,9.153553,2.581363,0.000000,0.000000,0.000000
27.400000000000002,ground_truth,-3.662402,9.154078,2.599916,0.000000,0.000000,0.000000
27.42,ground_truth,-3.662460,9.154844,2.617183,0.000000,0.000000,0.000000
27.44,ground_truth,-3.662583,9.155869,2.633595,0.000000,0.000000,0.000000
27.46,ground_truth,-3.662491,9.157096,2.653862,0.000000,0.000000,0.000000
27.48,ground_truth,-3.662341,9.158462,2.676882,0.000000,0.000000,0.000000
27.5,ground_truth,-3.661996,9.159651,2.695713,0.000000,0.000000,0.000000
27.520000000000003,ground_truth,-3.661391,9.160220,2.705844,0.000000,0.000000,0.000000
27.540000000000003,ground_truth,-3.661372,9.160620,2.708910,0.000000,0.000000,0.000000
27.560000000000002,ground_truth,-3.661339,9.161077,2.716740,0.000000,0.000000,0.000000
27.580000000000002,ground_truth,-3.661376,9.161785,2.730618,0.000000,0.000000,0.000000
27.6,ground_truth,-3.661649,9.162615,2.746192,0.000000,0.000000,0.000000
27.62,ground_truth,-3.661995,9.163512,2.763750,0.000000,0.000000,0.000000
27.64,ground_truth,-3.662533,9.163644,2.773416,0.000000,0.000000,0.000000
27.66,ground_truth,-3.662883,9.163821,2.785443,0.000000,0.000000,0.000000
27.680000000000003,ground_truth,-3.663400,9.164429,2.803296,0.000000,0.000000,0.000000
27.700000000000003,ground_truth,-3.664477,9.165685,2.825639,0.000000,0.000000,0.000000
27.720000000000002,ground_truth,-3.666221,9.167727,2.851380,0.000000,0.000000,0.000000
27.740000000000002,ground_truth,-3.669605,9.170241,2.875482,0.000000,0.000000,0.000000
27.76,ground_truth,-3.673929,9.173401,2.899948,0.000000,0.000000,0.000000
27.78,ground_truth,-3.679180,9.176888,2.924794,0.000000,0.000000,0.000000
27.8,ground_truth,-3.684941,9.180682,2.951784,0.000000,0.000000,0.000000
27.82,ground_truth,-3.691458,9.184160,2.977500,0.000000,0.000000,0.000000
27.840000000000003,ground_truth,-3.699832,9.186066,2.993566,0.000000,0.000000,0.000000
27.860000000000003,ground_truth,-3.709298,9.187664,3.008511,0.000000,0.000000,0.000000
27.880000000000003,ground_truth,-3.719292,9.188798,3.026121,0.000000,0.000000,0.000000
27.900000000000002,ground_truth,-3.730620,9.189516,3.041712,0.000000,0.000000,0.000000
27.92,ground_truth,-3.742829,9.190279,3.052934,0.000000,0.000000,0.000000
27.94,ground_truth,-3.755328,9.190871,3.064749,0.000000,0.000000,0.000000
27.96,ground_truth,-3.768495,9.191379,3.074822,0.000000,0.000000,0.000000
27.98,ground_truth,-3.782118,9.191908,3.082231,0.000000,0.000000,0.000000
28.0,ground_truth,-3.796160,9.192510,3.088223,0.000000,0.000000,0.000000
28.020000000000003,ground_truth,-3.809763,9.193229,3.095197,0.000000,0.000000,0.000000
28.040000000000003,ground_truth,-3.823842,9.193940,3.101059,0.000000,0.000000,0.000000
28.060000000000002,ground_truth,-3.838552,9.194694,3.106678,0.000000,0.000000,0.000000
28.080000000000002,ground_truth,-3.853117,9.195369,3.109826,0.000000,0.000000,0.000000
28.1,ground_truth,-3.867794,9.195980,3.111877,0.000000,0.000000,0.000000
28.12,ground_truth,-3.882079,9.196628,3.116075,0.000000,0.000000,0.000000
28.14,ground_truth,-3.896927,9.197352,3.121767,0.000000,0.000000,0.000000
28.16,ground_truth,-3.912918,9.198011,3.126324,0.000000,0.000000,0.000000
28.180000000000003,ground_truth,-3.929854,9.198552,3.129149,0.000000,0.000000,0.000000
28.200000000000003,ground_truth,-3.947367,9.199079,3.132407,0.000000,0.000000,0.000000
28.220000000000002,ground_truth,-3.965454,9.199512,3.134669,0.000000,0.000000,0.000000
28.240000000000002,ground_truth,-3.983986,9.199868,3.136272,0.000000,0.000000,0.000000
28.26,ground_truth,-4.002885,9.200132,3.136898,0.000000,0.000000,0.000000
28.28,ground_truth,-4.022023,9.200361,3.137494,0.000000,0.000000,0.000000
28.3,ground_truth,-4.041363,9.200554,3.137964,0.000000,0.000000,0.000000
28.32,ground_truth,-4.060892,9.200703,3.138186,0.000000,0.000000,0.000000
28.340000000000003,ground_truth,-4.080478,9.200832,3.138379,0.000000,0.000000,0.000000
28.360000000000003,ground_truth,-4.100017,9.200949,3.138614,0.000000,0.000000,0.000000
28.380000000000003,ground_truth,-4.119630,9.201052,3.138801,0.000000,0.000000,0.000000
28.400000000000002,ground_truth,-4.139288,9.201147,3.138964,0.000000,0.000000,0.000000
28.42,ground_truth,-4.158355,9.201241,3.139407,0.000000,0.000000,0.000000
28.44,ground_truth,-4.177182,9.201328,3.139900,0.000000,0.000000,0.000000
28.46,ground_truth,-4.195845,9.201402,3.140354,0.000000,0.000000,0.000000
28.48,ground_truth,-4.214692,9.201457,3.140663,0.000000,0.000000,0.000000
28.5,ground_truth,-4.233546,9.201500,3.140817,0.000000,0.000000,0.000000
28.520000000000003,ground_truth,-4.252301,9.201531,3.140870,0.000000,0.000000,0.000000
28.540000000000003,ground_truth,-4.271220,9.201550,3.140692,0.000000,0.000000,0.000000
28.560000000000002,ground_truth,-4.289307,9.201623,3.141330,0.000000,0.000000,0.000000
28.580000000000002,ground_truth,-4.307280,9.201688,-3.141339,0.000000,0.000000,0.000000
28.6,ground_truth,-4.324510,9.201790,-3.140497,0.000000,0.000000,0.000000
28.62,ground_truth,-4.341571,9.201861,-3.139874,0.000000,0.000000,0.000000
28.64,ground_truth,-4.358579,9.201885,-3.139726,0.000000,0.000000,0.000000
28.66,ground_truth,-4.374257,9.201949,-3.139071,0.000000,0.000000,0.000000
28.680000000000003,ground_truth,-4.389314,9.201983,-3.138930,0.000000,0.000000,0.000000
28.700000000000003,ground_truth,-4.403297,9.202016,-3.138639,0.000000,0.000000,0.000000
28.720000000000002,ground_truth,-4.416911,9.202039,-3.138278,0.000000,0.000000,0.000000
28.740000000000002,ground_truth,-4.430544,9.202014,-3.138498,0.000000,0.000000,0.000000
28.76,ground_truth,-4.443068,9.202013,-3.138340,0.000000,0.000000,0.000000
28.78,ground_truth,-4.455362,9.201979,-3.138768,0.000000,0.000000,0.000000
28.8,ground_truth,-4.466028,9.202008,-3.138528,0.000000,0.000000,0.000000
28.82,ground_truth,-4.476655,9.201997,-3.138729,0.000000,0.000000,0.000000
28.840000000000003,ground_truth,-4.486769,9.201981,-3.138780,0.000000,0.000000,0.000000
28.860000000000003,ground_truth,-4.497175,9.201938,-3.139356,0.000000,0.000000,0.000000
28.880000000000003,ground_truth,-4.506821,9.201901,-3.139694,0.000000,0.000000,0.000000
28.900000000000002,ground_truth,-4.515000,9.201925,-3.139343,0.000000,0.000000,0.000000
28.92,ground_truth,-4.523334,9.201914,-3.139686,0.000000,0.000000,0.000000
28.94,ground_truth,-4.530873,9.201920,-3.139478,0.000000,0.000000,0.000000
28.96,ground_truth,-4.537807,9.201927,-3.139306,0.000000,0.000000,0.000000
28.98,ground_truth,-4.544079,9.201950,-3.139324,0.000000,0.000000,0.000000
29.000000000000004,ground_truth,-4.549529,9.201946,-3.139514,0.000000,0.000000,0.000000
29.020000000000003,ground_truth,-4.555489,9.201906,-3.140486,0.000000,0.000000,0.000000
29.040000000000003,ground_truth,-4.561353,9.201885,-3.140932,0.000000,0.000000,0.000000
29.060000000000002,ground_truth,-4.567138,9.201872,-3.141111,0.000000,0.000000,0.000000
29.080000000000002,ground_truth,-4.573292,9.201841,3.141566,0.000000,0.000000,0.000000
29.1,ground_truth,-4.578522,9.201854,-3.141528,0.000000,0.000000,0.000000
29.12,ground_truth,-4.583350,9.201861,-3.141565,0.000000,0.000000,0.000000
29.14,ground_truth,-4.587333,9.201922,-3.141221,0.000000,0.000000,0.000000
29.16,ground_truth,-4.591858,9.201945,-3.141311,0.000000,0.000000,0.000000
29.180000000000003,ground_truth,-4.595977,9.201942,-3.141581,0.000000,0.000000,0.000000
29.200000000000003,ground_truth,-4.600377,9.201942,3.141296,0.000000,0.000000,0.000000
29.220000000000002,ground_truth,-4.604582,9.201963,3.141302,0.000000,0.000000,0.000000
29.240000000000002,ground_truth,-4.608473,9.202007,3.141376,0.000000,0.000000,0.000000
29.26,ground_truth,-4.612362,9.202024,3.141241,0.000000,0.000000,0.000000
29.28,ground_truth,-4.616329,9.202024,3.140923,0.000000,0.000000,0.000000
29.3,ground_truth,-4.620187,9.202033,3.140832,0.000000,0.000000,0.000000
29.32,ground_truth,-4.624081,9.202037,3.140639,0.000000,0.000000,0.000000
29.340000000000003,ground_truth,-4.627124,9.202118,3.140996,0.000000,0.000000,0.000000
29.360000000000003,ground_truth,-4.630358,9.202147,3.140871,0.000000,0.000000,0.000000
29.380000000000003,ground_truth,-4.633317,9.202163,3.140709,0.000000,0.000000,0.000000
29.400000000000002,ground_truth,-4.636339,9.202172,3.140645,0.000000,0.000000,0.000000
29.42,ground_truth,-4.639550,9.202172,3.140420,0.000000,0.000000,0.000000
29.44,ground_truth,-4.642325,9.202224,3.140718,0.000000,0.000000,0.000000
29.46,ground_truth,-4.644764,9.202276,3.140781,0.000000,0.000000,0.000000
29.48,ground_truth,-4.646689,9.202311,3.140776,0.000000,0.000000,0.000000
29.500000000000004,ground_truth,-4.648951,9.202319,3.140638,0.000000,0.000000,0.000000
29.520000000000003,ground_truth,-4.651511,9.202321,3.140441,0.000000,0.000000,0.000000
29.540000000000003,ground_truth,-4.653640,9.202349,3.140564,0.000000,0.000000,0.000000
29.560000000000002,ground_truth,-4.655735,9.202378,3.140654,0.000000,0.000000,0.000000
29.580000000000002,ground_truth,-4.657682,9.202403,3.140564,0.000000,0.000000,0.000000
29.6,ground_truth,-4.659656,9.202425,3.140637,0.000000,0.000000,0.000000
29.62,ground_truth,-4.661409,9.202446,3.140558,0.000000,0.000000,0.000000
29.64,ground_truth,-4.663158,9.202449,3.140470,0.000000,0.000000,0.000000
29.66,ground_truth,-4.665076,9.202460,3.140457,0.000000,0.000000,0.000000
29.680000000000003,ground_truth,-4.666710,9.202495,3.140474,0.000000,0.000000,0.000000
29.700000000000003,ground_truth,-4.668044,9.202552,3.140708,0.000000,0.000000,0.000000
29.720000000000002,ground_truth,-4.669564,9.202566,3.140597,0.000000,0.000000,0.000000
29.740000000000002,ground_truth,-4.671082,9.202568,3.140587,0.000000,0.000000,0.000000
29.76,ground_truth,-4.672691,9.202570,3.140517,0.000000,0.000000,0.000000
29.78,ground_truth,-4.673843,9.202625,3.140779,0.000000,0.000000,0.000000
29.8,ground_truth,-4.675205,9.202634,3.140846,0.000000,0.000000,0.000000
29.82,ground_truth,-4.676271,9.202645,3.140958,0.000000,0.000000,0.000000
29.840000000000003,ground_truth,-4.677515,9.202645,3.140974,0.000000,0.000000,0.000000
29.860000000000003,ground_truth,-4.678808,9.202646,3.140957,0.000000,0.000000,0.000000
29.880000000000003,ground_truth,-4.679762,9.202632,3.140959,0.000000,0.000000,0.000000
29.900000000000002,ground_truth,-4.680965,9.202632,3.140934,0.000000,0.000000,0.000000
29.92,ground_truth,-4.681759,9.202616,3.140899,0.000000,0.000000,0.000000
29.94,ground_truth,-4.682461,9.202606,3.140844,0.000000,0.000000,0.000000
29.96,ground_truth,-4.683167,9.202607,3.140870,0.000000,0.000000,0.000000
29.98,ground_truth,-4.684155,9.202607,3.140836,0.000000,0.000000,0.000000
30.000000000000004,ground_truth,-4.685041,9.202608,3.140837,0.000000,0.000000,0.000000
30.020000000000003,ground_truth,-4.685815,9.202599,3.140802,0.000000,0.000000,0.000000
30.040000000000003,ground_truth,-4.686522,9.202586,3.140728,0.000000,0.000000,0.000000
30.060000000000002,ground_truth,-4.687240,9.202587,3.140740,0.000000,0.000000,0.000000
30.080000000000002,ground_truth,-4.687907,9.202587,3.140741,0.000000,0.000000,0.000000
30.1,ground_truth,-4.688721,9.202588,3.140730,0.000000,0.000000,0.000000
30.12,ground_truth,-4.689282,9.202583,3.140697,0.000000,0.000000,0.000000
30.14,ground_truth,-4.689994,9.202582,3.140677,0.000000,0.000000,0.000000
30.16,ground_truth,-4.690451,9.202579,3.140671,0.000000,0.000000,0.000000
30.180000000000003,ground_truth,-4.691030,9.202579,3.140654,0.000000,0.000000,0.000000
30.200000000000003,ground_truth,-4.691654,9.202579,3.140651,0.000000,0.000000,0.000000
30.220000000000002,ground_truth,-4.692108,9.202580,3.140641,0.000000,0.000000,0.000000
30.240000000000002,ground_truth,-4.692559,9.202579,3.140635,0.000000,0.000000,0.000000
30.26,ground_truth,-4.693115,9.202579,3.140628,0.000000,0.000000,0.000000
30.28,ground_truth,-4.693446,9.202577,3.140613,0.000000,0.000000,0.000000
30.3,ground_truth,-4.693923,9.202578,3.140611,0.000000,0.000000,0.000000
30.32,ground_truth,-4.694390,9.202578,3.140606,0.000000,0.000000,0.000000
30.340000000000003,ground_truth,-4.694743,9.202578,3.140598,0.000000,0.000000,0.000000
30.360000000000003,ground_truth,-4.695083,9.202578,3.140599,0.000000,0.000000,0.000000
30.380000000000003,ground_truth,-4.695461,9.202579,3.140592,0.000000,0.000000,0.000000
30.400000000000002,ground_truth,-4.695820,9.202579,3.140592,0.000000,0.000000,0.000000
30.42,ground_truth,-4.696181,9.202579,3.140588,0.000000,0.000000,0.000000
30.44,ground_truth,-4.696559,9.202580,3.140584,0.000000,0.000000,0.000000
30.46,ground_truth,-4.696827,9.202580,3.140585,0.000000,0.000000,0.000000
30.48,ground_truth,-4.697103,9.202580,3.140581,0.000000,0.000000,0.000000
30.500000000000004,ground_truth,-4.697439,9.202581,3.140581,0.000000,0.000000,0.000000
30.520000000000003,ground_truth,-4.697719,9.202581,3.140580,0.000000,0.000000,0.000000
30.540000000000003,ground_truth,-4.698038,9.202581,3.140577,0.000000,0.000000,0.000000
30.560000000000002,ground_truth,-4.698253,9.202581,3.140578,0.000000,0.000000,0.000000
30.580000000000002,ground_truth,-4.698470,9.202582,3.140576,0.000000,0.000000,0.000000
30.6,ground_truth,-4.698747,9.202582,3.140576,0.000000,0.000000,0.000000
30.62,ground_truth,-4.699002,9.202582,3.140575,0.000000,0.000000,0.000000
30.64,ground_truth,-4.699265,9.202582,3.140576,0.000000,0.000000,0.000000
30.66,ground_truth,-4.699453,9.202583,3.140576,0.000000,0.000000,0.000000
30.680000000000003,ground_truth,-4.699674,9.202583,3.140575,0.000000,0.000000,0.000000
30.700000000000003,ground_truth,-4.699861,9.202583,3.140576,0.000000,0.000000,0.000000
30.720000000000002,ground_truth,-4.700006,9.202583,3.140576,0.000000,0.000000,0.000000
30.740000000000002,ground_truth,-4.700212,9.202583,3.140576,0.000000,0.000000,0.000000
30.76,ground_truth,-4.700396,9.202587,3.140677,0.000000,0.000000,0.000000
30.78,ground_truth,-4.700644,9.203045,-3.133711,0.000000,0.000000,0.000000
30.8,ground_truth,-4.701106,9.204219,-3.112243,0.000000,0.000000,0.000000
30.82,ground_truth,-4.701430,9.205781,-3.078560,0.000000,0.000000,0.000000
30.840000000000003,ground_truth,-4.701607,9.207408,-3.035151,0.000000,0.000000,0.000000
30.860000000000003,ground_truth,-4.701749,9.208950,-2.984687,0.000000,0.000000,0.000000
30.880000000000003,ground_truth,-4.701905,9.210382,-2.929121,0.000000,0.000000,0.000000
30.900000000000002,ground_truth,-4.702218,9.211627,-2.875783,0.000000,0.000000,0.000000
30.92,ground_truth,-4.702561,9.212901,-2.818834,0.000000,0.000000,0.000000
30.94,ground_truth,-4.703219,9.213790,-2.775356,0.000000,0.000000,0.000000
30.96,ground_truth,-4.704379,9.214997,-2.725019,0.000000,0.000000,0.000000
30.98,ground_truth,-4.706048,9.216480,-2.669880,0.000000,0.000000,0.000000
31.000000000000004,ground_truth,-4.707981,9.218244,-2.610172,0.000000,0.000000,0.000000
31.020000000000003,ground_truth,-4.709834,9.220255,-2.547287,0.000000,0.000000,0.000000
31.040000000000003,ground_truth,-4.711718,9.221903,-2.491265,0.000000,0.000000,0.000000
31.060000000000002,ground_truth,-4.713631,9.223365,-2.435947,0.000000,0.000000,0.000000
31.080000000000002,ground_truth,-4.715332,9.224443,-2.389204,0.000000,0.000000,0.000000
31.1,ground_truth,-4.717190,9.225307,-2.341054,0.000000,0.000000,0.000000
31.12,ground_truth,-4.719189,9.225843,-2.292306,0.000000,0.000000,0.000000
31.14,ground_truth,-4.721281,9.225906,-2.250462,0.000000,0.000000,0.000000
31.160000000000004,ground_truth,-4.723405,9.225886,-2.212062,0.000000,0.000000,0.000000
31.180000000000003,ground_truth,-4.725346,9.225919,-2.174086,0.000000,0.000000,0.000000
31.200000000000003,ground_truth,-4.727318,9.226212,-2.131958,0.000000,0.000000,0.000000
31.220000000000002,ground_truth,-4.729240,9.226652,-2.087669,0.000000,0.000000,0.000000
31.240000000000002,ground_truth,-4.731045,9.227126,-2.043988,0.000000,0.000000,0.000000
31.26,ground_truth,-4.732677,9.227572,-2.001972,0.000000,0.000000,0.000000
31.28,ground_truth,-4.733811,9.227661,-1.970166,0.000000,0.000000,0.000000
31.3,ground_truth,-4.734799,9.227752,-1.940419,0.000000,0.000000,0.000000
31.32,ground_truth,-4.735261,9.227535,-1.921671,0.000000,0.000000,0.000000
31.340000000000003,ground_truth,-4.735921,9.227564,-1.895859,0.000000,0.000000,0.000000
31.360000000000003,ground_truth,-4.736744,9.227833,-1.865752,0.000000,0.000000,0.000000
31.380000000000003,ground_truth,-4.737283,9.228658,-1.845648,0.000000,0.000000,0.000000
31.400000000000002,ground_truth,-4.737996,9.229588,-1.821592,0.000000,0.000000,0.000000
31.42,ground_truth,-4.738790,9.230455,-1.801362,0.000000,0.000000,0.000000
31.44,ground_truth,-4.739830,9.231096,-1.776914,0.000000,0.000000,0.000000
31.46,ground_truth,-4.740978,9.231603,-1.748657,0.000000,0.000000,0.000000
31.48,ground_truth,-4.741952,9.232223,-1.720954,0.000000,0.000000,0.000000
31.500000000000004,ground_truth,-4.742864,9.233362,-1.693357,0.000000,0.000000,0.000000
31.520000000000003,ground_truth,-4.743762,9.234882,-1.669439,0.000000,0.000000,0.000000
31.540000000000003,ground_truth,-4.744332,9.236188,-1.648057,0.000000,0.000000,0.000000
31.560000000000002,ground_truth,-4.744919,9.236831,-1.628740,0.000000,0.000000,0.000000
31.580000000000002,ground_truth,-4.745418,9.238150,-1.611232,0.000000,0.000000,0.000000
31.6,ground_truth,-4.745976,9.239606,-1.590643,0.000000,0.000000,0.000000
31.62,ground_truth,-4.746360,9.241310,-1.573377,0.000000,0.000000,0.000000
31.64,ground_truth,-4.746538,9.242715,-1.558052,0.000000,0.000000,0.000000
31.660000000000004,ground_truth,-4.746782,9.243786,-1.544014,0.000000,0.000000,0.000000
31.680000000000003,ground_truth,-4.746970,9.243978,-1.531667,0.000000,0.000000,0.000000
31.700000000000003,ground_truth,-4.747423,9.244310,-1.515740,0.000000,0.000000,0.000000
31.720000000000002,ground_truth,-4.747637,9.245392,-1.505948,0.000000,0.000000,0.000000
31.740000000000002,ground_truth,-4.747739,9.246257,-1.496039,0.000000,0.000000,0.000000
31.76,ground_truth,-4.747669,9.246361,-1.489237,0.000000,0.000000,0.000000
31.78,ground_truth,-4.747973,9.246238,-1.475190,0.000000,0.000000,0.000000
31.8,ground_truth,-4.748459,9.245202,-1.454841,0.000000,0.000000,0.000000
31.82,ground_truth,-4.749402,9.242890,-1.434558,0.000000,0.000000,0.000000
31.840000000000003,ground_truth,-4.749567,9.239533,-1.412295,0.000000,0.000000,0.000000
31.860000000000003,ground_truth,-4.748540,9.234675,-1.393189,0.000000,0.000000,0.000000
31.880000000000003,ground_truth,-4.746200,9.228916,-1.377476,0.000000,0.000000,0.000000
31.900000000000002,ground_truth,-4.744006,9.221908,-1.360713,0.000000,0.000000,0.000000
31.92,ground_truth,-4.741765,9.213369,-1.344998,0.000000,0.000000,0.000000
31.94,ground_truth,-4.739518,9.203774,-1.327891,0.000000,0.000000,0.000000
31.96,ground_truth,-4.737184,9.193312,-1.309851,0.000000,0.000000,0.000000
31.98,ground_truth,-4.734656,9.181808,-1.293675,0.000000,0.000000,0.000000
32.0,ground_truth,-4.731671,9.169324,-1.279801,0.000000,0.000000,0.000000
32.02,ground_truth,-4.728306,9.156135,-1.266929,0.000000,0.000000,0.000000
32.04,ground_truth,-4.724591,9.142431,-1.253800,0.000000,0.000000,0.000000
32.06,ground_truth,-4.720592,9.128512,-1.241866,0.000000,0.000000,0.000000
32.080000000000005,ground_truth,-4.716689,9.114767,-1.230859,0.000000,0.000000,0.000000
32.1,ground_truth,-4.713702,9.101415,-1.217396,0.000000,0.000000,0.000000
32.120000000000005,ground_truth,-4.710270,9.087790,-1.205775,0.000000,0.000000,0.000000
32.14,ground_truth,-4.706179,9.073782,-1.195769,0.000000,0.000000,0.000000
32.160000000000004,ground_truth,-4.701732,9.059639,-1.187639,0.000000,0.000000,0.000000
32.18,ground_truth,-4.697233,9.045775,-1.181591,0.000000,0.000000,0.000000
32.2,ground_truth,-4.692843,9.032758,-1.180002,0.000000,0.000000,0.000000
32.22,ground_truth,-4.687883,9.019235,-1.181692,0.000000,0.000000,0.000000
32.24,ground_truth,-4.682406,9.004729,-1.183356,0.000000,0.000000,0.000000
32.260000000000005,ground_truth,-4.676536,8.989431,-1.184688,0.000000,0.000000,0.000000
32.28,ground_truth,-4.670357,8.973499,-1.185656,0.000000,0.000000,0.000000
32.300000000000004,ground_truth,-4.663963,8.957072,-1.185807,0.000000,0.000000,0.000000
32.32,ground_truth,-4.657352,8.940231,-1.185908,0.000000,0.000000,0.000000
32.34,ground_truth,-4.650582,8.923061,-1.185681,0.000000,0.000000,0.000000
32.36,ground_truth,-4.643674,8.905624,-1.185286,0.000000,0.000000,0.000000
32.38,ground_truth,-4.636653,8.887973,-1.184758,0.000000,0.000000,0.000000
32.4,ground_truth,-4.629525,8.870111,-1.183945,0.000000,0.000000,0.000000
32.42,ground_truth,-4.622344,8.852193,-1.183055,0.000000,0.000000,0.000000
32.440000000000005,ground_truth,-4.615115,8.834234,-1.182246,0.000000,0.000000,0.000000
32.46,ground_truth,-4.607821,8.816175,-1.181441,0.000000,0.000000,0.000000
32.480000000000004,ground_truth,-4.600485,8.798078,-1.180708,0.000000,0.000000,0.000000
32.5,ground_truth,-4.593241,8.780300,-1.180340,0.000000,0.000000,0.000000
32.52,ground_truth,-4.585972,8.762485,-1.179897,0.000000,0.000000,0.000000
32.54,ground_truth,-4.578778,8.744936,-1.179893,0.000000,0.000000,0.000000
32.56,ground_truth,-4.571509,8.727226,-1.179854,0.000000,0.000000,0.000000
32.580000000000005,ground_truth,-4.564190,8.709401,-1.179739,0.000000,0.000000,0.000000
32.6,ground_truth,-4.556842,8.691507,-1.179559,0.000000,0.000000,0.000000
32.620000000000005,ground_truth,-4.549940,8.674608,-1.178906,0.000000,0.000000,0.000000
32.64,ground_truth,-4.543750,8.659312,-1.177881,0.000000,0.000000,0.000000
32.660000000000004,ground_truth,-4.537811,8.644676,-1.177063,0.000000,0.000000,0.000000
32.68,ground_truth,-4.532119,8.630667,-1.176515,0.000000,0.000000,0.000000
32.7,ground_truth,-4.526309,8.616507,-1.176416,0.000000,0.000000,0.000000
32.72,ground_truth,-4.520392,8.602125,-1.176317,0.000000,0.000000,0.000000
32.74,ground_truth,-4.514615,8.588130,-1.176429,0.000000,0.000000,0.000000
32.760000000000005,ground_truth,-4.508936,8.574435,-1.176850,0.000000,0.000000,0.000000
32.78,ground_truth,-4.503440,8.561324,-1.178141,0.000000,0.000000,0.000000
32.800000000000004,ground_truth,-4.497804,8.548333,-1.189127,0.000000,0.000000,0.000000
32.82,ground_truth,-4.491985,8.534359,-1.198622,0.000000,0.000000,0.000000
32.84,ground_truth,-4.486099,8.519500,-1.204070,0.000000,0.000000,0.000000
32.86,ground_truth,-4.480021,8.503933,-1.208676,0.000000,0.000000,0.000000
32.88,ground_truth,-4.473873,8.487824,-1.211263,0.000000,0.000000,0.000000
32.9,ground_truth,-4.467570,8.471233,-1.213772,0.000000,0.000000,0.000000
32.92,ground_truth,-4.461194,8.454228,-1.215097,0.000000,0.000000,0.000000
32.940000000000005,ground_truth,-4.454759,8.436890,-1.215350,0.000000,0.000000,0.000000
32.96,ground_truth,-4.448240,8.419277,-1.215224,0.000000,0.000000,0.000000
32.980000000000004,ground_truth,-4.441637,8.401439,-1.215035,0.000000,0.000000,0.000000
33.0,ground_truth,-4.434993,8.383482,-1.214672,0.000000,0.000000,0.000000
33.02,ground_truth,-4.428350,8.365541,-1.214237,0.000000,0.000000,0.000000
33.04,ground_truth,-4.421625,8.347402,-1.213756,0.000000,0.000000,0.000000
33.06,ground_truth,-4.414850,8.329157,-1.213343,0.000000,0.000000,0.000000
33.080000000000005,ground_truth,-4.408242,8.311328,-1.212536,0.000000,0.000000,0.000000
33.1,ground_truth,-4.401687,8.293664,-1.211739,0.000000,0.000000,0.000000
33.120000000000005,ground_truth,-4.395225,8.276330,-1.211128,0.000000,0.000000,0.000000
33.14,ground_truth,-4.388653,8.258783,-1.210881,0.000000,0.000000,0.000000
33.160000000000004,ground_truth,-4.382049,8.241184,-1.210749,0.000000,0.000000,0.000000
33.18,ground_truth,-4.375657,8.224132,-1.210553,0.000000,0.000000,0.000000
33.2,ground_truth,-4.369237,8.207019,-1.210343,0.000000,0.000000,0.000000
33.22,ground_truth,-4.363064,8.190511,-1.209962,0.000000,0.000000,0.000000
33.24,ground_truth,-4.356845,8.173918,-1.209644,0.000000,0.000000,0.000000
33.260000000000005,ground_truth,-4.350733,8.157634,-1.209300,0.000000,0.000000,0.000000
33.28,ground_truth,-4.344917,8.142104,-1.208965,0.000000,0.000000,0.000000
33.300000000000004,ground_truth,-4.339068,8.126525,-1.208723,0.000000,0.000000,0.000000
33.32,ground_truth,-4.333449,8.111605,-1.209323,0.000000,0.000000,0.000000
33.34,ground_truth,-4.327766,8.096730,-1.212526,0.000000,0.000000,0.000000
33.36,ground_truth,-4.321822,8.081128,-1.215943,0.000000,0.000000,0.000000
33.38,ground_truth,-4.315692,8.064911,-1.219214,0.000000,0.000000,0.000000
33.4,ground_truth,-4.309417,8.048203,-1.222509,0.000000,0.000000,0.000000
33.42,ground_truth,-4.303081,8.031103,-1.224999,0.000000,0.000000,0.000000
33.440000000000005,ground_truth,-4.296677,8.013679,-1.227265,0.000000,0.000000,0.000000
33.46,ground_truth,-4.290258,7.995999,-1.228642,0.000000,0.000000,0.000000
33.480000000000004,ground_truth,-4.283799,7.978099,-1.229758,0.000000,0.000000,0.000000
33.5,ground_truth,-4.277310,7.960013,-1.230560,0.000000,0.000000,0.000000
33.52,ground_truth,-4.270815,7.941806,-1.230979,0.000000,0.000000,0.000000
33.54,ground_truth,-4.264337,7.923567,-1.231067,0.000000,0.000000,0.000000
33.56,ground_truth,-4.257910,7.905410,-1.230837,0.000000,0.000000,0.000000
33.580000000000005,ground_truth,-4.251436,7.887093,-1.230442,0.000000,0.000000,0.000000
33.6,ground_truth,-4.244934,7.868686,-1.229921,0.000000,0.000000,0.000000
33.620000000000005,ground_truth,-4.238601,7.850819,-1.229865,0.000000,0.000000,0.000000
33.64,ground_truth,-4.232295,7.833004,-1.229660,0.000000,0.000000,0.000000
33.660000000000004,ground_truth,-4.226047,7.815391,-1.229666,0.000000,0.000000,0.000000
33.68,ground_truth,-4.219941,7.798016,-1.229005,0.000000,0.000000,0.000000
33.7,ground_truth,-4.213999,7.780985,-1.227940,0.000000,0.000000,0.000000
33.72,ground_truth,-4.207965,7.763833,-1.227316,0.000000,0.000000,0.000000
33.74,ground_truth,-4.201859,7.746565,-1.226904,0.000000,0.000000,0.000000
33.760000000000005,ground_truth,-4.195970,7.729951,-1.226756,0.000000,0.000000,0.000000
33.78,ground_truth,-4.190232,7.713719,-1.226621,0.000000,0.000000,0.000000
33.800000000000004,ground_truth,-4.184664,7.697935,-1.226919,0.000000,0.000000,0.000000
33.82,ground_truth,-4.179188,7.682369,-1.226707,0.000000,0.000000,0.000000
33.84,ground_truth,-4.173832,7.667043,-1.225942,0.000000,0.000000,0.000000
33.86,ground_truth,-4.168969,7.652810,-1.224343,0.000000,0.000000,0.000000
33.88,ground_truth,-4.163789,7.638379,-1.226994,0.000000,0.000000,0.000000
33.9,ground_truth,-4.158310,7.623281,-1.231035,0.000000,0.000000,0.000000
33.92,ground_truth,-4.152645,7.607441,-1.234133,0.000000,0.000000,0.000000
33.940000000000005,ground_truth,-4.146850,7.591005,-1.236146,0.000000,0.000000,0.000000
33.96,ground_truth,-4.140996,7.574121,-1.236504,0.000000,0.000000,0.000000
33.980000000000004,ground_truth,-4.134987,7.556841,-1.237161,0.000000,0.000000,0.000000
34.0,ground_truth,-4.128879,7.539251,-1.237764,0.000000,0.000000,0.000000
34.02,ground_truth,-4.122714,7.521408,-1.237824,0.000000,0.000000,0.000000
34.04,ground_truth,-4.116480,7.503356,-1.237800,0.000000,0.000000,0.000000
34.06,ground_truth,-4.110196,7.485137,-1.237576,0.000000,0.000000,0.000000
34.080000000000005,ground_truth,-4.103867,7.466784,-1.237241,0.000000,0.000000,0.000000
34.1,ground_truth,-4.097556,7.448488,-1.236802,0.000000,0.000000,0.000000
34.120000000000005,ground_truth,-4.091213,7.430116,-1.236329,0.000000,0.000000,0.000000
34.14,ground_truth,-4.084943,7.411978,-1.235872,0.000000,0.000000,0.000000
34.160000000000004,ground_truth,-4.078779,7.394183,-1.235437,0.000000,0.000000,0.000000
34.18,ground_truth,-4.072527,7.376174,-1.235093,0.000000,0.000000,0.000000
34.2,ground_truth,-4.066400,7.358629,-1.235423,0.000000,0.000000,0.000000
34.22,ground_truth,-4.060192,7.340871,-1.235913,0.000000,0.000000,0.000000
34.24,ground_truth,-4.054128,7.323406,-1.235668,0.000000,0.000000,0.000000
34.260000000000005,ground_truth,-4.048019,7.305817,-1.235402,0.000000,0.000000,0.000000
34.28,ground_truth,-4.041910,7.288233,-1.235069,0.000000,0.000000,0.000000
34.300000000000004,ground_truth,-4.035973,7.271108,-1.234610,0.000000,0.000000,0.000000
34.32,ground_truth,-4.030126,7.254176,-1.233935,0.000000,0.000000,0.000000
34.34,ground_truth,-4.024591,7.237916,-1.233209,0.000000,0.000000,0.000000
34.36,ground_truth,-4.019180,7.222014,-1.232196,0.000000,0.000000,0.000000
34.38,ground_truth,-4.014042,7.206934,-1.231754,0.000000,0.000000,0.000000
34.400000000000006,ground_truth,-4.009042,7.192388,-1.231546,0.000000,0.000000,0.000000
34.42,ground_truth,-4.003776,7.177443,-1.233290,0.000000,0.000000,0.000000
34.440000000000005,ground_truth,-3.998232,7.161722,-1.235236,0.000000,0.000000,0.000000
34.46,ground_truth,-3.992495,7.145377,-1.236948,0.000000,0.000000,0.000000
34.480000000000004,ground_truth,-3.986607,7.128529,-1.238466,0.000000,0.000000,0.000000
34.5,ground_truth,-3.980596,7.111275,-1.239926,0.000000,0.000000,0.000000
34.52,ground_truth,-3.974504,7.093693,-1.241092,0.000000,0.000000,0.000000
34.54,ground_truth,-3.968362,7.075853,-1.241789,0.000000,0.000000,0.000000
34.56,ground_truth,-3.962166,7.057799,-1.242301,0.000000,0.000000,0.000000
34.580000000000005,ground_truth,-3.955939,7.039576,-1.242453,0.000000,0.000000,0.000000
34.6,ground_truth,-3.949680,7.021214,-1.242373,0.000000,0.000000,0.000000
34.620000000000005,ground_truth,-3.943395,7.002743,-1.242082,0.000000,0.000000,0.000000
34.64,ground_truth,-3.937147,6.984363,-1.241590,0.000000,0.000000,0.000000
34.660000000000004,ground_truth,-3.930885,6.965957,-1.241073,0.000000,0.000000,0.000000
34.68,ground_truth,-3.924749,6.947920,-1.240408,0.000000,0.000000,0.000000
34.7,ground_truth,-3.918649,6.930019,-1.239799,0.000000,0.000000,0.000000
34.72,ground_truth,-3.912608,6.912315,-1.239098,0.000000,0.000000,0.000000
34.74,ground_truth,-3.906472,6.894386,-1.238467,0.000000,0.000000,0.000000
34.760000000000005,ground_truth,-3.900278,6.876331,-1.237918,0.000000,0.000000,0.000000
34.78,ground_truth,-3.894103,6.858428,-1.237893,0.000000,0.000000,0.000000
34.800000000000004,ground_truth,-3.888012,6.840784,-1.238008,0.000000,0.000000,0.000000
34.82,ground_truth,-3.881984,6.823315,-1.238237,0.000000,0.000000,0.000000
34.84,ground_truth,-3.875942,6.805831,-1.238577,0.000000,0.000000,0.000000
34.86,ground_truth,-3.869934,6.788408,-1.238658,0.000000,0.000000,0.000000
34.88,ground_truth,-3.864346,6.771998,-1.237913,0.000000,0.000000,0.000000
34.900000000000006,ground_truth,-3.858917,6.756010,-1.237110,0.000000,0.000000,0.000000
34.92,ground_truth,-3.853967,6.741335,-1.236578,0.000000,0.000000,0.000000
34.940000000000005,ground_truth,-3.848991,6.726708,-1.236499,0.000000,0.000000,0.000000
34.96,ground_truth,-3.843982,6.712451,-1.238703,0.000000,0.000000,0.000000
34.980000000000004,ground_truth,-3.839084,6.698933,-1.250385,0.000000,0.000000,0.000000
35.0,ground_truth,-3.834918,6.686269,-1.267823,0.000000,0.000000,0.000000
35.02,ground_truth,-3.831026,6.673931,-1.284949,0.000000,0.000000,0.000000
35.04,ground_truth,-3.827519,6.662539,-1.304363,0.000000,0.000000,0.000000
35.06,ground_truth,-3.824025,6.650476,-1.319066,0.000000,0.000000,0.000000
35.080000000000005,ground_truth,-3.820468,6.637739,-1.330838,0.000000,0.000000,0.000000
35.1,ground_truth,-3.817072,6.624993,-1.343212,0.000000,0.000000,0.000000
35.120000000000005,ground_truth,-3.813830,6.611764,-1.353271,0.000000,0.000000,0.000000
35.14,ground_truth,-3.810341,6.597912,-1.365706,0.000000,0.000000,0.000000
35.160000000000004,ground_truth,-3.806896,6.583569,-1.376012,0.000000,0.000000,0.000000
35.18,ground_truth,-3.803444,6.568282,-1.384113,0.000000,0.000000,0.000000
35.2,ground_truth,-3.799941,6.552005,-1.390712,0.000000,0.000000,0.000000
35.22,ground_truth,-3.796535,6.535105,-1.394161,0.000000,0.000000,0.000000
35.24,ground_truth,-3.793082,6.517751,-1.397953,0.000000,0.000000,0.000000
35.260000000000005,ground_truth,-3.789661,6.500045,-1.401023,0.000000,0.000000,0.000000
35.28,ground_truth,-3.786238,6.481896,-1.403700,0.000000,0.000000,0.000000
35.300000000000004,ground_truth,-3.782864,6.463368,-1.405261,0.000000,0.000000,0.000000
35.32,ground_truth,-3.779530,6.444962,-1.407304,0.000000,0.000000,0.000000
35.34,ground_truth,-3.776249,6.426479,-1.409128,0.000000,0.000000,0.000000
35.36,ground_truth,-3.773104,6.408458,-1.410614,0.000000,0.000000,0.000000
35.38,ground_truth,-3.769988,6.390292,-1.411861,0.000000,0.000000,0.000000
35.400000000000006,ground_truth,-3.766981,6.372624,-1.412791,0.000000,0.000000,0.000000
35.42,ground_truth,-3.763995,6.354882,-1.413528,0.000000,0.000000,0.000000
35.440000000000005,ground_truth,-3.760986,6.336901,-1.414754,0.000000,0.000000,0.000000
35.46,ground_truth,-3.758173,6.319758,-1.415633,0.000000,0.000000,0.000000
35.480000000000004,ground_truth,-3.755440,6.303055,-1.416652,0.000000,0.000000,0.000000
35.5,ground_truth,-3.752956,6.287445,-1.416617,0.000000,0.000000,0.000000
35.52,ground_truth,-3.750522,6.271938,-1.416153,0.000000,0.000000,0.000000
35.54,ground_truth,-3.748376,6.257220,-1.417688,0.000000,0.000000,0.000000
35.56,ground_truth,-3.746162,6.241968,-1.421320,0.000000,0.000000,0.000000
35.580000000000005,ground_truth,-3.743750,6.225931,-1.425349,0.000000,0.000000,0.000000
35.6,ground_truth,-3.741264,6.209099,-1.428224,0.000000,0.000000,0.000000
35.620000000000005,ground_truth,-3.738684,6.191641,-1.430786,0.000000,0.000000,0.000000
35.64,ground_truth,-3.736097,6.173717,-1.432337,0.000000,0.000000,0.000000
35.660000000000004,ground_truth,-3.733466,6.155470,-1.433993,0.000000,0.000000,0.000000
35.68,ground_truth,-3.730761,6.136928,-1.436354,0.000000,0.000000,0.000000
35.7,ground_truth,-3.728099,6.118147,-1.438328,0.000000,0.000000,0.000000
35.72,ground_truth,-3.725486,6.099147,-1.439974,0.000000,0.000000,0.000000
35.74,ground_truth,-3.722913,6.079976,-1.441202,0.000000,0.000000,0.000000
35.760000000000005,ground_truth,-3.720390,6.060750,-1.441806,0.000000,0.000000,0.000000
35.78,ground_truth,-3.717870,6.041401,-1.442314,0.000000,0.000000,0.000000
35.800000000000004,ground_truth,-3.715388,6.022209,-1.442534,0.000000,0.000000,0.000000
35.82,ground_truth,-3.712917,6.003089,-1.442756,0.000000,0.000000,0.000000
35.84,ground_truth,-3.710525,5.984334,-1.442303,0.000000,0.000000,0.000000
35.86,ground_truth,-3.708127,5.965607,-1.441868,0.000000,0.000000,0.000000
35.88,ground_truth,-3.705695,5.946731,-1.441663,0.000000,0.000000,0.000000
35.900000000000006,ground_truth,-3.703351,5.928427,-1.441088,0.000000,0.000000,0.000000
35.92,ground_truth,-3.700991,5.910089,-1.440674,0.000000,0.000000,0.000000
35.940000000000005,ground_truth,-3.698701,5.892164,-1.440054,0.000000,0.000000,0.000000
35.96,ground_truth,-3.696331,5.873914,-1.439943,0.000000,0.000000,0.000000
35.980000000000004,ground_truth,-3.693982,5.855840,-1.439739,0.000000,0.000000,0.000000
36.0,ground_truth,-3.691738,5.838469,-1.439381,0.000000,0.000000,0.000000
36.02,ground_truth,-3.689470,5.820865,-1.438864,0.000000,0.000000,0.000000
36.04,ground_truth,-3.687444,5.804350,-1.437201,0.000000,0.000000,0.000000
36.06,ground_truth,-3.685411,5.787894,-1.436166,0.000000,0.000000,0.000000
36.080000000000005,ground_truth,-3.683745,5.773621,-1.434569,0.000000,0.000000,0.000000
36.1,ground_truth,-3.681993,5.759417,-1.434688,0.000000,0.000000,0.000000
36.120000000000005,ground_truth,-3.680123,5.745334,-1.437040,0.000000,0.000000,0.000000
36.14,ground_truth,-3.678198,5.730706,-1.439165,0.000000,0.000000,0.000000
36.160000000000004,ground_truth,-3.676214,5.715529,-1.441094,0.000000,0.000000,0.000000
36.18,ground_truth,-3.674187,5.699865,-1.442648,0.000000,0.000000,0.000000
36.2,ground_truth,-3.672110,5.683762,-1.444167,0.000000,0.000000,0.000000
36.22,ground_truth,-3.669996,5.667263,-1.445502,0.000000,0.000000,0.000000
36.24,ground_truth,-3.667860,5.650414,-1.446494,0.000000,0.000000,0.000000
36.260000000000005,ground_truth,-3.665691,5.633249,-1.447429,0.000000,0.000000,0.000000
36.28,ground_truth,-3.663499,5.615801,-1.448236,0.000000,0.000000,0.000000
36.300000000000004,ground_truth,-3.661283,5.598069,-1.448939,0.000000,0.000000,0.000000
36.32,ground_truth,-3.659033,5.579938,-1.449490,0.000000,0.000000,0.000000
36.34,ground_truth,-3.656767,5.561535,-1.449862,0.000000,0.000000,0.000000
36.36,ground_truth,-3.654476,5.542884,-1.450231,0.000000,0.000000,0.000000
36.38,ground_truth,-3.652197,5.524242,-1.450524,0.000000,0.000000,0.000000
36.400000000000006,ground_truth,-3.649913,5.505545,-1.450881,0.000000,0.000000,0.000000
36.42,ground_truth,-3.647681,5.487224,-1.451260,0.000000,0.000000,0.000000
36.440000000000005,ground_truth,-3.645427,5.468612,-1.451481,0.000000,0.000000,0.000000
36.46,ground_truth,-3.643162,5.449858,-1.451656,0.000000,0.000000,0.000000
36.480000000000004,ground_truth,-3.640964,5.431694,-1.451979,0.000000,0.000000,0.000000
36.5,ground_truth,-3.638783,5.413634,-1.452264,0.000000,0.000000,0.000000
36.52,ground_truth,-3.636645,5.396067,-1.452761,0.000000,0.000000,0.000000
36.54,ground_truth,-3.634529,5.378514,-1.453011,0.000000,0.000000,0.000000
36.56,ground_truth,-3.632397,5.360737,-1.453191,0.000000,0.000000,0.000000
36.580000000000005,ground_truth,-3.630376,5.343464,-1.452926,0.000000,0.000000,0.000000
36.6,ground_truth,-3.628319,5.325885,-1.452536,0.000000,0.000000,0.000000
36.620000000000005,ground_truth,-3.626337,5.308959,-1.452478,0.000000,0.000000,0.000000
36.64,ground_truth,-3.624361,5.292111,-1.452365,0.000000,0.000000,0.000000
36.660000000000004,ground_truth,-3.622487,5.276329,-1.452754,0.000000,0.000000,0.000000
36.68,ground_truth,-3.620832,5.262171,-1.452552,0.000000,0.000000,0.000000
36.7,ground_truth,-3.619038,5.247462,-1.453363,0.000000,0.000000,0.000000
36.72,ground_truth,-3.617217,5.232193,-1.453532,0.000000,0.000000,0.000000
36.74,ground_truth,-3.615334,5.216251,-1.453405,0.000000,0.000000,0.000000
36.760000000000005,ground_truth,-3.613397,5.199730,-1.453049,0.000000,0.000000,0.000000
36.78,ground_truth,-3.611406,5.182730,-1.452704,0.000000,0.000000,0.000000
36.800000000000004,ground_truth,-3.609340,5.165274,-1.452610,0.000000,0.000000,0.000000
36.82,ground_truth,-3.607156,5.147282,-1.453457,0.000000,0.000000,0.000000
36.84,ground_truth,-3.604874,5.128809,-1.455117,0.000000,0.000000,0.000000
36.86,ground_truth,-3.602580,5.110050,-1.456677,0.000000,0.000000,0.000000
36.88,ground_truth,-3.600293,5.091074,-1.457972,0.000000,0.000000,0.000000
36.900000000000006,ground_truth,-3.598001,5.071904,-1.459273,0.000000,0.000000,0.000000
36.92,ground_truth,-3.595774,5.052807,-1.459964,0.000000,0.000000,0.000000
36.940000000000005,ground_truth,-3.593610,5.033909,-1.460171,0.000000,0.000000,0.000000
36.96,ground_truth,-3.591512,5.015271,-1.459842,0.000000,0.000000,0.000000
36.980000000000004,ground_truth,-3.589371,4.996386,-1.459936,0.000000,0.000000,0.000000
37.0,ground_truth,-3.587211,4.977304,-1.460153,0.000000,0.000000,0.000000
37.02,ground_truth,-3.585107,4.958480,-1.459966,0.000000,0.000000,0.000000
37.04,ground_truth,-3.583102,4.940294,-1.459254,0.000000,0.000000,0.000000
37.06,ground_truth,-3.581181,4.922565,-1.458242,0.000000,0.000000,0.000000
37.080000000000005,ground_truth,-3.579197,4.904613,-1.457815,0.000000,0.000000,0.000000
37.1,ground_truth,-3.577178,4.886587,-1.457730,0.000000,0.000000,0.000000
37.120000000000005,ground_truth,-3.575217,4.869188,-1.457999,0.000000,0.000000,0.000000
37.14,ground_truth,-3.573241,4.852012,-1.458805,0.000000,0.000000,0.000000
37.160000000000004,ground_truth,-3.571592,4.836437,-1.457485,0.000000,0.000000,0.000000
37.18,ground_truth,-3.570007,4.821293,-1.456493,0.000000,0.000000,0.000000
37.2,ground_truth,-3.568478,4.806980,-1.455875,0.000000,0.000000,0.000000
37.22,ground_truth,-3.566726,4.791522,-1.456481,0.000000,0.000000,0.000000
37.24,ground_truth,-3.564848,4.775179,-1.457499,0.000000,0.000000,0.000000
37.260000000000005,ground_truth,-3.562887,4.758161,-1.458668,0.000000,0.000000,0.000000
37.28,ground_truth,-3.560836,4.740690,-1.460416,0.000000,0.000000,0.000000
37.300000000000004,ground_truth,-3.558748,4.722890,-1.462082,0.000000,0.000000,0.000000
37.32,ground_truth,-3.556649,4.704752,-1.463504,0.000000,0.000000,0.000000
37.34,ground_truth,-3.554569,4.686278,-1.464376,0.000000,0.000000,0.000000
37.36,ground_truth,-3.552516,4.667541,-1.464519,0.000000,0.000000,0.000000
37.38,ground_truth,-3.550464,4.648582,-1.464358,0.000000,0.000000,0.000000
37.400000000000006,ground_truth,-3.548394,4.629424,-1.464239,0.000000,0.000000,0.000000
37.42,ground_truth,-3.546317,4.610170,-1.464143,0.000000,0.000000,0.000000
37.440000000000005,ground_truth,-3.544247,4.590898,-1.463964,0.000000,0.000000,0.000000
37.46,ground_truth,-3.542171,4.571510,-1.463631,0.000000,0.000000,0.000000
37.480000000000004,ground_truth,-3.540088,4.552030,-1.463217,0.000000,0.000000,0.000000
37.5,ground_truth,-3.538025,4.532864,-1.463019,0.000000,0.000000,0.000000
37.52,ground_truth,-3.536004,4.514212,-1.463077,0.000000,0.000000,0.000000
37.54,ground_truth,-3.533994,4.495596,-1.463035,0.000000,0.000000,0.000000
37.56,ground_truth,-3.531972,4.476818,-1.462846,0.000000,0.000000,0.000000
37.580000000000005,ground_truth,-3.529940,4.457909,-1.462509,0.000000,0.000000,0.000000
37.6,ground_truth,-3.527955,4.439552,-1.462457,0.000000,0.000000,0.000000
37.620000000000005,ground_truth,-3.525964,4.421087,-1.462234,0.000000,0.000000,0.000000
37.64,ground_truth,-3.524013,4.403246,-1.462473,0.000000,0.000000,0.000000
37.660000000000004,ground_truth,-3.522065,4.385488,-1.462877,0.000000,0.000000,0.000000
37.68,ground_truth,-3.520104,4.367486,-1.463080,0.000000,0.000000,0.000000
37.7,ground_truth,-3.518238,4.350256,-1.463182,0.000000,0.000000,0.000000
37.72,ground_truth,-3.516419,4.333395,-1.463100,0.000000,0.000000,0.000000
37.74,ground_truth,-3.514802,4.317975,-1.462868,0.000000,0.000000,0.000000
37.760000000000005,ground_truth,-3.513204,4.302715,-1.462626,0.000000,0.000000,0.000000
37.78,ground_truth,-3.511710,4.288222,-1.462427,0.000000,0.000000,0.000000
37.800000000000004,ground_truth,-3.510140,4.273017,-1.461727,0.000000,0.000000,0.000000
37.82,ground_truth,-3.508425,4.256787,-1.461178,0.000000,0.000000,0.000000
37.84,ground_truth,-3.506591,4.239824,-1.461177,0.000000,0.000000,0.000000
37.86,ground_truth,-3.504673,4.222277,-1.461441,0.000000,0.000000,0.000000
37.88,ground_truth,-3.502695,4.204265,-1.461865,0.000000,0.000000,0.000000
37.900000000000006,ground_truth,-3.500681,4.185883,-1.462236,0.000000,0.000000,0.000000
37.92,ground_truth,-3.498636,4.167203,-1.462621,0.000000,0.000000,0.000000
37.940000000000005,ground_truth,-3.496569,4.148277,-1.462963,0.000000,0.000000,0.000000
37.96,ground_truth,-3.494486,4.129168,-1.463342,0.000000,0.000000,0.000000
37.980000000000004,ground_truth,-3.492401,4.109958,-1.463608,0.000000,0.000000,0.000000
38.0,ground_truth,-3.490309,4.090619,-1.463797,0.000000,0.000000,0.000000
38.02,ground_truth,-3.488215,4.071192,-1.463898,0.000000,0.000000,0.000000
38.04,ground_truth,-3.486200,4.052176,-1.463287,0.000000,0.000000,0.000000
38.06,ground_truth,-3.484170,4.033154,-1.462827,0.000000,0.000000,0.000000
38.080000000000005,ground_truth,-3.482147,4.014266,-1.462382,0.000000,0.000000,0.000000
38.1,ground_truth,-3.480085,3.995197,-1.462210,0.000000,0.000000,0.000000
38.120000000000005,ground_truth,-3.478005,3.976041,-1.462149,0.000000,0.000000,0.000000
38.14,ground_truth,-3.476020,3.957422,-1.461521,0.000000,0.000000,0.000000
38.160000000000004,ground_truth,-3.474026,3.938854,-1.461085,0.000000,0.000000,0.000000
38.18,ground_truth,-3.472123,3.920855,-1.460249,0.000000,0.000000,0.000000
38.2,ground_truth,-3.470262,3.903200,-1.459396,0.000000,0.000000,0.000000
38.22,ground_truth,-3.468416,3.885783,-1.458795,0.000000,0.000000,0.000000
38.24,ground_truth,-3.466532,3.868425,-1.458690,0.000000,0.000000,0.000000
38.260000000000005,ground_truth,-3.464629,3.851073,-1.458767,0.000000,0.000000,0.000000
38.28,ground_truth,-3.462782,3.834098,-1.458638,0.000000,0.000000,0.000000
38.300000000000004,ground_truth,-3.460933,3.817299,-1.458782,0.000000,0.000000,0.000000
38.32,ground_truth,-3.458964,3.799936,-1.459908,0.000000,0.000000,0.000000
38.34,ground_truth,-3.456944,3.781938,-1.460699,0.000000,0.000000,0.000000
38.36,ground_truth,-3.454881,3.763553,-1.461561,0.000000,0.000000,0.000000
38.38,ground_truth,-3.452810,3.744925,-1.462087,0.000000,0.000000,0.000000
38.400000000000006,ground_truth,-3.450728,3.726117,-1.462428,0.000000,0.000000,0.000000
38.42,ground_truth,-3.448646,3.707146,-1.462467,0.000000,0.000000,0.000000
38.440000000000005,ground_truth,-3.446557,3.688040,-1.462413,0.000000,0.000000,0.000000
38.46,ground_truth,-3.444462,3.668818,-1.462285,0.000000,0.000000,0.000000
38.480000000000004,ground_truth,-3.442355,3.649489,-1.462187,0.000000,0.000000,0.000000
38.5,ground_truth,-3.440233,3.630068,-1.462194,0.000000,0.000000,0.000000
38.52,ground_truth,-3.438116,3.610717,-1.462271,0.000000,0.000000,0.000000
38.54,ground_truth,-3.435983,3.591237,-1.462447,0.000000,0.000000,0.000000
38.56,ground_truth,-3.433868,3.571920,-1.462669,0.000000,0.000000,0.000000
38.580000000000005,ground_truth,-3.431765,3.552640,-1.462821,0.000000,0.000000,0.000000
38.6,ground_truth,-3.429657,3.533253,-1.462897,0.000000,0.000000,0.000000
38.620000000000005,ground_truth,-3.427585,3.514262,-1.463240,0.000000,0.000000,0.000000
38.64,ground_truth,-3.425517,3.495177,-1.463409,0.000000,0.000000,0.000000
38.660000000000004,ground_truth,5.462340,2.030007,-0.000247,0.000000,0.000000,0.000000
38.68,ground_truth,5.481139,2.030029,-0.000575,0.000000,0.000000,0.000000
38.7,ground_truth,5.500021,2.030033,-0.000620,0.000000,0.000000,0.000000
38.72,ground_truth,5.517745,2.029749,0.004213,0.000000,0.000000,0.000000
38.74,ground_truth,5.534266,2.028981,0.015653,0.000000,0.000000,0.000000
38.760000000000005,ground_truth,5.549512,2.027640,0.033565,0.000000,0.000000,0.000000
38.78,ground_truth,5.563478,2.025650,0.057720,0.000000,0.000000,0.000000
38.800000000000004,ground_truth,5.576278,2.022946,0.087423,0.000000,0.000000,0.000000
38.82,ground_truth,5.587916,2.019523,0.121448,0.000000,0.000000,0.000000
38.84,ground_truth,5.597825,2.015618,0.159044,0.000000,0.000000,0.000000
38.86,ground_truth,5.605759,2.011677,0.198508,0.000000,0.000000,0.000000
38.88,ground_truth,5.612289,2.007841,0.237998,0.000000,0.000000,0.000000
38.900000000000006,ground_truth,5.617875,2.004458,0.276370,0.000000,0.000000,0.000000
38.92,ground_truth,5.622808,2.001804,0.313063,0.000000,0.000000,0.000000
38.940000000000005,ground_truth,5.627408,1.999640,0.349626,0.000000,0.000000,0.000000
38.96,ground_truth,5.631780,1.997616,0.387378,0.000000,0.000000,0.000000
38.980000000000004,ground_truth,5.635944,1.995721,0.426150,0.000000,0.000000,0.000000
39.0,ground_truth,5.639922,1.993950,0.465788,0.000000,0.000000,0.000000
39.02,ground_truth,5.643732,1.992296,0.506166,0.000000,0.000000,0.000000
39.04,ground_truth,5.647357,1.990677,0.547815,0.000000,0.000000,0.000000
39.06,ground_truth,5.650894,1.989123,0.591112,0.000000,0.000000,0.000000
39.080000000000005,ground_truth,5.654369,1.987667,0.635637,0.000000,0.000000,0.000000
39.1,ground_truth,5.657784,1.986315,0.681129,0.000000,0.000000,0.000000
39.120000000000005,ground_truth,5.661141,1.985067,0.727387,0.000000,0.000000,0.000000
39.14,ground_truth,5.664446,1.983929,0.774257,0.000000,0.000000,0.000000
39.160000000000004,ground_truth,5.667701,1.982900,0.821617,0.000000,0.000000,0.000000
39.18,ground_truth,5.670911,1.981983,0.869376,0.000000,0.000000,0.000000
39.2,ground_truth,5.674079,1.981181,0.917460,0.000000,0.000000,0.000000
39.220000000000006,ground_truth,5.677154,1.980368,0.966344,0.000000,0.000000,0.000000
39.24,ground_truth,5.680123,1.979572,1.015447,0.000000,0.000000,0.000000
39.260000000000005,ground_truth,5.683033,1.978902,1.064224,0.000000,0.000000,0.000000
39.28,ground_truth,5.685855,1.978358,1.112610,0.000000,0.000000,0.000000
39.300000000000004,ground_truth,5.688436,1.977979,1.160268,0.000000,0.000000,0.000000
39.32,ground_truth,5.690646,1.977732,1.207681,0.000000,0.000000,0.000000
39.34,ground_truth,5.692467,1.977726,1.254269,0.000000,0.000000,0.000000
39.36,ground_truth,5.694223,1.978066,1.299909,0.000000,0.000000,0.000000
39.38,ground_truth,5.696399,1.977831,1.350670,0.000000,0.000000,0.000000
39.400000000000006,ground_truth,5.698842,1.976722,1.405002,0.000000,0.000000,0.000000
39.42,ground_truth,5.701496,1.975033,1.459254,0.000000,0.000000,0.000000
39.440000000000005,ground_truth,5.704200,1.973112,1.508819,0.000000,0.000000,0.000000
39.46,ground_truth,5.706994,1.970940,1.556126,0.000000,0.000000,0.000000
39.480000000000004,ground_truth,5.709911,1.968442,1.603160,0.000000,0.000000,0.000000
39.5,ground_truth,5.713092,1.965570,1.654618,0.000000,0.000000,0.000000
39.52,ground_truth,5.716335,1.963041,1.708034,0.000000,0.000000,0.000000
39.54,ground_truth,5.719464,1.961313,1.755228,0.000000,0.000000,0.000000
39.56,ground_truth,5.722584,1.959841,1.805185,0.000000,0.000000,0.000000
39.580000000000005,ground_truth,5.725560,1.958791,1.849742,0.000000,0.000000,0.000000
39.6,ground_truth,5.728516,1.958002,1.899639,0.000000,0.000000,0.000000
39.620000000000005,ground_truth,5.731422,1.957538,1.952488,0.000000,0.000000,0.000000
39.64,ground_truth,5.733980,1.957298,1.996727,0.000000,0.000000,0.000000
39.660000000000004,ground_truth,5.736631,1.957243,2.046306,0.000000,0.000000,0.000000
39.68,ground_truth,5.738500,1.957328,2.087258,0.000000,0.000000,0.000000
39.7,ground_truth,5.740081,1.957617,2.127445,0.000000,0.000000,0.000000
39.720000000000006,ground_truth,5.741201,1.958292,2.165925,0.000000,0.000000,0.000000
39.74,ground_truth,5.741405,1.959069,2.194267,0.000000,0.000000,0.000000
39.760000000000005,ground_truth,5.741438,1.960007,2.221437,0.000000,0.000000,0.000000
39.78,ground_truth,5.741624,1.961163,2.253992,0.000000,0.000000,0.000000
39.800000000000004,ground_truth,5.741843,1.963115,2.291976,0.000000,0.000000,0.000000
39.82,ground_truth,5.741876,1.965743,2.330110,0.000000,0.000000,0.000000
39.84,ground_truth,5.741637,1.968528,2.362616,0.000000,0.000000,0.000000
39.86,ground_truth,5.741363,1.971688,2.398962,0.000000,0.000000,0.000000
39.88,ground_truth,5.740502,1.975073,2.432044,0.000000,0.000000,0.000000
39.900000000000006,ground_truth,5.739519,1.978661,2.468251,0.000000,0.000000,0.000000
39.92,ground_truth,5.738191,1.982348,2.503040,0.000000,0.000000,0.000000
39.940000000000005,ground_truth,5.736586,1.986082,2.537969,0.000000,0.000000,0.000000
39.96,ground_truth,5.734873,1.989868,2.574225,0.000000,0.000000,0.000000
39.980000000000004,ground_truth,5.733241,1.993050,2.604906,0.000000,0.000000,0.000000
40.0,ground_truth,5.731983,1.995362,2.632377,0.000000,0.000000,0.000000
40.02,ground_truth,5.730428,1.997364,2.653957,0.000000,0.000000,0.000000
40.04,ground_truth,5.729235,1.999304,2.676989,0.000000,0.000000,0.000000
40.06,ground_truth,5.728473,2.001066,2.700643,0.000000,0.000000,0.000000
40.080000000000005,ground_truth,5.728380,2.002692,2.718961,0.000000,0.000000,0.000000
40.1,ground_truth,5.728339,2.004205,2.739255,0.000000,0.000000,0.000000
40.120000000000005,ground_truth,5.728014,2.005661,2.760028,0.000000,0.000000,0.000000
40.14,ground_truth,5.727774,2.007132,2.784840,0.000000,0.000000,0.000000
40.160000000000004,ground_truth,5.727611,2.008238,2.804964,0.000000,0.000000,0.000000
40.18,ground_truth,5.726938,2.008601,2.813269,0.000000,0.000000,0.000000
40.2,ground_truth,5.726423,2.008987,2.825061,0.000000,0.000000,0.000000
40.220000000000006,ground_truth,5.726539,2.009569,2.836655,0.000000,0.000000,0.000000
40.24,ground_truth,5.727503,2.010303,2.845693,0.000000,0.000000,0.000000
40.260000000000005,ground_truth,5.728672,2.011197,2.858021,0.000000,0.000000,0.000000
40.28,ground_truth,5.729396,2.012094,2.874132,0.000000,0.000000,0.000000
40.300000000000004,ground_truth,5.729650,2.012967,2.891858,0.000000,0.000000,0.000000
40.32,ground_truth,5.728794,2.013606,2.901291,0.000000,0.000000,0.000000
40.34,ground_truth,5.728305,2.014218,2.912109,0.000000,0.000000,0.000000
40.36,ground_truth,5.728514,2.014792,2.922784,0.000000,0.000000,0.000000
40.38,ground_truth,5.729054,2.015592,2.941071,0.000000,0.000000,0.000000
40.400000000000006,ground_truth,5.729860,2.016579,2.965987,0.000000,0.000000,0.000000
40.42,ground_truth,5.730540,2.017591,2.994821,0.000000,0.000000,0.000000
40.440000000000005,ground_truth,5.730174,2.018072,3.022851,0.000000,0.000000,0.000000
40.46,ground_truth,5.728250,2.018409,3.048499,0.000000,0.000000,0.000000
40.480000000000004,ground_truth,5.725637,2.018993,3.075721,0.000000,0.000000,0.000000
40.5,ground_truth,5.722112,2.018613,3.100436,0.000000,0.000000,0.000000
40.52,ground_truth,5.717432,2.017601,3.121698,0.000000,0.000000,0.000000
40.54,ground_truth,5.712028,2.016533,-3.140404,0.000000,0.000000,0.000000
40.56,ground_truth,5.705015,2.015570,-3.124479,0.000000,0.000000,0.000000
40.580000000000005,ground_truth,5.696688,2.014848,-3.109943,0.000000,0.000000,0.000000
40.6,ground_truth,5.686326,2.014070,-3.097955,0.000000,0.000000,0.000000
40.620000000000005,ground_truth,5.674340,2.013272,-3.086630,0.000000,0.000000,0.000000
40.64,ground_truth,5.661171,2.012454,-3.075127,0.000000,0.000000,0.000000
40.660000000000004,ground_truth,5.646774,2.011449,-3.065622,0.000000,0.000000,0.000000
40.68,ground_truth,5.631362,2.010278,-3.057440,0.000000,0.000000,0.000000
40.7,ground_truth,5.614863,2.008829,-3.052392,0.000000,0.000000,0.000000
40.720000000000006,ground_truth,5.597757,2.007313,-3.047838,0.000000,0.000000,0.000000
40.74,ground_truth,5.580164,2.005810,-3.043178,0.000000,0.000000,0.000000
40.760000000000005,ground_truth,5.562559,2.004309,-3.038086,0.000000,0.000000,0.000000
40.78,ground_truth,5.544569,2.002670,-3.033713,0.000000,0.000000,0.000000
40.800000000000004,ground_truth,5.526805,2.000936,-3.030921,0.000000,0.000000,0.000000
40.82,ground_truth,5.509136,1.999192,-3.028174,0.000000,0.000000,0.000000
40.84,ground_truth,5.491583,1.997391,-3.026113,0.000000,0.000000,0.000000
40.86,ground_truth,5.473658,1.995496,-3.024128,0.000000,0.000000,0.000000
40.88,ground_truth,5.455556,1.993525,-3.022367,0.000000,0.000000,0.000000
40.900000000000006,ground_truth,5.438199,1.991685,-3.020241,0.000000,0.000000,0.000000
40.92,ground_truth,5.421806,1.990023,-3.017626,0.000000,0.000000,0.000000
40.940000000000005,ground_truth,5.405662,1.988373,-3.015697,0.000000,0.000000,0.000000
40.96,ground_truth,5.389509,1.986616,-3.014348,0.000000,0.000000,0.000000
40.980000000000004,ground_truth,5.373648,1.985274,-3.009207,0.000000,0.000000,0.000000
41.0,ground_truth,5.357024,1.983673,-3.005200,0.000000,0.000000,0.000000
41.02,ground_truth,5.339745,1.981806,-3.002010,0.000000,0.000000,0.000000
41.04,ground_truth,5.321945,1.979699,-3.000046,0.000000,0.000000,0.000000
41.06,ground_truth,5.303739,1.977431,-2.998405,0.000000,0.000000,0.000000
41.080000000000005,ground_truth,5.285212,1.975045,-2.996809,0.000000,0.000000,0.000000
41.1,ground_truth,5.266434,1.972567,-2.995043,0.000000,0.000000,0.000000
41.120000000000005,ground_truth,5.247403,1.969982,-2.993381,0.000000,0.000000,0.000000
41.14,ground_truth,5.228165,1.967283,-2.992074,0.000000,0.000000,0.000000
41.160000000000004,ground_truth,5.208862,1.964527,-2.990886,0.000000,0.000000,0.000000
41.18,ground_truth,5.189544,1.961724,-2.989915,0.000000,0.000000,0.000000
41.2,ground_truth,5.170135,1.958869,-2.989109,0.000000,0.000000,0.000000
41.220000000000006,ground_truth,5.150664,1.955975,-2.988412,0.000000,0.000000,0.000000
41.24,ground_truth,5.131564,1.953107,-2.987888,0.000000,0.000000,0.000000
41.260000000000005,ground_truth,5.112585,1.950237,-2.987423,0.000000,0.000000,0.000000
41.28,ground_truth,5.093864,1.947388,-2.987047,0.000000,0.000000,0.000000
41.300000000000004,ground_truth,5.074969,1.944487,-2.986891,0.000000,0.000000,0.000000
41.32,ground_truth,5.055876,1.941538,-2.986861,0.000000,0.000000,0.000000
41.34,ground_truth,5.037445,1.938762,-2.985900,0.000000,0.000000,0.000000
41.36,ground_truth,5.019158,1.936011,-2.984789,0.000000,0.000000,0.000000
41.38,ground_truth,5.001666,1.933338,-2.984519,0.000000,0.000000,0.000000
41.400000000000006,ground_truth,4.984555,1.930687,-2.984710,0.000000,0.000000,0.000000
41.42,ground_truth,4.967205,1.927995,-2.984759,0.000000,0.000000,0.000000
41.440000000000005,ground_truth,4.950644,1.925394,-2.985222,0.000000,0.000000,0.000000
41.46,ground_truth,4.933871,1.922766,-2.985370,0.000000,0.000000,0.000000
41.480000000000004,ground_truth,4.917708,1.920247,-2.985293,0.000000,0.000000,0.000000
41.5,ground_truth,4.902856,1.917915,-2.985610,0.000000,0.000000,0.000000
41.52,ground_truth,4.888792,1.915727,-2.985374,0.000000,0.000000,0.000000
41.54,ground_truth,4.873869,1.913442,-2.984242,0.000000,0.000000,0.000000
41.56,ground_truth,4.858010,1.911007,-2.982759,0.000000,0.000000,0.000000
41.580000000000005,ground_truth,4.841394,1.908427,-2.981360,0.000000,0.000000,0.000000
41.6,ground_truth,4.824173,1.905723,-2.980051,0.000000,0.000000,0.000000
41.620000000000005,ground_truth,4.806467,1.902914,-2.978862,0.000000,0.000000,0.000000
41.64,ground_truth,4.788369,1.900013,-2.977830,0.000000,0.000000,0.000000
41.660000000000004,ground_truth,4.769952,1.897032,-2.977016,0.000000,0.000000,0.000000
41.68,ground_truth,4.751279,1.893979,-2.976495,0.000000,0.000000,0.000000
41.7,ground_truth,4.732440,1.890871,-2.976313,0.000000,0.000000,0.000000
41.720000000000006,ground_truth,4.713451,1.887719,-2.976341,0.000000,0.000000,0.000000
41.74,ground_truth,4.694305,1.884534,-2.976475,0.000000,0.000000,0.000000
41.760000000000005,ground_truth,4.675043,1.881325,-2.976661,0.000000,0.000000,0.000000
41.78,ground_truth,4.655871,1.878132,-2.976836,0.000000,0.000000,0.000000
41.800000000000004,ground_truth,4.636733,1.874945,-2.977022,0.000000,0.000000,0.000000
41.82,ground_truth,4.617772,1.871788,-2.977214,0.000000,0.000000,0.000000
41.84,ground_truth,4.598914,1.868640,-2.977641,0.000000,0.000000,0.000000
41.86,ground_truth,4.580306,1.865534,-2.978215,0.000000,0.000000,0.000000
41.88,ground_truth,4.561647,1.862443,-2.978559,0.000000,0.000000,0.000000
41.900000000000006,ground_truth,4.542837,1.859326,-2.978957,0.000000,0.000000,0.000000
41.92,ground_truth,4.524781,1.856402,-2.978726,0.000000,0.000000,0.000000
41.940000000000005,ground_truth,4.506969,1.853530,-2.978603,0.000000,0.000000,0.000000
41.96,ground_truth,4.489989,1.850865,-2.977453,0.000000,0.000000,0.000000
41.980000000000004,ground_truth,4.472952,1.848150,-2.976688,0.000000,0.000000,0.000000
42.0,ground_truth,4.456197,1.845468,-2.975713,0.000000,0.000000,0.000000
42.02,ground_truth,4.440218,1.842944,-2.974532,0.000000,0.000000,0.000000
42.04,ground_truth,4.424502,1.840445,-2.973705,0.000000,0.000000,0.000000
42.06,ground_truth,4.409956,1.838168,-2.973070,0.000000,0.000000,0.000000
42.080000000000005,ground_truth,4.394939,1.835765,-2.972800,0.000000,0.000000,0.000000
42.1,ground_truth,4.379286,1.833211,-2.972717,0.000000,0.000000,0.000000
42.120000000000005,ground_truth,4.363028,1.830529,-2.972742,0.000000,0.000000,0.000000
42.14,ground_truth,4.346244,1.827743,-2.972777,0.000000,0.000000,0.000000
42.160000000000004,ground_truth,4.329016,1.824870,-2.972822,0.000000,0.000000,0.000000
42.18,ground_truth,4.311412,1.821923,-2.972900,0.000000,0.000000,0.000000
42.2,ground_truth,4.293489,1.818914,-2.972991,0.000000,0.000000,0.000000
42.220000000000006,ground_truth,4.275296,1.815854,-2.973091,0.000000,0.000000,0.000000
42.24,ground_truth,4.256866,1.812751,-2.973146,0.000000,0.000000,0.000000
42.260000000000005,ground_truth,4.238241,1.809611,-2.973114,0.000000,0.000000,0.000000
42.28,ground_truth,4.219486,1.806438,-2.973201,0.000000,0.000000,0.000000
42.300000000000004,ground_truth,4.200813,1.803276,-2.973269,0.000000,0.000000,0.000000
42.32,ground_truth,4.181920,1.800064,-2.973507,0.000000,0.000000,0.000000
42.34,ground_truth,4.162862,1.796817,-2.973772,0.000000,0.000000,0.000000
42.36,ground_truth,4.144249,1.793665,-2.973876,0.000000,0.000000,0.000000
42.38,ground_truth,4.125776,1.790542,-2.973879,0.000000,0.000000,0.000000
42.400000000000006,ground_truth,4.107971,1.787543,-2.973592,0.000000,0.000000,0.000000
42.42,ground_truth,4.089968,1.784498,-2.973496,0.000000,0.000000,0.000000
42.440000000000005,ground_truth,4.071810,1.781417,-2.973526,0.000000,0.000000,0.000000
42.46,ground_truth,4.054140,1.778415,-2.973595,0.000000,0.000000,0.000000
42.480000000000004,ground_truth,4.036199,1.775370,-2.973651,0.000000,0.000000,0.000000
42.5,ground_truth,4.019154,1.772556,-2.972966,0.000000,0.000000,0.000000
42.52,ground_truth,4.002419,1.769801,-2.972206,0.000000,0.000000,0.000000
42.54,ground_truth,3.986301,1.767102,-2.972460,0.000000,0.000000,0.000000
42.56,ground_truth,3.970329,1.764420,-2.972601,0.000000,0.000000,0.000000
42.580000000000005,ground_truth,3.954509,1.761756,-2.972763,0.000000,0.000000,0.000000
42.6,ground_truth,3.939563,1.759245,-2.973025,0.000000,0.000000,0.000000
42.620000000000005,ground_truth,3.924000,1.756642,-2.972784,0.000000,0.000000,0.000000
42.64,ground_truth,3.907622,1.753903,-2.972252,0.000000,0.000000,0.000000
42.660000000000004,ground_truth,3.890589,1.751041,-2.971673,0.000000,0.000000,0.000000
42.68,ground_truth,3.873029,1.748075,-2.971147,0.000000,0.000000,0.000000
42.7,ground_truth,3.855045,1.745017,-2.970791,0.000000,0.000000,0.000000
42.720000000000006,ground_truth,3.836721,1.741889,-2.970487,0.000000,0.000000,0.000000
42.74,ground_truth,3.818123,1.738696,-2.970382,0.000000,0.000000,0.000000
42.760000000000005,ground_truth,3.799304,1.735457,-2.970376,0.000000,0.000000,0.000000
42.78,ground_truth,3.780308,1.732181,-2.970420,0.000000,0.000000,0.000000
42.800000000000004,ground_truth,3.761286,1.728894,-2.970586,0.000000,0.000000,0.000000
42.82,ground_truth,3.742219,1.725597,-2.970800,0.000000,0.000000,0.000000
42.84,ground_truth,3.723548,1.722367,-2.971116,0.000000,0.000000,0.000000
42.86,ground_truth,3.704913,1.719144,-2.971445,0.000000,0.000000,0.000000
42.88,ground_truth,3.686700,1.715980,-2.972063,0.000000,0.000000,0.000000
42.900000000000006,ground_truth,3.668260,1.712798,-2.972240,0.000000,0.000000,0.000000
42.92,ground_truth,3.649633,1.709599,-2.972210,0.000000,0.000000,0.000000
42.940000000000005,ground_truth,3.631145,1.706433,-2.972199,0.000000,0.000000,0.000000
42.96,ground_truth,3.613360,1.703408,-2.972013,0.000000,0.000000,0.000000
42.980000000000004,ground_truth,3.596113,1.700474,-2.971845,0.000000,0.000000,0.000000
43.0,ground_truth,3.578609,1.697468,-2.972180,0.000000,0.000000,0.000000
43.02,ground_truth,3.561019,1.694451,-2.972483,0.000000,0.000000,0.000000
43.04,ground_truth,3.544353,1.691653,-2.972293,0.000000,0.000000,0.000000
43.06,ground_truth,3.527849,1.688901,-2.971893,0.000000,0.000000,0.000000
43.080000000000005,ground_truth,3.512095,1.686347,-2.970744,0.000000,0.000000,0.000000
43.1,ground_truth,3.496423,1.683773,-2.969844,0.000000,0.000000,0.000000
43.120000000000005,ground_truth,3.480583,1.681097,-2.969723,0.000000,0.000000,0.000000
43.14,ground_truth,3.463965,1.678222,-2.970649,0.000000,0.000000,0.000000
43.160000000000004,ground_truth,3.446742,1.675231,-2.971872,0.000000,0.000000,0.000000
43.18,ground_truth,3.429039,1.672165,-2.973091,0.000000,0.000000,0.000000
43.2,ground_truth,3.410954,1.669055,-2.974124,0.000000,0.000000,0.000000
43.220000000000006,ground_truth,3.392566,1.665927,-2.974658,0.000000,0.000000,0.000000
43.24,ground_truth,3.373925,1.662776,-2.974910,0.000000,0.000000,0.000000
43.260000000000005,ground_truth,3.355076,1.659602,-2.974963,0.000000,0.000000,0.000000
43.28,ground_truth,3.336059,1.656413,-2.974742,0.000000,0.000000,0.000000
43.300000000000004,ground_truth,3.316909,1.653205,-2.974390,0.000000,0.000000,0.000000
43.32,ground_truth,3.297764,1.650003,-2.973830,0.000000,0.000000,0.000000
43.34,ground_truth,3.278520,1.646772,-2.973355,0.000000,0.000000,0.000000
43.36,ground_truth,3.259202,1.643506,-2.973195,0.000000,0.000000,0.000000
43.38,ground_truth,3.239985,1.640265,-2.972774,0.000000,0.000000,0.000000
43.400000000000006,ground_truth,3.220922,1.637036,-2.972569,0.000000,0.000000,0.000000
43.42,ground_truth,3.202262,1.633876,-2.972504,0.000000,0.000000,0.000000
43.440000000000005,ground_truth,3.183416,1.630684,-2.972342,0.000000,0.000000,0.000000
43.46,ground_truth,3.164490,1.627472,-2.972168,0.000000,0.000000,0.000000
43.480000000000004,ground_truth,3.145572,1.624263,-2.971906,0.000000,0.000000,0.000000
43.5,ground_truth,3.127227,1.621167,-2.971383,0.000000,0.000000,0.000000
43.52,ground_truth,3.109478,1.618177,-2.970869,0.000000,0.000000,0.000000
43.540000000000006,ground_truth,3.092192,1.615242,-2.970841,0.000000,0.000000,0.000000
43.56,ground_truth,3.075126,1.612304,-2.971344,0.000000,0.000000,0.000000
43.580000000000005,ground_truth,3.058178,1.609408,-2.971420,0.000000,0.000000,0.000000
43.6,ground_truth,3.041153,1.606498,-2.971469,0.000000,0.000000,0.000000
43.620000000000005,ground_truth,3.025212,1.603836,-2.970836,0.000000,0.000000,0.000000
43.64,ground_truth,3.009125,1.601141,-2.970241,0.000000,0.000000,0.000000
43.660000000000004,ground_truth,2.992611,1.598391,-2.969179,0.000000,0.000000,0.000000
43.68,ground_truth,2.975640,1.595577,-2.967735,0.000000,0.000000,0.000000
43.7,ground_truth,2.958282,1.592698,-2.966143,0.000000,0.000000,0.000000
43.720000000000006,ground_truth,2.940611,1.589742,-2.964740,0.000000,0.000000,0.000000
43.74,ground_truth,2.922666,1.586718,-2.963469,0.000000,0.000000,0.000000
43.760000000000005,ground_truth,2.904511,1.583612,-2.962714,0.000000,0.000000,0.000000
43.78,ground_truth,2.886163,1.580437,-2.962247,0.000000,0.000000,0.000000
43.800000000000004,ground_truth,2.867585,1.577173,-2.962247,0.000000,0.000000,0.000000
43.82,ground_truth,2.848783,1.573825,-2.962727,0.000000,0.000000,0.000000
43.84,ground_truth,2.829805,1.570413,-2.963503,0.000000,0.000000,0.000000
43.86,ground_truth,2.810854,1.566985,-2.964490,0.000000,0.000000,0.000000
43.88,ground_truth,2.791755,1.563531,-2.965394,0.000000,0.000000,0.000000
43.900000000000006,ground_truth,2.772522,1.560056,-2.966284,0.000000,0.000000,0.000000
43.92,ground_truth,2.753408,1.556592,-2.967387,0.000000,0.000000,0.000000
43.940000000000005,ground_truth,2.734693,1.553206,-2.968535,0.000000,0.000000,0.000000
43.96,ground_truth,2.716382,1.549891,-2.969794,0.000000,0.000000,0.000000
43.980000000000004,ground_truth,2.698202,1.546650,-2.970528,0.000000,0.000000,0.000000
44.0,ground_truth,2.680113,1.543448,-2.971179,0.000000,0.000000,0.000000
44.02,ground_truth,2.661934,1.540260,-2.971603,0.000000,0.000000,0.000000
44.040000000000006,ground_truth,2.643704,1.537085,-2.971853,0.000000,0.000000,0.000000
44.06,ground_truth,2.625982,1.534022,-2.971751,0.000000,0.000000,0.000000
44.080000000000005,ground_truth,2.607950,1.530905,-2.971781,0.000000,0.000000,0.000000
44.1,ground_truth,2.590281,1.527870,-2.971666,0.000000,0.000000,0.000000
44.120000000000005,ground_truth,2.572997,1.524899,-2.971616,0.000000,0.000000,0.000000
44.14,ground_truth,2.556018,1.521977,-2.971630,0.000000,0.000000,0.000000
44.160000000000004,ground_truth,2.539900,1.519252,-2.971250,0.000000,0.000000,0.000000
44.18,ground_truth,2.524383,1.516645,-2.971304,0.000000,0.000000,0.000000
44.2,ground_truth,2.510883,1.514665,-2.970971,0.000000,0.000000,0.000000
44.220000000000006,ground_truth,2.497240,1.512594,-2.971130,0.000000,0.000000,0.000000
44.24,ground_truth,2.483957,1.510551,-2.970519,0.000000,0.000000,0.000000
44.260000000000005,ground_truth,2.471931,1.508830,-2.968528,0.000000,0.000000,0.000000
44.28,ground_truth,2.460055,1.507138,-2.966960,0.000000,0.000000,0.000000
44.300000000000004,ground_truth,2.448922,1.505529,-2.965403,0.000000,0.000000,0.000000
44.32,ground_truth,2.439242,1.504157,-2.964456,0.000000,0.000000,0.000000
44.34,ground_truth,2.430466,1.502908,-2.963546,0.000000,0.000000,0.000000
44.36,ground_truth,2.421543,1.501526,-2.963011,0.000000,0.000000,0.000000
44.38,ground_truth,2.412449,1.500003,-2.963118,0.000000,0.000000,0.000000
44.400000000000006,ground_truth,2.403992,1.498586,-2.962869,0.000000,0.000000,0.000000
44.42,ground_truth,2.395973,1.497257,-2.962240,0.000000,0.000000,0.000000
44.440000000000005,ground_truth,2.388406,1.496032,-2.961707,0.000000,0.000000,0.000000
44.46,ground_truth,2.380601,1.494682,-2.961824,0.000000,0.000000,0.000000
44.480000000000004,ground_truth,2.373091,1.493352,-2.961987,0.000000,0.000000,0.000000
44.5,ground_truth,2.365717,1.492051,-2.961958,0.000000,0.000000,0.000000
44.52,ground_truth,2.359378,1.490995,-2.961505,0.000000,0.000000,0.000000
44.540000000000006,ground_truth,2.354141,1.490216,-2.960610,0.000000,0.000000,0.000000
44.56,ground_truth,2.348650,1.489292,-2.960788,0.000000,0.000000,0.000000
44.580000000000005,ground_truth,2.343141,1.488318,-2.961292,0.000000,0.000000,0.000000
44.6,ground_truth,2.337425,1.487310,-2.961337,0.000000,0.000000,0.000000
44.620000000000005,ground_truth,2.331955,1.486334,-2.961267,0.000000,0.000000,0.000000
44.64,ground_truth,2.327570,1.485726,-2.959968,0.000000,0.000000,0.000000
44.660000000000004,ground_truth,2.323254,1.485061,-2.959763,0.000000,0.000000,0.000000
44.68,ground_truth,2.319090,1.484318,-2.960271,0.000000,0.000000,0.000000
44.7,ground_truth,2.314623,1.483519,-2.960442,0.000000,0.000000,0.000000
44.720000000000006,ground_truth,2.309928,1.482660,-2.960785,0.000000,0.000000,0.000000
44.74,ground_truth,2.305577,1.481946,-2.960234,0.000000,0.000000,0.000000
44.760000000000005,ground_truth,2.301789,1.481395,-2.959615,0.000000,0.000000,0.000000
44.78,ground_truth,2.298714,1.480898,-2.959636,0.000000,0.000000,0.000000
44.800000000000004,ground_truth,2.295057,1.480243,-2.960041,0.000000,0.000000,0.000000
44.82,ground_truth,2.291494,1.479595,-2.960343,0.000000,0.000000,0.000000
44.84,ground_truth,2.288428,1.479335,-2.957384,0.000000,0.000000,0.000000
44.86,ground_truth,2.285613,1.479655,-2.946106,0.000000,0.000000,0.000000
44.88,ground_truth,2.282975,1.480459,-2.923399,0.000000,0.000000,0.000000
44.900000000000006,ground_truth,2.280704,1.481771,-2.889778,0.000000,0.000000,0.000000
44.92,ground_truth,2.278959,1.483349,-2.850523,0.000000,0.000000,0.000000
44.940000000000005,ground_truth,2.277824,1.485020,-2.808334,0.000000,0.000000,0.000000
44.96,ground_truth,2.276934,1.486860,-2.761281,0.000000,0.000000,0.000000
44.980000000000004,ground_truth,2.275955,1.488534,-2.721600,0.000000,0.000000,0.000000
45.0,ground_truth,2.275120,1.490081,-2.683000,0.000000,0.000000,0.000000
45.02,ground_truth,2.274057,1.491116,-2.654138,0.000000,0.000000,0.000000
45.040000000000006,ground_truth,2.273159,1.492409,-2.618985,0.000000,0.000000,0.000000
45.06,ground_truth,2.272496,1.493550,-2.584198,0.000000,0.000000,0.000000
45.080000000000005,ground_truth,2.271996,1.494504,-2.552625,0.000000,0.000000,0.000000
45.1,ground_truth,2.271543,1.495759,-2.515029,0.000000,0.000000,0.000000
45.120000000000005,ground_truth,2.270982,1.496532,-2.482789,0.000000,0.000000,0.000000
45.14,ground_truth,2.270467,1.497561,-2.445514,0.000000,0.000000,0.000000
45.160000000000004,ground_truth,2.270093,1.498513,-2.408840,0.000000,0.000000,0.000000
45.18,ground_truth,2.269700,1.499217,-2.378790,0.000000,0.000000,0.000000
45.2,ground_truth,2.269297,1.500247,-2.343461,0.000000,0.000000,0.000000
45.220000000000006,ground_truth,2.268947,1.501086,-2.311800,0.000000,0.000000,0.000000
45.24,ground_truth,2.268607,1.502152,-2.276171,0.000000,0.000000,0.000000
45.260000000000005,ground_truth,2.268381,1.502467,-2.253566,0.000000,0.000000,0.000000
45.28,ground_truth,2.268141,1.502716,-2.232636,0.000000,0.000000,0.000000
45.300000000000004,ground_truth,2.267915,1.503147,-2.208199,0.000000,0.000000,0.000000
45.32,ground_truth,2.267842,1.503226,-2.189812,0.000000,0.000000,0.000000
45.34,ground_truth,2.267737,1.503422,-2.169998,0.000000,0.000000,0.000000
45.36,ground_truth,2.267796,1.502914,-2.164244,0.000000,0.000000,0.000000
45.38,ground_truth,2.267571,1.502732,-2.152934,0.000000,0.000000,0.000000
45.400000000000006,ground_truth,2.267209,1.503016,-2.134475,0.000000,0.000000,0.000000
45.42,ground_truth,2.267082,1.503720,-2.116076,0.000000,0.000000,0.000000
45.440000000000005,ground_truth,2.266845,1.504188,-2.098924,0.000000,0.000000,0.000000
45.46,ground_truth,2.266246,1.504505,-2.081215,0.000000,0.000000,0.000000
45.480000000000004,ground_truth,2.265568,1.504462,-2.064282,0.000000,0.000000,0.000000
45.5,ground_truth,2.264642,1.504123,-2.045976,0.000000,0.000000,0.000000
45.52,ground_truth,2.263993,1.503116,-2.037367,0.000000,0.000000,0.000000
45.540000000000006,ground_truth,2.263330,1.502522,-2.026299,0.000000,0.000000,0.000000
45.56,ground_truth,2.263040,1.502794,-2.018460,0.000000,0.000000,0.000000
45.580000000000005,ground_truth,2.262139,1.502938,-2.001718,0.000000,0.000000,0.000000
45.6,ground_truth,2.260326,1.502092,-1.981566,0.000000,0.000000,0.000000
45.620000000000005,ground_truth,2.257737,1.500271,-1.957994,0.000000,0.000000,0.000000
45.64,ground_truth,2.254446,1.497499,-1.930962,0.000000,0.000000,0.000000
45.660000000000004,ground_truth,2.250879,1.492864,-1.906334,0.000000,0.000000,0.000000
45.68,ground_truth,2.246799,1.487584,-1.878916,0.000000,0.000000,0.000000
45.7,ground_truth,2.242576,1.480191,-1.856264,0.000000,0.000000,0.000000
45.720000000000006,ground_truth,2.237986,1.471472,-1.836571,0.000000,0.000000,0.000000
45.74,ground_truth,2.233423,1.461662,-1.816225,0.000000,0.000000,0.000000
45.760000000000005,ground_truth,2.229150,1.450894,-1.798103,0.000000,0.000000,0.000000
45.78,ground_truth,2.224937,1.440102,-1.777299,0.000000,0.000000,0.000000
45.800000000000004,ground_truth,2.220883,1.429253,-1.759009,0.000000,0.000000,0.000000
45.82,ground_truth,2.216703,1.418533,-1.744687,0.000000,0.000000,0.000000
45.84,ground_truth,2.213052,1.406877,-1.734117,0.000000,0.000000,0.000000
45.86,ground_truth,2.209642,1.395069,-1.720603,0.000000,0.000000,0.000000
45.88,ground_truth,2.206497,1.382318,-1.707131,0.000000,0.000000,0.000000
45.900000000000006,ground_truth,2.203748,1.369675,-1.695362,0.000000,0.000000,0.000000
45.92,ground_truth,2.201270,1.356827,-1.683028,0.000000,0.000000,0.000000
45.940000000000005,ground_truth,2.199143,1.343942,-1.674945,0.000000,0.000000,0.000000
45.96,ground_truth,2.197188,1.330557,-1.667493,0.000000,0.000000,0.000000
45.980000000000004,ground_truth,2.195258,1.317085,-1.657260,0.000000,0.000000,0.000000
46.0,ground_truth,2.193400,1.302789,-1.646410,0.000000,0.000000,0.000000
46.02,ground_truth,2.191676,1.287837,-1.635513,0.000000,0.000000,0.000000
46.040000000000006,ground_truth,2.190203,1.272015,-1.627960,0.000000,0.000000,0.000000
46.06,ground_truth,2.188802,1.255729,-1.619737,0.000000,0.000000,0.000000
46.080000000000005,ground_truth,2.187521,1.238864,-1.612089,0.000000,0.000000,0.000000
46.1,ground_truth,2.186460,1.221485,-1.607028,0.000000,0.000000,0.000000
46.120000000000005,ground_truth,2.185498,1.203707,-1.602517,0.000000,0.000000,0.000000
46.14,ground_truth,2.184700,1.185538,-1.600102,0.000000,0.000000,0.000000
46.160000000000004,ground_truth,2.183927,1.167088,-1.597245,0.000000,0.000000,0.000000
46.18,ground_truth,2.183220,1.148366,-1.594764,0.000000,0.000000,0.000000
46.2,ground_truth,2.182606,1.129481,-1.593231,0.000000,0.000000,0.000000
46.220000000000006,ground_truth,2.182043,1.110459,-1.591962,0.000000,0.000000,0.000000
46.24,ground_truth,2.181560,1.091514,-1.591633,0.000000,0.000000,0.000000
46.260000000000005,ground_truth,2.181098,1.072357,-1.591450,0.000000,0.000000,0.000000
46.28,ground_truth,2.180662,1.052993,-1.591610,0.000000,0.000000,0.000000
46.300000000000004,ground_truth,2.180212,1.033892,-1.591255,0.000000,0.000000,0.000000
46.32,ground_truth,2.179778,1.015099,-1.590767,0.000000,0.000000,0.000000
46.34,ground_truth,2.179350,0.996643,-1.590165,0.000000,0.000000,0.000000
46.36,ground_truth,2.178949,0.978189,-1.589893,0.000000,0.000000,0.000000
46.38,ground_truth,2.178552,0.959984,-1.589518,0.000000,0.000000,0.000000
46.400000000000006,ground_truth,2.178170,0.941650,-1.589257,0.000000,0.000000,0.000000
46.42,ground_truth,2.177809,0.923408,-1.589206,0.000000,0.000000,0.000000
46.440000000000005,ground_truth,2.177445,0.905632,-1.588998,0.000000,0.000000,0.000000
46.46,ground_truth,2.177097,0.888191,-1.588928,0.000000,0.000000,0.000000
46.480000000000004,ground_truth,2.176704,0.872038,-1.588054,0.000000,0.000000,0.000000
46.5,ground_truth,2.176343,0.856252,-1.587454,0.000000,0.000000,0.000000
46.52,ground_truth,2.176136,0.840466,-1.589559,0.000000,0.000000,0.000000
46.540000000000006,ground_truth,2.176008,0.824059,-1.594190,0.000000,0.000000,0.000000
46.56,ground_truth,2.175797,0.806999,-1.598507,0.000000,0.000000,0.000000
46.580000000000005,ground_truth,2.175444,0.789454,-1.601181,0.000000,0.000000,0.000000
46.6,ground_truth,2.175025,0.771463,-1.603501,0.000000,0.000000,0.000000
46.620000000000005,ground_truth,2.174518,0.753128,-1.604889,0.000000,0.000000,0.000000
46.64,ground_truth,2.173969,0.734486,-1.606104,0.000000,0.000000,0.000000
46.660000000000004,ground_truth,2.173386,0.715594,-1.607233,0.000000,0.000000,0.000000
46.68,ground_truth,2.172750,0.696511,-1.607848,0.000000,0.000000,0.000000
46.7,ground_truth,2.172065,0.677317,-1.607795,0.000000,0.000000,0.000000
46.720000000000006,ground_truth,2.171351,0.658070,-1.607260,0.000000,0.000000,0.000000
46.74,ground_truth,2.170631,0.638675,-1.606655,0.000000,0.000000,0.000000
46.760000000000005,ground_truth,2.169903,0.619150,-1.605920,0.000000,0.000000,0.000000
46.78,ground_truth,2.169177,0.599822,-1.605016,0.000000,0.000000,0.000000
46.800000000000004,ground_truth,2.168464,0.580603,-1.604119,0.000000,0.000000,0.000000
46.82,ground_truth,2.167790,0.561941,-1.603504,0.000000,0.000000,0.000000
46.84,ground_truth,2.167133,0.543202,-1.603061,0.000000,0.000000,0.000000
46.86,ground_truth,2.166501,0.525151,-1.602437,0.000000,0.000000,0.000000
46.88,ground_truth,2.165883,0.506976,-1.601919,0.000000,0.000000,0.000000
46.900000000000006,ground_truth,2.165285,0.488910,-1.601563,0.000000,0.000000,0.000000
46.92,ground_truth,2.164736,0.471378,-1.601802,0.000000,0.000000,0.000000
46.940000000000005,ground_truth,2.164189,0.453978,-1.601912,0.000000,0.000000,0.000000
46.96,ground_truth,2.163646,0.436700,-1.601980,0.000000,0.000000,0.000000
46.980000000000004,ground_truth,2.163092,0.419313,-1.601835,0.000000,0.000000,0.000000
47.0,ground_truth,2.162542,0.402016,-1.601656,0.000000,0.000000,0.000000
47.02,ground_truth,2.161999,0.385454,-1.601277,0.000000,0.000000,0.000000
47.040000000000006,ground_truth,2.161483,0.369524,-1.601108,0.000000,0.000000,0.000000
47.06,ground_truth,2.160984,0.354956,-1.600833,0.000000,0.000000,0.000000
47.080000000000005,ground_truth,2.160498,0.340249,-1.600727,0.000000,0.000000,0.000000
47.1,ground_truth,2.160049,0.325088,-1.601521,0.000000,0.000000,0.000000
47.120000000000005,ground_truth,2.159581,0.309422,-1.602310,0.000000,0.000000,0.000000
47.14,ground_truth,2.159087,0.293303,-1.602927,0.000000,0.000000,0.000000
47.160000000000004,ground_truth,2.158565,0.276782,-1.603283,0.000000,0.000000,0.000000
47.18,ground_truth,2.158022,0.259899,-1.603481,0.000000,0.000000,0.000000
47.2,ground_truth,2.157462,0.242693,-1.603578,0.000000,0.000000,0.000000
47.220000000000006,ground_truth,2.156888,0.225197,-1.603579,0.000000,0.000000,0.000000
47.24,ground_truth,2.156303,0.207440,-1.603543,0.000000,0.000000,0.000000
47.260000000000005,ground_truth,2.155706,0.189412,-1.603428,0.000000,0.000000,0.000000
47.28,ground_truth,2.155098,0.171118,-1.603239,0.000000,0.000000,0.000000
47.300000000000004,ground_truth,2.154502,0.152759,-1.603321,0.000000,0.000000,0.000000
47.32,ground_truth,2.153897,0.134183,-1.603367,0.000000,0.000000,0.000000
47.34,ground_truth,2.153284,0.115379,-1.603307,0.000000,0.000000,0.000000
47.36,ground_truth,2.152688,0.096943,-1.603428,0.000000,0.000000,0.000000
47.38,ground_truth,2.152087,0.078361,-1.603498,0.000000,0.000000,0.000000
47.400000000000006,ground_truth,2.151528,0.060400,-1.603894,0.000000,0.000000,0.000000
47.42,ground_truth,2.150970,0.042294,-1.604523,0.000000,0.000000,0.000000
47.440000000000005,ground_truth,2.150382,0.023917,-1.605022,0.000000,0.000000,0.000000
47.46,ground_truth,2.149761,0.005615,-1.605083,0.000000,0.000000,0.000000
47.480000000000004,ground_truth,2.149125,-0.012155,-1.604459,0.000000,0.000000,0.000000
47.5,ground_truth,2.148480,-0.029334,-1.603670,0.000000,0.000000,0.000000
47.52,ground_truth,2.147870,-0.046850,-1.603587,0.000000,0.000000,0.000000
47.540000000000006,ground_truth,2.147280,-0.064362,-1.603769,0.000000,0.000000,0.000000
47.56,ground_truth,2.146681,-0.080917,-1.603285,0.000000,0.000000,0.000000
47.580000000000005,ground_truth,2.146104,-0.097501,-1.603265,0.000000,0.000000,0.000000
47.6,ground_truth,2.145520,-0.112573,-1.602339,0.000000,0.000000,0.000000
47.620000000000005,ground_truth,2.144932,-0.126445,-1.601655,0.000000,0.000000,0.000000
47.64,ground_truth,2.144437,-0.141293,-1.602915,0.000000,0.000000,0.000000
47.660000000000004,ground_truth,2.143943,-0.156578,-1.604524,0.000000,0.000000,0.000000
47.68,ground_truth,2.143446,-0.172793,-1.606880,0.000000,0.000000,0.000000
47.7,ground_truth,2.142893,-0.189722,-1.608970,0.000000,0.000000,0.000000
47.720000000000006,ground_truth,2.142287,-0.207222,-1.610808,0.000000,0.000000,0.000000
47.74,ground_truth,2.141613,-0.225171,-1.611943,0.000000,0.000000,0.000000
47.760000000000005,ground_truth,2.140909,-0.243507,-1.613091,0.000000,0.000000,0.000000
47.78,ground_truth,2.140157,-0.262138,-1.613768,0.000000,0.000000,0.000000
47.800000000000004,ground_truth,2.139358,-0.280975,-1.613814,0.000000,0.000000,0.000000
47.82,ground_truth,2.138546,-0.299985,-1.613804,0.000000,0.000000,0.000000
47.84,ground_truth,2.137709,-0.318841,-1.613115,0.000000,0.000000,0.000000
47.86,ground_truth,2.136876,-0.337897,-1.612526,0.000000,0.000000,0.000000
47.88,ground_truth,2.136047,-0.357144,-1.612044,0.000000,0.000000,0.000000
47.900000000000006,ground_truth,2.135223,-0.376048,-1.611200,0.000000,0.000000,0.000000
47.92,ground_truth,2.134405,-0.394579,-1.610038,0.000000,0.000000,0.000000
47.940000000000005,ground_truth,2.133598,-0.412971,-1.608752,0.000000,0.000000,0.000000
47.96,ground_truth,2.132825,-0.431538,-1.607904,0.000000,0.000000,0.000000
47.980000000000004,ground_truth,2.132119,-0.449781,-1.608021,0.000000,0.000000,0.000000
48.0,ground_truth,2.131408,-0.468071,-1.607908,0.000000,0.000000,0.000000
48.02,ground_truth,2.130680,-0.486201,-1.607313,0.000000,0.000000,0.000000
48.040000000000006,ground_truth,2.129905,-0.503482,-1.605899,0.000000,0.000000,0.000000
48.06,ground_truth,2.129143,-0.520855,-1.604544,0.000000,0.000000,0.000000
48.080000000000005,ground_truth,2.128480,-0.537512,-1.604475,0.000000,0.000000,0.000000
48.1,ground_truth,2.127842,-0.554439,-1.604645,0.000000,0.000000,0.000000
48.120000000000005,ground_truth,2.127233,-0.571947,-1.605633,0.000000,0.000000,0.000000
48.14,ground_truth,2.126594,-0.589948,-1.606341,0.000000,0.000000,0.000000
48.160000000000004,ground_truth,2.125933,-0.608346,-1.606890,0.000000,0.000000,0.000000
48.18,ground_truth,2.125249,-0.627057,-1.607191,0.000000,0.000000,0.000000
48.2,ground_truth,2.124554,-0.646023,-1.607454,0.000000,0.000000,0.000000
48.220000000000006,ground_truth,2.123849,-0.665192,-1.607659,0.000000,0.000000,0.000000
48.24,ground_truth,2.123133,-0.684523,-1.607764,0.000000,0.000000,0.000000
48.260000000000005,ground_truth,2.122413,-0.703985,-1.607883,0.000000,0.000000,0.000000
48.28,ground_truth,2.121689,-0.723553,-1.608006,0.000000,0.000000,0.000000
48.300000000000004,ground_truth,2.120962,-0.743175,-1.608146,0.000000,0.000000,0.000000
48.32,ground_truth,2.120236,-0.762779,-1.608303,0.000000,0.000000,0.000000
48.34,ground_truth,2.119504,-0.782460,-1.608430,0.000000,0.000000,0.000000
48.36000000000001,ground_truth,2.118768,-0.802192,-1.608553,0.000000,0.000000,0.000000
48.38,ground_truth,2.118054,-0.821449,-1.608816,0.000000,0.000000,0.000000
48.400000000000006,ground_truth,2.117332,-0.840711,-1.608989,0.000000,0.000000,0.000000
48.42,ground_truth,2.116624,-0.859632,-1.609235,0.000000,0.000000,0.000000
48.440000000000005,ground_truth,2.115902,-0.878662,-1.609352,0.000000,0.000000,0.000000
48.46,ground_truth,2.115171,-0.897733,-1.609363,0.000000,0.000000,0.000000
48.480000000000004,ground_truth,2.114462,-0.916455,-1.609525,0.000000,0.000000,0.000000
48.5,ground_truth,2.113736,-0.935217,-1.609427,0.000000,0.000000,0.000000
48.52,ground_truth,2.113078,-0.953127,-1.609957,0.000000,0.000000,0.000000
48.540000000000006,ground_truth,2.112402,-0.971102,-1.610356,0.000000,0.000000,0.000000
48.56,ground_truth,2.111707,-0.988736,-1.610113,0.000000,0.000000,0.000000
48.580000000000005,ground_truth,2.110979,-1.005452,-1.608992,0.000000,0.000000,0.000000
48.6,ground_truth,2.110256,-1.022036,-1.608058,0.000000,0.000000,0.000000
48.620000000000005,ground_truth,2.109541,-1.037732,-1.607190,0.000000,0.000000,0.000000
48.64,ground_truth,2.108864,-1.053609,-1.606785,0.000000,0.000000,0.000000
48.660000000000004,ground_truth,2.108224,-1.068546,-1.606335,0.000000,0.000000,0.000000
48.68,ground_truth,2.107625,-1.083900,-1.606867,0.000000,0.000000,0.000000
48.7,ground_truth,2.107044,-1.100109,-1.608268,0.000000,0.000000,0.000000
48.720000000000006,ground_truth,2.106446,-1.117059,-1.610031,0.000000,0.000000,0.000000
48.74,ground_truth,2.105805,-1.134586,-1.611671,0.000000,0.000000,0.000000
48.760000000000005,ground_truth,2.105116,-1.152574,-1.612976,0.000000,0.000000,0.000000
48.78,ground_truth,2.104384,-1.170934,-1.614016,0.000000,0.000000,0.000000
48.800000000000004,ground_truth,2.103616,-1.189599,-1.614834,0.000000,0.000000,0.000000
48.82,ground_truth,2.102809,-1.208505,-1.615271,0.000000,0.000000,0.000000
48.84,ground_truth,2.101970,-1.227578,-1.615316,0.000000,0.000000,0.000000
48.86000000000001,ground_truth,2.101099,-1.246598,-1.614645,0.000000,0.000000,0.000000
48.88,ground_truth,2.100231,-1.265789,-1.614056,0.000000,0.000000,0.000000
48.900000000000006,ground_truth,2.099364,-1.285142,-1.613462,0.000000,0.000000,0.000000
48.92,ground_truth,2.098502,-1.304173,-1.612533,0.000000,0.000000,0.000000
48.940000000000005,ground_truth,2.097666,-1.322977,-1.611611,0.000000,0.000000,0.000000
48.96,ground_truth,2.096847,-1.341420,-1.610561,0.000000,0.000000,0.000000
48.980000000000004,ground_truth,2.096059,-1.359958,-1.609842,0.000000,0.000000,0.000000
49.0,ground_truth,2.095297,-1.378636,-1.609525,0.000000,0.000000,0.000000
49.02,ground_truth,2.094539,-1.397038,-1.609042,0.000000,0.000000,0.000000
49.040000000000006,ground_truth,2.093796,-1.414942,-1.608394,0.000000,0.000000,0.000000
49.06,ground_truth,2.093028,-1.432430,-1.607143,0.000000,0.000000,0.000000
49.080000000000005,ground_truth,2.092270,-1.449729,-1.605917,0.000000,0.000000,0.000000
49.1,ground_truth,2.091552,-1.466809,-1.605357,0.000000,0.000000,0.000000
49.120000000000005,ground_truth,2.090896,-1.483862,-1.605407,0.000000,0.000000,0.000000
49.14,ground_truth,2.090245,-1.501095,-1.605393,0.000000,0.000000,0.000000
49.160000000000004,ground_truth,2.089624,-1.516705,-1.604951,0.000000,0.000000,0.000000
49.18,ground_truth,2.089045,-1.532431,-1.605157,0.000000,0.000000,0.000000
49.2,ground_truth,2.088474,-1.547027,-1.604772,0.000000,0.000000,0.000000
49.220000000000006,ground_truth,2.087888,-1.562411,-1.604426,0.000000,0.000000,0.000000
49.24,ground_truth,2.087273,-1.578590,-1.603824,0.000000,0.000000,0.000000
49.260000000000005,ground_truth,2.086641,-1.595365,-1.603039,0.000000,0.000000,0.000000
49.28,ground_truth,2.085994,-1.612588,-1.602104,0.000000,0.000000,0.000000
49.300000000000004,ground_truth,2.085345,-1.630174,-1.601256,0.000000,0.000000,0.000000
49.32,ground_truth,2.084699,-1.648075,-1.600519,0.000000,0.000000,0.000000
49.34,ground_truth,2.084080,-1.666274,-1.600234,0.000000,0.000000,0.000000
49.36000000000001,ground_truth,2.083493,-1.684831,-1.600540,0.000000,0.000000,0.000000
49.38,ground_truth,2.082928,-1.703664,-1.601346,0.000000,0.000000,0.000000
49.400000000000006,ground_truth,2.082374,-1.722556,-1.602491,0.000000,0.000000,0.000000
49.42,ground_truth,2.081812,-1.741501,-1.603678,0.000000,0.000000,0.000000
49.440000000000005,ground_truth,2.081232,-1.760530,-1.604793,0.000000,0.000000,0.000000
49.46,ground_truth,2.080629,-1.779756,-1.605839,0.000000,0.000000,0.000000
49.480000000000004,ground_truth,2.080004,-1.799123,-1.606814,0.000000,0.000000,0.000000
49.5,ground_truth,2.079389,-1.818054,-1.607803,0.000000,0.000000,0.000000
49.52,ground_truth,2.078748,-1.837056,-1.608661,0.000000,0.000000,0.000000
49.540000000000006,ground_truth,2.078127,-1.855559,-1.609594,0.000000,0.000000,0.000000
49.56,ground_truth,2.077468,-1.874212,-1.610254,0.000000,0.000000,0.000000
49.580000000000005,ground_truth,2.076793,-1.892680,-1.610770,0.000000,0.000000,0.000000
49.6,ground_truth,2.076160,-1.910300,-1.611373,0.000000,0.000000,0.000000
49.620000000000005,ground_truth,2.075510,-1.927711,-1.611661,0.000000,0.000000,0.000000
49.64,ground_truth,2.074886,-1.944729,-1.612230,0.000000,0.000000,0.000000
49.660000000000004,ground_truth,2.074216,-1.962035,-1.612410,0.000000,0.000000,0.000000
49.68,ground_truth,2.073543,-1.979299,-1.612808,0.000000,0.000000,0.000000
49.7,ground_truth,2.072849,-1.996938,-1.613324,0.000000,0.000000,0.000000
49.720000000000006,ground_truth,2.072130,-2.015038,-1.613981,0.000000,0.000000,0.000000
49.74,ground_truth,2.071379,-2.033500,-1.614546,0.000000,0.000000,0.000000
49.760000000000005,ground_truth,2.070603,-2.052257,-1.615100,0.000000,0.000000,0.000000
49.78,ground_truth,2.069797,-2.071244,-1.615470,0.000000,0.000000,0.000000
49.800000000000004,ground_truth,2.068964,-2.090419,-1.615620,0.000000,0.000000,0.000000
49.82,ground_truth,2.068112,-2.109748,-1.615617,0.000000,0.000000,0.000000
49.84,ground_truth,2.067242,-2.129200,-1.615413,0.000000,0.000000,0.000000
49.86000000000001,ground_truth,2.066362,-2.148742,-1.615080,0.000000,0.000000,0.000000
49.88,ground_truth,2.065480,-2.168338,-1.614682,0.000000,0.000000,0.000000
49.900000000000006,ground_truth,2.064599,-2.188014,-1.614288,0.000000,0.000000,0.000000
49.92,ground_truth,2.063719,-2.207752,-1.613871,0.000000,0.000000,0.000000
49.940000000000005,ground_truth,2.062845,-2.227117,-1.613110,0.000000,0.000000,0.000000
49.96,ground_truth,2.061988,-2.246407,-1.612393,0.000000,0.000000,0.000000
49.980000000000004,ground_truth,2.061147,-2.265376,-1.611578,0.000000,0.000000,0.000000
50.0,ground_truth,2.060330,-2.284355,-1.611104,0.000000,0.000000,0.000000
50.02,ground_truth,2.059551,-2.302796,-1.610771,0.000000,0.000000,0.000000
50.040000000000006,ground_truth,2.058787,-2.321415,-1.610745,0.000000,0.000000,0.000000
50.06,ground_truth,2.058027,-2.340255,-1.610848,0.000000,0.000000,0.000000
50.080000000000005,ground_truth,2.057255,-2.358678,-1.610459,0.000000,0.000000,0.000000
50.1,ground_truth,2.056482,-2.376776,-1.609765,0.000000,0.000000,0.000000
50.120000000000005,ground_truth,2.055712,-2.394253,-1.609007,0.000000,0.000000,0.000000
50.14,ground_truth,2.054965,-2.411724,-1.608504,0.000000,0.000000,0.000000
50.160000000000004,ground_truth,2.054244,-2.429190,-1.608328,0.000000,0.000000,0.000000
50.18,ground_truth,2.053564,-2.446489,-1.608597,0.000000,0.000000,0.000000
50.2,ground_truth,2.052977,-2.462832,-1.609582,0.000000,0.000000,0.000000
50.220000000000006,ground_truth,2.052442,-2.477084,-1.609559,0.000000,0.000000,0.000000
50.24,ground_truth,2.051914,-2.490993,-1.609536,0.000000,0.000000,0.000000
50.260000000000005,ground_truth,2.051319,-2.503906,-1.608356,0.000000,0.000000,0.000000
50.28,ground_truth,2.050705,-2.517624,-1.607161,0.000000,0.000000,0.000000
50.300000000000004,ground_truth,2.050076,-2.532566,-1.606101,0.000000,0.000000,0.000000
50.32,ground_truth,2.049454,-2.548507,-1.605524,0.000000,0.000000,0.000000
50.34,ground_truth,2.048835,-2.565252,-1.605324,0.000000,0.000000,0.000000
50.36000000000001,ground_truth,2.048208,-2.582641,-1.605272,0.000000,0.000000,0.000000
50.38,ground_truth,2.047581,-2.600551,-1.605488,0.000000,0.000000,0.000000
50.400000000000006,ground_truth,2.046950,-2.618880,-1.605896,0.000000,0.000000,0.000000
50.42,ground_truth,2.046309,-2.637544,-1.606425,0.000000,0.000000,0.000000
50.440000000000005,ground_truth,2.045660,-2.656478,-1.607074,0.000000,0.000000,0.000000
50.46,ground_truth,2.045005,-2.675468,-1.607816,0.000000,0.000000,0.000000
50.480000000000004,ground_truth,2.044332,-2.694573,-1.608486,0.000000,0.000000,0.000000
50.5,ground_truth,2.043640,-2.713857,-1.609082,0.000000,0.000000,0.000000
50.52,ground_truth,2.042945,-2.733009,-1.609710,0.000000,0.000000,0.000000
50.540000000000006,ground_truth,2.042241,-2.752040,-1.610245,0.000000,0.000000,0.000000
50.56,ground_truth,2.041578,-2.770092,-1.611006,0.000000,0.000000,0.000000
50.580000000000005,ground_truth,2.040892,-2.788084,-1.611562,0.000000,0.000000,0.000000
50.6,ground_truth,2.040174,-2.806343,-1.611856,0.000000,0.000000,0.000000
50.620000000000005,ground_truth,2.039464,-2.824310,-1.612094,0.000000,0.000000,0.000000
50.64,ground_truth,2.038735,-2.842351,-1.612125,0.000000,0.000000,0.000000
50.660000000000004,ground_truth,2.038057,-2.859816,-1.612656,0.000000,0.000000,0.000000
50.68,ground_truth,2.037371,-2.876923,-1.612774,0.000000,0.000000,0.000000
50.7,ground_truth,2.036678,-2.893888,-1.612746,0.000000,0.000000,0.000000
50.720000000000006,ground_truth,2.035953,-2.911025,-1.612322,0.000000,0.000000,0.000000
50.74,ground_truth,2.035271,-2.927785,-1.612440,0.000000,0.000000,0.000000
50.760000000000005,ground_truth,2.034633,-2.943135,-1.612421,0.000000,0.000000,0.000000
50.78,ground_truth,2.034025,-2.958711,-1.612941,0.000000,0.000000,0.000000
50.800000000000004,ground_truth,2.033371,-2.974854,-1.613166,0.000000,0.000000,0.000000
50.82,ground_truth,2.032665,-2.992036,-1.613430,0.000000,0.000000,0.000000
50.84,ground_truth,2.031921,-3.009678,-1.613412,0.000000,0.000000,0.000000
50.86000000000001,ground_truth,2.031156,-3.027681,-1.613282,0.000000,0.000000,0.000000
50.88,ground_truth,2.030378,-3.045991,-1.613095,0.000000,0.000000,0.000000
50.900000000000006,ground_truth,2.029591,-3.064560,-1.612882,0.000000,0.000000,0.000000
50.92,ground_truth,2.028797,-3.083350,-1.612659,0.000000,0.000000,0.000000
50.940000000000005,ground_truth,2.027999,-3.102326,-1.612426,0.000000,0.000000,0.000000
50.96,ground_truth,2.027201,-3.121452,-1.612224,0.000000,0.000000,0.000000
50.980000000000004,ground_truth,2.026407,-3.140716,-1.612221,0.000000,0.000000,0.000000
51.0,ground_truth,2.025612,-3.159863,-1.612096,0.000000,0.000000,0.000000
51.02,ground_truth,2.024821,-3.179080,-1.612121,0.000000,0.000000,0.000000
51.040000000000006,ground_truth,2.024029,-3.198451,-1.612266,0.000000,0.000000,0.000000
51.06,ground_truth,2.023228,-3.217653,-1.612101,0.000000,0.000000,0.000000
51.080000000000005,ground_truth,2.022427,-3.236675,-1.611789,0.000000,0.000000,0.000000
51.1,ground_truth,2.021670,-3.254924,-1.611545,0.000000,0.000000,0.000000
51.120000000000005,ground_truth,2.020932,-3.272853,-1.611452,0.000000,0.000000,0.000000
51.14,ground_truth,2.020259,-3.290152,-1.611993,0.000000,0.000000,0.000000
51.160000000000004,ground_truth,2.019567,-3.307760,-1.612638,0.000000,0.000000,0.000000
51.18,ground_truth,2.018860,-3.325738,-1.613458,0.000000,0.000000,0.000000
51.2,ground_truth,2.018112,-3.343446,-1.613434,0.000000,0.000000,0.000000
51.220000000000006,ground_truth,2.017325,-3.360485,-1.612438,0.000000,0.000000,0.000000
51.24,ground_truth,2.016526,-3.377281,-1.611380,0.000000,0.000000,0.000000
51.260000000000005,ground_truth,2.015774,-3.393967,-1.610692,0.000000,0.000000,0.000000
51.28,ground_truth,2.015064,-3.410625,-1.610442,0.000000,0.000000,0.000000
51.300000000000004,ground_truth,2.014380,-3.427804,-1.610967,0.000000,0.000000,0.000000
51.32,ground_truth,2.013691,-3.445541,-1.611930,0.000000,0.000000,0.000000
51.34,ground_truth,2.012980,-3.463714,-1.612988,0.000000,0.000000,0.000000
51.36000000000001,ground_truth,2.012222,-3.482304,-1.613698,0.000000,0.000000,0.000000
51.38,ground_truth,2.011416,-3.501237,-1.613881,0.000000,0.000000,0.000000
51.400000000000006,ground_truth,2.010580,-3.520366,-1.613659,0.000000,0.000000,0.000000
51.42,ground_truth,2.009735,-3.539657,-1.613305,0.000000,0.000000,0.000000
51.440000000000005,ground_truth,2.008886,-3.559078,-1.612874,0.000000,0.000000,0.000000
51.46,ground_truth,2.008040,-3.578586,-1.612439,0.000000,0.000000,0.000000
51.480000000000004,ground_truth,2.007200,-3.598137,-1.612054,0.000000,0.000000,0.000000
51.5,ground_truth,2.006370,-3.617779,-1.611773,0.000000,0.000000,0.000000
51.52,ground_truth,2.005543,-3.637486,-1.611505,0.000000,0.000000,0.000000
51.540000000000006,ground_truth,2.004730,-3.657075,-1.611365,0.000000,0.000000,0.000000
51.56,ground_truth,2.003931,-3.676534,-1.611312,0.000000,0.000000,0.000000
51.580000000000005,ground_truth,2.003143,-3.695824,-1.611357,0.000000,0.000000,0.000000
51.6,ground_truth,2.002349,-3.715210,-1.611317,0.000000,0.000000,0.000000
51.620000000000005,ground_truth,2.001555,-3.734610,-1.611260,0.000000,0.000000,0.000000
51.64,ground_truth,2.000797,-3.753492,-1.611460,0.000000,0.000000,0.000000
51.660000000000004,ground_truth,2.000024,-3.772496,-1.611483,0.000000,0.000000,0.000000
51.68,ground_truth,1.999297,-3.790833,-1.611803,0.000000,0.000000,0.000000
51.7,ground_truth,1.998580,-3.808722,-1.611969,0.000000,0.000000,0.000000
51.720000000000006,ground_truth,1.997939,-3.825651,-1.612732,0.000000,0.000000,0.000000
51.74,ground_truth,1.997280,-3.842364,-1.613039,0.000000,0.000000,0.000000
51.760000000000005,ground_truth,1.996585,-3.859381,-1.613037,0.000000,0.000000,0.000000
51.78,ground_truth,1.995888,-3.876143,-1.612892,0.000000,0.000000,0.000000
51.800000000000004,ground_truth,1.995184,-3.892556,-1.612523,0.000000,0.000000,0.000000
51.82,ground_truth,1.994503,-3.908177,-1.612222,0.000000,0.000000,0.000000
51.84,ground_truth,1.993798,-3.924211,-1.611686,0.000000,0.000000,0.000000
51.86000000000001,ground_truth,1.993080,-3.940955,-1.611330,0.000000,0.000000,0.000000
51.88,ground_truth,1.992351,-3.958304,-1.611158,0.000000,0.000000,0.000000
51.900000000000006,ground_truth,1.991612,-3.976176,-1.611088,0.000000,0.000000,0.000000
51.92,ground_truth,1.990865,-3.994471,-1.611160,0.000000,0.000000,0.000000
51.940000000000005,ground_truth,1.990106,-4.013085,-1.611226,0.000000,0.000000,0.000000
51.96,ground_truth,1.989336,-4.031910,-1.611224,0.000000,0.000000,0.000000
51.980000000000004,ground_truth,1.988558,-4.050913,-1.611158,0.000000,0.000000,0.000000
52.0,ground_truth,1.987775,-4.070065,-1.611066,0.000000,0.000000,0.000000
52.02,ground_truth,1.986995,-4.089217,-1.610987,0.000000,0.000000,0.000000
52.040000000000006,ground_truth,1.986216,-4.108488,-1.610992,0.000000,0.000000,0.000000
52.06,ground_truth,1.985443,-4.127336,-1.610702,0.000000,0.000000,0.000000
52.080000000000005,ground_truth,1.984683,-4.146316,-1.610698,0.000000,0.000000,0.000000
52.1,ground_truth,1.983924,-4.165498,-1.610889,0.000000,0.000000,0.000000
52.120000000000005,ground_truth,1.983165,-4.184357,-1.610772,0.000000,0.000000,0.000000
52.14,ground_truth,1.982413,-4.203096,-1.610647,0.000000,0.000000,0.000000
52.160000000000004,ground_truth,1.981659,-4.221346,-1.610100,0.000000,0.000000,0.000000
52.18,ground_truth,1.980925,-4.239698,-1.609928,0.000000,0.000000,0.000000
52.2,ground_truth,1.980201,-4.258239,-1.610060,0.000000,0.000000,0.000000
52.220000000000006,ground_truth,1.979456,-4.276081,-1.609461,0.000000,0.000000,0.000000
52.24,ground_truth,1.978709,-4.293795,-1.608703,0.000000,0.000000,0.000000
52.260000000000005,ground_truth,1.977954,-4.310850,-1.607606,0.000000,0.000000,0.000000
52.28,ground_truth,1.977243,-4.328155,-1.607224,0.000000,0.000000,0.000000
52.300000000000004,ground_truth,1.976567,-4.344870,-1.606751,0.000000,0.000000,0.000000
52.32,ground_truth,1.975928,-4.360690,-1.606528,0.000000,0.000000,0.000000
52.34,ground_truth,1.975322,-4.377014,-1.607203,0.000000,0.000000,0.000000
52.36000000000001,ground_truth,1.974731,-4.394071,-1.608766,0.000000,0.000000,0.000000
52.38,ground_truth,1.974105,-4.411688,-1.610274,0.000000,0.000000,0.000000
52.400000000000006,ground_truth,1.973449,-4.429759,-1.611838,0.000000,0.000000,0.000000
52.42,ground_truth,1.972753,-4.448186,-1.613216,0.000000,0.000000,0.000000
52.440000000000005,ground_truth,1.972015,-4.466901,-1.614335,0.000000,0.000000,0.000000
52.46,ground_truth,1.971220,-4.485832,-1.614726,0.000000,0.000000,0.000000
52.480000000000004,ground_truth,1.970396,-4.505016,-1.614942,0.000000,0.000000,0.000000
52.5,ground_truth,1.969535,-4.524386,-1.614659,0.000000,0.000000,0.000000
52.52,ground_truth,1.968662,-4.543865,-1.614152,0.000000,0.000000,0.000000
52.540000000000006,ground_truth,1.967785,-4.563424,-1.613527,0.000000,0.000000,0.000000
52.56,ground_truth,1.966932,-4.582766,-1.613030,0.000000,0.000000,0.000000
52.580000000000005,ground_truth,1.966080,-4.602187,-1.612475,0.000000,0.000000,0.000000
52.6,ground_truth,1.965272,-4.621218,-1.612322,0.000000,0.000000,0.000000
52.620000000000005,ground_truth,1.964474,-4.640116,-1.612221,0.000000,0.000000,0.000000
52.64,ground_truth,1.963662,-4.659223,-1.611949,0.000000,0.000000,0.000000
52.660000000000004,ground_truth,1.962856,-4.678310,-1.611689,0.000000,0.000000,0.000000
52.68000000000001,ground_truth,1.962062,-4.697227,-1.611491,0.000000,0.000000,0.000000
52.7,ground_truth,1.961282,-4.716016,-1.611394,0.000000,0.000000,0.000000
52.720000000000006,ground_truth,1.960507,-4.734762,-1.611284,0.000000,0.000000,0.000000
52.74,ground_truth,1.959731,-4.753546,-1.611146,0.000000,0.000000,0.000000
52.760000000000005,ground_truth,1.959007,-4.771427,-1.611299,0.000000,0.000000,0.000000
52.78,ground_truth,1.958316,-4.789141,-1.611781,0.000000,0.000000,0.000000
52.800000000000004,ground_truth,1.957663,-4.805576,-1.612014,0.000000,0.000000,0.000000
52.82,ground_truth,1.957027,-4.821927,-1.612388,0.000000,0.000000,0.000000
52.84,ground_truth,1.956418,-4.836765,-1.612438,0.000000,0.000000,0.000000
52.86000000000001,ground_truth,1.955804,-4.852090,-1.612716,0.000000,0.000000,0.000000
52.88,ground_truth,1.955146,-4.867778,-1.612477,0.000000,0.000000,0.000000
52.900000000000006,ground_truth,1.954459,-4.883909,-1.612004,0.000000,0.000000,0.000000
52.92,ground_truth,1.953751,-4.900438,-1.611398,0.000000,0.000000,0.000000
52.940000000000005,ground_truth,1.953030,-4.917326,-1.610742,0.000000,0.000000,0.000000
52.96,ground_truth,1.952300,-4.934535,-1.610074,0.000000,0.000000,0.000000
52.980000000000004,ground_truth,1.951565,-4.952032,-1.609418,0.000000,0.000000,0.000000
53.0,ground_truth,1.950829,-4.969788,-1.608815,0.000000,0.000000,0.000000
53.02,ground_truth,1.950092,-4.987804,-1.608254,0.000000,0.000000,0.000000
53.040000000000006,ground_truth,1.949368,-5.006303,-1.608038,0.000000,0.000000,0.000000
53.06,ground_truth,1.948664,-5.025166,-1.608412,0.000000,0.000000,0.000000
53.080000000000005,ground_truth,1.947965,-5.044150,-1.608997,0.000000,0.000000,0.000000
53.1,ground_truth,1.947255,-5.063326,-1.609639,0.000000,0.000000,0.000000
53.120000000000005,ground_truth,1.946531,-5.082614,-1.610215,0.000000,0.000000,0.000000
53.14,ground_truth,1.945780,-5.101406,-1.609912,0.000000,0.000000,0.000000
53.160000000000004,ground_truth,1.945039,-5.120204,-1.609765,0.000000,0.000000,0.000000
53.18000000000001,ground_truth,1.944308,-5.139067,-1.609836,0.000000,0.000000,0.000000
53.2,ground_truth,1.943578,-5.158055,-1.610081,0.000000,0.000000,0.000000
53.220000000000006,ground_truth,1.942845,-5.177118,-1.610399,0.000000,0.000000,0.000000
53.24,ground_truth,1.942089,-5.195729,-1.610041,0.000000,0.000000,0.000000
53.260000000000005,ground_truth,1.941331,-5.213970,-1.609463,0.000000,0.000000,0.000000
53.28,ground_truth,1.940553,-5.231494,-1.608334,0.000000,0.000000,0.000000
53.300000000000004,ground_truth,1.939805,-5.249024,-1.607614,0.000000,0.000000,0.000000
53.32,ground_truth,1.939104,-5.266523,-1.607382,0.000000,0.000000,0.000000
53.34,ground_truth,1.938424,-5.283231,-1.607053,0.000000,0.000000,0.000000
53.36000000000001,ground_truth,1.937763,-5.299447,-1.606700,0.000000,0.000000,0.000000
53.38,ground_truth,1.937142,-5.315252,-1.606842,0.000000,0.000000,0.000000
53.400000000000006,ground_truth,1.936546,-5.331725,-1.607849,0.000000,0.000000,0.000000
53.42,ground_truth,1.935950,-5.348896,-1.609512,0.000000,0.000000,0.000000
53.440000000000005,ground_truth,1.935322,-5.366607,-1.611252,0.000000,0.000000,0.000000
53.46,ground_truth,1.934658,-5.384750,-1.612980,0.000000,0.000000,0.000000
53.480000000000004,ground_truth,1.933935,-5.403223,-1.614167,0.000000,0.000000,0.000000
53.5,ground_truth,1.933167,-5.421973,-1.614978,0.000000,0.000000,0.000000
53.52,ground_truth,1.932356,-5.440945,-1.615322,0.000000,0.000000,0.000000
53.540000000000006,ground_truth,1.931523,-5.460108,-1.615517,0.000000,0.000000,0.000000
53.56,ground_truth,1.930665,-5.479414,-1.615419,0.000000,0.000000,0.000000
53.580000000000005,ground_truth,1.929791,-5.498715,-1.614973,0.000000,0.000000,0.000000
53.6,ground_truth,1.928914,-5.518084,-1.614397,0.000000,0.000000,0.000000
53.620000000000005,ground_truth,1.928060,-5.537007,-1.613685,0.000000,0.000000,0.000000
53.64,ground_truth,1.927204,-5.556114,-1.612897,0.000000,0.000000,0.000000
53.660000000000004,ground_truth,1.926353,-5.575373,-1.612143,0.000000,0.000000,0.000000
53.68000000000001,ground_truth,1.925542,-5.594318,-1.611833,0.000000,0.000000,0.000000
53.7,ground_truth,1.924724,-5.613402,-1.611367,0.000000,0.000000,0.000000
53.720000000000006,ground_truth,1.923952,-5.631981,-1.611329,0.000000,0.000000,0.000000
53.74,ground_truth,1.923183,-5.650425,-1.611210,0.000000,0.000000,0.000000
53.760000000000005,ground_truth,1.922458,-5.668233,-1.611344,0.000000,0.000000,0.000000
53.78,ground_truth,1.921722,-5.686124,-1.611306,0.000000,0.000000,0.000000
53.800000000000004,ground_truth,1.920983,-5.703949,-1.611135,0.000000,0.000000,0.000000
53.82,ground_truth,1.920287,-5.721269,-1.611356,0.000000,0.000000,0.000000
53.84,ground_truth,1.919555,-5.738998,-1.611171,0.000000,0.000000,0.000000
53.86000000000001,ground_truth,1.918865,-5.755499,-1.610973,0.000000,0.000000,0.000000
53.88,ground_truth,1.918241,-5.771715,-1.611659,0.000000,0.000000,0.000000
53.900000000000006,ground_truth,1.917636,-5.786957,-1.611958,0.000000,0.000000,0.000000
53.92,ground_truth,1.917025,-5.801444,-1.611716,0.000000,0.000000,0.000000
53.940000000000005,ground_truth,1.916458,-5.815506,-1.612176,0.000000,0.000000,0.000000
53.96,ground_truth,1.915844,-5.829970,-1.611984,0.000000,0.000000,0.000000
53.980000000000004,ground_truth,1.915195,-5.845005,-1.611516,0.000000,0.000000,0.000000
54.0,ground_truth,1.914519,-5.860552,-1.610849,0.000000,0.000000,0.000000
54.02,ground_truth,1.913828,-5.876559,-1.610128,0.000000,0.000000,0.000000
54.040000000000006,ground_truth,1.913124,-5.892978,-1.609351,0.000000,0.000000,0.000000
54.06,ground_truth,1.912418,-5.909770,-1.608684,0.000000,0.000000,0.000000
54.080000000000005,ground_truth,1.911712,-5.926896,-1.608112,0.000000,0.000000,0.000000
54.1,ground_truth,1.911007,-5.944322,-1.607656,0.000000,0.000000,0.000000
54.120000000000005,ground_truth,1.910305,-5.962017,-1.607319,0.000000,0.000000,0.000000
54.14,ground_truth,1.909606,-5.979956,-1.607073,0.000000,0.000000,0.000000
54.160000000000004,ground_truth,1.908913,-5.998212,-1.607008,0.000000,0.000000,0.000000
54.18000000000001,ground_truth,1.908229,-6.016967,-1.607366,0.000000,0.000000,0.000000
54.2,ground_truth,1.907548,-6.035671,-1.607752,0.000000,0.000000,0.000000
54.220000000000006,ground_truth,1.906871,-6.054407,-1.608277,0.000000,0.000000,0.000000
54.24,ground_truth,1.906187,-6.073388,-1.608974,0.000000,0.000000,0.000000
54.260000000000005,ground_truth,1.905490,-6.092193,-1.609308,0.000000,0.000000,0.000000
54.28,ground_truth,1.904793,-6.111119,-1.609824,0.000000,0.000000,0.000000
54.300000000000004,ground_truth,1.904077,-6.129795,-1.609910,0.000000,0.000000,0.000000
54.32,ground_truth,1.903354,-6.147452,-1.608985,0.000000,0.000000,0.000000
54.34,ground_truth,1.902669,-6.165452,-1.608957,0.000000,0.000000,0.000000
54.36000000000001,ground_truth,1.901977,-6.182769,-1.608459,0.000000,0.000000,0.000000
54.38,ground_truth,1.901284,-6.199952,-1.607893,0.000000,0.000000,0.000000
54.400000000000006,ground_truth,1.900593,-6.216359,-1.606989,0.000000,0.000000,0.000000
54.42,ground_truth,1.899938,-6.232208,-1.606531,0.000000,0.000000,0.000000
54.440000000000005,ground_truth,1.899309,-6.247216,-1.605855,0.000000,0.000000,0.000000
54.46,ground_truth,1.898709,-6.262180,-1.605358,0.000000,0.000000,0.000000
54.480000000000004,ground_truth,1.898163,-6.277066,-1.605454,0.000000,0.000000,0.000000
54.5,ground_truth,1.897664,-6.292543,-1.606883,0.000000,0.000000,0.000000
54.52,ground_truth,1.897178,-6.308887,-1.609603,0.000000,0.000000,0.000000
54.540000000000006,ground_truth,1.896624,-6.325918,-1.612066,0.000000,0.000000,0.000000
54.56,ground_truth,1.896005,-6.343502,-1.614268,0.000000,0.000000,0.000000
54.580000000000005,ground_truth,1.895304,-6.361516,-1.615718,0.000000,0.000000,0.000000
54.6,ground_truth,1.894543,-6.379889,-1.616709,0.000000,0.000000,0.000000
54.620000000000005,ground_truth,1.893716,-6.398542,-1.616886,0.000000,0.000000,0.000000
54.64,ground_truth,1.892866,-6.417449,-1.616947,0.000000,0.000000,0.000000
54.660000000000004,ground_truth,1.891989,-6.436572,-1.616771,0.000000,0.000000,0.000000
54.68000000000001,ground_truth,1.891093,-6.455908,-1.616466,0.000000,0.000000,0.000000
54.7,ground_truth,1.890183,-6.475068,-1.615752,0.000000,0.000000,0.000000
54.720000000000006,ground_truth,1.889269,-6.494264,-1.614901,0.000000,0.000000,0.000000
54.74,ground_truth,1.888370,-6.513277,-1.614040,0.000000,0.000000,0.000000
54.760000000000005,ground_truth,1.887475,-6.532295,-1.613093,0.000000,0.000000,0.000000
54.78,ground_truth,1.886560,-6.550829,-1.611778,0.000000,0.000000,0.000000
54.800000000000004,ground_truth,1.885648,-6.569503,-1.610502,0.000000,0.000000,0.000000
54.82,ground_truth,1.884758,-6.588140,-1.609455,0.000000,0.000000,0.000000
54.84,ground_truth,1.883947,-6.606001,-1.609102,0.000000,0.000000,0.000000
54.86000000000001,ground_truth,1.883173,-6.623737,-1.608936,0.000000,0.000000,0.000000
54.88,ground_truth,1.882439,-6.641263,-1.609052,0.000000,0.000000,0.000000
54.900000000000006,ground_truth,1.881688,-6.659246,-1.608865,0.000000,0.000000,0.000000
54.92,ground_truth,1.880970,-6.676977,-1.608911,0.000000,0.000000,0.000000
54.940000000000005,ground_truth,1.880335,-6.693195,-1.609164,0.000000,0.000000,0.000000
54.96,ground_truth,1.879799,-6.708875,-1.610399,0.000000,0.000000,0.000000
54.980000000000004,ground_truth,1.879301,-6.723249,-1.611042,0.000000,0.000000,0.000000
55.0,ground_truth,1.878799,-6.737829,-1.611794,0.000000,0.000000,0.000000
55.02,ground_truth,1.878097,-6.751840,-1.606112,0.000000,0.000000,0.000000
55.040000000000006,ground_truth,1.877388,-6.766650,-1.599015,0.000000,0.000000,0.000000
55.06,ground_truth,1.876728,-6.782387,-1.592273,0.000000,0.000000,0.000000
55.080000000000005,ground_truth,1.876182,-6.798929,-1.587011,0.000000,0.000000,0.000000
55.1,ground_truth,1.875710,-6.816109,-1.582393,0.000000,0.000000,0.000000
55.120000000000005,ground_truth,1.875348,-6.833826,-1.579101,0.000000,0.000000,0.000000
55.14,ground_truth,1.875090,-6.851993,-1.577251,0.000000,0.000000,0.000000
55.160000000000004,ground_truth,1.874889,-6.870516,-1.576079,0.000000,0.000000,0.000000
55.18000000000001,ground_truth,1.874772,-6.889337,-1.576368,0.000000,0.000000,0.000000
55.2,ground_truth,1.874655,-6.908389,-1.576633,0.000000,0.000000,0.000000
55.220000000000006,ground_truth,1.874528,-6.927608,-1.576681,0.000000,0.000000,0.000000
55.24,ground_truth,1.874411,-6.946978,-1.576885,0.000000,0.000000,0.000000
55.260000000000005,ground_truth,1.874293,-6.966475,-1.577109,0.000000,0.000000,0.000000
55.28,ground_truth,1.874182,-6.985840,-1.577483,0.000000,0.000000,0.000000
55.300000000000004,ground_truth,1.874072,-7.004887,-1.577927,0.000000,0.000000,0.000000
55.32,ground_truth,1.873971,-7.023442,-1.578633,0.000000,0.000000,0.000000
55.34,ground_truth,1.873866,-7.042299,-1.579512,0.000000,0.000000,0.000000
55.36000000000001,ground_truth,1.873746,-7.061371,-1.580393,0.000000,0.000000,0.000000
55.38,ground_truth,1.873545,-7.079935,-1.579800,0.000000,0.000000,0.000000
55.400000000000006,ground_truth,1.873352,-7.098460,-1.579378,0.000000,0.000000,0.000000
55.42,ground_truth,1.873139,-7.116527,-1.578623,0.000000,0.000000,0.000000
55.440000000000005,ground_truth,1.872948,-7.134548,-1.578205,0.000000,0.000000,0.000000
55.46,ground_truth,1.872734,-7.151748,-1.577538,0.000000,0.000000,0.000000
55.480000000000004,ground_truth,1.872557,-7.169048,-1.577264,0.000000,0.000000,0.000000
55.5,ground_truth,1.872391,-7.185799,-1.576779,0.000000,0.000000,0.000000
55.52,ground_truth,1.872234,-7.202136,-1.576620,0.000000,0.000000,0.000000
55.540000000000006,ground_truth,1.872106,-7.218589,-1.576809,0.000000,0.000000,0.000000
55.56,ground_truth,1.871924,-7.233486,-1.576121,0.000000,0.000000,0.000000
55.580000000000005,ground_truth,1.871777,-7.247883,-1.575889,0.000000,0.000000,0.000000
55.6,ground_truth,1.871635,-7.261279,-1.575452,0.000000,0.000000,0.000000
55.620000000000005,ground_truth,1.871525,-7.274355,-1.575242,0.000000,0.000000,0.000000
55.64,ground_truth,1.871417,-7.287732,-1.574929,0.000000,0.000000,0.000000
55.660000000000004,ground_truth,1.871299,-7.302110,-1.574451,0.000000,0.000000,0.000000
55.68000000000001,ground_truth,1.871185,-7.317345,-1.574021,0.000000,0.000000,0.000000
55.7,ground_truth,1.871076,-7.333306,-1.573654,0.000000,0.000000,0.000000
55.720000000000006,ground_truth,1.870976,-7.349880,-1.573393,0.000000,0.000000,0.000000
55.74,ground_truth,1.870886,-7.366971,-1.573238,0.000000,0.000000,0.000000
55.760000000000005,ground_truth,1.870806,-7.384499,-1.573198,0.000000,0.000000,0.000000
55.78,ground_truth,1.870745,-7.402439,-1.573434,0.000000,0.000000,0.000000
55.800000000000004,ground_truth,1.870711,-7.420867,-1.574466,0.000000,0.000000,0.000000
55.82,ground_truth,1.870661,-7.439642,-1.575696,0.000000,0.000000,0.000000
55.84,ground_truth,1.870583,-7.458676,-1.576897,0.000000,0.000000,0.000000
55.86000000000001,ground_truth,1.870453,-7.477745,-1.577448,0.000000,0.000000,0.000000
55.88,ground_truth,1.870294,-7.496581,-1.577149,0.000000,0.000000,0.000000
55.900000000000006,ground_truth,1.870141,-7.515179,-1.576722,0.000000,0.000000,0.000000
55.92,ground_truth,1.870007,-7.534080,-1.576561,0.000000,0.000000,0.000000
55.940000000000005,ground_truth,1.869890,-7.553211,-1.576710,0.000000,0.000000,0.000000
55.96,ground_truth,1.869729,-7.571950,-1.575997,0.000000,0.000000,0.000000
55.980000000000004,ground_truth,1.869539,-7.590388,-1.574811,0.000000,0.000000,0.000000
56.0,ground_truth,1.869300,-7.608215,-1.573253,0.000000,0.000000,0.000000
56.02,ground_truth,1.869111,-7.626397,-1.572059,0.000000,0.000000,0.000000
56.040000000000006,ground_truth,1.868993,-7.644413,-1.571742,0.000000,0.000000,0.000000
56.06,ground_truth,1.868988,-7.661310,-1.573059,0.000000,0.000000,0.000000
56.080000000000005,ground_truth,1.868965,-7.677982,-1.573876,0.000000,0.000000,0.000000
56.1,ground_truth,1.868974,-7.693036,-1.574595,0.000000,0.000000,0.000000
56.120000000000005,ground_truth,1.868987,-7.708110,-1.575169,0.000000,0.000000,0.000000
56.14,ground_truth,1.868977,-7.722841,-1.575439,0.000000,0.000000,0.000000
56.160000000000004,ground_truth,1.868962,-7.737411,-1.575682,0.000000,0.000000,0.000000
56.18000000000001,ground_truth,1.868945,-7.750980,-1.575941,0.000000,0.000000,0.000000
56.2,ground_truth,1.868931,-7.763587,-1.576311,0.000000,0.000000,0.000000
56.220000000000006,ground_truth,1.868899,-7.776395,-1.576418,0.000000,0.000000,0.000000
56.24,ground_truth,1.868825,-7.788536,-1.576215,0.000000,0.000000,0.000000
56.260000000000005,ground_truth,1.868746,-7.800295,-1.575888,0.000000,0.000000,0.000000
56.28,ground_truth,1.868678,-7.812217,-1.575744,0.000000,0.000000,0.000000
56.300000000000004,ground_truth,1.868583,-7.823527,-1.575340,0.000000,0.000000,0.000000
56.32,ground_truth,1.868483,-7.834562,-1.575043,0.000000,0.000000,0.000000
56.34,ground_truth,1.868370,-7.844346,-1.574875,0.000000,0.000000,0.000000
56.36000000000001,ground_truth,1.868276,-7.854194,-1.574651,0.000000,0.000000,0.000000
56.38,ground_truth,1.868210,-7.863786,-1.574586,0.000000,0.000000,0.000000
56.400000000000006,ground_truth,1.868147,-7.872933,-1.574493,0.000000,0.000000,0.000000
56.42,ground_truth,1.868087,-7.881642,-1.574312,0.000000,0.000000,0.000000
56.440000000000005,ground_truth,1.868022,-7.889384,-1.574287,0.000000,0.000000,0.000000
56.46,ground_truth,1.867957,-7.897002,-1.573995,0.000000,0.000000,0.000000
56.480000000000004,ground_truth,1.867916,-7.903909,-1.574082,0.000000,0.000000,0.000000
56.5,ground_truth,1.867874,-7.911151,-1.573920,0.000000,0.000000,0.000000
56.52,ground_truth,1.867868,-7.917418,-1.574222,0.000000,0.000000,0.000000
56.540000000000006,ground_truth,1.867852,-7.923389,-1.574235,0.000000,0.000000,0.000000
56.56,ground_truth,1.867828,-7.929722,-1.574093,0.000000,0.000000,0.000000
56.580000000000005,ground_truth,1.867810,-7.935200,-1.574123,0.000000,0.000000,0.000000
56.6,ground_truth,1.867794,-7.940726,-1.574133,0.000000,0.000000,0.000000
56.620000000000005,ground_truth,1.867772,-7.946329,-1.574074,0.000000,0.000000,0.000000
56.64,ground_truth,1.867765,-7.951215,-1.574180,0.000000,0.000000,0.000000
56.660000000000004,ground_truth,1.867748,-7.956260,-1.574059,0.000000,0.000000,0.000000
56.68000000000001,ground_truth,1.867756,-7.960252,-1.574298,0.000000,0.000000,0.000000
56.7,ground_truth,1.867750,-7.964556,-1.574181,0.000000,0.000000,0.000000
56.720000000000006,ground_truth,1.867741,-7.968787,-1.574181,0.000000,0.000000,0.000000
56.74,ground_truth,1.867736,-7.972615,-1.574202,0.000000,0.000000,0.000000
56.760000000000005,ground_truth,1.867725,-7.976614,-1.574101,0.000000,0.000000,0.000000
56.78,ground_truth,1.867727,-7.980166,-1.574157,0.000000,0.000000,0.000000
56.800000000000004,ground_truth,1.867720,-7.983862,-1.574100,0.000000,0.000000,0.000000
56.82,ground_truth,1.867725,-7.987253,-1.574153,0.000000,0.000000,0.000000
56.84,ground_truth,1.867718,-7.990610,-1.574158,0.000000,0.000000,0.000000
56.86000000000001,ground_truth,1.867706,-7.994164,-1.574103,0.000000,0.000000,0.000000
56.88,ground_truth,1.867702,-7.997088,-1.574141,0.000000,0.000000,0.000000
56.900000000000006,ground_truth,1.867719,-7.999571,-1.574208,0.000000,0.000000,0.000000
56.92,ground_truth,1.867728,-8.001336,-1.574268,0.000000,0.000000,0.000000
56.940000000000005,ground_truth,1.867722,-8.003618,-1.574191,0.000000,0.000000,0.000000
56.96,ground_truth,1.867712,-8.006257,-1.574102,0.000000,0.000000,0.000000
56.980000000000004,ground_truth,1.867708,-8.008523,-1.574154,0.000000,0.000000,0.000000
57.0,ground_truth,1.867697,-8.011016,-1.574073,0.000000,0.000000,0.000000
57.02,ground_truth,1.867711,-8.013061,-1.574181,0.000000,0.000000,0.000000
57.040000000000006,ground_truth,1.867713,-8.014963,-1.574205,0.000000,0.000000,0.000000
57.06,ground_truth,1.867704,-8.017198,-1.574154,0.000000,0.000000,0.000000
57.080000000000005,ground_truth,1.867702,-8.019030,-1.574136,0.000000,0.000000,0.000000
57.1,ground_truth,1.867708,-8.020896,-1.574191,0.000000,0.000000,0.000000
57.120000000000005,ground_truth,1.867718,-8.022636,-1.574171,0.000000,0.000000,0.000000
57.14,ground_truth,1.867717,-8.024542,-1.574174,0.000000,0.000000,0.000000
57.160000000000004,ground_truth,1.867728,-8.026073,-1.574196,0.000000,0.000000,0.000000
57.18000000000001,ground_truth,1.867726,-8.027690,-1.574210,0.000000,0.000000,0.000000
57.2,ground_truth,1.867719,-8.029346,-1.574175,0.000000,0.000000,0.000000
57.220000000000006,ground_truth,1.867724,-8.030693,-1.574204,0.000000,0.000000,0.000000
57.24,ground_truth,1.867721,-8.032259,-1.574174,0.000000,0.000000,0.000000
57.260000000000005,ground_truth,1.867729,-8.033302,-1.574220,0.000000,0.000000,0.000000
57.28,ground_truth,1.867725,-8.034469,-1.574227,0.000000,0.000000,0.000000
57.300000000000004,ground_truth,1.867721,-8.035856,-1.574225,0.000000,0.000000,0.000000
57.32,ground_truth,1.867719,-8.036751,-1.574208,0.000000,0.000000,0.000000
57.34,ground_truth,1.867721,-8.037716,-1.574235,0.000000,0.000000,0.000000
57.36000000000001,ground_truth,1.867717,-8.038784,-1.574200,0.000000,0.000000,0.000000
57.38,ground_truth,1.867714,-8.039959,-1.574203,0.000000,0.000000,0.000000
57.400000000000006,ground_truth,1.867709,-8.041094,-1.574187,0.000000,0.000000,0.000000
57.42,ground_truth,1.867716,-8.041961,-1.574222,0.000000,0.000000,0.000000
57.440000000000005,ground_truth,1.867715,-8.042991,-1.574222,0.000000,0.000000,0.000000
57.46,ground_truth,1.867716,-8.043653,-1.574222,0.000000,0.000000,0.000000
57.480000000000004,ground_truth,1.867716,-8.044457,-1.574238,0.000000,0.000000,0.000000
57.50000000000001,ground_truth,1.867713,-8.045247,-1.574222,0.000000,0.000000,0.000000
57.52,ground_truth,1.867710,-8.046027,-1.574219,0.000000,0.000000,0.000000
57.540000000000006,ground_truth,1.867710,-8.046812,-1.574238,0.000000,0.000000,0.000000
57.56,ground_truth,1.867709,-8.047512,-1.574225,0.000000,0.000000,0.000000
57.580000000000005,ground_truth,1.867707,-8.048302,-1.574235,0.000000,0.000000,0.000000
57.6,ground_truth,1.867706,-8.048790,-1.574231,0.000000,0.000000,0.000000
57.620000000000005,ground_truth,1.867704,-8.049406,-1.574232,0.000000,0.000000,0.000000
57.64,ground_truth,1.867702,-8.050117,-1.574226,0.000000,0.000000,0.000000
57.660000000000004,ground_truth,1.867700,-8.050623,-1.574228,0.000000,0.000000,0.000000
57.68000000000001,ground_truth,1.867699,-8.051241,-1.574238,0.000000,0.000000,0.000000
57.7,ground_truth,1.867698,-8.051669,-1.574230,0.000000,0.000000,0.000000
57.720000000000006,ground_truth,1.867697,-8.052218,-1.574232,0.000000,0.000000,0.000000
57.74,ground_truth,1.867695,-8.052804,-1.574228,0.000000,0.000000,0.000000
57.760000000000005,ground_truth,1.867693,-8.053205,-1.574230,0.000000,0.000000,0.000000
57.78,ground_truth,1.867692,-8.053634,-1.574236,0.000000,0.000000,0.000000
57.800000000000004,ground_truth,1.867691,-8.054093,-1.574231,0.000000,0.000000,0.000000
57.82,ground_truth,1.867689,-8.054552,-1.574232,0.000000,0.000000,0.000000
57.84,ground_truth,1.867688,-8.055013,-1.574228,0.000000,0.000000,0.000000
57.86000000000001,ground_truth,1.867687,-8.055346,-1.574231,0.000000,0.000000,0.000000
57.88,ground_truth,1.867686,-8.055754,-1.574232,0.000000,0.000000,0.000000
57.900000000000006,ground_truth,1.867685,-8.056012,-1.574230,0.000000,0.000000,0.000000
57.92,ground_truth,1.867684,-8.056347,-1.574232,0.000000,0.000000,0.000000
57.940000000000005,ground_truth,1.867682,-8.056698,-1.574229,0.000000,0.000000,0.000000
57.96,ground_truth,1.867681,-8.057013,-1.574228,0.000000,0.000000,0.000000
57.980000000000004,ground_truth,1.867680,-8.057345,-1.574229,0.000000,0.000000,0.000000
58.00000000000001,ground_truth,1.867679,-8.057573,-1.574227,0.000000,0.000000,0.000000
58.02,ground_truth,1.867678,-8.057862,-1.574228,0.000000,0.000000,0.000000
58.040000000000006,ground_truth,1.867678,-8.058141,-1.574225,0.000000,0.000000,0.000000
58.06,ground_truth,1.867677,-8.058396,-1.574224,0.000000,0.000000,0.000000
58.080000000000005,ground_truth,1.867676,-8.058694,-1.574222,0.000000,0.000000,0.000000
58.1,ground_truth,1.867675,-8.058859,-1.574223,0.000000,0.000000,0.000000
58.120000000000005,ground_truth,1.867674,-8.059129,-1.574222,0.000000,0.000000,0.000000
58.14,ground_truth,1.867674,-8.059296,-1.574220,0.000000,0.000000,0.000000
58.160000000000004,ground_truth,1.867673,-8.059478,-1.574220,0.000000,0.000000,0.000000
58.18000000000001,ground_truth,1.867672,-8.059711,-1.574218,0.000000,0.000000,0.000000
58.2,ground_truth,1.867672,-8.059871,-1.574218,0.000000,0.000000,0.000000
58.220000000000006,ground_truth,1.867671,-8.060092,-1.574215,0.000000,0.000000,0.000000
58.24,ground_truth,1.867671,-8.060199,-1.574215,0.000000,0.000000,0.000000
58.260000000000005,ground_truth,1.867670,-8.060352,-1.574215,0.000000,0.000000,0.000000
58.28,ground_truth,1.867669,-8.060536,-1.574213,0.000000,0.000000,0.000000
58.300000000000004,ground_truth,1.867669,-8.060693,-1.574211,0.000000,0.000000,0.000000
58.32,ground_truth,1.867668,-8.060877,-1.574209,0.000000,0.000000,0.000000
58.34,ground_truth,1.867668,-8.060981,-1.574209,0.000000,0.000000,0.000000
58.36000000000001,ground_truth,1.867667,-8.061118,-1.574208,0.000000,0.000000,0.000000
58.38,ground_truth,1.867667,-8.061245,-1.574206,0.000000,0.000000,0.000000
58.400000000000006,ground_truth,1.867667,-8.061383,-1.574205,0.000000,0.000000,0.000000
58.42,ground_truth,1.867666,-8.061520,-1.574203,0.000000,0.000000,0.000000
58.440000000000005,ground_truth,1.867666,-8.061615,-1.574202,0.000000,0.000000,0.000000
58.46,ground_truth,1.867665,-8.061733,-1.574201,0.000000,0.000000,0.000000
58.480000000000004,ground_truth,1.867665,-8.061830,-1.574200,0.000000,0.000000,0.000000
58.50000000000001,ground_truth,1.867665,-8.061939,-1.574198,0.000000,0.000000,0.000000
58.52,ground_truth,1.867664,-8.062035,-1.574197,0.000000,0.000000,0.000000
58.540000000000006,ground_truth,1.867664,-8.062127,-1.574195,0.000000,0.000000,0.000000
58.56,ground_truth,1.867664,-8.062227,-1.574194,0.000000,0.000000,0.000000
58.580000000000005,ground_truth,1.867663,-8.062289,-1.574193,0.000000,0.000000,0.000000
58.6,ground_truth,1.867663,-8.062384,-1.574191,0.000000,0.000000,0.000000
58.620000000000005,ground_truth,1.867663,-8.062461,-1.574190,0.000000,0.000000,0.000000
58.64,ground_truth,1.867663,-8.062538,-1.574188,0.000000,0.000000,0.000000
58.660000000000004,ground_truth,1.867662,-8.062618,-1.574186,0.000000,0.000000,0.000000
58.68000000000001,ground_truth,1.867662,-8.062685,-1.574185,0.000000,0.000000,0.000000
58.7,ground_truth,1.867662,-8.062738,-1.574184,0.000000,0.000000,0.000000
58.720000000000006,ground_truth,1.867662,-8.062814,-1.574182,0.000000,0.000000,0.000000
58.74,ground_truth,1.867661,-8.062879,-1.574180,0.000000,0.000000,0.000000
58.760000000000005,ground_truth,1.867661,-8.062953,-1.574178,0.000000,0.000000,0.000000
58.78,ground_truth,1.867661,-8.062998,-1.574177,0.000000,0.000000,0.000000
58.800000000000004,ground_truth,1.867661,-8.063056,-1.574175,0.000000,0.000000,0.000000
58.82,ground_truth,1.867661,-8.063099,-1.574174,0.000000,0.000000,0.000000
58.84,ground_truth,1.867660,-8.063156,-1.574172,0.000000,0.000000,0.000000
58.86000000000001,ground_truth,1.867660,-8.063198,-1.574171,0.000000,0.000000,0.000000
58.88,ground_truth,1.867660,-8.063241,-1.574169,0.000000,0.000000,0.000000
58.900000000000006,ground_truth,1.867660,-8.063296,-1.574167,0.000000,0.000000,0.000000
58.92,ground_truth,1.867660,-8.063334,-1.574166,0.000000,0.000000,0.000000
58.940000000000005,ground_truth,1.867660,-8.063373,-1.574164,0.000000,0.000000,0.000000
58.96,ground_truth,1.867659,-8.063414,-1.574163,0.000000,0.000000,0.000000
0.034,hybrid,0.000000,0.000000,0.000000,0.100000,0.100000,0.050000
0.068,hybrid,0.000000,0.000000,0.000000,0.100000,0.100000,0.050000
0.10200000000000001,hybrid,0.000000,0.000000,0.000000,0.100000,0.100000,0.050000
0.136,hybrid,0.000000,0.000000,0.000000,0.100000,0.100000,0.050000
0.17,hybrid,0.000000,0.000000,0.000000,0.100000,0.100000,0.050000
0.20400000000000001,hybrid,0.000000,0.000000,0.000000,0.100000,0.100000,0.050000
0.23800000000000002,hybrid,0.000000,0.000000,0.000000,0.100000,0.100000,0.050000
0.272,hybrid,0.000000,0.000000,0.000000,0.100000,0.100000,0.050000
0.306,hybrid,0.000000,0.000000,0.000000,0.100000,0.100000,0.050000
0.34,hybrid,0.000000,0.000000,0.000000,0.100000,0.100000,0.050000
0.374,hybrid,0.000000,0.000000,0.000000,0.100000,0.100000,0.050000
0.40800000000000003,hybrid,0.000000,0.000000,0.000000,0.100000,0.100000,0.050000
0.442,hybrid,0.000000,0.000000,0.000000,0.100000,0.100000,0.050000
0.47600000000000003,hybrid,0.000000,0.000000,0.000000,0.100000,0.100000,0.050000
0.51,hybrid,0.000000,0.000000,0.000000,0.100000,0.100000,0.050000
0.544,hybrid,0.000000,0.000000,0.000000,0.100000,0.100000,0.050000
0.5780000000000001,hybrid,0.000000,0.000000,0.000000,0.100000,0.100000,0.050000
0.612,hybrid,0.000000,0.000000,0.000000,0.100000,0.100000,0.050000
0.646,hybrid,0.000000,0.000000,0.000000,0.100000,0.100000,0.050000
0.68,hybrid,0.000000,0.000000,0.000000,0.100000,0.100000,0.050000
0.7140000000000001,hybrid,0.000000,0.000000,0.000000,0.100000,0.100000,0.050000
0.748,hybrid,0.000000,0.000000,0.000000,0.100000,0.100000,0.050000
0.782,hybrid,0.000000,0.000000,0.000000,0.100000,0.100000,0.050000
0.8160000000000001,hybrid,0.000000,0.000000,0.000000,0.100000,0.100000,0.050000
0.8500000000000001,hybrid,0.000000,0.000000,0.000000,0.100000,0.100000,0.050000
0.884,hybrid,0.000000,0.000000,0.000000,0.100000,0.100000,0.050000
0.918,hybrid,0.000000,0.000000,0.000000,0.100000,0.100000,0.050000
0.9520000000000001,hybrid,0.000000,0.000000,0.000000,0.100000,0.100000,0.050000
0.9860000000000001,hybrid,0.000000,0.000000,0.000000,0.100000,0.100000,0.050000
1.02,hybrid,0.000000,0.000000,0.000000,0.100000,0.100000,0.050000
1.054,hybrid,0.000000,0.000000,0.000000,0.100000,0.100000,0.050000
1.088,hybrid,0.000000,0.000000,0.000000,0.100000,0.100000,0.050000
1.122,hybrid,0.000000,0.000000,0.000000,0.100000,0.100000,0.050000
1.1560000000000001,hybrid,0.000000,0.000000,0.000000,0.100000,0.100000,0.050000
1.1900000000000002,hybrid,0.000000,0.000000,0.000000,0.100000,0.100000,0.050000
1.224,hybrid,0.000000,0.000000,0.000000,0.100000,0.100000,0.050000
1.258,hybrid,0.000000,0.000000,0.000000,0.100000,0.100000,0.050000
1.292,hybrid,0.000000,0.000000,0.000000,0.100000,0.100000,0.050000
1.326,hybrid,0.000000,0.000000,0.000000,0.100000,0.100000,0.050000
1.36,hybrid,0.000000,0.000000,0.000000,0.100000,0.100000,0.050000
1.3940000000000001,hybrid,0.000000,0.000000,0.000000,0.100000,0.100000,0.050000
1.4280000000000002,hybrid,0.000000,0.000000,0.000000,0.100000,0.100000,0.050000
1.4620000000000002,hybrid,0.000000,0.000000,0.000000,0.100000,0.100000,0.050000
1.496,hybrid,0.000000,0.000000,0.000000,0.100000,0.100000,0.050000
1.53,hybrid,0.000000,0.000000,0.000000,0.100000,0.100000,0.050000
1.564,hybrid,0.000000,0.000000,0.000000,0.100000,0.100000,0.050000
1.598,hybrid,0.000000,0.000000,0.000000,0.100000,0.100000,0.050000
1.6320000000000001,hybrid,0.000000,0.000000,0.000000,0.100000,0.100000,0.050000
1.6660000000000001,hybrid,0.000000,0.000000,0.000000,0.100000,0.100000,0.050000
1.7000000000000002,hybrid,0.000000,0.000000,0.000000,0.100000,0.100000,0.050000
1.7340000000000002,hybrid,0.000000,0.000000,0.000000,0.100000,0.100000,0.050000
1.768,hybrid,0.000000,0.000000,0.000000,0.100000,0.100000,0.050000
1.802,hybrid,0.000000,0.000000,0.000000,0.100000,0.100000,0.050000
1.836,hybrid,0.000000,0.000000,0.000000,0.100000,0.100000,0.050000
1.87,hybrid,0.000000,0.000000,0.000000,0.100000,0.100000,0.050000
1.9040000000000001,hybrid,0.000000,0.000000,0.000000,0.100000,0.100000,0.050000
1.9380000000000002,hybrid,0.000000,0.000000,0.000000,0.100000,0.100000,0.050000
1.9720000000000002,hybrid,0.000000,0.000000,0.000000,0.100000,0.100000,0.050000
2.0060000000000002,hybrid,0.000000,0.000000,0.000000,0.100000,0.100000,0.050000
2.04,hybrid,0.000000,0.000000,0.000000,0.100000,0.100000,0.050000
2.0740000000000003,hybrid,0.000000,0.000000,0.000000,0.100000,0.100000,0.050000
2.108,hybrid,0.000000,0.000000,0.000000,0.100000,0.100000,0.050000
2.1420000000000003,hybrid,0.000000,0.000000,0.000000,0.100000,0.100000,0.050000
2.176,hybrid,0.000000,0.000000,0.000000,0.100000,0.100000,0.050000
2.21,hybrid,0.000000,0.000000,0.000000,0.100000,0.100000,0.050000
2.244,hybrid,0.000000,0.000000,0.000000,0.100000,0.100000,0.050000
2.278,hybrid,0.000000,0.000000,0.000000,0.100000,0.100000,0.050000
2.3120000000000003,hybrid,0.000000,0.000000,0.000000,0.100000,0.100000,0.050000
2.346,hybrid,0.000000,0.000000,0.000000,0.100000,0.100000,0.050000
2.3800000000000003,hybrid,0.000000,0.000000,0.000000,0.100000,0.100000,0.050000
2.414,hybrid,0.000000,0.000000,0.000000,0.100000,0.100000,0.050000
2.448,hybrid,0.000000,0.000000,0.000000,0.100000,0.100000,0.050000
2.482,hybrid,0.000000,0.000000,0.000000,0.100000,0.100000,0.050000
2.516,hybrid,0.000000,0.000000,0.000000,0.100000,0.100000,0.050000
2.5500000000000003,hybrid,0.000000,0.000000,0.000000,0.100000,0.100000,0.050000
2.584,hybrid,0.000000,0.000000,0.000000,0.100000,0.100000,0.050000
2.6180000000000003,hybrid,0.000000,0.000000,0.000000,0.100000,0.100000,0.050000
2.652,hybrid,0.000000,0.000000,0.000000,0.100000,0.100000,0.050000
2.6860000000000004,hybrid,0.000000,0.000000,0.000000,0.100000,0.100000,0.050000
2.72,hybrid,0.000000,0.000000,0.000000,0.100000,0.100000,0.050000
2.754,hybrid,0.000000,0.000000,0.000000,0.100000,0.100000,0.050000
2.7880000000000003,hybrid,0.000000,0.000000,0.000000,0.100000,0.100000,0.050000
2.822,hybrid,0.000000,0.000000,0.000000,0.100000,0.100000,0.050000
2.8560000000000003,hybrid,0.000000,0.000000,0.000000,0.100000,0.100000,0.050000
2.89,hybrid,0.000000,0.000000,0.000000,0.100000,0.100000,0.050000
2.9240000000000004,hybrid,0.000000,0.000000,0.000000,0.100000,0.100000,0.050000
2.958,hybrid,0.000000,0.000000,0.000000,0.100000,0.100000,0.050000
2.992,hybrid,0.000000,0.000000,0.000000,0.100000,0.100000,0.050000
3.0260000000000002,hybrid,0.000000,0.000000,0.000000,0.100000,0.100000,0.050000
3.06,hybrid,0.000000,0.000000,0.000000,0.100000,0.100000,0.050000
3.0940000000000003,hybrid,0.000000,0.000000,0.000000,0.100000,0.100000,0.050000
3.128,hybrid,0.000000,0.000000,0.000000,0.100000,0.100000,0.050000
3.1620000000000004,hybrid,0.000000,0.000000,0.000000,0.100000,0.100000,0.050000
3.196,hybrid,0.000000,0.000000,0.000000,0.100000,0.100000,0.050000
3.23,hybrid,0.000000,0.000000,0.000000,0.100000,0.100000,0.050000
3.2640000000000002,hybrid,0.000000,0.000000,0.000000,0.100000,0.100000,0.050000
3.298,hybrid,0.000000,0.000000,0.000000,0.100000,0.100000,0.050000
3.3320000000000003,hybrid,0.000000,0.000000,0.000000,0.100000,0.100000,0.050000
3.366,hybrid,0.000000,0.000000,0.000000,0.100000,0.100000,0.050000
3.4000000000000004,hybrid,0.000000,0.000000,0.000000,0.100000,0.100000,0.050000
3.434,hybrid,0.000000,0.000000,0.000000,0.100000,0.100000,0.050000
3.4680000000000004,hybrid,0.000000,0.000000,0.000000,0.100000,0.100000,0.050000
3.5020000000000002,hybrid,0.000000,0.000000,0.000000,0.100000,0.100000,0.050000
3.536,hybrid,0.000000,0.000000,0.000000,0.100000,0.100000,0.050000
3.5700000000000003,hybrid,0.000000,0.000000,0.000000,0.100000,0.100000,0.050000
3.604,hybrid,0.000000,0.000000,0.000000,0.100000,0.100000,0.050000
3.6380000000000003,hybrid,0.000000,0.000000,0.000000,0.100000,0.100000,0.050000
3.672,hybrid,0.000000,0.000000,0.000000,0.100000,0.100000,0.050000
3.7060000000000004,hybrid,0.000000,0.000000,0.000000,0.100000,0.100000,0.050000
3.74,hybrid,0.000000,0.000000,0.000000,0.100000,0.100000,0.050000
3.774,hybrid,0.000000,0.000000,0.000000,0.100000,0.100000,0.050000
3.8080000000000003,hybrid,0.000000,0.000000,0.000000,0.100000,0.100000,0.050000
3.842,hybrid,0.000000,0.000000,0.000000,0.100000,0.100000,0.050000
3.8760000000000003,hybrid,0.000000,0.000000,0.000000,0.100000,0.100000,0.050000
3.91,hybrid,0.000000,0.000000,0.000000,0.100000,0.100000,0.050000
3.9440000000000004,hybrid,0.000000,0.000000,0.000000,0.100000,0.100000,0.050000
3.978,hybrid,0.000000,0.000000,0.000000,0.100000,0.100000,0.050000
4.0120000000000005,hybrid,0.000000,0.000000,0.000000,0.100000,0.100000,0.050000
4.046,hybrid,0.000000,0.000000,0.000000,0.100000,0.100000,0.050000
4.08,hybrid,0.000000,0.000000,0.000000,0.100000,0.100000,0.050000
4.114,hybrid,0.000000,0.000000,0.000000,0.100000,0.100000,0.050000
4.148000000000001,hybrid,0.000000,0.000000,0.000000,0.100000,0.100000,0.050000
4.182,hybrid,0.000000,0.000000,0.000000,0.100000,0.100000,0.050000
4.216,hybrid,0.000000,0.000000,0.000000,0.100000,0.100000,0.050000
4.25,hybrid,0.000000,0.000000,0.000000,0.100000,0.100000,0.050000
4.284000000000001,hybrid,0.000000,0.000000,0.000000,0.100000,0.100000,0.050000
4.3180000000000005,hybrid,0.000000,0.000000,0.000000,0.100000,0.100000,0.050000
4.352,hybrid,0.000000,0.000000,0.000000,0.100000,0.100000,0.050000
4.386,hybrid,0.000000,0.000000,0.000000,0.100000,0.100000,0.050000
4.42,hybrid,0.000000,0.000000,0.000000,0.100000,0.100000,0.050000
4.454000000000001,hybrid,0.000000,0.000000,0.000000,0.100000,0.100000,0.050000
4.488,hybrid,0.000000,0.000000,0.000000,0.100000,0.100000,0.050000
4.522,hybrid,0.000000,0.000000,0.000000,0.100000,0.100000,0.050000
4.556,hybrid,0.000000,0.000000,0.000000,0.100000,0.100000,0.050000
4.59,hybrid,0.000000,0.000000,0.000000,0.100000,0.100000,0.050000
4.6240000000000006,hybrid,0.000000,0.000000,0.000000,0.100000,0.100000,0.050000
4.658,hybrid,0.000000,0.000000,0.000000,0.100000,0.100000,0.050000
4.692,hybrid,0.000000,0.000000,0.000000,0.100000,0.100000,0.050000
4.726,hybrid,0.000000,0.000000,0.000000,0.100000,0.100000,0.050000
4.760000000000001,hybrid,0.000000,0.000000,0.000000,0.100000,0.100000,0.050000
4.7940000000000005,hybrid,0.000000,0.000000,0.000000,0.100000,0.100000,0.050000
4.828,hybrid,0.000000,0.000000,0.000000,0.100000,0.100000,0.050000
4.862,hybrid,0.000000,0.000000,0.000000,0.100000,0.100000,0.050000
4.896,hybrid,0.000000,0.000000,0.000000,0.100000,0.100000,0.050000
4.930000000000001,hybrid,0.000000,0.000000,0.000000,0.100000,0.100000,0.050000
4.964,hybrid,0.000000,0.000000,0.000000,0.100000,0.100000,0.050000
4.998,hybrid,0.000000,0.000000,0.000000,0.100000,0.100000,0.050000
5.032,hybrid,0.000000,0.000000,0.000000,0.100000,0.100000,0.050000
5.066000000000001,hybrid,0.000000,0.000000,0.000000,0.100000,0.100000,0.050000
5.1000000000000005,hybrid,0.000000,0.000000,0.000000,0.100000,0.100000,0.050000
5.134,hybrid,0.000000,0.000000,0.000000,0.100000,0.100000,0.050000
5.168,hybrid,0.000000,0.000000,0.000000,0.100000,0.100000,0.050000
5.202,hybrid,0.000000,0.000000,0.000000,0.100000,0.100000,0.050000
5.236000000000001,hybrid,0.000000,0.000000,0.000000,0.100000,0.100000,0.050000
5.2700000000000005,hybrid,0.000000,0.000000,0.000000,0.100000,0.100000,0.050000
5.304,hybrid,0.000000,0.000000,0.000000,0.100000,0.100000,0.050000
5.338,hybrid,0.000000,0.000000,0.000000,0.100000,0.100000,0.050000
5.372000000000001,hybrid,0.000000,0.000000,0.000000,0.100000,0.100000,0.050000
5.406000000000001,hybrid,0.000000,0.000000,0.000000,0.100000,0.100000,0.050000
5.44,hybrid,0.000000,0.000000,0.000000,0.100000,0.100000,0.050000
5.474,hybrid,0.000000,0.000000,0.000000,0.100000,0.100000,0.050000
5.508,hybrid,0.000000,0.000000,0.000000,0.100000,0.100000,0.050000
5.542000000000001,hybrid,0.000000,0.000000,0.000000,0.100000,0.100000,0.050000
5.5760000000000005,hybrid,0.000000,0.000000,0.000000,0.100000,0.100000,0.050000
5.61,hybrid,0.000000,0.000000,0.000000,0.100000,0.100000,0.050000
5.644,hybrid,0.000000,0.000000,0.000000,0.100000,0.100000,0.050000
5.678,hybrid,0.000000,0.000000,0.000000,0.100000,0.100000,0.050000
5.712000000000001,hybrid,0.000000,0.000000,0.000000,0.100000,0.100000,0.050000
5.746,hybrid,0.000000,0.000000,0.000000,0.100000,0.100000,0.050000
5.78,hybrid,0.000000,0.000000,0.000000,0.100000,0.100000,0.050000
5.814,hybrid,0.000000,0.000000,0.000000,0.100000,0.100000,0.050000
5.848000000000001,hybrid,0.000000,0.000000,0.000000,0.100000,0.100000,0.050000
5.882000000000001,hybrid,0.000000,0.000000,0.000000,0.100000,0.100000,0.050000
5.916,hybrid,0.000000,0.000000,0.000000,0.100000,0.100000,0.050000
5.95,hybrid,0.000000,0.000000,0.000000,0.100000,0.100000,0.050000
5.984,hybrid,0.000000,0.000000,0.000000,0.100000,0.100000,0.050000
6.018000000000001,hybrid,0.000000,0.000000,0.000000,0.100000,0.100000,0.050000
6.0520000000000005,hybrid,0.000000,0.000000,0.000000,0.100000,0.100000,0.050000
6.086,hybrid,0.000000,0.000000,0.000000,0.100000,0.100000,0.050000
6.12,hybrid,0.000000,0.000000,0.000000,0.100000,0.100000,0.050000
6.154000000000001,hybrid,0.000000,0.000000,0.000000,0.100000,0.100000,0.050000
6.188000000000001,hybrid,0.000000,0.000000,0.000000,0.100000,0.100000,0.050000
6.222,hybrid,0.000000,0.000000,0.000000,0.100000,0.100000,0.050000
6.256,hybrid,0.000000,0.000000,0.000000,0.100000,0.100000,0.050000
6.29,hybrid,0.000000,0.000000,0.000000,0.100000,0.100000,0.050000
6.324000000000001,hybrid,0.000000,0.000000,0.000000,0.100000,0.100000,0.050000
6.3580000000000005,hybrid,0.000000,0.000000,0.000000,0.100000,0.100000,0.050000
6.392,hybrid,0.000000,0.000000,0.000000,0.100000,0.100000,0.050000
6.426,hybrid,0.000000,0.000000,0.000000,0.100000,0.100000,0.050000
6.46,hybrid,0.000000,0.000000,0.000000,0.100000,0.100000,0.050000
6.494000000000001,hybrid,0.000000,0.000000,0.000000,0.100000,0.100000,0.050000
6.5280000000000005,hybrid,0.000000,0.000000,0.000000,0.100000,0.100000,0.050000
6.562,hybrid,0.000000,0.000000,0.000000,0.100000,0.100000,0.050000
6.596,hybrid,0.000000,0.000000,0.000000,0.100000,0.100000,0.050000
6.630000000000001,hybrid,0.000000,0.000000,0.000000,0.100000,0.100000,0.050000
6.664000000000001,hybrid,0.000000,0.000000,0.000000,0.100000,0.100000,0.050000
6.698,hybrid,0.000000,0.000000,0.000000,0.100000,0.100000,0.050000
6.732,hybrid,0.000000,0.000000,0.000000,0.100000,0.100000,0.050000
6.766,hybrid,0.000000,0.000000,0.000000,0.100000,0.100000,0.050000
6.800000000000001,hybrid,0.000000,0.000000,0.000000,0.100000,0.100000,0.050000
6.8340000000000005,hybrid,0.000000,0.000000,0.000000,0.100000,0.100000,0.050000
6.868,hybrid,0.000000,0.000000,0.000000,0.100000,0.100000,0.050000
6.902,hybrid,0.000000,0.000000,0.000000,0.100000,0.100000,0.050000
6.936000000000001,hybrid,0.000000,0.000000,0.000000,0.100000,0.100000,0.050000
6.970000000000001,hybrid,0.000000,0.000000,0.000000,0.100000,0.100000,0.050000
7.0040000000000004,hybrid,0.000000,0.000000,0.000000,0.100000,0.100000,0.050000
7.038,hybrid,0.000000,0.000000,0.000000,0.100000,0.100000,0.050000
7.072,hybrid,0.000000,0.000000,0.000000,0.100000,0.100000,0.050000
7.106000000000001,hybrid,0.000000,0.000000,0.000000,0.100000,0.100000,0.050000
7.140000000000001,hybrid,0.000000,0.000000,0.000000,0.100000,0.100000,0.050000
7.174,hybrid,0.000000,0.000000,0.000000,0.100000,0.100000,0.050000
7.208,hybrid,0.000000,0.000000,0.000000,0.100000,0.100000,0.050000
7.242000000000001,hybrid,0.000000,0.000000,0.000000,0.100000,0.100000,0.050000
7.276000000000001,hybrid,0.000000,0.000000,0.000000,0.100000,0.100000,0.050000
7.3100000000000005,hybrid,0.000000,0.000000,0.000000,0.100000,0.100000,0.050000
7.344,hybrid,0.000000,0.000000,0.000000,0.100000,0.100000,0.050000
7.378,hybrid,0.000000,0.000000,0.000000,0.100000,0.100000,0.050000
7.412000000000001,hybrid,0.000000,0.000000,0.000000,0.100000,0.100000,0.050000
7.446000000000001,hybrid,0.000000,0.000000,0.000000,0.100000,0.100000,0.050000
7.48,hybrid,0.000000,0.000000,0.000000,0.100000,0.100000,0.050000
7.514,hybrid,0.000000,0.000000,0.000000,0.100000,0.100000,0.050000
7.548,hybrid,0.000000,0.000000,0.000000,0.100000,0.100000,0.050000
7.582000000000001,hybrid,0.000000,0.000000,0.000000,0.100000,0.100000,0.050000
7.6160000000000005,hybrid,0.000000,0.000000,0.000000,0.100000,0.100000,0.050000
7.65,hybrid,0.000000,0.000000,0.000000,0.100000,0.100000,0.050000
7.684,hybrid,0.000000,0.000000,0.000000,0.100000,0.100000,0.050000
7.718000000000001,hybrid,0.000000,0.000000,0.000000,0.100000,0.100000,0.050000
7.752000000000001,hybrid,0.000000,0.000000,0.000000,0.100000,0.100000,0.050000
7.7860000000000005,hybrid,0.000000,0.000000,0.000000,0.100000,0.100000,0.050000
7.82,hybrid,0.000000,0.000000,0.000000,0.100000,0.100000,0.050000
7.854,hybrid,0.000000,0.000000,0.000000,0.100000,0.100000,0.050000
7.888000000000001,hybrid,0.000000,0.000000,0.000000,0.100000,0.100000,0.050000
7.922000000000001,hybrid,0.000000,0.000000,0.000000,0.100000,0.100000,0.050000
7.956,hybrid,0.000000,0.000000,0.000000,0.100000,0.100000,0.050000
7.99,hybrid,0.000000,0.000000,0.000000,0.100000,0.100000,0.050000
8.024000000000001,hybrid,0.000000,0.000000,0.000000,0.100000,0.100000,0.050000
8.058,hybrid,0.000000,0.000000,0.000000,0.100000,0.100000,0.050000
8.092,hybrid,0.000000,0.000000,0.000000,0.100000,0.100000,0.050000
8.126000000000001,hybrid,0.000000,0.000000,0.000000,0.100000,0.100000,0.050000
8.16,hybrid,0.000000,0.000000,0.000000,0.100000,0.100000,0.050000
8.194,hybrid,0.000000,0.000000,0.000000,0.100000,0.100000,0.050000
8.228,hybrid,0.000000,0.000000,0.000000,0.100000,0.100000,0.050000
8.262,hybrid,0.000000,0.000000,0.000000,0.100000,0.100000,0.050000
8.296000000000001,hybrid,0.000000,0.000000,0.000000,0.100000,0.100000,0.050000
8.33,hybrid,0.000000,0.000000,0.000000,0.100000,0.100000,0.050000
8.364,hybrid,0.000000,0.000000,0.000000,0.100000,0.100000,0.050000
8.398,hybrid,0.000000,0.000000,0.000000,0.100000,0.100000,0.050000
8.432,hybrid,0.000000,0.000000,0.000000,0.100000,0.100000,0.050000
8.466000000000001,hybrid,0.000000,0.000000,0.000000,0.100000,0.100000,0.050000
8.5,hybrid,0.000000,0.000000,0.000000,0.100000,0.100000,0.050000
8.534,hybrid,0.000000,0.000000,0.000000,0.100000,0.100000,0.050000
8.568000000000001,hybrid,0.000000,0.000000,0.000000,0.100000,0.100000,0.050000
8.602,hybrid,0.000000,0.000000,0.000000,0.100000,0.100000,0.050000
8.636000000000001,hybrid,0.000000,0.000000,0.000000,0.100000,0.100000,0.050000
8.67,hybrid,0.000000,0.000000,0.000000,0.100000,0.100000,0.050000
8.704,hybrid,0.000000,0.000000,0.000000,0.100000,0.100000,0.050000
8.738000000000001,hybrid,0.000000,0.000000,0.000000,0.100000,0.100000,0.050000
8.772,hybrid,0.000000,0.000000,0.000000,0.100000,0.100000,0.050000
8.806000000000001,hybrid,0.000000,0.000000,0.000000,0.100000,0.100000,0.050000
8.84,hybrid,0.000000,0.000000,0.000000,0.100000,0.100000,0.050000
8.874,hybrid,0.000000,0.000000,0.000000,0.100000,0.100000,0.050000
8.908000000000001,hybrid,0.000000,0.000000,0.000000,0.100000,0.100000,0.050000
8.942,hybrid,0.000000,0.000000,0.000000,0.100000,0.100000,0.050000
8.976,hybrid,0.000000,0.000000,0.000000,0.100000,0.100000,0.050000
9.01,hybrid,0.000000,0.000000,0.000000,0.100000,0.100000,0.050000
9.044,hybrid,0.000000,0.000000,0.000000,0.100000,0.100000,0.050000
9.044,hybrid,0.000000,0.000000,0.000000,0.100000,0.100000,0.050000
9.078000000000001,hybrid,-0.016721,0.004552,-0.001908,0.055024,0.056854,0.018566
9.112,hybrid,-0.016721,0.004552,-0.001908,0.055024,0.056854,0.018566
9.112,hybrid,-0.015077,-0.000274,-0.001698,0.045844,0.046952,0.013430
9.146,hybrid,-0.015077,-0.000274,-0.001698,0.045844,0.046952,0.013430
9.146,hybrid,-0.015077,-0.000274,-0.001698,0.045844,0.046952,0.013430
9.18,hybrid,-0.015150,-0.001647,-0.001663,0.039321,0.040935,0.011138
9.214,hybrid,-0.015150,-0.001647,-0.001663,0.039321,0.040935,0.011138
9.214,hybrid,-0.015150,-0.001647,-0.001663,0.035166,0.036812,0.009726
9.248000000000001,hybrid,-0.015150,-0.001647,-0.001663,0.035166,0.036812,0.009726
9.248000000000001,hybrid,-0.015150,-0.001647,-0.001663,0.035166,0.036812,0.009726
9.282,hybrid,-0.015202,-0.002588,-0.001610,0.032519,0.033558,0.008726
9.316,hybrid,-0.015202,-0.002588,-0.001610,0.032519,0.033558,0.008726
9.316,hybrid,-0.015354,-0.004175,-0.001438,0.029750,0.031004,0.007988
9.350000000000001,hybrid,-0.015354,-0.004175,-0.001438,0.029750,0.031004,0.007988
9.350000000000001,hybrid,-0.015354,-0.004175,-0.001438,0.027824,0.028254,0.007418
9.384,hybrid,-0.015354,-0.004175,-0.001438,0.027824,0.028254,0.007418
9.384,hybrid,-0.015354,-0.004175,-0.001438,0.027824,0.028254,0.007418
9.418000000000001,hybrid,-0.015354,-0.004175,-0.001438,0.025906,0.026869,0.006951
9.452,hybrid,-0.015354,-0.004175,-0.001438,0.025906,0.026869,0.006951
9.452,hybrid,-0.015354,-0.004175,-0.001438,0.024367,0.025830,0.006558
9.486,hybrid,-0.015354,-0.004175,-0.001438,0.024367,0.025830,0.006558
9.520000000000001,hybrid,-0.015354,-0.004175,-0.001438,0.024367,0.025830,0.006558
9.520000000000001,hybrid,-0.015354,-0.004175,-0.001438,0.023087,0.024859,0.006223
9.554,hybrid,-0.015354,-0.004175,-0.001438,0.023087,0.024859,0.006223
9.554,hybrid,-0.015431,-0.004512,-0.001404,0.022007,0.023530,0.005935
9.588000000000001,hybrid,-0.015431,-0.004512,-0.001404,0.022007,0.023530,0.005935
9.588000000000001,hybrid,-0.015431,-0.004512,-0.001404,0.022007,0.023530,0.005935
9.622,hybrid,-0.015431,-0.004512,-0.001404,0.021149,0.023151,0.005664
9.656,hybrid,-0.015431,-0.004512,-0.001404,0.021149,0.023151,0.005664
9.656,hybrid,-0.015591,-0.004432,-0.001335,0.020348,0.022298,0.005449
9.690000000000001,hybrid,-0.015591,-0.004432,-0.001335,0.020348,0.022298,0.005449
9.690000000000001,hybrid,-0.015591,-0.004432,-0.001335,0.020348,0.022298,0.005449
9.724,hybrid,-0.015703,-0.004148,-0.001324,0.019505,0.021487,0.005256
9.758000000000001,hybrid,-0.015703,-0.004148,-0.001324,0.019505,0.021487,0.005256
9.758000000000001,hybrid,-0.015703,-0.004148,-0.001324,0.018845,0.020920,0.005082
9.792,hybrid,-0.015703,-0.004148,-0.001324,0.018845,0.020920,0.005082
9.826,hybrid,-0.015703,-0.004148,-0.001324,0.018845,0.020920,0.005082
9.826,hybrid,-0.015702,-0.004145,-0.001324,0.018292,0.020405,0.004919
9.860000000000001,hybrid,-0.015702,-0.004145,-0.001324,0.018292,0.020405,0.004919
9.894,hybrid,-0.015702,-0.004145,-0.001324,0.018292,0.020405,0.004919
9.894,hybrid,-0.015729,-0.004095,-0.001313,0.017622,0.019710,0.004777
9.928,hybrid,-0.015729,-0.004095,-0.001313,0.017622,0.019710,0.004777
9.928,hybrid,-0.015729,-0.004095,-0.001313,0.017267,0.019225,0.004645
9.962,hybrid,-0.015729,-0.004095,-0.001313,0.017267,0.019225,0.004645
9.962,hybrid,-0.015725,-0.004117,-0.001307,0.016863,0.018629,0.004522
9.996,hybrid,-0.015725,-0.004117,-0.001307,0.016863,0.018629,0.004522
9.996,hybrid,-0.015725,-0.004117,-0.001307,0.016863,0.018629,0.004522
10.030000000000001,hybrid,-0.016873,-0.003874,0.076228,0.023323,0.018248,0.042515
10.030000000000001,hybrid,-0.016873,-0.003874,0.076228,0.023323,0.018248,0.042515
10.064,hybrid,-0.052452,-0.003760,0.105092,0.038453,0.018191,0.071426
10.098,hybrid,-0.033620,-0.001354,0.215752,0.043392,0.018359,0.086630
10.132000000000001,hybrid,-0.016208,0.002541,0.328020,0.047606,0.018974,0.099642
10.132000000000001,hybrid,-0.011524,0.000018,0.247233,0.044049,0.018197,0.052085
10.166,hybrid,-0.029759,-0.004662,0.368477,0.048414,0.018949,0.072979
10.166,hybrid,-0.027793,-0.004881,0.332041,0.046362,0.018718,0.063180
10.200000000000001,hybrid,-0.042847,-0.010866,0.465836,0.050210,0.020269,0.082641
10.234,hybrid,-0.043036,-0.010941,0.560436,0.054721,0.022022,0.110840
10.234,hybrid,-0.034090,-0.010083,0.519072,0.048356,0.020939,0.075463
10.234,hybrid,-0.034090,-0.010083,0.519072,0.048356,0.020939,0.075463
10.268,hybrid,-0.012149,0.001579,0.638461,0.043075,0.022486,0.038701
10.302000000000001,hybrid,-0.012685,0.001180,0.726243,0.044414,0.023889,0.057097
10.302000000000001,hybrid,-0.007256,0.001195,0.751901,0.039883,0.025369,0.060527
10.336,hybrid,-0.018943,-0.017739,0.884499,0.043296,0.037214,0.108953
10.336,hybrid,-0.018943,-0.017739,0.884499,0.043296,0.037214,0.108953
10.370000000000001,hybrid,0.005195,0.012264,0.947656,0.039292,0.042586,0.061179
10.404,hybrid,0.004634,0.011373,1.026376,0.039891,0.043977,0.072992
10.404,hybrid,0.000099,0.004160,1.070210,0.035310,0.040470,0.029811
10.438,hybrid,0.016860,0.035979,1.139792,0.036888,0.045019,0.051381
10.438,hybrid,0.016860,0.035979,1.139792,0.036888,0.045019,0.051381
10.472000000000001,hybrid,0.025355,0.032962,1.239336,0.033733,0.043897,0.039770
10.506,hybrid,0.028054,0.040861,1.338000,0.034198,0.046663,0.060319
10.506,hybrid,0.023624,0.034159,1.320396,0.031796,0.047152,0.061982
10.540000000000001,hybrid,0.023478,0.033426,1.401195,0.031895,0.048846,0.073927
10.540000000000001,hybrid,0.023478,0.033426,1.401195,0.031895,0.048846,0.073927
10.574,hybrid,0.019663,0.019273,1.470859,0.029061,0.048084,0.051474
10.608,hybrid,0.019588,0.018405,1.554427,0.029083,0.049866,0.065800
10.608,hybrid,0.019111,0.013514,1.560121,0.026973,0.049341,0.052185
10.642000000000001,hybrid,0.019758,0.035394,1.617713,0.027001,0.053327,0.069638
10.676,hybrid,0.019683,0.036382,1.713228,0.027025,0.055168,0.082278
10.676,hybrid,0.020497,0.037008,1.712798,0.025398,0.054761,0.042755
10.71,hybrid,0.002805,0.111705,1.813412,0.026759,0.062581,0.067882
10.71,hybrid,0.007094,0.113148,1.801514,0.025472,0.062814,0.041822
10.744000000000002,hybrid,0.007789,0.110467,1.841958,0.025599,0.063619,0.050849
10.744000000000002,hybrid,0.007789,0.110467,1.841958,0.025599,0.063619,0.050849
10.778,hybrid,0.009181,0.086690,1.927434,0.025721,0.064682,0.070273
10.812000000000001,hybrid,0.009318,0.086315,2.013297,0.026167,0.065993,0.082745
10.812000000000001,hybrid,0.012964,0.092519,1.956407,0.025659,0.062181,0.057353
10.846,hybrid,-0.001352,0.130884,2.007535,0.027118,0.066433,0.076547
10.846,hybrid,-0.001352,0.130884,2.007535,0.027118,0.066433,0.076547
10.88,hybrid,0.008356,0.066511,2.077255,0.026699,0.056456,0.037378
10.914000000000001,hybrid,0.013099,0.058293,2.179295,0.028076,0.058415,0.059437
10.914000000000001,hybrid,0.018644,0.034176,2.150185,0.027770,0.053888,0.054556
10.948,hybrid,0.019082,0.033507,2.207639,0.028429,0.054679,0.064292
10.948,hybrid,0.019082,0.033507,2.207639,0.028429,0.054679,0.064292
10.982000000000001,hybrid,0.026939,0.020480,2.186255,0.028433,0.052057,0.034226
11.016,hybrid,0.026577,0.020959,2.222489,0.028929,0.052533,0.043613
11.016,hybrid,0.036400,0.009519,2.285982,0.027761,0.048374,0.023675
11.05,hybrid,0.035044,0.010989,2.322593,0.028522,0.048885,0.036232
11.05,hybrid,0.038786,0.005423,2.331831,0.027860,0.046160,0.019017
11.084000000000001,hybrid,0.001946,0.044981,2.348937,0.032660,0.049423,0.041145
11.118,hybrid,0.004385,0.042612,2.389005,0.033544,0.049993,0.050282
11.118,hybrid,0.012964,0.023391,2.393197,0.032509,0.045275,0.029426
11.152000000000001,hybrid,0.015501,0.021129,2.433281,0.033475,0.045836,0.041250
11.152000000000001,hybrid,0.033541,0.001829,2.437128,0.031207,0.041972,0.032560
11.186,hybrid,-0.005225,0.036910,2.480065,0.037099,0.045767,0.060700
11.22,hybrid,-0.004106,0.036069,2.510736,0.037742,0.046061,0.065665
11.22,hybrid,0.013059,0.024667,2.514054,0.035525,0.042402,0.026693
11.254000000000001,hybrid,0.011751,0.025588,2.532873,0.036029,0.042607,0.033240
11.254000000000001,hybrid,0.022023,0.014533,2.524613,0.034264,0.039163,0.021689
11.288,hybrid,0.023027,0.013875,2.557232,0.035231,0.039532,0.036363
11.322000000000001,hybrid,0.059601,-0.010042,2.604473,0.040178,0.041640,0.052001
11.322000000000001,hybrid,0.065328,-0.018760,2.598193,0.039496,0.038573,0.042139
11.356,hybrid,0.055068,-0.012932,2.642676,0.041432,0.039187,0.052758
11.356,hybrid,0.062943,-0.020508,2.608412,0.039427,0.035070,0.030253
11.39,hybrid,0.042794,-0.009513,2.678336,0.042881,0.036236,0.050431
11.424000000000001,hybrid,0.011841,0.004536,2.752593,0.047374,0.037396,0.066093
11.424000000000001,hybrid,0.025371,-0.002776,2.699884,0.044757,0.034842,0.040089
11.458,hybrid,-0.014815,0.016546,2.735334,0.049417,0.036316,0.054965
11.458,hybrid,-0.002286,0.008944,2.707661,0.048174,0.034260,0.045343
11.492,hybrid,-0.033549,0.022294,2.767581,0.052047,0.035312,0.059953
11.526000000000002,hybrid,-0.081097,0.040295,2.849526,0.057428,0.036718,0.075774
11.526000000000002,hybrid,-0.051210,0.027075,2.814085,0.052801,0.033564,0.047477
11.56,hybrid,-0.083654,0.037235,2.857729,0.056373,0.034152,0.058881
11.56,hybrid,-0.051353,0.021428,2.806027,0.051629,0.031085,0.031069
11.594000000000001,hybrid,-0.083692,0.031921,2.847802,0.055236,0.031717,0.046268
11.628,hybrid,-0.092367,0.035890,2.823001,0.059476,0.033290,0.084567
11.628,hybrid,-0.071913,0.026952,2.807239,0.059464,0.032069,0.072424
11.662,hybrid,-0.103482,0.037388,2.833065,0.062346,0.032655,0.078066
11.662,hybrid,-0.087024,0.029966,2.872815,0.059300,0.030503,0.025802
11.696000000000002,hybrid,-0.118325,0.038183,2.894927,0.062167,0.030795,0.037836
11.73,hybrid,-0.151104,0.045915,2.918528,0.065059,0.031075,0.047333
11.73,hybrid,-0.131532,0.039308,2.908951,0.061446,0.029251,0.034857
11.764000000000001,hybrid,-0.109111,0.030269,2.931394,0.067381,0.031341,0.089044
11.764000000000001,hybrid,-0.094627,0.023867,2.928336,0.067442,0.030450,0.085665
11.798,hybrid,-0.123659,0.029925,2.942667,0.069720,0.030763,0.089004
11.798,hybrid,-0.123659,0.029925,2.942667,0.069720,0.030763,0.089004
11.832,hybrid,-0.146074,0.033931,2.942953,0.068414,0.029210,0.032658
11.866000000000001,hybrid,-0.171553,0.038983,2.949109,0.070310,0.029368,0.038071
11.866000000000001,hybrid,-0.166528,0.039332,2.945531,0.064481,0.026985,0.022030
11.9,hybrid,-0.188205,0.037630,3.016196,0.072970,0.027163,0.101326
11.9,hybrid,-0.174446,0.036466,2.958717,0.065931,0.025397,0.021286
11.934000000000001,hybrid,-0.202552,0.041690,2.949520,0.068129,0.025596,0.030379
11.934000000000001,hybrid,-0.202552,0.041690,2.949520,0.068129,0.025596,0.030379
11.968,hybrid,-0.233558,0.050876,2.950826,0.068029,0.024303,0.022076
12.002,hybrid,-0.266944,0.057307,2.952012,0.070423,0.024541,0.029173
12.002,hybrid,-0.256282,0.055874,2.950843,0.065379,0.023753,0.018693
12.036000000000001,hybrid,-0.251246,0.055237,2.941003,0.067819,0.023865,0.056519
12.036000000000001,hybrid,-0.251246,0.055237,2.941003,0.067819,0.023865,0.056519
12.07,hybrid,-0.269463,0.059582,2.959810,0.064677,0.022687,0.023322
12.104000000000001,hybrid,-0.302905,0.065719,2.960432,0.067192,0.022928,0.029939
12.104000000000001,hybrid,-0.300896,0.066873,2.953322,0.064080,0.022272,0.017410
12.138,hybrid,-0.333301,0.074786,2.965314,0.068115,0.022962,0.054095
12.138,hybrid,-0.333301,0.074786,2.965314,0.068115,0.022962,0.054095
12.172,hybrid,-0.360290,0.080379,2.957867,0.064798,0.022610,0.032178
12.206000000000001,hybrid,-0.391346,0.086151,2.957825,0.067110,0.022954,0.036771
12.206000000000001,hybrid,-0.391912,0.087926,2.951611,0.065274,0.022025,0.019886
12.24,hybrid,-0.422820,0.093866,2.951699,0.067566,0.022296,0.026691
12.24,hybrid,-0.422820,0.093866,2.951699,0.067566,0.022296,0.026691
12.274000000000001,hybrid,-0.434292,0.096122,2.932172,0.064987,0.021641,0.054121
12.308000000000002,hybrid,-0.462814,0.102183,2.932205,0.067096,0.022013,0.056757
12.308000000000002,hybrid,-0.462247,0.101955,2.950620,0.062527,0.021202,0.023068
12.342,hybrid,-0.487933,0.106922,2.950510,0.064508,0.021442,0.028212
12.342,hybrid,-0.487933,0.106922,2.950510,0.064508,0.021442,0.028212
12.376000000000001,hybrid,-0.513509,0.112031,2.954272,0.061915,0.021055,0.020827
12.41,hybrid,-0.537054,0.113266,2.988153,0.067375,0.021120,0.073403
12.41,hybrid,-0.539564,0.115070,2.966247,0.066701,0.020590,0.069378
12.444,hybrid,-0.563025,0.119238,2.965345,0.068424,0.020826,0.071201
12.444,hybrid,-0.563025,0.119238,2.965345,0.068424,0.020826,0.071201
12.478000000000002,hybrid,-0.587824,0.124660,2.946884,0.068421,0.020705,0.033174
12.512,hybrid,-0.621157,0.131361,2.939489,0.070883,0.021054,0.039855
12.512,hybrid,-0.629098,0.132277,2.948151,0.064119,0.020408,0.023578
12.546000000000001,hybrid,-0.664942,0.131250,3.005902,0.072403,0.020615,0.092970
12.546000000000001,hybrid,-0.664942,0.131250,3.005902,0.072403,0.020615,0.092970
12.58,hybrid,-0.695023,0.138698,2.948006,0.068835,0.020330,0.031647
12.614,hybrid,-0.728382,0.145270,2.946584,0.071213,0.020720,0.037013
12.614,hybrid,-0.722683,0.144990,2.942631,0.065345,0.020221,0.023904
12.648000000000001,hybrid,-0.751694,0.152651,2.892207,0.068399,0.020970,0.047241
12.648000000000001,hybrid,-0.751694,0.152651,2.892207,0.068399,0.020970,0.047241
12.682,hybrid,-0.776660,0.157333,2.929660,0.063518,0.020714,0.026282
12.716000000000001,hybrid,-0.808023,0.164071,2.930341,0.065913,0.021066,0.032018
12.716000000000001,hybrid,-0.807650,0.164049,2.930024,0.061064,0.020594,0.022143
12.75,hybrid,-0.840894,0.171176,2.930845,0.063694,0.020951,0.029099
12.75,hybrid,-0.838968,0.171084,2.929504,0.059712,0.020534,0.017598
12.784,hybrid,-0.872982,0.182300,2.958288,0.065791,0.022483,0.074166
12.784,hybrid,-0.872982,0.182300,2.958288,0.065791,0.022483,0.074166
12.818000000000001,hybrid,-0.902608,0.189650,2.931493,0.067419,0.022318,0.027578
12.852,hybrid,-0.934687,0.196481,2.932021,0.069727,0.022593,0.033152
12.852,hybrid,-0.932273,0.196241,2.930196,0.067079,0.022228,0.024727
12.886000000000001,hybrid,-0.959257,0.202029,2.930479,0.069029,0.022472,0.029884
12.886000000000001,hybrid,-0.959257,0.202029,2.930479,0.069029,0.022472,0.029884
12.92,hybrid,-0.982319,0.203448,2.937835,0.075316,0.022129,0.081673
12.954,hybrid,-1.007090,0.208563,2.938129,0.076941,0.022421,0.083243
12.954,hybrid,-1.006762,0.208773,2.930140,0.070809,0.021433,0.024311
12.988000000000001,hybrid,-1.034162,0.214708,2.922654,0.072782,0.021719,0.031954
12.988000000000001,hybrid,-1.034162,0.214708,2.922654,0.072782,0.021719,0.031954
13.022,hybrid,-1.066916,0.221569,2.926964,0.070318,0.021306,0.025659
13.056000000000001,hybrid,-1.084378,0.220588,2.982421,0.078023,0.021422,0.102729
13.056000000000001,hybrid,-1.085089,0.221924,2.929580,0.081192,0.021008,0.096838
13.090000000000002,hybrid,-1.118326,0.229085,2.929237,0.083176,0.021529,0.098612
13.090000000000002,hybrid,-1.118326,0.229085,2.929237,0.083176,0.021529,0.098612
13.124,hybrid,-1.151931,0.237059,2.919168,0.081720,0.021388,0.037283
13.158000000000001,hybrid,-1.201563,0.253092,2.880556,0.086066,0.023330,0.068849
13.158000000000001,hybrid,-1.201244,0.251788,2.903715,0.086597,0.022975,0.053997
13.192,hybrid,-1.234286,0.259802,2.903549,0.088446,0.023404,0.057087
13.192,hybrid,-1.234286,0.259802,2.903549,0.088446,0.023404,0.057087
13.226,hybrid,-1.264897,0.267752,2.917263,0.085592,0.022883,0.024836
13.260000000000002,hybrid,-1.295316,0.274693,2.917223,0.087327,0.023182,0.030489
13.260000000000002,hybrid,-1.289156,0.273799,2.920482,0.079739,0.022507,0.023191
13.294,hybrid,-1.298447,0.280687,2.894624,0.086483,0.033476,0.129652
13.294,hybrid,-1.298447,0.280687,2.894624,0.086483,0.033476,0.129652
13.328000000000001,hybrid,-1.329036,0.286720,2.928192,0.081818,0.032129,0.033883
13.362,hybrid,-1.356844,0.292750,2.927946,0.083484,0.032274,0.037915
13.362,hybrid,-1.356844,0.292750,2.927946,0.076218,0.030725,0.022683
13.396,hybrid,-1.385126,0.298887,2.927797,0.078047,0.030810,0.028406
13.396,hybrid,-1.385126,0.298887,2.927797,0.078047,0.030810,0.028406
13.430000000000001,hybrid,-1.409429,0.307658,2.917119,0.077084,0.031503,0.075053
13.464,hybrid,-1.431281,0.312653,2.916693,0.078475,0.031674,0.076587
13.464,hybrid,-1.432495,0.312762,2.923609,0.074602,0.030340,0.027338
13.498000000000001,hybrid,-1.457689,0.318375,2.919004,0.076319,0.030433,0.033130
13.498000000000001,hybrid,-1.457689,0.318375,2.919004,0.076319,0.030433,0.033130
13.532,hybrid,-1.490709,0.325840,2.914820,0.071226,0.029023,0.028713
13.566,hybrid,-1.512111,0.331807,2.875748,0.073317,0.029383,0.045499
13.566,hybrid,-1.532193,0.335269,2.894000,0.065978,0.028087,0.034588
13.600000000000001,hybrid,-1.565147,0.343638,2.892614,0.068400,0.028397,0.039548
13.600000000000001,hybrid,-1.555966,0.336584,2.919235,0.064937,0.026437,0.018090
13.634,hybrid,-1.589138,0.344042,2.921098,0.067447,0.026627,0.026543
13.634,hybrid,-1.589138,0.344042,2.921098,0.067447,0.026627,0.026543
13.668000000000001,hybrid,-1.615684,0.348356,2.948479,0.067078,0.025727,0.058579
13.702000000000002,hybrid,-1.648761,0.354803,2.949586,0.069471,0.026034,0.061568
13.702000000000002,hybrid,-1.653559,0.357228,2.917708,0.065648,0.025195,0.026383
13.736,hybrid,-1.684946,0.364353,2.918976,0.067987,0.025404,0.032300
13.736,hybrid,-1.684946,0.364353,2.918976,0.067987,0.025404,0.032300
13.770000000000001,hybrid,-1.722641,0.373503,2.922659,0.066761,0.024637,0.026482
13.804,hybrid,-1.788322,0.386844,2.888800,0.072411,0.025352,0.052823
13.804,hybrid,-1.791750,0.386717,2.897229,0.071841,0.025054,0.059921
13.838000000000001,hybrid,-1.821670,0.394167,2.897811,0.073864,0.025467,0.062534
13.838000000000001,hybrid,-1.821670,0.394167,2.897811,0.073864,0.025467,0.062534
13.872000000000002,hybrid,-1.855056,0.401113,2.910112,0.073235,0.025040,0.031261
13.906,hybrid,-1.883170,0.407735,2.910429,0.075110,0.025268,0.035671
13.906,hybrid,-1.879784,0.405777,2.914260,0.072172,0.024097,0.021833
13.940000000000001,hybrid,-1.847392,0.399659,2.845025,0.076268,0.024650,0.061793
13.974,hybrid,-1.869874,0.406526,2.845294,0.077677,0.025001,0.063708
13.974,hybrid,-1.877353,0.410054,2.900717,0.075967,0.023932,0.025988
14.008000000000001,hybrid,-1.903548,0.416486,2.900862,0.077637,0.024187,0.030789
14.008000000000001,hybrid,-1.910388,0.418668,2.908096,0.072675,0.023141,0.020055
14.042000000000002,hybrid,-1.931651,0.423719,2.908694,0.074095,0.023349,0.025154
14.042000000000002,hybrid,-1.931651,0.423719,2.908694,0.074095,0.023349,0.025154
14.076,hybrid,-1.955714,0.429248,2.908777,0.073438,0.022905,0.021587
14.110000000000001,hybrid,-1.980890,0.430883,3.008224,0.078204,0.022948,0.073810
14.110000000000001,hybrid,-1.982277,0.432771,2.950533,0.078262,0.022454,0.063422
14.144,hybrid,-2.000616,0.436317,2.950606,0.079412,0.022565,0.064889
14.144,hybrid,-2.000616,0.436317,2.950606,0.079412,0.022565,0.064889
14.178,hybrid,-2.018487,0.441184,2.913815,0.072793,0.021748,0.022091
14.212000000000002,hybrid,-2.035705,0.445175,2.913818,0.073921,0.021968,0.025788
14.212000000000002,hybrid,-2.037766,0.445699,2.913612,0.067027,0.020847,0.017629
14.246,hybrid,-2.051672,0.448925,2.913675,0.068022,0.021018,0.021326
14.246,hybrid,-2.051672,0.448925,2.913675,0.068022,0.021018,0.021326
14.280000000000001,hybrid,-2.080808,0.453914,2.914334,0.062188,0.020217,0.019734
14.314,hybrid,-2.094157,0.457001,2.914519,0.063223,0.020370,0.023025
14.314,hybrid,-2.099569,0.461197,2.912713,0.060506,0.019555,0.017276
14.348,hybrid,-2.098621,0.459549,2.940122,0.067048,0.053854,0.183437
14.348,hybrid,-2.098621,0.459549,2.940122,0.067048,0.053854,0.183437
14.382000000000001,hybrid,-2.116760,0.470694,2.914836,0.061409,0.044839,0.023324
14.416,hybrid,-2.126509,0.472942,2.915061,0.062180,0.044858,0.025467
14.416,hybrid,-2.140081,0.477021,2.913151,0.055828,0.040358,0.017146
14.450000000000001,hybrid,-2.150304,0.479399,2.913098,0.056720,0.040376,0.020000
14.450000000000001,hybrid,-2.156338,0.487061,2.913679,0.054360,0.036383,0.016284
14.484000000000002,hybrid,-2.164209,0.488886,2.913703,0.055065,0.036408,0.018613
14.518,hybrid,-2.171449,0.490565,2.913750,0.055705,0.036432,0.020535
14.518,hybrid,-2.172368,0.492886,2.913952,0.054135,0.033856,0.016209
14.552000000000001,hybrid,-2.180153,0.494690,2.914008,0.054835,0.033879,0.018541
14.552000000000001,hybrid,-2.180098,0.496334,2.914384,0.052157,0.031571,0.013684
14.586,hybrid,-2.186868,0.497899,2.914405,0.052788,0.031600,0.016036
14.620000000000001,hybrid,-2.192561,0.499215,2.914397,0.053312,0.031626,0.017771
14.620000000000001,hybrid,-2.192579,0.499951,2.914264,0.052411,0.030226,0.015953
14.654000000000002,hybrid,-2.198478,0.501315,2.914363,0.052959,0.030254,0.017805
14.654000000000002,hybrid,-2.200136,0.501857,2.913616,0.051370,0.029496,0.015234
14.688,hybrid,-2.194543,0.500428,2.874010,0.052606,0.029662,0.032892
14.722000000000001,hybrid,-2.194039,0.500249,2.838923,0.054516,0.030096,0.057778
14.722000000000001,hybrid,-2.215877,0.507995,2.873545,0.049959,0.028475,0.050166
14.756,hybrid,-2.204731,0.504175,2.869050,0.053068,0.029170,0.070912
14.756,hybrid,-2.207832,0.504780,2.855037,0.053209,0.028669,0.054297
14.790000000000001,hybrid,-2.209355,0.505271,2.823561,0.053878,0.028789,0.059947
14.824000000000002,hybrid,-2.210491,0.505658,2.801927,0.054336,0.028882,0.063548
14.824000000000002,hybrid,-2.210530,0.505675,2.801873,0.052445,0.028130,0.026694
14.858,hybrid,-2.211657,0.506085,2.778840,0.052932,0.028244,0.034427
14.858,hybrid,-2.212297,0.506760,2.777067,0.052609,0.026957,0.028505
14.892000000000001,hybrid,-2.225945,0.511811,2.754095,0.054518,0.027412,0.042673
14.892000000000001,hybrid,-2.225945,0.511811,2.754095,0.054518,0.027412,0.042673
14.926,hybrid,-2.249874,0.522129,2.681495,0.057390,0.028367,0.046826
14.96,hybrid,-2.267149,0.532719,2.580562,0.059904,0.030215,0.066438
14.96,hybrid,-2.266955,0.531106,2.650076,0.057130,0.027948,0.034128
14.994000000000002,hybrid,-2.296423,0.548057,2.592203,0.060074,0.029827,0.051596
15.028,hybrid,-2.325093,0.566329,2.550363,0.062568,0.031807,0.061959
15.028,hybrid,-2.326660,0.564900,2.576724,0.056716,0.029438,0.042038
15.062000000000001,hybrid,-2.369756,0.594697,2.497422,0.060655,0.032970,0.062267
15.062000000000001,hybrid,-2.355264,0.581565,2.529733,0.057837,0.030474,0.039204
15.096,hybrid,-2.381650,0.600746,2.496733,0.060034,0.032622,0.050231
15.096,hybrid,-2.381650,0.600746,2.496733,0.060034,0.032622,0.050231
15.13,hybrid,-2.396590,0.611767,2.495351,0.059033,0.032702,0.039533
15.164000000000001,hybrid,-2.420859,0.630443,2.476684,0.060882,0.034539,0.047354
15.164000000000001,hybrid,-2.407263,0.621596,2.485218,0.055995,0.032303,0.026706
15.198,hybrid,-2.415809,0.626470,2.509001,0.059937,0.034473,0.076524
15.232000000000001,hybrid,-2.440215,0.644751,2.489622,0.061829,0.036160,0.080923
15.232000000000001,hybrid,-2.421640,0.635653,2.456611,0.054770,0.033494,0.035700
15.232000000000001,hybrid,-2.421640,0.635653,2.456611,0.054770,0.033494,0.035700
15.266000000000002,hybrid,-2.430381,0.643729,2.436699,0.052024,0.032802,0.023042
15.3,hybrid,-2.448355,0.659068,2.427455,0.053437,0.034355,0.030857
15.3,hybrid,-2.440850,0.654600,2.426700,0.050266,0.032677,0.023379
15.334000000000001,hybrid,-2.470909,0.690120,2.342108,0.053961,0.039957,0.073922
15.334000000000001,hybrid,-2.470909,0.690120,2.342108,0.053961,0.039957,0.073922
15.368,hybrid,-2.487099,0.702397,2.394310,0.048974,0.037225,0.026229
15.402000000000001,hybrid,-2.511963,0.725587,2.386875,0.050881,0.039321,0.034302
15.436000000000002,hybrid,-2.564558,0.775605,2.361157,0.054803,0.043716,0.049161
15.436000000000002,hybrid,-2.558157,0.770507,2.368621,0.052060,0.041980,0.043825
15.436000000000002,hybrid,-2.558157,0.770507,2.368621,0.052060,0.041980,0.043825
15.47,hybrid,-2.558382,0.769073,2.372647,0.045024,0.037064,0.020835
15.504000000000001,hybrid,-2.582794,0.792738,2.371027,0.046900,0.039250,0.028399
15.504000000000001,hybrid,-2.573409,0.781765,2.371101,0.041421,0.035015,0.015631
15.538,hybrid,-2.582056,0.789957,2.389261,0.042387,0.036043,0.026956
15.538,hybrid,-2.582056,0.789957,2.389261,0.042387,0.036043,0.026956
15.572000000000001,hybrid,-2.604714,0.812620,2.384070,0.041448,0.035863,0.025305
15.606000000000002,hybrid,-2.628108,0.834750,2.383655,0.043491,0.037848,0.031155
15.606000000000002,hybrid,-2.627580,0.834705,2.382322,0.038706,0.034712,0.020331
15.64,hybrid,-2.649505,0.855518,2.382196,0.040752,0.036625,0.026799
15.64,hybrid,-2.649505,0.855518,2.382196,0.040752,0.036625,0.026799
15.674000000000001,hybrid,-2.679429,0.884255,2.384304,0.041720,0.037605,0.030267
15.708,hybrid,-2.702779,0.906331,2.384132,0.043781,0.039464,0.035226
15.708,hybrid,-2.700905,0.904561,2.381874,0.042362,0.037452,0.024557
15.742,hybrid,-2.721716,0.924335,2.381658,0.044217,0.039074,0.029907
15.742,hybrid,-2.721716,0.924335,2.381658,0.044217,0.039074,0.029907
15.776000000000002,hybrid,-2.740643,0.942993,2.378564,0.044722,0.039275,0.026872
15.81,hybrid,-2.769920,0.985359,2.297775,0.049085,0.048132,0.088004
15.81,hybrid,-2.763875,0.976337,2.355938,0.047958,0.048426,0.080974
15.844000000000001,hybrid,-2.781732,0.994209,2.355541,0.049457,0.049581,0.082567
15.844000000000001,hybrid,-2.781732,0.994209,2.355541,0.049457,0.049581,0.082567
15.878,hybrid,-2.794157,1.004292,2.379927,0.046872,0.046388,0.038148
15.912,hybrid,-2.818772,1.027447,2.389173,0.049067,0.047930,0.044477
15.912,hybrid,-2.818762,1.027174,2.393659,0.041192,0.041309,0.024693
15.946000000000002,hybrid,-2.832987,1.046206,2.375266,0.045054,0.047940,0.087867
15.946000000000002,hybrid,-2.832987,1.046206,2.375266,0.045054,0.047940,0.087867
15.98,hybrid,-2.854876,1.066181,2.387054,0.043510,0.044836,0.033031
16.014,hybrid,-2.879664,1.089453,2.388268,0.045714,0.046374,0.038149
16.014,hybrid,-2.876582,1.086620,2.386529,0.043413,0.044290,0.026497
16.048000000000002,hybrid,-2.907590,1.113304,2.418403,0.046902,0.046517,0.047469
16.048000000000002,hybrid,-2.907590,1.113304,2.418403,0.046902,0.046517,0.047469
16.082,hybrid,-2.928694,1.133354,2.398411,0.046286,0.044799,0.032714
16.116,hybrid,-2.952768,1.155459,2.399184,0.048317,0.046270,0.037583
16.116,hybrid,-2.949362,1.152763,2.393881,0.045370,0.043339,0.029063
16.150000000000002,hybrid,-3.000262,1.198355,2.424574,0.049993,0.046689,0.046280
16.150000000000002,hybrid,-2.990560,1.190981,2.399995,0.046117,0.042776,0.024841
16.184,hybrid,-3.011883,1.210503,2.400484,0.047905,0.044150,0.030264
16.218,hybrid,-3.033882,1.230630,2.400546,0.049688,0.045529,0.034906
16.218,hybrid,-3.039326,1.240338,2.378971,0.043489,0.040059,0.024598
16.252000000000002,hybrid,-3.063126,1.263071,2.379186,0.045461,0.041915,0.030634
16.252000000000002,hybrid,-3.055247,1.255294,2.383252,0.041709,0.037868,0.021248
16.286,hybrid,-3.090720,1.298988,2.284187,0.045849,0.044339,0.065228
16.32,hybrid,-3.109145,1.320279,2.284099,0.047253,0.046145,0.067365
16.32,hybrid,-3.102771,1.304045,2.376481,0.044273,0.042362,0.027829
16.354000000000003,hybrid,-3.121662,1.322183,2.376672,0.045881,0.043714,0.032252
16.354000000000003,hybrid,-3.115748,1.314963,2.385240,0.043725,0.041195,0.026020
16.388,hybrid,-3.140095,1.337821,2.389930,0.045903,0.042928,0.033238
16.422,hybrid,-3.154974,1.355907,2.386586,0.049211,0.047775,0.080631
16.422,hybrid,-3.145700,1.345903,2.388466,0.046195,0.045115,0.077732
16.456,hybrid,-3.170514,1.369147,2.388793,0.048244,0.046781,0.079941
16.456,hybrid,-3.167101,1.365717,2.398147,0.045762,0.043793,0.038558
16.490000000000002,hybrid,-3.192129,1.388730,2.398046,0.047950,0.045307,0.042763
16.524,hybrid,-3.215911,1.413478,2.392777,0.051017,0.048343,0.067359
16.524,hybrid,-3.205409,1.403816,2.379416,0.045802,0.043625,0.053808
16.558,hybrid,-3.229995,1.427301,2.378750,0.047726,0.045470,0.056997
16.558,hybrid,-3.225022,1.421650,2.393435,0.044229,0.041569,0.033874
16.592000000000002,hybrid,-3.249935,1.444787,2.392837,0.046420,0.043253,0.038723
16.592000000000002,hybrid,-3.249935,1.444787,2.392837,0.046420,0.043253,0.038723
16.626,hybrid,-3.288666,1.481931,2.366200,0.045988,0.043044,0.034202
16.66,hybrid,-3.311501,1.504321,2.366002,0.047804,0.044790,0.038647
16.66,hybrid,-3.308607,1.499553,2.379956,0.043679,0.040815,0.026506
16.694000000000003,hybrid,-3.330997,1.520906,2.379738,0.045573,0.042501,0.031880
16.728,hybrid,-3.355594,1.544379,2.379420,0.047580,0.044297,0.036914
16.728,hybrid,-3.354077,1.541841,2.385763,0.045107,0.041613,0.029367
16.762,hybrid,-3.396882,1.579242,2.419413,0.049188,0.044755,0.047607
16.762,hybrid,-3.389708,1.574041,2.412821,0.044573,0.040670,0.036728
16.796,hybrid,-3.408588,1.590901,2.412470,0.046229,0.041927,0.040114
16.796,hybrid,-3.408588,1.590901,2.412470,0.046229,0.041927,0.040114
16.830000000000002,hybrid,-3.426903,1.608290,2.400883,0.043913,0.039495,0.032079
16.830000000000002,hybrid,-3.426903,1.608290,2.400883,0.043913,0.039495,0.032079
16.864,hybrid,-3.440930,1.619888,2.400287,0.042045,0.037465,0.024545
16.898,hybrid,-3.478401,1.655491,2.407732,0.045844,0.040973,0.044829
16.932000000000002,hybrid,-3.497880,1.673069,2.407075,0.047498,0.042337,0.047803
16.932000000000002,hybrid,-3.493227,1.670140,2.398364,0.043257,0.038450,0.032048
16.932000000000002,hybrid,-3.493227,1.670140,2.398364,0.043257,0.038450,0.032048
16.966,hybrid,-3.505918,1.681221,2.402028,0.042974,0.037678,0.027990
17.0,hybrid,-3.520965,1.694961,2.401159,0.044362,0.038776,0.031695
17.0,hybrid,-3.516298,1.691443,2.390045,0.038929,0.034065,0.017747
17.034000000000002,hybrid,-3.530158,1.704405,2.389207,0.040226,0.035329,0.022836
17.034000000000002,hybrid,-3.530158,1.704405,2.389207,0.040226,0.035329,0.022836
17.068,hybrid,-3.562997,1.727231,2.427913,0.047052,0.038271,0.071427
17.102,hybrid,-3.574410,1.737123,2.426989,0.047996,0.039117,0.072604
17.102,hybrid,-3.566330,1.732346,2.396045,0.042986,0.035429,0.022176
17.136000000000003,hybrid,-3.576906,1.742119,2.395119,0.043870,0.036378,0.025579
17.136000000000003,hybrid,-3.576906,1.742119,2.395119,0.043870,0.036378,0.025579
17.17,hybrid,-3.582659,1.748846,2.401007,0.041565,0.034904,0.020012
17.204,hybrid,-3.592243,1.757615,2.400151,0.042444,0.035724,0.023399
17.204,hybrid,-3.590657,1.756286,2.400495,0.039028,0.032926,0.020238
17.238,hybrid,-3.599873,1.764725,2.399751,0.039923,0.033758,0.023440
17.238,hybrid,-3.599873,1.764725,2.399751,0.039923,0.033758,0.023440
17.272000000000002,hybrid,-3.606284,1.772169,2.404705,0.039052,0.032953,0.020728
17.306,hybrid,-3.613349,1.778583,2.404123,0.039752,0.033577,0.023167
17.306,hybrid,-3.611193,1.776712,2.404316,0.036671,0.031261,0.019849
17.34,hybrid,-3.633954,1.795620,2.411307,0.040268,0.034038,0.048099
17.34,hybrid,-3.633954,1.795620,2.411307,0.040268,0.034038,0.048099
17.374000000000002,hybrid,-3.638318,1.800572,2.389618,0.037687,0.032186,0.019253
17.408,hybrid,-3.645467,1.807262,2.388997,0.038360,0.032913,0.021932
17.408,hybrid,-3.642468,1.804356,2.391457,0.036052,0.030567,0.018324
17.442,hybrid,-3.648391,1.809877,2.391197,0.036645,0.031178,0.020540
17.442,hybrid,-3.648391,1.809877,2.391197,0.036645,0.031178,0.020540
17.476000000000003,hybrid,-3.651658,1.812997,2.391021,0.034459,0.029297,0.016688
17.51,hybrid,-3.657269,1.818233,2.390625,0.035053,0.029902,0.019056
17.51,hybrid,-3.656043,1.817281,2.391420,0.033139,0.028243,0.014998
17.544,hybrid,-3.660640,1.821567,2.390977,0.033651,0.028756,0.017223
17.544,hybrid,-3.660640,1.821567,2.390977,0.033651,0.028756,0.017223
17.578,hybrid,-3.654418,1.815487,2.358668,0.034342,0.029623,0.036836
17.612000000000002,hybrid,-3.655318,1.816445,2.301983,0.035196,0.030734,0.050037
17.612000000000002,hybrid,-3.654542,1.815459,2.342011,0.032214,0.028413,0.035297
17.646,hybrid,-3.648317,1.810648,2.257196,0.039333,0.033373,0.093188
17.646,hybrid,-3.648317,1.810648,2.257196,0.039333,0.033373,0.093188
17.68,hybrid,-3.650342,1.813628,2.269921,0.038841,0.033698,0.039524
17.714000000000002,hybrid,-3.651205,1.814730,2.222263,0.039377,0.034684,0.050293
17.714000000000002,hybrid,-3.651205,1.814730,2.222263,0.037538,0.033159,0.038969
17.748,hybrid,-3.671216,1.838572,2.206451,0.040474,0.037451,0.063388
17.748,hybrid,-3.671216,1.838572,2.206451,0.040474,0.037451,0.063388
17.782,hybrid,-3.677432,1.846895,2.126872,0.038141,0.036547,0.037838
17.816000000000003,hybrid,-3.677734,1.847414,2.095416,0.038367,0.037245,0.045463
17.816000000000003,hybrid,-3.678547,1.848509,2.107090,0.036678,0.036418,0.029529
17.85,hybrid,-3.662640,1.822660,2.079319,0.038376,0.040329,0.048424
17.85,hybrid,-3.662107,1.822172,2.085259,0.036001,0.037917,0.027404
17.884,hybrid,-3.663742,1.825153,2.060633,0.036261,0.038751,0.035742
17.918000000000003,hybrid,-3.664283,1.826224,2.035960,0.036430,0.039377,0.042225
17.918000000000003,hybrid,-3.670372,1.834707,2.033807,0.034711,0.037637,0.036074
17.952,hybrid,-3.671831,1.837778,1.997075,0.034982,0.038787,0.045497
17.952,hybrid,-3.677434,1.845372,1.993138,0.033751,0.037496,0.042715
17.986,hybrid,-3.679976,1.850820,1.970745,0.034170,0.039225,0.053861
18.02,hybrid,-3.681269,1.853965,1.948576,0.034333,0.040069,0.058124
18.02,hybrid,-3.682592,1.855903,1.944486,0.033112,0.038668,0.032090
18.054000000000002,hybrid,-3.686837,1.867552,1.900323,0.033468,0.041020,0.045134
18.054000000000002,hybrid,-3.693293,1.876417,1.911956,0.031509,0.039058,0.042421
18.088,hybrid,-3.709795,1.928745,1.829984,0.032470,0.046646,0.063148
18.122,hybrid,-3.717384,1.961882,1.765007,0.032953,0.051224,0.075014
18.122,hybrid,-3.710077,1.939216,1.846606,0.031962,0.048863,0.048809
18.156000000000002,hybrid,-3.715344,1.963414,1.775442,0.032447,0.052493,0.063665
18.156000000000002,hybrid,-3.711067,1.951758,1.799129,0.031528,0.050353,0.051593
18.19,hybrid,-3.717830,1.985074,1.741567,0.032141,0.054467,0.064444
18.19,hybrid,-3.717830,1.985074,1.741567,0.032141,0.054467,0.064444
18.224,hybrid,-3.722669,2.016232,1.714528,0.030440,0.054856,0.042981
18.258000000000003,hybrid,-3.723735,2.046113,1.679663,0.030603,0.060577,0.075978
18.258000000000003,hybrid,-3.720384,2.034243,1.691942,0.028532,0.058933,0.065753
18.292,hybrid,-3.724042,2.068045,1.666323,0.028701,0.062129,0.071944
18.292,hybrid,-3.724042,2.068045,1.666323,0.028701,0.062129,0.071944
18.326,hybrid,-3.724097,2.086267,1.656263,0.028190,0.061717,0.046428
18.36,hybrid,-3.726506,2.117768,1.636013,0.028473,0.064513,0.053633
18.36,hybrid,-3.722810,2.103157,1.633522,0.026951,0.059380,0.029506
18.394000000000002,hybrid,-3.716652,2.141375,1.572593,0.027760,0.068220,0.094539
18.394000000000002,hybrid,-3.716652,2.141375,1.572593,0.027760,0.068220,0.094539
18.428,hybrid,-3.715761,2.134319,1.609821,0.026833,0.064011,0.032512
18.428,hybrid,-3.715761,2.134319,1.609821,0.026833,0.064011,0.032512
18.462,hybrid,-3.715046,2.156663,1.591297,0.026292,0.062130,0.026918
18.496000000000002,hybrid,-3.715484,2.181997,1.586264,0.026299,0.064214,0.032842
18.53,hybrid,-3.716499,2.183477,1.609455,0.037841,0.075481,0.155108
18.53,hybrid,-3.700062,2.111777,1.598422,0.043014,0.071567,0.152673
18.53,hybrid,-3.700062,2.111777,1.598422,0.043014,0.071567,0.152673
18.564,hybrid,-3.695800,2.132137,1.579375,0.039268,0.065368,0.028994
18.598000000000003,hybrid,-3.696028,2.166136,1.575580,0.039316,0.067974,0.035447
18.598000000000003,hybrid,-3.696028,2.166136,1.575580,0.039316,0.067974,0.035447
18.632,hybrid,-3.695009,2.189841,1.559618,0.036024,0.063220,0.025864
18.666,hybrid,-3.696359,2.164927,1.506407,0.036013,0.065964,0.044527
18.666,hybrid,-3.697407,2.163996,1.520123,0.034132,0.062150,0.030275
18.700000000000003,hybrid,-3.695684,2.197952,1.520968,0.034085,0.064834,0.035714
18.734,hybrid,-3.694041,2.231483,1.522881,0.034080,0.067394,0.040614
18.734,hybrid,-3.695255,2.227979,1.542338,0.032009,0.061048,0.025662
18.768,hybrid,-3.693750,2.279239,1.531863,0.032136,0.065273,0.037160
18.768,hybrid,-3.696330,2.282773,1.537159,0.030764,0.061595,0.031588
18.802,hybrid,-3.695256,2.315126,1.538207,0.030837,0.064183,0.036640
18.802,hybrid,-3.696218,2.309813,1.546776,0.029558,0.058407,0.019568
18.836000000000002,hybrid,-3.695441,2.342715,1.547549,0.029562,0.061172,0.026971
18.87,hybrid,-3.694663,2.376458,1.547904,0.029594,0.063877,0.032743
18.87,hybrid,-3.694550,2.365534,1.552620,0.028815,0.055302,0.028268
18.904,hybrid,-3.692763,2.336221,1.559094,0.028872,0.060450,0.064236
18.904,hybrid,-3.697316,2.343692,1.552156,0.027656,0.059424,0.065325
18.938000000000002,hybrid,-3.696766,2.373319,1.552287,0.027608,0.061870,0.067574
18.938000000000002,hybrid,-3.696766,2.373319,1.552287,0.027608,0.061870,0.067574
18.972,hybrid,-3.696913,2.409432,1.550215,0.026852,0.061567,0.039825
19.006,hybrid,-3.696372,2.435513,1.549666,0.026878,0.063663,0.043103
19.006,hybrid,-3.698027,2.439923,1.553717,0.025942,0.062116,0.033097
19.040000000000003,hybrid,-3.701341,2.475968,1.546069,0.026103,0.068273,0.077204
19.040000000000003,hybrid,-3.701341,2.475968,1.546069,0.026103,0.068273,0.077204
19.074,hybrid,-3.702038,2.508463,1.549778,0.025382,0.064569,0.031507
19.108,hybrid,-3.701459,2.541498,1.555716,0.025341,0.067168,0.037972
19.108,hybrid,-3.701598,2.542865,1.557440,0.024644,0.063443,0.029526
19.142,hybrid,-3.701166,2.576862,1.558647,0.024599,0.066088,0.035156
19.142,hybrid,-3.701166,2.576862,1.558647,0.024599,0.066088,0.035156
19.176000000000002,hybrid,-3.707571,2.646570,1.586562,0.024191,0.067432,0.064872
19.21,hybrid,-3.708094,2.680565,1.585597,0.024447,0.069922,0.067585
19.21,hybrid,-3.706736,2.685930,1.570982,0.023382,0.065528,0.038012
19.244,hybrid,-3.706720,2.719930,1.569504,0.023395,0.068095,0.042596
19.244,hybrid,-3.706720,2.719930,1.569504,0.023395,0.068095,0.042596
19.278000000000002,hybrid,-3.704515,2.756935,1.527449,0.023002,0.067693,0.048316
19.312,hybrid,-3.703036,2.790903,1.527029,0.023155,0.070170,0.051796
19.312,hybrid,-3.704049,2.782050,1.545958,0.022592,0.066251,0.040215
19.346,hybrid,-3.703245,2.814275,1.545659,0.022710,0.068651,0.044109
19.346,hybrid,-3.703245,2.814275,1.545659,0.022710,0.068651,0.044109
19.380000000000003,hybrid,-3.703825,2.844167,1.555475,0.022136,0.068098,0.036148
19.414,hybrid,-3.708623,2.858940,1.609673,0.024966,0.076605,0.116415
19.414,hybrid,-3.708822,2.862958,1.578854,0.025966,0.079913,0.111201
19.448,hybrid,-3.709081,2.895627,1.578512,0.026165,0.081936,0.112690
19.448,hybrid,-3.709081,2.895627,1.578512,0.026165,0.081936,0.112690
19.482000000000003,hybrid,-3.709114,2.933548,1.567266,0.024890,0.077359,0.067283
19.516000000000002,hybrid,-3.709013,2.960538,1.566832,0.025067,0.079090,0.069323
19.516000000000002,hybrid,-3.708525,2.961165,1.559249,0.023759,0.072704,0.025497
19.55,hybrid,-3.711188,3.028930,1.599677,0.023904,0.078010,0.050523
19.55,hybrid,-3.709715,3.029577,1.576258,0.022951,0.075698,0.030885
19.584,hybrid,-3.709839,3.054551,1.575359,0.022941,0.077342,0.034952
19.584,hybrid,-3.709839,3.054551,1.575359,0.022941,0.077342,0.034952
19.618000000000002,hybrid,-3.708461,3.069709,1.573691,0.022293,0.070838,0.031030
19.652,hybrid,-3.708550,3.103709,1.573120,0.022333,0.073206,0.036253
19.652,hybrid,-3.708447,3.100962,1.571268,0.021504,0.070496,0.024524
19.686,hybrid,-3.709968,3.118118,1.589752,0.021578,0.073843,0.062628
19.720000000000002,hybrid,-3.710599,3.152112,1.588833,0.021697,0.076121,0.065427
19.720000000000002,hybrid,-3.709719,3.147732,1.574912,0.021108,0.072287,0.046160
19.754,hybrid,-3.709841,3.181731,1.573858,0.021183,0.074616,0.049918
19.754,hybrid,-3.709494,3.181067,1.570393,0.020309,0.070477,0.039503
19.788,hybrid,-3.709279,3.214074,1.597760,0.020338,0.073321,0.051799
19.822000000000003,hybrid,-3.710178,3.248062,1.596722,0.020505,0.075625,0.055171
19.822000000000003,hybrid,-3.709020,3.245769,1.581589,0.019817,0.071675,0.042317
19.856,hybrid,-3.709362,3.278795,1.580748,0.019948,0.073957,0.046237
19.856,hybrid,-3.708549,3.276304,1.573027,0.019328,0.067483,0.035547
19.89,hybrid,-3.708530,3.306699,1.567997,0.019384,0.069770,0.040843
19.89,hybrid,-3.708530,3.306699,1.567997,0.019384,0.069770,0.040843
19.924,hybrid,-3.709459,3.333102,1.568398,0.018939,0.065568,0.037320
19.958000000000002,hybrid,-3.709376,3.364177,1.567801,0.019100,0.067905,0.041418
19.958000000000002,hybrid,-3.709301,3.361872,1.565589,0.018574,0.064201,0.034723
19.992,hybrid,-3.709122,3.394956,1.565107,0.018737,0.066734,0.039321
19.992,hybrid,-3.709122,3.394956,1.565107,0.018737,0.066734,0.039321
20.026,hybrid,-3.710114,3.440823,1.547463,0.018386,0.062294,0.049343
20.060000000000002,hybrid,-3.709441,3.469497,1.547209,0.018607,0.064558,0.052217
20.060000000000002,hybrid,-3.710458,3.469599,1.551859,0.018004,0.059436,0.025947
20.094,hybrid,-3.709916,3.498156,1.551766,0.018073,0.061790,0.030996
20.094,hybrid,-3.709916,3.498156,1.551766,0.018073,0.061790,0.030996
20.128,hybrid,-3.710367,3.520676,1.554952,0.017758,0.059522,0.031356
20.128,hybrid,-3.710367,3.520676,1.554952,0.017758,0.059522,0.031356
20.162000000000003,hybrid,-3.711044,3.545791,1.585403,0.017548,0.062493,0.052512
20.196,hybrid,-3.711557,3.579787,1.586206,0.017801,0.065169,0.055800
20.196,hybrid,-3.711557,3.579787,1.586206,0.017801,0.065169,0.055800
20.23,hybrid,-3.711702,3.609767,1.571545,0.017413,0.062573,0.039648
20.23,hybrid,-3.711702,3.609767,1.571545,0.017413,0.062573,0.039648
20.264000000000003,hybrid,-3.710314,3.639213,1.598857,0.017207,0.058971,0.042032
20.298000000000002,hybrid,-3.711254,3.673200,1.598126,0.017410,0.061792,0.046058
20.298000000000002,hybrid,-3.711254,3.673200,1.598126,0.017410,0.061792,0.046058
20.332,hybrid,-3.711462,3.704792,1.579258,0.017165,0.062502,0.038301
20.332,hybrid,-3.711462,3.704792,1.579258,0.017165,0.062502,0.038301
20.366,hybrid,-3.710819,3.672269,1.573698,0.016631,0.063125,0.047154
20.400000000000002,hybrid,-3.710900,3.705034,1.572653,0.016811,0.065685,0.050716
20.400000000000002,hybrid,-3.710819,3.711003,1.567398,0.016434,0.058175,0.031794
20.434,hybrid,-3.710696,3.743253,1.566578,0.016557,0.060897,0.036740
20.434,hybrid,-3.710696,3.743253,1.566578,0.016557,0.060897,0.036740
20.468,hybrid,-3.710462,3.779089,1.561319,0.016231,0.058858,0.028443
20.502000000000002,hybrid,-3.713912,3.756075,1.571943,0.016749,0.065251,0.082625
20.502000000000002,hybrid,-3.714001,3.764689,1.557327,0.016986,0.065841,0.085727
20.536,hybrid,-3.713648,3.791033,1.557295,0.017116,0.067815,0.087266
20.536,hybrid,-3.713648,3.791033,1.557295,0.017116,0.067815,0.087266
20.57,hybrid,-3.713106,3.831683,1.552476,0.017130,0.064790,0.052693
20.604000000000003,hybrid,-3.712583,3.859557,1.551683,0.017527,0.066919,0.055418
20.604000000000003,hybrid,-3.712752,3.862227,1.554655,0.016784,0.064761,0.035458
20.638,hybrid,-3.711092,3.899196,1.578809,0.017122,0.068752,0.057093
20.638,hybrid,-3.711092,3.899196,1.578809,0.017122,0.068752,0.057093
20.672,hybrid,-3.710895,3.930417,1.559222,0.016993,0.068810,0.041602
20.706,hybrid,-3.710599,3.954969,1.558359,0.017245,0.070585,0.044649
20.706,hybrid,-3.710508,3.965303,1.556887,0.016587,0.064741,0.028166
20.740000000000002,hybrid,-3.710133,3.991236,1.555830,0.016698,0.066729,0.032769
20.740000000000002,hybrid,-3.710133,3.991236,1.555830,0.016698,0.066729,0.032769
20.774,hybrid,-3.705020,4.049530,1.520884,0.017235,0.066471,0.066518
20.808,hybrid,-3.703317,4.083487,1.520402,0.017798,0.068984,0.069096
20.808,hybrid,-3.705645,4.084496,1.546537,0.016787,0.066753,0.023806
20.842000000000002,hybrid,-3.704838,4.118486,1.547279,0.016831,0.069262,0.030357
20.842000000000002,hybrid,-3.704838,4.118486,1.547279,0.016831,0.069262,0.030357
20.876,hybrid,-3.706636,4.132864,1.518959,0.017266,0.074851,0.087131
20.91,hybrid,-3.704879,4.166819,1.519739,0.017724,0.077092,0.089148
20.91,hybrid,-3.706289,4.167247,1.548887,0.017198,0.067440,0.035579
20.944000000000003,hybrid,-3.705584,4.200499,1.550343,0.017330,0.069885,0.040343
20.944000000000003,hybrid,-3.705584,4.200499,1.550343,0.017330,0.069885,0.040343
20.978,hybrid,-3.711043,4.243534,1.608531,0.017972,0.071382,0.076371
21.012,hybrid,-3.712339,4.277509,1.609438,0.018472,0.073736,0.078681
21.012,hybrid,-3.709575,4.275770,1.564471,0.017710,0.063438,0.031246
21.046000000000003,hybrid,-3.709390,4.306233,1.564991,0.017804,0.065803,0.035935
21.046000000000003,hybrid,-3.709390,4.306233,1.564991,0.017804,0.065803,0.035935
21.080000000000002,hybrid,-3.708822,4.337874,1.561695,0.017669,0.061679,0.031549
21.114,hybrid,-3.704467,4.355072,1.515502,0.019456,0.069147,0.099022
21.114,hybrid,-3.704895,4.354954,1.534167,0.020246,0.066714,0.094215
21.148,hybrid,-3.703735,4.386761,1.534457,0.020478,0.069060,0.095920
21.148,hybrid,-3.703735,4.386761,1.534457,0.020478,0.069060,0.095920
21.182000000000002,hybrid,-3.703839,4.410915,1.553193,0.019799,0.059460,0.025293
21.216,hybrid,-3.703370,4.437763,1.553567,0.019861,0.061683,0.030261
21.216,hybrid,-3.701072,4.434366,1.560206,0.019272,0.049147,0.019396
21.25,hybrid,-3.698765,4.473383,1.535147,0.019363,0.054303,0.046960
21.25,hybrid,-3.699263,4.475477,1.543123,0.019261,0.052634,0.036441
21.284000000000002,hybrid,-3.698336,4.509465,1.543923,0.019373,0.055782,0.041036
21.318,hybrid,-3.697422,4.543452,1.543724,0.019583,0.058752,0.045033
21.318,hybrid,-3.698377,4.540174,1.551251,0.019266,0.053910,0.031106
21.352,hybrid,-3.700542,4.599299,1.559866,0.019687,0.060857,0.060269
21.352,hybrid,-3.700542,4.599299,1.559866,0.019216,0.057070,0.049928
21.386000000000003,hybrid,-3.700161,4.633297,1.559379,0.019343,0.059982,0.053316
21.42,hybrid,-3.699772,4.667295,1.559259,0.019638,0.062753,0.056435
21.42,hybrid,-3.700037,4.664605,1.560546,0.019426,0.060412,0.038306
21.454,hybrid,-3.700923,4.713027,1.544271,0.019839,0.065424,0.058468
21.454,hybrid,-3.703084,4.713971,1.546146,0.019105,0.062762,0.049045
21.488000000000003,hybrid,-3.702245,4.747961,1.546093,0.019171,0.065415,0.052407
21.522000000000002,hybrid,-3.701456,4.779887,1.546095,0.019383,0.067811,0.055372
21.522000000000002,hybrid,-3.702087,4.775031,1.552693,0.019034,0.061890,0.027231
21.556,hybrid,-3.701541,4.805145,1.552651,0.019082,0.064275,0.032304
21.556,hybrid,-3.701890,4.799930,1.550989,0.019029,0.058192,0.028191
21.59,hybrid,-3.701075,4.815838,1.557543,0.019093,0.060689,0.048374
21.624000000000002,hybrid,-3.700676,4.846394,1.557852,0.019258,0.063159,0.051496
21.624000000000002,hybrid,-3.700767,4.853581,1.563058,0.019036,0.056700,0.032814
21.658,hybrid,-3.700542,4.882894,1.563179,0.019125,0.059228,0.037044
21.658,hybrid,-3.700747,4.875949,1.562748,0.019050,0.051969,0.028757
21.692,hybrid,-3.700505,4.906214,1.562896,0.019147,0.054805,0.033654
21.692,hybrid,-3.700505,4.906214,1.562896,0.019147,0.054805,0.033654
21.726000000000003,hybrid,-3.701279,4.966877,1.550642,0.019061,0.058522,0.047737
21.76,hybrid,-3.700829,4.988731,1.549886,0.019180,0.060371,0.050125
21.76,hybrid,-3.701531,4.986609,1.551604,0.018923,0.058867,0.020585
21.794,hybrid,-3.700880,5.019549,1.550526,0.018966,0.061615,0.027835
21.794,hybrid,-3.700880,5.019549,1.550526,0.018966,0.061615,0.027835
21.828000000000003,hybrid,-3.700518,5.056084,1.555930,0.019018,0.056476,0.029080
21.862000000000002,hybrid,-3.696784,5.127484,1.571126,0.019516,0.063869,0.057967
21.862000000000002,hybrid,-3.696741,5.123539,1.563772,0.019390,0.063024,0.060014
21.896,hybrid,-3.696509,5.157539,1.564466,0.019763,0.065676,0.062893
21.896,hybrid,-3.696509,5.157539,1.564466,0.019763,0.065676,0.062893
21.93,hybrid,-3.695806,5.183563,1.555018,0.019788,0.064112,0.048013
21.93,hybrid,-3.695806,5.183563,1.555018,0.019788,0.064112,0.048013
21.964000000000002,hybrid,-3.697832,5.186772,1.551512,0.019675,0.058558,0.052368
21.998,hybrid,-3.697221,5.219917,1.553199,0.019918,0.061348,0.055746
21.998,hybrid,-3.697221,5.219917,1.553199,0.019918,0.061348,0.055746
22.032,hybrid,-3.697980,5.230985,1.560498,0.019781,0.055131,0.036356
22.032,hybrid,-3.697980,5.230985,1.560498,0.019781,0.055131,0.036356
22.066000000000003,hybrid,-3.697974,5.254436,1.558747,0.019712,0.051733,0.028006
22.1,hybrid,-3.695880,5.244131,1.492904,0.020753,0.060992,0.103470
22.1,hybrid,-3.695985,5.244163,1.561183,0.020549,0.049458,0.024770
22.134,hybrid,-3.695699,5.275244,1.561942,0.020574,0.052521,0.030652
22.134,hybrid,-3.695699,5.275244,1.561942,0.020574,0.052521,0.030652
22.168000000000003,hybrid,-3.695572,5.310353,1.563545,0.020604,0.051862,0.032390
22.202,hybrid,-3.695378,5.337546,1.563765,0.020691,0.054425,0.036406
22.202,hybrid,-3.698882,5.337281,1.552898,0.019947,0.052575,0.019820
22.236,hybrid,-3.701147,5.358262,1.590708,0.020166,0.058264,0.069753
22.236,hybrid,-3.701147,5.358262,1.590708,0.020166,0.058264,0.069753
22.270000000000003,hybrid,-3.701302,5.400276,1.575734,0.020063,0.054894,0.036800
22.304000000000002,hybrid,-3.701426,5.424677,1.576071,0.020106,0.057080,0.040062
22.304000000000002,hybrid,-3.701083,5.428875,1.570210,0.019988,0.050816,0.030840
22.338,hybrid,-3.701052,5.461756,1.569518,0.020051,0.053968,0.035969
22.338,hybrid,-3.701052,5.461756,1.569518,0.020051,0.053968,0.035969
22.372,hybrid,-3.701357,5.507535,1.550878,0.020099,0.057282,0.045115
22.406000000000002,hybrid,-3.700675,5.541529,1.550495,0.020317,0.060182,0.048816
22.406000000000002,hybrid,-3.701597,5.542892,1.560928,0.019937,0.053883,0.031988
22.44,hybrid,-3.701253,5.576891,1.560447,0.020027,0.056959,0.037052
22.44,hybrid,-3.701253,5.576891,1.560447,0.020027,0.056959,0.037052
22.474,hybrid,-3.698756,5.616639,1.559626,0.019972,0.058243,0.059350
22.508000000000003,hybrid,-3.698369,5.650637,1.559185,0.020165,0.061100,0.062219
22.508000000000003,hybrid,-3.698737,5.651429,1.565875,0.019997,0.057509,0.045024
22.542,hybrid,-3.698571,5.684452,1.565704,0.020173,0.060314,0.048588
22.542,hybrid,-3.698571,5.684452,1.565704,0.020173,0.060314,0.048588
22.576,hybrid,-3.698648,5.716680,1.568238,0.020197,0.058407,0.039874
22.576,hybrid,-3.698648,5.716680,1.568238,0.020197,0.058407,0.039874
22.610000000000003,hybrid,-3.702438,5.722646,1.584205,0.045326,0.071728,0.160803
22.644000000000002,hybrid,-3.702841,5.752715,1.584206,0.045504,0.073794,0.161737
22.644000000000002,hybrid,-3.702841,5.752715,1.584206,0.045504,0.073794,0.161737
22.678,hybrid,-3.702788,5.782402,1.566875,0.044573,0.071952,0.081774
22.712,hybrid,-3.702655,5.815326,1.566639,0.044999,0.074209,0.083791
22.712,hybrid,-3.703733,5.818864,1.565797,0.042279,0.068531,0.047289
22.746000000000002,hybrid,-3.703835,5.888101,1.583246,0.042164,0.073646,0.057250
22.746000000000002,hybrid,-3.703835,5.888101,1.583246,0.042164,0.073646,0.057250
22.78,hybrid,-3.703038,5.915412,1.576188,0.041338,0.071321,0.049073
22.814,hybrid,-3.703147,5.937154,1.575407,0.041345,0.072840,0.051393
22.814,hybrid,-3.703094,5.937479,1.574711,0.040959,0.071924,0.042138
22.848000000000003,hybrid,-3.703180,5.963064,1.573649,0.040927,0.073696,0.045307
22.848000000000003,hybrid,-3.703180,5.963064,1.573649,0.040927,0.073696,0.045307
22.882,hybrid,-3.703561,5.988069,1.567789,0.040667,0.073901,0.046121
22.916,hybrid,-3.704682,5.995542,1.554013,0.040864,0.078463,0.092509
22.916,hybrid,-3.704496,5.994288,1.560234,0.040176,0.075483,0.096258
22.950000000000003,hybrid,-3.704114,6.028286,1.559043,0.040508,0.077723,0.098129
22.950000000000003,hybrid,-3.703998,6.027841,1.559627,0.039174,0.074264,0.057634
22.984,hybrid,-3.703653,6.061839,1.561135,0.039132,0.076540,0.060760
22.984,hybrid,-3.703653,6.061839,1.561135,0.039132,0.076540,0.060760
23.018,hybrid,-3.702746,6.105064,1.582968,0.038216,0.080149,0.055380
23.052000000000003,hybrid,-3.703177,6.139061,1.583906,0.038026,0.082254,0.058529
23.052000000000003,hybrid,-3.702725,6.138430,1.576823,0.037783,0.081229,0.050286
23.086000000000002,hybrid,-3.702960,6.172090,1.578721,0.037632,0.083299,0.053882
23.12,hybrid,-3.703243,6.204248,1.580508,0.037569,0.085229,0.057102
23.12,hybrid,-3.702693,6.205309,1.574808,0.036600,0.074404,0.039354
23.154,hybrid,-3.706203,6.284627,1.634109,0.036476,0.080286,0.059403
23.154,hybrid,-3.702930,6.280042,1.616340,0.035798,0.071807,0.054417
23.188000000000002,hybrid,-3.704501,6.314006,1.617265,0.035807,0.074135,0.057617
23.222,hybrid,-3.705864,6.343302,1.617649,0.035900,0.076080,0.060172
23.222,hybrid,-3.703426,6.333776,1.598015,0.035543,0.071245,0.048665
23.256,hybrid,-3.704218,6.362725,1.598362,0.035611,0.073249,0.051622
23.256,hybrid,-3.701022,6.360462,1.586898,0.034885,0.072674,0.043599
23.290000000000003,hybrid,-3.702980,6.349215,1.629303,0.035316,0.078775,0.101996
23.290000000000003,hybrid,-3.702980,6.349215,1.629303,0.035316,0.078775,0.101996
23.324,hybrid,-3.701450,6.375121,1.577275,0.034753,0.076376,0.054309
23.324,hybrid,-3.701450,6.375121,1.577275,0.034753,0.076376,0.054309
23.358,hybrid,-3.701553,6.402101,1.574718,0.034040,0.067851,0.033839
23.392000000000003,hybrid,-3.701670,6.430416,1.575137,0.033822,0.069912,0.037903
23.426000000000002,hybrid,-3.700501,6.449969,1.573507,0.033722,0.073045,0.064511
23.426000000000002,hybrid,-3.700089,6.450178,1.567912,0.033469,0.066954,0.069584
23.46,hybrid,-3.699990,6.484178,1.567702,0.033282,0.069449,0.072015
23.46,hybrid,-3.699990,6.484178,1.567702,0.033021,0.061255,0.054513
23.494,hybrid,-3.699891,6.518178,1.567942,0.032846,0.063974,0.057588
23.494,hybrid,-3.699891,6.518178,1.567942,0.032846,0.063974,0.057588
23.528000000000002,hybrid,-3.699329,6.523469,1.576750,0.032567,0.063553,0.078837
23.562,hybrid,-3.699520,6.557469,1.576126,0.032522,0.066183,0.081042
23.562,hybrid,-3.699157,6.560102,1.569169,0.032222,0.063273,0.065354
23.596,hybrid,-3.699091,6.594101,1.568368,0.032224,0.065918,0.068024
23.596,hybrid,-3.699091,6.594101,1.568368,0.032224,0.065918,0.068024
23.630000000000003,hybrid,-3.703180,6.619764,1.602217,0.032338,0.074526,0.097689
23.630000000000003,hybrid,-3.703180,6.619764,1.602217,0.032338,0.074526,0.097689
23.664,hybrid,-3.702275,6.655089,1.574460,0.031612,0.069965,0.047939
23.698,hybrid,-3.702385,6.686305,1.574437,0.031781,0.072164,0.051138
23.698,hybrid,-3.702385,6.686305,1.574437,0.031781,0.072164,0.051138
23.732000000000003,hybrid,-3.702275,6.722289,1.572523,0.031068,0.062450,0.036480
23.732000000000003,hybrid,-3.702275,6.722289,1.572523,0.031068,0.062450,0.036480
23.766000000000002,hybrid,-3.698726,6.789560,1.556550,0.030333,0.065300,0.047245
23.8,hybrid,-3.698310,6.818586,1.556360,0.030456,0.067491,0.050262
23.8,hybrid,-3.698593,6.814452,1.558260,0.029691,0.061144,0.039374
23.834000000000003,hybrid,-3.698216,6.844304,1.558088,0.029817,0.063542,0.043039
23.868000000000002,hybrid,-3.697816,6.875536,1.557886,0.030007,0.065958,0.046569
23.868000000000002,hybrid,-3.700672,6.875513,1.563931,0.028295,0.064266,0.034244
23.902,hybrid,-3.697982,6.913688,1.535872,0.028431,0.068617,0.059437
23.902,hybrid,-3.698270,6.912834,1.547457,0.028161,0.067458,0.058712
23.936,hybrid,-3.697687,6.937659,1.546915,0.028270,0.069283,0.060880
23.936,hybrid,-3.697687,6.937659,1.546915,0.028270,0.069283,0.060880
23.970000000000002,hybrid,-3.701914,6.963587,1.549348,0.027334,0.068536,0.041191
24.004,hybrid,-3.701128,6.997578,1.546421,0.027462,0.071013,0.045774
24.004,hybrid,-3.700986,6.993303,1.556212,0.026439,0.067428,0.033436
24.038,hybrid,-3.697936,7.038679,1.546905,0.026632,0.072044,0.059058
24.038,hybrid,-3.697936,7.038679,1.546905,0.026632,0.072044,0.059058
24.072000000000003,hybrid,-3.698519,7.062896,1.552261,0.026137,0.067238,0.039628
24.106,hybrid,-3.697895,7.096891,1.553485,0.026204,0.069734,0.043987
24.106,hybrid,-3.698022,7.091131,1.552802,0.025753,0.061817,0.030756
24.14,hybrid,-3.694617,7.109598,1.518460,0.026277,0.067606,0.083788
24.14,hybrid,-3.694617,7.109598,1.518460,0.026277,0.067606,0.083788
24.174000000000003,hybrid,-3.694861,7.141303,1.540990,0.025806,0.065943,0.056282
24.208000000000002,hybrid,-3.693905,7.174000,1.542136,0.025833,0.068396,0.059310
24.208000000000002,hybrid,-3.692462,7.179135,1.566536,0.025331,0.065267,0.038109
24.242,hybrid,-3.692340,7.210611,1.567292,0.025389,0.067647,0.042216
24.242,hybrid,-3.692340,7.210611,1.567292,0.025389,0.067647,0.042216
24.276,hybrid,-3.697673,7.261173,1.567915,0.025689,0.074916,0.080610
24.310000000000002,hybrid,-3.697590,7.294875,1.568506,0.026133,0.077140,0.082745
24.310000000000002,hybrid,-3.693975,7.289594,1.586328,0.024875,0.066489,0.038623
24.344,hybrid,-3.694451,7.320112,1.586432,0.024963,0.068741,0.042415
24.344,hybrid,-3.694451,7.320112,1.586432,0.024963,0.068741,0.042415
24.378,hybrid,-3.693382,7.331229,1.568644,0.024289,0.063459,0.032482
24.412000000000003,hybrid,-3.700784,7.358199,1.630398,0.026121,0.071936,0.104403
24.412000000000003,hybrid,-3.700150,7.358890,1.594909,0.026775,0.073973,0.111075
24.446,hybrid,-3.700815,7.386278,1.595148,0.027080,0.075802,0.112323
24.446,hybrid,-3.700815,7.386278,1.595148,0.027080,0.075802,0.112323
24.48,hybrid,-3.699061,7.408833,1.560008,0.026291,0.074710,0.035615
24.514000000000003,hybrid,-3.698826,7.430862,1.560317,0.026402,0.076174,0.038664
24.514000000000003,hybrid,-3.699769,7.428646,1.567969,0.025005,0.066509,0.028178
24.548000000000002,hybrid,-3.701126,7.422180,1.557681,0.025714,0.072443,0.093894
24.548000000000002,hybrid,-3.701126,7.422180,1.557681,0.025714,0.072443,0.093894
24.582,hybrid,-3.700674,7.462120,1.562347,0.025162,0.064233,0.040084
24.616000000000003,hybrid,-3.700380,7.496119,1.562106,0.025289,0.066831,0.044177
24.616000000000003,hybrid,-3.700380,7.496119,1.562106,0.024470,0.056189,0.033505
24.650000000000002,hybrid,-3.701027,7.517485,1.578765,0.024529,0.059102,0.050609
24.650000000000002,hybrid,-3.700287,7.519469,1.569362,0.023818,0.057508,0.032623
24.684,hybrid,-3.700228,7.553469,1.568619,0.023878,0.060405,0.037671
24.718,hybrid,-3.700144,7.587431,1.568008,0.024005,0.063163,0.042083
24.718,hybrid,-3.699840,7.588026,1.563370,0.023225,0.054733,0.029360
24.752000000000002,hybrid,-3.698213,7.614179,1.513958,0.023346,0.058105,0.048212
24.752000000000002,hybrid,-3.699194,7.611637,1.553630,0.022593,0.048941,0.029275
24.786,hybrid,-3.698627,7.644220,1.553152,0.022700,0.052173,0.034532
24.82,hybrid,-3.698082,7.674952,1.552960,0.022852,0.055044,0.038778
24.82,hybrid,-3.697582,7.681099,1.556159,0.022372,0.053459,0.027884
24.854000000000003,hybrid,-3.697131,7.711495,1.555787,0.022508,0.056237,0.032999
24.854000000000003,hybrid,-3.697500,7.714344,1.562828,0.021746,0.050104,0.023070
24.888,hybrid,-3.698225,7.761851,1.590162,0.021951,0.055135,0.039421
24.922,hybrid,-3.698754,7.789220,1.590093,0.022133,0.057564,0.042768
24.922,hybrid,-3.697239,7.788444,1.573153,0.021296,0.052530,0.027649
24.956000000000003,hybrid,-3.697304,7.817727,1.572909,0.021405,0.055252,0.032591
24.956000000000003,hybrid,-3.696874,7.818575,1.570036,0.020885,0.052222,0.026647
24.990000000000002,hybrid,-3.696845,7.849193,1.569742,0.021002,0.055081,0.031971
25.024,hybrid,-3.694672,7.856316,1.532271,0.023307,0.064135,0.110224
25.024,hybrid,-3.694867,7.855934,1.540253,0.024799,0.062282,0.120539
25.058,hybrid,-3.694209,7.877043,1.539215,0.024917,0.063975,0.121497
25.058,hybrid,-3.693891,7.881722,1.549387,0.024104,0.060256,0.072031
25.092000000000002,hybrid,-3.693144,7.914694,1.547113,0.023996,0.062980,0.074590
25.126,hybrid,-3.692328,7.948685,1.546824,0.024148,0.065641,0.076885
25.126,hybrid,-3.692391,7.951118,1.551018,0.023284,0.056227,0.061495
25.126,hybrid,-3.692391,7.951118,1.551018,0.023284,0.056227,0.061495
25.16,hybrid,-3.694435,7.999948,1.550634,0.022645,0.059223,0.065043
25.194000000000003,hybrid,-3.693785,8.033942,1.552902,0.022866,0.062065,0.067941
25.194000000000003,hybrid,-3.693785,8.033942,1.552902,0.022866,0.062065,0.067941
25.228,hybrid,-3.692687,8.067679,1.548117,0.022222,0.060540,0.035294
25.228,hybrid,-3.692687,8.067679,1.548117,0.022222,0.060540,0.035294
25.262,hybrid,-3.692642,8.108358,1.576157,0.021958,0.061232,0.045174
25.296000000000003,hybrid,-3.692848,8.141158,1.578018,0.022144,0.063883,0.049050
25.296000000000003,hybrid,-3.692848,8.141158,1.578018,0.022144,0.063883,0.049050
25.330000000000002,hybrid,-3.689957,8.172815,1.550887,0.021496,0.061220,0.033393
25.364,hybrid,-3.689340,8.204376,1.552001,0.021608,0.063762,0.038119
25.364,hybrid,-3.689034,8.204592,1.556094,0.020793,0.060746,0.026766
25.398000000000003,hybrid,-3.678720,8.264005,1.499117,0.022023,0.069108,0.080420
25.398000000000003,hybrid,-3.678720,8.264005,1.499117,0.022023,0.069108,0.080420
25.432000000000002,hybrid,-3.680640,8.290599,1.542594,0.021344,0.063986,0.045332
25.432000000000002,hybrid,-3.680640,8.290599,1.542594,0.021344,0.063986,0.045332
25.466,hybrid,-3.680824,8.318852,1.556263,0.021003,0.060028,0.033882
25.5,hybrid,-3.680403,8.347677,1.556260,0.021114,0.062383,0.037927
25.5,hybrid,-3.682129,8.355274,1.592542,0.020244,0.053618,0.020427
25.534000000000002,hybrid,-3.682907,8.342085,1.636365,0.020297,0.058444,0.068209
25.534000000000002,hybrid,-3.682907,8.342085,1.636365,0.020297,0.058444,0.068209
25.568,hybrid,-3.682900,8.377019,1.589308,0.019956,0.053995,0.036360
25.602,hybrid,-3.683321,8.399977,1.588915,0.019977,0.056088,0.039491
25.602,hybrid,-3.682434,8.401118,1.579730,0.019682,0.052075,0.027893
25.636000000000003,hybrid,-3.682679,8.434059,1.577097,0.019681,0.055196,0.034060
25.636000000000003,hybrid,-3.682679,8.434059,1.577097,0.019681,0.055196,0.034060
25.67,hybrid,-3.677742,8.486499,1.553834,0.019714,0.059652,0.082327
25.704,hybrid,-3.677157,8.520494,1.553407,0.020136,0.062445,0.084417
25.704,hybrid,-3.677862,8.517133,1.560740,0.019385,0.058133,0.045952
25.738000000000003,hybrid,-3.677514,8.551131,1.560440,0.019576,0.060992,0.049574
25.738000000000003,hybrid,-3.677514,8.551131,1.560440,0.019576,0.060992,0.049574
25.772000000000002,hybrid,-3.677954,8.532939,1.574124,0.019074,0.064889,0.068326
25.806,hybrid,-3.678061,8.566939,1.573705,0.019166,0.067464,0.070830
25.806,hybrid,-3.678061,8.566939,1.573705,0.018859,0.057606,0.055063
25.84,hybrid,-3.678150,8.600282,1.573246,0.019042,0.060438,0.058091
25.84,hybrid,-3.678150,8.600282,1.573246,0.019042,0.060438,0.058091
25.874000000000002,hybrid,-3.678710,8.632531,1.579028,0.018640,0.056353,0.041205
25.908,hybrid,-3.681987,8.640220,1.611923,0.024388,0.067241,0.130052
25.908,hybrid,-3.682413,8.650632,1.571395,0.027220,0.073127,0.148435
25.942,hybrid,-3.682431,8.681040,1.571253,0.027556,0.075179,0.149465
25.942,hybrid,-3.682431,8.681040,1.571253,0.027556,0.075179,0.149465
25.976000000000003,hybrid,-3.682540,8.717036,1.541190,0.026674,0.072040,0.070324
26.01,hybrid,-3.681602,8.748641,1.541109,0.027267,0.074219,0.072548
26.01,hybrid,-3.682730,8.749911,1.554498,0.025680,0.058770,0.054759
26.044,hybrid,-3.683120,8.779744,1.548610,0.026160,0.062294,0.067740
26.044,hybrid,-3.683120,8.779744,1.548610,0.026160,0.062294,0.067740
26.078000000000003,hybrid,-3.682582,8.807883,1.547556,0.025329,0.063255,0.061434
26.112000000000002,hybrid,-3.681900,8.837127,1.547483,0.025845,0.065537,0.063782
26.112000000000002,hybrid,-3.682620,8.839509,1.550891,0.023691,0.050610,0.050577
26.146,hybrid,-3.682089,8.866192,1.550861,0.023914,0.053180,0.053156
26.146,hybrid,-3.682089,8.866192,1.550861,0.023914,0.053180,0.053156
26.180000000000003,hybrid,-3.682990,8.896281,1.604490,0.023759,0.061611,0.093170
26.180000000000003,hybrid,-3.682990,8.896281,1.604490,0.023759,0.061611,0.093170
26.214000000000002,hybrid,-3.682651,8.915495,1.594930,0.023179,0.062907,0.082635
26.248,hybrid,-3.683172,8.937205,1.594636,0.023540,0.064614,0.083973
26.248,hybrid,-3.683172,8.937205,1.594636,0.023540,0.064614,0.083973
26.282,hybrid,-3.683464,8.955995,1.590482,0.023415,0.062640,0.079222
26.316000000000003,hybrid,-3.683774,8.971869,1.590250,0.023780,0.063898,0.080246
26.316000000000003,hybrid,-3.682779,8.976523,1.581274,0.022687,0.055073,0.062263
26.35,hybrid,-3.682951,8.993267,1.580841,0.022959,0.056579,0.063662
26.35,hybrid,-3.682738,8.994598,1.578606,0.022478,0.052207,0.049204
26.384,hybrid,-3.683190,8.996022,1.578382,0.024844,0.061869,0.120112
26.418000000000003,hybrid,-3.683277,9.007657,1.578071,0.025011,0.062807,0.120621
26.418000000000003,hybrid,-3.683404,9.007859,1.580851,0.024101,0.062407,0.098868
26.452,hybrid,-3.683533,9.020911,1.580445,0.024226,0.063450,0.099567
26.452,hybrid,-3.683422,9.022284,1.568806,0.023427,0.062885,0.076149
26.486,hybrid,-3.683398,9.032994,1.568380,0.023547,0.063737,0.076904
26.486,hybrid,-3.683398,9.032994,1.568380,0.023547,0.063737,0.076904
26.520000000000003,hybrid,-3.684855,9.047970,1.579685,0.022298,0.062991,0.061618
26.554000000000002,hybrid,-3.684929,9.056525,1.579366,0.022356,0.063671,0.062359
26.554000000000002,hybrid,-3.684736,9.056643,1.578763,0.021775,0.063436,0.058491
26.588,hybrid,-3.684811,9.066221,1.578446,0.021849,0.064191,0.059358
26.588,hybrid,-3.684811,9.066221,1.578446,0.021849,0.064191,0.059358
26.622,hybrid,-3.684529,9.074794,1.577213,0.021464,0.064583,0.058104
26.656000000000002,hybrid,-3.684578,9.082511,1.576975,0.021524,0.065181,0.058805
26.656000000000002,hybrid,-3.684744,9.086840,1.575098,0.020719,0.050723,0.050505
26.69,hybrid,-3.684778,9.094929,1.574803,0.020757,0.051519,0.051357
26.724,hybrid,-3.684803,9.101444,1.574671,0.020794,0.052150,0.052013
26.724,hybrid,-3.684432,9.103531,1.572510,0.020196,0.048473,0.047316
26.758000000000003,hybrid,-3.684335,9.113598,1.564258,0.020238,0.049790,0.051256
26.758000000000003,hybrid,-3.684376,9.115364,1.564534,0.019683,0.045083,0.048637
26.792,hybrid,-3.684197,9.105739,1.620954,0.019665,0.047344,0.059919
26.792,hybrid,-3.684197,9.105739,1.620954,0.019665,0.047344,0.059919
26.826,hybrid,-3.684473,9.071485,1.672913,0.019298,0.054254,0.076407
26.860000000000003,hybrid,-3.684618,9.072475,1.771368,0.019406,0.056089,0.088415
26.860000000000003,hybrid,-3.686870,9.088825,1.664247,0.019018,0.054513,0.062386
26.894000000000002,hybrid,-3.691259,9.129732,1.759270,0.019354,0.059677,0.078764
26.894000000000002,hybrid,-3.691259,9.129732,1.759270,0.019354,0.059677,0.078764
26.928,hybrid,-3.691172,9.133103,1.840519,0.019219,0.052032,0.080161
26.962000000000003,hybrid,-3.684676,9.108246,1.896429,0.019918,0.055765,0.091458
26.962000000000003,hybrid,-3.684669,9.111355,1.888475,0.019987,0.055740,0.092791
26.996000000000002,hybrid,-3.685313,9.113099,1.959358,0.020457,0.056984,0.100232
26.996000000000002,hybrid,-3.685313,9.113099,1.959358,0.020457,0.056984,0.100232
27.03,hybrid,-3.694013,9.143183,1.996463,0.021068,0.054145,0.082833
27.03,hybrid,-3.694013,9.143183,1.996463,0.021068,0.054145,0.082833
27.064,hybrid,-3.694950,9.147592,2.076109,0.021139,0.046710,0.074623
27.098000000000003,hybrid,-3.686374,9.132633,2.159024,0.023084,0.049306,0.086019
27.132,hybrid,-3.688358,9.135394,2.224454,0.024257,0.050408,0.093498
27.132,hybrid,-3.687074,9.137015,2.223385,0.024209,0.048147,0.040202
27.132,hybrid,-3.687074,9.137015,2.223385,0.024209,0.048147,0.040202
27.166,hybrid,-3.686818,9.138441,2.292633,0.027555,0.047303,0.071934
27.200000000000003,hybrid,-3.687708,9.139428,2.321171,0.028123,0.047710,0.075885
27.200000000000003,hybrid,-3.686597,9.138576,2.345503,0.027102,0.045256,0.047869
27.234,hybrid,-3.686753,9.138703,2.397172,0.030889,0.046814,0.076843
27.234,hybrid,-3.686753,9.138703,2.397172,0.030889,0.046814,0.076843
27.268,hybrid,-3.700606,9.153453,2.434798,0.032181,0.044682,0.063595
27.302000000000003,hybrid,-3.703233,9.155610,2.475489,0.033235,0.045194,0.069944
27.302000000000003,hybrid,-3.698730,9.152596,2.483854,0.032220,0.041698,0.054085
27.336000000000002,hybrid,-3.701450,9.154635,2.522041,0.033308,0.042145,0.061016
27.336000000000002,hybrid,-3.701450,9.154635,2.522041,0.033308,0.042145,0.061016
27.37,hybrid,-3.693009,9.148276,2.564110,0.035601,0.037898,0.067841
27.404000000000003,hybrid,-3.695886,9.150088,2.589770,0.036458,0.038185,0.071761
27.404000000000003,hybrid,-3.689617,9.149250,2.600172,0.033696,0.034660,0.041193
27.438000000000002,hybrid,-3.692556,9.150960,2.627257,0.034666,0.034968,0.047672
27.438000000000002,hybrid,-3.692556,9.150960,2.627257,0.034666,0.034968,0.047672
27.472,hybrid,-3.695580,9.155160,2.663133,0.035320,0.033508,0.031457
27.506,hybrid,-3.684600,9.148922,2.703137,0.038948,0.034844,0.058686
27.506,hybrid,-3.684643,9.151375,2.701968,0.039812,0.032754,0.059958
27.540000000000003,hybrid,-3.686271,9.152131,2.715216,0.040272,0.032867,0.062273
27.540000000000003,hybrid,-3.686271,9.152131,2.715216,0.040272,0.032867,0.062273
27.574,hybrid,-3.676947,9.150739,2.729312,0.037600,0.030760,0.035441
27.608,hybrid,-3.680079,9.152063,2.756044,0.038580,0.030961,0.042716
27.608,hybrid,-3.679389,9.153053,2.754528,0.037101,0.029060,0.030760
27.642000000000003,hybrid,-3.680876,9.153642,2.771176,0.037674,0.029170,0.035988
27.642000000000003,hybrid,-3.680876,9.153642,2.771176,0.037674,0.029170,0.035988
27.676000000000002,hybrid,-3.727585,9.172352,2.832673,0.043826,0.029159,0.047737
27.71,hybrid,-3.760337,9.181451,2.909410,0.048809,0.029759,0.064447
27.71,hybrid,-3.758978,9.183714,2.871098,0.048062,0.027898,0.047846
27.744000000000003,hybrid,-3.776979,9.189179,2.894934,0.051162,0.028349,0.062656
27.744000000000003,hybrid,-3.776979,9.189179,2.894934,0.051162,0.028349,0.062656
27.778000000000002,hybrid,-3.806904,9.195361,2.933635,0.053891,0.027143,0.042570
27.812,hybrid,-3.814753,9.195025,3.008926,0.061914,0.027157,0.102055
27.812,hybrid,-3.810077,9.194082,2.992801,0.066314,0.026206,0.093509
27.846,hybrid,-3.843724,9.198516,3.025179,0.069276,0.026442,0.098645
27.846,hybrid,-3.843724,9.198516,3.025179,0.069276,0.026442,0.098645
27.880000000000003,hybrid,-3.876236,9.202503,3.054582,0.068226,0.024189,0.037048
27.914,hybrid,-3.908104,9.205041,3.067177,0.070705,0.024257,0.044092
27.914,hybrid,-3.896125,9.204510,3.059653,0.068464,0.023383,0.034450
27.948,hybrid,-3.904146,9.205241,3.059251,0.069296,0.023421,0.040191
27.948,hybrid,-3.904146,9.205241,3.059251,0.069296,0.023421,0.040191
27.982000000000003,hybrid,-3.926187,9.204748,3.086996,0.069319,0.022307,0.028188
28.016000000000002,hybrid,-3.952697,9.206059,3.097487,0.071357,0.022326,0.035635
28.016000000000002,hybrid,-3.914076,9.203043,3.097149,0.063057,0.021206,0.022473
28.05,hybrid,-3.944059,9.204282,3.104151,0.065501,0.021214,0.030744
28.05,hybrid,-3.935034,9.203878,3.107369,0.062733,0.020658,0.021201
28.084000000000003,hybrid,-3.942596,9.201707,-3.116092,0.071104,0.022786,0.109026
28.118000000000002,hybrid,-3.969168,9.200917,-3.096864,0.073207,0.023005,0.111969
28.118000000000002,hybrid,-3.967867,9.202831,3.134794,0.071798,0.022300,0.037093
28.152,hybrid,-4.001866,9.202928,-3.140683,0.074232,0.022423,0.043244
28.152,hybrid,-3.996875,9.204120,3.130902,0.072163,0.021764,0.022495
28.186000000000003,hybrid,-4.030874,9.204431,3.135320,0.074542,0.021793,0.030568
28.220000000000002,hybrid,-4.064364,9.202623,-3.131518,0.078082,0.021936,0.057889
28.220000000000002,hybrid,-4.058083,9.202905,-3.130101,0.077158,0.021272,0.055637
28.254,hybrid,-4.092080,9.202504,-3.129640,0.079333,0.021467,0.058692
28.254,hybrid,-4.077214,9.203501,-3.139327,0.073426,0.020702,0.027362
28.288,hybrid,-4.111214,9.203406,-3.138484,0.075717,0.020803,0.033249
28.288,hybrid,-4.111214,9.203406,-3.138484,0.075717,0.020803,0.033249
28.322000000000003,hybrid,-4.091696,9.205476,3.125907,0.079803,0.020213,0.065819
28.356,hybrid,-4.124867,9.205993,3.126162,0.081861,0.020300,0.068330
28.356,hybrid,-4.118483,9.205888,3.140317,0.077422,0.019871,0.029129
28.39,hybrid,-4.152483,9.205929,3.140447,0.079589,0.019954,0.034512
28.424000000000003,hybrid,-4.182605,9.205964,3.140379,0.081461,0.020084,0.038648
28.424000000000003,hybrid,-4.176263,9.206712,3.139843,0.075276,0.019548,0.027530
28.458000000000002,hybrid,-4.233764,9.207144,3.128137,0.079154,0.019795,0.039586
28.458000000000002,hybrid,-4.233507,9.206708,3.134552,0.077835,0.019329,0.027049
28.492,hybrid,-4.266527,9.206943,3.134365,0.079932,0.019442,0.032643
28.492,hybrid,-4.266527,9.206943,3.134365,0.079932,0.019442,0.032643
28.526000000000003,hybrid,-4.287756,9.207115,3.140507,0.075575,0.018846,0.024553
28.560000000000002,hybrid,-4.315463,9.207149,3.140160,0.077391,0.018942,0.029780
28.560000000000002,hybrid,-4.315463,9.207149,3.140160,0.075129,0.018428,0.021187
28.594,hybrid,-4.319840,9.204435,-3.124786,0.085202,0.031027,0.149660
28.594,hybrid,-4.319840,9.204435,-3.124786,0.085202,0.031027,0.149660
28.628,hybrid,-4.352374,9.205640,-3.135178,0.083203,0.029209,0.027543
28.662000000000003,hybrid,-4.375438,9.205501,-3.135968,0.084586,0.029358,0.031703
28.662000000000003,hybrid,-4.382331,9.204812,-3.133369,0.080339,0.026205,0.021220
28.696,hybrid,-4.403691,9.204647,-3.134236,0.081667,0.026297,0.026100
28.696,hybrid,-4.403691,9.204647,-3.134236,0.081667,0.026297,0.026100
28.73,hybrid,-4.426014,9.204492,-3.135082,0.079235,0.024645,0.025811
28.73,hybrid,-4.426014,9.204492,-3.135082,0.079235,0.024645,0.025811
28.764000000000003,hybrid,-4.443023,9.206483,3.134058,0.083058,0.024019,0.071802
28.798000000000002,hybrid,-4.459468,9.206612,3.133325,0.084051,0.024116,0.073039
28.798000000000002,hybrid,-4.459468,9.206612,3.133325,0.084051,0.024116,0.073039
28.832,hybrid,-4.478145,9.205599,-3.141377,0.078076,0.022986,0.033335
28.832,hybrid,-4.478145,9.205599,-3.141377,0.078076,0.022986,0.033335
28.866000000000003,hybrid,-4.500778,9.206091,-3.138018,0.075140,0.022168,0.019001
28.900000000000002,hybrid,-4.513544,9.206049,-3.138663,0.075993,0.022197,0.022396
28.900000000000002,hybrid,-4.511387,9.206367,-3.139213,0.068271,0.021480,0.017824
28.934,hybrid,-4.524417,9.206339,-3.139734,0.069226,0.021510,0.021411
28.968000000000004,hybrid,-4.534387,9.206324,-3.140411,0.069952,0.021536,0.023909
28.968000000000004,hybrid,-4.543424,9.206368,-3.140704,0.066629,0.020746,0.017815
29.002000000000002,hybrid,-4.553306,9.206363,-3.141563,0.067379,0.020769,0.020818
29.002000000000002,hybrid,-4.546026,9.207298,3.140248,0.060490,0.019918,0.017709
29.036,hybrid,-4.573599,9.210940,3.123735,0.066435,0.020351,0.073897
29.036,hybrid,-4.573599,9.210940,3.123735,0.066435,0.020351,0.073897
29.07,hybrid,-4.586135,9.211244,3.139455,0.064870,0.019720,0.023214
29.104000000000003,hybrid,-4.594363,9.211263,3.139249,0.065505,0.019740,0.025006
29.104000000000003,hybrid,-4.584943,9.212171,3.139432,0.059423,0.019252,0.020543
29.138,hybrid,-4.592036,9.212187,3.139053,0.060023,0.019267,0.022373
29.138,hybrid,-4.592036,9.212187,3.139053,0.060023,0.019267,0.022373
29.172,hybrid,-4.600355,9.212132,3.138999,0.059183,0.018719,0.020478
29.206000000000003,hybrid,-4.608404,9.212154,3.138671,0.059864,0.018734,0.022503
29.206000000000003,hybrid,-4.603080,9.212937,3.138989,0.055979,0.018321,0.020980
29.240000000000002,hybrid,-4.609608,9.212954,3.138878,0.056561,0.018332,0.022531
29.240000000000002,hybrid,-4.609608,9.212954,3.138878,0.056561,0.018332,0.022531
29.274,hybrid,-4.616227,9.212973,3.138570,0.056321,0.018011,0.020040
29.308000000000003,hybrid,-4.622967,9.212994,3.138320,0.056921,0.018023,0.021772
29.308000000000003,hybrid,-4.624196,9.213048,3.138948,0.056197,0.017555,0.018165
29.342000000000002,hybrid,-4.629495,9.213062,3.138872,0.056668,0.017565,0.019608
29.342000000000002,hybrid,-4.629495,9.213062,3.138872,0.056668,0.017565,0.019608
29.376,hybrid,-4.637371,9.213341,3.137935,0.055947,0.017358,0.016531
29.41,hybrid,-4.642773,9.213361,3.137794,0.056430,0.017367,0.018170
29.41,hybrid,-4.643878,9.213614,3.139519,0.055451,0.017051,0.015988
29.444000000000003,hybrid,-4.648250,9.213623,3.139464,0.055845,0.017058,0.017333
29.444000000000003,hybrid,-4.648250,9.213623,3.139464,0.055845,0.017058,0.017333
29.478,hybrid,-4.645971,9.214084,3.135544,0.050573,0.016791,0.014037
29.512,hybrid,-4.650251,9.214110,3.135426,0.050997,0.016796,0.015562
29.512,hybrid,-4.649731,9.214449,3.132833,0.048697,0.016625,0.011734
29.546000000000003,hybrid,-4.653502,9.214482,3.132800,0.049083,0.016627,0.013270
29.546000000000003,hybrid,-4.653502,9.214482,3.132800,0.049083,0.016627,0.013270
29.580000000000002,hybrid,-4.658885,9.214650,3.135612,0.048690,0.016332,0.012874
29.614,hybrid,-4.662512,9.214894,3.117076,0.051124,0.016369,0.047726
29.614,hybrid,-4.661476,9.215208,3.127182,0.052232,0.016212,0.052694
29.648000000000003,hybrid,-4.664633,9.215254,3.127110,0.052535,0.016215,0.053006
29.648000000000003,hybrid,-4.664633,9.215254,3.127110,0.052535,0.016215,0.053006
29.682000000000002,hybrid,-4.668542,9.215300,3.139758,0.052465,0.015880,0.028321
29.716,hybrid,-4.670870,9.215305,3.139773,0.052687,0.015884,0.028735
29.716,hybrid,-4.669636,9.214737,-3.141510,0.049536,0.015520,0.021667
29.750000000000004,hybrid,-4.672285,9.214737,-3.141578,0.049804,0.015522,0.022301
29.750000000000004,hybrid,-4.672285,9.214737,-3.141578,0.049217,0.015304,0.019255
29.784000000000002,hybrid,-4.674540,9.214737,-3.141554,0.049446,0.015306,0.019844
29.818,hybrid,-4.676533,9.214737,3.141586,0.049648,0.015308,0.020363
29.818,hybrid,-4.675983,9.214839,3.141105,0.048457,0.015125,0.017414
29.852,hybrid,-4.678166,9.214840,3.141067,0.048682,0.015127,0.018051
29.852,hybrid,-4.679650,9.215106,-3.140257,0.047921,0.014910,0.015500
29.886000000000003,hybrid,-4.681463,9.215104,-3.140332,0.048112,0.014913,0.016122
29.886000000000003,hybrid,-4.681463,9.215104,-3.140332,0.048112,0.014913,0.016122
29.92,hybrid,-4.677948,9.215267,-3.140922,0.045223,0.014789,0.015663
29.954,hybrid,-4.679049,9.215267,-3.140952,0.045345,0.014790,0.016029
29.954,hybrid,-4.679049,9.215267,-3.140952,0.043665,0.014589,0.013695
29.988000000000003,hybrid,-4.680645,9.215266,-3.140980,0.043848,0.014591,0.014286
29.988000000000003,hybrid,-4.680645,9.215266,-3.140980,0.043848,0.014591,0.014286
30.022000000000002,hybrid,-4.682098,9.215265,-3.141017,0.042857,0.014464,0.013711
30.056,hybrid,-4.683255,9.215264,-3.141046,0.042993,0.014465,0.014147
30.056,hybrid,-4.684618,9.215292,-3.140642,0.041939,0.014335,0.011698
30.090000000000003,hybrid,-4.685860,9.215290,-3.140648,0.042087,0.014336,0.012222
30.090000000000003,hybrid,-4.685860,9.215290,-3.140648,0.042087,0.014336,0.012222
30.124000000000002,hybrid,-4.685459,9.215293,-3.141195,0.040451,0.014148,0.011668
30.158,hybrid,-4.686410,9.215292,-3.141207,0.040569,0.014149,0.012079
30.158,hybrid,-4.686952,9.215672,-3.140312,0.039759,0.013988,0.011099
30.192,hybrid,-4.687964,9.215671,-3.140326,0.039887,0.013990,0.011558
30.192,hybrid,-4.687964,9.215671,-3.140326,0.039887,0.013990,0.011558
30.226000000000003,hybrid,-4.688863,9.215670,-3.140339,0.039541,0.013816,0.011753
30.226000000000003,hybrid,-4.688863,9.215670,-3.140339,0.039541,0.013816,0.011753
30.26,hybrid,-4.691591,9.215855,3.140924,0.039291,0.013614,0.011219
30.294,hybrid,-4.692239,9.215855,3.140916,0.039373,0.013614,0.011511
30.294,hybrid,-4.692239,9.215855,3.140916,0.039373,0.013614,0.011511
30.328000000000003,hybrid,-4.690852,9.215948,3.140859,0.037330,0.013461,0.011325
30.362000000000002,hybrid,-4.691395,9.215948,3.140854,0.037403,0.013461,0.011567
30.362000000000002,hybrid,-4.691395,9.215948,3.140854,0.036829,0.013364,0.010936
30.396,hybrid,-4.692000,9.215949,3.140849,0.036912,0.013364,0.011215
30.396,hybrid,-4.692000,9.215949,3.140849,0.036912,0.013364,0.011215
30.430000000000003,hybrid,-4.691599,9.216069,3.139781,0.035639,0.013251,0.010516
30.464000000000002,hybrid,-4.692120,9.216070,3.139777,0.035713,0.013251,0.010764
30.464000000000002,hybrid,-4.691877,9.215999,3.139947,0.035392,0.013056,0.010397
30.498,hybrid,-4.692377,9.215999,3.139944,0.035463,0.013056,0.010638
30.498,hybrid,-4.692377,9.215999,3.139944,0.035463,0.013056,0.010638
30.532000000000004,hybrid,-4.693763,9.216076,3.140771,0.035189,0.012951,0.010256
30.532000000000004,hybrid,-4.693763,9.216076,3.140771,0.035189,0.012951,0.010256
30.566000000000003,hybrid,-4.696418,9.216372,3.141485,0.034813,0.012761,0.009248
30.6,hybrid,-4.696818,9.216372,3.141484,0.034870,0.012761,0.009462
30.6,hybrid,-4.691519,9.216378,3.140752,0.032109,0.012658,0.009016
30.634,hybrid,-4.691956,9.216379,3.140752,0.032177,0.012659,0.009255
30.634,hybrid,-4.691956,9.216379,3.140752,0.032177,0.012659,0.009255
30.668000000000003,hybrid,-4.693315,9.216584,-3.140655,0.031492,0.012471,0.008465
30.702,hybrid,-4.693645,9.216583,-3.140655,0.031545,0.012472,0.008658
30.702,hybrid,-4.693645,9.216583,-3.140655,0.031127,0.012313,0.008336
30.736,hybrid,-4.693930,9.216583,-3.140654,0.031173,0.012314,0.008507
30.736,hybrid,-4.693930,9.216583,-3.140654,0.031173,0.012314,0.008507
30.770000000000003,hybrid,-4.694833,9.216502,-3.106837,0.032543,0.012171,0.026641
30.804000000000002,hybrid,-4.746250,9.215804,-2.990906,0.043470,0.012376,0.066256
30.804000000000002,hybrid,-4.750810,9.218255,-3.089602,0.048167,0.012340,0.075210
30.838,hybrid,-4.776917,9.215474,-2.988963,0.052704,0.012802,0.089061
30.838,hybrid,-4.776917,9.215474,-2.988963,0.052704,0.012802,0.089061
30.872000000000003,hybrid,-4.797181,9.213426,-2.941612,0.056037,0.013110,0.040919
30.906000000000002,hybrid,-4.799745,9.212772,-2.847966,0.057798,0.013605,0.059781
30.906000000000002,hybrid,-4.797426,9.213151,-2.854782,0.057454,0.013738,0.042231
30.94,hybrid,-4.803614,9.211264,-2.718739,0.060066,0.014757,0.067594
30.94,hybrid,-4.803614,9.211264,-2.718739,0.060066,0.014757,0.067594
30.974,hybrid,-4.797895,9.211232,-2.671096,0.059093,0.016241,0.043681
31.008000000000003,hybrid,-4.743705,9.238723,-2.506803,0.065321,0.021414,0.076435
31.042,hybrid,-4.746354,9.236593,-2.422304,0.066241,0.023191,0.086985
31.042,hybrid,-4.738300,9.235799,-2.470341,0.067118,0.024192,0.095089
31.042,hybrid,-4.738300,9.235799,-2.470341,0.067118,0.024192,0.095089
31.076,hybrid,-4.707307,9.260705,-2.407238,0.065365,0.028342,0.061465
31.110000000000003,hybrid,-4.709731,9.258323,-2.324581,0.066113,0.030025,0.073926
31.110000000000003,hybrid,-4.703701,9.259612,-2.319654,0.057753,0.028875,0.046406
31.144000000000002,hybrid,-4.673203,9.291256,-2.269631,0.060509,0.033867,0.065712
31.144000000000002,hybrid,-4.673203,9.291256,-2.269631,0.060509,0.033867,0.065712
31.178,hybrid,-4.672522,9.258637,-2.174716,0.096220,0.066708,0.252011
31.212000000000003,hybrid,-4.661707,9.275895,-2.117598,0.096903,0.068504,0.254668
31.212000000000003,hybrid,-4.667148,9.276422,-2.120630,0.063543,0.053787,0.048445
31.246000000000002,hybrid,-4.665468,9.279378,-2.054865,0.063881,0.054945,0.060796
31.246000000000002,hybrid,-4.665468,9.279378,-2.054865,0.063881,0.054945,0.060796
31.28,hybrid,-4.641074,9.334353,-2.002450,0.058773,0.057001,0.054147
31.314000000000004,hybrid,-4.640573,9.335468,-1.976210,0.058875,0.057473,0.058897
31.314000000000004,hybrid,-4.648590,9.318121,-1.953193,0.054278,0.051428,0.038734
31.348000000000003,hybrid,-4.648663,9.317957,-1.888253,0.054679,0.053559,0.064486
31.348000000000003,hybrid,-4.648663,9.317957,-1.888253,0.054679,0.053559,0.064486
31.382,hybrid,-4.649448,9.317241,-1.811048,0.052614,0.051827,0.060208
31.382,hybrid,-4.649448,9.317241,-1.811048,0.052614,0.051827,0.060208
31.416,hybrid,-4.655550,9.300538,-1.800962,0.048862,0.047843,0.028138
31.450000000000003,hybrid,-4.654288,9.306473,-1.747944,0.048956,0.049483,0.043736
31.450000000000003,hybrid,-4.664316,9.297829,-1.767408,0.043288,0.045635,0.022113
31.484,hybrid,-4.663724,9.301176,-1.725467,0.043336,0.046868,0.036902
31.518,hybrid,-4.663262,9.304545,-1.688620,0.043367,0.047979,0.046182
31.518,hybrid,-4.667650,9.295344,-1.685717,0.040964,0.044506,0.032491
31.552000000000003,hybrid,-4.665624,9.308969,-1.668250,0.041113,0.047722,0.053413
31.552000000000003,hybrid,-4.669821,9.299672,-1.659965,0.038148,0.046411,0.053077
31.586000000000002,hybrid,-4.669569,9.303063,-1.628585,0.038174,0.047435,0.058982
31.62,hybrid,-4.669421,9.306460,-1.599759,0.038195,0.048389,0.063948
31.62,hybrid,-4.676592,9.300881,-1.582815,0.035212,0.045951,0.025381
31.654000000000003,hybrid,-4.676599,9.302281,-1.555374,0.035217,0.046695,0.034742
31.654000000000003,hybrid,-4.679732,9.295381,-1.555140,0.033671,0.042649,0.024664
31.688000000000002,hybrid,-4.679369,9.308445,-1.539641,0.033713,0.046412,0.052791
31.688000000000002,hybrid,-4.679369,9.308445,-1.539641,0.033713,0.046412,0.052791
31.722,hybrid,-4.682639,9.307195,-1.513942,0.031819,0.044245,0.024879
31.756,hybrid,-4.682703,9.307992,-1.488501,0.031826,0.044901,0.033702
31.756,hybrid,-4.685980,9.297164,-1.491835,0.030502,0.041892,0.023928
31.790000000000003,hybrid,-4.684595,9.282515,-1.430491,0.030506,0.044969,0.044120
31.824,hybrid,-4.678673,9.249042,-1.360242,0.030723,0.049875,0.060757
31.824,hybrid,-4.683100,9.248675,-1.412562,0.029631,0.048216,0.039503
31.858,hybrid,-4.681087,9.244185,-1.362794,0.032327,0.056206,0.105538
31.858,hybrid,-4.685178,9.251058,-1.392792,0.033002,0.055552,0.095973
31.892000000000003,hybrid,-4.678359,9.217752,-1.343733,0.033386,0.059194,0.102625
31.926000000000002,hybrid,-4.669920,9.184820,-1.294149,0.034240,0.062563,0.108920
31.926000000000002,hybrid,-4.675585,9.187150,-1.321913,0.031832,0.055273,0.048278
31.96,hybrid,-4.666226,9.129597,-1.310660,0.032560,0.063122,0.081524
31.96,hybrid,-4.671102,9.141501,-1.319412,0.031009,0.058877,0.068299
31.994000000000003,hybrid,-4.662449,9.109918,-1.287778,0.031543,0.061873,0.074999
31.994000000000003,hybrid,-4.662449,9.109918,-1.287778,0.031543,0.061873,0.074999
32.028,hybrid,-4.659545,9.099387,-1.260098,0.029927,0.054341,0.031985
32.028,hybrid,-4.659545,9.099387,-1.260098,0.029927,0.054341,0.031985
32.062000000000005,hybrid,-4.655566,9.087699,-1.241511,0.028948,0.049155,0.031441
32.096000000000004,hybrid,-4.634357,9.040219,-1.246246,0.031561,0.056171,0.072360
32.13,hybrid,-4.624733,9.012246,-1.231236,0.032320,0.058697,0.076367
32.13,hybrid,-4.631896,9.033743,-1.215793,0.029659,0.052685,0.028565
32.13,hybrid,-4.631896,9.033743,-1.215793,0.029659,0.052685,0.028565
32.164,hybrid,-4.628550,9.018797,-1.197554,0.028491,0.049838,0.020090
32.198,hybrid,-4.619201,8.994756,-1.209733,0.029087,0.052239,0.030085
32.198,hybrid,-4.619201,8.994756,-1.209733,0.029087,0.052239,0.030085
32.232,hybrid,-4.601855,8.961214,-1.171056,0.031539,0.055514,0.069048
32.266000000000005,hybrid,-4.588615,8.929898,-1.170373,0.032616,0.058008,0.071563
32.266000000000005,hybrid,-4.598722,8.947446,-1.190986,0.029864,0.051952,0.026103
32.300000000000004,hybrid,-4.586073,8.915886,-1.188315,0.030665,0.054721,0.032784
32.300000000000004,hybrid,-4.593672,8.932861,-1.190804,0.028219,0.045193,0.015977
32.334,hybrid,-4.568817,8.869529,-1.178500,0.029868,0.051718,0.037711
32.334,hybrid,-4.568817,8.869529,-1.178500,0.029868,0.051718,0.037711
32.368,hybrid,-4.564286,8.854141,-1.191723,0.028680,0.047632,0.022785
32.402,hybrid,-4.551679,8.822565,-1.190086,0.029479,0.050635,0.029864
32.402,hybrid,-4.555761,8.832904,-1.191064,0.028248,0.046157,0.023322
32.436,hybrid,-4.556333,8.833574,-1.179674,0.036668,0.053658,0.115833
32.436,hybrid,-4.556333,8.833574,-1.179674,0.036668,0.053658,0.115833
32.47,hybrid,-4.547698,8.808537,-1.184259,0.033642,0.049249,0.023712
32.504000000000005,hybrid,-4.535708,8.779094,-1.183681,0.034290,0.051956,0.029862
32.504000000000005,hybrid,-4.537309,8.779252,-1.184475,0.031750,0.046129,0.016551
32.538000000000004,hybrid,-4.525537,8.750324,-1.184062,0.032412,0.048955,0.024383
32.572,hybrid,-4.508541,8.707978,-1.175297,0.033442,0.053127,0.037793
32.572,hybrid,-4.511234,8.709541,-1.179486,0.031129,0.047572,0.031152
32.606,hybrid,-4.500061,8.682474,-1.179099,0.031783,0.050150,0.035651
32.64,hybrid,-4.492525,8.664236,-1.178864,0.032234,0.051816,0.038380
32.64,hybrid,-4.494270,8.665857,-1.180937,0.030084,0.044559,0.026914
32.64,hybrid,-4.494270,8.665857,-1.180937,0.030084,0.044559,0.026914
32.674,hybrid,-4.486260,8.643986,-1.181798,0.028792,0.043204,0.019789
32.708000000000006,hybrid,-4.481639,8.631639,-1.243240,0.029316,0.045719,0.041860
32.708000000000006,hybrid,-4.480319,8.629762,-1.204836,0.027853,0.041313,0.034561
32.742000000000004,hybrid,-4.471522,8.606801,-1.205090,0.028387,0.043841,0.038019
32.742000000000004,hybrid,-4.471522,8.606801,-1.205090,0.028387,0.043841,0.038019
32.776,hybrid,-4.462353,8.584022,-1.186254,0.026816,0.041177,0.021707
32.81,hybrid,-4.450461,8.552172,-1.223956,0.027731,0.045397,0.039563
32.81,hybrid,-4.449312,8.549425,-1.211400,0.026051,0.040222,0.026215
32.844,hybrid,-4.451153,8.544432,-1.214155,0.032019,0.064569,0.170842
32.844,hybrid,-4.451153,8.544432,-1.214155,0.032019,0.064569,0.170842
32.878,hybrid,-4.441297,8.498427,-1.211394,0.031615,0.053188,0.037317
32.912,hybrid,-4.429365,8.466590,-1.212148,0.032247,0.055888,0.041841
32.912,hybrid,-4.431479,8.464681,-1.214724,0.030511,0.049473,0.025434
32.946000000000005,hybrid,-4.410700,8.415170,-1.172824,0.031904,0.054484,0.044965
32.946000000000005,hybrid,-4.410700,8.415170,-1.172824,0.031904,0.054484,0.044965
32.980000000000004,hybrid,-4.399725,8.382001,-1.202564,0.031492,0.048514,0.030668
33.014,hybrid,-4.387958,8.351536,-1.201888,0.032160,0.051319,0.035786
33.014,hybrid,-4.390656,8.354935,-1.207344,0.030626,0.047942,0.026293
33.048,hybrid,-4.368132,8.304033,-1.176260,0.032541,0.053646,0.052459
33.048,hybrid,-4.368132,8.304033,-1.176260,0.032541,0.053646,0.052459
33.082,hybrid,-4.360881,8.284813,-1.200114,0.031781,0.048479,0.029659
33.116,hybrid,-4.350131,8.257166,-1.199708,0.032465,0.050998,0.034415
33.116,hybrid,-4.355235,8.265378,-1.207845,0.030514,0.046266,0.026366
33.15,hybrid,-4.343625,8.234825,-1.207656,0.031198,0.049229,0.032028
33.15,hybrid,-4.345737,8.237359,-1.208964,0.029585,0.043466,0.021415
33.184000000000005,hybrid,-4.352584,8.250812,-1.297302,0.032136,0.049981,0.082074
33.218,hybrid,-4.344960,8.223640,-1.297166,0.032509,0.052513,0.083792
33.218,hybrid,-4.342305,8.221239,-1.234488,0.030601,0.048318,0.041972
33.252,hybrid,-4.332438,8.193021,-1.234377,0.031178,0.050958,0.045418
33.252,hybrid,-4.330824,8.189722,-1.222634,0.029450,0.046362,0.027109
33.286,hybrid,-4.321954,8.165274,-1.222788,0.029945,0.048769,0.031592
33.32,hybrid,-4.300885,8.113928,-1.239212,0.031783,0.054971,0.059466
33.32,hybrid,-4.298542,8.108933,-1.227629,0.031217,0.051341,0.057674
33.354,hybrid,-4.287192,8.076884,-1.233251,0.031913,0.054298,0.061471
33.354,hybrid,-4.286666,8.077050,-1.219449,0.029221,0.044822,0.030100
33.388000000000005,hybrid,-4.275030,8.045103,-1.223930,0.029945,0.048136,0.036546
33.422000000000004,hybrid,-4.260831,7.984163,-1.283229,0.031111,0.056980,0.074119
33.422000000000004,hybrid,-4.262098,7.992783,-1.261311,0.029930,0.053786,0.065149
33.456,hybrid,-4.251733,7.960402,-1.261336,0.030712,0.056562,0.067801
33.49,hybrid,-4.241377,7.928017,-1.261209,0.031625,0.059210,0.070282
33.49,hybrid,-4.241255,7.936614,-1.235731,0.029658,0.052044,0.036094
33.49,hybrid,-4.241255,7.936614,-1.235731,0.029658,0.052044,0.036094
33.524,hybrid,-4.226206,7.899142,-1.236083,0.029845,0.051657,0.051356
33.558,hybrid,-4.215487,7.868361,-1.235293,0.030609,0.054386,0.054582
33.558,hybrid,-4.218226,7.876258,-1.234423,0.028824,0.049063,0.029765
33.592,hybrid,-4.206990,7.844168,-1.233526,0.029485,0.052071,0.035269
33.626000000000005,hybrid,-4.196818,7.815186,-1.232896,0.030108,0.054644,0.039543
33.626000000000005,hybrid,-4.195902,7.816112,-1.218996,0.028419,0.047926,0.021892
33.660000000000004,hybrid,-4.178790,7.755525,-1.219593,0.029762,0.056220,0.064482
33.660000000000004,hybrid,-4.183233,7.764900,-1.237985,0.028646,0.054757,0.060346
33.694,hybrid,-4.173863,7.737818,-1.237400,0.029189,0.057069,0.062769
33.694,hybrid,-4.173863,7.737818,-1.237400,0.029189,0.057069,0.062769
33.728,hybrid,-4.167504,7.722381,-1.235569,0.028057,0.050768,0.033828
33.762,hybrid,-4.158357,7.696120,-1.235697,0.028529,0.053217,0.037749
33.762,hybrid,-4.158273,7.697740,-1.228893,0.027001,0.045803,0.019602
33.796,hybrid,-4.155848,7.690100,-1.246199,0.027301,0.047596,0.038783
33.796,hybrid,-4.155848,7.690100,-1.246199,0.027301,0.047596,0.038783
33.830000000000005,hybrid,-4.147278,7.666524,-1.229733,0.026985,0.047462,0.023304
33.864000000000004,hybrid,-4.139631,7.644962,-1.233512,0.027470,0.049621,0.029111
33.864000000000004,hybrid,-4.139681,7.645562,-1.232290,0.026989,0.048111,0.022534
33.898,hybrid,-4.128645,7.613403,-1.243592,0.027670,0.051372,0.032769
33.932,hybrid,-4.107521,7.566124,-1.239626,0.030320,0.058102,0.072328
33.932,hybrid,-4.105369,7.566156,-1.228565,0.029869,0.055505,0.068138
33.932,hybrid,-4.105369,7.566156,-1.228565,0.029869,0.055505,0.068138
33.966,hybrid,-4.097758,7.540039,-1.234142,0.028319,0.052495,0.022497
34.0,hybrid,-4.086556,7.507937,-1.234577,0.028943,0.055336,0.029566
34.0,hybrid,-4.086464,7.508156,-1.229040,0.027456,0.049140,0.015703
34.034,hybrid,-4.079300,7.481631,-1.266045,0.028088,0.053782,0.053848
34.034,hybrid,-4.079300,7.481631,-1.266045,0.028088,0.053782,0.053848
34.068000000000005,hybrid,-4.071944,7.455032,-1.240033,0.026872,0.052904,0.031200
34.102000000000004,hybrid,-4.061225,7.423855,-1.239234,0.027568,0.055641,0.036319
34.136,hybrid,-4.050986,7.394147,-1.238735,0.028260,0.058127,0.040538
34.136,hybrid,-4.052433,7.396845,-1.238770,0.026916,0.055015,0.029167
34.136,hybrid,-4.052433,7.396845,-1.238770,0.026916,0.055015,0.029167
34.17,hybrid,-4.035969,7.352255,-1.239394,0.026684,0.053620,0.037234
34.204,hybrid,-4.025943,7.323123,-1.239220,0.027313,0.056142,0.041206
34.204,hybrid,-4.027579,7.328633,-1.237729,0.026079,0.050685,0.030249
34.238,hybrid,-4.017764,7.300284,-1.237238,0.026733,0.053267,0.034997
34.238,hybrid,-4.017764,7.300284,-1.237238,0.026733,0.053267,0.034997
34.272000000000006,hybrid,-4.006574,7.267347,-1.237971,0.025655,0.048098,0.025499
34.306000000000004,hybrid,-3.986296,7.227197,-1.200559,0.029179,0.055154,0.075807
34.306000000000004,hybrid,-3.987740,7.228529,-1.222601,0.029320,0.055034,0.072216
34.34,hybrid,-3.978479,7.203020,-1.222474,0.029919,0.057190,0.074089
34.34,hybrid,-3.978479,7.203020,-1.222474,0.029919,0.057190,0.074089
34.374,hybrid,-3.971687,7.181159,-1.230010,0.028263,0.052513,0.036750
34.408,hybrid,-3.962227,7.154292,-1.236357,0.028888,0.054991,0.041981
34.408,hybrid,-3.963510,7.157579,-1.236082,0.026904,0.048662,0.030009
34.442,hybrid,-3.954968,7.136749,-1.207398,0.027915,0.051963,0.052245
34.442,hybrid,-3.954968,7.136749,-1.207398,0.027915,0.051963,0.052245
34.476,hybrid,-3.942946,7.102934,-1.221175,0.026933,0.048137,0.031829
34.510000000000005,hybrid,-3.931315,7.070985,-1.221888,0.027717,0.051185,0.036978
34.510000000000005,hybrid,-3.929573,7.067191,-1.216730,0.026410,0.048506,0.021061
34.544000000000004,hybrid,-3.925213,7.050915,-1.201970,0.027142,0.053684,0.067813
34.544000000000004,hybrid,-3.925213,7.050915,-1.201970,0.027142,0.053684,0.067813
34.578,hybrid,-3.915221,7.022088,-1.226209,0.026759,0.052560,0.045318
34.612,hybrid,-3.903718,6.990093,-1.225062,0.027552,0.055418,0.049160
34.612,hybrid,-3.905043,6.991430,-1.235103,0.026076,0.049820,0.034840
34.646,hybrid,-3.885864,6.938805,-1.225917,0.027465,0.054954,0.046285
34.646,hybrid,-3.885864,6.938805,-1.225917,0.027465,0.054954,0.046285
34.68,hybrid,-3.878713,6.914498,-1.237443,0.026622,0.051908,0.027677
34.714,hybrid,-3.868617,6.885356,-1.237161,0.027226,0.054535,0.032865
34.714,hybrid,-3.869446,6.888104,-1.236109,0.026307,0.050938,0.021261
34.748000000000005,hybrid,-3.858442,6.856480,-1.235579,0.026958,0.053820,0.028240
34.748000000000005,hybrid,-3.858442,6.856480,-1.235579,0.026958,0.053820,0.028240
34.782000000000004,hybrid,-3.852508,6.843568,-1.213610,0.026368,0.050259,0.042378
34.816,hybrid,-3.842186,6.815908,-1.213528,0.027081,0.052791,0.045752
34.816,hybrid,-3.844179,6.819855,-1.225722,0.026344,0.050319,0.034762
34.85,hybrid,-3.833520,6.790212,-1.225506,0.026994,0.053075,0.039086
34.85,hybrid,-3.834556,6.792031,-1.232077,0.025844,0.048425,0.027742
34.884,hybrid,-3.825790,6.767171,-1.231613,0.026342,0.050856,0.032288
34.918,hybrid,-3.828258,6.777311,-1.176330,0.027015,0.056273,0.079174
34.918,hybrid,-3.826336,6.770686,-1.201073,0.026452,0.056250,0.080707
34.952000000000005,hybrid,-3.816853,6.746172,-1.210625,0.027111,0.058432,0.083472
34.952000000000005,hybrid,-3.816528,6.742388,-1.237674,0.026148,0.054216,0.037696
34.986000000000004,hybrid,-3.806730,6.709837,-1.307055,0.026839,0.058164,0.056112
35.02,hybrid,-3.789356,6.653789,-1.328129,0.028293,0.064041,0.075042
35.02,hybrid,-3.787514,6.657352,-1.285632,0.027286,0.057806,0.054412
35.054,hybrid,-3.778483,6.624574,-1.311353,0.028019,0.060837,0.061766
35.088,hybrid,-3.770120,6.591619,-1.334103,0.028804,0.063718,0.067898
35.088,hybrid,-3.773151,6.600003,-1.339427,0.026914,0.057278,0.041897
35.122,hybrid,-3.771622,6.585295,-1.364129,0.027105,0.062321,0.080762
35.122,hybrid,-3.771841,6.586330,-1.358513,0.025820,0.058736,0.072482
35.156,hybrid,-3.765090,6.553007,-1.378981,0.026324,0.061756,0.077479
35.156,hybrid,-3.766126,6.557920,-1.376194,0.024929,0.053088,0.029391
35.190000000000005,hybrid,-3.759704,6.524532,-1.385943,0.025275,0.056240,0.037400
35.190000000000005,hybrid,-3.759704,6.524532,-1.385943,0.025275,0.056240,0.037400
35.224000000000004,hybrid,-3.748269,6.470773,-1.395942,0.025264,0.056415,0.050658
35.258,hybrid,-3.742566,6.438138,-1.400674,0.025663,0.059261,0.054700
35.258,hybrid,-3.741028,6.434293,-1.391161,0.024641,0.054004,0.021326
35.292,hybrid,-3.735013,6.400829,-1.393837,0.024846,0.057021,0.029126
35.326,hybrid,-3.729445,6.369402,-1.396770,0.025066,0.059724,0.035016
35.326,hybrid,-3.730535,6.369338,-1.401654,0.024607,0.057657,0.024161
35.36,hybrid,-3.727931,6.355602,-1.378193,0.024721,0.059203,0.034536
35.36,hybrid,-3.729867,6.363425,-1.389797,0.023876,0.052521,0.027844
35.394000000000005,hybrid,-3.724785,6.335616,-1.390149,0.024079,0.055068,0.032634
35.394000000000005,hybrid,-3.724785,6.335616,-1.390149,0.024079,0.055068,0.032634
35.428000000000004,hybrid,-3.721370,6.310664,-1.411130,0.023496,0.050141,0.024433
35.462,hybrid,-3.717458,6.286342,-1.411510,0.023680,0.052478,0.029170
35.462,hybrid,-3.718059,6.288870,-1.412578,0.023181,0.048550,0.020417
35.496,hybrid,-3.711489,6.246098,-1.406626,0.023447,0.053045,0.034657
35.496,hybrid,-3.711489,6.246098,-1.406626,0.023447,0.053045,0.034657
35.53,hybrid,-3.709880,6.231452,-1.426790,0.023023,0.049472,0.032792
35.53,hybrid,-3.709880,6.231452,-1.426790,0.023023,0.049472,0.032792
35.564,hybrid,-3.707359,6.199270,-1.435683,0.022727,0.050733,0.032979
35.598,hybrid,-3.702831,6.165573,-1.439263,0.022975,0.053974,0.038720
35.632000000000005,hybrid,-3.686721,6.098475,-1.385871,0.024765,0.062077,0.072703
35.632000000000005,hybrid,-3.686626,6.101330,-1.378672,0.024359,0.061828,0.066859
35.666000000000004,hybrid,-3.680166,6.067949,-1.381610,0.024904,0.064490,0.069777
35.666000000000004,hybrid,-3.691193,6.073117,-1.422539,0.023371,0.061668,0.026961
35.7,hybrid,-3.686197,6.039486,-1.424258,0.023531,0.064339,0.033185
35.7,hybrid,-3.692768,6.069882,-1.435434,0.022382,0.052843,0.015281
35.734,hybrid,-3.687440,6.019133,-1.460653,0.022565,0.058037,0.038329
35.768,hybrid,-3.683745,5.985749,-1.460757,0.022764,0.060831,0.042546
35.768,hybrid,-3.686624,6.007453,-1.449382,0.022136,0.052328,0.028545
35.802,hybrid,-3.682821,5.976373,-1.448497,0.022344,0.055203,0.033847
35.836000000000006,hybrid,-3.679089,5.945971,-1.448373,0.022593,0.057870,0.038216
35.836000000000006,hybrid,-3.676806,5.939334,-1.437991,0.021926,0.054263,0.024293
35.836000000000006,hybrid,-3.676806,5.939334,-1.437991,0.021926,0.054263,0.024293
35.870000000000005,hybrid,-3.674583,5.880215,-1.485798,0.021604,0.055542,0.048631
35.904,hybrid,-3.672062,5.850592,-1.485769,0.021824,0.058139,0.051634
35.904,hybrid,-3.671738,5.866795,-1.451838,0.021264,0.052193,0.019715
35.938,hybrid,-3.668327,5.838248,-1.451913,0.021376,0.054837,0.026032
35.938,hybrid,-3.668327,5.838248,-1.451913,0.021376,0.054837,0.026032
35.972,hybrid,-3.664820,5.811705,-1.447848,0.021218,0.052453,0.027072
36.006,hybrid,-3.664494,5.792299,-1.448352,0.021262,0.058041,0.071848
36.006,hybrid,-3.663821,5.784467,-1.435655,0.021043,0.058426,0.075608
36.04,hybrid,-3.660412,5.759366,-1.436007,0.021264,0.060514,0.077311
36.074000000000005,hybrid,-3.657670,5.739108,-1.437410,0.021568,0.062167,0.078800
36.074000000000005,hybrid,-3.657210,5.733669,-1.437086,0.021087,0.058546,0.035145
36.108000000000004,hybrid,-3.653764,5.707494,-1.445729,0.021302,0.060837,0.040891
36.108000000000004,hybrid,-3.654120,5.701326,-1.421270,0.020641,0.057012,0.023146
36.142,hybrid,-3.642719,5.637987,-1.427541,0.021323,0.063206,0.049477
36.142,hybrid,-3.642719,5.637987,-1.427541,0.021323,0.063206,0.049477
36.176,hybrid,-3.641829,5.633213,-1.441809,0.020925,0.055747,0.028180
36.21,hybrid,-3.637512,5.599488,-1.444950,0.021067,0.058731,0.034597
36.21,hybrid,-3.637033,5.584396,-1.426010,0.020644,0.054341,0.023275
36.244,hybrid,-3.631361,5.531024,-1.427215,0.020883,0.060306,0.051100
36.244,hybrid,-3.631361,5.531024,-1.427215,0.020883,0.060306,0.051100
36.278000000000006,hybrid,-3.629885,5.517735,-1.444981,0.020767,0.056416,0.027727
36.312000000000005,hybrid,-3.625638,5.484002,-1.446134,0.020984,0.059319,0.033643
36.312000000000005,hybrid,-3.626969,5.493443,-1.451369,0.020673,0.056248,0.028648
36.346000000000004,hybrid,-3.619165,5.431201,-1.395900,0.021118,0.062382,0.050571
36.346000000000004,hybrid,-3.619165,5.431201,-1.395900,0.021118,0.062382,0.050571
36.38,hybrid,-3.618235,5.402839,-1.446217,0.020779,0.060470,0.020696
36.414,hybrid,-3.614452,5.372567,-1.446597,0.020873,0.062913,0.027222
36.414,hybrid,-3.617495,5.399175,-1.455522,0.020600,0.056396,0.021209
36.448,hybrid,-3.613609,5.365552,-1.455932,0.020669,0.059301,0.028222
36.448,hybrid,-3.613609,5.365552,-1.455932,0.020669,0.059301,0.028222
36.482,hybrid,-3.606189,5.328563,-1.440865,0.021143,0.062216,0.055665
36.516000000000005,hybrid,-3.602614,5.301210,-1.440846,0.021366,0.064371,0.058096
36.516000000000005,hybrid,-3.600776,5.283951,-1.452039,0.020736,0.058003,0.019849
36.550000000000004,hybrid,-3.597031,5.252539,-1.452205,0.020837,0.060632,0.026714
36.550000000000004,hybrid,-3.595419,5.239558,-1.456031,0.020423,0.054842,0.016322
36.584,hybrid,-3.592025,5.210127,-1.456034,0.020502,0.057441,0.023740
36.618,hybrid,-3.587284,5.174798,-1.418899,0.020711,0.061007,0.040777
36.618,hybrid,-3.588047,5.176389,-1.427188,0.020426,0.057183,0.033620
36.652,hybrid,-3.584487,5.151757,-1.427418,0.020541,0.059286,0.037200
36.652,hybrid,-3.585319,5.151102,-1.440483,0.020263,0.056619,0.026521
36.686,hybrid,-3.582191,5.126834,-1.445369,0.020336,0.058791,0.032338
36.686,hybrid,-3.582191,5.126834,-1.445369,0.020336,0.058791,0.032338
36.72,hybrid,-3.577025,5.096041,-1.445191,0.020142,0.057584,0.022018
36.754000000000005,hybrid,-3.581696,5.086811,-1.500562,0.029814,0.072116,0.152457
36.754000000000005,hybrid,-3.581906,5.083568,-1.469028,0.035546,0.080572,0.150609
36.788000000000004,hybrid,-3.578482,5.049741,-1.470714,0.035766,0.082645,0.151844
36.822,hybrid,-3.575117,5.015908,-1.472593,0.036710,0.084674,0.153083
36.822,hybrid,-3.565981,5.055129,-1.466443,0.033687,0.071131,0.021840
36.856,hybrid,-3.559255,5.014893,-1.490313,0.033917,0.075781,0.061754
36.856,hybrid,-3.559762,5.002010,-1.469988,0.033173,0.070346,0.061019
36.89,hybrid,-3.556346,4.968182,-1.470576,0.033166,0.072701,0.063836
36.924,hybrid,-3.553204,4.936999,-1.469697,0.033283,0.074812,0.066378
36.924,hybrid,-3.553828,4.932769,-1.457846,0.032336,0.069118,0.022088
36.924,hybrid,-3.553828,4.932769,-1.457846,0.032336,0.069118,0.022088
36.958000000000006,hybrid,-3.551880,4.897682,-1.461691,0.031494,0.066619,0.017477
36.992000000000004,hybrid,-3.544341,4.837981,-1.473626,0.031525,0.071530,0.042506
37.026,hybrid,-3.541515,4.808997,-1.473611,0.031552,0.073513,0.045811
37.026,hybrid,-3.541209,4.803962,-1.469656,0.030887,0.065722,0.020158
37.06,hybrid,-3.538356,4.775851,-1.469601,0.030865,0.067816,0.026268
37.06,hybrid,-3.538218,4.775808,-1.468788,0.030459,0.063128,0.016136
37.094,hybrid,-3.535007,4.744393,-1.468982,0.030433,0.065562,0.024084
37.094,hybrid,-3.535007,4.744393,-1.468982,0.030433,0.065562,0.024084
37.128,hybrid,-3.535719,4.691972,-1.473564,0.029872,0.072968,0.071922
37.162,hybrid,-3.533588,4.670145,-1.473538,0.029925,0.074441,0.073444
37.162,hybrid,-3.533310,4.671388,-1.460613,0.029262,0.071409,0.029460
37.196000000000005,hybrid,-3.530637,4.647158,-1.461720,0.029228,0.073082,0.033672
37.230000000000004,hybrid,-3.526992,4.613354,-1.464305,0.029218,0.075368,0.039058
37.230000000000004,hybrid,-3.526534,4.620121,-1.465288,0.028669,0.072659,0.026255
37.230000000000004,hybrid,-3.526534,4.620121,-1.465288,0.028669,0.072659,0.026255
37.264,hybrid,-3.520695,4.637686,-1.483748,0.028264,0.061930,0.046066
37.298,hybrid,-3.517746,4.603815,-1.483846,0.028263,0.064607,0.049674
37.298,hybrid,-3.517746,4.603815,-1.483846,0.028263,0.064607,0.049674
37.332,hybrid,-3.515708,4.610253,-1.471410,0.027484,0.057154,0.023028
37.366,hybrid,-3.513281,4.571345,-1.475292,0.027459,0.061606,0.048227
37.366,hybrid,-3.511800,4.563668,-1.482165,0.026933,0.060063,0.045977
37.400000000000006,hybrid,-3.508781,4.529802,-1.481553,0.026985,0.062804,0.049660
37.400000000000006,hybrid,-3.508178,4.527521,-1.471200,0.026273,0.060223,0.029979
37.434000000000005,hybrid,-3.504879,4.494564,-1.470801,0.026263,0.062890,0.035184
37.434000000000005,hybrid,-3.504879,4.494564,-1.470801,0.026263,0.062890,0.035184
37.468,hybrid,-3.497505,4.437977,-1.483387,0.025781,0.067371,0.047912
37.502,hybrid,-3.494821,4.407423,-1.483054,0.025818,0.069596,0.051078
37.502,hybrid,-3.494210,4.409603,-1.468158,0.025390,0.066793,0.038743
37.536,hybrid,-3.491010,4.378567,-1.467913,0.025421,0.069062,0.042637
37.536,hybrid,-3.491010,4.378567,-1.467913,0.025421,0.069062,0.042637
37.57,hybrid,-3.486655,4.333243,-1.466751,0.025154,0.065846,0.038898
37.604,hybrid,-3.483076,4.318904,-1.414917,0.025865,0.070036,0.079021
37.604,hybrid,-3.485410,4.322671,-1.438698,0.025585,0.066104,0.069993
37.638000000000005,hybrid,-3.481662,4.294486,-1.438560,0.025661,0.068180,0.072015
37.672000000000004,hybrid,-3.477526,4.263412,-1.438357,0.025930,0.070400,0.074187
37.672000000000004,hybrid,-3.481593,4.302332,-1.469165,0.025120,0.059364,0.023314
37.706,hybrid,-3.478863,4.275637,-1.468642,0.025130,0.061573,0.028676
37.706,hybrid,-3.481759,4.312338,-1.475928,0.024363,0.050058,0.022229
37.74,hybrid,-3.479646,4.269608,-1.502262,0.024310,0.055339,0.047053
37.74,hybrid,-3.479646,4.269608,-1.502262,0.024310,0.055339,0.047053
37.774,hybrid,-3.476948,4.247411,-1.485316,0.023608,0.051835,0.031493
37.808,hybrid,-3.474127,4.214432,-1.485491,0.023609,0.054923,0.036419
37.808,hybrid,-3.472698,4.207962,-1.466973,0.023130,0.052344,0.024460
37.842000000000006,hybrid,-3.469181,4.174145,-1.467316,0.023125,0.055481,0.030744
37.876000000000005,hybrid,-3.470147,4.182675,-1.516893,0.023204,0.057423,0.048952
37.876000000000005,hybrid,-3.471070,4.203178,-1.513530,0.022845,0.050162,0.043931
37.910000000000004,hybrid,-3.469121,4.169234,-1.513524,0.022830,0.053440,0.047672
37.910000000000004,hybrid,-3.467606,4.165201,-1.478872,0.022390,0.049218,0.028328
37.944,hybrid,-3.464483,4.131345,-1.478803,0.022411,0.052545,0.033821
37.944,hybrid,-3.464483,4.131345,-1.478803,0.022411,0.052545,0.033821
37.978,hybrid,-3.456730,4.087583,-1.448152,0.022803,0.056687,0.066065
38.012,hybrid,-3.452563,4.053839,-1.447765,0.023047,0.059581,0.068646
38.012,hybrid,-3.450918,4.042459,-1.441412,0.022474,0.056079,0.022894
38.046,hybrid,-3.446866,4.011402,-1.440806,0.022567,0.058771,0.029146
38.046,hybrid,-3.446866,4.011402,-1.440806,0.022567,0.058771,0.029146
38.080000000000005,hybrid,-3.441459,3.965962,-1.448137,0.022051,0.055224,0.027489
38.114000000000004,hybrid,-3.429964,3.890870,-1.394347,0.022748,0.062417,0.050903
38.114000000000004,hybrid,-3.433976,3.890825,-1.438096,0.021692,0.054551,0.033815
38.148,hybrid,-3.430198,3.862509,-1.438175,0.021828,0.057065,0.037825
38.148,hybrid,-3.430198,3.862509,-1.438175,0.021828,0.057065,0.037825
38.182,hybrid,-3.429159,3.845936,-1.452208,0.021285,0.055072,0.025812
38.216,hybrid,-3.425854,3.818148,-1.452535,0.021405,0.057524,0.030865
38.216,hybrid,-3.427354,3.828249,-1.456488,0.020858,0.053231,0.022313
38.25,hybrid,-3.419506,3.774497,-1.452112,0.021295,0.058957,0.046690
38.25,hybrid,-3.422443,3.798459,-1.457696,0.020780,0.050899,0.021626
38.284,hybrid,-3.419372,3.771363,-1.458238,0.020885,0.053485,0.027408
38.318000000000005,hybrid,-3.415735,3.738813,-1.460631,0.021044,0.056468,0.033565
38.318000000000005,hybrid,-3.415185,3.739539,-1.450354,0.020542,0.051707,0.022699
38.352000000000004,hybrid,-3.411120,3.705782,-1.451501,0.020708,0.054863,0.029634
38.352000000000004,hybrid,-3.412846,3.710952,-1.465734,0.020168,0.050612,0.015934
38.386,hybrid,-3.408253,3.706698,-1.439859,0.044274,0.062396,0.168954
38.42,hybrid,-3.403813,3.672989,-1.439867,0.044750,0.065023,0.169962
38.42,hybrid,-3.402706,3.666864,-1.462429,0.039192,0.056308,0.023213
38.454,hybrid,-3.399029,3.633064,-1.462466,0.039250,0.059210,0.029658
38.454,hybrid,-3.398749,3.633775,-1.461282,0.035447,0.054239,0.021305
38.488,hybrid,-3.392332,3.585436,-1.431614,0.035535,0.058985,0.039178
38.488,hybrid,-3.392332,3.585436,-1.431614,0.035535,0.058985,0.039178
38.522000000000006,hybrid,-3.386599,3.543640,-1.448577,0.034152,0.058317,0.028949
38.556000000000004,hybrid,-3.382668,3.511620,-1.448690,0.034344,0.060957,0.034102
38.556000000000004,hybrid,-3.383630,3.512348,-1.450722,0.032733,0.056658,0.022406
38.59,hybrid,-3.379558,3.478592,-1.450811,0.032885,0.059525,0.029048
38.59,hybrid,-3.379558,3.478592,-1.450811,0.032885,0.059525,0.029048
38.624,hybrid,-3.388170,3.539615,-1.483181,0.031257,0.058390,0.036948
38.658,hybrid,-3.385445,3.508608,-1.483052,0.031248,0.060979,0.040976
38.658,hybrid,-3.371321,3.497805,-1.462053,0.030425,0.060736,0.037881
38.692,hybrid,-3.367841,3.465957,-1.461850,0.030417,0.063294,0.041946
38.692,hybrid,-3.367841,3.465957,-1.461850,0.030417,0.063294,0.041946
38.726,hybrid,-3.370850,3.483706,-1.380153,0.030691,0.067041,0.071866
38.760000000000005,hybrid,-3.403849,3.471755,-1.629707,0.076243,0.071888,0.238921
38.760000000000005,hybrid,-3.403849,3.471755,-1.629707,0.100949,0.075807,0.326490
38.794000000000004,hybrid,-3.403857,3.472534,-1.511318,0.100946,0.077403,0.330108
38.794000000000004,hybrid,-3.403857,3.472534,-1.511318,0.100946,0.077403,0.330108
38.828,hybrid,-3.408864,3.516253,-1.396006,0.101884,0.082502,0.336281
38.828,hybrid,-3.408864,3.516253,-1.396006,0.101884,0.082502,0.336281
38.862,hybrid,-3.416671,3.549681,-1.297824,0.104107,0.085977,0.340216
38.896,hybrid,-3.424913,3.576693,-1.228230,0.106812,0.088517,0.342667
38.93,hybrid,-3.439412,3.610626,-1.113640,0.111427,0.092094,0.346528
38.93,hybrid,-3.439412,3.610626,-1.113640,0.122262,0.105562,0.350559
38.964000000000006,hybrid,-3.443295,3.617854,-1.015327,0.123459,0.106799,0.353468
38.964000000000006,hybrid,-3.443295,3.617854,-1.015327,0.133273,0.118212,0.355974
38.998000000000005,hybrid,-3.471797,3.659718,-0.914843,0.139963,0.122129,0.359491
38.998000000000005,hybrid,-3.471797,3.659718,-0.914843,0.139963,0.122129,0.359491
39.032000000000004,hybrid,-3.490725,3.681942,-0.774858,0.153086,0.135142,0.367255
39.032000000000004,hybrid,-3.490725,3.681942,-0.774858,0.153086,0.135142,0.367255
39.066,hybrid,-3.519150,3.706721,-0.672978,0.166091,0.147765,0.371953
39.1,hybrid,-3.541235,3.723146,-0.569030,0.169883,0.150972,0.375104
39.134,hybrid,-3.554646,3.730693,-0.477184,0.172001,0.153029,0.377748
39.134,hybrid,-3.554646,3.730693,-0.477184,0.179121,0.160991,0.378938
39.168,hybrid,-3.592590,3.748415,-0.371196,0.183754,0.166887,0.382273
39.168,hybrid,-3.592590,3.748415,-0.371196,0.190518,0.174238,0.383951
39.202000000000005,hybrid,-3.643483,3.766205,-0.279733,0.195451,0.183154,0.387023
39.236000000000004,hybrid,-3.666386,3.771074,-0.160563,0.197521,0.187661,0.390390
39.236000000000004,hybrid,-3.666386,3.771074,-0.160563,0.204199,0.194271,0.394146
39.236000000000004,hybrid,-3.666386,3.771074,-0.160563,0.204199,0.194271,0.394146
39.27,hybrid,-3.681680,3.772669,-0.055220,0.211495,0.203568,0.398802
39.304,hybrid,-3.728900,3.772293,0.056676,0.213068,0.213542,0.402186
39.304,hybrid,-3.728900,3.772293,0.056676,0.219180,0.219318,0.405062
39.338,hybrid,-3.750804,3.770289,0.125791,0.219647,0.224229,0.407035
39.372,hybrid,-3.777230,3.768721,0.215478,0.220988,0.230473,0.412792
39.372,hybrid,-3.777230,3.768721,0.215478,0.227436,0.235840,0.418599
39.406000000000006,hybrid,-3.775678,3.769104,0.302644,0.227893,0.235496,0.420695
39.406000000000006,hybrid,-3.775678,3.769104,0.302644,0.233681,0.240767,0.423917
39.440000000000005,hybrid,-3.774677,3.769440,0.374100,0.234029,0.240568,0.425612
39.440000000000005,hybrid,-3.774677,3.769440,0.374100,0.234029,0.240568,0.425612
39.474000000000004,hybrid,-3.774048,3.769674,0.458750,0.240124,0.245672,0.431535
39.508,hybrid,-3.814881,3.751398,0.563487,0.238817,0.255589,0.436212
39.508,hybrid,-3.814881,3.751398,0.563487,0.244799,0.260585,0.442607
39.542,hybrid,-3.813754,3.752124,0.643936,0.245151,0.260411,0.444436
39.542,hybrid,-3.813754,3.752124,0.643936,0.245151,0.260411,0.444436
39.576,hybrid,-3.838258,3.738573,0.750035,0.251038,0.271877,0.461440
39.61,hybrid,-3.837840,3.739004,0.844111,0.251279,0.271956,0.463480
39.61,hybrid,-3.837840,3.739004,0.844111,0.256266,0.276574,0.465145
39.644000000000005,hybrid,-3.819022,3.758441,1.013747,0.259513,0.272800,0.470876
39.644000000000005,hybrid,-3.819022,3.758441,1.013747,0.259513,0.272800,0.470876
39.678000000000004,hybrid,-3.818549,3.759232,1.081737,0.264477,0.277460,0.473532
39.712,hybrid,-3.819767,3.756971,1.101474,0.264210,0.277860,0.474197
39.712,hybrid,-3.819767,3.756971,1.101474,0.268930,0.282422,0.475902
39.746,hybrid,-3.819745,3.757024,1.145218,0.268986,0.282671,0.477681
39.746,hybrid,-3.819745,3.757024,1.145218,0.268986,0.282671,0.477681
39.78,hybrid,-3.153487,4.151953,0.939854,0.139678,0.091804,0.075163
39.814,hybrid,-3.151575,4.154764,1.001820,0.139831,0.092363,0.083203
39.814,hybrid,-3.102928,4.143827,0.959512,0.132072,0.070788,0.058675
39.848,hybrid,-3.113598,4.128888,1.044305,0.132811,0.072661,0.075358
39.848,hybrid,-3.113598,4.128888,1.044305,0.132811,0.072661,0.075358
39.882000000000005,hybrid,-3.059436,4.115611,1.166217,0.122001,0.062363,0.064160
39.916000000000004,hybrid,-3.052293,4.132598,1.200142,0.121978,0.063979,0.070564
39.916000000000004,hybrid,-3.023375,4.139459,1.170616,0.117103,0.056428,0.057024
39.95,hybrid,-3.022132,4.142623,1.223116,0.117143,0.057477,0.065846
39.95,hybrid,-2.942286,4.179157,1.195032,0.108145,0.051315,0.048873
39.984,hybrid,-2.942541,4.178428,1.224128,0.108213,0.052262,0.058442
40.018,hybrid,-2.923101,4.213959,1.238989,0.108710,0.059304,0.101372
40.018,hybrid,-2.895367,4.177728,1.200930,0.100972,0.057707,0.103626
40.052,hybrid,-2.894851,4.179183,1.246912,0.101015,0.058522,0.108044
40.052,hybrid,-2.907017,4.160614,1.241613,0.087236,0.053987,0.072574
40.086000000000006,hybrid,-2.906655,4.161758,1.272445,0.087255,0.054598,0.076783
40.086000000000006,hybrid,-2.906655,4.161758,1.272445,0.087255,0.054598,0.076783
40.120000000000005,hybrid,-2.909743,4.152086,1.328710,0.087636,0.057818,0.094379
40.154,hybrid,-2.909595,4.152667,1.361043,0.087661,0.058634,0.099344
40.154,hybrid,-2.909595,4.152667,1.361043,0.087711,0.059784,0.106393
40.188,hybrid,-2.909521,4.153060,1.379642,0.087715,0.060257,0.108961
40.222,hybrid,-2.909273,4.154438,1.410053,0.087704,0.060852,0.111780
40.222,hybrid,-2.904459,4.157578,1.412579,0.086109,0.054643,0.068107
40.256,hybrid,-2.904459,4.157842,1.391974,0.086104,0.060427,0.106160
40.256,hybrid,-2.879645,4.129360,1.534835,0.083769,0.058586,0.101022
40.29,hybrid,-2.879572,4.132759,1.564296,0.083732,0.059373,0.104061
40.324000000000005,hybrid,-2.879566,4.134959,1.585758,0.083709,0.059918,0.106207
40.324000000000005,hybrid,-2.858891,4.170245,1.548073,0.081893,0.053955,0.064451
40.358000000000004,hybrid,-2.858739,4.192367,1.595847,0.081536,0.056813,0.073011
40.358000000000004,hybrid,-2.851756,4.176329,1.601549,0.079380,0.052627,0.062975
40.392,hybrid,-2.854400,4.210213,1.698786,0.079041,0.057471,0.079060
40.426,hybrid,-2.860440,4.248385,1.776275,0.078826,0.061940,0.090481
40.426,hybrid,-2.843171,4.237543,1.677175,0.076638,0.056964,0.067026
40.46,hybrid,-2.847842,4.271215,1.744126,0.076264,0.060951,0.078559
40.46,hybrid,-2.847842,4.271215,1.744126,0.076272,0.061458,0.082485
40.494,hybrid,-2.858620,4.328038,1.791690,0.075921,0.066635,0.091288
40.494,hybrid,-2.858620,4.328038,1.791690,0.075921,0.066635,0.091288
40.528000000000006,hybrid,-2.835646,4.374238,1.793530,0.069199,0.064075,0.069520
40.562000000000005,hybrid,-2.843563,4.407302,1.817296,0.069291,0.066963,0.075155
40.562000000000005,hybrid,-2.870245,4.408428,1.830475,0.059233,0.063814,0.060257
40.596000000000004,hybrid,-2.877789,4.427441,1.903372,0.059881,0.067399,0.084265
40.596000000000004,hybrid,-2.877789,4.427441,1.903372,0.059881,0.067399,0.084265
40.63,hybrid,-2.875957,4.424911,1.892911,0.057419,0.063747,0.059718
40.664,hybrid,-2.886991,4.457070,1.908642,0.057792,0.066359,0.064968
40.664,hybrid,-2.886991,4.457070,1.908642,0.057795,0.066383,0.065235
40.698,hybrid,-2.890412,4.464063,1.899204,0.058750,0.069752,0.095963
40.698,hybrid,-2.890412,4.464063,1.899204,0.058750,0.069752,0.095963
40.732,hybrid,-2.901487,4.496208,1.906401,0.059255,0.072128,0.099051
40.732,hybrid,-2.901487,4.496208,1.906401,0.059255,0.072128,0.099051
40.766000000000005,hybrid,-2.889724,4.470831,1.700421,0.053881,0.065523,0.060636
40.800000000000004,hybrid,-2.893743,4.501311,1.703671,0.054027,0.067888,0.063633
40.800000000000004,hybrid,-2.893743,4.501311,1.703671,0.054027,0.067888,0.063633
40.834,hybrid,-2.897336,4.550308,1.660697,0.054388,0.072495,0.077894
40.834,hybrid,-2.897336,4.550308,1.660697,0.054388,0.072495,0.077894
40.868,hybrid,-2.900326,4.582686,1.664565,0.054769,0.074782,0.080526
40.902,hybrid,-2.902829,4.609048,1.666426,0.055169,0.076571,0.082380
40.936,hybrid,-2.905222,4.633927,1.667098,0.055622,0.078208,0.083963
40.936,hybrid,-2.886264,4.581749,1.635261,0.051197,0.067748,0.053012
40.936,hybrid,-2.886264,4.581749,1.635261,0.051197,0.067748,0.053012
40.970000000000006,hybrid,-2.894108,4.628540,1.655644,0.046841,0.068775,0.063437
41.004000000000005,hybrid,-2.897105,4.662408,1.662694,0.047065,0.071319,0.067121
41.004000000000005,hybrid,-2.891266,4.622828,1.634968,0.044266,0.063744,0.049339
41.038000000000004,hybrid,-2.893508,4.656754,1.638890,0.044328,0.066438,0.053411
41.072,hybrid,-2.898636,4.707380,1.630576,0.044629,0.071234,0.069583
41.072,hybrid,-2.897001,4.684705,1.624368,0.042421,0.062778,0.059586
41.106,hybrid,-2.898892,4.718653,1.627694,0.042532,0.065480,0.062904
41.106,hybrid,-2.894995,4.693293,1.571057,0.040943,0.059715,0.050901
41.14,hybrid,-2.895049,4.727293,1.573137,0.041104,0.062531,0.054521
41.14,hybrid,-2.895049,4.727293,1.573137,0.041104,0.062531,0.054521
41.174,hybrid,-2.878945,4.703290,1.705253,0.040286,0.073198,0.117186
41.208000000000006,hybrid,-2.883518,4.736981,1.706123,0.040602,0.075503,0.118701
41.208000000000006,hybrid,-2.878312,4.726150,1.553715,0.040369,0.065376,0.066130
41.242000000000004,hybrid,-2.877782,4.757845,1.554374,0.040575,0.067758,0.068581
41.242000000000004,hybrid,-2.877782,4.757845,1.554374,0.040575,0.067758,0.068581
41.276,hybrid,-2.875205,4.789761,1.544490,0.040559,0.064516,0.057354
41.31,hybrid,-2.874138,4.817576,1.588950,0.040844,0.067637,0.070266
41.31,hybrid,-2.871625,4.807648,1.558241,0.040697,0.065355,0.073574
41.344,hybrid,-2.871266,4.836488,1.558444,0.041015,0.067521,0.075536
41.378,hybrid,-2.870948,4.862283,1.558469,0.041395,0.069399,0.077233
41.378,hybrid,-2.848186,4.884180,1.437400,0.038766,0.066134,0.048434
41.412,hybrid,-2.843997,4.915336,1.437095,0.038964,0.068390,0.051637
41.412,hybrid,-2.843259,4.915282,1.470016,0.038669,0.060614,0.042213
41.446000000000005,hybrid,-2.840999,4.929648,1.441054,0.038829,0.063031,0.059656
41.446000000000005,hybrid,-2.840999,4.929648,1.441054,0.038829,0.063031,0.059656
41.480000000000004,hybrid,-2.842854,4.953847,1.465269,0.037469,0.059082,0.049062
41.514,hybrid,-2.840402,4.977457,1.470926,0.037666,0.061111,0.052513
41.514,hybrid,-2.840515,4.976772,1.472183,0.037610,0.058233,0.048441
41.548,hybrid,-2.837204,5.010611,1.474366,0.037926,0.061051,0.052251
41.548,hybrid,-2.837204,5.010611,1.474366,0.037926,0.061051,0.052251
41.582,hybrid,-2.832182,5.039699,1.426551,0.037508,0.062263,0.062802
41.616,hybrid,-2.827304,5.073347,1.427313,0.038033,0.064829,0.065569
41.616,hybrid,-2.830298,5.058705,1.439529,0.037181,0.060087,0.052159
41.650000000000006,hybrid,-2.825857,5.092414,1.439977,0.037604,0.062764,0.055404
41.650000000000006,hybrid,-2.827538,5.086630,1.444075,0.036647,0.059985,0.030866
41.684000000000005,hybrid,-2.824484,5.114031,1.448684,0.036860,0.062603,0.042013
41.718,hybrid,-2.820386,5.147271,1.447780,0.037165,0.065154,0.046022
41.718,hybrid,-2.831409,5.078026,1.423372,0.036638,0.061137,0.043682
41.752,hybrid,-2.826410,5.111657,1.423081,0.037031,0.063736,0.047476
41.752,hybrid,-2.835227,5.069126,1.446814,0.035968,0.059342,0.032118
41.786,hybrid,-2.831206,5.101345,1.446454,0.036202,0.061946,0.036925
41.786,hybrid,-2.831206,5.101345,1.446454,0.036202,0.061946,0.036925
41.82,hybrid,-2.831073,5.122578,1.520006,0.036043,0.066246,0.090591
41.854,hybrid,-2.829512,5.153215,1.519825,0.036465,0.068489,0.092288
41.854,hybrid,-2.832502,5.124647,1.527113,0.035895,0.062799,0.065209
41.888000000000005,hybrid,-2.831069,5.157409,1.527033,0.036257,0.065333,0.067689
41.922000000000004,hybrid,-2.829796,5.186507,1.527187,0.036688,0.067505,0.069829
41.922000000000004,hybrid,-2.829796,5.186507,1.527187,0.036687,0.067505,0.069833
41.956,hybrid,-2.831700,5.180072,1.483278,0.037624,0.073752,0.117592
41.956,hybrid,-2.831700,5.180072,1.483278,0.038504,0.078765,0.148807
41.99,hybrid,-2.829142,5.209262,1.483461,0.039173,0.080561,0.149801
41.99,hybrid,-2.829142,5.209262,1.483461,0.039173,0.080561,0.149801
42.024,hybrid,-2.860084,5.176636,1.508893,0.037466,0.075947,0.071719
42.058,hybrid,-2.858567,5.201034,1.509269,0.037806,0.077503,0.073500
42.058,hybrid,-2.861413,5.173184,1.491030,0.037359,0.071131,0.054376
42.092000000000006,hybrid,-2.855449,5.226405,1.455483,0.038109,0.075110,0.064832
42.126000000000005,hybrid,-2.851529,5.260178,1.455058,0.038729,0.077245,0.067467
42.126000000000005,hybrid,-2.865737,5.211822,1.495304,0.035576,0.069912,0.038286
42.160000000000004,hybrid,-2.863167,5.245725,1.494946,0.035676,0.072276,0.042579
42.160000000000004,hybrid,-2.867918,5.207206,1.500107,0.034643,0.067994,0.032939
42.194,hybrid,-2.862380,5.247802,1.515671,0.034909,0.072841,0.066344
42.228,hybrid,-2.860502,5.281750,1.515411,0.035117,0.075125,0.068897
42.228,hybrid,-2.860631,5.257269,1.519401,0.034105,0.070373,0.045824
42.262,hybrid,-2.858901,5.290823,1.519217,0.034258,0.072705,0.049392
42.262,hybrid,-2.874719,5.213659,1.524238,0.032947,0.067002,0.031284
42.296,hybrid,-2.873211,5.245977,1.524088,0.032925,0.069365,0.036128
42.330000000000005,hybrid,-2.869535,5.303721,1.512671,0.033034,0.073690,0.048268
42.330000000000005,hybrid,-2.877570,5.278674,1.524966,0.032055,0.072146,0.042517
42.364000000000004,hybrid,-2.876164,5.309324,1.524968,0.032051,0.074236,0.045988
42.364000000000004,hybrid,-2.881883,5.268538,1.517845,0.031344,0.070558,0.029849
42.398,hybrid,-2.880357,5.297373,1.517965,0.031271,0.072569,0.034382
42.398,hybrid,-2.880357,5.297373,1.517965,0.031271,0.072569,0.034382
42.432,hybrid,-2.886567,5.277554,1.507868,0.030631,0.070860,0.034190
42.466,hybrid,-2.881229,5.294639,1.454976,0.032090,0.077204,0.099428
42.466,hybrid,-2.881229,5.294639,1.454976,0.033252,0.082053,0.135506
42.5,hybrid,-2.877939,5.322925,1.455021,0.033623,0.083744,0.136556
42.5,hybrid,-2.883822,5.294549,1.498061,0.032653,0.079167,0.052723
42.534000000000006,hybrid,-2.881968,5.319955,1.497809,0.032661,0.080752,0.055132
42.534000000000006,hybrid,-2.881968,5.319955,1.497809,0.032661,0.080752,0.055132
42.568000000000005,hybrid,-2.887271,5.314591,1.528085,0.031880,0.078589,0.033143
42.602000000000004,hybrid,-2.885652,5.316286,1.528336,0.049004,0.087716,0.172974
42.602000000000004,hybrid,-2.885652,5.316286,1.528336,0.061447,0.095916,0.242328
42.636,hybrid,-2.884215,5.350256,1.528657,0.061965,0.097673,0.243042
42.67,hybrid,-2.882783,5.384225,1.528642,0.063561,0.099397,0.243741
42.67,hybrid,-2.888076,5.353613,1.519660,0.055600,0.086870,0.050581
42.704,hybrid,-2.887465,5.381518,1.493345,0.055630,0.089411,0.067334
42.704,hybrid,-2.892898,5.337142,1.479574,0.051552,0.080242,0.060649
42.738,hybrid,-2.889796,5.371000,1.479094,0.051463,0.082315,0.063466
42.738,hybrid,-2.889796,5.371000,1.479094,0.051463,0.082315,0.063466
42.772000000000006,hybrid,-2.881599,5.408471,1.448455,0.049156,0.082566,0.038188
42.806000000000004,hybrid,-2.877980,5.447151,1.449063,0.048872,0.085546,0.054735
42.806000000000004,hybrid,-2.880869,5.445263,1.457300,0.046421,0.085591,0.045842
42.84,hybrid,-2.877385,5.475785,1.457027,0.046205,0.087360,0.049134
42.84,hybrid,-2.877385,5.475785,1.457027,0.046205,0.087360,0.049134
42.874,hybrid,-2.870638,5.508672,1.448290,0.045046,0.088905,0.035608
42.908,hybrid,-2.866481,5.542411,1.448063,0.044806,0.090787,0.040155
42.908,hybrid,-2.861537,5.547497,1.477038,0.042268,0.090077,0.031029
42.942,hybrid,-2.860065,5.622066,1.522431,0.042019,0.095212,0.061332
42.942,hybrid,-2.860065,5.622066,1.522431,0.042019,0.095212,0.061332
42.976000000000006,hybrid,-2.857487,5.650008,1.514734,0.041422,0.096625,0.046169
43.010000000000005,hybrid,-2.855693,5.681947,1.514682,0.041275,0.098268,0.049523
43.010000000000005,hybrid,-2.855693,5.681947,1.514682,0.041275,0.098268,0.049525
43.044000000000004,hybrid,-2.854251,5.707639,1.514757,0.041199,0.099570,0.052073
43.044000000000004,hybrid,-2.854251,5.707639,1.514757,0.041199,0.099570,0.052073
43.078,hybrid,-2.842123,5.753183,1.479683,0.040617,0.103051,0.054098
43.112,hybrid,-2.839483,5.782049,1.479448,0.040459,0.104448,0.056755
43.112,hybrid,-2.837789,5.780851,1.462445,0.039659,0.103879,0.037033
43.146,hybrid,-2.834103,5.814651,1.462016,0.039432,0.105502,0.041474
43.146,hybrid,-2.834103,5.814651,1.462016,0.039432,0.105502,0.041474
43.18,hybrid,-2.826282,5.851743,1.489111,0.037895,0.105212,0.038656
43.214000000000006,hybrid,-2.823211,5.897633,1.470537,0.037739,0.107821,0.054040
43.214000000000006,hybrid,-2.823211,5.897633,1.470537,0.037749,0.108297,0.062865
43.248000000000005,hybrid,-2.819830,5.931465,1.471782,0.037776,0.109861,0.065703
43.248000000000005,hybrid,-2.819830,5.931465,1.471782,0.037776,0.109861,0.065703
43.282000000000004,hybrid,-2.816495,5.965301,1.473276,0.037933,0.111418,0.068657
43.316,hybrid,-2.814574,5.988508,1.488638,0.038117,0.112592,0.072483
43.316,hybrid,-2.817108,5.952092,1.465864,0.036536,0.105259,0.042962
43.35,hybrid,-2.813557,5.985906,1.466119,0.036473,0.106851,0.046821
43.35,hybrid,-2.813557,5.985906,1.466119,0.036473,0.106851,0.046821
43.384,hybrid,-2.810133,6.018560,1.466591,0.036477,0.108368,0.050298
43.418,hybrid,-2.806931,6.049239,1.467041,0.036547,0.109774,0.053361
43.418,hybrid,-2.803830,6.005344,1.446159,0.034404,0.099796,0.028456
43.452000000000005,hybrid,-2.803235,6.050164,1.505664,0.034405,0.103602,0.067250
43.452000000000005,hybrid,-2.803235,6.050164,1.505664,0.034405,0.104665,0.082079
43.486000000000004,hybrid,-2.801317,6.079668,1.506111,0.034577,0.106060,0.083914
43.486000000000004,hybrid,-2.801317,6.079668,1.506111,0.034577,0.106060,0.083914
43.52,hybrid,-2.799477,6.108146,1.506488,0.034908,0.107389,0.085645
43.554,hybrid,-2.797722,6.135358,1.506362,0.035380,0.108642,0.087236
43.554,hybrid,-2.797722,6.135358,1.506362,0.035379,0.108642,0.087238
43.588,hybrid,-2.803091,6.165522,1.549514,0.036620,0.113812,0.129143
43.588,hybrid,-2.803091,6.165522,1.549514,0.036620,0.113812,0.129143
43.622,hybrid,-2.802590,6.189465,1.550092,0.037443,0.114864,0.130132
43.656000000000006,hybrid,-2.801898,6.222337,1.549495,0.038953,0.116289,0.131434
43.656000000000006,hybrid,-2.801898,6.222337,1.549495,0.063382,0.126585,0.134837
43.690000000000005,hybrid,-2.801171,6.256329,1.549305,0.064632,0.127919,0.136106
43.724000000000004,hybrid,-2.798634,6.287269,1.566015,0.066068,0.130165,0.146908
43.724000000000004,hybrid,-2.798634,6.287269,1.566015,0.082876,0.140364,0.158401
43.758,hybrid,-2.798437,6.321268,1.564102,0.084414,0.141583,0.159590
43.758,hybrid,-2.798437,6.321268,1.564102,0.098111,0.150158,0.162441
43.792,hybrid,-2.798173,6.355267,1.562089,0.099717,0.151299,0.163607
43.792,hybrid,-2.798173,6.355267,1.562089,0.099717,0.151299,0.163607
43.826,hybrid,-2.760336,6.380097,1.503549,0.082580,0.154415,0.085453
43.86,hybrid,-2.758082,6.413121,1.501749,0.081815,0.155491,0.087574
43.86,hybrid,-2.758082,6.413121,1.501749,0.081815,0.155495,0.087658
43.894000000000005,hybrid,-2.755710,6.447038,1.500073,0.081130,0.156592,0.089763
43.928000000000004,hybrid,-2.753496,6.478026,1.499051,0.080600,0.157583,0.091589
43.928000000000004,hybrid,-2.753496,6.478026,1.499051,0.080600,0.157588,0.091678
43.962,hybrid,-2.746765,6.515100,1.432512,0.080235,0.159655,0.108466
43.962,hybrid,-2.746765,6.515100,1.432512,0.080289,0.160439,0.119820
43.996,hybrid,-2.742610,6.544951,1.432257,0.080090,0.161365,0.121092
43.996,hybrid,-2.742610,6.544951,1.432257,0.080090,0.161365,0.121092
44.03,hybrid,-2.738149,6.576948,1.432235,0.080057,0.162352,0.122430
44.064,hybrid,-2.734152,6.605659,1.432472,0.080190,0.163235,0.123627
44.064,hybrid,-2.734152,6.605659,1.432472,0.094502,0.170722,0.127229
44.098000000000006,hybrid,-2.722665,6.656458,1.367012,0.095205,0.172766,0.136972
44.132000000000005,hybrid,-2.716890,6.684409,1.367142,0.095761,0.173578,0.138020
44.132000000000005,hybrid,-2.716890,6.684409,1.367142,0.108031,0.180637,0.141250
44.166000000000004,hybrid,-2.712274,6.706766,1.367225,0.108529,0.181261,0.142062
44.166000000000004,hybrid,-2.712274,6.706766,1.367225,0.119493,0.188031,0.145195
44.2,hybrid,-2.708189,6.726554,1.367250,0.119965,0.188564,0.145892
44.2,hybrid,-2.708189,6.726554,1.367250,0.129967,0.195080,0.148944
44.234,hybrid,-2.703613,6.748734,1.367392,0.130531,0.195659,0.149712
44.268,hybrid,-2.698778,6.779977,1.395566,0.131459,0.196827,0.155441
44.268,hybrid,-2.698778,6.779977,1.395566,0.140661,0.203431,0.162872
44.302,hybrid,-2.695982,6.795776,1.395083,0.141164,0.203831,0.163397
44.302,hybrid,-2.695982,6.795776,1.395083,0.149758,0.209879,0.166187
44.336000000000006,hybrid,-2.693481,6.809837,1.394531,0.150217,0.210225,0.166649
44.336000000000006,hybrid,-2.693481,6.809837,1.394531,0.150217,0.210225,0.166649
44.370000000000005,hybrid,-2.690451,6.826881,1.394893,0.158893,0.216499,0.169881
44.404,hybrid,-2.687992,6.840705,1.394638,0.159394,0.216829,0.170309
44.404,hybrid,-2.687992,6.840705,1.394638,0.167053,0.222520,0.172939
44.438,hybrid,-2.685895,6.852485,1.394576,0.167486,0.222795,0.173290
44.472,hybrid,-2.683555,6.865613,1.394244,0.167997,0.223102,0.173694
44.472,hybrid,-2.683555,6.865613,1.394244,0.175280,0.228636,0.176271
44.506,hybrid,-2.681617,6.876470,1.394001,0.175707,0.228884,0.176597
44.506,hybrid,-2.681617,6.876470,1.394001,0.182683,0.234283,0.179140
44.540000000000006,hybrid,-2.684436,6.859554,1.395379,0.182083,0.234711,0.180838
44.540000000000006,hybrid,-2.684436,6.859554,1.395379,0.182083,0.234711,0.180838
44.574000000000005,hybrid,-2.682719,6.869222,1.394830,0.189165,0.240190,0.183625
44.608000000000004,hybrid,-2.680998,6.878909,1.394979,0.189524,0.240401,0.183901
44.642,hybrid,-2.679810,6.885603,1.395160,0.189781,0.240547,0.184096
44.642,hybrid,-2.679810,6.885603,1.395160,0.196257,0.245688,0.186526
44.642,hybrid,-2.679810,6.885603,1.395160,0.196257,0.245688,0.186526
44.676,hybrid,-2.678441,6.893295,1.394517,0.202813,0.250889,0.189189
44.71,hybrid,-2.676991,6.901440,1.394443,0.203127,0.251059,0.189414
44.71,hybrid,-2.676991,6.901440,1.394443,0.209190,0.255990,0.191783
44.744,hybrid,-2.675837,6.907915,1.394670,0.209441,0.256124,0.191966
44.744,hybrid,-2.675837,6.907915,1.394670,0.209441,0.256124,0.191966
44.778000000000006,hybrid,-2.674797,6.913753,1.394383,0.215552,0.261078,0.194472
44.812000000000005,hybrid,-2.673626,6.920321,1.394071,0.215812,0.261211,0.194660
44.812000000000005,hybrid,-2.673626,6.920321,1.394071,0.221529,0.265954,0.196966
44.846000000000004,hybrid,-2.675739,6.905899,1.447572,0.221004,0.266404,0.200029
44.846000000000004,hybrid,-2.675739,6.905899,1.447572,0.221004,0.266404,0.200029
44.88,hybrid,-2.678476,6.893839,1.601599,0.226321,0.273317,0.229874
44.914,hybrid,-2.678438,6.894243,1.686397,0.226347,0.274535,0.244006
44.914,hybrid,-2.678438,6.894243,1.686397,0.231818,0.280290,0.259675
44.948,hybrid,-2.682874,6.928697,1.725242,0.233105,0.281011,0.261831
44.948,hybrid,-2.682874,6.928697,1.725242,0.233105,0.281011,0.261831
44.982,hybrid,-2.682982,6.929340,1.789431,0.238443,0.285707,0.266566
45.016000000000005,hybrid,-2.684211,6.934712,1.849565,0.238686,0.285993,0.268915
45.016000000000005,hybrid,-2.684211,6.934712,1.849565,0.243877,0.290498,0.272466
45.050000000000004,hybrid,-2.685255,6.937948,1.911994,0.244045,0.290741,0.274809
45.050000000000004,hybrid,-2.685255,6.937948,1.911994,0.249114,0.295009,0.276442
45.084,hybrid,-2.682520,6.929946,1.981806,0.248846,0.295433,0.279955
45.118,hybrid,-2.683972,6.933020,2.046182,0.249028,0.295651,0.282306
45.118,hybrid,-2.683972,6.933020,2.046182,0.253998,0.299850,0.283903
45.152,hybrid,-2.688626,6.941860,2.124299,0.254470,0.300167,0.286816
45.152,hybrid,-2.688626,6.941860,2.124299,0.259443,0.304634,0.292805
45.186,hybrid,-2.689974,6.943929,2.176650,0.259604,0.304779,0.294630
45.220000000000006,hybrid,-2.716185,6.981381,2.243153,0.261784,0.305457,0.297647
45.220000000000006,hybrid,-2.716185,6.981381,2.243153,0.266573,0.309620,0.300663
45.254000000000005,hybrid,-2.718359,6.983995,2.265015,0.266774,0.309706,0.301445
45.254000000000005,hybrid,-2.718359,6.983995,2.265015,0.271425,0.313724,0.303073
45.288000000000004,hybrid,-2.720582,6.986568,2.303092,0.271651,0.313837,0.304383
45.322,hybrid,-2.722279,6.988402,2.334076,0.271824,0.313923,0.305440
45.322,hybrid,-2.722279,6.988402,2.334076,0.276397,0.317892,0.307142
45.356,hybrid,-2.715544,6.980679,2.356723,0.276250,0.318151,0.311020
45.356,hybrid,-2.715544,6.980679,2.356723,0.280937,0.322284,0.316577
45.39,hybrid,-2.717999,6.983032,2.395474,0.281160,0.322379,0.317852
45.424,hybrid,-2.719199,6.984089,2.429718,0.281299,0.322442,0.318953
45.424,hybrid,-2.719199,6.984089,2.429718,0.285764,0.326334,0.321235
45.458000000000006,hybrid,-2.725418,6.989556,2.436784,0.286179,0.326463,0.322161
45.458000000000006,hybrid,-2.725418,6.989556,2.436784,0.290571,0.330309,0.324463
45.492000000000004,hybrid,-2.728036,6.991725,2.465631,0.290778,0.330386,0.325403
45.526,hybrid,-2.730705,6.993832,2.487409,0.290972,0.330454,0.326124
45.526,hybrid,-2.730705,6.993832,2.487409,0.295246,0.334220,0.327642
45.56,hybrid,-2.729566,6.992616,2.536056,0.295791,0.334824,0.338972
45.56,hybrid,-2.729566,6.992616,2.536056,0.300605,0.339161,0.351765
45.594,hybrid,-2.758245,7.010863,2.612902,0.302188,0.339764,0.354423
45.594,hybrid,-2.758245,7.010863,2.612902,0.302188,0.339764,0.354423
45.628,hybrid,-2.818033,7.043937,2.717986,0.309555,0.345511,0.359854
45.662000000000006,hybrid,-2.849412,7.057020,2.771032,0.311126,0.347066,0.361795
45.662000000000006,hybrid,-2.849412,7.057020,2.771032,0.315149,0.350654,0.363353
45.696000000000005,hybrid,-2.881330,7.068412,2.808628,0.316608,0.352561,0.364850
45.696000000000005,hybrid,-2.881330,7.068412,2.808628,0.316608,0.352561,0.364850
45.730000000000004,hybrid,-2.893337,7.071259,2.878559,0.321864,0.356927,0.374733
45.764,hybrid,-2.923494,7.078773,2.911044,0.323019,0.359163,0.376013
45.764,hybrid,-2.923494,7.078773,2.911044,0.326868,0.362627,0.377222
45.798,hybrid,-2.953506,7.085080,2.952191,0.327957,0.365163,0.378716
45.798,hybrid,-2.953506,7.085080,2.952191,0.327957,0.365163,0.378716
45.832,hybrid,-2.982669,7.090329,2.972163,0.332736,0.371324,0.381349
45.832,hybrid,-2.982669,7.090329,2.972163,0.332736,0.371324,0.381349
45.866,hybrid,-3.034225,7.094962,3.061500,0.338079,0.380236,0.387211
45.900000000000006,hybrid,-3.062434,7.096905,3.085245,0.338731,0.383681,0.388188
45.900000000000006,hybrid,-3.062434,7.096905,3.085245,0.342402,0.386925,0.389346
45.934000000000005,hybrid,-3.089039,7.098211,3.098077,0.342939,0.390400,0.390017
45.934000000000005,hybrid,-3.089039,7.098211,3.098077,0.342939,0.390400,0.390017
45.968,hybrid,-3.116963,7.099235,3.120522,0.347140,0.397466,0.392287
46.002,hybrid,-3.161111,7.098037,3.125874,0.347935,0.404127,0.395161
46.002,hybrid,-3.161111,7.098037,3.125874,0.351754,0.407208,0.398470
46.036,hybrid,-3.195109,7.098405,3.133845,0.352291,0.412731,0.399096
46.036,hybrid,-3.195109,7.098405,3.133845,0.352291,0.412731,0.399096
46.07,hybrid,1.999831,1.363456,-1.611622,0.150031,0.151210,0.083653
46.104000000000006,hybrid,2.002654,1.340420,-1.591866,0.150128,0.153937,0.115520
46.104000000000006,hybrid,2.110536,1.247834,-1.603747,0.075750,0.097934,0.078585
46.138000000000005,hybrid,2.109444,1.213852,-1.602803,0.075663,0.099662,0.080836
46.138000000000005,hybrid,2.109444,1.213852,-1.602803,0.075663,0.099662,0.080836
46.172000000000004,hybrid,2.121945,1.169186,-1.592955,0.064509,0.080720,0.025617
46.206,hybrid,2.121690,1.154784,-1.581765,0.064482,0.081743,0.032001
46.206,hybrid,2.129013,1.139560,-1.588211,0.055998,0.066731,0.024597
46.24,hybrid,2.128442,1.107206,-1.588313,0.055924,0.069117,0.030600
46.24,hybrid,2.128442,1.107206,-1.588313,0.055924,0.069117,0.030600
46.274,hybrid,2.132149,1.061395,-1.588744,0.048069,0.061728,0.022484
46.308,hybrid,2.131604,1.031142,-1.588886,0.047979,0.064133,0.028477
46.308,hybrid,2.132817,1.022391,-1.588979,0.044286,0.054070,0.016325
46.342000000000006,hybrid,2.132245,0.951347,-1.595479,0.044046,0.060725,0.038894
46.342000000000006,hybrid,2.132245,0.951347,-1.595479,0.044046,0.060725,0.038894
46.376000000000005,hybrid,2.133955,0.923683,-1.589585,0.038170,0.056432,0.022982
46.410000000000004,hybrid,2.133361,0.892415,-1.590033,0.038115,0.059144,0.029152
46.410000000000004,hybrid,2.134658,0.904076,-1.588691,0.035921,0.050662,0.018616
46.444,hybrid,2.134146,0.875900,-1.589304,0.035875,0.053381,0.025311
46.444,hybrid,2.134146,0.875900,-1.589304,0.035875,0.053381,0.025311
46.478,hybrid,2.139936,0.867207,-1.555717,0.036263,0.062375,0.112939
46.512,hybrid,2.140320,0.840004,-1.561430,0.036404,0.064608,0.114637
46.512,hybrid,2.139051,0.838044,-1.584492,0.034368,0.057043,0.024524
46.546,hybrid,2.138404,0.804051,-1.592328,0.034352,0.060077,0.033138
46.546,hybrid,2.138404,0.804051,-1.592328,0.034352,0.060077,0.033138
46.580000000000005,hybrid,2.138498,0.770793,-1.595363,0.032092,0.054963,0.024045
46.614000000000004,hybrid,2.136536,0.744426,-1.580229,0.032113,0.059257,0.055976
46.614000000000004,hybrid,2.138077,0.744602,-1.596314,0.030809,0.054769,0.053622
46.648,hybrid,2.137197,0.710613,-1.597082,0.030827,0.057798,0.056839
46.648,hybrid,2.137197,0.710613,-1.597082,0.030827,0.057798,0.056839
46.682,hybrid,2.136505,0.678808,-1.605307,0.029244,0.052929,0.026227
46.716,hybrid,2.138119,0.651809,-1.540547,0.029304,0.057599,0.058583
46.716,hybrid,2.135678,0.650945,-1.569678,0.027731,0.056309,0.046229
46.75,hybrid,2.135745,0.616945,-1.567992,0.027761,0.059280,0.050109
46.75,hybrid,2.134377,0.615932,-1.603763,0.026774,0.055371,0.014512
46.784000000000006,hybrid,2.133345,0.583988,-1.602411,0.026733,0.058203,0.023606
46.818000000000005,hybrid,2.132388,0.553263,-1.601476,0.026712,0.060796,0.029721
46.818000000000005,hybrid,2.132166,0.552982,-1.607229,0.025776,0.050147,0.020421
46.852000000000004,hybrid,2.128686,0.499114,-1.596550,0.025844,0.056433,0.047898
46.852000000000004,hybrid,2.129225,0.500664,-1.602047,0.024836,0.052835,0.043191
46.886,hybrid,2.128236,0.468800,-1.601584,0.024838,0.055777,0.046836
46.886,hybrid,2.128236,0.468800,-1.601584,0.024838,0.055777,0.046836
46.92,hybrid,2.127814,0.440749,-1.594662,0.023316,0.050671,0.022407
46.954,hybrid,2.127128,0.411794,-1.594316,0.023325,0.053458,0.028260
46.954,hybrid,2.127044,0.412327,-1.594806,0.022395,0.048860,0.016951
46.988,hybrid,2.126331,0.362767,-1.623959,0.022399,0.054586,0.041850
47.022000000000006,hybrid,2.125001,0.337700,-1.623642,0.022462,0.056837,0.044819
47.022000000000006,hybrid,2.127702,0.337649,-1.601695,0.021560,0.054981,0.020653
47.056000000000004,hybrid,2.127052,0.316585,-1.601621,0.021534,0.056863,0.025274
47.056000000000004,hybrid,2.126829,0.319614,-1.600605,0.020977,0.052725,0.016381
47.09,hybrid,2.125865,0.288933,-1.605452,0.020954,0.055643,0.025927
47.09,hybrid,2.125865,0.288933,-1.605452,0.020954,0.055643,0.025927
47.124,hybrid,2.125135,0.271557,-1.656987,0.020592,0.053206,0.038889
47.158,hybrid,2.122195,0.237685,-1.657751,0.020711,0.056299,0.043217
47.158,hybrid,2.124656,0.245870,-1.612664,0.020105,0.048895,0.020073
47.192,hybrid,2.123224,0.211900,-1.613273,0.020127,0.052261,0.027479
47.192,hybrid,2.123224,0.211900,-1.613273,0.020127,0.052261,0.027479
47.226000000000006,hybrid,2.122360,0.193958,-1.631450,0.019700,0.049746,0.032115
47.260000000000005,hybrid,2.120292,0.160085,-1.632023,0.019790,0.053042,0.037178
47.260000000000005,hybrid,2.121802,0.170605,-1.609879,0.019186,0.043457,0.020117
47.294000000000004,hybrid,2.120521,0.138093,-1.610486,0.019223,0.047057,0.027244
47.294000000000004,hybrid,2.120521,0.138093,-1.610486,0.019223,0.047057,0.027244
47.328,hybrid,2.121629,0.111512,-1.604803,0.018925,0.052819,0.062684
47.362,hybrid,2.120584,0.081012,-1.605290,0.019072,0.055637,0.065147
47.362,hybrid,2.121003,0.081811,-1.604761,0.018647,0.049393,0.022276
47.396,hybrid,2.119990,0.052236,-1.605315,0.018664,0.052309,0.028341
47.396,hybrid,2.119990,0.052236,-1.605315,0.018664,0.052309,0.028341
47.43,hybrid,2.118716,0.015303,-1.603981,0.018349,0.050815,0.023414
47.464000000000006,hybrid,2.120980,-0.016347,-1.545744,0.018515,0.056556,0.062327
47.464000000000006,hybrid,2.120008,-0.016467,-1.577511,0.018155,0.051693,0.053167
47.498000000000005,hybrid,2.119813,-0.045059,-1.577718,0.018258,0.054392,0.055828
47.498000000000005,hybrid,2.119813,-0.045059,-1.577718,0.018258,0.054392,0.055828
47.532000000000004,hybrid,2.117386,-0.072705,-1.605693,0.017788,0.052616,0.023307
47.532000000000004,hybrid,2.117386,-0.072705,-1.605693,0.017788,0.052616,0.023307
47.566,hybrid,2.116089,-0.098957,-1.608119,0.017356,0.049100,0.018869
47.6,hybrid,2.116069,-0.124297,-1.595226,0.017357,0.052770,0.042582
47.6,hybrid,2.115972,-0.124225,-1.601728,0.017028,0.048586,0.016501
47.634,hybrid,2.114962,-0.154780,-1.605640,0.017035,0.051706,0.025617
47.634,hybrid,2.114962,-0.154780,-1.605640,0.017035,0.051706,0.025617
47.668000000000006,hybrid,2.113776,-0.186006,-1.606355,0.016879,0.047801,0.021726
47.702000000000005,hybrid,2.112566,-0.219984,-1.606658,0.016927,0.051235,0.028602
47.702000000000005,hybrid,2.112430,-0.218190,-1.608421,0.016608,0.047539,0.018249
47.736000000000004,hybrid,2.112639,-0.204458,-1.582646,0.016604,0.049486,0.031399
47.77,hybrid,2.112235,-0.238455,-1.582291,0.016646,0.052817,0.036528
47.77,hybrid,2.110879,-0.245757,-1.603517,0.016351,0.048069,0.021733
47.804,hybrid,2.109809,-0.279523,-1.601812,0.016373,0.051493,0.029056
47.804,hybrid,2.109134,-0.288250,-1.611569,0.016194,0.045924,0.018115
47.838,hybrid,2.107847,-0.320270,-1.610120,0.016221,0.049314,0.026031
47.838,hybrid,2.107847,-0.320270,-1.610120,0.016221,0.049314,0.026031
47.872,hybrid,2.109116,-0.350144,-1.572587,0.016120,0.051281,0.056971
47.906000000000006,hybrid,2.109074,-0.379985,-1.571965,0.016271,0.054124,0.059637
47.906000000000006,hybrid,2.107546,-0.380310,-1.609564,0.015757,0.049000,0.019099
47.940000000000005,hybrid,2.106349,-0.411476,-1.608887,0.015797,0.052090,0.026272
47.940000000000005,hybrid,2.106349,-0.411476,-1.608887,0.015797,0.052090,0.026272
47.974000000000004,hybrid,2.105293,-0.446942,-1.606234,0.015490,0.048352,0.021655
48.008,hybrid,2.103634,-0.463389,-1.611184,0.015647,0.052434,0.056021
48.008,hybrid,2.103460,-0.466431,-1.607989,0.015532,0.049257,0.052908
48.042,hybrid,2.102420,-0.494486,-1.607769,0.015609,0.052030,0.055537
48.042,hybrid,2.102420,-0.494486,-1.607769,0.015609,0.052030,0.055537
48.076,hybrid,2.101592,-0.522299,-1.606982,0.015277,0.049996,0.021961
48.11000000000001,hybrid,2.100355,-0.555271,-1.610408,0.015321,0.053251,0.029677
48.11000000000001,hybrid,2.100344,-0.558372,-1.607252,0.015078,0.049090,0.020245
48.144000000000005,hybrid,2.091856,-0.603082,-1.682145,0.016313,0.057335,0.073571
48.178000000000004,hybrid,2.088070,-0.636871,-1.682657,0.016960,0.060199,0.075914
48.178000000000004,hybrid,2.092278,-0.633943,-1.615274,0.015828,0.052725,0.026444
48.212,hybrid,2.090756,-0.667909,-1.615849,0.015944,0.055857,0.032416
48.212,hybrid,2.091006,-0.667290,-1.608826,0.015533,0.050553,0.019395
48.246,hybrid,2.087933,-0.713665,-1.611357,0.015723,0.055899,0.043774
48.28,hybrid,2.086548,-0.747636,-1.611699,0.015955,0.058861,0.047571
48.28,hybrid,2.087335,-0.739540,-1.612825,0.015343,0.052384,0.024215
48.314,hybrid,2.085927,-0.772919,-1.613089,0.015431,0.055477,0.030426
48.314,hybrid,2.086494,-0.772570,-1.606144,0.015017,0.049715,0.019798
48.348000000000006,hybrid,2.081421,-0.820945,-1.598564,0.015467,0.056929,0.061613
48.348000000000006,hybrid,2.081421,-0.820945,-1.598564,0.015467,0.056929,0.061613
48.382000000000005,hybrid,2.080226,-0.848824,-1.606553,0.015100,0.054572,0.027660
48.416000000000004,hybrid,2.079105,-0.880116,-1.606678,0.015210,0.057369,0.032874
48.416000000000004,hybrid,2.079741,-0.872756,-1.606685,0.014771,0.048707,0.021766
48.45,hybrid,2.078544,-0.906079,-1.606693,0.014833,0.052016,0.028429
48.45,hybrid,2.078352,-0.904741,-1.608798,0.014553,0.048475,0.015579
48.484,hybrid,2.074230,-0.944477,-1.662081,0.014863,0.053830,0.046812
48.518,hybrid,2.071814,-0.970877,-1.661989,0.015124,0.056217,0.049582
48.518,hybrid,2.075378,-0.966616,-1.613312,0.014510,0.049352,0.021005
48.552,hybrid,2.074086,-0.996992,-1.613326,0.014555,0.052336,0.027306
48.552,hybrid,2.074360,-0.997116,-1.607499,0.014252,0.048375,0.016058
48.586000000000006,hybrid,2.073395,-1.023612,-1.606985,0.014270,0.051048,0.023093
48.620000000000005,hybrid,2.073371,-1.053341,-1.611949,0.014331,0.055270,0.048434
48.620000000000005,hybrid,2.073610,-1.052950,-1.605495,0.014114,0.051153,0.045002
48.654,hybrid,2.072762,-1.077239,-1.606495,0.014165,0.053494,0.047836
48.654,hybrid,2.072762,-1.077239,-1.606495,0.013957,0.046704,0.018074
48.688,hybrid,2.071515,-1.111216,-1.608059,0.013976,0.050239,0.026419
48.722,hybrid,2.070238,-1.145192,-1.608779,0.014052,0.053525,0.032440
48.722,hybrid,2.070286,-1.144003,-1.608297,0.013825,0.050109,0.022026
48.756,hybrid,2.070299,-1.168020,-1.599161,0.013856,0.053712,0.045435
48.756,hybrid,2.070029,-1.168849,-1.606518,0.013661,0.049675,0.041250
48.790000000000006,hybrid,2.068825,-1.202828,-1.605974,0.013721,0.052997,0.045304
48.790000000000006,hybrid,2.068825,-1.202828,-1.605974,0.013721,0.052997,0.045304
48.824000000000005,hybrid,2.067385,-1.236761,-1.606961,0.013516,0.049597,0.024065
48.858000000000004,hybrid,2.064223,-1.311724,-1.571464,0.013860,0.057480,0.047736
48.858000000000004,hybrid,2.062980,-1.299375,-1.602108,0.013587,0.051533,0.044525
48.892,hybrid,2.061941,-1.333359,-1.600615,0.013755,0.054756,0.048501
48.926,hybrid,2.061051,-1.363612,-1.599932,0.014064,0.057462,0.051659
48.926,hybrid,2.060887,-1.349259,-1.610726,0.013560,0.049465,0.028332
48.96,hybrid,2.059692,-1.379508,-1.609984,0.013706,0.052444,0.033470
48.96,hybrid,2.059757,-1.377923,-1.610656,0.013363,0.048451,0.019650
48.994,hybrid,2.058271,-1.448245,-1.605809,0.013646,0.055817,0.041731
48.994,hybrid,2.058271,-1.448245,-1.605809,0.013646,0.055817,0.041731
49.028000000000006,hybrid,2.057793,-1.460461,-1.611143,0.013408,0.051880,0.025320
49.062000000000005,hybrid,2.056650,-1.488887,-1.610890,0.013520,0.054552,0.030506
49.062000000000005,hybrid,2.057454,-1.475150,-1.608108,0.013276,0.045947,0.019287
49.096000000000004,hybrid,2.056442,-1.501870,-1.608798,0.013338,0.048780,0.025557
49.096000000000004,hybrid,2.056442,-1.501870,-1.608798,0.013338,0.048780,0.025557
49.13,hybrid,2.056646,-1.512452,-1.594661,0.013131,0.048938,0.043918
49.164,hybrid,2.056106,-1.534793,-1.595234,0.013176,0.051179,0.046516
49.164,hybrid,2.055906,-1.534079,-1.604722,0.012967,0.045782,0.020720
49.198,hybrid,2.054999,-1.559988,-1.607882,0.013006,0.048592,0.027419
49.198,hybrid,2.054999,-1.559988,-1.607882,0.013006,0.048592,0.027419
49.232000000000006,hybrid,2.053720,-1.593997,-1.609133,0.012826,0.047686,0.024325
49.232000000000006,hybrid,2.053720,-1.593997,-1.609133,0.012826,0.047686,0.024325
49.266000000000005,hybrid,2.053502,-1.620013,-1.566267,0.012708,0.045859,0.032987
49.300000000000004,hybrid,2.053620,-1.654013,-1.568409,0.012788,0.049471,0.038353
49.300000000000004,hybrid,2.052740,-1.652323,-1.589705,0.012554,0.045928,0.016985
49.334,hybrid,2.052057,-1.686316,-1.592070,0.012595,0.049537,0.025996
49.334,hybrid,2.052057,-1.686316,-1.592070,0.012595,0.049537,0.025996
49.368,hybrid,2.053226,-1.736641,-1.595318,0.012633,0.051214,0.049584
49.402,hybrid,2.052381,-1.769481,-1.597749,0.012879,0.054368,0.053251
49.402,hybrid,2.052293,-1.768466,-1.601284,0.012534,0.049178,0.022261
49.436,hybrid,2.051275,-1.801065,-1.602959,0.012612,0.052416,0.029244
49.470000000000006,hybrid,2.050155,-1.835047,-1.604473,0.012771,0.055587,0.035007
49.470000000000006,hybrid,2.050211,-1.826040,-1.604959,0.012552,0.047064,0.022449
49.504000000000005,hybrid,2.047272,-1.837007,-1.659387,0.014832,0.055400,0.092930
49.504000000000005,hybrid,2.047414,-1.837944,-1.615621,0.015616,0.056349,0.086250
49.538000000000004,hybrid,2.046076,-1.867498,-1.616383,0.015880,0.058922,0.088035
49.572,hybrid,2.044608,-1.899442,-1.617000,0.016626,0.061579,0.089901
49.572,hybrid,2.045134,-1.900461,-1.606736,0.015043,0.052794,0.023390
49.606,hybrid,2.044173,-1.927254,-1.606825,0.015078,0.055277,0.028651
49.606,hybrid,2.043937,-1.927615,-1.607953,0.014723,0.049728,0.018163
49.64,hybrid,2.042782,-1.971776,-1.631099,0.014746,0.054816,0.040919
49.64,hybrid,2.042782,-1.971776,-1.631099,0.014746,0.054816,0.040919
49.67400000000001,hybrid,2.042081,-1.994011,-1.613967,0.014348,0.047818,0.024855
49.708000000000006,hybrid,2.040650,-2.027349,-1.613471,0.014404,0.051196,0.031006
49.708000000000006,hybrid,2.040765,-2.026141,-1.612693,0.014113,0.048408,0.018568
49.742000000000004,hybrid,2.039354,-2.060112,-1.612113,0.014146,0.051807,0.026389
49.742000000000004,hybrid,2.039354,-2.060112,-1.612113,0.014146,0.051807,0.026389
49.776,hybrid,2.042049,-2.027697,-1.541784,0.014156,0.055393,0.063204
49.81,hybrid,2.043054,-2.061682,-1.540767,0.014201,0.058395,0.065993
49.81,hybrid,2.040619,-2.076162,-1.607967,0.013844,0.050145,0.021339
49.844,hybrid,2.039375,-2.110139,-1.606771,0.013873,0.053447,0.028623
49.844,hybrid,2.039375,-2.110139,-1.606771,0.013873,0.053447,0.028623
49.878,hybrid,2.038336,-2.148380,-1.588280,0.013765,0.052206,0.037285
49.912000000000006,hybrid,2.037756,-2.182375,-1.587435,0.013909,0.055378,0.041798
49.912000000000006,hybrid,2.036008,-2.189172,-1.609468,0.013567,0.051718,0.020634
49.946000000000005,hybrid,2.034812,-2.220307,-1.608873,0.013629,0.054651,0.027373
49.946000000000005,hybrid,2.034812,-2.220307,-1.608873,0.013629,0.054651,0.027373
49.980000000000004,hybrid,2.033326,-2.255217,-1.608659,0.013423,0.048317,0.023340
49.980000000000004,hybrid,2.033326,-2.255217,-1.608659,0.013423,0.048317,0.023340
50.014,hybrid,2.031138,-2.289150,-1.640750,0.013424,0.050055,0.034520
50.048,hybrid,2.028810,-2.322406,-1.640560,0.013561,0.053269,0.039100
50.048,hybrid,2.028810,-2.322406,-1.640560,0.013561,0.053269,0.039100
50.082,hybrid,2.028308,-2.355841,-1.618163,0.013349,0.052989,0.025843
50.116,hybrid,2.027003,-2.383328,-1.618288,0.013417,0.055523,0.030750
50.116,hybrid,2.027011,-2.388703,-1.611159,0.013176,0.049936,0.018892
50.150000000000006,hybrid,2.022894,-2.447110,-1.634995,0.013442,0.056112,0.040816
50.184000000000005,hybrid,2.021271,-2.472346,-1.635491,0.013652,0.058323,0.043917
50.184000000000005,hybrid,2.023485,-2.472433,-1.606741,0.013034,0.050765,0.023220
50.218,hybrid,2.022761,-2.492447,-1.607119,0.013063,0.052705,0.027331
50.218,hybrid,2.022761,-2.492447,-1.607119,0.012802,0.048232,0.017933
50.252,hybrid,2.021940,-2.514953,-1.607512,0.012806,0.050519,0.023551
50.252,hybrid,2.021831,-2.516986,-1.605424,0.012665,0.045151,0.015063
50.286,hybrid,2.021280,-2.556607,-1.602432,0.012687,0.050117,0.037315
50.32,hybrid,2.020183,-2.590590,-1.604259,0.012832,0.053433,0.042058
50.32,hybrid,2.020124,-2.588855,-1.605574,0.012544,0.048731,0.022648
50.354000000000006,hybrid,2.018921,-2.622833,-1.606855,0.012612,0.052122,0.029640
50.354000000000006,hybrid,2.019000,-2.621891,-1.604975,0.012433,0.048757,0.018536
50.388000000000005,hybrid,2.020970,-2.689385,-1.589273,0.012847,0.057218,0.056912
50.422000000000004,hybrid,2.020315,-2.723379,-1.590873,0.013360,0.060141,0.060091
50.422000000000004,hybrid,2.019479,-2.704942,-1.601885,0.012511,0.051034,0.023767
50.456,hybrid,2.018435,-2.737699,-1.603271,0.012598,0.054173,0.030337
50.456,hybrid,2.018341,-2.729651,-1.608263,0.012401,0.050094,0.017030
50.49,hybrid,2.018082,-2.738534,-1.574855,0.012413,0.051622,0.032358
50.49,hybrid,2.018082,-2.738534,-1.574855,0.012413,0.051622,0.032358
50.524,hybrid,2.016279,-2.767535,-1.600563,0.012307,0.047870,0.023761
50.558,hybrid,2.015457,-2.794942,-1.600957,0.012335,0.050658,0.029097
50.558,hybrid,2.015416,-2.786967,-1.605097,0.012194,0.041994,0.018106
50.592000000000006,hybrid,2.014269,-2.820132,-1.605593,0.012238,0.045783,0.025877
50.626000000000005,hybrid,2.010607,-2.882815,-1.638044,0.012656,0.052791,0.044120
50.626000000000005,hybrid,2.010914,-2.882837,-1.633001,0.012247,0.051214,0.035914
50.660000000000004,hybrid,2.009209,-2.910206,-1.633147,0.012404,0.053819,0.039589
50.660000000000004,hybrid,2.010540,-2.900153,-1.613583,0.012128,0.046588,0.020869
50.694,hybrid,2.009345,-2.928056,-1.613631,0.012186,0.049492,0.026754
50.728,hybrid,2.008136,-2.956271,-1.613596,0.012290,0.052264,0.031605
50.728,hybrid,2.008413,-2.952243,-1.612150,0.012036,0.046473,0.022134
50.762,hybrid,2.011547,-2.935701,-1.583391,0.013169,0.054228,0.084068
50.762,hybrid,2.011485,-2.936888,-1.599796,0.013983,0.053951,0.085257
50.79600000000001,hybrid,2.010591,-2.967800,-1.599408,0.014163,0.056750,0.087096
50.79600000000001,hybrid,2.010591,-2.967800,-1.599408,0.014163,0.056750,0.087096
50.830000000000005,hybrid,2.008186,-3.006754,-1.612372,0.013625,0.053348,0.032140
50.830000000000005,hybrid,2.008186,-3.006754,-1.612372,0.013625,0.053348,0.032140
50.864000000000004,hybrid,2.006704,-3.040855,-1.610601,0.013318,0.049691,0.020393
50.898,hybrid,2.004294,-3.059554,-1.667541,0.013600,0.053767,0.054770
50.898,hybrid,2.004294,-3.059554,-1.667541,0.013600,0.053767,0.054770
50.932,hybrid,2.003154,-3.098466,-1.617560,0.013341,0.052080,0.025795
50.932,hybrid,2.003154,-3.098466,-1.617560,0.013341,0.052080,0.025795
50.966,hybrid,2.001581,-3.132590,-1.616944,0.013107,0.048188,0.020809
51.0,hybrid,2.001158,-3.129309,-1.623625,0.013561,0.055260,0.087024
51.0,hybrid,2.000953,-3.139195,-1.612507,0.013410,0.050163,0.019653
51.034000000000006,hybrid,1.999536,-3.173166,-1.612429,0.013462,0.053435,0.026978
51.034000000000006,hybrid,1.999536,-3.173166,-1.612429,0.013462,0.053435,0.026978
51.068000000000005,hybrid,1.997910,-3.211450,-1.610151,0.013294,0.050220,0.021565
51.102000000000004,hybrid,1.996782,-3.240081,-1.610145,0.013353,0.052990,0.027417
51.136,hybrid,1.993689,-3.234268,-1.650816,0.026027,0.067598,0.150890
51.136,hybrid,1.992999,-3.239279,-1.653190,0.025845,0.061735,0.149241
51.136,hybrid,1.992999,-3.239279,-1.653190,0.025845,0.061735,0.149241
51.17,hybrid,1.993893,-3.283497,-1.615498,0.023621,0.054867,0.026676
51.204,hybrid,1.992605,-3.312380,-1.615176,0.023698,0.057449,0.031736
51.204,hybrid,1.994150,-3.322638,-1.615130,0.022539,0.051788,0.021886
51.23800000000001,hybrid,1.992978,-3.349180,-1.614827,0.022585,0.054296,0.027400
51.23800000000001,hybrid,1.992978,-3.349180,-1.614827,0.022585,0.054296,0.027400
51.272000000000006,hybrid,1.988376,-3.416979,-1.611287,0.021776,0.053163,0.043767
51.306000000000004,hybrid,1.987023,-3.450209,-1.611687,0.021936,0.056207,0.047498
51.306000000000004,hybrid,1.986631,-3.447855,-1.609813,0.021106,0.049050,0.023977
51.34,hybrid,1.985304,-3.481829,-1.609951,0.021173,0.052402,0.030292
51.374,hybrid,1.985104,-3.515482,-1.563652,0.021293,0.056348,0.046692
51.374,hybrid,1.984318,-3.512357,-1.575090,0.020662,0.051035,0.035141
51.408,hybrid,1.984188,-3.546357,-1.574301,0.020705,0.054279,0.039883
51.442,hybrid,1.984079,-3.580357,-1.573675,0.020837,0.057336,0.044082
51.442,hybrid,1.981708,-3.577187,-1.599723,0.020117,0.053682,0.029517
51.442,hybrid,1.981708,-3.577187,-1.599723,0.020117,0.053682,0.029517
51.476000000000006,hybrid,1.983603,-3.597584,-1.604997,0.019557,0.053634,0.065186
51.510000000000005,hybrid,1.982443,-3.631564,-1.604773,0.019776,0.056715,0.067777
51.510000000000005,hybrid,1.982112,-3.634375,-1.606613,0.019246,0.051331,0.022435
51.544000000000004,hybrid,1.980933,-3.667371,-1.606410,0.019305,0.054452,0.028940
51.544000000000004,hybrid,1.980933,-3.667371,-1.606410,0.019305,0.054452,0.028940
51.578,hybrid,1.979475,-3.700277,-1.607781,0.018928,0.050706,0.024634
51.612,hybrid,1.976729,-3.748318,-1.609568,0.019076,0.055927,0.043092
51.612,hybrid,1.976824,-3.746867,-1.607754,0.018603,0.051037,0.034783
51.646,hybrid,1.975736,-3.776303,-1.607695,0.018632,0.053841,0.038802
51.646,hybrid,1.975736,-3.776303,-1.607695,0.018632,0.053841,0.038802
51.68,hybrid,1.974308,-3.796296,-1.610030,0.018306,0.047730,0.023729
51.714000000000006,hybrid,1.973335,-3.821145,-1.609774,0.018345,0.050268,0.028581
51.714000000000006,hybrid,1.972159,-3.826633,-1.609908,0.017963,0.046965,0.019960
51.748000000000005,hybrid,1.972803,-3.873175,-1.577800,0.018064,0.053091,0.048373
51.748000000000005,hybrid,1.972803,-3.873175,-1.577800,0.018064,0.053091,0.048373
51.782000000000004,hybrid,1.971004,-3.902477,-1.599361,0.017466,0.052949,0.025143
51.816,hybrid,1.970328,-3.926266,-1.598943,0.017478,0.055157,0.029640
51.816,hybrid,1.969569,-3.926188,-1.605835,0.017191,0.051865,0.020095
51.85,hybrid,1.968391,-3.960167,-1.605266,0.017240,0.055055,0.027480
51.85,hybrid,1.968002,-3.960317,-1.605996,0.016921,0.049347,0.016069
51.884,hybrid,1.970335,-3.998976,-1.617665,0.017129,0.056787,0.068540
51.884,hybrid,1.970335,-3.998976,-1.617665,0.017129,0.056787,0.068540
51.918000000000006,hybrid,1.968784,-4.027707,-1.609498,0.016834,0.053912,0.024854
51.952000000000005,hybrid,1.967469,-4.061682,-1.609485,0.016913,0.056973,0.030951
51.952000000000005,hybrid,1.967203,-4.061880,-1.615566,0.016501,0.052301,0.017326
51.986000000000004,hybrid,1.964747,-4.102696,-1.604730,0.016632,0.056793,0.039236
52.02,hybrid,1.963622,-4.135849,-1.604710,0.016795,0.059639,0.043261
52.02,hybrid,1.963081,-4.129566,-1.604908,0.016327,0.053642,0.026026
52.054,hybrid,1.962025,-4.160520,-1.604938,0.016421,0.056456,0.031431
52.054,hybrid,1.962682,-4.151858,-1.603031,0.015879,0.048635,0.016397
52.088,hybrid,1.961587,-4.185840,-1.602973,0.015892,0.052014,0.024699
52.088,hybrid,1.961587,-4.185840,-1.602973,0.015892,0.052014,0.024699
52.122,hybrid,1.966590,-4.236505,-1.604593,0.016243,0.062349,0.078000
52.122,hybrid,1.966590,-4.236505,-1.604593,0.016243,0.062349,0.078000
52.156000000000006,hybrid,1.965162,-4.262721,-1.602989,0.016064,0.060729,0.027513
52.190000000000005,hybrid,1.964114,-4.295239,-1.603067,0.016169,0.063358,0.032922
52.224000000000004,hybrid,1.963222,-4.322738,-1.603347,0.016311,0.065502,0.036941
52.224000000000004,hybrid,1.961615,-4.310302,-1.608359,0.015831,0.053204,0.022294
52.258,hybrid,1.961643,-4.303045,-1.600175,0.015824,0.054972,0.041907
52.258,hybrid,1.961234,-4.304504,-1.604002,0.015590,0.052291,0.039812
52.292,hybrid,1.960276,-4.333126,-1.604643,0.015635,0.054973,0.043408
52.292,hybrid,1.960276,-4.333126,-1.604643,0.015635,0.054973,0.043408
52.326,hybrid,1.957786,-4.366683,-1.608698,0.015336,0.052116,0.025848
52.326,hybrid,1.957786,-4.366683,-1.608698,0.015336,0.052116,0.025848
52.36000000000001,hybrid,1.955602,-4.404118,-1.609328,0.015065,0.052216,0.022031
52.394000000000005,hybrid,1.948671,-4.474677,-1.678564,0.015666,0.059714,0.050785
52.428000000000004,hybrid,1.945012,-4.508479,-1.678717,0.016196,0.062467,0.054057
52.428000000000004,hybrid,1.950602,-4.495330,-1.619575,0.015351,0.053057,0.026677
52.462,hybrid,1.948972,-4.529291,-1.618375,0.015477,0.056188,0.032797
52.462,hybrid,1.949410,-4.526731,-1.614614,0.015118,0.049763,0.020550
52.496,hybrid,1.948112,-4.561387,-1.617553,0.015211,0.053424,0.032905
52.496,hybrid,1.948112,-4.561387,-1.617553,0.015211,0.053424,0.032905
52.53,hybrid,1.946728,-4.596796,-1.612713,0.015007,0.054330,0.027439
52.53,hybrid,1.946728,-4.596796,-1.612713,0.015007,0.054330,0.027439
52.564,hybrid,1.944974,-4.623393,-1.610899,0.014820,0.051286,0.024117
52.598000000000006,hybrid,1.943758,-4.653874,-1.610668,0.014876,0.054184,0.029867
52.598000000000006,hybrid,1.943758,-4.653874,-1.610668,0.014876,0.054184,0.029867
52.632000000000005,hybrid,1.945000,-4.710280,-1.596786,0.014803,0.059838,0.055838
52.632000000000005,hybrid,1.945000,-4.710280,-1.596786,0.014803,0.059838,0.055838
52.666000000000004,hybrid,1.943334,-4.740935,-1.605453,0.014541,0.057017,0.022499
52.7,hybrid,1.942253,-4.772263,-1.605130,0.014600,0.059704,0.028742
52.7,hybrid,1.942021,-4.760996,-1.607882,0.014331,0.051930,0.015918
52.734,hybrid,1.940843,-4.792815,-1.607717,0.014356,0.054909,0.023981
52.768,hybrid,1.944575,-4.857544,-1.540554,0.014903,0.062485,0.060506
52.768,hybrid,1.942396,-4.861636,-1.568371,0.014453,0.060458,0.053235
52.80200000000001,hybrid,1.942459,-4.886484,-1.568176,0.014651,0.062482,0.055555
52.80200000000001,hybrid,1.940295,-4.875432,-1.600091,0.014254,0.055930,0.023841
52.836000000000006,hybrid,1.939611,-4.898983,-1.599439,0.014303,0.058010,0.028584
52.836000000000006,hybrid,1.939611,-4.898983,-1.599439,0.014303,0.058010,0.028584
52.870000000000005,hybrid,1.937612,-4.920661,-1.604519,0.014115,0.053940,0.024828
52.904,hybrid,1.935486,-4.925526,-1.610928,0.021183,0.064922,0.125193
52.904,hybrid,1.935653,-4.922694,-1.607056,0.025707,0.069086,0.126674
52.938,hybrid,1.934424,-4.956671,-1.606746,0.025964,0.071514,0.128034
52.938,hybrid,1.934424,-4.956671,-1.606746,0.025964,0.071514,0.128034
52.972,hybrid,1.932143,-4.991170,-1.604593,0.024011,0.066431,0.029653
53.006,hybrid,1.931708,-5.016837,-1.579133,0.023996,0.068708,0.040561
53.006,hybrid,1.930004,-5.017875,-1.591197,0.022991,0.061883,0.028650
53.040000000000006,hybrid,1.929306,-5.051868,-1.591657,0.022867,0.064583,0.034205
53.040000000000006,hybrid,1.929306,-5.051868,-1.591657,0.022867,0.064583,0.034205
53.074000000000005,hybrid,1.927982,-5.079247,-1.600861,0.021973,0.060670,0.027543
53.108000000000004,hybrid,1.924338,-5.105109,-1.622084,0.022233,0.065793,0.070660
53.108000000000004,hybrid,1.924288,-5.103078,-1.618061,0.021362,0.061700,0.066293
53.142,hybrid,1.922829,-5.133956,-1.617958,0.021419,0.064155,0.068600
53.142,hybrid,1.922829,-5.133956,-1.617958,0.021419,0.064155,0.068600
53.176,hybrid,1.921882,-5.163515,-1.609455,0.020441,0.059295,0.033934
53.21,hybrid,1.920604,-5.196400,-1.609778,0.020476,0.062012,0.038562
53.21,hybrid,1.920681,-5.196450,-1.604595,0.019754,0.056008,0.021812
53.244,hybrid,1.922340,-5.215603,-1.582093,0.019874,0.061316,0.070892
53.244,hybrid,1.922340,-5.215603,-1.582093,0.019874,0.061316,0.070892
53.278000000000006,hybrid,1.920734,-5.241694,-1.605797,0.019353,0.056613,0.027703
53.312000000000005,hybrid,1.919644,-5.272695,-1.606169,0.019324,0.059298,0.032941
53.312000000000005,hybrid,1.919644,-5.272695,-1.606169,0.018760,0.052584,0.024582
53.346000000000004,hybrid,1.918704,-5.298844,-1.607171,0.018754,0.055035,0.029765
53.346000000000004,hybrid,1.918704,-5.298844,-1.607171,0.018754,0.055035,0.029765
53.38,hybrid,1.915250,-5.320079,-1.663057,0.019084,0.056083,0.068874
53.414,hybrid,1.912095,-5.353932,-1.664427,0.019332,0.059039,0.071491
53.414,hybrid,1.913856,-5.356680,-1.608573,0.018382,0.051253,0.022458
53.448,hybrid,1.912560,-5.390655,-1.609371,0.018408,0.054478,0.029331
53.448,hybrid,1.912560,-5.390655,-1.609371,0.018408,0.054478,0.029331
53.482000000000006,hybrid,1.908434,-5.453672,-1.652551,0.018104,0.055894,0.041876
53.516000000000005,hybrid,1.905677,-5.487560,-1.651365,0.018312,0.058861,0.046014
53.516000000000005,hybrid,1.908104,-5.480089,-1.619284,0.017556,0.051416,0.024557
53.550000000000004,hybrid,1.906470,-5.514050,-1.618226,0.017628,0.054634,0.031052
53.550000000000004,hybrid,1.906295,-5.511177,-1.613045,0.017179,0.050549,0.021262
53.584,hybrid,1.902878,-5.540321,-1.638716,0.017456,0.055572,0.056656
53.618,hybrid,1.900711,-5.572372,-1.637803,0.017723,0.058398,0.059577
53.618,hybrid,1.902570,-5.571335,-1.608464,0.016981,0.052949,0.026523
53.652,hybrid,1.901306,-5.605311,-1.607563,0.017013,0.056084,0.032580
53.652,hybrid,1.901429,-5.597989,-1.607405,0.016579,0.049762,0.018422
53.686,hybrid,1.900280,-5.629450,-1.606979,0.016598,0.052838,0.025743
53.720000000000006,hybrid,1.895275,-5.690037,-1.612646,0.017004,0.059746,0.054833
53.720000000000006,hybrid,1.895310,-5.680165,-1.612634,0.016584,0.053225,0.050329
53.754000000000005,hybrid,1.894156,-5.707857,-1.612352,0.016766,0.055770,0.053064
53.754000000000005,hybrid,1.894393,-5.705353,-1.609054,0.016347,0.052273,0.033907
53.788000000000004,hybrid,1.893174,-5.737301,-1.608828,0.016459,0.055247,0.038392
53.822,hybrid,1.892120,-5.765135,-1.608535,0.016630,0.057715,0.041932
53.822,hybrid,1.892007,-5.761682,-1.607545,0.016229,0.052611,0.028036
53.856,hybrid,1.891628,-5.801664,-1.578496,0.016433,0.056797,0.042034
53.89,hybrid,1.891434,-5.827199,-1.578315,0.016645,0.059005,0.045009
53.89,hybrid,1.890087,-5.826753,-1.596670,0.016216,0.058387,0.033660
53.92400000000001,hybrid,1.889531,-5.848389,-1.596180,0.016351,0.060220,0.036868
53.92400000000001,hybrid,1.888904,-5.849382,-1.601866,0.015725,0.054576,0.023964
53.958000000000006,hybrid,1.887856,-5.883366,-1.601429,0.015810,0.057615,0.030381
53.958000000000006,hybrid,1.887424,-5.878006,-1.606868,0.015499,0.053024,0.022597
53.992000000000004,hybrid,1.885469,-5.872343,-1.631365,0.020220,0.065009,0.125699
53.992000000000004,hybrid,1.885469,-5.872343,-1.631365,0.020220,0.065009,0.125699
54.026,hybrid,1.884203,-5.907575,-1.608530,0.019764,0.062599,0.031545
54.06,hybrid,1.882916,-5.941551,-1.609071,0.019837,0.065267,0.036687
54.06,hybrid,1.883070,-5.942536,-1.612306,0.019261,0.058733,0.025090
54.094,hybrid,1.882472,-5.956779,-1.626336,0.019304,0.060166,0.032444
54.128,hybrid,1.880570,-5.990726,-1.626987,0.019460,0.062934,0.037492
54.128,hybrid,1.881439,-5.993257,-1.617342,0.019051,0.057665,0.029164
54.162000000000006,hybrid,1.879880,-6.026499,-1.618013,0.019179,0.060487,0.034594
54.162000000000006,hybrid,1.880272,-6.028213,-1.613648,0.018587,0.058138,0.027988
54.196000000000005,hybrid,1.878904,-6.059850,-1.614438,0.018669,0.060807,0.033403
54.230000000000004,hybrid,1.871012,-6.113042,-1.626738,0.019596,0.067860,0.074523
54.230000000000004,hybrid,1.871318,-6.111657,-1.618876,0.019394,0.065912,0.073041
54.264,hybrid,1.869803,-6.143001,-1.619253,0.019814,0.068265,0.075209
54.264,hybrid,1.870538,-6.144711,-1.604832,0.019018,0.062663,0.030332
54.298,hybrid,1.869557,-6.173239,-1.605172,0.019166,0.064904,0.034822
54.298,hybrid,1.869557,-6.173239,-1.605172,0.019166,0.064904,0.034822
54.332,hybrid,1.868866,-6.195982,-1.605961,0.018720,0.056544,0.025747
54.332,hybrid,1.868866,-6.195982,-1.605961,0.018720,0.056544,0.025747
54.36600000000001,hybrid,1.871250,-6.183620,-1.592237,0.019370,0.063844,0.084090
54.400000000000006,hybrid,1.870713,-6.208565,-1.592632,0.019426,0.065775,0.085606
54.400000000000006,hybrid,1.870472,-6.212655,-1.605679,0.018905,0.055026,0.027176
54.434000000000005,hybrid,1.869586,-6.237745,-1.606632,0.018957,0.057273,0.031760
54.434000000000005,hybrid,1.869586,-6.237745,-1.606632,0.018957,0.057273,0.031760
54.468,hybrid,1.868043,-6.269140,-1.609133,0.018532,0.057468,0.030109
54.502,hybrid,1.870223,-6.276086,-1.578300,0.021639,0.067528,0.118581
54.536,hybrid,1.869949,-6.310085,-1.579159,0.022166,0.070012,0.120078
54.536,hybrid,1.869174,-6.317583,-1.601588,0.023732,0.070355,0.118181
54.57,hybrid,1.868123,-6.351567,-1.601101,0.024817,0.072743,0.119672
54.57,hybrid,1.866838,-6.355034,-1.610684,0.022542,0.067578,0.037207
54.604000000000006,hybrid,1.866504,-6.355143,-1.597173,0.070187,0.070986,0.224178
54.604000000000006,hybrid,1.862372,-6.368334,-1.612647,0.085661,0.053213,0.223008
54.638000000000005,hybrid,1.860985,-6.402306,-1.611090,0.085960,0.056344,0.223839
54.672000000000004,hybrid,1.859640,-6.436279,-1.609888,0.086925,0.059306,0.224650
54.672000000000004,hybrid,1.862407,-6.440763,-1.613770,0.060598,0.052012,0.032177
54.706,hybrid,1.861056,-6.472721,-1.612312,0.060541,0.055025,0.037208
54.706,hybrid,1.858884,-6.477867,-1.617910,0.050507,0.053089,0.028556
54.74,hybrid,1.859403,-6.563103,-1.583875,0.050798,0.061769,0.055815
54.74,hybrid,1.859403,-6.563103,-1.583875,0.050798,0.061769,0.055815
54.774,hybrid,1.858425,-6.596529,-1.600438,0.044930,0.062862,0.033522
54.80800000000001,hybrid,1.857454,-6.629663,-1.599815,0.044790,0.065458,0.038310
54.80800000000001,hybrid,1.857935,-6.621708,-1.608262,0.040963,0.059551,0.022100
54.842000000000006,hybrid,1.856916,-6.648553,-1.608692,0.040951,0.061768,0.027690
54.842000000000006,hybrid,1.856916,-6.648553,-1.608692,0.040951,0.061768,0.027690
54.876000000000005,hybrid,1.855101,-6.680663,-1.590908,0.037320,0.061849,0.034944
54.910000000000004,hybrid,1.854479,-6.711632,-1.590906,0.037266,0.064304,0.039146
54.910000000000004,hybrid,1.853787,-6.712295,-1.594845,0.034999,0.059431,0.030304
54.944,hybrid,1.853311,-6.732117,-1.594739,0.035003,0.061079,0.033448
54.944,hybrid,1.853311,-6.732117,-1.594739,0.035003,0.061079,0.033448
54.978,hybrid,1.851054,-6.754951,-1.600350,0.033199,0.059819,0.031479
55.012,hybrid,1.847062,-6.810370,-1.612632,0.033296,0.065386,0.054726
55.012,hybrid,1.846605,-6.804208,-1.611455,0.031052,0.061066,0.046713
55.04600000000001,hybrid,1.845393,-6.838187,-1.601400,0.031034,0.063946,0.052184
55.04600000000001,hybrid,1.845393,-6.838187,-1.601400,0.031034,0.063946,0.052184
55.080000000000005,hybrid,1.845309,-6.852071,-1.595108,0.029701,0.055186,0.031904
55.114000000000004,hybrid,1.841980,-6.879504,-1.606748,0.029921,0.060614,0.070138
55.114000000000004,hybrid,1.842145,-6.879615,-1.598898,0.028247,0.058896,0.063947
55.148,hybrid,1.841188,-6.913601,-1.598882,0.028399,0.061713,0.066574
55.148,hybrid,1.841188,-6.913601,-1.598882,0.028399,0.061713,0.066574
55.182,hybrid,1.842439,-6.946245,-1.584788,0.026975,0.061478,0.037497
55.216,hybrid,1.846821,-6.985254,-1.524690,0.027345,0.067426,0.075040
55.216,hybrid,1.846129,-6.980492,-1.549836,0.026018,0.065876,0.063939
55.25,hybrid,1.846832,-7.014477,-1.550376,0.026160,0.068419,0.066626
55.25,hybrid,1.844504,-6.986907,-1.578641,0.024614,0.048205,0.018759
55.284000000000006,hybrid,1.844248,-7.018365,-1.579279,0.024608,0.051376,0.026063
55.318000000000005,hybrid,1.843983,-7.048832,-1.579725,0.024629,0.054268,0.031510
55.318000000000005,hybrid,1.844119,-7.049264,-1.576303,0.023798,0.050344,0.023262
55.352000000000004,hybrid,1.846055,-7.049634,-1.517494,0.076328,0.052223,0.234269
55.352000000000004,hybrid,1.842743,-7.052880,-1.575587,0.093109,0.051492,0.232909
55.386,hybrid,1.842603,-7.083276,-1.575454,0.093308,0.054367,0.233571
55.42,hybrid,1.842467,-7.111872,-1.575571,0.093986,0.056938,0.234187
55.42,hybrid,1.834595,-7.112271,-1.577700,0.074315,0.046962,0.033703
55.454,hybrid,1.834409,-7.137969,-1.578324,0.074334,0.049635,0.037488
55.454,hybrid,1.834826,-7.152001,-1.568351,0.059315,0.046407,0.022964
55.48800000000001,hybrid,1.830425,-7.194348,-1.652780,0.059373,0.053169,0.059197
55.48800000000001,hybrid,1.830425,-7.194348,-1.652780,0.059373,0.053169,0.059197
55.522000000000006,hybrid,1.839995,-7.228737,-1.593536,0.047492,0.051864,0.031991
55.556000000000004,hybrid,1.839491,-7.250527,-1.594437,0.047544,0.053938,0.035488
55.556000000000004,hybrid,1.842720,-7.253473,-1.583984,0.042201,0.051761,0.026621
55.59,hybrid,1.842428,-7.274967,-1.584893,0.042196,0.053813,0.030689
55.624,hybrid,1.842103,-7.297238,-1.585820,0.042200,0.055860,0.034396
55.624,hybrid,1.842476,-7.297251,-1.578374,0.037785,0.051252,0.026136
55.658,hybrid,1.841917,-7.290959,-1.611005,0.037844,0.055995,0.072407
55.658,hybrid,1.843212,-7.294142,-1.586075,0.035194,0.055995,0.077452
55.692,hybrid,1.842691,-7.328138,-1.586164,0.035272,0.058953,0.079628
55.726000000000006,hybrid,1.842161,-7.362134,-1.586709,0.035557,0.061777,0.081802
55.726000000000006,hybrid,1.843106,-7.364295,-1.577025,0.033045,0.051700,0.029439
55.726000000000006,hybrid,1.843106,-7.364295,-1.577025,0.033045,0.051700,0.029439
55.760000000000005,hybrid,1.842887,-7.398730,-1.600981,0.030953,0.050068,0.050082
55.794000000000004,hybrid,1.841853,-7.432714,-1.601515,0.031006,0.053360,0.053468
55.828,hybrid,1.840804,-7.466602,-1.601939,0.031164,0.056451,0.056625
55.828,hybrid,1.841597,-7.468694,-1.584405,0.029870,0.051542,0.034811
55.862,hybrid,1.841003,-7.487911,-1.593450,0.029941,0.053847,0.043765
55.862,hybrid,1.842030,-7.486810,-1.579840,0.028266,0.046366,0.029561
55.896,hybrid,1.841755,-7.518363,-1.579007,0.028285,0.049669,0.034728
55.896,hybrid,1.841755,-7.518363,-1.579007,0.028285,0.049669,0.034728
55.93000000000001,hybrid,1.841807,-7.554554,-1.573763,0.026804,0.052310,0.031092
55.964000000000006,hybrid,1.841719,-7.585468,-1.573492,0.026886,0.055190,0.035795
55.964000000000006,hybrid,1.841719,-7.585468,-1.573492,0.025582,0.047188,0.023523
55.998000000000005,hybrid,1.839560,-7.609904,-1.635158,0.025704,0.051831,0.054609
56.032000000000004,hybrid,1.837566,-7.640870,-1.635450,0.025886,0.054737,0.057456
56.032000000000004,hybrid,1.840414,-7.646549,-1.587403,0.024665,0.050186,0.026329
56.066,hybrid,1.839971,-7.671457,-1.589078,0.024705,0.052638,0.031238
56.066,hybrid,1.840389,-7.667653,-1.582258,0.024028,0.045269,0.025232
56.1,hybrid,1.840178,-7.686369,-1.581626,0.024053,0.047304,0.028922
56.134,hybrid,1.837885,-7.755962,-1.550346,0.024346,0.055533,0.055160
56.134,hybrid,1.838179,-7.757633,-1.547080,0.023371,0.051721,0.052081
56.168000000000006,hybrid,1.838677,-7.778683,-1.546852,0.023505,0.053725,0.054139
56.168000000000006,hybrid,1.837194,-7.777430,-1.574474,0.022362,0.051192,0.023578
56.202000000000005,hybrid,1.837120,-7.798329,-1.574360,0.022415,0.053196,0.027705
56.202000000000005,hybrid,1.837766,-7.795364,-1.574455,0.021772,0.046579,0.021867
56.236000000000004,hybrid,1.837692,-7.816194,-1.574278,0.021828,0.048767,0.026268
56.236000000000004,hybrid,1.837692,-7.816194,-1.574278,0.021828,0.048767,0.026268
56.27,hybrid,1.837078,-7.835854,-1.579485,0.021129,0.048772,0.020638
56.304,hybrid,1.836835,-7.804474,-1.616420,0.021110,0.053216,0.046214
56.304,hybrid,1.836739,-7.811497,-1.591436,0.020594,0.048136,0.052659
56.338,hybrid,1.836434,-7.826331,-1.591371,0.020613,0.049654,0.054061
56.338,hybrid,1.836434,-7.826331,-1.591371,0.020613,0.049654,0.054061
56.37200000000001,hybrid,1.836519,-7.849697,-1.577382,0.019889,0.047114,0.025987
56.406000000000006,hybrid,1.836425,-7.864023,-1.577300,0.019916,0.048613,0.028640
56.406000000000006,hybrid,1.836894,-7.869519,-1.575833,0.019617,0.043737,0.021671
56.440000000000005,hybrid,1.836833,-7.881697,-1.575763,0.019648,0.045109,0.024348
56.440000000000005,hybrid,1.836833,-7.881697,-1.575763,0.019648,0.045109,0.024348
56.474000000000004,hybrid,1.836856,-7.896757,-1.575009,0.019077,0.045088,0.022566
56.508,hybrid,1.836811,-7.907424,-1.574999,0.019099,0.046256,0.024827
56.508,hybrid,1.836566,-7.910536,-1.574668,0.018791,0.043323,0.019233
56.542,hybrid,1.836523,-7.921547,-1.574622,0.018815,0.044577,0.021930
56.542,hybrid,1.836523,-7.921547,-1.574622,0.018815,0.044577,0.021930
56.576,hybrid,1.832426,-7.945305,-1.562963,0.019900,0.057067,0.091403
56.61000000000001,hybrid,1.832503,-7.955138,-1.563003,0.019969,0.057923,0.091943
56.61000000000001,hybrid,1.832430,-7.956227,-1.571983,0.019542,0.053291,0.023276
56.644000000000005,hybrid,1.832421,-7.964446,-1.571903,0.019569,0.054058,0.025012
56.644000000000005,hybrid,1.832421,-7.964446,-1.571903,0.019569,0.054058,0.025012
56.678000000000004,hybrid,1.833035,-7.980969,-1.564961,0.018987,0.051519,0.021451
56.712,hybrid,1.833081,-7.988786,-1.564947,0.019009,0.052273,0.023208
56.712,hybrid,1.833065,-7.990157,-1.565777,0.018659,0.046671,0.017654
56.746,hybrid,1.833099,-7.996869,-1.565704,0.018671,0.047386,0.019500
56.746,hybrid,1.833099,-7.996869,-1.565704,0.018671,0.047386,0.019500
56.78,hybrid,1.833031,-8.000913,-1.574093,0.018171,0.044583,0.016107
56.814,hybrid,1.833012,-8.006799,-1.574065,0.018181,0.045238,0.017856
56.814,hybrid,1.833125,-8.012877,-1.569683,0.017777,0.042913,0.014928
56.848000000000006,hybrid,1.833132,-8.018843,-1.569665,0.017786,0.043603,0.016818
56.848000000000006,hybrid,1.833132,-8.018843,-1.569665,0.017786,0.043603,0.016818
56.882000000000005,hybrid,1.833369,-8.026370,-1.570578,0.017367,0.042984,0.016684
56.916000000000004,hybrid,1.833370,-8.030157,-1.570562,0.017373,0.043423,0.017792
56.95,hybrid,1.833371,-8.034667,-1.570520,0.017381,0.043940,0.019039
56.95,hybrid,1.833484,-8.038042,-1.570040,0.017099,0.042544,0.017863
56.95,hybrid,1.833482,-8.041531,-1.570288,0.016773,0.041206,0.015651
56.984,hybrid,1.833484,-8.045603,-1.570278,0.016779,0.041698,0.016908
57.018,hybrid,1.833486,-8.049290,-1.570270,0.016785,0.042138,0.017970
57.018,hybrid,1.833785,-8.047845,-1.570097,0.016611,0.039834,0.015565
57.05200000000001,hybrid,1.833788,-8.051516,-1.570120,0.016616,0.040293,0.016716
57.05200000000001,hybrid,1.833765,-8.058192,-1.569737,0.016326,0.038170,0.013290
57.086000000000006,hybrid,1.833769,-8.061526,-1.569697,0.016331,0.038605,0.014517
57.086000000000006,hybrid,1.833769,-8.061526,-1.569697,0.016331,0.038605,0.014517
57.120000000000005,hybrid,1.833788,-8.064146,-1.571813,0.016126,0.037412,0.013606
57.154,hybrid,1.833785,-8.066984,-1.571812,0.016130,0.037789,0.014612
57.154,hybrid,1.833963,-8.065980,-1.571602,0.015976,0.036729,0.013817
57.188,hybrid,1.833961,-8.068778,-1.571599,0.015980,0.037108,0.014797
57.222,hybrid,1.833959,-8.071282,-1.571595,0.015983,0.037444,0.015623
57.222,hybrid,1.834119,-8.070835,-1.571558,0.015874,0.036618,0.015067
57.256,hybrid,1.834117,-8.072992,-1.571563,0.015877,0.036911,0.015769
57.256,hybrid,1.834414,-8.072442,-1.571510,0.015705,0.035367,0.014903
57.290000000000006,hybrid,1.835297,-8.108766,-1.539671,0.015793,0.040960,0.034961
57.324000000000005,hybrid,1.835353,-8.110569,-1.539654,0.015800,0.041180,0.035222
57.324000000000005,hybrid,1.835641,-8.102942,-1.555541,0.015590,0.037995,0.025292
57.358000000000004,hybrid,1.835667,-8.104637,-1.555551,0.015594,0.038218,0.025629
57.358000000000004,hybrid,1.835796,-8.096794,-1.557660,0.015428,0.035169,0.021190
57.392,hybrid,1.835821,-8.098747,-1.557652,0.015431,0.035445,0.021649
57.392,hybrid,1.835821,-8.098747,-1.557652,0.015431,0.035445,0.021649
57.426,hybrid,1.835937,-8.099209,-1.561188,0.015201,0.034677,0.019086
57.46,hybrid,1.835950,-8.100585,-1.561189,0.015203,0.034875,0.019444
57.46,hybrid,1.835756,-8.098391,-1.564908,0.015043,0.033595,0.016677
57.49400000000001,hybrid,1.835764,-8.099719,-1.564915,0.015045,0.033792,0.017074
57.49400000000001,hybrid,1.835764,-8.099719,-1.564915,0.015045,0.033792,0.017074
57.528000000000006,hybrid,1.835682,-8.097618,-1.566279,0.014946,0.032549,0.016574
57.562000000000005,hybrid,1.835687,-8.098834,-1.566288,0.014947,0.032735,0.016942
57.562000000000005,hybrid,1.835956,-8.097389,-1.566845,0.014835,0.031891,0.015815
57.596000000000004,hybrid,1.835960,-8.098420,-1.566849,0.014836,0.032052,0.016140
57.63,hybrid,1.835965,-8.099539,-1.566847,0.014838,0.032226,0.016484
57.63,hybrid,1.837375,-8.097002,-1.568296,0.014509,0.031237,0.014839
57.63,hybrid,1.837375,-8.097002,-1.568296,0.014509,0.031237,0.014839
57.664,hybrid,1.837706,-8.093991,-1.568553,0.014412,0.029699,0.013321
57.698,hybrid,1.837708,-8.094840,-1.568557,0.014413,0.029841,0.013638
57.698,hybrid,1.837708,-8.094840,-1.568557,0.014413,0.029841,0.013638
57.732000000000006,hybrid,1.837683,-8.092793,-1.569318,0.014259,0.028594,0.013212
57.732000000000006,hybrid,1.837683,-8.092793,-1.569318,0.014259,0.028594,0.013212
57.766000000000005,hybrid,1.837380,-8.092810,-1.569930,0.014022,0.028126,0.012671
57.800000000000004,hybrid,1.837380,-8.093530,-1.569931,0.014022,0.028254,0.012953
57.800000000000004,hybrid,1.837111,-8.091535,-1.570410,0.013787,0.027236,0.011862
57.834,hybrid,1.837112,-8.092307,-1.570408,0.013788,0.027378,0.012184
57.834,hybrid,1.837112,-8.092307,-1.570408,0.013788,0.027378,0.012184
57.868,hybrid,1.837142,-8.093015,-1.569596,0.013612,0.027083,0.011641
57.902,hybrid,1.837143,-8.093544,-1.569597,0.013612,0.027180,0.011867
57.902,hybrid,1.837137,-8.091138,-1.569808,0.013575,0.026049,0.011382
57.93600000000001,hybrid,1.837137,-8.091706,-1.569808,0.013575,0.026157,0.011629
57.93600000000001,hybrid,1.837137,-8.091706,-1.569808,0.013575,0.026157,0.011629
57.970000000000006,hybrid,1.837273,-8.091834,-1.569816,0.013412,0.025856,0.011288
58.004000000000005,hybrid,1.837273,-8.092277,-1.569816,0.013412,0.025941,0.011483
58.004000000000005,hybrid,1.837302,-8.091144,-1.570024,0.013322,0.025124,0.011039
58.038000000000004,hybrid,1.837303,-8.091612,-1.570023,0.013322,0.025217,0.011250
58.038000000000004,hybrid,1.837303,-8.091612,-1.570023,0.013322,0.025217,0.011250
58.072,hybrid,1.837414,-8.091498,-1.570509,0.013188,0.024655,0.010831
58.106,hybrid,1.837414,-8.091862,-1.570509,0.013189,0.024728,0.010997
58.106,hybrid,1.837414,-8.091862,-1.570509,0.013100,0.024256,0.010520
58.14,hybrid,1.837414,-8.092215,-1.570507,0.013100,0.024329,0.010689
58.14,hybrid,1.837414,-8.092215,-1.570507,0.013100,0.024329,0.010689
58.17400000000001,hybrid,1.837781,-8.091978,-1.571168,0.012962,0.023998,0.010125
58.208000000000006,hybrid,1.837781,-8.092296,-1.571167,0.012962,0.024064,0.010282
58.208000000000006,hybrid,1.838192,-8.092179,-1.570867,0.012858,0.023766,0.009910
58.242000000000004,hybrid,1.838192,-8.092440,-1.570865,0.012858,0.023821,0.010042
58.242000000000004,hybrid,1.838192,-8.092440,-1.570865,0.012858,0.023821,0.010042
58.276,hybrid,1.838170,-8.093064,-1.570668,0.012790,0.023542,0.009711
58.31,hybrid,1.838170,-8.093351,-1.570665,0.012790,0.023604,0.009861
58.31,hybrid,1.838143,-8.092394,-1.570733,0.012675,0.023089,0.009564
58.344,hybrid,1.838143,-8.092622,-1.570731,0.012675,0.023138,0.009684
58.344,hybrid,1.838143,-8.092622,-1.570731,0.012675,0.023138,0.009684
58.378,hybrid,1.838286,-8.092612,-1.570859,0.012590,0.022844,0.009407
58.412000000000006,hybrid,1.838286,-8.092843,-1.570857,0.012590,0.022895,0.009532
58.412000000000006,hybrid,1.838345,-8.092346,-1.571024,0.012538,0.022425,0.009213
58.446000000000005,hybrid,1.838345,-8.092541,-1.571022,0.012539,0.022468,0.009320
58.446000000000005,hybrid,1.838345,-8.092541,-1.571022,0.012539,0.022468,0.009320
58.480000000000004,hybrid,1.838472,-8.090649,-1.571051,0.012412,0.021725,0.008972
58.480000000000004,hybrid,1.838472,-8.090649,-1.571051,0.012412,0.021725,0.008972
58.514,hybrid,1.838649,-8.090402,-1.571340,0.012307,0.021318,0.008704
58.548,hybrid,1.838649,-8.090571,-1.571337,0.012307,0.021358,0.008804
58.548,hybrid,1.838649,-8.090571,-1.571337,0.012307,0.021358,0.008804
58.582,hybrid,1.838649,-8.090701,-1.571336,0.012224,0.021047,0.008669
58.582,hybrid,1.838649,-8.090701,-1.571336,0.012224,0.021047,0.008669
58.61600000000001,hybrid,1.838720,-8.090819,-1.572203,0.012143,0.020625,0.008268
58.650000000000006,hybrid,1.838720,-8.090960,-1.572201,0.012143,0.020660,0.008356
58.650000000000006,hybrid,1.838672,-8.090728,-1.572128,0.012063,0.020372,0.008161
58.684000000000005,hybrid,1.838672,-8.090846,-1.572126,0.012063,0.020401,0.008236
58.718,hybrid,1.838671,-8.090951,-1.572124,0.012063,0.020426,0.008301
58.718,hybrid,1.839085,-8.090860,-1.571625,0.011991,0.020051,0.007876
58.752,hybrid,1.839085,-8.090977,-1.571622,0.011991,0.020080,0.007954
58.752,hybrid,1.839132,-8.090732,-1.571669,0.011913,0.019798,0.007812
58.786,hybrid,1.839132,-8.090827,-1.571667,0.011913,0.019822,0.007875
58.82,hybrid,1.839132,-8.090907,-1.571665,0.011913,0.019842,0.007928
58.82,hybrid,1.839085,-8.091071,-1.571920,0.011851,0.019649,0.007761
58.854000000000006,hybrid,1.839085,-8.091153,-1.571918,0.011851,0.019669,0.007816
58.854000000000006,hybrid,1.839076,-8.091276,-1.572426,0.011743,0.019387,0.007522
58.888000000000005,hybrid,1.839076,-8.091359,-1.572424,0.011743,0.019409,0.007580
58.922000000000004,hybrid,1.839076,-8.091434,-1.572421,0.011743,0.019428,0.007633
58.922000000000004,hybrid,1.839069,-8.091450,-1.572486,0.011623,0.019173,0.007414
58.956,hybrid,1.839069,-8.091516,-1.572484,0.011623,0.019190,0.007461
