t,estimator,x,y,yaw,std_x,std_y,std_yaw
0.02,ground_truth,0.000000,-0.000000,-0.000000,0.000000,0.000000,0.000000
0.04,ground_truth,0.000000,-0.000000,-0.000000,0.000000,0.000000,0.000000
0.060000000000000005,ground_truth,0.000000,-0.000000,-0.000000,0.000000,0.000000,0.000000
0.08,ground_truth,0.000000,-0.000000,-0.000000,0.000000,0.000000,0.000000
0.1,ground_truth,0.000000,-0.000000,-0.000000,0.000000,0.000000,0.000000
0.12000000000000001,ground_truth,0.000000,-0.000000,-0.000000,0.000000,0.000000,0.000000
0.14,ground_truth,0.000000,-0.000000,-0.000000,0.000000,0.000000,0.000000
0.16,ground_truth,0.000000,-0.000000,-0.000000,0.000000,0.000000,0.000000
0.18000000000000002,ground_truth,0.000000,-0.000000,-0.000000,0.000000,0.000000,0.000000
0.2,ground_truth,0.000000,-0.000000,-0.000000,0.000000,0.000000,0.000000
0.22,ground_truth,0.000000,-0.000000,-0.000000,0.000000,0.000000,0.000000
0.24000000000000002,ground_truth,0.000000,-0.000000,-0.000000,0.000000,0.000000,0.000000
0.26,ground_truth,0.000000,-0.000000,-0.000000,0.000000,0.000000,0.000000
0.28,ground_truth,0.000000,-0.000000,-0.000000,0.000000,0.000000,0.000000
0.30000000000000004,ground_truth,0.000000,-0.000000,-0.000000,0.000000,0.000000,0.000000
0.32,ground_truth,0.000000,-0.000000,-0.000000,0.000000,0.000000,0.000000
0.34,ground_truth,0.000000,-0.000000,-0.000000,0.000000,0.000000,0.000000
0.36000000000000004,ground_truth,0.000000,-0.000000,-0.000000,0.000000,0.000000,0.000000
0.38,ground_truth,0.000000,-0.000000,-0.000000,0.000000,0.000000,0.000000
0.4,ground_truth,0.000000,-0.000000,-0.000000,0.000000,0.000000,0.000000
0.42000000000000004,ground_truth,0.000000,-0.000000,-0.000000,0.000000,0.000000,0.000000
0.44,ground_truth,0.000000,-0.000000,-0.000000,0.000000,0.000000,0.000000
0.46,ground_truth,0.000000,-0.000000,-0.000000,0.000000,0.000000,0.000000
0.48000000000000004,ground_truth,0.000000,-0.000000,-0.000000,0.000000,0.000000,0.000000
0.5,ground_truth,0.000000,-0.000000,-0.000000,0.000000,0.000000,0.000000
0.52,ground_truth,0.000000,-0.000000,-0.000000,0.000000,0.000000,0.000000
0.54,ground_truth,0.000000,-0.000000,-0.000000,0.000000,0.000000,0.000000
0.56,ground_truth,0.000000,-0.000000,-0.000000,0.000000,0.000000,0.000000
0.5800000000000001,ground_truth,0.000000,-0.000000,-0.000000,0.000000,0.000000,0.000000
0.6000000000000001,ground_truth,0.000000,-0.000000,-0.000000,0.000000,0.000000,0.000000
0.62,ground_truth,0.000000,-0.000000,-0.000000,0.000000,0.000000,0.000000
0.64,ground_truth,0.000000,-0.000000,-0.000000,0.000000,0.000000,0.000000
0.66,ground_truth,0.000000,-0.000000,-0.000000,0.000000,0.000000,0.000000
0.68,ground_truth,0.000000,-0.000000,-0.000000,0.000000,0.000000,0.000000
0.7000000000000001,ground_truth,0.000000,-0.000000,-0.000000,0.000000,0.000000,0.000000
0.7200000000000001,ground_truth,0.000000,-0.000000,-0.000000,0.000000,0.000000,0.000000
0.74,ground_truth,0.000000,-0.000000,-0.000000,0.000000,0.000000,0.000000
0.76,ground_truth,0.000000,-0.000000,-0.000000,0.000000,0.000000,0.000000
0.78,ground_truth,0.000000,-0.000000,-0.000000,0.000000,0.000000,0.000000
0.8,ground_truth,0.000000,-0.000000,-0.000000,0.000000,0.000000,0.000000
0.8200000000000001,ground_truth,0.000000,-0.000000,-0.000000,0.000000,0.000000,0.000000
0.8400000000000001,ground_truth,0.000000,-0.000000,-0.000000,0.000000,0.000000,0.000000
0.8600000000000001,ground_truth,0.000000,-0.000000,-0.000000,0.000000,0.000000,0.000000
0.88,ground_truth,0.000000,-0.000000,-0.000000,0.000000,0.000000,0.000000
0.9,ground_truth,0.000000,-0.000000,-0.000000,0.000000,0.000000,0.000000
0.92,ground_truth,0.000000,-0.000000,-0.000000,0.000000,0.000000,0.000000
0.9400000000000001,ground_truth,0.000000,-0.000000,-0.000000,0.000000,0.000000,0.000000
0.9600000000000001,ground_truth,0.000000,-0.000000,-0.000000,0.000000,0.000000,0.000000
0.9800000000000001,ground_truth,0.000000,-0.000000,-0.000000,0.000000,0.000000,0.000000
1.0,ground_truth,0.000000,-0.000000,-0.000000,0.000000,0.000000,0.000000
1.02,ground_truth,0.000000,-0.000000,-0.000000,0.000000,0.000000,0.000000
1.04,ground_truth,0.000000,-0.000000,-0.000000,0.000000,0.000000,0.000000
1.06,ground_truth,0.000000,-0.000000,-0.000000,0.000000,0.000000,0.000000
1.08,ground_truth,0.000000,-0.000000,-0.000000,0.000000,0.000000,0.000000
1.1,ground_truth,0.000000,-0.000000,-0.000000,0.000000,0.000000,0.000000
1.12,ground_truth,0.000000,-0.000000,-0.000000,0.000000,0.000000,0.000000
1.1400000000000001,ground_truth,0.000000,-0.000000,-0.000000,0.000000,0.000000,0.000000
1.1600000000000001,ground_truth,0.000000,-0.000000,-0.000000,0.000000,0.000000,0.000000
1.1800000000000002,ground_truth,0.000000,-0.000000,-0.000000,0.000000,0.000000,0.000000
1.2000000000000002,ground_truth,0.000000,-0.000000,-0.000000,0.000000,0.000000,0.000000
1.22,ground_truth,0.000000,-0.000000,-0.000000,0.000000,0.000000,0.000000
1.24,ground_truth,0.000000,-0.000000,-0.000000,0.000000,0.000000,0.000000
1.26,ground_truth,0.000000,-0.000000,-0.000000,0.000000,0.000000,0.000000
1.28,ground_truth,0.000000,-0.000000,-0.000000,0.000000,0.000000,0.000000
1.3,ground_truth,0.000000,-0.000000,-0.000000,0.000000,0.000000,0.000000
1.32,ground_truth,0.000000,-0.000000,-0.000000,0.000000,0.000000,0.000000
1.34,ground_truth,0.000000,-0.000000,-0.000000,0.000000,0.000000,0.000000
1.36,ground_truth,0.000000,-0.000000,-0.000000,0.000000,0.000000,0.000000
1.3800000000000001,ground_truth,0.000000,-0.000000,-0.000000,0.000000,0.000000,0.000000
1.4000000000000001,ground_truth,0.000000,-0.000000,-0.000000,0.000000,0.000000,0.000000
1.4200000000000002,ground_truth,0.000000,-0.000000,-0.000000,0.000000,0.000000,0.000000
1.4400000000000002,ground_truth,0.000000,-0.000000,-0.000000,0.000000,0.000000,0.000000
1.4600000000000002,ground_truth,0.000000,-0.000000,-0.000000,0.000000,0.000000,0.000000
1.48,ground_truth,0.000000,-0.000000,-0.000000,0.000000,0.000000,0.000000
1.5,ground_truth,0.000000,-0.000000,-0.000000,0.000000,0.000000,0.000000
1.52,ground_truth,0.000000,-0.000000,-0.000000,0.000000,0.000000,0.000000
1.54,ground_truth,0.000000,-0.000000,-0.000000,0.000000,0.000000,0.000000
1.56,ground_truth,0.000000,-0.000000,-0.000000,0.000000,0.000000,0.000000
1.58,ground_truth,0.000000,-0.000000,-0.000000,0.000000,0.000000,0.000000
1.6,ground_truth,0.000000,-0.000000,-0.000000,0.000000,0.000000,0.000000
1.62,ground_truth,0.000000,-0.000000,-0.000000,0.000000,0.000000,0.000000
1.6400000000000001,ground_truth,0.000000,-0.000000,-0.000000,0.000000,0.000000,0.000000
1.6600000000000001,ground_truth,0.000000,-0.000000,-0.000000,0.000000,0.000000,0.000000
1.6800000000000002,ground_truth,0.000000,-0.000000,-0.000000,0.000000,0.000000,0.000000
1.7000000000000002,ground_truth,0.000000,-0.000000,-0.000000,0.000000,0.000000,0.000000
1.7200000000000002,ground_truth,0.000000,-0.000000,-0.000000,0.000000,0.000000,0.000000
1.7400000000000002,ground_truth,0.000000,-0.000000,-0.000000,0.000000,0.000000,0.000000
1.76,ground_truth,0.000000,-0.000000,-0.000000,0.000000,0.000000,0.000000
1.78,ground_truth,0.000000,-0.000000,-0.000000,0.000000,0.000000,0.000000
1.8,ground_truth,0.000000,-0.000000,-0.000000,0.000000,0.000000,0.000000
1.82,ground_truth,0.000000,-0.000000,-0.000000,0.000000,0.000000,0.000000
1.84,ground_truth,0.000000,-0.000000,-0.000000,0.000000,0.000000,0.000000
1.86,ground_truth,0.000000,-0.000000,-0.000000,0.000000,0.000000,0.000000
1.8800000000000001,ground_truth,0.000000,-0.000000,-0.000000,0.000000,0.000000,0.000000
1.9000000000000001,ground_truth,0.000000,-0.000000,-0.000000,0.000000,0.000000,0.000000
1.9200000000000002,ground_truth,0.000000,-0.000000,-0.000000,0.000000,0.000000,0.000000
1.9400000000000002,ground_truth,0.000000,-0.000000,-0.000000,0.000000,0.000000,0.000000
1.9600000000000002,ground_truth,0.000000,-0.000000,-0.000000,0.000000,0.000000,0.000000
1.9800000000000002,ground_truth,0.000000,-0.000000,-0.000000,0.000000,0.000000,0.000000
2.0,ground_truth,0.000000,-0.000000,-0.000000,0.000000,0.000000,0.000000
2.02,ground_truth,0.000000,-0.000000,-0.000000,0.000000,0.000000,0.000000
2.04,ground_truth,0.000000,-0.000000,-0.000000,0.000000,0.000000,0.000000
2.06,ground_truth,0.000000,-0.000000,-0.000000,0.000000,0.000000,0.000000
2.08,ground_truth,0.000000,-0.000000,-0.000000,0.000000,0.000000,0.000000
2.1,ground_truth,0.000000,-0.000000,-0.000000,0.000000,0.000000,0.000000
2.12,ground_truth,0.000000,-0.000000,-0.000000,0.000000,0.000000,0.000000
2.14,ground_truth,0.000000,-0.000000,-0.000000,0.000000,0.000000,0.000000
2.16,ground_truth,0.000000,-0.000000,-0.000000,0.000000,0.000000,0.000000
2.18,ground_truth,0.000000,-0.000000,-0.000000,0.000000,0.000000,0.000000
2.2,ground_truth,0.000000,-0.000000,-0.000000,0.000000,0.000000,0.000000
2.22,ground_truth,0.000000,-0.000000,-0.000000,0.000000,0.000000,0.000000
2.24,ground_truth,0.000000,-0.000000,-0.000000,0.000000,0.000000,0.000000
2.2600000000000002,ground_truth,0.000000,-0.000000,-0.000000,0.000000,0.000000,0.000000
2.2800000000000002,ground_truth,0.000000,-0.000000,-0.000000,0.000000,0.000000,0.000000
2.3000000000000003,ground_truth,0.000000,-0.000000,-0.000000,0.000000,0.000000,0.000000
2.3200000000000003,ground_truth,0.000000,-0.000000,-0.000000,0.000000,0.000000,0.000000
2.3400000000000003,ground_truth,0.000000,-0.000000,-0.000000,0.000000,0.000000,0.000000
2.3600000000000003,ground_truth,0.000000,-0.000000,-0.000000,0.000000,0.000000,0.000000
2.3800000000000003,ground_truth,0.000000,-0.000000,-0.000000,0.000000,0.000000,0.000000
2.4000000000000004,ground_truth,0.000000,-0.000000,-0.000000,0.000000,0.000000,0.000000
2.42,ground_truth,0.000000,-0.000000,-0.000000,0.000000,0.000000,0.000000
2.44,ground_truth,0.000000,-0.000000,-0.000000,0.000000,0.000000,0.000000
2.46,ground_truth,0.000000,-0.000000,-0.000000,0.000000,0.000000,0.000000
2.48,ground_truth,0.000000,-0.000000,-0.000000,0.000000,0.000000,0.000000
2.5,ground_truth,0.000000,-0.000000,-0.000000,0.000000,0.000000,0.000000
2.52,ground_truth,0.000000,-0.000000,-0.000000,0.000000,0.000000,0.000000
2.54,ground_truth,0.000000,-0.000000,-0.000000,0.000000,0.000000,0.000000
2.56,ground_truth,0.000000,-0.000000,-0.000000,0.000000,0.000000,0.000000
2.58,ground_truth,0.000000,-0.000000,-0.000000,0.000000,0.000000,0.000000
2.6,ground_truth,0.000000,-0.000000,-0.000000,0.000000,0.000000,0.000000
2.62,ground_truth,0.000000,-0.000000,-0.000000,0.000000,0.000000,0.000000
2.64,ground_truth,0.000000,-0.000000,-0.000000,0.000000,0.000000,0.000000
2.66,ground_truth,0.000000,-0.000000,-0.000000,0.000000,0.000000,0.000000
2.68,ground_truth,0.000000,-0.000000,-0.000000,0.000000,0.000000,0.000000
2.7,ground_truth,0.000000,-0.000000,-0.000000,0.000000,0.000000,0.000000
2.72,ground_truth,0.000000,-0.000000,-0.000000,0.000000,0.000000,0.000000
2.74,ground_truth,0.000000,-0.000000,-0.000000,0.000000,0.000000,0.000000
2.7600000000000002,ground_truth,0.000000,-0.000000,-0.000000,0.000000,0.000000,0.000000
2.7800000000000002,ground_truth,0.000000,-0.000000,-0.000000,0.000000,0.000000,0.000000
2.8000000000000003,ground_truth,0.000000,-0.000000,-0.000000,0.000000,0.000000,0.000000
2.8200000000000003,ground_truth,0.000000,-0.000000,-0.000000,0.000000,0.000000,0.000000
2.8400000000000003,ground_truth,0.000000,-0.000000,-0.000000,0.000000,0.000000,0.000000
2.8600000000000003,ground_truth,0.000000,-0.000000,-0.000000,0.000000,0.000000,0.000000
2.8800000000000003,ground_truth,0.000000,-0.000000,-0.000000,0.000000,0.000000,0.000000
2.9000000000000004,ground_truth,0.000000,-0.000000,-0.000000,0.000000,0.000000,0.000000
2.9200000000000004,ground_truth,0.000000,-0.000000,-0.000000,0.000000,0.000000,0.000000
2.9400000000000004,ground_truth,0.000000,-0.000000,-0.000000,0.000000,0.000000,0.000000
2.96,ground_truth,0.000000,-0.000000,-0.000000,0.000000,0.000000,0.000000
2.98,ground_truth,0.000000,-0.000000,-0.000000,0.000000,0.000000,0.000000
3.0,ground_truth,0.000000,-0.000000,-0.000000,0.000000,0.000000,0.000000
3.02,ground_truth,0.000000,-0.000000,-0.000000,0.000000,0.000000,0.000000
3.04,ground_truth,0.000000,-0.000000,-0.000000,0.000000,0.000000,0.000000
3.06,ground_truth,0.000000,-0.000000,-0.000000,0.000000,0.000000,0.000000
3.08,ground_truth,0.000000,-0.000000,-0.000000,0.000000,0.000000,0.000000
3.1,ground_truth,0.000000,-0.000000,-0.000000,0.000000,0.000000,0.000000
3.12,ground_truth,0.000000,-0.000000,-0.000000,0.000000,0.000000,0.000000
3.14,ground_truth,0.000000,-0.000000,-0.000000,0.000000,0.000000,0.000000
3.16,ground_truth,0.000000,-0.000000,-0.000000,0.000000,0.000000,0.000000
3.18,ground_truth,0.000000,-0.000000,-0.000000,0.000000,0.000000,0.000000
3.2,ground_truth,0.000000,-0.000000,-0.000000,0.000000,0.000000,0.000000
3.22,ground_truth,0.000000,-0.000000,-0.000000,0.000000,0.000000,0.000000
3.24,ground_truth,0.000000,-0.000000,-0.000000,0.000000,0.000000,0.000000
3.2600000000000002,ground_truth,0.000000,-0.000000,-0.000000,0.000000,0.000000,0.000000
3.2800000000000002,ground_truth,0.000000,-0.000000,-0.000000,0.000000,0.000000,0.000000
3.3000000000000003,ground_truth,0.000000,-0.000000,-0.000000,0.000000,0.000000,0.000000
3.3200000000000003,ground_truth,0.000000,-0.000000,-0.000000,0.000000,0.000000,0.000000
3.3400000000000003,ground_truth,0.000000,-0.000000,-0.000000,0.000000,0.000000,0.000000
3.3600000000000003,ground_truth,0.000000,-0.000000,-0.000000,0.000000,0.000000,0.000000
3.3800000000000003,ground_truth,0.000000,-0.000000,-0.000000,0.000000,0.000000,0.000000
3.4000000000000004,ground_truth,0.000000,-0.000000,-0.000000,0.000000,0.000000,0.000000
3.4200000000000004,ground_truth,0.000000,-0.000000,-0.000000,0.000000,0.000000,0.000000
3.4400000000000004,ground_truth,0.000000,-0.000000,-0.000000,0.000000,0.000000,0.000000
3.4600000000000004,ground_truth,0.000000,-0.000000,-0.000000,0.000000,0.000000,0.000000
3.4800000000000004,ground_truth,0.000000,-0.000000,-0.000000,0.000000,0.000000,0.000000
3.5,ground_truth,0.000000,-0.000000,-0.000000,0.000000,0.000000,0.000000
3.52,ground_truth,0.000000,-0.000000,-0.000000,0.000000,0.000000,0.000000
3.54,ground_truth,0.000000,-0.000000,-0.000000,0.000000,0.000000,0.000000
3.56,ground_truth,0.000000,-0.000000,-0.000000,0.000000,0.000000,0.000000
3.58,ground_truth,0.000000,-0.000000,-0.000000,0.000000,0.000000,0.000000
3.6,ground_truth,0.000000,-0.000000,-0.000000,0.000000,0.000000,0.000000
3.62,ground_truth,0.000000,-0.000000,-0.000000,0.000000,0.000000,0.000000
3.64,ground_truth,0.000000,-0.000000,-0.000000,0.000000,0.000000,0.000000
3.66,ground_truth,0.000000,-0.000000,-0.000000,0.000000,0.000000,0.000000
3.68,ground_truth,0.000000,-0.000000,-0.000000,0.000000,0.000000,0.000000
3.7,ground_truth,0.000000,-0.000000,-0.000000,0.000000,0.000000,0.000000
3.72,ground_truth,0.000000,-0.000000,-0.000000,0.000000,0.000000,0.000000
3.74,ground_truth,0.000000,-0.000000,-0.000000,0.000000,0.000000,0.000000
3.7600000000000002,ground_truth,0.000000,-0.000000,-0.000000,0.000000,0.000000,0.000000
3.7800000000000002,ground_truth,0.000000,-0.000000,-0.000000,0.000000,0.000000,0.000000
3.8000000000000003,ground_truth,0.000000,-0.000000,-0.000000,0.000000,0.000000,0.000000
3.8200000000000003,ground_truth,0.000000,-0.000000,-0.000000,0.000000,0.000000,0.000000
3.8400000000000003,ground_truth,0.000000,-0.000000,-0.000000,0.000000,0.000000,0.000000
3.8600000000000003,ground_truth,0.000000,-0.000000,-0.000000,0.000000,0.000000,0.000000
3.8800000000000003,ground_truth,0.000000,-0.000000,-0.000000,0.000000,0.000000,0.000000
3.9000000000000004,ground_truth,0.000000,-0.000000,-0.000000,0.000000,0.000000,0.000000
3.9200000000000004,ground_truth,0.000000,-0.000000,-0.000000,0.000000,0.000000,0.000000
3.9400000000000004,ground_truth,0.000000,-0.000000,-0.000000,0.000000,0.000000,0.000000
3.9600000000000004,ground_truth,0.000000,-0.000000,-0.000000,0.000000,0.000000,0.000000
3.9800000000000004,ground_truth,0.000000,-0.000000,-0.000000,0.000000,0.000000,0.000000
4.0,ground_truth,0.000000,-0.000000,-0.000000,0.000000,0.000000,0.000000
4.0200000000000005,ground_truth,0.000000,-0.000000,-0.000000,0.000000,0.000000,0.000000
4.04,ground_truth,0.000000,-0.000000,-0.000000,0.000000,0.000000,0.000000
4.0600000000000005,ground_truth,0.000000,-0.000000,-0.000000,0.000000,0.000000,0.000000
4.08,ground_truth,0.000000,-0.000000,-0.000000,0.000000,0.000000,0.000000
4.1000000000000005,ground_truth,0.000000,-0.000000,-0.000000,0.000000,0.000000,0.000000
4.12,ground_truth,0.000000,-0.000000,-0.000000,0.000000,0.000000,0.000000
4.140000000000001,ground_truth,0.000000,-0.000000,-0.000000,0.000000,0.000000,0.000000
4.16,ground_truth,0.000000,-0.000000,-0.000000,0.000000,0.000000,0.000000
4.180000000000001,ground_truth,0.000000,-0.000000,-0.000000,0.000000,0.000000,0.000000
4.2,ground_truth,0.000000,-0.000000,-0.000000,0.000000,0.000000,0.000000
4.220000000000001,ground_truth,0.000000,-0.000000,-0.000000,0.000000,0.000000,0.000000
4.24,ground_truth,0.000000,-0.000000,-0.000000,0.000000,0.000000,0.000000
4.260000000000001,ground_truth,0.000000,-0.000000,-0.000000,0.000000,0.000000,0.000000
4.28,ground_truth,0.000000,-0.000000,-0.000000,0.000000,0.000000,0.000000
4.300000000000001,ground_truth,0.000000,-0.000000,-0.000000,0.000000,0.000000,0.000000
4.32,ground_truth,0.000000,-0.000000,-0.000000,0.000000,0.000000,0.000000
4.34,ground_truth,0.000000,-0.000000,-0.000000,0.000000,0.000000,0.000000
4.36,ground_truth,0.000000,-0.000000,-0.000000,0.000000,0.000000,0.000000
4.38,ground_truth,0.000000,-0.000000,-0.000000,0.000000,0.000000,0.000000
4.4,ground_truth,0.000000,-0.000000,-0.000000,0.000000,0.000000,0.000000
4.42,ground_truth,0.000000,-0.000000,-0.000000,0.000000,0.000000,0.000000
4.44,ground_truth,0.000000,-0.000000,-0.000000,0.000000,0.000000,0.000000
4.46,ground_truth,0.000000,-0.000000,-0.000000,0.000000,0.000000,0.000000
4.48,ground_truth,0.000000,-0.000000,-0.000000,0.000000,0.000000,0.000000
4.5,ground_truth,0.000000,-0.000000,-0.000000,0.000000,0.000000,0.000000
4.5200000000000005,ground_truth,0.000000,-0.000000,-0.000000,0.000000,0.000000,0.000000
4.54,ground_truth,0.000000,-0.000000,-0.000000,0.000000,0.000000,0.000000
4.5600000000000005,ground_truth,0.000000,-0.000000,-0.000000,0.000000,0.000000,0.000000
4.58,ground_truth,0.000000,-0.000000,-0.000000,0.000000,0.000000,0.000000
4.6000000000000005,ground_truth,0.000000,-0.000000,-0.000000,0.000000,0.000000,0.000000
4.62,ground_truth,0.000000,-0.000000,-0.000000,0.000000,0.000000,0.000000
4.640000000000001,ground_truth,0.000000,-0.000000,-0.000000,0.000000,0.000000,0.000000
4.66,ground_truth,0.000000,-0.000000,-0.000000,0.000000,0.000000,0.000000
4.680000000000001,ground_truth,0.000000,-0.000000,-0.000000,0.000000,0.000000,0.000000
4.7,ground_truth,0.000000,-0.000000,-0.000000,0.000000,0.000000,0.000000
4.720000000000001,ground_truth,0.000000,-0.000000,-0.000000,0.000000,0.000000,0.000000
4.74,ground_truth,0.000000,-0.000000,-0.000000,0.000000,0.000000,0.000000
4.760000000000001,ground_truth,0.000000,-0.000000,-0.000000,0.000000,0.000000,0.000000
4.78,ground_truth,0.000000,-0.000000,-0.000000,0.000000,0.000000,0.000000
4.800000000000001,ground_truth,0.000000,-0.000000,-0.000000,0.000000,0.000000,0.000000
4.82,ground_truth,0.000000,-0.000000,-0.000000,0.000000,0.000000,0.000000
4.84,ground_truth,0.000000,-0.000000,-0.000000,0.000000,0.000000,0.000000
4.86,ground_truth,0.000000,-0.000000,-0.000000,0.000000,0.000000,0.000000
4.88,ground_truth,0.000000,-0.000000,-0.000000,0.000000,0.000000,0.000000
4.9,ground_truth,0.000000,-0.000000,-0.000000,0.000000,0.000000,0.000000
4.92,ground_truth,0.000000,-0.000000,-0.000000,0.000000,0.000000,0.000000
4.94,ground_truth,0.000000,-0.000000,-0.000000,0.000000,0.000000,0.000000
4.96,ground_truth,0.000000,-0.000000,-0.000000,0.000000,0.000000,0.000000
4.98,ground_truth,0.000000,-0.000000,-0.000000,0.000000,0.000000,0.000000
5.0,ground_truth,0.000000,-0.000000,-0.000000,0.000000,0.000000,0.000000
5.0200000000000005,ground_truth,0.000000,-0.000000,-0.000000,0.000000,0.000000,0.000000
5.04,ground_truth,0.000000,-0.000000,-0.000000,0.000000,0.000000,0.000000
5.0600000000000005,ground_truth,0.000000,-0.000000,-0.000000,0.000000,0.000000,0.000000
5.08,ground_truth,0.000000,-0.000000,-0.000000,0.000000,0.000000,0.000000
5.1000000000000005,ground_truth,0.000000,-0.000000,-0.000000,0.000000,0.000000,0.000000
5.12,ground_truth,0.000000,-0.000000,-0.000000,0.000000,0.000000,0.000000
5.140000000000001,ground_truth,0.000000,-0.000000,-0.000000,0.000000,0.000000,0.000000
5.16,ground_truth,0.000000,-0.000000,-0.000000,0.000000,0.000000,0.000000
5.180000000000001,ground_truth,0.000000,-0.000000,-0.000000,0.000000,0.000000,0.000000
5.2,ground_truth,0.000000,-0.000000,-0.000000,0.000000,0.000000,0.000000
5.220000000000001,ground_truth,0.000000,-0.000000,-0.000000,0.000000,0.000000,0.000000
5.24,ground_truth,0.000000,-0.000000,-0.000000,0.000000,0.000000,0.000000
5.260000000000001,ground_truth,0.000000,-0.000000,-0.000000,0.000000,0.000000,0.000000
5.28,ground_truth,0.000000,-0.000000,-0.000000,0.000000,0.000000,0.000000
5.300000000000001,ground_truth,0.000000,-0.000000,-0.000000,0.000000,0.000000,0.000000
5.32,ground_truth,0.000000,-0.000000,-0.000000,0.000000,0.000000,0.000000
5.340000000000001,ground_truth,0.000000,-0.000000,-0.000000,0.000000,0.000000,0.000000
5.36,ground_truth,0.000000,-0.000000,-0.000000,0.000000,0.000000,0.000000
5.38,ground_truth,0.000000,-0.000000,-0.000000,0.000000,0.000000,0.000000
5.4,ground_truth,0.000000,-0.000000,-0.000000,0.000000,0.000000,0.000000
5.42,ground_truth,0.000000,-0.000000,-0.000000,0.000000,0.000000,0.000000
5.44,ground_truth,0.000000,-0.000000,-0.000000,0.000000,0.000000,0.000000
5.46,ground_truth,0.000000,-0.000000,-0.000000,0.000000,0.000000,0.000000
5.48,ground_truth,0.000000,-0.000000,-0.000000,0.000000,0.000000,0.000000
5.5,ground_truth,0.000000,-0.000000,-0.000000,0.000000,0.000000,0.000000
5.5200000000000005,ground_truth,0.000000,-0.000000,-0.000000,0.000000,0.000000,0.000000
5.54,ground_truth,0.000000,-0.000000,-0.000000,0.000000,0.000000,0.000000
5.5600000000000005,ground_truth,0.000000,-0.000000,-0.000000,0.000000,0.000000,0.000000
5.58,ground_truth,0.000000,-0.000000,-0.000000,0.000000,0.000000,0.000000
5.6000000000000005,ground_truth,0.000000,-0.000000,-0.000000,0.000000,0.000000,0.000000
5.62,ground_truth,0.000000,-0.000000,-0.000000,0.000000,0.000000,0.000000
5.640000000000001,ground_truth,0.000000,-0.000000,-0.000000,0.000000,0.000000,0.000000
5.66,ground_truth,0.000000,-0.000000,-0.000000,0.000000,0.000000,0.000000
5.680000000000001,ground_truth,0.000000,-0.000000,-0.000000,0.000000,0.000000,0.000000
5.7,ground_truth,0.000000,-0.000000,-0.000000,0.000000,0.000000,0.000000
5.720000000000001,ground_truth,0.000000,-0.000000,-0.000000,0.000000,0.000000,0.000000
5.74,ground_truth,0.000000,-0.000000,-0.000000,0.000000,0.000000,0.000000
5.760000000000001,ground_truth,0.000000,-0.000000,-0.000000,0.000000,0.000000,0.000000
5.78,ground_truth,0.000000,-0.000000,-0.000000,0.000000,0.000000,0.000000
5.800000000000001,ground_truth,0.000000,-0.000000,-0.000000,0.000000,0.000000,0.000000
5.82,ground_truth,0.000000,-0.000000,-0.000000,0.000000,0.000000,0.000000
5.840000000000001,ground_truth,0.000000,-0.000000,-0.000000,0.000000,0.000000,0.000000
5.86,ground_truth,0.000000,-0.000000,-0.000000,0.000000,0.000000,0.000000
5.880000000000001,ground_truth,0.000000,-0.000000,-0.000000,0.000000,0.000000,0.000000
5.9,ground_truth,0.000000,-0.000000,-0.000000,0.000000,0.000000,0.000000
5.92,ground_truth,0.000000,-0.000000,-0.000000,0.000000,0.000000,0.000000
5.94,ground_truth,0.000000,-0.000000,-0.000000,0.000000,0.000000,0.000000
5.96,ground_truth,0.000000,-0.000000,-0.000000,0.000000,0.000000,0.000000
5.98,ground_truth,0.000000,-0.000000,-0.000000,0.000000,0.000000,0.000000
6.0,ground_truth,0.000000,-0.000000,-0.000000,0.000000,0.000000,0.000000
6.0200000000000005,ground_truth,0.000000,-0.000000,-0.000000,0.000000,0.000000,0.000000
6.04,ground_truth,0.000000,-0.000000,-0.000000,0.000000,0.000000,0.000000
6.0600000000000005,ground_truth,0.000000,-0.000000,-0.000000,0.000000,0.000000,0.000000
6.08,ground_truth,0.000000,-0.000000,-0.000000,0.000000,0.000000,0.000000
6.1000000000000005,ground_truth,0.000000,-0.000000,-0.000000,0.000000,0.000000,0.000000
6.12,ground_truth,0.000000,-0.000000,-0.000000,0.000000,0.000000,0.000000
6.140000000000001,ground_truth,0.000000,-0.000000,-0.000000,0.000000,0.000000,0.000000
6.16,ground_truth,0.000000,-0.000000,-0.000000,0.000000,0.000000,0.000000
6.180000000000001,ground_truth,0.000000,-0.000000,-0.000000,0.000000,0.000000,0.000000
6.2,ground_truth,0.000000,-0.000000,-0.000000,0.000000,0.000000,0.000000
6.220000000000001,ground_truth,0.000000,-0.000000,-0.000000,0.000000,0.000000,0.000000
6.24,ground_truth,0.000000,-0.000000,-0.000000,0.000000,0.000000,0.000000
6.260000000000001,ground_truth,0.000000,-0.000000,-0.000000,0.000000,0.000000,0.000000
6.28,ground_truth,0.000000,-0.000000,-0.000000,0.000000,0.000000,0.000000
6.300000000000001,ground_truth,0.000000,-0.000000,-0.000000,0.000000,0.000000,0.000000
6.32,ground_truth,0.000000,-0.000000,-0.000000,0.000000,0.000000,0.000000
6.340000000000001,ground_truth,0.000000,-0.000000,-0.000000,0.000000,0.000000,0.000000
6.36,ground_truth,0.000000,-0.000000,-0.000000,0.000000,0.000000,0.000000
6.380000000000001,ground_truth,0.000000,-0.000000,-0.000000,0.000000,0.000000,0.000000
6.4,ground_truth,0.000000,-0.000000,-0.000000,0.000000,0.000000,0.000000
6.420000000000001,ground_truth,0.000000,-0.000000,-0.000000,0.000000,0.000000,0.000000
6.44,ground_truth,0.000000,-0.000000,-0.000000,0.000000,0.000000,0.000000
6.46,ground_truth,0.000000,-0.000000,-0.000000,0.000000,0.000000,0.000000
6.48,ground_truth,0.000000,-0.000000,-0.000000,0.000000,0.000000,0.000000
6.5,ground_truth,0.000000,-0.000000,-0.000000,0.000000,0.000000,0.000000
6.5200000000000005,ground_truth,0.000000,-0.000000,-0.000000,0.000000,0.000000,0.000000
6.54,ground_truth,0.000000,-0.000000,-0.000000,0.000000,0.000000,0.000000
6.5600000000000005,ground_truth,0.000000,-0.000000,-0.000000,0.000000,0.000000,0.000000
6.58,ground_truth,0.000000,-0.000000,-0.000000,0.000000,0.000000,0.000000
6.6000000000000005,ground_truth,0.000000,-0.000000,-0.000000,0.000000,0.000000,0.000000
6.62,ground_truth,0.000000,-0.000000,-0.000000,0.000000,0.000000,0.000000
6.640000000000001,ground_truth,0.000000,-0.000000,-0.000000,0.000000,0.000000,0.000000
6.66,ground_truth,0.000000,-0.000000,-0.000000,0.000000,0.000000,0.000000
6.680000000000001,ground_truth,0.000000,-0.000000,-0.000000,0.000000,0.000000,0.000000
6.7,ground_truth,0.000000,-0.000000,-0.000000,0.000000,0.000000,0.000000
6.720000000000001,ground_truth,0.000000,-0.000000,-0.000000,0.000000,0.000000,0.000000
6.74,ground_truth,0.000000,-0.000000,-0.000000,0.000000,0.000000,0.000000
6.760000000000001,ground_truth,0.000000,-0.000000,-0.000000,0.000000,0.000000,0.000000
6.78,ground_truth,0.000000,-0.000000,-0.000000,0.000000,0.000000,0.000000
6.800000000000001,ground_truth,0.000000,-0.000000,-0.000000,0.000000,0.000000,0.000000
6.82,ground_truth,0.000000,-0.000000,-0.000000,0.000000,0.000000,0.000000
6.840000000000001,ground_truth,0.000000,-0.000000,-0.000000,0.000000,0.000000,0.000000
6.86,ground_truth,0.000000,-0.000000,-0.000000,0.000000,0.000000,0.000000
6.880000000000001,ground_truth,0.000000,-0.000000,-0.000000,0.000000,0.000000,0.000000
6.9,ground_truth,0.000000,-0.000000,-0.000000,0.000000,0.000000,0.000000
6.920000000000001,ground_truth,0.000000,-0.000000,-0.000000,0.000000,0.000000,0.000000
6.94,ground_truth,0.000000,-0.000000,-0.000000,0.000000,0.000000,0.000000
6.960000000000001,ground_truth,0.000000,-0.000000,-0.000000,0.000000,0.000000,0.000000
6.98,ground_truth,0.000000,-0.000000,-0.000000,0.000000,0.000000,0.000000
7.0,ground_truth,0.000000,-0.000000,-0.000000,0.000000,0.000000,0.000000
7.0200000000000005,ground_truth,0.000000,-0.000000,-0.000000,0.000000,0.000000,0.000000
7.04,ground_truth,0.000000,-0.000000,-0.000000,0.000000,0.000000,0.000000
7.0600000000000005,ground_truth,0.000000,-0.000000,-0.000000,0.000000,0.000000,0.000000
7.08,ground_truth,0.000000,-0.000000,-0.000000,0.000000,0.000000,0.000000
7.1000000000000005,ground_truth,0.000000,-0.000000,-0.000000,0.000000,0.000000,0.000000
7.12,ground_truth,0.000000,-0.000000,-0.000000,0.000000,0.000000,0.000000
7.140000000000001,ground_truth,0.000000,-0.000000,-0.000000,0.000000,0.000000,0.000000
7.16,ground_truth,0.000000,-0.000000,-0.000000,0.000000,0.000000,0.000000
7.180000000000001,ground_truth,0.000000,-0.000000,-0.000000,0.000000,0.000000,0.000000
7.2,ground_truth,0.000000,-0.000000,-0.000000,0.000000,0.000000,0.000000
7.220000000000001,ground_truth,0.000000,-0.000000,-0.000000,0.000000,0.000000,0.000000
7.24,ground_truth,0.000000,-0.000000,-0.000000,0.000000,0.000000,0.000000
7.260000000000001,ground_truth,0.000000,-0.000000,-0.000000,0.000000,0.000000,0.000000
7.28,ground_truth,0.000000,-0.000000,-0.000000,0.000000,0.000000,0.000000
7.300000000000001,ground_truth,0.000000,-0.000000,-0.000000,0.000000,0.000000,0.000000
7.32,ground_truth,0.000000,-0.000000,-0.000000,0.000000,0.000000,0.000000
7.340000000000001,ground_truth,0.000000,-0.000000,-0.000000,0.000000,0.000000,0.000000
7.36,ground_truth,0.000000,-0.000000,-0.000000,0.000000,0.000000,0.000000
7.380000000000001,ground_truth,0.000000,-0.000000,-0.000000,0.000000,0.000000,0.000000
7.4,ground_truth,0.000000,-0.000000,-0.000000,0.000000,0.000000,0.000000
7.420000000000001,ground_truth,0.000000,-0.000000,-0.000000,0.000000,0.000000,0.000000
7.44,ground_truth,0.000000,-0.000000,-0.000000,0.000000,0.000000,0.000000
7.460000000000001,ground_truth,0.000000,-0.000000,-0.000000,0.000000,0.000000,0.000000
7.48,ground_truth,0.000000,-0.000000,-0.000000,0.000000,0.000000,0.000000
7.500000000000001,ground_truth,0.000000,-0.000000,-0.000000,0.000000,0.000000,0.000000
7.5200000000000005,ground_truth,0.000000,-0.000000,-0.000000,0.000000,0.000000,0.000000
7.54,ground_truth,0.000000,-0.000000,-0.000000,0.000000,0.000000,0.000000
7.5600000000000005,ground_truth,0.000000,-0.000000,-0.000000,0.000000,0.000000,0.000000
7.58,ground_truth,0.000000,-0.000000,-0.000000,0.000000,0.000000,0.000000
7.6000000000000005,ground_truth,0.000000,-0.000000,-0.000000,0.000000,0.000000,0.000000
7.62,ground_truth,0.000000,-0.000000,-0.000000,0.000000,0.000000,0.000000
7.640000000000001,ground_truth,0.000000,-0.000000,-0.000000,0.000000,0.000000,0.000000
7.66,ground_truth,0.000000,-0.000000,-0.000000,0.000000,0.000000,0.000000
7.680000000000001,ground_truth,0.000000,-0.000000,-0.000000,0.000000,0.000000,0.000000
7.7,ground_truth,0.000000,-0.000000,-0.000000,0.000000,0.000000,0.000000
7.720000000000001,ground_truth,0.000000,-0.000000,-0.000000,0.000000,0.000000,0.000000
7.74,ground_truth,0.000000,-0.000000,-0.000000,0.000000,0.000000,0.000000
7.760000000000001,ground_truth,0.000000,-0.000000,-0.000000,0.000000,0.000000,0.000000
7.78,ground_truth,0.000000,-0.000000,-0.000000,0.000000,0.000000,0.000000
7.800000000000001,ground_truth,0.000000,-0.000000,-0.000000,0.000000,0.000000,0.000000
7.82,ground_truth,0.000000,-0.000000,-0.000000,0.000000,0.000000,0.000000
7.840000000000001,ground_truth,0.000000,-0.000000,-0.000000,0.000000,0.000000,0.000000
7.86,ground_truth,0.000000,-0.000000,-0.000000,0.000000,0.000000,0.000000
7.880000000000001,ground_truth,0.000000,-0.000000,-0.000000,0.000000,0.000000,0.000000
7.9,ground_truth,0.000000,-0.000000,-0.000000,0.000000,0.000000,0.000000
7.920000000000001,ground_truth,0.000000,-0.000000,-0.000000,0.000000,0.000000,0.000000
7.94,ground_truth,0.000000,-0.000000,-0.000000,0.000000,0.000000,0.000000
7.960000000000001,ground_truth,0.000000,-0.000000,-0.000000,0.000000,0.000000,0.000000
7.98,ground_truth,0.000000,-0.000000,-0.000000,0.000000,0.000000,0.000000
8.0,ground_truth,0.000000,-0.000000,-0.000000,0.000000,0.000000,0.000000
8.020000000000001,ground_truth,0.000000,-0.000000,-0.000000,0.000000,0.000000,0.000000
8.040000000000001,ground_truth,0.000000,-0.000000,-0.000000,0.000000,0.000000,0.000000
8.06,ground_truth,0.000000,-0.000000,-0.000000,0.000000,0.000000,0.000000
8.08,ground_truth,0.000000,-0.000000,-0.000000,0.000000,0.000000,0.000000
8.1,ground_truth,0.000000,-0.000000,-0.000000,0.000000,0.000000,0.000000
8.120000000000001,ground_truth,0.000000,-0.000000,-0.000000,0.000000,0.000000,0.000000
8.14,ground_truth,0.000000,-0.000000,-0.000000,0.000000,0.000000,0.000000
8.16,ground_truth,0.000000,-0.000000,-0.000000,0.000000,0.000000,0.000000
8.18,ground_truth,0.000000,-0.000000,-0.000000,0.000000,0.000000,0.000000
8.200000000000001,ground_truth,0.000000,-0.000000,-0.000000,0.000000,0.000000,0.000000
8.22,ground_truth,0.000000,-0.000000,-0.000000,0.000000,0.000000,0.000000
8.24,ground_truth,0.000000,-0.000000,-0.000000,0.000000,0.000000,0.000000
8.26,ground_truth,0.000000,-0.000000,-0.000000,0.000000,0.000000,0.000000
8.280000000000001,ground_truth,0.000000,-0.000000,-0.000000,0.000000,0.000000,0.000000
8.3,ground_truth,0.000000,-0.000000,-0.000000,0.000000,0.000000,0.000000
8.32,ground_truth,0.000000,-0.000000,-0.000000,0.000000,0.000000,0.000000
8.34,ground_truth,0.000000,-0.000000,-0.000000,0.000000,0.000000,0.000000
8.360000000000001,ground_truth,0.000000,-0.000000,-0.000000,0.000000,0.000000,0.000000
8.38,ground_truth,0.000000,-0.000000,-0.000000,0.000000,0.000000,0.000000
8.4,ground_truth,0.000000,-0.000000,-0.000000,0.000000,0.000000,0.000000
8.42,ground_truth,0.000000,-0.000000,-0.000000,0.000000,0.000000,0.000000
8.440000000000001,ground_truth,0.000000,-0.000000,-0.000000,0.000000,0.000000,0.000000
8.46,ground_truth,0.000000,-0.000000,-0.000000,0.000000,0.000000,0.000000
8.48,ground_truth,0.000000,-0.000000,-0.000000,0.000000,0.000000,0.000000
8.5,ground_truth,0.000000,-0.000000,-0.000000,0.000000,0.000000,0.000000
8.520000000000001,ground_truth,0.000000,-0.000000,-0.000000,0.000000,0.000000,0.000000
8.540000000000001,ground_truth,0.000000,-0.000000,-0.000000,0.000000,0.000000,0.000000
8.56,ground_truth,0.000000,-0.000000,-0.000000,0.000000,0.000000,0.000000
8.58,ground_truth,0.000000,-0.000000,-0.000000,0.000000,0.000000,0.000000
8.600000000000001,ground_truth,0.000000,-0.000000,-0.000000,0.000000,0.000000,0.000000
8.620000000000001,ground_truth,0.000000,-0.000000,-0.000000,0.000000,0.000000,0.000000
8.64,ground_truth,0.000000,-0.000000,-0.000000,0.000000,0.000000,0.000000
8.66,ground_truth,0.000000,-0.000000,-0.000000,0.000000,0.000000,0.000000
8.68,ground_truth,0.000000,-0.000000,-0.000000,0.000000,0.000000,0.000000
8.700000000000001,ground_truth,0.000000,-0.000000,-0.000000,0.000000,0.000000,0.000000
8.72,ground_truth,0.000000,-0.000000,-0.000000,0.000000,0.000000,0.000000
8.74,ground_truth,0.000000,-0.000000,-0.000000,0.000000,0.000000,0.000000
8.76,ground_truth,0.000000,-0.000000,-0.000000,0.000000,0.000000,0.000000
8.780000000000001,ground_truth,0.000000,-0.000000,-0.000000,0.000000,0.000000,0.000000
8.8,ground_truth,0.000000,-0.000000,-0.000000,0.000000,0.000000,0.000000
8.82,ground_truth,0.000000,-0.000000,-0.000000,0.000000,0.000000,0.000000
8.84,ground_truth,0.000000,-0.000000,-0.000000,0.000000,0.000000,0.000000
8.860000000000001,ground_truth,0.000000,-0.000000,-0.000000,0.000000,0.000000,0.000000
8.88,ground_truth,0.000000,-0.000000,-0.000000,0.000000,0.000000,0.000000
8.9,ground_truth,0.000000,-0.000000,-0.000000,0.000000,0.000000,0.000000
8.92,ground_truth,0.000000,-0.000000,-0.000000,0.000000,0.000000,0.000000
8.940000000000001,ground_truth,0.000000,-0.000000,-0.000000,0.000000,0.000000,0.000000
8.96,ground_truth,0.000000,-0.000000,-0.000000,0.000000,0.000000,0.000000
8.98,ground_truth,0.000000,-0.000000,-0.000000,0.000000,0.000000,0.000000
9.0,ground_truth,0.000000,-0.000000,-0.000000,0.000000,0.000000,0.000000
9.020000000000001,ground_truth,0.000000,-0.000000,-0.000000,0.000000,0.000000,0.000000
9.040000000000001,ground_truth,0.000000,-0.000000,-0.000000,0.000000,0.000000,0.000000
9.06,ground_truth,0.000000,-0.000000,-0.000000,0.000000,0.000000,0.000000
9.08,ground_truth,0.000000,-0.000000,-0.000000,0.000000,0.000000,0.000000
9.100000000000001,ground_truth,0.000000,-0.000000,-0.000000,0.000000,0.000000,0.000000
9.120000000000001,ground_truth,0.000000,-0.000000,-0.000000,0.000000,0.000000,0.000000
9.14,ground_truth,0.000000,-0.000000,-0.000000,0.000000,0.000000,0.000000
9.16,ground_truth,0.000000,-0.000000,-0.000000,0.000000,0.000000,0.000000
9.18,ground_truth,0.000000,-0.000000,-0.000000,0.000000,0.000000,0.000000
9.200000000000001,ground_truth,0.000000,-0.000000,-0.000000,0.000000,0.000000,0.000000
9.22,ground_truth,0.000000,-0.000000,-0.000000,0.000000,0.000000,0.000000
9.24,ground_truth,0.000000,-0.000000,-0.000000,0.000000,0.000000,0.000000
9.26,ground_truth,0.000000,-0.000000,-0.000000,0.000000,0.000000,0.000000
9.280000000000001,ground_truth,0.000000,-0.000000,-0.000000,0.000000,0.000000,0.000000
9.3,ground_truth,0.000000,-0.000000,-0.000000,0.000000,0.000000,0.000000
9.32,ground_truth,0.000000,-0.000000,-0.000000,0.000000,0.000000,0.000000
9.34,ground_truth,0.000000,-0.000000,-0.000000,0.000000,0.000000,0.000000
9.360000000000001,ground_truth,0.000000,-0.000000,-0.000000,0.000000,0.000000,0.000000
9.38,ground_truth,0.000000,-0.000000,-0.000000,0.000000,0.000000,0.000000
9.4,ground_truth,0.000000,-0.000000,-0.000000,0.000000,0.000000,0.000000
9.42,ground_truth,0.000000,-0.000000,-0.000000,0.000000,0.000000,0.000000
9.440000000000001,ground_truth,0.000000,-0.000000,-0.000000,0.000000,0.000000,0.000000
9.46,ground_truth,0.000000,-0.000000,-0.000000,0.000000,0.000000,0.000000
9.48,ground_truth,0.000000,-0.000000,-0.000000,0.000000,0.000000,0.000000
9.5,ground_truth,0.000000,-0.000000,-0.000000,0.000000,0.000000,0.000000
9.520000000000001,ground_truth,0.000000,-0.000000,-0.000000,0.000000,0.000000,0.000000
9.540000000000001,ground_truth,0.000000,-0.000000,-0.000000,0.000000,0.000000,0.000000
9.56,ground_truth,0.000000,-0.000000,-0.000000,0.000000,0.000000,0.000000
9.58,ground_truth,0.000000,-0.000000,-0.000000,0.000000,0.000000,0.000000
9.600000000000001,ground_truth,0.000000,-0.000000,-0.000000,0.000000,0.000000,0.000000
9.620000000000001,ground_truth,0.000000,-0.000000,-0.000000,0.000000,0.000000,0.000000
9.64,ground_truth,0.000000,-0.000000,-0.000000,0.000000,0.000000,0.000000
9.66,ground_truth,0.000000,-0.000000,-0.000000,0.000000,0.000000,0.000000
9.68,ground_truth,0.000000,-0.000000,-0.000000,0.000000,0.000000,0.000000
9.700000000000001,ground_truth,0.000000,-0.000000,-0.000000,0.000000,0.000000,0.000000
9.72,ground_truth,0.000000,-0.000000,-0.000000,0.000000,0.000000,0.000000
9.74,ground_truth,0.000000,-0.000000,-0.000000,0.000000,0.000000,0.000000
9.76,ground_truth,0.000000,-0.000000,-0.000000,0.000000,0.000000,0.000000
9.780000000000001,ground_truth,0.000000,-0.000000,-0.000000,0.000000,0.000000,0.000000
9.8,ground_truth,0.000000,-0.000000,-0.000000,0.000000,0.000000,0.000000
9.82,ground_truth,0.000000,-0.000000,-0.000000,0.000000,0.000000,0.000000
9.84,ground_truth,0.000000,-0.000000,-0.000000,0.000000,0.000000,0.000000
9.860000000000001,ground_truth,0.000000,-0.000000,-0.000000,0.000000,0.000000,0.000000
9.88,ground_truth,0.000000,-0.000000,-0.000000,0.000000,0.000000,0.000000
9.9,ground_truth,0.000000,-0.000000,-0.000000,0.000000,0.000000,0.000000
9.92,ground_truth,0.000000,-0.000000,-0.000000,0.000000,0.000000,0.000000
9.940000000000001,ground_truth,0.000000,-0.000000,-0.000000,0.000000,0.000000,0.000000
9.96,ground_truth,0.000000,-0.000000,-0.000000,0.000000,0.000000,0.000000
9.98,ground_truth,0.000000,-0.000000,-0.000000,0.000000,0.000000,0.000000
10.0,ground_truth,0.000000,-0.000000,-0.000000,0.000000,0.000000,0.000000
10.020000000000001,ground_truth,0.000194,-0.000316,0.005139,0.000000,0.000000,0.000000
10.040000000000001,ground_truth,0.000834,-0.001354,0.023166,0.000000,0.000000,0.000000
10.06,ground_truth,0.002017,-0.003149,0.052717,0.000000,0.000000,0.000000
10.08,ground_truth,0.003766,-0.005669,0.091697,0.000000,0.000000,0.000000
10.100000000000001,ground_truth,0.005744,-0.008852,0.137662,0.000000,0.000000,0.000000
10.120000000000001,ground_truth,0.007627,-0.012678,0.189005,0.000000,0.000000,0.000000
10.14,ground_truth,0.009252,-0.016854,0.244818,0.000000,0.000000,0.000000
10.16,ground_truth,0.010737,-0.021529,0.304238,0.000000,0.000000,0.000000
10.180000000000001,ground_truth,0.012010,-0.026453,0.366131,0.000000,0.000000,0.000000
10.200000000000001,ground_truth,0.013086,-0.031366,0.429875,0.000000,0.000000,0.000000
10.22,ground_truth,0.014213,-0.036256,0.494454,0.000000,0.000000,0.000000
10.24,ground_truth,0.015547,-0.041051,0.558766,0.000000,0.000000,0.000000
10.26,ground_truth,0.016835,-0.045950,0.625248,0.000000,0.000000,0.000000
10.280000000000001,ground_truth,0.017949,-0.050944,0.693273,0.000000,0.000000,0.000000
10.3,ground_truth,0.018795,-0.055512,0.755884,0.000000,0.000000,0.000000
10.32,ground_truth,0.019546,-0.059993,0.818707,0.000000,0.000000,0.000000
10.34,ground_truth,0.020243,-0.064397,0.881764,0.000000,0.000000,0.000000
10.360000000000001,ground_truth,0.021051,-0.069103,0.947416,0.000000,0.000000,0.000000
10.38,ground_truth,0.022238,-0.073476,1.013432,0.000000,0.000000,0.000000
10.4,ground_truth,0.023748,-0.076970,1.070112,0.000000,0.000000,0.000000
10.42,ground_truth,0.025493,-0.079942,1.124130,0.000000,0.000000,0.000000
10.440000000000001,ground_truth,0.027403,-0.081651,1.166699,0.000000,0.000000,0.000000
10.46,ground_truth,0.029503,-0.083185,1.212543,0.000000,0.000000,0.000000
10.48,ground_truth,0.031829,-0.084396,1.261863,0.000000,0.000000,0.000000
10.5,ground_truth,0.034476,-0.084887,1.311387,0.000000,0.000000,0.000000
10.520000000000001,ground_truth,0.037362,-0.084789,1.359716,0.000000,0.000000,0.000000
10.540000000000001,ground_truth,0.040348,-0.084117,1.401456,0.000000,0.000000,0.000000
10.56,ground_truth,0.043846,-0.082893,1.449220,0.000000,0.000000,0.000000
10.58,ground_truth,0.047646,-0.081145,1.499918,0.000000,0.000000,0.000000
10.600000000000001,ground_truth,0.051548,-0.079014,1.546517,0.000000,0.000000,0.000000
10.620000000000001,ground_truth,0.055459,-0.076493,1.590629,0.000000,0.000000,0.000000
10.64,ground_truth,0.059125,-0.073700,1.625494,0.000000,0.000000,0.000000
10.66,ground_truth,0.062912,-0.070369,1.668156,0.000000,0.000000,0.000000
10.680000000000001,ground_truth,0.066783,-0.066394,1.717278,0.000000,0.000000,0.000000
10.700000000000001,ground_truth,0.070759,-0.062101,1.770565,0.000000,0.000000,0.000000
10.72,ground_truth,0.074813,-0.057980,1.821699,0.000000,0.000000,0.000000
10.74,ground_truth,0.078642,-0.054279,1.861891,0.000000,0.000000,0.000000
10.76,ground_truth,0.081732,-0.051046,1.888539,0.000000,0.000000,0.000000
10.780000000000001,ground_truth,0.084342,-0.047874,1.910507,0.000000,0.000000,0.000000
10.8,ground_truth,0.087182,-0.044532,1.940052,0.000000,0.000000,0.000000
10.82,ground_truth,0.090114,-0.041414,1.974876,0.000000,0.000000,0.000000
10.84,ground_truth,0.092667,-0.038590,2.009072,0.000000,0.000000,0.000000
10.860000000000001,ground_truth,0.095013,-0.036020,2.044267,0.000000,0.000000,0.000000
10.88,ground_truth,0.096825,-0.033960,2.075233,0.000000,0.000000,0.000000
10.9,ground_truth,0.098748,-0.032067,2.109655,0.000000,0.000000,0.000000
10.92,ground_truth,0.100532,-0.030550,2.142904,0.000000,0.000000,0.000000
10.940000000000001,ground_truth,0.102146,-0.029427,2.174795,0.000000,0.000000,0.000000
10.96,ground_truth,0.103913,-0.028586,2.209536,0.000000,0.000000,0.000000
10.98,ground_truth,0.105683,-0.028437,2.240733,0.000000,0.000000,0.000000
11.0,ground_truth,0.107532,-0.028573,2.273279,0.000000,0.000000,0.000000
11.020000000000001,ground_truth,0.108822,-0.028670,2.298766,0.000000,0.000000,0.000000
11.040000000000001,ground_truth,0.109912,-0.028639,2.322597,0.000000,0.000000,0.000000
11.06,ground_truth,0.110469,-0.028454,2.342361,0.000000,0.000000,0.000000
11.08,ground_truth,0.110893,-0.028288,2.359560,0.000000,0.000000,0.000000
11.100000000000001,ground_truth,0.111543,-0.028150,2.377985,0.000000,0.000000,0.000000
11.120000000000001,ground_truth,0.112574,-0.028452,2.398127,0.000000,0.000000,0.000000
11.14,ground_truth,0.113970,-0.028967,2.421946,0.000000,0.000000,0.000000
11.16,ground_truth,0.115580,-0.029715,2.447027,0.000000,0.000000,0.000000
11.180000000000001,ground_truth,0.116829,-0.030360,2.465881,0.000000,0.000000,0.000000
11.200000000000001,ground_truth,0.118218,-0.030783,2.486680,0.000000,0.000000,0.000000
11.22,ground_truth,0.119230,-0.031141,2.501426,0.000000,0.000000,0.000000
11.24,ground_truth,0.120343,-0.031320,2.517706,0.000000,0.000000,0.000000
11.260000000000002,ground_truth,0.121135,-0.030966,2.529113,0.000000,0.000000,0.000000
11.280000000000001,ground_truth,0.122066,-0.030533,2.546252,0.000000,0.000000,0.000000
11.3,ground_truth,0.123028,-0.030234,2.565159,0.000000,0.000000,0.000000
11.32,ground_truth,0.123937,-0.030492,2.580860,0.000000,0.000000,0.000000
11.34,ground_truth,0.124760,-0.030868,2.596856,0.000000,0.000000,0.000000
11.360000000000001,ground_truth,0.125134,-0.031000,2.608365,0.000000,0.000000,0.000000
11.38,ground_truth,0.125582,-0.030194,2.626020,0.000000,0.000000,0.000000
11.4,ground_truth,0.125508,-0.028409,2.648751,0.000000,0.000000,0.000000
11.42,ground_truth,0.124520,-0.027024,2.670104,0.000000,0.000000,0.000000
11.440000000000001,ground_truth,0.122814,-0.025888,2.690771,0.000000,0.000000,0.000000
11.46,ground_truth,0.120371,-0.023608,2.708753,0.000000,0.000000,0.000000
11.48,ground_truth,0.118157,-0.019985,2.726867,0.000000,0.000000,0.000000
11.5,ground_truth,0.115947,-0.015192,2.744627,0.000000,0.000000,0.000000
11.520000000000001,ground_truth,0.112012,-0.010308,2.757936,0.000000,0.000000,0.000000
11.540000000000001,ground_truth,0.107378,-0.005869,2.773424,0.000000,0.000000,0.000000
11.56,ground_truth,0.101122,-0.001388,2.786276,0.000000,0.000000,0.000000
11.58,ground_truth,0.093822,0.003204,2.801447,0.000000,0.000000,0.000000
11.600000000000001,ground_truth,0.085299,0.008105,2.817036,0.000000,0.000000,0.000000
11.620000000000001,ground_truth,0.075579,0.013317,2.832869,0.000000,0.000000,0.000000
11.64,ground_truth,0.064900,0.018205,2.847567,0.000000,0.000000,0.000000
11.66,ground_truth,0.053758,0.022667,2.859859,0.000000,0.000000,0.000000
11.680000000000001,ground_truth,0.042282,0.027127,2.872193,0.000000,0.000000,0.000000
11.700000000000001,ground_truth,0.029888,0.031540,2.883251,0.000000,0.000000,0.000000
11.72,ground_truth,0.017306,0.035891,2.897388,0.000000,0.000000,0.000000
11.74,ground_truth,0.003659,0.040145,2.909331,0.000000,0.000000,0.000000
11.760000000000002,ground_truth,-0.010694,0.044245,2.918905,0.000000,0.000000,0.000000
11.780000000000001,ground_truth,-0.025607,0.048261,2.928845,0.000000,0.000000,0.000000
11.8,ground_truth,-0.040220,0.051767,2.935139,0.000000,0.000000,0.000000
11.82,ground_truth,-0.055158,0.055148,2.940299,0.000000,0.000000,0.000000
11.84,ground_truth,-0.070576,0.058633,2.945341,0.000000,0.000000,0.000000
11.860000000000001,ground_truth,-0.085525,0.062007,2.948924,0.000000,0.000000,0.000000
11.88,ground_truth,-0.100275,0.065278,2.951977,0.000000,0.000000,0.000000
11.9,ground_truth,-0.114361,0.068282,2.953047,0.000000,0.000000,0.000000
11.92,ground_truth,-0.128475,0.071265,2.954975,0.000000,0.000000,0.000000
11.940000000000001,ground_truth,-0.142844,0.074100,2.954216,0.000000,0.000000,0.000000
11.96,ground_truth,-0.157642,0.076962,2.952429,0.000000,0.000000,0.000000
11.98,ground_truth,-0.172939,0.079948,2.951211,0.000000,0.000000,0.000000
12.0,ground_truth,-0.188670,0.083048,2.950668,0.000000,0.000000,0.000000
12.020000000000001,ground_truth,-0.204797,0.086241,2.950561,0.000000,0.000000,0.000000
12.040000000000001,ground_truth,-0.221279,0.089513,2.950811,0.000000,0.000000,0.000000
12.06,ground_truth,-0.238082,0.092848,2.951252,0.000000,0.000000,0.000000
12.08,ground_truth,-0.255227,0.096236,2.951680,0.000000,0.000000,0.000000
12.100000000000001,ground_truth,-0.272946,0.099702,2.951764,0.000000,0.000000,0.000000
12.120000000000001,ground_truth,-0.291118,0.103264,2.952256,0.000000,0.000000,0.000000
12.14,ground_truth,-0.309610,0.106877,2.952798,0.000000,0.000000,0.000000
12.16,ground_truth,-0.328399,0.110527,2.953350,0.000000,0.000000,0.000000
12.180000000000001,ground_truth,-0.347377,0.114204,2.953854,0.000000,0.000000,0.000000
12.200000000000001,ground_truth,-0.366139,0.117817,2.954034,0.000000,0.000000,0.000000
12.22,ground_truth,-0.384917,0.121425,2.954204,0.000000,0.000000,0.000000
12.24,ground_truth,-0.403434,0.124974,2.954324,0.000000,0.000000,0.000000
12.260000000000002,ground_truth,-0.422124,0.128535,2.954210,0.000000,0.000000,0.000000
12.280000000000001,ground_truth,-0.440944,0.132112,2.953985,0.000000,0.000000,0.000000
12.3,ground_truth,-0.459297,0.135637,2.954411,0.000000,0.000000,0.000000
12.32,ground_truth,-0.477707,0.139151,2.954591,0.000000,0.000000,0.000000
12.340000000000002,ground_truth,-0.495313,0.142572,2.955586,0.000000,0.000000,0.000000
12.360000000000001,ground_truth,-0.512384,0.145920,2.956867,0.000000,0.000000,0.000000
12.38,ground_truth,-0.529031,0.149177,2.957680,0.000000,0.000000,0.000000
12.4,ground_truth,-0.545785,0.152391,2.957895,0.000000,0.000000,0.000000
12.42,ground_truth,-0.562631,0.155576,2.957660,0.000000,0.000000,0.000000
12.440000000000001,ground_truth,-0.578311,0.158593,2.958267,0.000000,0.000000,0.000000
12.46,ground_truth,-0.593410,0.161448,2.958525,0.000000,0.000000,0.000000
12.48,ground_truth,-0.607367,0.163761,2.956137,0.000000,0.000000,0.000000
12.5,ground_truth,-0.622175,0.166220,2.952946,0.000000,0.000000,0.000000
12.520000000000001,ground_truth,-0.637904,0.168869,2.948495,0.000000,0.000000,0.000000
12.540000000000001,ground_truth,-0.654351,0.171726,2.943652,0.000000,0.000000,0.000000
12.56,ground_truth,-0.671339,0.174817,2.939503,0.000000,0.000000,0.000000
12.58,ground_truth,-0.688752,0.178122,2.936404,0.000000,0.000000,0.000000
12.600000000000001,ground_truth,-0.706546,0.181562,2.933088,0.000000,0.000000,0.000000
12.620000000000001,ground_truth,-0.724635,0.185168,2.930569,0.000000,0.000000,0.000000
12.64,ground_truth,-0.742967,0.188923,2.928869,0.000000,0.000000,0.000000
12.66,ground_truth,-0.761506,0.192798,2.927827,0.000000,0.000000,0.000000
12.680000000000001,ground_truth,-0.780084,0.196752,2.927591,0.000000,0.000000,0.000000
12.700000000000001,ground_truth,-0.798780,0.200761,2.927624,0.000000,0.000000,0.000000
12.72,ground_truth,-0.817341,0.204770,2.927998,0.000000,0.000000,0.000000
12.74,ground_truth,-0.836110,0.208838,2.928588,0.000000,0.000000,0.000000
12.760000000000002,ground_truth,-0.855023,0.212940,2.929257,0.000000,0.000000,0.000000
12.780000000000001,ground_truth,-0.873432,0.216911,2.929498,0.000000,0.000000,0.000000
12.8,ground_truth,-0.891675,0.220846,2.929737,0.000000,0.000000,0.000000
12.82,ground_truth,-0.909680,0.224724,2.929862,0.000000,0.000000,0.000000
12.840000000000002,ground_truth,-0.927773,0.228626,2.930144,0.000000,0.000000,0.000000
12.860000000000001,ground_truth,-0.945994,0.232557,2.930512,0.000000,0.000000,0.000000
12.88,ground_truth,-0.963553,0.236318,2.930364,0.000000,0.000000,0.000000
12.9,ground_truth,-0.981233,0.240118,2.930473,0.000000,0.000000,0.000000
12.92,ground_truth,-0.998419,0.243803,2.930356,0.000000,0.000000,0.000000
12.940000000000001,ground_truth,-1.015241,0.247423,2.930566,0.000000,0.000000,0.000000
12.96,ground_truth,-1.031496,0.250884,2.930195,0.000000,0.000000,0.000000
12.98,ground_truth,-1.047169,0.254217,2.929811,0.000000,0.000000,0.000000
13.0,ground_truth,-1.063078,0.257491,2.926941,0.000000,0.000000,0.000000
13.020000000000001,ground_truth,-1.079688,0.260997,2.924846,0.000000,0.000000,0.000000
13.040000000000001,ground_truth,-1.096851,0.264710,2.923846,0.000000,0.000000,0.000000
13.06,ground_truth,-1.114460,0.268570,2.923518,0.000000,0.000000,0.000000
13.08,ground_truth,-1.132449,0.272526,2.923247,0.000000,0.000000,0.000000
13.100000000000001,ground_truth,-1.150739,0.276564,2.923136,0.000000,0.000000,0.000000
13.120000000000001,ground_truth,-1.169271,0.280665,2.923119,0.000000,0.000000,0.000000
13.14,ground_truth,-1.187998,0.284814,2.923159,0.000000,0.000000,0.000000
13.16,ground_truth,-1.206883,0.289001,2.923215,0.000000,0.000000,0.000000
13.180000000000001,ground_truth,-1.225919,0.293216,2.923148,0.000000,0.000000,0.000000
13.200000000000001,ground_truth,-1.245074,0.297455,2.922974,0.000000,0.000000,0.000000
13.22,ground_truth,-1.264060,0.301665,2.922881,0.000000,0.000000,0.000000
13.24,ground_truth,-1.282992,0.305865,2.922804,0.000000,0.000000,0.000000
13.260000000000002,ground_truth,-1.301511,0.309982,2.922894,0.000000,0.000000,0.000000
13.280000000000001,ground_truth,-1.319843,0.314058,2.922979,0.000000,0.000000,0.000000
13.3,ground_truth,-1.338002,0.318095,2.923079,0.000000,0.000000,0.000000
13.32,ground_truth,-1.356406,0.322183,2.923142,0.000000,0.000000,0.000000
13.340000000000002,ground_truth,-1.374860,0.326267,2.922947,0.000000,0.000000,0.000000
13.360000000000001,ground_truth,-1.392605,0.330144,2.922527,0.000000,0.000000,0.000000
13.38,ground_truth,-1.410345,0.334034,2.922236,0.000000,0.000000,0.000000
13.4,ground_truth,-1.427669,0.337877,2.922494,0.000000,0.000000,0.000000
13.420000000000002,ground_truth,-1.445053,0.341729,2.922598,0.000000,0.000000,0.000000
13.440000000000001,ground_truth,-1.462461,0.345601,2.922915,0.000000,0.000000,0.000000
13.46,ground_truth,-1.478356,0.349254,2.924657,0.000000,0.000000,0.000000
13.48,ground_truth,-1.494253,0.352897,2.925608,0.000000,0.000000,0.000000
13.5,ground_truth,-1.508861,0.356269,2.926408,0.000000,0.000000,0.000000
13.520000000000001,ground_truth,-1.524034,0.359660,2.925521,0.000000,0.000000,0.000000
13.540000000000001,ground_truth,-1.540091,0.363178,2.923489,0.000000,0.000000,0.000000
13.56,ground_truth,-1.556824,0.366834,2.921043,0.000000,0.000000,0.000000
13.58,ground_truth,-1.574086,0.370620,2.918448,0.000000,0.000000,0.000000
13.600000000000001,ground_truth,-1.591760,0.374532,2.915941,0.000000,0.000000,0.000000
13.620000000000001,ground_truth,-1.609719,0.378599,2.914662,0.000000,0.000000,0.000000
13.64,ground_truth,-1.627948,0.382772,2.913947,0.000000,0.000000,0.000000
13.66,ground_truth,-1.646403,0.387025,2.913606,0.000000,0.000000,0.000000
13.680000000000001,ground_truth,-1.665056,0.391325,2.913154,0.000000,0.000000,0.000000
13.700000000000001,ground_truth,-1.683803,0.395676,2.913143,0.000000,0.000000,0.000000
13.72,ground_truth,-1.702632,0.400056,2.913323,0.000000,0.000000,0.000000
13.74,ground_truth,-1.721267,0.404415,2.914026,0.000000,0.000000,0.000000
13.760000000000002,ground_truth,-1.740078,0.408795,2.914515,0.000000,0.000000,0.000000
13.780000000000001,ground_truth,-1.759027,0.413199,2.914991,0.000000,0.000000,0.000000
13.8,ground_truth,-1.777531,0.417500,2.915542,0.000000,0.000000,0.000000
13.82,ground_truth,-1.795920,0.421773,2.916114,0.000000,0.000000,0.000000
13.840000000000002,ground_truth,-1.814041,0.425962,2.916284,0.000000,0.000000,0.000000
13.860000000000001,ground_truth,-1.832346,0.430191,2.916630,0.000000,0.000000,0.000000
13.88,ground_truth,-1.850680,0.434425,2.916995,0.000000,0.000000,0.000000
13.9,ground_truth,-1.868175,0.438414,2.916520,0.000000,0.000000,0.000000
13.920000000000002,ground_truth,-1.885773,0.442451,2.916525,0.000000,0.000000,0.000000
13.940000000000001,ground_truth,-1.903102,0.446437,2.916671,0.000000,0.000000,0.000000
13.96,ground_truth,-1.920627,0.450473,2.917042,0.000000,0.000000,0.000000
13.98,ground_truth,-1.936671,0.454148,2.916935,0.000000,0.000000,0.000000
14.0,ground_truth,-1.952591,0.457750,2.916317,0.000000,0.000000,0.000000
14.020000000000001,ground_truth,-1.967896,0.461242,2.916190,0.000000,0.000000,0.000000
14.040000000000001,ground_truth,-1.982216,0.464593,2.917154,0.000000,0.000000,0.000000
14.06,ground_truth,-1.995684,0.467746,2.917622,0.000000,0.000000,0.000000
14.08,ground_truth,-2.008434,0.470693,2.917863,0.000000,0.000000,0.000000
14.100000000000001,ground_truth,-2.020820,0.473541,2.917998,0.000000,0.000000,0.000000
14.120000000000001,ground_truth,-2.033343,0.476415,2.918207,0.000000,0.000000,0.000000
14.14,ground_truth,-2.045038,0.479070,2.918030,0.000000,0.000000,0.000000
14.16,ground_truth,-2.056541,0.481694,2.918220,0.000000,0.000000,0.000000
14.180000000000001,ground_truth,-2.066951,0.484052,2.918166,0.000000,0.000000,0.000000
14.200000000000001,ground_truth,-2.077340,0.486409,2.918230,0.000000,0.000000,0.000000
14.22,ground_truth,-2.087369,0.488681,2.918159,0.000000,0.000000,0.000000
14.24,ground_truth,-2.097150,0.490911,2.918397,0.000000,0.000000,0.000000
14.260000000000002,ground_truth,-2.106041,0.492899,2.918024,0.000000,0.000000,0.000000
14.280000000000001,ground_truth,-2.113459,0.494479,2.917600,0.000000,0.000000,0.000000
14.3,ground_truth,-2.121177,0.496173,2.917552,0.000000,0.000000,0.000000
14.32,ground_truth,-2.128676,0.497862,2.917772,0.000000,0.000000,0.000000
14.340000000000002,ground_truth,-2.135710,0.499447,2.917678,0.000000,0.000000,0.000000
14.360000000000001,ground_truth,-2.142223,0.500905,2.917491,0.000000,0.000000,0.000000
14.38,ground_truth,-2.148136,0.502190,2.917132,0.000000,0.000000,0.000000
14.4,ground_truth,-2.154664,0.503659,2.917236,0.000000,0.000000,0.000000
14.420000000000002,ground_truth,-2.160639,0.505003,2.917273,0.000000,0.000000,0.000000
14.440000000000001,ground_truth,-2.166153,0.506248,2.917203,0.000000,0.000000,0.000000
14.46,ground_truth,-2.172010,0.507586,2.917299,0.000000,0.000000,0.000000
14.48,ground_truth,-2.177014,0.508677,2.916955,0.000000,0.000000,0.000000
14.500000000000002,ground_truth,-2.181697,0.509699,2.916804,0.000000,0.000000,0.000000
14.520000000000001,ground_truth,-2.185856,0.510597,2.916617,0.000000,0.000000,0.000000
14.540000000000001,ground_truth,-2.190217,0.511577,2.916673,0.000000,0.000000,0.000000
14.56,ground_truth,-2.194757,0.512611,2.916785,0.000000,0.000000,0.000000
14.58,ground_truth,-2.198984,0.513555,2.916669,0.000000,0.000000,0.000000
14.600000000000001,ground_truth,-2.202940,0.514439,2.916646,0.000000,0.000000,0.000000
14.620000000000001,ground_truth,-2.206153,0.515114,2.916371,0.000000,0.000000,0.000000
14.64,ground_truth,-2.209785,0.515917,2.916433,0.000000,0.000000,0.000000
14.66,ground_truth,-2.212982,0.516630,2.916504,0.000000,0.000000,0.000000
14.680000000000001,ground_truth,-2.216716,0.517315,2.914801,0.000000,0.000000,0.000000
14.700000000000001,ground_truth,-2.220476,0.517644,2.905334,0.000000,0.000000,0.000000
14.72,ground_truth,-2.223885,0.517643,2.888733,0.000000,0.000000,0.000000
14.74,ground_truth,-2.226176,0.517315,2.871702,0.000000,0.000000,0.000000
14.760000000000002,ground_truth,-2.227764,0.516107,2.856276,0.000000,0.000000,0.000000
14.780000000000001,ground_truth,-2.228781,0.515097,2.839923,0.000000,0.000000,0.000000
14.8,ground_truth,-2.229869,0.514341,2.819574,0.000000,0.000000,0.000000
14.82,ground_truth,-2.230688,0.513403,2.803982,0.000000,0.000000,0.000000
14.840000000000002,ground_truth,-2.231744,0.512264,2.786712,0.000000,0.000000,0.000000
14.860000000000001,ground_truth,-2.233182,0.511214,2.774645,0.000000,0.000000,0.000000
14.88,ground_truth,-2.234581,0.510536,2.759713,0.000000,0.000000,0.000000
14.9,ground_truth,-2.235937,0.510232,2.742750,0.000000,0.000000,0.000000
14.920000000000002,ground_truth,-2.237645,0.510214,2.720429,0.000000,0.000000,0.000000
14.940000000000001,ground_truth,-2.240614,0.510609,2.693904,0.000000,0.000000,0.000000
14.96,ground_truth,-2.245254,0.511586,2.668562,0.000000,0.000000,0.000000
14.98,ground_truth,-2.250782,0.513153,2.641475,0.000000,0.000000,0.000000
15.000000000000002,ground_truth,-2.257914,0.515830,2.618226,0.000000,0.000000,0.000000
15.020000000000001,ground_truth,-2.265978,0.519571,2.598081,0.000000,0.000000,0.000000
15.040000000000001,ground_truth,-2.274555,0.523772,2.576978,0.000000,0.000000,0.000000
15.06,ground_truth,-2.283474,0.528365,2.555689,0.000000,0.000000,0.000000
15.08,ground_truth,-2.293028,0.533688,2.538112,0.000000,0.000000,0.000000
15.100000000000001,ground_truth,-2.303418,0.540046,2.522968,0.000000,0.000000,0.000000
15.120000000000001,ground_truth,-2.314662,0.547295,2.508172,0.000000,0.000000,0.000000
15.14,ground_truth,-2.326368,0.555149,2.493451,0.000000,0.000000,0.000000
15.16,ground_truth,-2.338036,0.563344,2.483200,0.000000,0.000000,0.000000
15.180000000000001,ground_truth,-2.349774,0.571613,2.472328,0.000000,0.000000,0.000000
15.200000000000001,ground_truth,-2.361287,0.580044,2.464481,0.000000,0.000000,0.000000
15.22,ground_truth,-2.373103,0.588824,2.455010,0.000000,0.000000,0.000000
15.24,ground_truth,-2.385292,0.598131,2.445191,0.000000,0.000000,0.000000
15.260000000000002,ground_truth,-2.397594,0.607566,2.435593,0.000000,0.000000,0.000000
15.280000000000001,ground_truth,-2.409560,0.616848,2.428378,0.000000,0.000000,0.000000
15.3,ground_truth,-2.420761,0.625638,2.424590,0.000000,0.000000,0.000000
15.32,ground_truth,-2.432122,0.634426,2.416894,0.000000,0.000000,0.000000
15.340000000000002,ground_truth,-2.444074,0.644051,2.409850,0.000000,0.000000,0.000000
15.360000000000001,ground_truth,-2.456552,0.654414,2.403208,0.000000,0.000000,0.000000
15.38,ground_truth,-2.469438,0.665393,2.397086,0.000000,0.000000,0.000000
15.4,ground_truth,-2.482638,0.676898,2.391782,0.000000,0.000000,0.000000
15.420000000000002,ground_truth,-2.496107,0.688857,2.387106,0.000000,0.000000,0.000000
15.440000000000001,ground_truth,-2.509702,0.701208,2.384458,0.000000,0.000000,0.000000
15.46,ground_truth,-2.523486,0.713852,2.382056,0.000000,0.000000,0.000000
15.48,ground_truth,-2.537417,0.726736,2.379791,0.000000,0.000000,0.000000
15.500000000000002,ground_truth,-2.551440,0.739828,2.378142,0.000000,0.000000,0.000000
15.520000000000001,ground_truth,-2.565529,0.753088,2.376934,0.000000,0.000000,0.000000
15.540000000000001,ground_truth,-2.579606,0.766408,2.375946,0.000000,0.000000,0.000000
15.56,ground_truth,-2.593746,0.779832,2.374939,0.000000,0.000000,0.000000
15.580000000000002,ground_truth,-2.607934,0.793351,2.374074,0.000000,0.000000,0.000000
15.600000000000001,ground_truth,-2.621898,0.806716,2.373572,0.000000,0.000000,0.000000
15.620000000000001,ground_truth,-2.635893,0.820129,2.372979,0.000000,0.000000,0.000000
15.64,ground_truth,-2.649422,0.833166,2.373237,0.000000,0.000000,0.000000
15.66,ground_truth,-2.662851,0.846118,2.373534,0.000000,0.000000,0.000000
15.680000000000001,ground_truth,-2.676230,0.859019,2.373728,0.000000,0.000000,0.000000
15.700000000000001,ground_truth,-2.689665,0.871966,2.373748,0.000000,0.000000,0.000000
15.72,ground_truth,-2.703103,0.884917,2.373703,0.000000,0.000000,0.000000
15.74,ground_truth,-2.716088,0.897488,2.374246,0.000000,0.000000,0.000000
15.760000000000002,ground_truth,-2.728722,0.909747,2.375024,0.000000,0.000000,0.000000
15.780000000000001,ground_truth,-2.741217,0.921846,2.375313,0.000000,0.000000,0.000000
15.8,ground_truth,-2.753670,0.933872,2.375364,0.000000,0.000000,0.000000
15.82,ground_truth,-2.766346,0.946074,2.374957,0.000000,0.000000,0.000000
15.840000000000002,ground_truth,-2.778218,0.957606,2.375652,0.000000,0.000000,0.000000
15.860000000000001,ground_truth,-2.789532,0.968632,2.376536,0.000000,0.000000,0.000000
15.88,ground_truth,-2.800082,0.978982,2.377645,0.000000,0.000000,0.000000
15.9,ground_truth,-2.810783,0.989567,2.380834,0.000000,0.000000,0.000000
15.920000000000002,ground_truth,-2.822294,1.000746,2.382597,0.000000,0.000000,0.000000
15.940000000000001,ground_truth,-2.834477,1.012415,2.382901,0.000000,0.000000,0.000000
15.96,ground_truth,-2.847143,1.024488,2.382740,0.000000,0.000000,0.000000
15.98,ground_truth,-2.860180,1.036888,2.382382,0.000000,0.000000,0.000000
16.0,ground_truth,-2.873500,1.049556,2.382115,0.000000,0.000000,0.000000
16.02,ground_truth,-2.887049,1.062442,2.381910,0.000000,0.000000,0.000000
16.040000000000003,ground_truth,-2.900779,1.075503,2.381808,0.000000,0.000000,0.000000
16.060000000000002,ground_truth,-2.914680,1.088748,2.382076,0.000000,0.000000,0.000000
16.080000000000002,ground_truth,-2.928674,1.102094,2.382696,0.000000,0.000000,0.000000
16.1,ground_truth,-2.942718,1.115474,2.383349,0.000000,0.000000,0.000000
16.12,ground_truth,-2.956694,1.128768,2.383923,0.000000,0.000000,0.000000
16.14,ground_truth,-2.970774,1.142151,2.384577,0.000000,0.000000,0.000000
16.16,ground_truth,-2.984921,1.155579,2.385193,0.000000,0.000000,0.000000
16.18,ground_truth,-2.998505,1.168467,2.385922,0.000000,0.000000,0.000000
16.2,ground_truth,-3.012095,1.181330,2.386503,0.000000,0.000000,0.000000
16.220000000000002,ground_truth,-3.025489,1.194019,2.387264,0.000000,0.000000,0.000000
16.240000000000002,ground_truth,-3.038772,1.206581,2.387914,0.000000,0.000000,0.000000
16.26,ground_truth,-3.052174,1.219221,2.388355,0.000000,0.000000,0.000000
16.28,ground_truth,-3.065235,1.231474,2.387990,0.000000,0.000000,0.000000
16.3,ground_truth,-3.078184,1.243632,2.387804,0.000000,0.000000,0.000000
16.32,ground_truth,-3.090902,1.255543,2.387298,0.000000,0.000000,0.000000
16.34,ground_truth,-3.103705,1.267571,2.387263,0.000000,0.000000,0.000000
16.36,ground_truth,-3.115937,1.279026,2.386778,0.000000,0.000000,0.000000
16.380000000000003,ground_truth,-3.128280,1.290699,2.387955,0.000000,0.000000,0.000000
16.400000000000002,ground_truth,-3.141000,1.302747,2.389769,0.000000,0.000000,0.000000
16.42,ground_truth,-3.154093,1.315099,2.391366,0.000000,0.000000,0.000000
16.44,ground_truth,-3.167486,1.327691,2.392807,0.000000,0.000000,0.000000
16.46,ground_truth,-3.181144,1.340467,2.393757,0.000000,0.000000,0.000000
16.48,ground_truth,-3.195010,1.353396,2.394396,0.000000,0.000000,0.000000
16.5,ground_truth,-3.209045,1.366447,2.394788,0.000000,0.000000,0.000000
16.52,ground_truth,-3.223223,1.379595,2.394803,0.000000,0.000000,0.000000
16.540000000000003,ground_truth,-3.237505,1.392827,2.394716,0.000000,0.000000,0.000000
16.560000000000002,ground_truth,-3.251872,1.406129,2.394513,0.000000,0.000000,0.000000
16.580000000000002,ground_truth,-3.266304,1.419488,2.394245,0.000000,0.000000,0.000000
16.6,ground_truth,-3.280784,1.432892,2.393952,0.000000,0.000000,0.000000
16.62,ground_truth,-3.295198,1.446239,2.393625,0.000000,0.000000,0.000000
16.64,ground_truth,-3.309653,1.459632,2.393338,0.000000,0.000000,0.000000
16.66,ground_truth,-3.323911,1.472857,2.393199,0.000000,0.000000,0.000000
16.68,ground_truth,-3.337955,1.485895,2.393202,0.000000,0.000000,0.000000
16.7,ground_truth,-3.351802,1.498751,2.393226,0.000000,0.000000,0.000000
16.720000000000002,ground_truth,-3.365869,1.511785,2.392829,0.000000,0.000000,0.000000
16.740000000000002,ground_truth,-3.380066,1.524940,2.392340,0.000000,0.000000,0.000000
16.76,ground_truth,-3.393708,1.537689,2.393116,0.000000,0.000000,0.000000
16.78,ground_truth,-3.406866,1.550041,2.394427,0.000000,0.000000,0.000000
16.8,ground_truth,-3.419458,1.561860,2.395507,0.000000,0.000000,0.000000
16.82,ground_truth,-3.432220,1.573740,2.395708,0.000000,0.000000,0.000000
16.84,ground_truth,-3.445166,1.585733,2.395308,0.000000,0.000000,0.000000
16.86,ground_truth,-3.457745,1.597400,2.395226,0.000000,0.000000,0.000000
16.880000000000003,ground_truth,-3.470303,1.609062,2.395388,0.000000,0.000000,0.000000
16.900000000000002,ground_truth,-3.481766,1.619808,2.396373,0.000000,0.000000,0.000000
16.92,ground_truth,-3.493220,1.630500,2.396769,0.000000,0.000000,0.000000
16.94,ground_truth,-3.504303,1.640809,2.397154,0.000000,0.000000,0.000000
16.96,ground_truth,-3.514686,1.650478,2.397544,0.000000,0.000000,0.000000
16.98,ground_truth,-3.525143,1.660166,2.397392,0.000000,0.000000,0.000000
17.0,ground_truth,-3.534641,1.669024,2.397812,0.000000,0.000000,0.000000
17.02,ground_truth,-3.543966,1.677707,2.398063,0.000000,0.000000,0.000000
17.040000000000003,ground_truth,-3.552627,1.685820,2.398464,0.000000,0.000000,0.000000
17.060000000000002,ground_truth,-3.561114,1.693724,2.398692,0.000000,0.000000,0.000000
17.080000000000002,ground_truth,-3.569531,1.701497,2.398433,0.000000,0.000000,0.000000
17.1,ground_truth,-3.576861,1.708348,2.398970,0.000000,0.000000,0.000000
17.12,ground_truth,-3.584326,1.715265,2.398783,0.000000,0.000000,0.000000
17.14,ground_truth,-3.590818,1.721353,2.399170,0.000000,0.000000,0.000000
17.16,ground_truth,-3.597498,1.727548,2.398914,0.000000,0.000000,0.000000
17.18,ground_truth,-3.604055,1.733600,2.398586,0.000000,0.000000,0.000000
17.200000000000003,ground_truth,-3.609993,1.739100,2.398554,0.000000,0.000000,0.000000
17.220000000000002,ground_truth,-3.615951,1.744595,2.398341,0.000000,0.000000,0.000000
17.240000000000002,ground_truth,-3.621460,1.749703,2.398319,0.000000,0.000000,0.000000
17.26,ground_truth,-3.627214,1.754991,2.397766,0.000000,0.000000,0.000000
17.28,ground_truth,-3.632775,1.760108,2.397344,0.000000,0.000000,0.000000
17.3,ground_truth,-3.637466,1.764517,2.397809,0.000000,0.000000,0.000000
17.32,ground_truth,-3.642120,1.768857,2.397559,0.000000,0.000000,0.000000
17.34,ground_truth,-3.646187,1.772669,2.397678,0.000000,0.000000,0.000000
17.36,ground_truth,-3.650123,1.776329,2.397624,0.000000,0.000000,0.000000
17.380000000000003,ground_truth,-3.653874,1.779734,2.397126,0.000000,0.000000,0.000000
17.400000000000002,ground_truth,-3.657685,1.783217,2.396719,0.000000,0.000000,0.000000
17.42,ground_truth,-3.661821,1.787003,2.396032,0.000000,0.000000,0.000000
17.44,ground_truth,-3.665405,1.790388,2.396397,0.000000,0.000000,0.000000
17.46,ground_truth,-3.669077,1.793804,2.396108,0.000000,0.000000,0.000000
17.48,ground_truth,-3.672199,1.796745,2.396222,0.000000,0.000000,0.000000
17.5,ground_truth,-3.675362,1.799688,2.396093,0.000000,0.000000,0.000000
17.52,ground_truth,-3.678557,1.802629,2.395726,0.000000,0.000000,0.000000
17.540000000000003,ground_truth,-3.681267,1.805144,2.395678,0.000000,0.000000,0.000000
17.560000000000002,ground_truth,-3.684031,1.807692,2.395384,0.000000,0.000000,0.000000
17.580000000000002,ground_truth,-3.686252,1.809560,2.392471,0.000000,0.000000,0.000000
17.6,ground_truth,-3.688511,1.810864,2.380968,0.000000,0.000000,0.000000
17.62,ground_truth,-3.690734,1.811500,2.359352,0.000000,0.000000,0.000000
17.64,ground_truth,-3.692524,1.811573,2.332936,0.000000,0.000000,0.000000
17.66,ground_truth,-3.694110,1.811276,2.301502,0.000000,0.000000,0.000000
17.68,ground_truth,-3.695293,1.810873,2.270692,0.000000,0.000000,0.000000
17.700000000000003,ground_truth,-3.696448,1.810249,2.240394,0.000000,0.000000,0.000000
17.720000000000002,ground_truth,-3.697707,1.809683,2.209927,0.000000,0.000000,0.000000
17.740000000000002,ground_truth,-3.698772,1.809592,2.186304,0.000000,0.000000,0.000000
17.76,ground_truth,-3.699526,1.809694,2.166865,0.000000,0.000000,0.000000
17.78,ground_truth,-3.700158,1.809947,2.151207,0.000000,0.000000,0.000000
17.8,ground_truth,-3.700956,1.809841,2.133216,0.000000,0.000000,0.000000
17.82,ground_truth,-3.701686,1.808924,2.118105,0.000000,0.000000,0.000000
17.84,ground_truth,-3.702499,1.808255,2.100178,0.000000,0.000000,0.000000
17.86,ground_truth,-3.703377,1.807757,2.079270,0.000000,0.000000,0.000000
17.880000000000003,ground_truth,-3.703994,1.808105,2.065021,0.000000,0.000000,0.000000
17.900000000000002,ground_truth,-3.704678,1.808318,2.051770,0.000000,0.000000,0.000000
17.92,ground_truth,-3.705437,1.807799,2.036588,0.000000,0.000000,0.000000
17.94,ground_truth,-3.706377,1.807043,2.016807,0.000000,0.000000,0.000000
17.96,ground_truth,-3.707438,1.806289,1.997077,0.000000,0.000000,0.000000
17.98,ground_truth,-3.708462,1.805726,1.984162,0.000000,0.000000,0.000000
18.0,ground_truth,-3.709825,1.804878,1.967248,0.000000,0.000000,0.000000
18.02,ground_truth,-3.710999,1.804565,1.957808,0.000000,0.000000,0.000000
18.040000000000003,ground_truth,-3.712052,1.804485,1.946669,0.000000,0.000000,0.000000
18.060000000000002,ground_truth,-3.712980,1.804723,1.932651,0.000000,0.000000,0.000000
18.080000000000002,ground_truth,-3.714296,1.805136,1.909607,0.000000,0.000000,0.000000
18.1,ground_truth,-3.715973,1.806173,1.883396,0.000000,0.000000,0.000000
18.12,ground_truth,-3.717933,1.809021,1.859975,0.000000,0.000000,0.000000
18.14,ground_truth,-3.720273,1.812259,1.832680,0.000000,0.000000,0.000000
18.16,ground_truth,-3.722848,1.816235,1.803057,0.000000,0.000000,0.000000
18.18,ground_truth,-3.725614,1.821067,1.775025,0.000000,0.000000,0.000000
18.200000000000003,ground_truth,-3.728569,1.826522,1.749865,0.000000,0.000000,0.000000
18.220000000000002,ground_truth,-3.731401,1.833066,1.728774,0.000000,0.000000,0.000000
18.240000000000002,ground_truth,-3.734051,1.841031,1.711796,0.000000,0.000000,0.000000
18.26,ground_truth,-3.736770,1.849767,1.696837,0.000000,0.000000,0.000000
18.28,ground_truth,-3.739464,1.859383,1.682292,0.000000,0.000000,0.000000
18.3,ground_truth,-3.741906,1.870600,1.668436,0.000000,0.000000,0.000000
18.32,ground_truth,-3.744012,1.882728,1.656124,0.000000,0.000000,0.000000
18.34,ground_truth,-3.745909,1.895306,1.643056,0.000000,0.000000,0.000000
18.36,ground_truth,-3.747514,1.908362,1.631718,0.000000,0.000000,0.000000
18.380000000000003,ground_truth,-3.749012,1.922026,1.620050,0.000000,0.000000,0.000000
18.400000000000002,ground_truth,-3.750235,1.936010,1.610494,0.000000,0.000000,0.000000
18.42,ground_truth,-3.751298,1.950739,1.601971,0.000000,0.000000,0.000000
18.44,ground_truth,-3.752255,1.966177,1.593380,0.000000,0.000000,0.000000
18.46,ground_truth,-3.753110,1.981600,1.587193,0.000000,0.000000,0.000000
18.48,ground_truth,-3.753922,1.996857,1.581376,0.000000,0.000000,0.000000
18.5,ground_truth,-3.754655,2.011865,1.577219,0.000000,0.000000,0.000000
18.52,ground_truth,-3.755147,2.026563,1.574858,0.000000,0.000000,0.000000
18.540000000000003,ground_truth,-3.755504,2.041192,1.573021,0.000000,0.000000,0.000000
18.560000000000002,ground_truth,-3.755876,2.056400,1.569244,0.000000,0.000000,0.000000
18.580000000000002,ground_truth,-3.756217,2.072623,1.563905,0.000000,0.000000,0.000000
18.6,ground_truth,-3.756417,2.089636,1.559308,0.000000,0.000000,0.000000
18.62,ground_truth,-3.756509,2.107216,1.555142,0.000000,0.000000,0.000000
18.64,ground_truth,-3.756472,2.125242,1.551988,0.000000,0.000000,0.000000
18.66,ground_truth,-3.756332,2.143614,1.549552,0.000000,0.000000,0.000000
18.68,ground_truth,-3.756120,2.162272,1.547478,0.000000,0.000000,0.000000
18.700000000000003,ground_truth,-3.755777,2.181238,1.546914,0.000000,0.000000,0.000000
18.720000000000002,ground_truth,-3.755365,2.200379,1.547185,0.000000,0.000000,0.000000
18.740000000000002,ground_truth,-3.754917,2.219618,1.548017,0.000000,0.000000,0.000000
18.76,ground_truth,-3.754473,2.239000,1.548751,0.000000,0.000000,0.000000
18.78,ground_truth,-3.754026,2.258485,1.549535,0.000000,0.000000,0.000000
18.8,ground_truth,-3.753600,2.277763,1.550103,0.000000,0.000000,0.000000
18.82,ground_truth,-3.753172,2.297074,1.550775,0.000000,0.000000,0.000000
18.84,ground_truth,-3.752753,2.316402,1.551401,0.000000,0.000000,0.000000
18.86,ground_truth,-3.752345,2.335837,1.551935,0.000000,0.000000,0.000000
18.880000000000003,ground_truth,-3.751948,2.355280,1.552386,0.000000,0.000000,0.000000
18.900000000000002,ground_truth,-3.751581,2.374039,1.552517,0.000000,0.000000,0.000000
18.92,ground_truth,-3.751197,2.392372,1.553042,0.000000,0.000000,0.000000
18.94,ground_truth,-3.750803,2.410460,1.553669,0.000000,0.000000,0.000000
18.96,ground_truth,-3.750397,2.428674,1.554538,0.000000,0.000000,0.000000
18.98,ground_truth,-3.750014,2.446917,1.555156,0.000000,0.000000,0.000000
19.0,ground_truth,-3.749652,2.464543,1.555522,0.000000,0.000000,0.000000
19.02,ground_truth,-3.749357,2.481728,1.555048,0.000000,0.000000,0.000000
19.040000000000003,ground_truth,-3.749092,2.497772,1.554586,0.000000,0.000000,0.000000
19.060000000000002,ground_truth,-3.748833,2.513885,1.554194,0.000000,0.000000,0.000000
19.080000000000002,ground_truth,-3.748582,2.529356,1.553846,0.000000,0.000000,0.000000
19.1,ground_truth,-3.748235,2.545184,1.555215,0.000000,0.000000,0.000000
19.12,ground_truth,-3.747844,2.561647,1.557240,0.000000,0.000000,0.000000
19.14,ground_truth,-3.747451,2.578650,1.559166,0.000000,0.000000,0.000000
19.16,ground_truth,-3.747071,2.596108,1.560869,0.000000,0.000000,0.000000
19.18,ground_truth,-3.746717,2.613939,1.562226,0.000000,0.000000,0.000000
19.200000000000003,ground_truth,-3.746392,2.632110,1.563226,0.000000,0.000000,0.000000
19.220000000000002,ground_truth,-3.746133,2.650614,1.563288,0.000000,0.000000,0.000000
19.240000000000002,ground_truth,-3.745926,2.669383,1.562697,0.000000,0.000000,0.000000
19.26,ground_truth,-3.745751,2.688367,1.561881,0.000000,0.000000,0.000000
19.28,ground_truth,-3.745560,2.707512,1.561465,0.000000,0.000000,0.000000
19.3,ground_truth,-3.745364,2.726859,1.561208,0.000000,0.000000,0.000000
19.32,ground_truth,-3.745176,2.746327,1.560808,0.000000,0.000000,0.000000
19.34,ground_truth,-3.744974,2.765562,1.560754,0.000000,0.000000,0.000000
19.36,ground_truth,-3.744782,2.784893,1.560503,0.000000,0.000000,0.000000
19.380000000000003,ground_truth,-3.744570,2.803838,1.560776,0.000000,0.000000,0.000000
19.400000000000002,ground_truth,-3.744365,2.822696,1.560978,0.000000,0.000000,0.000000
19.42,ground_truth,-3.744163,2.841072,1.561365,0.000000,0.000000,0.000000
19.44,ground_truth,-3.743989,2.859759,1.561207,0.000000,0.000000,0.000000
19.46,ground_truth,-3.743811,2.878365,1.561105,0.000000,0.000000,0.000000
19.48,ground_truth,-3.743608,2.896436,1.561528,0.000000,0.000000,0.000000
19.5,ground_truth,-3.743384,2.914144,1.562334,0.000000,0.000000,0.000000
19.52,ground_truth,-3.743152,2.931430,1.563051,0.000000,0.000000,0.000000
19.540000000000003,ground_truth,-3.742964,2.948723,1.563275,0.000000,0.000000,0.000000
19.560000000000002,ground_truth,-3.742804,2.965962,1.563178,0.000000,0.000000,0.000000
19.580000000000002,ground_truth,-3.742626,2.982252,1.563511,0.000000,0.000000,0.000000
19.6,ground_truth,-3.742452,2.998554,1.563740,0.000000,0.000000,0.000000
19.62,ground_truth,-3.742235,3.013703,1.564495,0.000000,0.000000,0.000000
19.64,ground_truth,-3.742060,3.029218,1.564627,0.000000,0.000000,0.000000
19.66,ground_truth,-3.741882,3.045082,1.564965,0.000000,0.000000,0.000000
19.68,ground_truth,-3.741712,3.061379,1.565276,0.000000,0.000000,0.000000
19.700000000000003,ground_truth,-3.741549,3.078064,1.565561,0.000000,0.000000,0.000000
19.720000000000002,ground_truth,-3.741395,3.095097,1.565792,0.000000,0.000000,0.000000
19.740000000000002,ground_truth,-3.741250,3.112441,1.565957,0.000000,0.000000,0.000000
19.76,ground_truth,-3.741114,3.130065,1.566049,0.000000,0.000000,0.000000
19.78,ground_truth,-3.740990,3.148071,1.566029,0.000000,0.000000,0.000000
19.8,ground_truth,-3.740882,3.166544,1.565845,0.000000,0.000000,0.000000
19.82,ground_truth,-3.740783,3.185375,1.565570,0.000000,0.000000,0.000000
19.84,ground_truth,-3.740685,3.204472,1.565283,0.000000,0.000000,0.000000
19.860000000000003,ground_truth,-3.740593,3.223547,1.564919,0.000000,0.000000,0.000000
19.880000000000003,ground_truth,-3.740497,3.242738,1.564645,0.000000,0.000000,0.000000
19.900000000000002,ground_truth,-3.740397,3.262041,1.564436,0.000000,0.000000,0.000000
19.92,ground_truth,-3.740307,3.281131,1.564044,0.000000,0.000000,0.000000
19.94,ground_truth,-3.740225,3.300044,1.563542,0.000000,0.000000,0.000000
19.96,ground_truth,-3.740138,3.318722,1.563105,0.000000,0.000000,0.000000
19.98,ground_truth,-3.740033,3.337563,1.562791,0.000000,0.000000,0.000000
20.0,ground_truth,-3.739915,3.356553,1.562527,0.000000,0.000000,0.000000
20.02,ground_truth,-3.739801,3.375301,1.562153,0.000000,0.000000,0.000000
20.040000000000003,ground_truth,-3.739681,3.393831,1.561846,0.000000,0.000000,0.000000
20.060000000000002,ground_truth,-3.739586,3.411893,1.561195,0.000000,0.000000,0.000000
20.080000000000002,ground_truth,-3.739454,3.430023,1.561009,0.000000,0.000000,0.000000
20.1,ground_truth,-3.739337,3.447632,1.560538,0.000000,0.000000,0.000000
20.12,ground_truth,-3.739209,3.464815,1.560207,0.000000,0.000000,0.000000
20.14,ground_truth,-3.739060,3.481965,1.560044,0.000000,0.000000,0.000000
20.16,ground_truth,-3.738861,3.497658,1.560603,0.000000,0.000000,0.000000
20.18,ground_truth,-3.738683,3.513689,1.560642,0.000000,0.000000,0.000000
20.200000000000003,ground_truth,-3.738479,3.529901,1.561210,0.000000,0.000000,0.000000
20.220000000000002,ground_truth,-3.738269,3.546505,1.561907,0.000000,0.000000,0.000000
20.240000000000002,ground_truth,-3.738058,3.563460,1.562685,0.000000,0.000000,0.000000
20.26,ground_truth,-3.737855,3.580731,1.563423,0.000000,0.000000,0.000000
20.28,ground_truth,-3.737660,3.598286,1.564101,0.000000,0.000000,0.000000
20.3,ground_truth,-3.737480,3.616107,1.564612,0.000000,0.000000,0.000000
20.32,ground_truth,-3.737301,3.634236,1.565164,0.000000,0.000000,0.000000
20.34,ground_truth,-3.737129,3.652638,1.565631,0.000000,0.000000,0.000000
20.360000000000003,ground_truth,-3.736970,3.671269,1.565951,0.000000,0.000000,0.000000
20.380000000000003,ground_truth,-3.736825,3.690105,1.566120,0.000000,0.000000,0.000000
20.400000000000002,ground_truth,-3.736711,3.709033,1.565877,0.000000,0.000000,0.000000
20.42,ground_truth,-3.736615,3.727832,1.565382,0.000000,0.000000,0.000000
20.44,ground_truth,-3.736532,3.746653,1.564578,0.000000,0.000000,0.000000
20.46,ground_truth,-3.736444,3.765700,1.563713,0.000000,0.000000,0.000000
20.48,ground_truth,-3.736341,3.784924,1.562934,0.000000,0.000000,0.000000
20.5,ground_truth,-3.736210,3.804010,1.562623,0.000000,0.000000,0.000000
20.52,ground_truth,-3.736014,3.822110,1.563798,0.000000,0.000000,0.000000
20.540000000000003,ground_truth,-3.735823,3.839352,1.565148,0.000000,0.000000,0.000000
20.560000000000002,ground_truth,-3.735700,3.856919,1.565482,0.000000,0.000000,0.000000
20.580000000000002,ground_truth,-3.735609,3.874744,1.565242,0.000000,0.000000,0.000000
20.6,ground_truth,-3.735518,3.892237,1.565084,0.000000,0.000000,0.000000
20.62,ground_truth,-3.735411,3.909590,1.565215,0.000000,0.000000,0.000000
20.64,ground_truth,-3.735262,3.926362,1.565896,0.000000,0.000000,0.000000
20.66,ground_truth,-3.735148,3.943302,1.566056,0.000000,0.000000,0.000000
20.68,ground_truth,-3.735057,3.960249,1.565927,0.000000,0.000000,0.000000
20.700000000000003,ground_truth,-3.734939,3.976287,1.566226,0.000000,0.000000,0.000000
20.720000000000002,ground_truth,-3.734828,3.991981,1.566403,0.000000,0.000000,0.000000
20.740000000000002,ground_truth,-3.734712,4.006799,1.566468,0.000000,0.000000,0.000000
20.76,ground_truth,-3.734645,4.022387,1.565632,0.000000,0.000000,0.000000
20.78,ground_truth,-3.734607,4.038854,1.564023,0.000000,0.000000,0.000000
20.8,ground_truth,-3.734556,4.056007,1.562252,0.000000,0.000000,0.000000
20.82,ground_truth,-3.734483,4.073732,1.560453,0.000000,0.000000,0.000000
20.84,ground_truth,-3.734347,4.091919,1.559306,0.000000,0.000000,0.000000
20.860000000000003,ground_truth,-3.734174,4.110453,1.558545,0.000000,0.000000,0.000000
20.880000000000003,ground_truth,-3.733957,4.129255,1.558426,0.000000,0.000000,0.000000
20.900000000000002,ground_truth,-3.733731,4.148291,1.558355,0.000000,0.000000,0.000000
20.92,ground_truth,-3.733488,4.167505,1.558557,0.000000,0.000000,0.000000
20.94,ground_truth,-3.733231,4.186748,1.559069,0.000000,0.000000,0.000000
20.96,ground_truth,-3.732969,4.206068,1.559791,0.000000,0.000000,0.000000
20.98,ground_truth,-3.732721,4.225305,1.560452,0.000000,0.000000,0.000000
21.0,ground_truth,-3.732467,4.244664,1.561231,0.000000,0.000000,0.000000
21.02,ground_truth,-3.732206,4.264120,1.562130,0.000000,0.000000,0.000000
21.040000000000003,ground_truth,-3.731966,4.283239,1.562725,0.000000,0.000000,0.000000
21.060000000000002,ground_truth,-3.731746,4.302291,1.563207,0.000000,0.000000,0.000000
21.080000000000002,ground_truth,-3.731544,4.321106,1.563540,0.000000,0.000000,0.000000
21.1,ground_truth,-3.731351,4.339928,1.563938,0.000000,0.000000,0.000000
21.12,ground_truth,-3.731191,4.358234,1.563875,0.000000,0.000000,0.000000
21.14,ground_truth,-3.731034,4.376502,1.563937,0.000000,0.000000,0.000000
21.16,ground_truth,-3.730876,4.394744,1.564136,0.000000,0.000000,0.000000
21.18,ground_truth,-3.730763,4.411747,1.563721,0.000000,0.000000,0.000000
21.200000000000003,ground_truth,-3.730646,4.428892,1.563507,0.000000,0.000000,0.000000
21.220000000000002,ground_truth,-3.730519,4.445350,1.563468,0.000000,0.000000,0.000000
21.240000000000002,ground_truth,-3.730408,4.461243,1.563307,0.000000,0.000000,0.000000
21.26,ground_truth,-3.730266,4.477491,1.563716,0.000000,0.000000,0.000000
21.28,ground_truth,-3.730108,4.494469,1.564452,0.000000,0.000000,0.000000
21.3,ground_truth,-3.729953,4.512035,1.565263,0.000000,0.000000,0.000000
21.32,ground_truth,-3.729820,4.530083,1.565807,0.000000,0.000000,0.000000
21.34,ground_truth,-3.729699,4.548515,1.566233,0.000000,0.000000,0.000000
21.360000000000003,ground_truth,-3.729592,4.567288,1.566513,0.000000,0.000000,0.000000
21.380000000000003,ground_truth,-3.729513,4.586361,1.566277,0.000000,0.000000,0.000000
21.400000000000002,ground_truth,-3.729433,4.605619,1.566020,0.000000,0.000000,0.000000
21.42,ground_truth,-3.729348,4.625023,1.565803,0.000000,0.000000,0.000000
21.44,ground_truth,-3.729258,4.644512,1.565627,0.000000,0.000000,0.000000
21.46,ground_truth,-3.729162,4.664031,1.565535,0.000000,0.000000,0.000000
21.48,ground_truth,-3.729064,4.683646,1.565428,0.000000,0.000000,0.000000
21.5,ground_truth,-3.728964,4.703337,1.565342,0.000000,0.000000,0.000000
21.52,ground_truth,-3.728857,4.722756,1.565400,0.000000,0.000000,0.000000
21.540000000000003,ground_truth,-3.728748,4.742165,1.565507,0.000000,0.000000,0.000000
21.560000000000002,ground_truth,-3.728660,4.760849,1.565293,0.000000,0.000000,0.000000
21.580000000000002,ground_truth,-3.728578,4.779579,1.564845,0.000000,0.000000,0.000000
21.6,ground_truth,-3.728486,4.798414,1.564487,0.000000,0.000000,0.000000
21.62,ground_truth,-3.728368,4.816999,1.564621,0.000000,0.000000,0.000000
21.64,ground_truth,-3.728265,4.835846,1.564471,0.000000,0.000000,0.000000
21.66,ground_truth,-3.728129,4.854325,1.564847,0.000000,0.000000,0.000000
21.68,ground_truth,-3.727987,4.872460,1.565451,0.000000,0.000000,0.000000
21.700000000000003,ground_truth,-3.727868,4.890527,1.565888,0.000000,0.000000,0.000000
21.720000000000002,ground_truth,-3.727723,4.908177,1.566675,0.000000,0.000000,0.000000
21.740000000000002,ground_truth,-3.727573,4.925253,1.567419,0.000000,0.000000,0.000000
21.76,ground_truth,-3.727462,4.940697,1.567330,0.000000,0.000000,0.000000
21.78,ground_truth,-3.727400,4.956574,1.566612,0.000000,0.000000,0.000000
21.8,ground_truth,-3.727355,4.972709,1.565671,0.000000,0.000000,0.000000
21.82,ground_truth,-3.727307,4.989274,1.564585,0.000000,0.000000,0.000000
21.84,ground_truth,-3.727250,5.006407,1.563294,0.000000,0.000000,0.000000
21.860000000000003,ground_truth,-3.727172,5.024093,1.562046,0.000000,0.000000,0.000000
21.880000000000003,ground_truth,-3.727070,5.042221,1.560913,0.000000,0.000000,0.000000
21.900000000000002,ground_truth,-3.726934,5.060700,1.560062,0.000000,0.000000,0.000000
21.92,ground_truth,-3.726762,5.079459,1.559673,0.000000,0.000000,0.000000
21.94,ground_truth,-3.726570,5.098461,1.559486,0.000000,0.000000,0.000000
21.96,ground_truth,-3.726355,5.117663,1.559594,0.000000,0.000000,0.000000
21.98,ground_truth,-3.726125,5.136994,1.560015,0.000000,0.000000,0.000000
22.0,ground_truth,-3.725887,5.156316,1.560699,0.000000,0.000000,0.000000
22.020000000000003,ground_truth,-3.725650,5.175751,1.561489,0.000000,0.000000,0.000000
22.040000000000003,ground_truth,-3.725411,5.195304,1.562388,0.000000,0.000000,0.000000
22.060000000000002,ground_truth,-3.725187,5.214633,1.563199,0.000000,0.000000,0.000000
22.080000000000002,ground_truth,-3.724972,5.234093,1.564071,0.000000,0.000000,0.000000
22.1,ground_truth,-3.724796,5.253223,1.564381,0.000000,0.000000,0.000000
22.12,ground_truth,-3.724624,5.272370,1.564799,0.000000,0.000000,0.000000
22.14,ground_truth,-3.724464,5.291314,1.565125,0.000000,0.000000,0.000000
22.16,ground_truth,-3.724314,5.310304,1.565498,0.000000,0.000000,0.000000
22.18,ground_truth,-3.724173,5.329376,1.565869,0.000000,0.000000,0.000000
22.200000000000003,ground_truth,-3.724066,5.347840,1.565780,0.000000,0.000000,0.000000
22.220000000000002,ground_truth,-3.723969,5.365714,1.565626,0.000000,0.000000,0.000000
22.240000000000002,ground_truth,-3.723889,5.383188,1.565254,0.000000,0.000000,0.000000
22.26,ground_truth,-3.723776,5.400415,1.565589,0.000000,0.000000,0.000000
22.28,ground_truth,-3.723656,5.417807,1.566115,0.000000,0.000000,0.000000
22.3,ground_truth,-3.723529,5.434238,1.566659,0.000000,0.000000,0.000000
22.32,ground_truth,-3.723429,5.450630,1.566658,0.000000,0.000000,0.000000
22.34,ground_truth,-3.723326,5.467509,1.566848,0.000000,0.000000,0.000000
22.360000000000003,ground_truth,-3.723221,5.485002,1.567166,0.000000,0.000000,0.000000
22.380000000000003,ground_truth,-3.723122,5.502987,1.567517,0.000000,0.000000,0.000000
22.400000000000002,ground_truth,-3.723032,5.521370,1.567814,0.000000,0.000000,0.000000
22.42,ground_truth,-3.722955,5.540074,1.567974,0.000000,0.000000,0.000000
22.44,ground_truth,-3.722888,5.559037,1.567988,0.000000,0.000000,0.000000
22.46,ground_truth,-3.722823,5.578205,1.568021,0.000000,0.000000,0.000000
22.48,ground_truth,-3.722772,5.597578,1.567796,0.000000,0.000000,0.000000
22.5,ground_truth,-3.722725,5.617098,1.567449,0.000000,0.000000,0.000000
22.520000000000003,ground_truth,-3.722674,5.636715,1.567089,0.000000,0.000000,0.000000
22.540000000000003,ground_truth,-3.722621,5.656291,1.566741,0.000000,0.000000,0.000000
22.560000000000002,ground_truth,-3.722561,5.675801,1.566488,0.000000,0.000000,0.000000
22.580000000000002,ground_truth,-3.722489,5.695068,1.566418,0.000000,0.000000,0.000000
22.6,ground_truth,-3.722416,5.714480,1.566304,0.000000,0.000000,0.000000
22.62,ground_truth,-3.722339,5.734008,1.566184,0.000000,0.000000,0.000000
22.64,ground_truth,-3.722253,5.753213,1.566247,0.000000,0.000000,0.000000
22.66,ground_truth,-3.722140,5.771905,1.566825,0.000000,0.000000,0.000000
22.68,ground_truth,-3.721928,5.789832,1.568487,0.000000,0.000000,0.000000
22.700000000000003,ground_truth,-3.721739,5.807923,1.570035,0.000000,0.000000,0.000000
22.720000000000002,ground_truth,-3.721629,5.826198,1.570655,0.000000,0.000000,0.000000
22.740000000000002,ground_truth,-3.721555,5.844058,1.570802,0.000000,0.000000,0.000000
22.76,ground_truth,-3.721495,5.861847,1.570826,0.000000,0.000000,0.000000
22.78,ground_truth,-3.721427,5.879162,1.570988,0.000000,0.000000,0.000000
22.8,ground_truth,-3.721358,5.896132,1.571321,0.000000,0.000000,0.000000
22.82,ground_truth,-3.721211,5.911716,1.572412,0.000000,0.000000,0.000000
22.84,ground_truth,-3.721106,5.927087,1.572962,0.000000,0.000000,0.000000
22.860000000000003,ground_truth,-3.721058,5.942245,1.573008,0.000000,0.000000,0.000000
22.880000000000003,ground_truth,-3.721022,5.956091,1.572859,0.000000,0.000000,0.000000
22.900000000000002,ground_truth,-3.721067,5.970549,1.571326,0.000000,0.000000,0.000000
22.92,ground_truth,-3.721142,5.985970,1.568990,0.000000,0.000000,0.000000
22.94,ground_truth,-3.721210,6.002280,1.566305,0.000000,0.000000,0.000000
22.96,ground_truth,-3.721235,6.019287,1.563866,0.000000,0.000000,0.000000
22.98,ground_truth,-3.721184,6.036833,1.562341,0.000000,0.000000,0.000000
23.0,ground_truth,-3.721100,6.054844,1.561022,0.000000,0.000000,0.000000
23.020000000000003,ground_truth,-3.720971,6.073223,1.560174,0.000000,0.000000,0.000000
23.040000000000003,ground_truth,-3.720810,6.091906,1.559664,0.000000,0.000000,0.000000
23.060000000000002,ground_truth,-3.720628,6.110838,1.559330,0.000000,0.000000,0.000000
23.080000000000002,ground_truth,-3.720413,6.129906,1.559528,0.000000,0.000000,0.000000
23.1,ground_truth,-3.720181,6.149128,1.560033,0.000000,0.000000,0.000000
23.12,ground_truth,-3.719934,6.168317,1.560911,0.000000,0.000000,0.000000
23.14,ground_truth,-3.719676,6.187367,1.562012,0.000000,0.000000,0.000000
23.16,ground_truth,-3.719416,6.206094,1.563221,0.000000,0.000000,0.000000
23.18,ground_truth,-3.719171,6.224874,1.564244,0.000000,0.000000,0.000000
23.200000000000003,ground_truth,-3.718943,6.243867,1.564982,0.000000,0.000000,0.000000
23.220000000000002,ground_truth,-3.718734,6.262381,1.565528,0.000000,0.000000,0.000000
23.240000000000002,ground_truth,-3.718569,6.280430,1.565608,0.000000,0.000000,0.000000
23.26,ground_truth,-3.718456,6.298188,1.565034,0.000000,0.000000,0.000000
23.28,ground_truth,-3.718343,6.316105,1.564629,0.000000,0.000000,0.000000
23.3,ground_truth,-3.718210,6.334195,1.564668,0.000000,0.000000,0.000000
23.32,ground_truth,-3.718069,6.352067,1.564903,0.000000,0.000000,0.000000
23.34,ground_truth,-3.717931,6.369130,1.565119,0.000000,0.000000,0.000000
23.360000000000003,ground_truth,-3.717828,6.385654,1.564792,0.000000,0.000000,0.000000
23.380000000000003,ground_truth,-3.717703,6.402079,1.565037,0.000000,0.000000,0.000000
23.400000000000002,ground_truth,-3.717574,6.418710,1.565462,0.000000,0.000000,0.000000
23.42,ground_truth,-3.717422,6.434536,1.566240,0.000000,0.000000,0.000000
23.44,ground_truth,-3.717297,6.449542,1.566155,0.000000,0.000000,0.000000
23.46,ground_truth,-3.717165,6.464914,1.566437,0.000000,0.000000,0.000000
23.48,ground_truth,-3.717027,6.480732,1.566941,0.000000,0.000000,0.000000
23.5,ground_truth,-3.716890,6.496984,1.567534,0.000000,0.000000,0.000000
23.520000000000003,ground_truth,-3.716760,6.513625,1.568149,0.000000,0.000000,0.000000
23.540000000000003,ground_truth,-3.716639,6.530616,1.568742,0.000000,0.000000,0.000000
23.560000000000002,ground_truth,-3.716533,6.547922,1.569219,0.000000,0.000000,0.000000
23.580000000000002,ground_truth,-3.716436,6.565509,1.569658,0.000000,0.000000,0.000000
23.6,ground_truth,-3.716355,6.583358,1.569945,0.000000,0.000000,0.000000
23.62,ground_truth,-3.716308,6.601648,1.569810,0.000000,0.000000,0.000000
23.64,ground_truth,-3.716287,6.620343,1.569220,0.000000,0.000000,0.000000
23.66,ground_truth,-3.716265,6.639271,1.568610,0.000000,0.000000,0.000000
23.68,ground_truth,-3.716238,6.658345,1.568026,0.000000,0.000000,0.000000
23.700000000000003,ground_truth,-3.716184,6.677164,1.567911,0.000000,0.000000,0.000000
23.720000000000002,ground_truth,-3.716129,6.696037,1.567802,0.000000,0.000000,0.000000
23.740000000000002,ground_truth,-3.716079,6.715115,1.567596,0.000000,0.000000,0.000000
23.76,ground_truth,-3.716019,6.733746,1.567589,0.000000,0.000000,0.000000
23.78,ground_truth,-3.715966,6.752578,1.567433,0.000000,0.000000,0.000000
23.8,ground_truth,-3.715903,6.770970,1.567501,0.000000,0.000000,0.000000
23.82,ground_truth,-3.715841,6.788909,1.567590,0.000000,0.000000,0.000000
23.84,ground_truth,-3.715796,6.806953,1.567295,0.000000,0.000000,0.000000
23.860000000000003,ground_truth,-3.715752,6.825221,1.566866,0.000000,0.000000,0.000000
23.880000000000003,ground_truth,-3.715693,6.843369,1.566656,0.000000,0.000000,0.000000
23.900000000000002,ground_truth,-3.715530,6.860443,1.567952,0.000000,0.000000,0.000000
23.92,ground_truth,-3.715373,6.877548,1.568894,0.000000,0.000000,0.000000
23.94,ground_truth,-3.715159,6.893395,1.570464,0.000000,0.000000,0.000000
23.96,ground_truth,-3.714985,6.908995,1.571291,0.000000,0.000000,0.000000
23.98,ground_truth,-3.714906,6.924610,1.571095,0.000000,0.000000,0.000000
24.0,ground_truth,-3.714917,6.941095,1.569321,0.000000,0.000000,0.000000
24.020000000000003,ground_truth,-3.714933,6.958260,1.567239,0.000000,0.000000,0.000000
24.040000000000003,ground_truth,-3.714914,6.975954,1.565554,0.000000,0.000000,0.000000
24.060000000000002,ground_truth,-3.714868,6.994083,1.564061,0.000000,0.000000,0.000000
24.080000000000002,ground_truth,-3.714795,7.012563,1.562766,0.000000,0.000000,0.000000
24.1,ground_truth,-3.714690,7.031319,1.561765,0.000000,0.000000,0.000000
24.12,ground_truth,-3.714534,7.050288,1.561533,0.000000,0.000000,0.000000
24.14,ground_truth,-3.714359,7.069451,1.561580,0.000000,0.000000,0.000000
24.16,ground_truth,-3.714179,7.088778,1.561709,0.000000,0.000000,0.000000
24.180000000000003,ground_truth,-3.713990,7.108233,1.562023,0.000000,0.000000,0.000000
24.200000000000003,ground_truth,-3.713792,7.127604,1.562625,0.000000,0.000000,0.000000
24.220000000000002,ground_truth,-3.713604,7.147028,1.563205,0.000000,0.000000,0.000000
24.240000000000002,ground_truth,-3.713422,7.166110,1.563877,0.000000,0.000000,0.000000
24.26,ground_truth,-3.713253,7.185248,1.564482,0.000000,0.000000,0.000000
24.28,ground_truth,-3.713087,7.204134,1.565152,0.000000,0.000000,0.000000
24.3,ground_truth,-3.712915,7.223172,1.565921,0.000000,0.000000,0.000000
24.32,ground_truth,-3.712749,7.242326,1.566643,0.000000,0.000000,0.000000
24.34,ground_truth,-3.712584,7.261291,1.567433,0.000000,0.000000,0.000000
24.360000000000003,ground_truth,-3.712444,7.280230,1.568083,0.000000,0.000000,0.000000
24.380000000000003,ground_truth,-3.712375,7.298243,1.567692,0.000000,0.000000,0.000000
24.400000000000002,ground_truth,-3.712346,7.315790,1.566821,0.000000,0.000000,0.000000
24.42,ground_truth,-3.712286,7.333495,1.566428,0.000000,0.000000,0.000000
24.44,ground_truth,-3.712210,7.350744,1.566293,0.000000,0.000000,0.000000
24.46,ground_truth,-3.712133,7.367844,1.566280,0.000000,0.000000,0.000000
24.48,ground_truth,-3.712055,7.383636,1.566233,0.000000,0.000000,0.000000
24.5,ground_truth,-3.711988,7.399560,1.566081,0.000000,0.000000,0.000000
24.520000000000003,ground_truth,-3.711905,7.414008,1.566166,0.000000,0.000000,0.000000
24.540000000000003,ground_truth,-3.711850,7.428716,1.565801,0.000000,0.000000,0.000000
24.560000000000002,ground_truth,-3.711758,7.444136,1.566092,0.000000,0.000000,0.000000
24.580000000000002,ground_truth,-3.711652,7.460454,1.566664,0.000000,0.000000,0.000000
24.6,ground_truth,-3.711551,7.477497,1.567244,0.000000,0.000000,0.000000
24.62,ground_truth,-3.711460,7.495122,1.567734,0.000000,0.000000,0.000000
24.64,ground_truth,-3.711376,7.513215,1.568207,0.000000,0.000000,0.000000
24.66,ground_truth,-3.711304,7.531685,1.568555,0.000000,0.000000,0.000000
24.680000000000003,ground_truth,-3.711249,7.550460,1.568686,0.000000,0.000000,0.000000
24.700000000000003,ground_truth,-3.711203,7.569481,1.568647,0.000000,0.000000,0.000000
24.720000000000002,ground_truth,-3.711162,7.588694,1.568530,0.000000,0.000000,0.000000
24.740000000000002,ground_truth,-3.711124,7.608071,1.568340,0.000000,0.000000,0.000000
24.76,ground_truth,-3.711094,7.627620,1.567920,0.000000,0.000000,0.000000
24.78,ground_truth,-3.711052,7.646967,1.567659,0.000000,0.000000,0.000000
24.8,ground_truth,-3.711006,7.666272,1.567426,0.000000,0.000000,0.000000
24.82,ground_truth,-3.710948,7.685102,1.567408,0.000000,0.000000,0.000000
24.84,ground_truth,-3.710895,7.703934,1.567280,0.000000,0.000000,0.000000
24.860000000000003,ground_truth,-3.710843,7.722425,1.567107,0.000000,0.000000,0.000000
24.880000000000003,ground_truth,-3.710790,7.741106,1.566866,0.000000,0.000000,0.000000
24.900000000000002,ground_truth,-3.710733,7.759943,1.566624,0.000000,0.000000,0.000000
24.92,ground_truth,-3.710660,7.778097,1.566687,0.000000,0.000000,0.000000
24.94,ground_truth,-3.710582,7.796499,1.566841,0.000000,0.000000,0.000000
24.96,ground_truth,-3.710497,7.814440,1.567070,0.000000,0.000000,0.000000
24.98,ground_truth,-3.710415,7.832106,1.567319,0.000000,0.000000,0.000000
25.0,ground_truth,-3.710333,7.849835,1.567569,0.000000,0.000000,0.000000
25.020000000000003,ground_truth,-3.710173,7.865373,1.568604,0.000000,0.000000,0.000000
25.040000000000003,ground_truth,-3.710064,7.880438,1.568528,0.000000,0.000000,0.000000
25.060000000000002,ground_truth,-3.709992,7.894174,1.568173,0.000000,0.000000,0.000000
25.080000000000002,ground_truth,-3.709951,7.908334,1.567370,0.000000,0.000000,0.000000
25.1,ground_truth,-3.709965,7.923651,1.565234,0.000000,0.000000,0.000000
25.12,ground_truth,-3.709966,7.939879,1.562846,0.000000,0.000000,0.000000
25.14,ground_truth,-3.709923,7.956823,1.560720,0.000000,0.000000,0.000000
25.16,ground_truth,-3.709823,7.974336,1.559123,0.000000,0.000000,0.000000
25.180000000000003,ground_truth,-3.709675,7.992311,1.557990,0.000000,0.000000,0.000000
25.200000000000003,ground_truth,-3.709467,8.010643,1.557699,0.000000,0.000000,0.000000
25.220000000000002,ground_truth,-3.709231,8.029287,1.557742,0.000000,0.000000,0.000000
25.240000000000002,ground_truth,-3.708978,8.048190,1.558069,0.000000,0.000000,0.000000
25.26,ground_truth,-3.708714,8.067305,1.558638,0.000000,0.000000,0.000000
25.28,ground_truth,-3.708444,8.086569,1.559409,0.000000,0.000000,0.000000
25.3,ground_truth,-3.708176,8.105780,1.560384,0.000000,0.000000,0.000000
25.32,ground_truth,-3.707923,8.125137,1.561300,0.000000,0.000000,0.000000
25.34,ground_truth,-3.707681,8.144544,1.562237,0.000000,0.000000,0.000000
25.360000000000003,ground_truth,-3.707457,8.163640,1.563233,0.000000,0.000000,0.000000
25.380000000000003,ground_truth,-3.707240,8.182747,1.564276,0.000000,0.000000,0.000000
25.400000000000002,ground_truth,-3.707038,8.201616,1.565331,0.000000,0.000000,0.000000
25.42,ground_truth,-3.706866,8.220674,1.566151,0.000000,0.000000,0.000000
25.44,ground_truth,-3.706720,8.239842,1.566773,0.000000,0.000000,0.000000
25.46,ground_truth,-3.706573,8.258523,1.567443,0.000000,0.000000,0.000000
25.48,ground_truth,-3.706425,8.276940,1.568336,0.000000,0.000000,0.000000
25.5,ground_truth,-3.706283,8.294853,1.569081,0.000000,0.000000,0.000000
25.520000000000003,ground_truth,-3.706146,8.312190,1.569794,0.000000,0.000000,0.000000
25.540000000000003,ground_truth,-3.706041,8.329334,1.570030,0.000000,0.000000,0.000000
25.560000000000002,ground_truth,-3.705967,8.346249,1.570034,0.000000,0.000000,0.000000
25.580000000000002,ground_truth,-3.705905,8.363420,1.570051,0.000000,0.000000,0.000000
25.6,ground_truth,-3.705839,8.379753,1.570238,0.000000,0.000000,0.000000
25.62,ground_truth,-3.705838,8.395707,1.569393,0.000000,0.000000,0.000000
25.64,ground_truth,-3.705829,8.411896,1.568675,0.000000,0.000000,0.000000
25.66,ground_truth,-3.705805,8.428482,1.568177,0.000000,0.000000,0.000000
25.680000000000003,ground_truth,-3.705769,8.445425,1.567853,0.000000,0.000000,0.000000
25.700000000000003,ground_truth,-3.705723,8.462686,1.567686,0.000000,0.000000,0.000000
25.720000000000002,ground_truth,-3.705669,8.480233,1.567632,0.000000,0.000000,0.000000
25.740000000000002,ground_truth,-3.705610,8.498071,1.567679,0.000000,0.000000,0.000000
25.76,ground_truth,-3.705547,8.516318,1.567789,0.000000,0.000000,0.000000
25.78,ground_truth,-3.705484,8.534911,1.567907,0.000000,0.000000,0.000000
25.8,ground_truth,-3.705424,8.553783,1.567986,0.000000,0.000000,0.000000
25.82,ground_truth,-3.705369,8.572855,1.567971,0.000000,0.000000,0.000000
25.84,ground_truth,-3.705318,8.592007,1.567857,0.000000,0.000000,0.000000
25.860000000000003,ground_truth,-3.705272,8.611098,1.567651,0.000000,0.000000,0.000000
25.880000000000003,ground_truth,-3.705227,8.630167,1.567346,0.000000,0.000000,0.000000
25.900000000000002,ground_truth,-3.705181,8.649468,1.566934,0.000000,0.000000,0.000000
25.92,ground_truth,-3.705126,8.668857,1.566592,0.000000,0.000000,0.000000
25.94,ground_truth,-3.705052,8.687673,1.566661,0.000000,0.000000,0.000000
25.96,ground_truth,-3.704985,8.706659,1.566546,0.000000,0.000000,0.000000
25.98,ground_truth,-3.704909,8.725154,1.566621,0.000000,0.000000,0.000000
26.0,ground_truth,-3.704835,8.743539,1.566658,0.000000,0.000000,0.000000
26.020000000000003,ground_truth,-3.704760,8.761833,1.566712,0.000000,0.000000,0.000000
26.040000000000003,ground_truth,-3.704683,8.779395,1.566796,0.000000,0.000000,0.000000
26.060000000000002,ground_truth,-3.704617,8.797088,1.566669,0.000000,0.000000,0.000000
26.080000000000002,ground_truth,-3.704557,8.814035,1.566474,0.000000,0.000000,0.000000
26.1,ground_truth,-3.704509,8.831338,1.566042,0.000000,0.000000,0.000000
26.12,ground_truth,-3.704440,8.848278,1.565976,0.000000,0.000000,0.000000
26.14,ground_truth,-3.704362,8.864601,1.565995,0.000000,0.000000,0.000000
26.16,ground_truth,-3.704270,8.880273,1.566243,0.000000,0.000000,0.000000
26.180000000000003,ground_truth,-3.704164,8.894949,1.566377,0.000000,0.000000,0.000000
26.200000000000003,ground_truth,-3.704027,8.908909,1.567060,0.000000,0.000000,0.000000
26.220000000000002,ground_truth,-3.703870,8.921989,1.567507,0.000000,0.000000,0.000000
26.240000000000002,ground_truth,-3.703733,8.934648,1.568102,0.000000,0.000000,0.000000
26.26,ground_truth,-3.703637,8.947044,1.568381,0.000000,0.000000,0.000000
26.28,ground_truth,-3.703530,8.958454,1.568597,0.000000,0.000000,0.000000
26.3,ground_truth,-3.703406,8.969122,1.569212,0.000000,0.000000,0.000000
26.32,ground_truth,-3.703298,8.979493,1.569397,0.000000,0.000000,0.000000
26.340000000000003,ground_truth,-3.703224,8.989675,1.569522,0.000000,0.000000,0.000000
26.360000000000003,ground_truth,-3.703185,8.999606,1.569401,0.000000,0.000000,0.000000
26.380000000000003,ground_truth,-3.703120,9.008609,1.569644,0.000000,0.000000,0.000000
26.400000000000002,ground_truth,-3.703058,9.017256,1.569882,0.000000,0.000000,0.000000
26.42,ground_truth,-3.702945,9.024772,1.570279,0.000000,0.000000,0.000000
26.44,ground_truth,-3.702875,9.032367,1.570381,0.000000,0.000000,0.000000
26.46,ground_truth,-3.702848,9.039704,1.570246,0.000000,0.000000,0.000000
26.48,ground_truth,-3.702791,9.046265,1.570531,0.000000,0.000000,0.000000
26.5,ground_truth,-3.702764,9.052933,1.570377,0.000000,0.000000,0.000000
26.520000000000003,ground_truth,-3.702710,9.059062,1.570585,0.000000,0.000000,0.000000
26.540000000000003,ground_truth,-3.702677,9.065152,1.570599,0.000000,0.000000,0.000000
26.560000000000002,ground_truth,-3.702606,9.070405,1.570844,0.000000,0.000000,0.000000
26.580000000000002,ground_truth,-3.702578,9.075782,1.570747,0.000000,0.000000,0.000000
26.6,ground_truth,-3.702578,9.081214,1.570389,0.000000,0.000000,0.000000
26.62,ground_truth,-3.702547,9.086070,1.570529,0.000000,0.000000,0.000000
26.64,ground_truth,-3.702517,9.090773,1.570597,0.000000,0.000000,0.000000
26.66,ground_truth,-3.702486,9.095266,1.570517,0.000000,0.000000,0.000000
26.680000000000003,ground_truth,-3.702474,9.099775,1.570349,0.000000,0.000000,0.000000
26.700000000000003,ground_truth,-3.702476,9.104550,1.569956,0.000000,0.000000,0.000000
26.720000000000002,ground_truth,-3.702408,9.108615,1.570347,0.000000,0.000000,0.000000
26.740000000000002,ground_truth,-3.702353,9.112374,1.570488,0.000000,0.000000,0.000000
26.76,ground_truth,-3.702305,9.115718,1.570480,0.000000,0.000000,0.000000
26.78,ground_truth,-3.702232,9.119269,1.571248,0.000000,0.000000,0.000000
26.8,ground_truth,-3.701730,9.122548,1.579524,0.000000,0.000000,0.000000
26.82,ground_truth,-3.700728,9.125754,1.598465,0.000000,0.000000,0.000000
26.840000000000003,ground_truth,-3.699283,9.129041,1.628080,0.000000,0.000000,0.000000
26.860000000000003,ground_truth,-3.697587,9.132377,1.665419,0.000000,0.000000,0.000000
26.880000000000003,ground_truth,-3.695750,9.135810,1.708230,0.000000,0.000000,0.000000
26.900000000000002,ground_truth,-3.693887,9.138968,1.754385,0.000000,0.000000,0.000000
26.92,ground_truth,-3.691864,9.141669,1.804703,0.000000,0.000000,0.000000
26.94,ground_truth,-3.689845,9.143916,1.857401,0.000000,0.000000,0.000000
26.96,ground_truth,-3.688025,9.145809,1.901667,0.000000,0.000000,0.000000
26.98,ground_truth,-3.686225,9.147412,1.943706,0.000000,0.000000,0.000000
27.0,ground_truth,-3.684539,9.148841,1.977906,0.000000,0.000000,0.000000
27.020000000000003,ground_truth,-3.682619,9.149919,2.017039,0.000000,0.000000,0.000000
27.040000000000003,ground_truth,-3.680592,9.150625,2.059144,0.000000,0.000000,0.000000
27.060000000000002,ground_truth,-3.678741,9.150923,2.095270,0.000000,0.000000,0.000000
27.080000000000002,ground_truth,-3.676697,9.151150,2.137060,0.000000,0.000000,0.000000
27.1,ground_truth,-3.675005,9.151266,2.175912,0.000000,0.000000,0.000000
27.12,ground_truth,-3.673226,9.151343,2.218127,0.000000,0.000000,0.000000
27.14,ground_truth,-3.671597,9.151348,2.259907,0.000000,0.000000,0.000000
27.16,ground_truth,-3.670179,9.151453,2.297082,0.000000,0.000000,0.000000
27.180000000000003,ground_truth,-3.668593,9.151579,2.336751,0.000000,0.000000,0.000000
27.200000000000003,ground_truth,-3.667640,9.151716,2.364778,0.000000,0.000000,0.000000
27.220000000000002,ground_truth,-3.666870,9.151870,2.387554,0.000000,0.000000,0.000000
27.240000000000002,ground_truth,-3.665910,9.152067,2.412601,0.000000,0.000000,0.000000
27.26,ground_truth,-3.664871,9.152258,2.441146,0.000000,0.000000,0.000000
27.28,ground_truth,-3.663973,9.152441,2.469699,0.000000,0.000000,0.000000
27.3,ground_truth,-3.663435,9.152625,2.494751,0.000000,0.000000,0.000000
27.32,ground_truth,-3.663039,9.152766,2.517775,0.000000,0.000000,0.000000
27.340000000000003,ground_truth,-3.662594,9.152970,2.541021,0.000000,0.000000,0.000000
27.360000000000003,ground_truth,-3.662564,9.153223,2.559866,0.000000,0.000000,0.000000
27.380000000000003,ground_truth,-3.662392,9.153553,2.581363,0.000000,0.000000,0.000000
27.400000000000002,ground_truth,-3.662402,9.154078,2.599916,0.000000,0.000000,0.000000
27.42,ground_truth,-3.662460,9.154844,2.617183,0.000000,0.000000,0.000000
27.44,ground_truth,-3.662583,9.155869,2.633595,0.000000,0.000000,0.000000
27.46,ground_truth,-3.662491,9.157096,2.653862,0.000000,0.000000,0.000000
27.48,ground_truth,-3.662341,9.158462,2.676882,0.000000,0.000000,0.000000
27.5,ground_truth,-3.661996,9.159651,2.695713,0.000000,0.000000,0.000000
27.520000000000003,ground_truth,-3.661391,9.160220,2.705844,0.000000,0.000000,0.000000
27.540000000000003,ground_truth,-3.661372,9.160620,2.708910,0.000000,0.000000,0.000000
27.560000000000002,ground_truth,-3.661339,9.161077,2.716740,0.000000,0.000000,0.000000
27.580000000000002,ground_truth,-3.661376,9.161785,2.730618,0.000000,0.000000,0.000000
27.6,ground_truth,-3.661649,9.162615,2.746192,0.000000,0.000000,0.000000
27.62,ground_truth,-3.661995,9.163512,2.763750,0.000000,0.000000,0.000000
27.64,ground_truth,-3.662533,9.163644,2.773416,0.000000,0.000000,0.000000
27.66,ground_truth,-3.662883,9.163821,2.785443,0.000000,0.000000,0.000000
27.680000000000003,ground_truth,-3.663400,9.164429,2.803296,0.000000,0.000000,0.000000
27.700000000000003,ground_truth,-3.664477,9.165685,2.825639,0.000000,0.000000,0.000000
27.720000000000002,ground_truth,-3.666221,9.167727,2.851380,0.000000,0.000000,0.000000
27.740000000000002,ground_truth,-3.669605,9.170241,2.875482,0.000000,0.000000,0.000000
27.76,ground_truth,-3.673929,9.173401,2.899948,0.000000,0.000000,0.000000
27.78,ground_truth,-3.679180,9.176888,2.924794,0.000000,0.000000,0.000000
27.8,ground_truth,-3.684941,9.180682,2.951784,0.000000,0.000000,0.000000
27.82,ground_truth,-3.691458,9.184160,2.977500,0.000000,0.000000,0.000000
27.840000000000003,ground_truth,-3.699832,9.186066,2.993566,0.000000,0.000000,0.000000
27.860000000000003,ground_truth,-3.709298,9.187664,3.008511,0.000000,0.000000,0.000000
27.880000000000003,ground_truth,-3.719292,9.188798,3.026121,0.000000,0.000000,0.000000
27.900000000000002,ground_truth,-3.730620,9.189516,3.041712,0.000000,0.000000,0.000000
27.92,ground_truth,-3.742829,9.190279,3.052934,0.000000,0.000000,0.000000
27.94,ground_truth,-3.755328,9.190871,3.064749,0.000000,0.000000,0.000000
27.96,ground_truth,-3.768495,9.191379,3.074822,0.000000,0.000000,0.000000
27.98,ground_truth,-3.782118,9.191908,3.082231,0.000000,0.000000,0.000000
28.0,ground_truth,-3.796160,9.192510,3.088223,0.000000,0.000000,0.000000
28.020000000000003,ground_truth,-3.809763,9.193229,3.095197,0.000000,0.000000,0.000000
28.040000000000003,ground_truth,-3.823842,9.193940,3.101059,0.000000,0.000000,0.000000
28.060000000000002,ground_truth,-3.838552,9.194694,3.106678,0.000000,0.000000,0.000000
28.080000000000002,ground_truth,-3.853117,9.195369,3.109826,0.000000,0.000000,0.000000
28.1,ground_truth,-3.867794,9.195980,3.111877,0.000000,0.000000,0.000000
28.12,ground_truth,-3.882079,9.196628,3.116075,0.000000,0.000000,0.000000
28.14,ground_truth,-3.896927,9.197352,3.121767,0.000000,0.000000,0.000000
28.16,ground_truth,-3.912918,9.198011,3.126324,0.000000,0.000000,0.000000
28.180000000000003,ground_truth,-3.929854,9.198552,3.129149,0.000000,0.000000,0.000000
28.200000000000003,ground_truth,-3.947367,9.199079,3.132407,0.000000,0.000000,0.000000
28.220000000000002,ground_truth,-3.965454,9.199512,3.134669,0.000000,0.000000,0.000000
28.240000000000002,ground_truth,-3.983986,9.199868,3.136272,0.000000,0.000000,0.000000
28.26,ground_truth,-4.002885,9.200132,3.136898,0.000000,0.000000,0.000000
28.28,ground_truth,-4.022023,9.200361,3.137494,0.000000,0.000000,0.000000
28.3,ground_truth,-4.041363,9.200554,3.137964,0.000000,0.000000,0.000000
28.32,ground_truth,-4.060892,9.200703,3.138186,0.000000,0.000000,0.000000
28.340000000000003,ground_truth,-4.080478,9.200832,3.138379,0.000000,0.000000,0.000000
28.360000000000003,ground_truth,-4.100017,9.200949,3.138614,0.000000,0.000000,0.000000
28.380000000000003,ground_truth,-4.119630,9.201052,3.138801,0.000000,0.000000,0.000000
28.400000000000002,ground_truth,-4.139288,9.201147,3.138964,0.000000,0.000000,0.000000
28.42,ground_truth,-4.158355,9.201241,3.139407,0.000000,0.000000,0.000000
28.44,ground_truth,-4.177182,9.201328,3.139900,0.000000,0.000000,0.000000
28.46,ground_truth,-4.195845,9.201402,3.140354,0.000000,0.000000,0.000000
28.48,ground_truth,-4.214692,9.201457,3.140663,0.000000,0.000000,0.000000
28.5,ground_truth,-4.233546,9.201500,3.140817,0.000000,0.000000,0.000000
28.520000000000003,ground_truth,-4.252301,9.201531,3.140870,0.000000,0.000000,0.000000
28.540000000000003,ground_truth,-4.271220,9.201550,3.140692,0.000000,0.000000,0.000000
28.560000000000002,ground_truth,-4.289307,9.201623,3.141330,0.000000,0.000000,0.000000
28.580000000000002,ground_truth,-4.307280,9.201688,-3.141339,0.000000,0.000000,0.000000
28.6,ground_truth,-4.324510,9.201790,-3.140497,0.000000,0.000000,0.000000
28.62,ground_truth,-4.341571,9.201861,-3.139874,0.000000,0.000000,0.000000
28.64,ground_truth,-4.358579,9.201885,-3.139726,0.000000,0.000000,0.000000
28.66,ground_truth,-4.374257,9.201949,-3.139071,0.000000,0.000000,0.000000
28.680000000000003,ground_truth,-4.389314,9.201983,-3.138930,0.000000,0.000000,0.000000
28.700000000000003,ground_truth,-4.403297,9.202016,-3.138639,0.000000,0.000000,0.000000
28.720000000000002,ground_truth,-4.416911,9.202039,-3.138278,0.000000,0.000000,0.000000
28.740000000000002,ground_truth,-4.430544,9.202014,-3.138498,0.000000,0.000000,0.000000
28.76,ground_truth,-4.443068,9.202013,-3.138340,0.000000,0.000000,0.000000
28.78,ground_truth,-4.455362,9.201979,-3.138768,0.000000,0.000000,0.000000
28.8,ground_truth,-4.466028,9.202008,-3.138528,0.000000,0.000000,0.000000
28.82,ground_truth,-4.476655,9.201997,-3.138729,0.000000,0.000000,0.000000
28.840000000000003,ground_truth,-4.486769,9.201981,-3.138780,0.000000,0.000000,0.000000
28.860000000000003,ground_truth,-4.497175,9.201938,-3.139356,0.000000,0.000000,0.000000
28.880000000000003,ground_truth,-4.506821,9.201901,-3.139694,0.000000,0.000000,0.000000
28.900000000000002,ground_truth,-4.515000,9.201925,-3.139343,0.000000,0.000000,0.000000
28.92,ground_truth,-4.523334,9.201914,-3.139686,0.000000,0.000000,0.000000
28.94,ground_truth,-4.530873,9.201920,-3.139478,0.000000,0.000000,0.000000
28.96,ground_truth,-4.537807,9.201927,-3.139306,0.000000,0.000000,0.000000
28.98,ground_truth,-4.544079,9.201950,-3.139324,0.000000,0.000000,0.000000
29.000000000000004,ground_truth,-4.549529,9.201946,-3.139514,0.000000,0.000000,0.000000
29.020000000000003,ground_truth,-4.555489,9.201906,-3.140486,0.000000,0.000000,0.000000
29.040000000000003,ground_truth,-4.561353,9.201885,-3.140932,0.000000,0.000000,0.000000
29.060000000000002,ground_truth,-4.567138,9.201872,-3.141111,0.000000,0.000000,0.000000
29.080000000000002,ground_truth,-4.573292,9.201841,3.141566,0.000000,0.000000,0.000000
29.1,ground_truth,-4.578522,9.201854,-3.141528,0.000000,0.000000,0.000000
29.12,ground_truth,-4.583350,9.201861,-3.141565,0.000000,0.000000,0.000000
29.14,ground_truth,-4.587333,9.201922,-3.141221,0.000000,0.000000,0.000000
29.16,ground_truth,-4.591858,9.201945,-3.141311,0.000000,0.000000,0.000000
29.180000000000003,ground_truth,-4.595977,9.201942,-3.141581,0.000000,0.000000,0.000000
29.200000000000003,ground_truth,-4.600377,9.201942,3.141296,0.000000,0.000000,0.000000
29.220000000000002,ground_truth,-4.604582,9.201963,3.141302,0.000000,0.000000,0.000000
29.240000000000002,ground_truth,-4.608473,9.202007,3.141376,0.000000,0.000000,0.000000
29.26,ground_truth,-4.612362,9.202024,3.141241,0.000000,0.000000,0.000000
29.28,ground_truth,-4.616329,9.202024,3.140923,0.000000,0.000000,0.000000
29.3,ground_truth,-4.620187,9.202033,3.140832,0.000000,0.000000,0.000000
29.32,ground_truth,-4.624081,9.202037,3.140639,0.000000,0.000000,0.000000
29.340000000000003,ground_truth,-4.627124,9.202118,3.140996,0.000000,0.000000,0.000000
29.360000000000003,ground_truth,-4.630358,9.202147,3.140871,0.000000,0.000000,0.000000
29.380000000000003,ground_truth,-4.633317,9.202163,3.140709,0.000000,0.000000,0.000000
29.400000000000002,ground_truth,-4.636339,9.202172,3.140645,0.000000,0.000000,0.000000
29.42,ground_truth,-4.639550,9.202172,3.140420,0.000000,0.000000,0.000000
29.44,ground_truth,-4.642325,9.202224,3.140718,0.000000,0.000000,0.000000
29.46,ground_truth,-4.644764,9.202276,3.140781,0.000000,0.000000,0.000000
29.48,ground_truth,-4.646689,9.202311,3.140776,0.000000,0.000000,0.000000
29.500000000000004,ground_truth,-4.648951,9.202319,3.140638,0.000000,0.000000,0.000000
29.520000000000003,ground_truth,-4.651511,9.202321,3.140441,0.000000,0.000000,0.000000
29.540000000000003,ground_truth,-4.653640,9.202349,3.140564,0.000000,0.000000,0.000000
29.560000000000002,ground_truth,-4.655735,9.202378,3.140654,0.000000,0.000000,0.000000
29.580000000000002,ground_truth,-4.657682,9.202403,3.140564,0.000000,0.000000,0.000000
29.6,ground_truth,-4.659656,9.202425,3.140637,0.000000,0.000000,0.000000
29.62,ground_truth,-4.661409,9.202446,3.140558,0.000000,0.000000,0.000000
29.64,ground_truth,-4.663158,9.202449,3.140470,0.000000,0.000000,0.000000
29.66,ground_truth,-4.665076,9.202460,3.140457,0.000000,0.000000,0.000000
29.680000000000003,ground_truth,-4.666710,9.202495,3.140474,0.000000,0.000000,0.000000
29.700000000000003,ground_truth,-4.668044,9.202552,3.140708,0.000000,0.000000,0.000000
29.720000000000002,ground_truth,-4.669564,9.202566,3.140597,0.000000,0.000000,0.000000
29.740000000000002,ground_truth,-4.671082,9.202568,3.140587,0.000000,0.000000,0.000000
29.76,ground_truth,-4.672691,9.202570,3.140517,0.000000,0.000000,0.000000
29.78,ground_truth,-4.673843,9.202625,3.140779,0.000000,0.000000,0.000000
29.8,ground_truth,-4.675205,9.202634,3.140846,0.000000,0.000000,0.000000
29.82,ground_truth,-4.676271,9.202645,3.140958,0.000000,0.000000,0.000000
29.840000000000003,ground_truth,-4.677515,9.202645,3.140974,0.000000,0.000000,0.000000
29.860000000000003,ground_truth,-4.678808,9.202646,3.140957,0.000000,0.000000,0.000000
29.880000000000003,ground_truth,-4.679762,9.202632,3.140959,0.000000,0.000000,0.000000
29.900000000000002,ground_truth,-4.680965,9.202632,3.140934,0.000000,0.000000,0.000000
29.92,ground_truth,-4.681759,9.202616,3.140899,0.000000,0.000000,0.000000
29.94,ground_truth,-4.682461,9.202606,3.140844,0.000000,0.000000,0.000000
29.96,ground_truth,-4.683167,9.202607,3.140870,0.000000,0.000000,0.000000
29.98,ground_truth,-4.684155,9.202607,3.140836,0.000000,0.000000,0.000000
30.000000000000004,ground_truth,-4.685041,9.202608,3.140837,0.000000,0.000000,0.000000
30.020000000000003,ground_truth,-4.685815,9.202599,3.140802,0.000000,0.000000,0.000000
30.040000000000003,ground_truth,-4.686522,9.202586,3.140728,0.000000,0.000000,0.000000
30.060000000000002,ground_truth,-4.687240,9.202587,3.140740,0.000000,0.000000,0.000000
30.080000000000002,ground_truth,-4.687907,9.202587,3.140741,0.000000,0.000000,0.000000
30.1,ground_truth,-4.688721,9.202588,3.140730,0.000000,0.000000,0.000000
30.12,ground_truth,-4.689282,9.202583,3.140697,0.000000,0.000000,0.000000
30.14,ground_truth,-4.689994,9.202582,3.140677,0.000000,0.000000,0.000000
30.16,ground_truth,-4.690451,9.202579,3.140671,0.000000,0.000000,0.000000
30.180000000000003,ground_truth,-4.691030,9.202579,3.140654,0.000000,0.000000,0.000000
30.200000000000003,ground_truth,-4.691654,9.202579,3.140651,0.000000,0.000000,0.000000
30.220000000000002,ground_truth,-4.692108,9.202580,3.140641,0.000000,0.000000,0.000000
30.240000000000002,ground_truth,-4.692559,9.202579,3.140635,0.000000,0.000000,0.000000
30.26,ground_truth,-4.693115,9.202579,3.140628,0.000000,0.000000,0.000000
30.28,ground_truth,-4.693446,9.202577,3.140613,0.000000,0.000000,0.000000
30.3,ground_truth,-4.693923,9.202578,3.140611,0.000000,0.000000,0.000000
30.32,ground_truth,-4.694390,9.202578,3.140606,0.000000,0.000000,0.000000
30.340000000000003,ground_truth,-4.694743,9.202578,3.140598,0.000000,0.000000,0.000000
30.360000000000003,ground_truth,-4.695083,9.202578,3.140599,0.000000,0.000000,0.000000
30.380000000000003,ground_truth,-4.695461,9.202579,3.140592,0.000000,0.000000,0.000000
30.400000000000002,ground_truth,-4.695820,9.202579,3.140592,0.000000,0.000000,0.000000
30.42,ground_truth,-4.696181,9.202579,3.140588,0.000000,0.000000,0.000000
30.44,ground_truth,-4.696559,9.202580,3.140584,0.000000,0.000000,0.000000
30.46,ground_truth,-4.696827,9.202580,3.140585,0.000000,0.000000,0.000000
30.48,ground_truth,-4.697103,9.202580,3.140581,0.000000,0.000000,0.000000
30.500000000000004,ground_truth,-4.697439,9.202581,3.140581,0.000000,0.000000,0.000000
30.520000000000003,ground_truth,-4.697719,9.202581,3.140580,0.000000,0.000000,0.000000
30.540000000000003,ground_truth,-4.698038,9.202581,3.140577,0.000000,0.000000,0.000000
30.560000000000002,ground_truth,-4.698253,9.202581,3.140578,0.000000,0.000000,0.000000
30.580000000000002,ground_truth,-4.698470,9.202582,3.140576,0.000000,0.000000,0.000000
30.6,ground_truth,-4.698747,9.202582,3.140576,0.000000,0.000000,0.000000
30.62,ground_truth,-4.699002,9.202582,3.140575,0.000000,0.000000,0.000000
30.64,ground_truth,-4.699265,9.202582,3.140576,0.000000,0.000000,0.000000
30.66,ground_truth,-4.699453,9.202583,3.140576,0.000000,0.000000,0.000000
30.680000000000003,ground_truth,-4.699674,9.202583,3.140575,0.000000,0.000000,0.000000
30.700000000000003,ground_truth,-4.699861,9.202583,3.140576,0.000000,0.000000,0.000000
30.720000000000002,ground_truth,-4.700006,9.202583,3.140576,0.000000,0.000000,0.000000
30.740000000000002,ground_truth,-4.700212,9.202583,3.140576,0.000000,0.000000,0.000000
30.76,ground_truth,-4.700396,9.202587,3.140677,0.000000,0.000000,0.000000
30.78,ground_truth,-4.700644,9.203045,-3.133711,0.000000,0.000000,0.000000
30.8,ground_truth,-4.701106,9.204219,-3.112243,0.000000,0.000000,0.000000
30.82,ground_truth,-4.701430,9.205781,-3.078560,0.000000,0.000000,0.000000
30.840000000000003,ground_truth,-4.701607,9.207408,-3.035151,0.000000,0.000000,0.000000
30.860000000000003,ground_truth,-4.701749,9.208950,-2.984687,0.000000,0.000000,0.000000
30.880000000000003,ground_truth,-4.701905,9.210382,-2.929121,0.000000,0.000000,0.000000
30.900000000000002,ground_truth,-4.702218,9.211627,-2.875783,0.000000,0.000000,0.000000
30.92,ground_truth,-4.702561,9.212901,-2.818834,0.000000,0.000000,0.000000
30.94,ground_truth,-4.703219,9.213790,-2.775356,0.000000,0.000000,0.000000
30.96,ground_truth,-4.704379,9.214997,-2.725019,0.000000,0.000000,0.000000
30.98,ground_truth,-4.706048,9.216480,-2.669880,0.000000,0.000000,0.000000
31.000000000000004,ground_truth,-4.707981,9.218244,-2.610172,0.000000,0.000000,0.000000
31.020000000000003,ground_truth,-4.709834,9.220255,-2.547287,0.000000,0.000000,0.000000
31.040000000000003,ground_truth,-4.711718,9.221903,-2.491265,0.000000,0.000000,0.000000
31.060000000000002,ground_truth,-4.713631,9.223365,-2.435947,0.000000,0.000000,0.000000
31.080000000000002,ground_truth,-4.715332,9.224443,-2.389204,0.000000,0.000000,0.000000
31.1,ground_truth,-4.717190,9.225307,-2.341054,0.000000,0.000000,0.000000
31.12,ground_truth,-4.719189,9.225843,-2.292306,0.000000,0.000000,0.000000
31.14,ground_truth,-4.721281,9.225906,-2.250462,0.000000,0.000000,0.000000
31.160000000000004,ground_truth,-4.723405,9.225886,-2.212062,0.000000,0.000000,0.000000
31.180000000000003,ground_truth,-4.725346,9.225919,-2.174086,0.000000,0.000000,0.000000
31.200000000000003,ground_truth,-4.727318,9.226212,-2.131958,0.000000,0.000000,0.000000
31.220000000000002,ground_truth,-4.729240,9.226652,-2.087669,0.000000,0.000000,0.000000
31.240000000000002,ground_truth,-4.731045,9.227126,-2.043988,0.000000,0.000000,0.000000
31.26,ground_truth,-4.732677,9.227572,-2.001972,0.000000,0.000000,0.000000
31.28,ground_truth,-4.733811,9.227661,-1.970166,0.000000,0.000000,0.000000
31.3,ground_truth,-4.734799,9.227752,-1.940419,0.000000,0.000000,0.000000
31.32,ground_truth,-4.735261,9.227535,-1.921671,0.000000,0.000000,0.000000
31.340000000000003,ground_truth,-4.735921,9.227564,-1.895859,0.000000,0.000000,0.000000
31.360000000000003,ground_truth,-4.736744,9.227833,-1.865752,0.000000,0.000000,0.000000
31.380000000000003,ground_truth,-4.737283,9.228658,-1.845648,0.000000,0.000000,0.000000
31.400000000000002,ground_truth,-4.737996,9.229588,-1.821592,0.000000,0.000000,0.000000
31.42,ground_truth,-4.738790,9.230455,-1.801362,0.000000,0.000000,0.000000
31.44,ground_truth,-4.739830,9.231096,-1.776914,0.000000,0.000000,0.000000
31.46,ground_truth,-4.740978,9.231603,-1.748657,0.000000,0.000000,0.000000
31.48,ground_truth,-4.741952,9.232223,-1.720954,0.000000,0.000000,0.000000
31.500000000000004,ground_truth,-4.742864,9.233362,-1.693357,0.000000,0.000000,0.000000
31.520000000000003,ground_truth,-4.743762,9.234882,-1.669439,0.000000,0.000000,0.000000
31.540000000000003,ground_truth,-4.744332,9.236188,-1.648057,0.000000,0.000000,0.000000
31.560000000000002,ground_truth,-4.744919,9.236831,-1.628740,0.000000,0.000000,0.000000
31.580000000000002,ground_truth,-4.745418,9.238150,-1.611232,0.000000,0.000000,0.000000
31.6,ground_truth,-4.745976,9.239606,-1.590643,0.000000,0.000000,0.000000
31.62,ground_truth,-4.746360,9.241310,-1.573377,0.000000,0.000000,0.000000
31.64,ground_truth,-4.746538,9.242715,-1.558052,0.000000,0.000000,0.000000
31.660000000000004,ground_truth,-4.746782,9.243786,-1.544014,0.000000,0.000000,0.000000
31.680000000000003,ground_truth,-4.746970,9.243978,-1.531667,0.000000,0.000000,0.000000
31.700000000000003,ground_truth,-4.747423,9.244310,-1.515740,0.000000,0.000000,0.000000
31.720000000000002,ground_truth,-4.747637,9.245392,-1.505948,0.000000,0.000000,0.000000
31.740000000000002,ground_truth,-4.747739,9.246257,-1.496039,0.000000,0.000000,0.000000
31.76,ground_truth,-4.747669,9.246361,-1.489237,0.000000,0.000000,0.000000
31.78,ground_truth,-4.747973,9.246238,-1.475190,0.000000,0.000000,0.000000
31.8,ground_truth,-4.748459,9.245202,-1.454841,0.000000,0.000000,0.000000
31.82,ground_truth,-4.749402,9.242890,-1.434558,0.000000,0.000000,0.000000
31.840000000000003,ground_truth,-4.749567,9.239533,-1.412295,0.000000,0.000000,0.000000
31.860000000000003,ground_truth,-4.748540,9.234675,-1.393189,0.000000,0.000000,0.000000
31.880000000000003,ground_truth,-4.746200,9.228916,-1.377476,0.000000,0.000000,0.000000
31.900000000000002,ground_truth,-4.744006,9.221908,-1.360713,0.000000,0.000000,0.000000
31.92,ground_truth,-4.741765,9.213369,-1.344998,0.000000,0.000000,0.000000
31.94,ground_truth,-4.739518,9.203774,-1.327891,0.000000,0.000000,0.000000
31.96,ground_truth,-4.737184,9.193312,-1.309851,0.000000,0.000000,0.000000
31.98,ground_truth,-4.734656,9.181808,-1.293675,0.000000,0.000000,0.000000
32.0,ground_truth,-4.731671,9.169324,-1.279801,0.000000,0.000000,0.000000
32.02,ground_truth,-4.728306,9.156135,-1.266929,0.000000,0.000000,0.000000
32.04,ground_truth,-4.724591,9.142431,-1.253800,0.000000,0.000000,0.000000
32.06,ground_truth,-4.720592,9.128512,-1.241866,0.000000,0.000000,0.000000
32.080000000000005,ground_truth,-4.716689,9.114767,-1.230859,0.000000,0.000000,0.000000
32.1,ground_truth,-4.713702,9.101415,-1.217396,0.000000,0.000000,0.000000
32.120000000000005,ground_truth,-4.710270,9.087790,-1.205775,0.000000,0.000000,0.000000
32.14,ground_truth,-4.706179,9.073782,-1.195769,0.000000,0.000000,0.000000
32.160000000000004,ground_truth,-4.701732,9.059639,-1.187639,0.000000,0.000000,0.000000
32.18,ground_truth,-4.697233,9.045775,-1.181591,0.000000,0.000000,0.000000
32.2,ground_truth,-4.692843,9.032758,-1.180002,0.000000,0.000000,0.000000
32.22,ground_truth,-4.687883,9.019235,-1.181692,0.000000,0.000000,0.000000
32.24,ground_truth,-4.682406,9.004729,-1.183356,0.000000,0.000000,0.000000
32.260000000000005,ground_truth,-4.676536,8.989431,-1.184688,0.000000,0.000000,0.000000
32.28,ground_truth,-4.670357,8.973499,-1.185656,0.000000,0.000000,0.000000
32.300000000000004,ground_truth,-4.663963,8.957072,-1.185807,0.000000,0.000000,0.000000
32.32,ground_truth,-4.657352,8.940231,-1.185908,0.000000,0.000000,0.000000
32.34,ground_truth,-4.650582,8.923061,-1.185681,0.000000,0.000000,0.000000
32.36,ground_truth,-4.643674,8.905624,-1.185286,0.000000,0.000000,0.000000
32.38,ground_truth,-4.636653,8.887973,-1.184758,0.000000,0.000000,0.000000
32.4,ground_truth,-4.629525,8.870111,-1.183945,0.000000,0.000000,0.000000
32.42,ground_truth,-4.622344,8.852193,-1.183055,0.000000,0.000000,0.000000
32.440000000000005,ground_truth,-4.615115,8.834234,-1.182246,0.000000,0.000000,0.000000
32.46,ground_truth,-4.607821,8.816175,-1.181441,0.000000,0.000000,0.000000
32.480000000000004,ground_truth,-4.600485,8.798078,-1.180708,0.000000,0.000000,0.000000
32.5,ground_truth,-4.593241,8.780300,-1.180340,0.000000,0.000000,0.000000
32.52,ground_truth,-4.585972,8.762485,-1.179897,0.000000,0.000000,0.000000
32.54,ground_truth,-4.578778,8.744936,-1.179893,0.000000,0.000000,0.000000
32.56,ground_truth,-4.571509,8.727226,-1.179854,0.000000,0.000000,0.000000
32.580000000000005,ground_truth,-4.564190,8.709401,-1.179739,0.000000,0.000000,0.000000
32.6,ground_truth,-4.556842,8.691507,-1.179559,0.000000,0.000000,0.000000
32.620000000000005,ground_truth,-4.549940,8.674608,-1.178906,0.000000,0.000000,0.000000
32.64,ground_truth,-4.543750,8.659312,-1.177881,0.000000,0.000000,0.000000
32.660000000000004,ground_truth,-4.537811,8.644676,-1.177063,0.000000,0.000000,0.000000
32.68,ground_truth,-4.532119,8.630667,-1.176515,0.000000,0.000000,0.000000
32.7,ground_truth,-4.526309,8.616507,-1.176416,0.000000,0.000000,0.000000
32.72,ground_truth,-4.520392,8.602125,-1.176317,0.000000,0.000000,0.000000
32.74,ground_truth,-4.514615,8.588130,-1.176429,0.000000,0.000000,0.000000
32.760000000000005,ground_truth,-4.508936,8.574435,-1.176850,0.000000,0.000000,0.000000
32.78,ground_truth,-4.503440,8.561324,-1.178141,0.000000,0.000000,0.000000
32.800000000000004,ground_truth,-4.497804,8.548333,-1.189127,0.000000,0.000000,0.000000
32.82,ground_truth,-4.491985,8.534359,-1.198622,0.000000,0.000000,0.000000
32.84,ground_truth,-4.486099,8.519500,-1.204070,0.000000,0.000000,0.000000
32.86,ground_truth,-4.480021,8.503933,-1.208676,0.000000,0.000000,0.000000
32.88,ground_truth,-4.473873,8.487824,-1.211263,0.000000,0.000000,0.000000
32.9,ground_truth,-4.467570,8.471233,-1.213772,0.000000,0.000000,0.000000
32.92,ground_truth,-4.461194,8.454228,-1.215097,0.000000,0.000000,0.000000
32.940000000000005,ground_truth,-4.454759,8.436890,-1.215350,0.000000,0.000000,0.000000
32.96,ground_truth,-4.448240,8.419277,-1.215224,0.000000,0.000000,0.000000
32.980000000000004,ground_truth,-4.441637,8.401439,-1.215035,0.000000,0.000000,0.000000
33.0,ground_truth,-4.434993,8.383482,-1.214672,0.000000,0.000000,0.000000
33.02,ground_truth,-4.428350,8.365541,-1.214237,0.000000,0.000000,0.000000
33.04,ground_truth,-4.421625,8.347402,-1.213756,0.000000,0.000000,0.000000
33.06,ground_truth,-4.414850,8.329157,-1.213343,0.000000,0.000000,0.000000
33.080000000000005,ground_truth,-4.408242,8.311328,-1.212536,0.000000,0.000000,0.000000
33.1,ground_truth,-4.401687,8.293664,-1.211739,0.000000,0.000000,0.000000
33.120000000000005,ground_truth,-4.395225,8.276330,-1.211128,0.000000,0.000000,0.000000
33.14,ground_truth,-4.388653,8.258783,-1.210881,0.000000,0.000000,0.000000
33.160000000000004,ground_truth,-4.382049,8.241184,-1.210749,0.000000,0.000000,0.000000
33.18,ground_truth,-4.375657,8.224132,-1.210553,0.000000,0.000000,0.000000
33.2,ground_truth,-4.369237,8.207019,-1.210343,0.000000,0.000000,0.000000
33.22,ground_truth,-4.363064,8.190511,-1.209962,0.000000,0.000000,0.000000
33.24,ground_truth,-4.356845,8.173918,-1.209644,0.000000,0.000000,0.000000
33.260000000000005,ground_truth,-4.350733,8.157634,-1.209300,0.000000,0.000000,0.000000
33.28,ground_truth,-4.344917,8.142104,-1.208965,0.000000,0.000000,0.000000
33.300000000000004,ground_truth,-4.339068,8.126525,-1.208723,0.000000,0.000000,0.000000
33.32,ground_truth,-4.333449,8.111605,-1.209323,0.000000,0.000000,0.000000
33.34,ground_truth,-4.327766,8.096730,-1.212526,0.000000,0.000000,0.000000
33.36,ground_truth,-4.321822,8.081128,-1.215943,0.000000,0.000000,0.000000
33.38,ground_truth,-4.315692,8.064911,-1.219214,0.000000,0.000000,0.000000
33.4,ground_truth,-4.309417,8.048203,-1.222509,0.000000,0.000000,0.000000
33.42,ground_truth,-4.303081,8.031103,-1.224999,0.000000,0.000000,0.000000
33.440000000000005,ground_truth,-4.296677,8.013679,-1.227265,0.000000,0.000000,0.000000
33.46,ground_truth,-4.290258,7.995999,-1.228642,0.000000,0.000000,0.000000
33.480000000000004,ground_truth,-4.283799,7.978099,-1.229758,0.000000,0.000000,0.000000
33.5,ground_truth,-4.277310,7.960013,-1.230560,0.000000,0.000000,0.000000
33.52,ground_truth,-4.270815,7.941806,-1.230979,0.000000,0.000000,0.000000
33.54,ground_truth,-4.264337,7.923567,-1.231067,0.000000,0.000000,0.000000
33.56,ground_truth,-4.257910,7.905410,-1.230837,0.000000,0.000000,0.000000
33.580000000000005,ground_truth,-4.251436,7.887093,-1.230442,0.000000,0.000000,0.000000
33.6,ground_truth,-4.244934,7.868686,-1.229921,0.000000,0.000000,0.000000
33.620000000000005,ground_truth,-4.238601,7.850819,-1.229865,0.000000,0.000000,0.000000
33.64,ground_truth,-4.232295,7.833004,-1.229660,0.000000,0.000000,0.000000
33.660000000000004,ground_truth,-4.226047,7.815391,-1.229666,0.000000,0.000000,0.000000
33.68,ground_truth,-4.219941,7.798016,-1.229005,0.000000,0.000000,0.000000
33.7,ground_truth,-4.213999,7.780985,-1.227940,0.000000,0.000000,0.000000
33.72,ground_truth,-4.207965,7.763833,-1.227316,0.000000,0.000000,0.000000
33.74,ground_truth,-4.201859,7.746565,-1.226904,0.000000,0.000000,0.000000
33.760000000000005,ground_truth,-4.195970,7.729951,-1.226756,0.000000,0.000000,0.000000
33.78,ground_truth,-4.190232,7.713719,-1.226621,0.000000,0.000000,0.000000
33.800000000000004,ground_truth,-4.184664,7.697935,-1.226919,0.000000,0.000000,0.000000
33.82,ground_truth,-4.179188,7.682369,-1.226707,0.000000,0.000000,0.000000
33.84,ground_truth,-4.173832,7.667043,-1.225942,0.000000,0.000000,0.000000
33.86,ground_truth,-4.168969,7.652810,-1.224343,0.000000,0.000000,0.000000
33.88,ground_truth,-4.163789,7.638379,-1.226994,0.000000,0.000000,0.000000
33.9,ground_truth,-4.158310,7.623281,-1.231035,0.000000,0.000000,0.000000
33.92,ground_truth,-4.152645,7.607441,-1.234133,0.000000,0.000000,0.000000
33.940000000000005,ground_truth,-4.146850,7.591005,-1.236146,0.000000,0.000000,0.000000
33.96,ground_truth,-4.140996,7.574121,-1.236504,0.000000,0.000000,0.000000
33.980000000000004,ground_truth,-4.134987,7.556841,-1.237161,0.000000,0.000000,0.000000
34.0,ground_truth,-4.128879,7.539251,-1.237764,0.000000,0.000000,0.000000
34.02,ground_truth,-4.122714,7.521408,-1.237824,0.000000,0.000000,0.000000
34.04,ground_truth,-4.116480,7.503356,-1.237800,0.000000,0.000000,0.000000
34.06,ground_truth,-4.110196,7.485137,-1.237576,0.000000,0.000000,0.000000
34.080000000000005,ground_truth,-4.103867,7.466784,-1.237241,0.000000,0.000000,0.000000
34.1,ground_truth,-4.097556,7.448488,-1.236802,0.000000,0.000000,0.000000
34.120000000000005,ground_truth,-4.091213,7.430116,-1.236329,0.000000,0.000000,0.000000
34.14,ground_truth,-4.084943,7.411978,-1.235872,0.000000,0.000000,0.000000
34.160000000000004,ground_truth,-4.078779,7.394183,-1.235437,0.000000,0.000000,0.000000
34.18,ground_truth,-4.072527,7.376174,-1.235093,0.000000,0.000000,0.000000
34.2,ground_truth,-4.066400,7.358629,-1.235423,0.000000,0.000000,0.000000
34.22,ground_truth,-4.060192,7.340871,-1.235913,0.000000,0.000000,0.000000
34.24,ground_truth,-4.054128,7.323406,-1.235668,0.000000,0.000000,0.000000
34.260000000000005,ground_truth,-4.048019,7.305817,-1.235402,0.000000,0.000000,0.000000
34.28,ground_truth,-4.041910,7.288233,-1.235069,0.000000,0.000000,0.000000
34.300000000000004,ground_truth,-4.035973,7.271108,-1.234610,0.000000,0.000000,0.000000
34.32,ground_truth,-4.030126,7.254176,-1.233935,0.000000,0.000000,0.000000
34.34,ground_truth,-4.024591,7.237916,-1.233209,0.000000,0.000000,0.000000
34.36,ground_truth,-4.019180,7.222014,-1.232196,0.000000,0.000000,0.000000
34.38,ground_truth,-4.014042,7.206934,-1.231754,0.000000,0.000000,0.000000
34.400000000000006,ground_truth,-4.009042,7.192388,-1.231546,0.000000,0.000000,0.000000
34.42,ground_truth,-4.003776,7.177443,-1.233290,0.000000,0.000000,0.000000
34.440000000000005,ground_truth,-3.998232,7.161722,-1.235236,0.000000,0.000000,0.000000
34.46,ground_truth,-3.992495,7.145377,-1.236948,0.000000,0.000000,0.000000
34.480000000000004,ground_truth,-3.986607,7.128529,-1.238466,0.000000,0.000000,0.000000
34.5,ground_truth,-3.980596,7.111275,-1.239926,0.000000,0.000000,0.000000
34.52,ground_truth,-3.974504,7.093693,-1.241092,0.000000,0.000000,0.000000
34.54,ground_truth,-3.968362,7.075853,-1.241789,0.000000,0.000000,0.000000
34.56,ground_truth,-3.962166,7.057799,-1.242301,0.000000,0.000000,0.000000
34.580000000000005,ground_truth,-3.955939,7.039576,-1.242453,0.000000,0.000000,0.000000
34.6,ground_truth,-3.949680,7.021214,-1.242373,0.000000,0.000000,0.000000
34.620000000000005,ground_truth,-3.943395,7.002743,-1.242082,0.000000,0.000000,0.000000
34.64,ground_truth,-3.937147,6.984363,-1.241590,0.000000,0.000000,0.000000
34.660000000000004,ground_truth,-3.930885,6.965957,-1.241073,0.000000,0.000000,0.000000
34.68,ground_truth,-3.924749,6.947920,-1.240408,0.000000,0.000000,0.000000
34.7,ground_truth,-3.918649,6.930019,-1.239799,0.000000,0.000000,0.000000
34.72,ground_truth,-3.912608,6.912315,-1.239098,0.000000,0.000000,0.000000
34.74,ground_truth,-3.906472,6.894386,-1.238467,0.000000,0.000000,0.000000
34.760000000000005,ground_truth,-3.900278,6.876331,-1.237918,0.000000,0.000000,0.000000
34.78,ground_truth,-3.894103,6.858428,-1.237893,0.000000,0.000000,0.000000
34.800000000000004,ground_truth,-3.888012,6.840784,-1.238008,0.000000,0.000000,0.000000
34.82,ground_truth,-3.881984,6.823315,-1.238237,0.000000,0.000000,0.000000
34.84,ground_truth,-3.875942,6.805831,-1.238577,0.000000,0.000000,0.000000
34.86,ground_truth,-3.869934,6.788408,-1.238658,0.000000,0.000000,0.000000
34.88,ground_truth,-3.864346,6.771998,-1.237913,0.000000,0.000000,0.000000
34.900000000000006,ground_truth,-3.858917,6.756010,-1.237110,0.000000,0.000000,0.000000
34.92,ground_truth,-3.853967,6.741335,-1.236578,0.000000,0.000000,0.000000
34.940000000000005,ground_truth,-3.848991,6.726708,-1.236499,0.000000,0.000000,0.000000
34.96,ground_truth,-3.843982,6.712451,-1.238703,0.000000,0.000000,0.000000
34.980000000000004,ground_truth,-3.839084,6.698933,-1.250385,0.000000,0.000000,0.000000
35.0,ground_truth,-3.834918,6.686269,-1.267823,0.000000,0.000000,0.000000
35.02,ground_truth,-3.831026,6.673931,-1.284949,0.000000,0.000000,0.000000
35.04,ground_truth,-3.827519,6.662539,-1.304363,0.000000,0.000000,0.000000
35.06,ground_truth,-3.824025,6.650476,-1.319066,0.000000,0.000000,0.000000
35.080000000000005,ground_truth,-3.820468,6.637739,-1.330838,0.000000,0.000000,0.000000
35.1,ground_truth,-3.817072,6.624993,-1.343212,0.000000,0.000000,0.000000
35.120000000000005,ground_truth,-3.813830,6.611764,-1.353271,0.000000,0.000000,0.000000
35.14,ground_truth,-3.810341,6.597912,-1.365706,0.000000,0.000000,0.000000
35.160000000000004,ground_truth,-3.806896,6.583569,-1.376012,0.000000,0.000000,0.000000
35.18,ground_truth,-3.803444,6.568282,-1.384113,0.000000,0.000000,0.000000
35.2,ground_truth,-3.799941,6.552005,-1.390712,0.000000,0.000000,0.000000
35.22,ground_truth,-3.796535,6.535105,-1.394161,0.000000,0.000000,0.000000
35.24,ground_truth,-3.793082,6.517751,-1.397953,0.000000,0.000000,0.000000
35.260000000000005,ground_truth,-3.789661,6.500045,-1.401023,0.000000,0.000000,0.000000
35.28,ground_truth,-3.786238,6.481896,-1.403700,0.000000,0.000000,0.000000
35.300000000000004,ground_truth,-3.782864,6.463368,-1.405261,0.000000,0.000000,0.000000
35.32,ground_truth,-3.779530,6.444962,-1.407304,0.000000,0.000000,0.000000
35.34,ground_truth,-3.776249,6.426479,-1.409128,0.000000,0.000000,0.000000
35.36,ground_truth,-3.773104,6.408458,-1.410614,0.000000,0.000000,0.000000
35.38,ground_truth,-3.769988,6.390292,-1.411861,0.000000,0.000000,0.000000
35.400000000000006,ground_truth,-3.766981,6.372624,-1.412791,0.000000,0.000000,0.000000
35.42,ground_truth,-3.763995,6.354882,-1.413528,0.000000,0.000000,0.000000
35.440000000000005,ground_truth,-3.760986,6.336901,-1.414754,0.000000,0.000000,0.000000
35.46,ground_truth,-3.758173,6.319758,-1.415633,0.000000,0.000000,0.000000
35.480000000000004,ground_truth,-3.755440,6.303055,-1.416652,0.000000,0.000000,0.000000
35.5,ground_truth,-3.752956,6.287445,-1.416617,0.000000,0.000000,0.000000
35.52,ground_truth,-3.750522,6.271938,-1.416153,0.000000,0.000000,0.000000
35.54,ground_truth,-3.748376,6.257220,-1.417688,0.000000,0.000000,0.000000
35.56,ground_truth,-3.746162,6.241968,-1.421320,0.000000,0.000000,0.000000
35.580000000000005,ground_truth,-3.743750,6.225931,-1.425349,0.000000,0.000000,0.000000
35.6,ground_truth,-3.741264,6.209099,-1.428224,0.000000,0.000000,0.000000
35.620000000000005,ground_truth,-3.738684,6.191641,-1.430786,0.000000,0.000000,0.000000
35.64,ground_truth,-3.736097,6.173717,-1.432337,0.000000,0.000000,0.000000
35.660000000000004,ground_truth,-3.733466,6.155470,-1.433993,0.000000,0.000000,0.000000
35.68,ground_truth,-3.730761,6.136928,-1.436354,0.000000,0.000000,0.000000
35.7,ground_truth,-3.728099,6.118147,-1.438328,0.000000,0.000000,0.000000
35.72,ground_truth,-3.725486,6.099147,-1.439974,0.000000,0.000000,0.000000
35.74,ground_truth,-3.722913,6.079976,-1.441202,0.000000,0.000000,0.000000
35.760000000000005,ground_truth,-3.720390,6.060750,-1.441806,0.000000,0.000000,0.000000
35.78,ground_truth,-3.717870,6.041401,-1.442314,0.000000,0.000000,0.000000
35.800000000000004,ground_truth,-3.715388,6.022209,-1.442534,0.000000,0.000000,0.000000
35.82,ground_truth,-3.712917,6.003089,-1.442756,0.000000,0.000000,0.000000
35.84,ground_truth,-3.710525,5.984334,-1.442303,0.000000,0.000000,0.000000
35.86,ground_truth,-3.708127,5.965607,-1.441868,0.000000,0.000000,0.000000
35.88,ground_truth,-3.705695,5.946731,-1.441663,0.000000,0.000000,0.000000
35.900000000000006,ground_truth,-3.703351,5.928427,-1.441088,0.000000,0.000000,0.000000
35.92,ground_truth,-3.700991,5.910089,-1.440674,0.000000,0.000000,0.000000
35.940000000000005,ground_truth,-3.698701,5.892164,-1.440054,0.000000,0.000000,0.000000
35.96,ground_truth,-3.696331,5.873914,-1.439943,0.000000,0.000000,0.000000
35.980000000000004,ground_truth,-3.693982,5.855840,-1.439739,0.000000,0.000000,0.000000
36.0,ground_truth,-3.691738,5.838469,-1.439381,0.000000,0.000000,0.000000
36.02,ground_truth,-3.689470,5.820865,-1.438864,0.000000,0.000000,0.000000
36.04,ground_truth,-3.687444,5.804350,-1.437201,0.000000,0.000000,0.000000
36.06,ground_truth,-3.685411,5.787894,-1.436166,0.000000,0.000000,0.000000
36.080000000000005,ground_truth,-3.683745,5.773621,-1.434569,0.000000,0.000000,0.000000
36.1,ground_truth,-3.681993,5.759417,-1.434688,0.000000,0.000000,0.000000
36.120000000000005,ground_truth,-3.680123,5.745334,-1.437040,0.000000,0.000000,0.000000
36.14,ground_truth,-3.678198,5.730706,-1.439165,0.000000,0.000000,0.000000
36.160000000000004,ground_truth,-3.676214,5.715529,-1.441094,0.000000,0.000000,0.000000
36.18,ground_truth,-3.674187,5.699865,-1.442648,0.000000,0.000000,0.000000
36.2,ground_truth,-3.672110,5.683762,-1.444167,0.000000,0.000000,0.000000
36.22,ground_truth,-3.669996,5.667263,-1.445502,0.000000,0.000000,0.000000
36.24,ground_truth,-3.667860,5.650414,-1.446494,0.000000,0.000000,0.000000
36.260000000000005,ground_truth,-3.665691,5.633249,-1.447429,0.000000,0.000000,0.000000
36.28,ground_truth,-3.663499,5.615801,-1.448236,0.000000,0.000000,0.000000
36.300000000000004,ground_truth,-3.661283,5.598069,-1.448939,0.000000,0.000000,0.000000
36.32,ground_truth,-3.659033,5.579938,-1.449490,0.000000,0.000000,0.000000
36.34,ground_truth,-3.656767,5.561535,-1.449862,0.000000,0.000000,0.000000
36.36,ground_truth,-3.654476,5.542884,-1.450231,0.000000,0.000000,0.000000
36.38,ground_truth,-3.652197,5.524242,-1.450524,0.000000,0.000000,0.000000
36.400000000000006,ground_truth,-3.649913,5.505545,-1.450881,0.000000,0.000000,0.000000
36.42,ground_truth,-3.647681,5.487224,-1.451260,0.000000,0.000000,0.000000
36.440000000000005,ground_truth,-3.645427,5.468612,-1.451481,0.000000,0.000000,0.000000
36.46,ground_truth,-3.643162,5.449858,-1.451656,0.000000,0.000000,0.000000
36.480000000000004,ground_truth,-3.640964,5.431694,-1.451979,0.000000,0.000000,0.000000
36.5,ground_truth,-3.638783,5.413634,-1.452264,0.000000,0.000000,0.000000
36.52,ground_truth,-3.636645,5.396067,-1.452761,0.000000,0.000000,0.000000
36.54,ground_truth,-3.634529,5.378514,-1.453011,0.000000,0.000000,0.000000
36.56,ground_truth,-3.632397,5.360737,-1.453191,0.000000,0.000000,0.000000
36.580000000000005,ground_truth,-3.630376,5.343464,-1.452926,0.000000,0.000000,0.000000
36.6,ground_truth,-3.628319,5.325885,-1.452536,0.000000,0.000000,0.000000
36.620000000000005,ground_truth,-3.626337,5.308959,-1.452478,0.000000,0.000000,0.000000
36.64,ground_truth,-3.624361,5.292111,-1.452365,0.000000,0.000000,0.000000
36.660000000000004,ground_truth,-3.622487,5.276329,-1.452754,0.000000,0.000000,0.000000
36.68,ground_truth,-3.620832,5.262171,-1.452552,0.000000,0.000000,0.000000
36.7,ground_truth,-3.619038,5.247462,-1.453363,0.000000,0.000000,0.000000
36.72,ground_truth,-3.617217,5.232193,-1.453532,0.000000,0.000000,0.000000
36.74,ground_truth,-3.615334,5.216251,-1.453405,0.000000,0.000000,0.000000
36.760000000000005,ground_truth,-3.613397,5.199730,-1.453049,0.000000,0.000000,0.000000
36.78,ground_truth,-3.611406,5.182730,-1.452704,0.000000,0.000000,0.000000
36.800000000000004,ground_truth,-3.609340,5.165274,-1.452610,0.000000,0.000000,0.000000
36.82,ground_truth,-3.607156,5.147282,-1.453457,0.000000,0.000000,0.000000
36.84,ground_truth,-3.604874,5.128809,-1.455117,0.000000,0.000000,0.000000
36.86,ground_truth,-3.602580,5.110050,-1.456677,0.000000,0.000000,0.000000
36.88,ground_truth,-3.600293,5.091074,-1.457972,0.000000,0.000000,0.000000
36.900000000000006,ground_truth,-3.598001,5.071904,-1.459273,0.000000,0.000000,0.000000
36.92,ground_truth,-3.595774,5.052807,-1.459964,0.000000,0.000000,0.000000
36.940000000000005,ground_truth,-3.593610,5.033909,-1.460171,0.000000,0.000000,0.000000
36.96,ground_truth,-3.591512,5.015271,-1.459842,0.000000,0.000000,0.000000
36.980000000000004,ground_truth,-3.589371,4.996386,-1.459936,0.000000,0.000000,0.000000
37.0,ground_truth,-3.587211,4.977304,-1.460153,0.000000,0.000000,0.000000
37.02,ground_truth,-3.585107,4.958480,-1.459966,0.000000,0.000000,0.000000
37.04,ground_truth,-3.583102,4.940294,-1.459254,0.000000,0.000000,0.000000
37.06,ground_truth,-3.581181,4.922565,-1.458242,0.000000,0.000000,0.000000
37.080000000000005,ground_truth,-3.579197,4.904613,-1.457815,0.000000,0.000000,0.000000
37.1,ground_truth,-3.577178,4.886587,-1.457730,0.000000,0.000000,0.000000
37.120000000000005,ground_truth,-3.575217,4.869188,-1.457999,0.000000,0.000000,0.000000
37.14,ground_truth,-3.573241,4.852012,-1.458805,0.000000,0.000000,0.000000
37.160000000000004,ground_truth,-3.571592,4.836437,-1.457485,0.000000,0.000000,0.000000
37.18,ground_truth,-3.570007,4.821293,-1.456493,0.000000,0.000000,0.000000
37.2,ground_truth,-3.568478,4.806980,-1.455875,0.000000,0.000000,0.000000
37.22,ground_truth,-3.566726,4.791522,-1.456481,0.000000,0.000000,0.000000
37.24,ground_truth,-3.564848,4.775179,-1.457499,0.000000,0.000000,0.000000
37.260000000000005,ground_truth,-3.562887,4.758161,-1.458668,0.000000,0.000000,0.000000
37.28,ground_truth,-3.560836,4.740690,-1.460416,0.000000,0.000000,0.000000
37.300000000000004,ground_truth,-3.558748,4.722890,-1.462082,0.000000,0.000000,0.000000
37.32,ground_truth,-3.556649,4.704752,-1.463504,0.000000,0.000000,0.000000
37.34,ground_truth,-3.554569,4.686278,-1.464376,0.000000,0.000000,0.000000
37.36,ground_truth,-3.552516,4.667541,-1.464519,0.000000,0.000000,0.000000
37.38,ground_truth,-3.550464,4.648582,-1.464358,0.000000,0.000000,0.000000
37.400000000000006,ground_truth,-3.548394,4.629424,-1.464239,0.000000,0.000000,0.000000
37.42,ground_truth,-3.546317,4.610170,-1.464143,0.000000,0.000000,0.000000
37.440000000000005,ground_truth,-3.544247,4.590898,-1.463964,0.000000,0.000000,0.000000
37.46,ground_truth,-3.542171,4.571510,-1.463631,0.000000,0.000000,0.000000
37.480000000000004,ground_truth,-3.540088,4.552030,-1.463217,0.000000,0.000000,0.000000
37.5,ground_truth,-3.538025,4.532864,-1.463019,0.000000,0.000000,0.000000
37.52,ground_truth,-3.536004,4.514212,-1.463077,0.000000,0.000000,0.000000
37.54,ground_truth,-3.533994,4.495596,-1.463035,0.000000,0.000000,0.000000
37.56,ground_truth,-3.531972,4.476818,-1.462846,0.000000,0.000000,0.000000
37.580000000000005,ground_truth,-3.529940,4.457909,-1.462509,0.000000,0.000000,0.000000
37.6,ground_truth,-3.527955,4.439552,-1.462457,0.000000,0.000000,0.000000
37.620000000000005,ground_truth,-3.525964,4.421087,-1.462234,0.000000,0.000000,0.000000
37.64,ground_truth,-3.524013,4.403246,-1.462473,0.000000,0.000000,0.000000
37.660000000000004,ground_truth,-3.522065,4.385488,-1.462877,0.000000,0.000000,0.000000
37.68,ground_truth,-3.520104,4.367486,-1.463080,0.000000,0.000000,0.000000
37.7,ground_truth,-3.518238,4.350256,-1.463182,0.000000,0.000000,0.000000
37.72,ground_truth,-3.516419,4.333395,-1.463100,0.000000,0.000000,0.000000
37.74,ground_truth,-3.514802,4.317975,-1.462868,0.000000,0.000000,0.000000
37.760000000000005,ground_truth,-3.513204,4.302715,-1.462626,0.000000,0.000000,0.000000
37.78,ground_truth,-3.511710,4.288222,-1.462427,0.000000,0.000000,0.000000
37.800000000000004,ground_truth,-3.510140,4.273017,-1.461727,0.000000,0.000000,0.000000
37.82,ground_truth,-3.508425,4.256787,-1.461178,0.000000,0.000000,0.000000
37.84,ground_truth,-3.506591,4.239824,-1.461177,0.000000,0.000000,0.000000
37.86,ground_truth,-3.504673,4.222277,-1.461441,0.000000,0.000000,0.000000
37.88,ground_truth,-3.502695,4.204265,-1.461865,0.000000,0.000000,0.000000
37.900000000000006,ground_truth,-3.500681,4.185883,-1.462236,0.000000,0.000000,0.000000
37.92,ground_truth,-3.498636,4.167203,-1.462621,0.000000,0.000000,0.000000
37.940000000000005,ground_truth,-3.496569,4.148277,-1.462963,0.000000,0.000000,0.000000
37.96,ground_truth,-3.494486,4.129168,-1.463342,0.000000,0.000000,0.000000
37.980000000000004,ground_truth,-3.492401,4.109958,-1.463608,0.000000,0.000000,0.000000
38.0,ground_truth,-3.490309,4.090619,-1.463797,0.000000,0.000000,0.000000
38.02,ground_truth,-3.488215,4.071192,-1.463898,0.000000,0.000000,0.000000
38.04,ground_truth,-3.486200,4.052176,-1.463287,0.000000,0.000000,0.000000
38.06,ground_truth,-3.484170,4.033154,-1.462827,0.000000,0.000000,0.000000
38.080000000000005,ground_truth,-3.482147,4.014266,-1.462382,0.000000,0.000000,0.000000
38.1,ground_truth,-3.480085,3.995197,-1.462210,0.000000,0.000000,0.000000
38.120000000000005,ground_truth,-3.478005,3.976041,-1.462149,0.000000,0.000000,0.000000
38.14,ground_truth,-3.476020,3.957422,-1.461521,0.000000,0.000000,0.000000
38.160000000000004,ground_truth,-3.474026,3.938854,-1.461085,0.000000,0.000000,0.000000
38.18,ground_truth,-3.472123,3.920855,-1.460249,0.000000,0.000000,0.000000
38.2,ground_truth,-3.470262,3.903200,-1.459396,0.000000,0.000000,0.000000
38.22,ground_truth,-3.468416,3.885783,-1.458795,0.000000,0.000000,0.000000
38.24,ground_truth,-3.466532,3.868425,-1.458690,0.000000,0.000000,0.000000
38.260000000000005,ground_truth,-3.464629,3.851073,-1.458767,0.000000,0.000000,0.000000
38.28,ground_truth,-3.462782,3.834098,-1.458638,0.000000,0.000000,0.000000
38.300000000000004,ground_truth,-3.460933,3.817299,-1.458782,0.000000,0.000000,0.000000
38.32,ground_truth,-3.458964,3.799936,-1.459908,0.000000,0.000000,0.000000
38.34,ground_truth,-3.456944,3.781938,-1.460699,0.000000,0.000000,0.000000
38.36,ground_truth,-3.454881,3.763553,-1.461561,0.000000,0.000000,0.000000
38.38,ground_truth,-3.452810,3.744925,-1.462087,0.000000,0.000000,0.000000
38.400000000000006,ground_truth,-3.450728,3.726117,-1.462428,0.000000,0.000000,0.000000
38.42,ground_truth,-3.448646,3.707146,-1.462467,0.000000,0.000000,0.000000
38.440000000000005,ground_truth,-3.446557,3.688040,-1.462413,0.000000,0.000000,0.000000
38.46,ground_truth,-3.444462,3.668818,-1.462285,0.000000,0.000000,0.000000
38.480000000000004,ground_truth,-3.442355,3.649489,-1.462187,0.000000,0.000000,0.000000
38.5,ground_truth,-3.440233,3.630068,-1.462194,0.000000,0.000000,0.000000
38.52,ground_truth,-3.438116,3.610717,-1.462271,0.000000,0.000000,0.000000
38.54,ground_truth,-3.435983,3.591237,-1.462447,0.000000,0.000000,0.000000
38.56,ground_truth,-3.433868,3.571920,-1.462669,0.000000,0.000000,0.000000
38.580000000000005,ground_truth,-3.431765,3.552640,-1.462821,0.000000,0.000000,0.000000
38.6,ground_truth,-3.429657,3.533253,-1.462897,0.000000,0.000000,0.000000
38.620000000000005,ground_truth,-3.427585,3.514262,-1.463240,0.000000,0.000000,0.000000
38.64,ground_truth,-3.425517,3.495177,-1.463409,0.000000,0.000000,0.000000
38.660000000000004,ground_truth,5.462340,2.030007,-0.000247,0.000000,0.000000,0.000000
38.68,ground_truth,5.481139,2.030029,-0.000575,0.000000,0.000000,0.000000
38.7,ground_truth,5.500021,2.030033,-0.000620,0.000000,0.000000,0.000000
38.72,ground_truth,5.517745,2.029749,0.004213,0.000000,0.000000,0.000000
38.74,ground_truth,5.534266,2.028981,0.015653,0.000000,0.000000,0.000000
38.760000000000005,ground_truth,5.549512,2.027640,0.033565,0.000000,0.000000,0.000000
38.78,ground_truth,5.563478,2.025650,0.057720,0.000000,0.000000,0.000000
38.800000000000004,ground_truth,5.576278,2.022946,0.087423,0.000000,0.000000,0.000000
38.82,ground_truth,5.587916,2.019523,0.121448,0.000000,0.000000,0.000000
38.84,ground_truth,5.597825,2.015618,0.159044,0.000000,0.000000,0.000000
38.86,ground_truth,5.605759,2.011677,0.198508,0.000000,0.000000,0.000000
38.88,ground_truth,5.612289,2.007841,0.237998,0.000000,0.000000,0.000000
38.900000000000006,ground_truth,5.617875,2.004458,0.276370,0.000000,0.000000,0.000000
38.92,ground_truth,5.622808,2.001804,0.313063,0.000000,0.000000,0.000000
38.940000000000005,ground_truth,5.627408,1.999640,0.349626,0.000000,0.000000,0.000000
38.96,ground_truth,5.631780,1.997616,0.387378,0.000000,0.000000,0.000000
38.980000000000004,ground_truth,5.635944,1.995721,0.426150,0.000000,0.000000,0.000000
39.0,ground_truth,5.639922,1.993950,0.465788,0.000000,0.000000,0.000000
39.02,ground_truth,5.643732,1.992296,0.506166,0.000000,0.000000,0.000000
39.04,ground_truth,5.647357,1.990677,0.547815,0.000000,0.000000,0.000000
39.06,ground_truth,5.650894,1.989123,0.591112,0.000000,0.000000,0.000000
39.080000000000005,ground_truth,5.654369,1.987667,0.635637,0.000000,0.000000,0.000000
39.1,ground_truth,5.657784,1.986315,0.681129,0.000000,0.000000,0.000000
39.120000000000005,ground_truth,5.661141,1.985067,0.727387,0.000000,0.000000,0.000000
39.14,ground_truth,5.664446,1.983929,0.774257,0.000000,0.000000,0.000000
39.160000000000004,ground_truth,5.667701,1.982900,0.821617,0.000000,0.000000,0.000000
39.18,ground_truth,5.670911,1.981983,0.869376,0.000000,0.000000,0.000000
39.2,ground_truth,5.674079,1.981181,0.917460,0.000000,0.000000,0.000000
39.220000000000006,ground_truth,5.677154,1.980368,0.966344,0.000000,0.000000,0.000000
39.24,ground_truth,5.680123,1.979572,1.015447,0.000000,0.000000,0.000000
39.260000000000005,ground_truth,5.683033,1.978902,1.064224,0.000000,0.000000,0.000000
39.28,ground_truth,5.685855,1.978358,1.112610,0.000000,0.000000,0.000000
39.300000000000004,ground_truth,5.688436,1.977979,1.160268,0.000000,0.000000,0.000000
39.32,ground_truth,5.690646,1.977732,1.207681,0.000000,0.000000,0.000000
39.34,ground_truth,5.692467,1.977726,1.254269,0.000000,0.000000,0.000000
39.36,ground_truth,5.694223,1.978066,1.299909,0.000000,0.000000,0.000000
39.38,ground_truth,5.696399,1.977831,1.350670,0.000000,0.000000,0.000000
39.400000000000006,ground_truth,5.698842,1.976722,1.405002,0.000000,0.000000,0.000000
39.42,ground_truth,5.701496,1.975033,1.459254,0.000000,0.000000,0.000000
39.440000000000005,ground_truth,5.704200,1.973112,1.508819,0.000000,0.000000,0.000000
39.46,ground_truth,5.706994,1.970940,1.556126,0.000000,0.000000,0.000000
39.480000000000004,ground_truth,5.709911,1.968442,1.603160,0.000000,0.000000,0.000000
39.5,ground_truth,5.713092,1.965570,1.654618,0.000000,0.000000,0.000000
39.52,ground_truth,5.716335,1.963041,1.708034,0.000000,0.000000,0.000000
39.54,ground_truth,5.719464,1.961313,1.755228,0.000000,0.000000,0.000000
39.56,ground_truth,5.722584,1.959841,1.805185,0.000000,0.000000,0.000000
39.580000000000005,ground_truth,5.725560,1.958791,1.849742,0.000000,0.000000,0.000000
39.6,ground_truth,5.728516,1.958002,1.899639,0.000000,0.000000,0.000000
39.620000000000005,ground_truth,5.731422,1.957538,1.952488,0.000000,0.000000,0.000000
39.64,ground_truth,5.733980,1.957298,1.996727,0.000000,0.000000,0.000000
39.660000000000004,ground_truth,5.736631,1.957243,2.046306,0.000000,0.000000,0.000000
39.68,ground_truth,5.738500,1.957328,2.087258,0.000000,0.000000,0.000000
39.7,ground_truth,5.740081,1.957617,2.127445,0.000000,0.000000,0.000000
39.720000000000006,ground_truth,5.741201,1.958292,2.165925,0.000000,0.000000,0.000000
39.74,ground_truth,5.741405,1.959069,2.194267,0.000000,0.000000,0.000000
39.760000000000005,ground_truth,5.741438,1.960007,2.221437,0.000000,0.000000,0.000000
39.78,ground_truth,5.741624,1.961163,2.253992,0.000000,0.000000,0.000000
39.800000000000004,ground_truth,5.741843,1.963115,2.291976,0.000000,0.000000,0.000000
39.82,ground_truth,5.741876,1.965743,2.330110,0.000000,0.000000,0.000000
39.84,ground_truth,5.741637,1.968528,2.362616,0.000000,0.000000,0.000000
39.86,ground_truth,5.741363,1.971688,2.398962,0.000000,0.000000,0.000000
39.88,ground_truth,5.740502,1.975073,2.432044,0.000000,0.000000,0.000000
39.900000000000006,ground_truth,5.739519,1.978661,2.468251,0.000000,0.000000,0.000000
39.92,ground_truth,5.738191,1.982348,2.503040,0.000000,0.000000,0.000000
39.940000000000005,ground_truth,5.736586,1.986082,2.537969,0.000000,0.000000,0.000000
39.96,ground_truth,5.734873,1.989868,2.574225,0.000000,0.000000,0.000000
39.980000000000004,ground_truth,5.733241,1.993050,2.604906,0.000000,0.000000,0.000000
40.0,ground_truth,5.731983,1.995362,2.632377,0.000000,0.000000,0.000000
40.02,ground_truth,5.730428,1.997364,2.653957,0.000000,0.000000,0.000000
40.04,ground_truth,5.729235,1.999304,2.676989,0.000000,0.000000,0.000000
40.06,ground_truth,5.728473,2.001066,2.700643,0.000000,0.000000,0.000000
40.080000000000005,ground_truth,5.728380,2.002692,2.718961,0.000000,0.000000,0.000000
40.1,ground_truth,5.728339,2.004205,2.739255,0.000000,0.000000,0.000000
40.120000000000005,ground_truth,5.728014,2.005661,2.760028,0.000000,0.000000,0.000000
40.14,ground_truth,5.727774,2.007132,2.784840,0.000000,0.000000,0.000000
40.160000000000004,ground_truth,5.727611,2.008238,2.804964,0.000000,0.000000,0.000000
40.18,ground_truth,5.726938,2.008601,2.813269,0.000000,0.000000,0.000000
40.2,ground_truth,5.726423,2.008987,2.825061,0.000000,0.000000,0.000000
40.220000000000006,ground_truth,5.726539,2.009569,2.836655,0.000000,0.000000,0.000000
40.24,ground_truth,5.727503,2.010303,2.845693,0.000000,0.000000,0.000000
40.260000000000005,ground_truth,5.728672,2.011197,2.858021,0.000000,0.000000,0.000000
40.28,ground_truth,5.729396,2.012094,2.874132,0.000000,0.000000,0.000000
40.300000000000004,ground_truth,5.729650,2.012967,2.891858,0.000000,0.000000,0.000000
40.32,ground_truth,5.728794,2.013606,2.901291,0.000000,0.000000,0.000000
40.34,ground_truth,5.728305,2.014218,2.912109,0.000000,0.000000,0.000000
40.36,ground_truth,5.728514,2.014792,2.922784,0.000000,0.000000,0.000000
40.38,ground_truth,5.729054,2.015592,2.941071,0.000000,0.000000,0.000000
40.400000000000006,ground_truth,5.729860,2.016579,2.965987,0.000000,0.000000,0.000000
40.42,ground_truth,5.730540,2.017591,2.994821,0.000000,0.000000,0.000000
40.440000000000005,ground_truth,5.730174,2.018072,3.022851,0.000000,0.000000,0.000000
40.46,ground_truth,5.728250,2.018409,3.048499,0.000000,0.000000,0.000000
40.480000000000004,ground_truth,5.725637,2.018993,3.075721,0.000000,0.000000,0.000000
40.5,ground_truth,5.722112,2.018613,3.100436,0.000000,0.000000,0.000000
40.52,ground_truth,5.717432,2.017601,3.121698,0.000000,0.000000,0.000000
40.54,ground_truth,5.712028,2.016533,-3.140404,0.000000,0.000000,0.000000
40.56,ground_truth,5.705015,2.015570,-3.124479,0.000000,0.000000,0.000000
40.580000000000005,ground_truth,5.696688,2.014848,-3.109943,0.000000,0.000000,0.000000
40.6,ground_truth,5.686326,2.014070,-3.097955,0.000000,0.000000,0.000000
40.620000000000005,ground_truth,5.674340,2.013272,-3.086630,0.000000,0.000000,0.000000
40.64,ground_truth,5.661171,2.012454,-3.075127,0.000000,0.000000,0.000000
40.660000000000004,ground_truth,5.646774,2.011449,-3.065622,0.000000,0.000000,0.000000
40.68,ground_truth,5.631362,2.010278,-3.057440,0.000000,0.000000,0.000000
40.7,ground_truth,5.614863,2.008829,-3.052392,0.000000,0.000000,0.000000
40.720000000000006,ground_truth,5.597757,2.007313,-3.047838,0.000000,0.000000,0.000000
40.74,ground_truth,5.580164,2.005810,-3.043178,0.000000,0.000000,0.000000
40.760000000000005,ground_truth,5.562559,2.004309,-3.038086,0.000000,0.000000,0.000000
40.78,ground_truth,5.544569,2.002670,-3.033713,0.000000,0.000000,0.000000
40.800000000000004,ground_truth,5.526805,2.000936,-3.030921,0.000000,0.000000,0.000000
40.82,ground_truth,5.509136,1.999192,-3.028174,0.000000,0.000000,0.000000
40.84,ground_truth,5.491583,1.997391,-3.026113,0.000000,0.000000,0.000000
40.86,ground_truth,5.473658,1.995496,-3.024128,0.000000,0.000000,0.000000
40.88,ground_truth,5.455556,1.993525,-3.022367,0.000000,0.000000,0.000000
40.900000000000006,ground_truth,5.438199,1.991685,-3.020241,0.000000,0.000000,0.000000
40.92,ground_truth,5.421806,1.990023,-3.017626,0.000000,0.000000,0.000000
40.940000000000005,ground_truth,5.405662,1.988373,-3.015697,0.000000,0.000000,0.000000
40.96,ground_truth,5.389509,1.986616,-3.014348,0.000000,0.000000,0.000000
40.980000000000004,ground_truth,5.373648,1.985274,-3.009207,0.000000,0.000000,0.000000
41.0,ground_truth,5.357024,1.983673,-3.005200,0.000000,0.000000,0.000000
41.02,ground_truth,5.339745,1.981806,-3.002010,0.000000,0.000000,0.000000
41.04,ground_truth,5.321945,1.979699,-3.000046,0.000000,0.000000,0.000000
41.06,ground_truth,5.303739,1.977431,-2.998405,0.000000,0.000000,0.000000
41.080000000000005,ground_truth,5.285212,1.975045,-2.996809,0.000000,0.000000,0.000000
41.1,ground_truth,5.266434,1.972567,-2.995043,0.000000,0.000000,0.000000
41.120000000000005,ground_truth,5.247403,1.969982,-2.993381,0.000000,0.000000,0.000000
41.14,ground_truth,5.228165,1.967283,-2.992074,0.000000,0.000000,0.000000
41.160000000000004,ground_truth,5.208862,1.964527,-2.990886,0.000000,0.000000,0.000000
41.18,ground_truth,5.189544,1.961724,-2.989915,0.000000,0.000000,0.000000
41.2,ground_truth,5.170135,1.958869,-2.989109,0.000000,0.000000,0.000000
41.220000000000006,ground_truth,5.150664,1.955975,-2.988412,0.000000,0.000000,0.000000
41.24,ground_truth,5.131564,1.953107,-2.987888,0.000000,0.000000,0.000000
41.260000000000005,ground_truth,5.112585,1.950237,-2.987423,0.000000,0.000000,0.000000
41.28,ground_truth,5.093864,1.947388,-2.987047,0.000000,0.000000,0.000000
41.300000000000004,ground_truth,5.074969,1.944487,-2.986891,0.000000,0.000000,0.000000
41.32,ground_truth,5.055876,1.941538,-2.986861,0.000000,0.000000,0.000000
41.34,ground_truth,5.037445,1.938762,-2.985900,0.000000,0.000000,0.000000
41.36,ground_truth,5.019158,1.936011,-2.984789,0.000000,0.000000,0.000000
41.38,ground_truth,5.001666,1.933338,-2.984519,0.000000,0.000000,0.000000
41.400000000000006,ground_truth,4.984555,1.930687,-2.984710,0.000000,0.000000,0.000000
41.42,ground_truth,4.967205,1.927995,-2.984759,0.000000,0.000000,0.000000
41.440000000000005,ground_truth,4.950644,1.925394,-2.985222,0.000000,0.000000,0.000000
41.46,ground_truth,4.933871,1.922766,-2.985370,0.000000,0.000000,0.000000
41.480000000000004,ground_truth,4.917708,1.920247,-2.985293,0.000000,0.000000,0.000000
41.5,ground_truth,4.902856,1.917915,-2.985610,0.000000,0.000000,0.000000
41.52,ground_truth,4.888792,1.915727,-2.985374,0.000000,0.000000,0.000000
41.54,ground_truth,4.873869,1.913442,-2.984242,0.000000,0.000000,0.000000
41.56,ground_truth,4.858010,1.911007,-2.982759,0.000000,0.000000,0.000000
41.580000000000005,ground_truth,4.841394,1.908427,-2.981360,0.000000,0.000000,0.000000
41.6,ground_truth,4.824173,1.905723,-2.980051,0.000000,0.000000,0.000000
41.620000000000005,ground_truth,4.806467,1.902914,-2.978862,0.000000,0.000000,0.000000
41.64,ground_truth,4.788369,1.900013,-2.977830,0.000000,0.000000,0.000000
41.660000000000004,ground_truth,4.769952,1.897032,-2.977016,0.000000,0.000000,0.000000
41.68,ground_truth,4.751279,1.893979,-2.976495,0.000000,0.000000,0.000000
41.7,ground_truth,4.732440,1.890871,-2.976313,0.000000,0.000000,0.000000
41.720000000000006,ground_truth,4.713451,1.887719,-2.976341,0.000000,0.000000,0.000000
41.74,ground_truth,4.694305,1.884534,-2.976475,0.000000,0.000000,0.000000
41.760000000000005,ground_truth,4.675043,1.881325,-2.976661,0.000000,0.000000,0.000000
41.78,ground_truth,4.655871,1.878132,-2.976836,0.000000,0.000000,0.000000
41.800000000000004,ground_truth,4.636733,1.874945,-2.977022,0.000000,0.000000,0.000000
41.82,ground_truth,4.617772,1.871788,-2.977214,0.000000,0.000000,0.000000
41.84,ground_truth,4.598914,1.868640,-2.977641,0.000000,0.000000,0.000000
41.86,ground_truth,4.580306,1.865534,-2.978215,0.000000,0.000000,0.000000
41.88,ground_truth,4.561647,1.862443,-2.978559,0.000000,0.000000,0.000000
41.900000000000006,ground_truth,4.542837,1.859326,-2.978957,0.000000,0.000000,0.000000
41.92,ground_truth,4.524781,1.856402,-2.978726,0.000000,0.000000,0.000000
41.940000000000005,ground_truth,4.506969,1.853530,-2.978603,0.000000,0.000000,0.000000
41.96,ground_truth,4.489989,1.850865,-2.977453,0.000000,0.000000,0.000000
41.980000000000004,ground_truth,4.472952,1.848150,-2.976688,0.000000,0.000000,0.000000
42.0,ground_truth,4.456197,1.845468,-2.975713,0.000000,0.000000,0.000000
42.02,ground_truth,4.440218,1.842944,-2.974532,0.000000,0.000000,0.000000
42.04,ground_truth,4.424502,1.840445,-2.973705,0.000000,0.000000,0.000000
42.06,ground_truth,4.409956,1.838168,-2.973070,0.000000,0.000000,0.000000
42.080000000000005,ground_truth,4.394939,1.835765,-2.972800,0.000000,0.000000,0.000000
42.1,ground_truth,4.379286,1.833211,-2.972717,0.000000,0.000000,0.000000
42.120000000000005,ground_truth,4.363028,1.830529,-2.972742,0.000000,0.000000,0.000000
42.14,ground_truth,4.346244,1.827743,-2.972777,0.000000,0.000000,0.000000
42.160000000000004,ground_truth,4.329016,1.824870,-2.972822,0.000000,0.000000,0.000000
42.18,ground_truth,4.311412,1.821923,-2.972900,0.000000,0.000000,0.000000
42.2,ground_truth,4.293489,1.818914,-2.972991,0.000000,0.000000,0.000000
42.220000000000006,ground_truth,4.275296,1.815854,-2.973091,0.000000,0.000000,0.000000
42.24,ground_truth,4.256866,1.812751,-2.973146,0.000000,0.000000,0.000000
42.260000000000005,ground_truth,4.238241,1.809611,-2.973114,0.000000,0.000000,0.000000
42.28,ground_truth,4.219486,1.806438,-2.973201,0.000000,0.000000,0.000000
42.300000000000004,ground_truth,4.200813,1.803276,-2.973269,0.000000,0.000000,0.000000
42.32,ground_truth,4.181920,1.800064,-2.973507,0.000000,0.000000,0.000000
42.34,ground_truth,4.162862,1.796817,-2.973772,0.000000,0.000000,0.000000
42.36,ground_truth,4.144249,1.793665,-2.973876,0.000000,0.000000,0.000000
42.38,ground_truth,4.125776,1.790542,-2.973879,0.000000,0.000000,0.000000
42.400000000000006,ground_truth,4.107971,1.787543,-2.973592,0.000000,0.000000,0.000000
42.42,ground_truth,4.089968,1.784498,-2.973496,0.000000,0.000000,0.000000
42.440000000000005,ground_truth,4.071810,1.781417,-2.973526,0.000000,0.000000,0.000000
42.46,ground_truth,4.054140,1.778415,-2.973595,0.000000,0.000000,0.000000
42.480000000000004,ground_truth,4.036199,1.775370,-2.973651,0.000000,0.000000,0.000000
42.5,ground_truth,4.019154,1.772556,-2.972966,0.000000,0.000000,0.000000
42.52,ground_truth,4.002419,1.769801,-2.972206,0.000000,0.000000,0.000000
42.54,ground_truth,3.986301,1.767102,-2.972460,0.000000,0.000000,0.000000
42.56,ground_truth,3.970329,1.764420,-2.972601,0.000000,0.000000,0.000000
42.580000000000005,ground_truth,3.954509,1.761756,-2.972763,0.000000,0.000000,0.000000
42.6,ground_truth,3.939563,1.759245,-2.973025,0.000000,0.000000,0.000000
42.620000000000005,ground_truth,3.924000,1.756642,-2.972784,0.000000,0.000000,0.000000
42.64,ground_truth,3.907622,1.753903,-2.972252,0.000000,0.000000,0.000000
42.660000000000004,ground_truth,3.890589,1.751041,-2.971673,0.000000,0.000000,0.000000
42.68,ground_truth,3.873029,1.748075,-2.971147,0.000000,0.000000,0.000000
42.7,ground_truth,3.855045,1.745017,-2.970791,0.000000,0.000000,0.000000
42.720000000000006,ground_truth,3.836721,1.741889,-2.970487,0.000000,0.000000,0.000000
42.74,ground_truth,3.818123,1.738696,-2.970382,0.000000,0.000000,0.000000
42.760000000000005,ground_truth,3.799304,1.735457,-2.970376,0.000000,0.000000,0.000000
42.78,ground_truth,3.780308,1.732181,-2.970420,0.000000,0.000000,0.000000
42.800000000000004,ground_truth,3.761286,1.728894,-2.970586,0.000000,0.000000,0.000000
42.82,ground_truth,3.742219,1.725597,-2.970800,0.000000,0.000000,0.000000
42.84,ground_truth,3.723548,1.722367,-2.971116,0.000000,0.000000,0.000000
42.86,ground_truth,3.704913,1.719144,-2.971445,0.000000,0.000000,0.000000
42.88,ground_truth,3.686700,1.715980,-2.972063,0.000000,0.000000,0.000000
42.900000000000006,ground_truth,3.668260,1.712798,-2.972240,0.000000,0.000000,0.000000
42.92,ground_truth,3.649633,1.709599,-2.972210,0.000000,0.000000,0.000000
42.940000000000005,ground_truth,3.631145,1.706433,-2.972199,0.000000,0.000000,0.000000
42.96,ground_truth,3.613360,1.703408,-2.972013,0.000000,0.000000,0.000000
42.980000000000004,ground_truth,3.596113,1.700474,-2.971845,0.000000,0.000000,0.000000
43.0,ground_truth,3.578609,1.697468,-2.972180,0.000000,0.000000,0.000000
43.02,ground_truth,3.561019,1.694451,-2.972483,0.000000,0.000000,0.000000
43.04,ground_truth,3.544353,1.691653,-2.972293,0.000000,0.000000,0.000000
43.06,ground_truth,3.527849,1.688901,-2.971893,0.000000,0.000000,0.000000
43.080000000000005,ground_truth,3.512095,1.686347,-2.970744,0.000000,0.000000,0.000000
43.1,ground_truth,3.496423,1.683773,-2.969844,0.000000,0.000000,0.000000
43.120000000000005,ground_truth,3.480583,1.681097,-2.969723,0.000000,0.000000,0.000000
43.14,ground_truth,3.463965,1.678222,-2.970649,0.000000,0.000000,0.000000
43.160000000000004,ground_truth,3.446742,1.675231,-2.971872,0.000000,0.000000,0.000000
43.18,ground_truth,3.429039,1.672165,-2.973091,0.000000,0.000000,0.000000
43.2,ground_truth,3.410954,1.669055,-2.974124,0.000000,0.000000,0.000000
43.220000000000006,ground_truth,3.392566,1.665927,-2.974658,0.000000,0.000000,0.000000
43.24,ground_truth,3.373925,1.662776,-2.974910,0.000000,0.000000,0.000000
43.260000000000005,ground_truth,3.355076,1.659602,-2.974963,0.000000,0.000000,0.000000
43.28,ground_truth,3.336059,1.656413,-2.974742,0.000000,0.000000,0.000000
43.300000000000004,ground_truth,3.316909,1.653205,-2.974390,0.000000,0.000000,0.000000
43.32,ground_truth,3.297764,1.650003,-2.973830,0.000000,0.000000,0.000000
43.34,ground_truth,3.278520,1.646772,-2.973355,0.000000,0.000000,0.000000
43.36,ground_truth,3.259202,1.643506,-2.973195,0.000000,0.000000,0.000000
43.38,ground_truth,3.239985,1.640265,-2.972774,0.000000,0.000000,0.000000
43.400000000000006,ground_truth,3.220922,1.637036,-2.972569,0.000000,0.000000,0.000000
43.42,ground_truth,3.202262,1.633876,-2.972504,0.000000,0.000000,0.000000
43.440000000000005,ground_truth,3.183416,1.630684,-2.972342,0.000000,0.000000,0.000000
43.46,ground_truth,3.164490,1.627472,-2.972168,0.000000,0.000000,0.000000
43.480000000000004,ground_truth,3.145572,1.624263,-2.971906,0.000000,0.000000,0.000000
43.5,ground_truth,3.127227,1.621167,-2.971383,0.000000,0.000000,0.000000
43.52,ground_truth,3.109478,1.618177,-2.970869,0.000000,0.000000,0.000000
43.540000000000006,ground_truth,3.092192,1.615242,-2.970841,0.000000,0.000000,0.000000
43.56,ground_truth,3.075126,1.612304,-2.971344,0.000000,0.000000,0.000000
43.580000000000005,ground_truth,3.058178,1.609408,-2.971420,0.000000,0.000000,0.000000
43.6,ground_truth,3.041153,1.606498,-2.971469,0.000000,0.000000,0.000000
43.620000000000005,ground_truth,3.025212,1.603836,-2.970836,0.000000,0.000000,0.000000
43.64,ground_truth,3.009125,1.601141,-2.970241,0.000000,0.000000,0.000000
43.660000000000004,ground_truth,2.992611,1.598391,-2.969179,0.000000,0.000000,0.000000
43.68,ground_truth,2.975640,1.595577,-2.967735,0.000000,0.000000,0.000000
43.7,ground_truth,2.958282,1.592698,-2.966143,0.000000,0.000000,0.000000
43.720000000000006,ground_truth,2.940611,1.589742,-2.964740,0.000000,0.000000,0.000000
43.74,ground_truth,2.922666,1.586718,-2.963469,0.000000,0.000000,0.000000
43.760000000000005,ground_truth,2.904511,1.583612,-2.962714,0.000000,0.000000,0.000000
43.78,ground_truth,2.886163,1.580437,-2.962247,0.000000,0.000000,0.000000
43.800000000000004,ground_truth,2.867585,1.577173,-2.962247,0.000000,0.000000,0.000000
43.82,ground_truth,2.848783,1.573825,-2.962727,0.000000,0.000000,0.000000
43.84,ground_truth,2.829805,1.570413,-2.963503,0.000000,0.000000,0.000000
43.86,ground_truth,2.810854,1.566985,-2.964490,0.000000,0.000000,0.000000
43.88,ground_truth,2.791755,1.563531,-2.965394,0.000000,0.000000,0.000000
43.900000000000006,ground_truth,2.772522,1.560056,-2.966284,0.000000,0.000000,0.000000
43.92,ground_truth,2.753408,1.556592,-2.967387,0.000000,0.000000,0.000000
43.940000000000005,ground_truth,2.734693,1.553206,-2.968535,0.000000,0.000000,0.000000
43.96,ground_truth,2.716382,1.549891,-2.969794,0.000000,0.000000,0.000000
43.980000000000004,ground_truth,2.698202,1.546650,-2.970528,0.000000,0.000000,0.000000
44.0,ground_truth,2.680113,1.543448,-2.971179,0.000000,0.000000,0.000000
44.02,ground_truth,2.661934,1.540260,-2.971603,0.000000,0.000000,0.000000
44.040000000000006,ground_truth,2.643704,1.537085,-2.971853,0.000000,0.000000,0.000000
44.06,ground_truth,2.625982,1.534022,-2.971751,0.000000,0.000000,0.000000
44.080000000000005,ground_truth,2.607950,1.530905,-2.971781,0.000000,0.000000,0.000000
44.1,ground_truth,2.590281,1.527870,-2.971666,0.000000,0.000000,0.000000
44.120000000000005,ground_truth,2.572997,1.524899,-2.971616,0.000000,0.000000,0.000000
44.14,ground_truth,2.556018,1.521977,-2.971630,0.000000,0.000000,0.000000
44.160000000000004,ground_truth,2.539900,1.519252,-2.971250,0.000000,0.000000,0.000000
44.18,ground_truth,2.524383,1.516645,-2.971304,0.000000,0.000000,0.000000
44.2,ground_truth,2.510883,1.514665,-2.970971,0.000000,0.000000,0.000000
44.220000000000006,ground_truth,2.497240,1.512594,-2.971130,0.000000,0.000000,0.000000
44.24,ground_truth,2.483957,1.510551,-2.970519,0.000000,0.000000,0.000000
44.260000000000005,ground_truth,2.471931,1.508830,-2.968528,0.000000,0.000000,0.000000
44.28,ground_truth,2.460055,1.507138,-2.966960,0.000000,0.000000,0.000000
44.300000000000004,ground_truth,2.448922,1.505529,-2.965403,0.000000,0.000000,0.000000
44.32,ground_truth,2.439242,1.504157,-2.964456,0.000000,0.000000,0.000000
44.34,ground_truth,2.430466,1.502908,-2.963546,0.000000,0.000000,0.000000
44.36,ground_truth,2.421543,1.501526,-2.963011,0.000000,0.000000,0.000000
44.38,ground_truth,2.412449,1.500003,-2.963118,0.000000,0.000000,0.000000
44.400000000000006,ground_truth,2.403992,1.498586,-2.962869,0.000000,0.000000,0.000000
44.42,ground_truth,2.395973,1.497257,-2.962240,0.000000,0.000000,0.000000
44.440000000000005,ground_truth,2.388406,1.496032,-2.961707,0.000000,0.000000,0.000000
44.46,ground_truth,2.380601,1.494682,-2.961824,0.000000,0.000000,0.000000
44.480000000000004,ground_truth,2.373091,1.493352,-2.961987,0.000000,0.000000,0.000000
44.5,ground_truth,2.365717,1.492051,-2.961958,0.000000,0.000000,0.000000
44.52,ground_truth,2.359378,1.490995,-2.961505,0.000000,0.000000,0.000000
44.540000000000006,ground_truth,2.354141,1.490216,-2.960610,0.000000,0.000000,0.000000
44.56,ground_truth,2.348650,1.489292,-2.960788,0.000000,0.000000,0.000000
44.580000000000005,ground_truth,2.343141,1.488318,-2.961292,0.000000,0.000000,0.000000
44.6,ground_truth,2.337425,1.487310,-2.961337,0.000000,0.000000,0.000000
44.620000000000005,ground_truth,2.331955,1.486334,-2.961267,0.000000,0.000000,0.000000
44.64,ground_truth,2.327570,1.485726,-2.959968,0.000000,0.000000,0.000000
44.660000000000004,ground_truth,2.323254,1.485061,-2.959763,0.000000,0.000000,0.000000
44.68,ground_truth,2.319090,1.484318,-2.960271,0.000000,0.000000,0.000000
44.7,ground_truth,2.314623,1.483519,-2.960442,0.000000,0.000000,0.000000
44.720000000000006,ground_truth,2.309928,1.482660,-2.960785,0.000000,0.000000,0.000000
44.74,ground_truth,2.305577,1.481946,-2.960234,0.000000,0.000000,0.000000
44.760000000000005,ground_truth,2.301789,1.481395,-2.959615,0.000000,0.000000,0.000000
44.78,ground_truth,2.298714,1.480898,-2.959636,0.000000,0.000000,0.000000
44.800000000000004,ground_truth,2.295057,1.480243,-2.960041,0.000000,0.000000,0.000000
44.82,ground_truth,2.291494,1.479595,-2.960343,0.000000,0.000000,0.000000
44.84,ground_truth,2.288428,1.479335,-2.957384,0.000000,0.000000,0.000000
44.86,ground_truth,2.285613,1.479655,-2.946106,0.000000,0.000000,0.000000
44.88,ground_truth,2.282975,1.480459,-2.923399,0.000000,0.000000,0.000000
44.900000000000006,ground_truth,2.280704,1.481771,-2.889778,0.000000,0.000000,0.000000
44.92,ground_truth,2.278959,1.483349,-2.850523,0.000000,0.000000,0.000000
44.940000000000005,ground_truth,2.277824,1.485020,-2.808334,0.000000,0.000000,0.000000
44.96,ground_truth,2.276934,1.486860,-2.761281,0.000000,0.000000,0.000000
44.980000000000004,ground_truth,2.275955,1.488534,-2.721600,0.000000,0.000000,0.000000
45.0,ground_truth,2.275120,1.490081,-2.683000,0.000000,0.000000,0.000000
45.02,ground_truth,2.274057,1.491116,-2.654138,0.000000,0.000000,0.000000
45.040000000000006,ground_truth,2.273159,1.492409,-2.618985,0.000000,0.000000,0.000000
45.06,ground_truth,2.272496,1.493550,-2.584198,0.000000,0.000000,0.000000
45.080000000000005,ground_truth,2.271996,1.494504,-2.552625,0.000000,0.000000,0.000000
45.1,ground_truth,2.271543,1.495759,-2.515029,0.000000,0.000000,0.000000
45.120000000000005,ground_truth,2.270982,1.496532,-2.482789,0.000000,0.000000,0.000000
45.14,ground_truth,2.270467,1.497561,-2.445514,0.000000,0.000000,0.000000
45.160000000000004,ground_truth,2.270093,1.498513,-2.408840,0.000000,0.000000,0.000000
45.18,ground_truth,2.269700,1.499217,-2.378790,0.000000,0.000000,0.000000
45.2,ground_truth,2.269297,1.500247,-2.343461,0.000000,0.000000,0.000000
45.220000000000006,ground_truth,2.268947,1.501086,-2.311800,0.000000,0.000000,0.000000
45.24,ground_truth,2.268607,1.502152,-2.276171,0.000000,0.000000,0.000000
45.260000000000005,ground_truth,2.268381,1.502467,-2.253566,0.000000,0.000000,0.000000
45.28,ground_truth,2.268141,1.502716,-2.232636,0.000000,0.000000,0.000000
45.300000000000004,ground_truth,2.267915,1.503147,-2.208199,0.000000,0.000000,0.000000
45.32,ground_truth,2.267842,1.503226,-2.189812,0.000000,0.000000,0.000000
45.34,ground_truth,2.267737,1.503422,-2.169998,0.000000,0.000000,0.000000
45.36,ground_truth,2.267796,1.502914,-2.164244,0.000000,0.000000,0.000000
45.38,ground_truth,2.267571,1.502732,-2.152934,0.000000,0.000000,0.000000
45.400000000000006,ground_truth,2.267209,1.503016,-2.134475,0.000000,0.000000,0.000000
45.42,ground_truth,2.267082,1.503720,-2.116076,0.000000,0.000000,0.000000
45.440000000000005,ground_truth,2.266845,1.504188,-2.098924,0.000000,0.000000,0.000000
45.46,ground_truth,2.266246,1.504505,-2.081215,0.000000,0.000000,0.000000
45.480000000000004,ground_truth,2.265568,1.504462,-2.064282,0.000000,0.000000,0.000000
45.5,ground_truth,2.264642,1.504123,-2.045976,0.000000,0.000000,0.000000
45.52,ground_truth,2.263993,1.503116,-2.037367,0.000000,0.000000,0.000000
45.540000000000006,ground_truth,2.263330,1.502522,-2.026299,0.000000,0.000000,0.000000
45.56,ground_truth,2.263040,1.502794,-2.018460,0.000000,0.000000,0.000000
45.580000000000005,ground_truth,2.262139,1.502938,-2.001718,0.000000,0.000000,0.000000
45.6,ground_truth,2.260326,1.502092,-1.981566,0.000000,0.000000,0.000000
45.620000000000005,ground_truth,2.257737,1.500271,-1.957994,0.000000,0.000000,0.000000
45.64,ground_truth,2.254446,1.497499,-1.930962,0.000000,0.000000,0.000000
45.660000000000004,ground_truth,2.250879,1.492864,-1.906334,0.000000,0.000000,0.000000
45.68,ground_truth,2.246799,1.487584,-1.878916,0.000000,0.000000,0.000000
45.7,ground_truth,2.242576,1.480191,-1.856264,0.000000,0.000000,0.000000
45.720000000000006,ground_truth,2.237986,1.471472,-1.836571,0.000000,0.000000,0.000000
45.74,ground_truth,2.233423,1.461662,-1.816225,0.000000,0.000000,0.000000
45.760000000000005,ground_truth,2.229150,1.450894,-1.798103,0.000000,0.000000,0.000000
45.78,ground_truth,2.224937,1.440102,-1.777299,0.000000,0.000000,0.000000
45.800000000000004,ground_truth,2.220883,1.429253,-1.759009,0.000000,0.000000,0.000000
45.82,ground_truth,2.216703,1.418533,-1.744687,0.000000,0.000000,0.000000
45.84,ground_truth,2.213052,1.406877,-1.734117,0.000000,0.000000,0.000000
45.86,ground_truth,2.209642,1.395069,-1.720603,0.000000,0.000000,0.000000
45.88,ground_truth,2.206497,1.382318,-1.707131,0.000000,0.000000,0.000000
45.900000000000006,ground_truth,2.203748,1.369675,-1.695362,0.000000,0.000000,0.000000
45.92,ground_truth,2.201270,1.356827,-1.683028,0.000000,0.000000,0.000000
45.940000000000005,ground_truth,2.199143,1.343942,-1.674945,0.000000,0.000000,0.000000
45.96,ground_truth,2.197188,1.330557,-1.667493,0.000000,0.000000,0.000000
45.980000000000004,ground_truth,2.195258,1.317085,-1.657260,0.000000,0.000000,0.000000
46.0,ground_truth,2.193400,1.302789,-1.646410,0.000000,0.000000,0.000000
46.02,ground_truth,2.191676,1.287837,-1.635513,0.000000,0.000000,0.000000
46.040000000000006,ground_truth,2.190203,1.272015,-1.627960,0.000000,0.000000,0.000000
46.06,ground_truth,2.188802,1.255729,-1.619737,0.000000,0.000000,0.000000
46.080000000000005,ground_truth,2.187521,1.238864,-1.612089,0.000000,0.000000,0.000000
46.1,ground_truth,2.186460,1.221485,-1.607028,0.000000,0.000000,0.000000
46.120000000000005,ground_truth,2.185498,1.203707,-1.602517,0.000000,0.000000,0.000000
46.14,ground_truth,2.184700,1.185538,-1.600102,0.000000,0.000000,0.000000
46.160000000000004,ground_truth,2.183927,1.167088,-1.597245,0.000000,0.000000,0.000000
46.18,ground_truth,2.183220,1.148366,-1.594764,0.000000,0.000000,0.000000
46.2,ground_truth,2.182606,1.129481,-1.593231,0.000000,0.000000,0.000000
46.220000000000006,ground_truth,2.182043,1.110459,-1.591962,0.000000,0.000000,0.000000
46.24,ground_truth,2.181560,1.091514,-1.591633,0.000000,0.000000,0.000000
46.260000000000005,ground_truth,2.181098,1.072357,-1.591450,0.000000,0.000000,0.000000
46.28,ground_truth,2.180662,1.052993,-1.591610,0.000000,0.000000,0.000000
46.300000000000004,ground_truth,2.180212,1.033892,-1.591255,0.000000,0.000000,0.000000
46.32,ground_truth,2.179778,1.015099,-1.590767,0.000000,0.000000,0.000000
46.34,ground_truth,2.179350,0.996643,-1.590165,0.000000,0.000000,0.000000
46.36,ground_truth,2.178949,0.978189,-1.589893,0.000000,0.000000,0.000000
46.38,ground_truth,2.178552,0.959984,-1.589518,0.000000,0.000000,0.000000
46.400000000000006,ground_truth,2.178170,0.941650,-1.589257,0.000000,0.000000,0.000000
46.42,ground_truth,2.177809,0.923408,-1.589206,0.000000,0.000000,0.000000
46.440000000000005,ground_truth,2.177445,0.905632,-1.588998,0.000000,0.000000,0.000000
46.46,ground_truth,2.177097,0.888191,-1.588928,0.000000,0.000000,0.000000
46.480000000000004,ground_truth,2.176704,0.872038,-1.588054,0.000000,0.000000,0.000000
46.5,ground_truth,2.176343,0.856252,-1.587454,0.000000,0.000000,0.000000
46.52,ground_truth,2.176136,0.840466,-1.589559,0.000000,0.000000,0.000000
46.540000000000006,ground_truth,2.176008,0.824059,-1.594190,0.000000,0.000000,0.000000
46.56,ground_truth,2.175797,0.806999,-1.598507,0.000000,0.000000,0.000000
46.580000000000005,ground_truth,2.175444,0.789454,-1.601181,0.000000,0.000000,0.000000
46.6,ground_truth,2.175025,0.771463,-1.603501,0.000000,0.000000,0.000000
46.620000000000005,ground_truth,2.174518,0.753128,-1.604889,0.000000,0.000000,0.000000
46.64,ground_truth,2.173969,0.734486,-1.606104,0.000000,0.000000,0.000000
46.660000000000004,ground_truth,2.173386,0.715594,-1.607233,0.000000,0.000000,0.000000
46.68,ground_truth,2.172750,0.696511,-1.607848,0.000000,0.000000,0.000000
46.7,ground_truth,2.172065,0.677317,-1.607795,0.000000,0.000000,0.000000
46.720000000000006,ground_truth,2.171351,0.658070,-1.607260,0.000000,0.000000,0.000000
46.74,ground_truth,2.170631,0.638675,-1.606655,0.000000,0.000000,0.000000
46.760000000000005,ground_truth,2.169903,0.619150,-1.605920,0.000000,0.000000,0.000000
46.78,ground_truth,2.169177,0.599822,-1.605016,0.000000,0.000000,0.000000
46.800000000000004,ground_truth,2.168464,0.580603,-1.604119,0.000000,0.000000,0.000000
46.82,ground_truth,2.167790,0.561941,-1.603504,0.000000,0.000000,0.000000
46.84,ground_truth,2.167133,0.543202,-1.603061,0.000000,0.000000,0.000000
46.86,ground_truth,2.166501,0.525151,-1.602437,0.000000,0.000000,0.000000
46.88,ground_truth,2.165883,0.506976,-1.601919,0.000000,0.000000,0.000000
46.900000000000006,ground_truth,2.165285,0.488910,-1.601563,0.000000,0.000000,0.000000
46.92,ground_truth,2.164736,0.471378,-1.601802,0.000000,0.000000,0.000000
46.940000000000005,ground_truth,2.164189,0.453978,-1.601912,0.000000,0.000000,0.000000
46.96,ground_truth,2.163646,0.436700,-1.601980,0.000000,0.000000,0.000000
46.980000000000004,ground_truth,2.163092,0.419313,-1.601835,0.000000,0.000000,0.000000
47.0,ground_truth,2.162542,0.402016,-1.601656,0.000000,0.000000,0.000000
47.02,ground_truth,2.161999,0.385454,-1.601277,0.000000,0.000000,0.000000
47.040000000000006,ground_truth,2.161483,0.369524,-1.601108,0.000000,0.000000,0.000000
47.06,ground_truth,2.160984,0.354956,-1.600833,0.000000,0.000000,0.000000
47.080000000000005,ground_truth,2.160498,0.340249,-1.600727,0.000000,0.000000,0.000000
47.1,ground_truth,2.160049,0.325088,-1.601521,0.000000,0.000000,0.000000
47.120000000000005,ground_truth,2.159581,0.309422,-1.602310,0.000000,0.000000,0.000000
47.14,ground_truth,2.159087,0.293303,-1.602927,0.000000,0.000000,0.000000
47.160000000000004,ground_truth,2.158565,0.276782,-1.603283,0.000000,0.000000,0.000000
47.18,ground_truth,2.158022,0.259899,-1.603481,0.000000,0.000000,0.000000
47.2,ground_truth,2.157462,0.242693,-1.603578,0.000000,0.000000,0.000000
47.220000000000006,ground_truth,2.156888,0.225197,-1.603579,0.000000,0.000000,0.000000
47.24,ground_truth,2.156303,0.207440,-1.603543,0.000000,0.000000,0.000000
47.260000000000005,ground_truth,2.155706,0.189412,-1.603428,0.000000,0.000000,0.000000
47.28,ground_truth,2.155098,0.171118,-1.603239,0.000000,0.000000,0.000000
47.300000000000004,ground_truth,2.154502,0.152759,-1.603321,0.000000,0.000000,0.000000
47.32,ground_truth,2.153897,0.134183,-1.603367,0.000000,0.000000,0.000000
47.34,ground_truth,2.153284,0.115379,-1.603307,0.000000,0.000000,0.000000
47.36,ground_truth,2.152688,0.096943,-1.603428,0.000000,0.000000,0.000000
47.38,ground_truth,2.152087,0.078361,-1.603498,0.000000,0.000000,0.000000
47.400000000000006,ground_truth,2.151528,0.060400,-1.603894,0.000000,0.000000,0.000000
47.42,ground_truth,2.150970,0.042294,-1.604523,0.000000,0.000000,0.000000
47.440000000000005,ground_truth,2.150382,0.023917,-1.605022,0.000000,0.000000,0.000000
47.46,ground_truth,2.149761,0.005615,-1.605083,0.000000,0.000000,0.000000
47.480000000000004,ground_truth,2.149125,-0.012155,-1.604459,0.000000,0.000000,0.000000
47.5,ground_truth,2.148480,-0.029334,-1.603670,0.000000,0.000000,0.000000
47.52,ground_truth,2.147870,-0.046850,-1.603587,0.000000,0.000000,0.000000
47.540000000000006,ground_truth,2.147280,-0.064362,-1.603769,0.000000,0.000000,0.000000
47.56,ground_truth,2.146681,-0.080917,-1.603285,0.000000,0.000000,0.000000
47.580000000000005,ground_truth,2.146104,-0.097501,-1.603265,0.000000,0.000000,0.000000
47.6,ground_truth,2.145520,-0.112573,-1.602339,0.000000,0.000000,0.000000
47.620000000000005,ground_truth,2.144932,-0.126445,-1.601655,0.000000,0.000000,0.000000
47.64,ground_truth,2.144437,-0.141293,-1.602915,0.000000,0.000000,0.000000
47.660000000000004,ground_truth,2.143943,-0.156578,-1.604524,0.000000,0.000000,0.000000
47.68,ground_truth,2.143446,-0.172793,-1.606880,0.000000,0.000000,0.000000
47.7,ground_truth,2.142893,-0.189722,-1.608970,0.000000,0.000000,0.000000
47.720000000000006,ground_truth,2.142287,-0.207222,-1.610808,0.000000,0.000000,0.000000
47.74,ground_truth,2.141613,-0.225171,-1.611943,0.000000,0.000000,0.000000
47.760000000000005,ground_truth,2.140909,-0.243507,-1.613091,0.000000,0.000000,0.000000
47.78,ground_truth,2.140157,-0.262138,-1.613768,0.000000,0.000000,0.000000
47.800000000000004,ground_truth,2.139358,-0.280975,-1.613814,0.000000,0.000000,0.000000
47.82,ground_truth,2.138546,-0.299985,-1.613804,0.000000,0.000000,0.000000
47.84,ground_truth,2.137709,-0.318841,-1.613115,0.000000,0.000000,0.000000
47.86,ground_truth,2.136876,-0.337897,-1.612526,0.000000,0.000000,0.000000
47.88,ground_truth,2.136047,-0.357144,-1.612044,0.000000,0.000000,0.000000
47.900000000000006,ground_truth,2.135223,-0.376048,-1.611200,0.000000,0.000000,0.000000
47.92,ground_truth,2.134405,-0.394579,-1.610038,0.000000,0.000000,0.000000
47.940000000000005,ground_truth,2.133598,-0.412971,-1.608752,0.000000,0.000000,0.000000
47.96,ground_truth,2.132825,-0.431538,-1.607904,0.000000,0.000000,0.000000
47.980000000000004,ground_truth,2.132119,-0.449781,-1.608021,0.000000,0.000000,0.000000
48.0,ground_truth,2.131408,-0.468071,-1.607908,0.000000,0.000000,0.000000
48.02,ground_truth,2.130680,-0.486201,-1.607313,0.000000,0.000000,0.000000
48.040000000000006,ground_truth,2.129905,-0.503482,-1.605899,0.000000,0.000000,0.000000
48.06,ground_truth,2.129143,-0.520855,-1.604544,0.000000,0.000000,0.000000
48.080000000000005,ground_truth,2.128480,-0.537512,-1.604475,0.000000,0.000000,0.000000
48.1,ground_truth,2.127842,-0.554439,-1.604645,0.000000,0.000000,0.000000
48.120000000000005,ground_truth,2.127233,-0.571947,-1.605633,0.000000,0.000000,0.000000
48.14,ground_truth,2.126594,-0.589948,-1.606341,0.000000,0.000000,0.000000
48.160000000000004,ground_truth,2.125933,-0.608346,-1.606890,0.000000,0.000000,0.000000
48.18,ground_truth,2.125249,-0.627057,-1.607191,0.000000,0.000000,0.000000
48.2,ground_truth,2.124554,-0.646023,-1.607454,0.000000,0.000000,0.000000
48.220000000000006,ground_truth,2.123849,-0.665192,-1.607659,0.000000,0.000000,0.000000
48.24,ground_truth,2.123133,-0.684523,-1.607764,0.000000,0.000000,0.000000
48.260000000000005,ground_truth,2.122413,-0.703985,-1.607883,0.000000,0.000000,0.000000
48.28,ground_truth,2.121689,-0.723553,-1.608006,0.000000,0.000000,0.000000
48.300000000000004,ground_truth,2.120962,-0.743175,-1.608146,0.000000,0.000000,0.000000
48.32,ground_truth,2.120236,-0.762779,-1.608303,0.000000,0.000000,0.000000
48.34,ground_truth,2.119504,-0.782460,-1.608430,0.000000,0.000000,0.000000
48.36000000000001,ground_truth,2.118768,-0.802192,-1.608553,0.000000,0.000000,0.000000
48.38,ground_truth,2.118054,-0.821449,-1.608816,0.000000,0.000000,0.000000
48.400000000000006,ground_truth,2.117332,-0.840711,-1.608989,0.000000,0.000000,0.000000
48.42,ground_truth,2.116624,-0.859632,-1.609235,0.000000,0.000000,0.000000
48.440000000000005,ground_truth,2.115902,-0.878662,-1.609352,0.000000,0.000000,0.000000
48.46,ground_truth,2.115171,-0.897733,-1.609363,0.000000,0.000000,0.000000
48.480000000000004,ground_truth,2.114462,-0.916455,-1.609525,0.000000,0.000000,0.000000
48.5,ground_truth,2.113736,-0.935217,-1.609427,0.000000,0.000000,0.000000
48.52,ground_truth,2.113078,-0.953127,-1.609957,0.000000,0.000000,0.000000
48.540000000000006,ground_truth,2.112402,-0.971102,-1.610356,0.000000,0.000000,0.000000
48.56,ground_truth,2.111707,-0.988736,-1.610113,0.000000,0.000000,0.000000
48.580000000000005,ground_truth,2.110979,-1.005452,-1.608992,0.000000,0.000000,0.000000
48.6,ground_truth,2.110256,-1.022036,-1.608058,0.000000,0.000000,0.000000
48.620000000000005,ground_truth,2.109541,-1.037732,-1.607190,0.000000,0.000000,0.000000
48.64,ground_truth,2.108864,-1.053609,-1.606785,0.000000,0.000000,0.000000
48.660000000000004,ground_truth,2.108224,-1.068546,-1.606335,0.000000,0.000000,0.000000
48.68,ground_truth,2.107625,-1.083900,-1.606867,0.000000,0.000000,0.000000
48.7,ground_truth,2.107044,-1.100109,-1.608268,0.000000,0.000000,0.000000
48.720000000000006,ground_truth,2.106446,-1.117059,-1.610031,0.000000,0.000000,0.000000
48.74,ground_truth,2.105805,-1.134586,-1.611671,0.000000,0.000000,0.000000
48.760000000000005,ground_truth,2.105116,-1.152574,-1.612976,0.000000,0.000000,0.000000
48.78,ground_truth,2.104384,-1.170934,-1.614016,0.000000,0.000000,0.000000
48.800000000000004,ground_truth,2.103616,-1.189599,-1.614834,0.000000,0.000000,0.000000
48.82,ground_truth,2.102809,-1.208505,-1.615271,0.000000,0.000000,0.000000
48.84,ground_truth,2.101970,-1.227578,-1.615316,0.000000,0.000000,0.000000
48.86000000000001,ground_truth,2.101099,-1.246598,-1.614645,0.000000,0.000000,0.000000
48.88,ground_truth,2.100231,-1.265789,-1.614056,0.000000,0.000000,0.000000
48.900000000000006,ground_truth,2.099364,-1.285142,-1.613462,0.000000,0.000000,0.000000
48.92,ground_truth,2.098502,-1.304173,-1.612533,0.000000,0.000000,0.000000
48.940000000000005,ground_truth,2.097666,-1.322977,-1.611611,0.000000,0.000000,0.000000
48.96,ground_truth,2.096847,-1.341420,-1.610561,0.000000,0.000000,0.000000
48.980000000000004,ground_truth,2.096059,-1.359958,-1.609842,0.000000,0.000000,0.000000
49.0,ground_truth,2.095297,-1.378636,-1.609525,0.000000,0.000000,0.000000
49.02,ground_truth,2.094539,-1.397038,-1.609042,0.000000,0.000000,0.000000
49.040000000000006,ground_truth,2.093796,-1.414942,-1.608394,0.000000,0.000000,0.000000
49.06,ground_truth,2.093028,-1.432430,-1.607143,0.000000,0.000000,0.000000
49.080000000000005,ground_truth,2.092270,-1.449729,-1.605917,0.000000,0.000000,0.000000
49.1,ground_truth,2.091552,-1.466809,-1.605357,0.000000,0.000000,0.000000
49.120000000000005,ground_truth,2.090896,-1.483862,-1.605407,0.000000,0.000000,0.000000
49.14,ground_truth,2.090245,-1.501095,-1.605393,0.000000,0.000000,0.000000
49.160000000000004,ground_truth,2.089624,-1.516705,-1.604951,0.000000,0.000000,0.000000
49.18,ground_truth,2.089045,-1.532431,-1.605157,0.000000,0.000000,0.000000
49.2,ground_truth,2.088474,-1.547027,-1.604772,0.000000,0.000000,0.000000
49.220000000000006,ground_truth,2.087888,-1.562411,-1.604426,0.000000,0.000000,0.000000
49.24,ground_truth,2.087273,-1.578590,-1.603824,0.000000,0.000000,0.000000
49.260000000000005,ground_truth,2.086641,-1.595365,-1.603039,0.000000,0.000000,0.000000
49.28,ground_truth,2.085994,-1.612588,-1.602104,0.000000,0.000000,0.000000
49.300000000000004,ground_truth,2.085345,-1.630174,-1.601256,0.000000,0.000000,0.000000
49.32,ground_truth,2.084699,-1.648075,-1.600519,0.000000,0.000000,0.000000
49.34,ground_truth,2.084080,-1.666274,-1.600234,0.000000,0.000000,0.000000
49.36000000000001,ground_truth,2.083493,-1.684831,-1.600540,0.000000,0.000000,0.000000
49.38,ground_truth,2.082928,-1.703664,-1.601346,0.000000,0.000000,0.000000
49.400000000000006,ground_truth,2.082374,-1.722556,-1.602491,0.000000,0.000000,0.000000
49.42,ground_truth,2.081812,-1.741501,-1.603678,0.000000,0.000000,0.000000
49.440000000000005,ground_truth,2.081232,-1.760530,-1.604793,0.000000,0.000000,0.000000
49.46,ground_truth,2.080629,-1.779756,-1.605839,0.000000,0.000000,0.000000
49.480000000000004,ground_truth,2.080004,-1.799123,-1.606814,0.000000,0.000000,0.000000
49.5,ground_truth,2.079389,-1.818054,-1.607803,0.000000,0.000000,0.000000
49.52,ground_truth,2.078748,-1.837056,-1.608661,0.000000,0.000000,0.000000
49.540000000000006,ground_truth,2.078127,-1.855559,-1.609594,0.000000,0.000000,0.000000
49.56,ground_truth,2.077468,-1.874212,-1.610254,0.000000,0.000000,0.000000
49.580000000000005,ground_truth,2.076793,-1.892680,-1.610770,0.000000,0.000000,0.000000
49.6,ground_truth,2.076160,-1.910300,-1.611373,0.000000,0.000000,0.000000
49.620000000000005,ground_truth,2.075510,-1.927711,-1.611661,0.000000,0.000000,0.000000
49.64,ground_truth,2.074886,-1.944729,-1.612230,0.000000,0.000000,0.000000
49.660000000000004,ground_truth,2.074216,-1.962035,-1.612410,0.000000,0.000000,0.000000
49.68,ground_truth,2.073543,-1.979299,-1.612808,0.000000,0.000000,0.000000
49.7,ground_truth,2.072849,-1.996938,-1.613324,0.000000,0.000000,0.000000
49.720000000000006,ground_truth,2.072130,-2.015038,-1.613981,0.000000,0.000000,0.000000
49.74,ground_truth,2.071379,-2.033500,-1.614546,0.000000,0.000000,0.000000
49.760000000000005,ground_truth,2.070603,-2.052257,-1.615100,0.000000,0.000000,0.000000
49.78,ground_truth,2.069797,-2.071244,-1.615470,0.000000,0.000000,0.000000
49.800000000000004,ground_truth,2.068964,-2.090419,-1.615620,0.000000,0.000000,0.000000
49.82,ground_truth,2.068112,-2.109748,-1.615617,0.000000,0.000000,0.000000
49.84,ground_truth,2.067242,-2.129200,-1.615413,0.000000,0.000000,0.000000
49.86000000000001,ground_truth,2.066362,-2.148742,-1.615080,0.000000,0.000000,0.000000
49.88,ground_truth,2.065480,-2.168338,-1.614682,0.000000,0.000000,0.000000
49.900000000000006,ground_truth,2.064599,-2.188014,-1.614288,0.000000,0.000000,0.000000
49.92,ground_truth,2.063719,-2.207752,-1.613871,0.000000,0.000000,0.000000
49.940000000000005,ground_truth,2.062845,-2.227117,-1.613110,0.000000,0.000000,0.000000
49.96,ground_truth,2.061988,-2.246407,-1.612393,0.000000,0.000000,0.000000
49.980000000000004,ground_truth,2.061147,-2.265376,-1.611578,0.000000,0.000000,0.000000
50.0,ground_truth,2.060330,-2.284355,-1.611104,0.000000,0.000000,0.000000
50.02,ground_truth,2.059551,-2.302796,-1.610771,0.000000,0.000000,0.000000
50.040000000000006,ground_truth,2.058787,-2.321415,-1.610745,0.000000,0.000000,0.000000
50.06,ground_truth,2.058027,-2.340255,-1.610848,0.000000,0.000000,0.000000
50.080000000000005,ground_truth,2.057255,-2.358678,-1.610459,0.000000,0.000000,0.000000
50.1,ground_truth,2.056482,-2.376776,-1.609765,0.000000,0.000000,0.000000
50.120000000000005,ground_truth,2.055712,-2.394253,-1.609007,0.000000,0.000000,0.000000
50.14,ground_truth,2.054965,-2.411724,-1.608504,0.000000,0.000000,0.000000
50.160000000000004,ground_truth,2.054244,-2.429190,-1.608328,0.000000,0.000000,0.000000
50.18,ground_truth,2.053564,-2.446489,-1.608597,0.000000,0.000000,0.000000
50.2,ground_truth,2.052977,-2.462832,-1.609582,0.000000,0.000000,0.000000
50.220000000000006,ground_truth,2.052442,-2.477084,-1.609559,0.000000,0.000000,0.000000
50.24,ground_truth,2.051914,-2.490993,-1.609536,0.000000,0.000000,0.000000
50.260000000000005,ground_truth,2.051319,-2.503906,-1.608356,0.000000,0.000000,0.000000
50.28,ground_truth,2.050705,-2.517624,-1.607161,0.000000,0.000000,0.000000
50.300000000000004,ground_truth,2.050076,-2.532566,-1.606101,0.000000,0.000000,0.000000
50.32,ground_truth,2.049454,-2.548507,-1.605524,0.000000,0.000000,0.000000
50.34,ground_truth,2.048835,-2.565252,-1.605324,0.000000,0.000000,0.000000
50.36000000000001,ground_truth,2.048208,-2.582641,-1.605272,0.000000,0.000000,0.000000
50.38,ground_truth,2.047581,-2.600551,-1.605488,0.000000,0.000000,0.000000
50.400000000000006,ground_truth,2.046950,-2.618880,-1.605896,0.000000,0.000000,0.000000
50.42,ground_truth,2.046309,-2.637544,-1.606425,0.000000,0.000000,0.000000
50.440000000000005,ground_truth,2.045660,-2.656478,-1.607074,0.000000,0.000000,0.000000
50.46,ground_truth,2.045005,-2.675468,-1.607816,0.000000,0.000000,0.000000
50.480000000000004,ground_truth,2.044332,-2.694573,-1.608486,0.000000,0.000000,0.000000
50.5,ground_truth,2.043640,-2.713857,-1.609082,0.000000,0.000000,0.000000
50.52,ground_truth,2.042945,-2.733009,-1.609710,0.000000,0.000000,0.000000
50.540000000000006,ground_truth,2.042241,-2.752040,-1.610245,0.000000,0.000000,0.000000
50.56,ground_truth,2.041578,-2.770092,-1.611006,0.000000,0.000000,0.000000
50.580000000000005,ground_truth,2.040892,-2.788084,-1.611562,0.000000,0.000000,0.000000
50.6,ground_truth,2.040174,-2.806343,-1.611856,0.000000,0.000000,0.000000
50.620000000000005,ground_truth,2.039464,-2.824310,-1.612094,0.000000,0.000000,0.000000
50.64,ground_truth,2.038735,-2.842351,-1.612125,0.000000,0.000000,0.000000
50.660000000000004,ground_truth,2.038057,-2.859816,-1.612656,0.000000,0.000000,0.000000
50.68,ground_truth,2.037371,-2.876923,-1.612774,0.000000,0.000000,0.000000
50.7,ground_truth,2.036678,-2.893888,-1.612746,0.000000,0.000000,0.000000
50.720000000000006,ground_truth,2.035953,-2.911025,-1.612322,0.000000,0.000000,0.000000
50.74,ground_truth,2.035271,-2.927785,-1.612440,0.000000,0.000000,0.000000
50.760000000000005,ground_truth,2.034633,-2.943135,-1.612421,0.000000,0.000000,0.000000
50.78,ground_truth,2.034025,-2.958711,-1.612941,0.000000,0.000000,0.000000
50.800000000000004,ground_truth,2.033371,-2.974854,-1.613166,0.000000,0.000000,0.000000
50.82,ground_truth,2.032665,-2.992036,-1.613430,0.000000,0.000000,0.000000
50.84,ground_truth,2.031921,-3.009678,-1.613412,0.000000,0.000000,0.000000
50.86000000000001,ground_truth,2.031156,-3.027681,-1.613282,0.000000,0.000000,0.000000
50.88,ground_truth,2.030378,-3.045991,-1.613095,0.000000,0.000000,0.000000
50.900000000000006,ground_truth,2.029591,-3.064560,-1.612882,0.000000,0.000000,0.000000
50.92,ground_truth,2.028797,-3.083350,-1.612659,0.000000,0.000000,0.000000
50.940000000000005,ground_truth,2.027999,-3.102326,-1.612426,0.000000,0.000000,0.000000
50.96,ground_truth,2.027201,-3.121452,-1.612224,0.000000,0.000000,0.000000
50.980000000000004,ground_truth,2.026407,-3.140716,-1.612221,0.000000,0.000000,0.000000
51.0,ground_truth,2.025612,-3.159863,-1.612096,0.000000,0.000000,0.000000
51.02,ground_truth,2.024821,-3.179080,-1.612121,0.000000,0.000000,0.000000
51.040000000000006,ground_truth,2.024029,-3.198451,-1.612266,0.000000,0.000000,0.000000
51.06,ground_truth,2.023228,-3.217653,-1.612101,0.000000,0.000000,0.000000
51.080000000000005,ground_truth,2.022427,-3.236675,-1.611789,0.000000,0.000000,0.000000
51.1,ground_truth,2.021670,-3.254924,-1.611545,0.000000,0.000000,0.000000
51.120000000000005,ground_truth,2.020932,-3.272853,-1.611452,0.000000,0.000000,0.000000
51.14,ground_truth,2.020259,-3.290152,-1.611993,0.000000,0.000000,0.000000
51.160000000000004,ground_truth,2.019567,-3.307760,-1.612638,0.000000,0.000000,0.000000
51.18,ground_truth,2.018860,-3.325738,-1.613458,0.000000,0.000000,0.000000
51.2,ground_truth,2.018112,-3.343446,-1.613434,0.000000,0.000000,0.000000
51.220000000000006,ground_truth,2.017325,-3.360485,-1.612438,0.000000,0.000000,0.000000
51.24,ground_truth,2.016526,-3.377281,-1.611380,0.000000,0.000000,0.000000
51.260000000000005,ground_truth,2.015774,-3.393967,-1.610692,0.000000,0.000000,0.000000
51.28,ground_truth,2.015064,-3.410625,-1.610442,0.000000,0.000000,0.000000
51.300000000000004,ground_truth,2.014380,-3.427804,-1.610967,0.000000,0.000000,0.000000
51.32,ground_truth,2.013691,-3.445541,-1.611930,0.000000,0.000000,0.000000
51.34,ground_truth,2.012980,-3.463714,-1.612988,0.000000,0.000000,0.000000
51.36000000000001,ground_truth,2.012222,-3.482304,-1.613698,0.000000,0.000000,0.000000
51.38,ground_truth,2.011416,-3.501237,-1.613881,0.000000,0.000000,0.000000
51.400000000000006,ground_truth,2.010580,-3.520366,-1.613659,0.000000,0.000000,0.000000
51.42,ground_truth,2.009735,-3.539657,-1.613305,0.000000,0.000000,0.000000
51.440000000000005,ground_truth,2.008886,-3.559078,-1.612874,0.000000,0.000000,0.000000
51.46,ground_truth,2.008040,-3.578586,-1.612439,0.000000,0.000000,0.000000
51.480000000000004,ground_truth,2.007200,-3.598137,-1.612054,0.000000,0.000000,0.000000
51.5,ground_truth,2.006370,-3.617779,-1.611773,0.000000,0.000000,0.000000
51.52,ground_truth,2.005543,-3.637486,-1.611505,0.000000,0.000000,0.000000
51.540000000000006,ground_truth,2.004730,-3.657075,-1.611365,0.000000,0.000000,0.000000
51.56,ground_truth,2.003931,-3.676534,-1.611312,0.000000,0.000000,0.000000
51.580000000000005,ground_truth,2.003143,-3.695824,-1.611357,0.000000,0.000000,0.000000
51.6,ground_truth,2.002349,-3.715210,-1.611317,0.000000,0.000000,0.000000
51.620000000000005,ground_truth,2.001555,-3.734610,-1.611260,0.000000,0.000000,0.000000
51.64,ground_truth,2.000797,-3.753492,-1.611460,0.000000,0.000000,0.000000
51.660000000000004,ground_truth,2.000024,-3.772496,-1.611483,0.000000,0.000000,0.000000
51.68,ground_truth,1.999297,-3.790833,-1.611803,0.000000,0.000000,0.000000
51.7,ground_truth,1.998580,-3.808722,-1.611969,0.000000,0.000000,0.000000
51.720000000000006,ground_truth,1.997939,-3.825651,-1.612732,0.000000,0.000000,0.000000
51.74,ground_truth,1.997280,-3.842364,-1.613039,0.000000,0.000000,0.000000
51.760000000000005,ground_truth,1.996585,-3.859381,-1.613037,0.000000,0.000000,0.000000
51.78,ground_truth,1.995888,-3.876143,-1.612892,0.000000,0.000000,0.000000
51.800000000000004,ground_truth,1.995184,-3.892556,-1.612523,0.000000,0.000000,0.000000
51.82,ground_truth,1.994503,-3.908177,-1.612222,0.000000,0.000000,0.000000
51.84,ground_truth,1.993798,-3.924211,-1.611686,0.000000,0.000000,0.000000
51.86000000000001,ground_truth,1.993080,-3.940955,-1.611330,0.000000,0.000000,0.000000
51.88,ground_truth,1.992351,-3.958304,-1.611158,0.000000,0.000000,0.000000
51.900000000000006,ground_truth,1.991612,-3.976176,-1.611088,0.000000,0.000000,0.000000
51.92,ground_truth,1.990865,-3.994471,-1.611160,0.000000,0.000000,0.000000
51.940000000000005,ground_truth,1.990106,-4.013085,-1.611226,0.000000,0.000000,0.000000
51.96,ground_truth,1.989336,-4.031910,-1.611224,0.000000,0.000000,0.000000
51.980000000000004,ground_truth,1.988558,-4.050913,-1.611158,0.000000,0.000000,0.000000
52.0,ground_truth,1.987775,-4.070065,-1.611066,0.000000,0.000000,0.000000
52.02,ground_truth,1.986995,-4.089217,-1.610987,0.000000,0.000000,0.000000
52.040000000000006,ground_truth,1.986216,-4.108488,-1.610992,0.000000,0.000000,0.000000
52.06,ground_truth,1.985443,-4.127336,-1.610702,0.000000,0.000000,0.000000
52.080000000000005,ground_truth,1.984683,-4.146316,-1.610698,0.000000,0.000000,0.000000
52.1,ground_truth,1.983924,-4.165498,-1.610889,0.000000,0.000000,0.000000
52.120000000000005,ground_truth,1.983165,-4.184357,-1.610772,0.000000,0.000000,0.000000
52.14,ground_truth,1.982413,-4.203096,-1.610647,0.000000,0.000000,0.000000
52.160000000000004,ground_truth,1.981659,-4.221346,-1.610100,0.000000,0.000000,0.000000
52.18,ground_truth,1.980925,-4.239698,-1.609928,0.000000,0.000000,0.000000
52.2,ground_truth,1.980201,-4.258239,-1.610060,0.000000,0.000000,0.000000
52.220000000000006,ground_truth,1.979456,-4.276081,-1.609461,0.000000,0.000000,0.000000
52.24,ground_truth,1.978709,-4.293795,-1.608703,0.000000,0.000000,0.000000
52.260000000000005,ground_truth,1.977954,-4.310850,-1.607606,0.000000,0.000000,0.000000
52.28,ground_truth,1.977243,-4.328155,-1.607224,0.000000,0.000000,0.000000
52.300000000000004,ground_truth,1.976567,-4.344870,-1.606751,0.000000,0.000000,0.000000
52.32,ground_truth,1.975928,-4.360690,-1.606528,0.000000,0.000000,0.000000
52.34,ground_truth,1.975322,-4.377014,-1.607203,0.000000,0.000000,0.000000
52.36000000000001,ground_truth,1.974731,-4.394071,-1.608766,0.000000,0.000000,0.000000
52.38,ground_truth,1.974105,-4.411688,-1.610274,0.000000,0.000000,0.000000
52.400000000000006,ground_truth,1.973449,-4.429759,-1.611838,0.000000,0.000000,0.000000
52.42,ground_truth,1.972753,-4.448186,-1.613216,0.000000,0.000000,0.000000
52.440000000000005,ground_truth,1.972015,-4.466901,-1.614335,0.000000,0.000000,0.000000
52.46,ground_truth,1.971220,-4.485832,-1.614726,0.000000,0.000000,0.000000
52.480000000000004,ground_truth,1.970396,-4.505016,-1.614942,0.000000,0.000000,0.000000
52.5,ground_truth,1.969535,-4.524386,-1.614659,0.000000,0.000000,0.000000
52.52,ground_truth,1.968662,-4.543865,-1.614152,0.000000,0.000000,0.000000
52.540000000000006,ground_truth,1.967785,-4.563424,-1.613527,0.000000,0.000000,0.000000
52.56,ground_truth,1.966932,-4.582766,-1.613030,0.000000,0.000000,0.000000
52.580000000000005,ground_truth,1.966080,-4.602187,-1.612475,0.000000,0.000000,0.000000
52.6,ground_truth,1.965272,-4.621218,-1.612322,0.000000,0.000000,0.000000
52.620000000000005,ground_truth,1.964474,-4.640116,-1.612221,0.000000,0.000000,0.000000
52.64,ground_truth,1.963662,-4.659223,-1.611949,0.000000,0.000000,0.000000
52.660000000000004,ground_truth,1.962856,-4.678310,-1.611689,0.000000,0.000000,0.000000
52.68000000000001,ground_truth,1.962062,-4.697227,-1.611491,0.000000,0.000000,0.000000
52.7,ground_truth,1.961282,-4.716016,-1.611394,0.000000,0.000000,0.000000
52.720000000000006,ground_truth,1.960507,-4.734762,-1.611284,0.000000,0.000000,0.000000
52.74,ground_truth,1.959731,-4.753546,-1.611146,0.000000,0.000000,0.000000
52.760000000000005,ground_truth,1.959007,-4.771427,-1.611299,0.000000,0.000000,0.000000
52.78,ground_truth,1.958316,-4.789141,-1.611781,0.000000,0.000000,0.000000
52.800000000000004,ground_truth,1.957663,-4.805576,-1.612014,0.000000,0.000000,0.000000
52.82,ground_truth,1.957027,-4.821927,-1.612388,0.000000,0.000000,0.000000
52.84,ground_truth,1.956418,-4.836765,-1.612438,0.000000,0.000000,0.000000
52.86000000000001,ground_truth,1.955804,-4.852090,-1.612716,0.000000,0.000000,0.000000
52.88,ground_truth,1.955146,-4.867778,-1.612477,0.000000,0.000000,0.000000
52.900000000000006,ground_truth,1.954459,-4.883909,-1.612004,0.000000,0.000000,0.000000
52.92,ground_truth,1.953751,-4.900438,-1.611398,0.000000,0.000000,0.000000
52.940000000000005,ground_truth,1.953030,-4.917326,-1.610742,0.000000,0.000000,0.000000
52.96,ground_truth,1.952300,-4.934535,-1.610074,0.000000,0.000000,0.000000
52.980000000000004,ground_truth,1.951565,-4.952032,-1.609418,0.000000,0.000000,0.000000
53.0,ground_truth,1.950829,-4.969788,-1.608815,0.000000,0.000000,0.000000
53.02,ground_truth,1.950092,-4.987804,-1.608254,0.000000,0.000000,0.000000
53.040000000000006,ground_truth,1.949368,-5.006303,-1.608038,0.000000,0.000000,0.000000
53.06,ground_truth,1.948664,-5.025166,-1.608412,0.000000,0.000000,0.000000
53.080000000000005,ground_truth,1.947965,-5.044150,-1.608997,0.000000,0.000000,0.000000
53.1,ground_truth,1.947255,-5.063326,-1.609639,0.000000,0.000000,0.000000
53.120000000000005,ground_truth,1.946531,-5.082614,-1.610215,0.000000,0.000000,0.000000
53.14,ground_truth,1.945780,-5.101406,-1.609912,0.000000,0.000000,0.000000
53.160000000000004,ground_truth,1.945039,-5.120204,-1.609765,0.000000,0.000000,0.000000
53.18000000000001,ground_truth,1.944308,-5.139067,-1.609836,0.000000,0.000000,0.000000
53.2,ground_truth,1.943578,-5.158055,-1.610081,0.000000,0.000000,0.000000
53.220000000000006,ground_truth,1.942845,-5.177118,-1.610399,0.000000,0.000000,0.000000
53.24,ground_truth,1.942089,-5.195729,-1.610041,0.000000,0.000000,0.000000
53.260000000000005,ground_truth,1.941331,-5.213970,-1.609463,0.000000,0.000000,0.000000
53.28,ground_truth,1.940553,-5.231494,-1.608334,0.000000,0.000000,0.000000
53.300000000000004,ground_truth,1.939805,-5.249024,-1.607614,0.000000,0.000000,0.000000
53.32,ground_truth,1.939104,-5.266523,-1.607382,0.000000,0.000000,0.000000
53.34,ground_truth,1.938424,-5.283231,-1.607053,0.000000,0.000000,0.000000
53.36000000000001,ground_truth,1.937763,-5.299447,-1.606700,0.000000,0.000000,0.000000
53.38,ground_truth,1.937142,-5.315252,-1.606842,0.000000,0.000000,0.000000
53.400000000000006,ground_truth,1.936546,-5.331725,-1.607849,0.000000,0.000000,0.000000
53.42,ground_truth,1.935950,-5.348896,-1.609512,0.000000,0.000000,0.000000
53.440000000000005,ground_truth,1.935322,-5.366607,-1.611252,0.000000,0.000000,0.000000
53.46,ground_truth,1.934658,-5.384750,-1.612980,0.000000,0.000000,0.000000
53.480000000000004,ground_truth,1.933935,-5.403223,-1.614167,0.000000,0.000000,0.000000
53.5,ground_truth,1.933167,-5.421973,-1.614978,0.000000,0.000000,0.000000
53.52,ground_truth,1.932356,-5.440945,-1.615322,0.000000,0.000000,0.000000
53.540000000000006,ground_truth,1.931523,-5.460108,-1.615517,0.000000,0.000000,0.000000
53.56,ground_truth,1.930665,-5.479414,-1.615419,0.000000,0.000000,0.000000
53.580000000000005,ground_truth,1.929791,-5.498715,-1.614973,0.000000,0.000000,0.000000
53.6,ground_truth,1.928914,-5.518084,-1.614397,0.000000,0.000000,0.000000
53.620000000000005,ground_truth,1.928060,-5.537007,-1.613685,0.000000,0.000000,0.000000
53.64,ground_truth,1.927204,-5.556114,-1.612897,0.000000,0.000000,0.000000
53.660000000000004,ground_truth,1.926353,-5.575373,-1.612143,0.000000,0.000000,0.000000
53.68000000000001,ground_truth,1.925542,-5.594318,-1.611833,0.000000,0.000000,0.000000
53.7,ground_truth,1.924724,-5.613402,-1.611367,0.000000,0.000000,0.000000
53.720000000000006,ground_truth,1.923952,-5.631981,-1.611329,0.000000,0.000000,0.000000
53.74,ground_truth,1.923183,-5.650425,-1.611210,0.000000,0.000000,0.000000
53.760000000000005,ground_truth,1.922458,-5.668233,-1.611344,0.000000,0.000000,0.000000
53.78,ground_truth,1.921722,-5.686124,-1.611306,0.000000,0.000000,0.000000
53.800000000000004,ground_truth,1.920983,-5.703949,-1.611135,0.000000,0.000000,0.000000
53.82,ground_truth,1.920287,-5.721269,-1.611356,0.000000,0.000000,0.000000
53.84,ground_truth,1.919555,-5.738998,-1.611171,0.000000,0.000000,0.000000
53.86000000000001,ground_truth,1.918865,-5.755499,-1.610973,0.000000,0.000000,0.000000
53.88,ground_truth,1.918241,-5.771715,-1.611659,0.000000,0.000000,0.000000
53.900000000000006,ground_truth,1.917636,-5.786957,-1.611958,0.000000,0.000000,0.000000
53.92,ground_truth,1.917025,-5.801444,-1.611716,0.000000,0.000000,0.000000
53.940000000000005,ground_truth,1.916458,-5.815506,-1.612176,0.000000,0.000000,0.000000
53.96,ground_truth,1.915844,-5.829970,-1.611984,0.000000,0.000000,0.000000
53.980000000000004,ground_truth,1.915195,-5.845005,-1.611516,0.000000,0.000000,0.000000
54.0,ground_truth,1.914519,-5.860552,-1.610849,0.000000,0.000000,0.000000
54.02,ground_truth,1.913828,-5.876559,-1.610128,0.000000,0.000000,0.000000
54.040000000000006,ground_truth,1.913124,-5.892978,-1.609351,0.000000,0.000000,0.000000
54.06,ground_truth,1.912418,-5.909770,-1.608684,0.000000,0.000000,0.000000
54.080000000000005,ground_truth,1.911712,-5.926896,-1.608112,0.000000,0.000000,0.000000
54.1,ground_truth,1.911007,-5.944322,-1.607656,0.000000,0.000000,0.000000
54.120000000000005,ground_truth,1.910305,-5.962017,-1.607319,0.000000,0.000000,0.000000
54.14,ground_truth,1.909606,-5.979956,-1.607073,0.000000,0.000000,0.000000
54.160000000000004,ground_truth,1.908913,-5.998212,-1.607008,0.000000,0.000000,0.000000
54.18000000000001,ground_truth,1.908229,-6.016967,-1.607366,0.000000,0.000000,0.000000
54.2,ground_truth,1.907548,-6.035671,-1.607752,0.000000,0.000000,0.000000
54.220000000000006,ground_truth,1.906871,-6.054407,-1.608277,0.000000,0.000000,0.000000
54.24,ground_truth,1.906187,-6.073388,-1.608974,0.000000,0.000000,0.000000
54.260000000000005,ground_truth,1.905490,-6.092193,-1.609308,0.000000,0.000000,0.000000
54.28,ground_truth,1.904793,-6.111119,-1.609824,0.000000,0.000000,0.000000
54.300000000000004,ground_truth,1.904077,-6.129795,-1.609910,0.000000,0.000000,0.000000
54.32,ground_truth,1.903354,-6.147452,-1.608985,0.000000,0.000000,0.000000
54.34,ground_truth,1.902669,-6.165452,-1.608957,0.000000,0.000000,0.000000
54.36000000000001,ground_truth,1.901977,-6.182769,-1.608459,0.000000,0.000000,0.000000
54.38,ground_truth,1.901284,-6.199952,-1.607893,0.000000,0.000000,0.000000
54.400000000000006,ground_truth,1.900593,-6.216359,-1.606989,0.000000,0.000000,0.000000
54.42,ground_truth,1.899938,-6.232208,-1.606531,0.000000,0.000000,0.000000
54.440000000000005,ground_truth,1.899309,-6.247216,-1.605855,0.000000,0.000000,0.000000
54.46,ground_truth,1.898709,-6.262180,-1.605358,0.000000,0.000000,0.000000
54.480000000000004,ground_truth,1.898163,-6.277066,-1.605454,0.000000,0.000000,0.000000
54.5,ground_truth,1.897664,-6.292543,-1.606883,0.000000,0.000000,0.000000
54.52,ground_truth,1.897178,-6.308887,-1.609603,0.000000,0.000000,0.000000
54.540000000000006,ground_truth,1.896624,-6.325918,-1.612066,0.000000,0.000000,0.000000
54.56,ground_truth,1.896005,-6.343502,-1.614268,0.000000,0.000000,0.000000
54.580000000000005,ground_truth,1.895304,-6.361516,-1.615718,0.000000,0.000000,0.000000
54.6,ground_truth,1.894543,-6.379889,-1.616709,0.000000,0.000000,0.000000
54.620000000000005,ground_truth,1.893716,-6.398542,-1.616886,0.000000,0.000000,0.000000
54.64,ground_truth,1.892866,-6.417449,-1.616947,0.000000,0.000000,0.000000
54.660000000000004,ground_truth,1.891989,-6.436572,-1.616771,0.000000,0.000000,0.000000
54.68000000000001,ground_truth,1.891093,-6.455908,-1.616466,0.000000,0.000000,0.000000
54.7,ground_truth,1.890183,-6.475068,-1.615752,0.000000,0.000000,0.000000
54.720000000000006,ground_truth,1.889269,-6.494264,-1.614901,0.000000,0.000000,0.000000
54.74,ground_truth,1.888370,-6.513277,-1.614040,0.000000,0.000000,0.000000
54.760000000000005,ground_truth,1.887475,-6.532295,-1.613093,0.000000,0.000000,0.000000
54.78,ground_truth,1.886560,-6.550829,-1.611778,0.000000,0.000000,0.000000
54.800000000000004,ground_truth,1.885648,-6.569503,-1.610502,0.000000,0.000000,0.000000
54.82,ground_truth,1.884758,-6.588140,-1.609455,0.000000,0.000000,0.000000
54.84,ground_truth,1.883947,-6.606001,-1.609102,0.000000,0.000000,0.000000
54.86000000000001,ground_truth,1.883173,-6.623737,-1.608936,0.000000,0.000000,0.000000
54.88,ground_truth,1.882439,-6.641263,-1.609052,0.000000,0.000000,0.000000
54.900000000000006,ground_truth,1.881688,-6.659246,-1.608865,0.000000,0.000000,0.000000
54.92,ground_truth,1.880970,-6.676977,-1.608911,0.000000,0.000000,0.000000
54.940000000000005,ground_truth,1.880335,-6.693195,-1.609164,0.000000,0.000000,0.000000
54.96,ground_truth,1.879799,-6.708875,-1.610399,0.000000,0.000000,0.000000
54.980000000000004,ground_truth,1.879301,-6.723249,-1.611042,0.000000,0.000000,0.000000
55.0,ground_truth,1.878799,-6.737829,-1.611794,0.000000,0.000000,0.000000
55.02,ground_truth,1.878097,-6.751840,-1.606112,0.000000,0.000000,0.000000
55.040000000000006,ground_truth,1.877388,-6.766650,-1.599015,0.000000,0.000000,0.000000
55.06,ground_truth,1.876728,-6.782387,-1.592273,0.000000,0.000000,0.000000
55.080000000000005,ground_truth,1.876182,-6.798929,-1.587011,0.000000,0.000000,0.000000
55.1,ground_truth,1.875710,-6.816109,-1.582393,0.000000,0.000000,0.000000
55.120000000000005,ground_truth,1.875348,-6.833826,-1.579101,0.000000,0.000000,0.000000
55.14,ground_truth,1.875090,-6.851993,-1.577251,0.000000,0.000000,0.000000
55.160000000000004,ground_truth,1.874889,-6.870516,-1.576079,0.000000,0.000000,0.000000
55.18000000000001,ground_truth,1.874772,-6.889337,-1.576368,0.000000,0.000000,0.000000
55.2,ground_truth,1.874655,-6.908389,-1.576633,0.000000,0.000000,0.000000
55.220000000000006,ground_truth,1.874528,-6.927608,-1.576681,0.000000,0.000000,0.000000
55.24,ground_truth,1.874411,-6.946978,-1.576885,0.000000,0.000000,0.000000
55.260000000000005,ground_truth,1.874293,-6.966475,-1.577109,0.000000,0.000000,0.000000
55.28,ground_truth,1.874182,-6.985840,-1.577483,0.000000,0.000000,0.000000
55.300000000000004,ground_truth,1.874072,-7.004887,-1.577927,0.000000,0.000000,0.000000
55.32,ground_truth,1.873971,-7.023442,-1.578633,0.000000,0.000000,0.000000
55.34,ground_truth,1.873866,-7.042299,-1.579512,0.000000,0.000000,0.000000
55.36000000000001,ground_truth,1.873746,-7.061371,-1.580393,0.000000,0.000000,0.000000
55.38,ground_truth,1.873545,-7.079935,-1.579800,0.000000,0.000000,0.000000
55.400000000000006,ground_truth,1.873352,-7.098460,-1.579378,0.000000,0.000000,0.000000
55.42,ground_truth,1.873139,-7.116527,-1.578623,0.000000,0.000000,0.000000
55.440000000000005,ground_truth,1.872948,-7.134548,-1.578205,0.000000,0.000000,0.000000
55.46,ground_truth,1.872734,-7.151748,-1.577538,0.000000,0.000000,0.000000
55.480000000000004,ground_truth,1.872557,-7.169048,-1.577264,0.000000,0.000000,0.000000
55.5,ground_truth,1.872391,-7.185799,-1.576779,0.000000,0.000000,0.000000
55.52,ground_truth,1.872234,-7.202136,-1.576620,0.000000,0.000000,0.000000
55.540000000000006,ground_truth,1.872106,-7.218589,-1.576809,0.000000,0.000000,0.000000
55.56,ground_truth,1.871924,-7.233486,-1.576121,0.000000,0.000000,0.000000
55.580000000000005,ground_truth,1.871777,-7.247883,-1.575889,0.000000,0.000000,0.000000
55.6,ground_truth,1.871635,-7.261279,-1.575452,0.000000,0.000000,0.000000
55.620000000000005,ground_truth,1.871525,-7.274355,-1.575242,0.000000,0.000000,0.000000
55.64,ground_truth,1.871417,-7.287732,-1.574929,0.000000,0.000000,0.000000
55.660000000000004,ground_truth,1.871299,-7.302110,-1.574451,0.000000,0.000000,0.000000
55.68000000000001,ground_truth,1.871185,-7.317345,-1.574021,0.000000,0.000000,0.000000
55.7,ground_truth,1.871076,-7.333306,-1.573654,0.000000,0.000000,0.000000
55.720000000000006,ground_truth,1.870976,-7.349880,-1.573393,0.000000,0.000000,0.000000
55.74,ground_truth,1.870886,-7.366971,-1.573238,0.000000,0.000000,0.000000
55.760000000000005,ground_truth,1.870806,-7.384499,-1.573198,0.000000,0.000000,0.000000
55.78,ground_truth,1.870745,-7.402439,-1.573434,0.000000,0.000000,0.000000
55.800000000000004,ground_truth,1.870711,-7.420867,-1.574466,0.000000,0.000000,0.000000
55.82,ground_truth,1.870661,-7.439642,-1.575696,0.000000,0.000000,0.000000
55.84,ground_truth,1.870583,-7.458676,-1.576897,0.000000,0.000000,0.000000
55.86000000000001,ground_truth,1.870453,-7.477745,-1.577448,0.000000,0.000000,0.000000
55.88,ground_truth,1.870294,-7.496581,-1.577149,0.000000,0.000000,0.000000
55.900000000000006,ground_truth,1.870141,-7.515179,-1.576722,0.000000,0.000000,0.000000
55.92,ground_truth,1.870007,-7.534080,-1.576561,0.000000,0.000000,0.000000
55.940000000000005,ground_truth,1.869890,-7.553211,-1.576710,0.000000,0.000000,0.000000
55.96,ground_truth,1.869729,-7.571950,-1.575997,0.000000,0.000000,0.000000
55.980000000000004,ground_truth,1.869539,-7.590388,-1.574811,0.000000,0.000000,0.000000
56.0,ground_truth,1.869300,-7.608215,-1.573253,0.000000,0.000000,0.000000
56.02,ground_truth,1.869111,-7.626397,-1.572059,0.000000,0.000000,0.000000
56.040000000000006,ground_truth,1.868993,-7.644413,-1.571742,0.000000,0.000000,0.000000
56.06,ground_truth,1.868988,-7.661310,-1.573059,0.000000,0.000000,0.000000
56.080000000000005,ground_truth,1.868965,-7.677982,-1.573876,0.000000,0.000000,0.000000
56.1,ground_truth,1.868974,-7.693036,-1.574595,0.000000,0.000000,0.000000
56.120000000000005,ground_truth,1.868987,-7.708110,-1.575169,0.000000,0.000000,0.000000
56.14,ground_truth,1.868977,-7.722841,-1.575439,0.000000,0.000000,0.000000
56.160000000000004,ground_truth,1.868962,-7.737411,-1.575682,0.000000,0.000000,0.000000
56.18000000000001,ground_truth,1.868945,-7.750980,-1.575941,0.000000,0.000000,0.000000
56.2,ground_truth,1.868931,-7.763587,-1.576311,0.000000,0.000000,0.000000
56.220000000000006,ground_truth,1.868899,-7.776395,-1.576418,0.000000,0.000000,0.000000
56.24,ground_truth,1.868825,-7.788536,-1.576215,0.000000,0.000000,0.000000
56.260000000000005,ground_truth,1.868746,-7.800295,-1.575888,0.000000,0.000000,0.000000
56.28,ground_truth,1.868678,-7.812217,-1.575744,0.000000,0.000000,0.000000
56.300000000000004,ground_truth,1.868583,-7.823527,-1.575340,0.000000,0.000000,0.000000
56.32,ground_truth,1.868483,-7.834562,-1.575043,0.000000,0.000000,0.000000
56.34,ground_truth,1.868370,-7.844346,-1.574875,0.000000,0.000000,0.000000
56.36000000000001,ground_truth,1.868276,-7.854194,-1.574651,0.000000,0.000000,0.000000
56.38,ground_truth,1.868210,-7.863786,-1.574586,0.000000,0.000000,0.000000
56.400000000000006,ground_truth,1.868147,-7.872933,-1.574493,0.000000,0.000000,0.000000
56.42,ground_truth,1.868087,-7.881642,-1.574312,0.000000,0.000000,0.000000
56.440000000000005,ground_truth,1.868022,-7.889384,-1.574287,0.000000,0.000000,0.000000
56.46,ground_truth,1.867957,-7.897002,-1.573995,0.000000,0.000000,0.000000
56.480000000000004,ground_truth,1.867916,-7.903909,-1.574082,0.000000,0.000000,0.000000
56.5,ground_truth,1.867874,-7.911151,-1.573920,0.000000,0.000000,0.000000
56.52,ground_truth,1.867868,-7.917418,-1.574222,0.000000,0.000000,0.000000
56.540000000000006,ground_truth,1.867852,-7.923389,-1.574235,0.000000,0.000000,0.000000
56.56,ground_truth,1.867828,-7.929722,-1.574093,0.000000,0.000000,0.000000
56.580000000000005,ground_truth,1.867810,-7.935200,-1.574123,0.000000,0.000000,0.000000
56.6,ground_truth,1.867794,-7.940726,-1.574133,0.000000,0.000000,0.000000
56.620000000000005,ground_truth,1.867772,-7.946329,-1.574074,0.000000,0.000000,0.000000
56.64,ground_truth,1.867765,-7.951215,-1.574180,0.000000,0.000000,0.000000
56.660000000000004,ground_truth,1.867748,-7.956260,-1.574059,0.000000,0.000000,0.000000
56.68000000000001,ground_truth,1.867756,-7.960252,-1.574298,0.000000,0.000000,0.000000
56.7,ground_truth,1.867750,-7.964556,-1.574181,0.000000,0.000000,0.000000
56.720000000000006,ground_truth,1.867741,-7.968787,-1.574181,0.000000,0.000000,0.000000
56.74,ground_truth,1.867736,-7.972615,-1.574202,0.000000,0.000000,0.000000
56.760000000000005,ground_truth,1.867725,-7.976614,-1.574101,0.000000,0.000000,0.000000
56.78,ground_truth,1.867727,-7.980166,-1.574157,0.000000,0.000000,0.000000
56.800000000000004,ground_truth,1.867720,-7.983862,-1.574100,0.000000,0.000000,0.000000
56.82,ground_truth,1.867725,-7.987253,-1.574153,0.000000,0.000000,0.000000
56.84,ground_truth,1.867718,-7.990610,-1.574158,0.000000,0.000000,0.000000
56.86000000000001,ground_truth,1.867706,-7.994164,-1.574103,0.000000,0.000000,0.000000
56.88,ground_truth,1.867702,-7.997088,-1.574141,0.000000,0.000000,0.000000
56.900000000000006,ground_truth,1.867719,-7.999571,-1.574208,0.000000,0.000000,0.000000
56.92,ground_truth,1.867728,-8.001336,-1.574268,0.000000,0.000000,0.000000
56.940000000000005,ground_truth,1.867722,-8.003618,-1.574191,0.000000,0.000000,0.000000
56.96,ground_truth,1.867712,-8.006257,-1.574102,0.000000,0.000000,0.000000
56.980000000000004,ground_truth,1.867708,-8.008523,-1.574154,0.000000,0.000000,0.000000
57.0,ground_truth,1.867697,-8.011016,-1.574073,0.000000,0.000000,0.000000
57.02,ground_truth,1.867711,-8.013061,-1.574181,0.000000,0.000000,0.000000
57.040000000000006,ground_truth,1.867713,-8.014963,-1.574205,0.000000,0.000000,0.000000
57.06,ground_truth,1.867704,-8.017198,-1.574154,0.000000,0.000000,0.000000
57.080000000000005,ground_truth,1.867702,-8.019030,-1.574136,0.000000,0.000000,0.000000
57.1,ground_truth,1.867708,-8.020896,-1.574191,0.000000,0.000000,0.000000
57.120000000000005,ground_truth,1.867718,-8.022636,-1.574171,0.000000,0.000000,0.000000
57.14,ground_truth,1.867717,-8.024542,-1.574174,0.000000,0.000000,0.000000
57.160000000000004,ground_truth,1.867728,-8.026073,-1.574196,0.000000,0.000000,0.000000
57.18000000000001,ground_truth,1.867726,-8.027690,-1.574210,0.000000,0.000000,0.000000
57.2,ground_truth,1.867719,-8.029346,-1.574175,0.000000,0.000000,0.000000
57.220000000000006,ground_truth,1.867724,-8.030693,-1.574204,0.000000,0.000000,0.000000
57.24,ground_truth,1.867721,-8.032259,-1.574174,0.000000,0.000000,0.000000
57.260000000000005,ground_truth,1.867729,-8.033302,-1.574220,0.000000,0.000000,0.000000
57.28,ground_truth,1.867725,-8.034469,-1.574227,0.000000,0.000000,0.000000
57.300000000000004,ground_truth,1.867721,-8.035856,-1.574225,0.000000,0.000000,0.000000
57.32,ground_truth,1.867719,-8.036751,-1.574208,0.000000,0.000000,0.000000
57.34,ground_truth,1.867721,-8.037716,-1.574235,0.000000,0.000000,0.000000
57.36000000000001,ground_truth,1.867717,-8.038784,-1.574200,0.000000,0.000000,0.000000
57.38,ground_truth,1.867714,-8.039959,-1.574203,0.000000,0.000000,0.000000
57.400000000000006,ground_truth,1.867709,-8.041094,-1.574187,0.000000,0.000000,0.000000
57.42,ground_truth,1.867716,-8.041961,-1.574222,0.000000,0.000000,0.000000
57.440000000000005,ground_truth,1.867715,-8.042991,-1.574222,0.000000,0.000000,0.000000
57.46,ground_truth,1.867716,-8.043653,-1.574222,0.000000,0.000000,0.000000
57.480000000000004,ground_truth,1.867716,-8.044457,-1.574238,0.000000,0.000000,0.000000
57.50000000000001,ground_truth,1.867713,-8.045247,-1.574222,0.000000,0.000000,0.000000
57.52,ground_truth,1.867710,-8.046027,-1.574219,0.000000,0.000000,0.000000
57.540000000000006,ground_truth,1.867710,-8.046812,-1.574238,0.000000,0.000000,0.000000
57.56,ground_truth,1.867709,-8.047512,-1.574225,0.000000,0.000000,0.000000
57.580000000000005,ground_truth,1.867707,-8.048302,-1.574235,0.000000,0.000000,0.000000
57.6,ground_truth,1.867706,-8.048790,-1.574231,0.000000,0.000000,0.000000
57.620000000000005,ground_truth,1.867704,-8.049406,-1.574232,0.000000,0.000000,0.000000
57.64,ground_truth,1.867702,-8.050117,-1.574226,0.000000,0.000000,0.000000
57.660000000000004,ground_truth,1.867700,-8.050623,-1.574228,0.000000,0.000000,0.000000
57.68000000000001,ground_truth,1.867699,-8.051241,-1.574238,0.000000,0.000000,0.000000
57.7,ground_truth,1.867698,-8.051669,-1.574230,0.000000,0.000000,0.000000
57.720000000000006,ground_truth,1.867697,-8.052218,-1.574232,0.000000,0.000000,0.000000
57.74,ground_truth,1.867695,-8.052804,-1.574228,0.000000,0.000000,0.000000
57.760000000000005,ground_truth,1.867693,-8.053205,-1.574230,0.000000,0.000000,0.000000
57.78,ground_truth,1.867692,-8.053634,-1.574236,0.000000,0.000000,0.000000
57.800000000000004,ground_truth,1.867691,-8.054093,-1.574231,0.000000,0.000000,0.000000
57.82,ground_truth,1.867689,-8.054552,-1.574232,0.000000,0.000000,0.000000
57.84,ground_truth,1.867688,-8.055013,-1.574228,0.000000,0.000000,0.000000
57.86000000000001,ground_truth,1.867687,-8.055346,-1.574231,0.000000,0.000000,0.000000
57.88,ground_truth,1.867686,-8.055754,-1.574232,0.000000,0.000000,0.000000
57.900000000000006,ground_truth,1.867685,-8.056012,-1.574230,0.000000,0.000000,0.000000
57.92,ground_truth,1.867684,-8.056347,-1.574232,0.000000,0.000000,0.000000
57.940000000000005,ground_truth,1.867682,-8.056698,-1.574229,0.000000,0.000000,0.000000
57.96,ground_truth,1.867681,-8.057013,-1.574228,0.000000,0.000000,0.000000
57.980000000000004,ground_truth,1.867680,-8.057345,-1.574229,0.000000,0.000000,0.000000
58.00000000000001,ground_truth,1.867679,-8.057573,-1.574227,0.000000,0.000000,0.000000
58.02,ground_truth,1.867678,-8.057862,-1.574228,0.000000,0.000000,0.000000
58.040000000000006,ground_truth,1.867678,-8.058141,-1.574225,0.000000,0.000000,0.000000
58.06,ground_truth,1.867677,-8.058396,-1.574224,0.000000,0.000000,0.000000
58.080000000000005,ground_truth,1.867676,-8.058694,-1.574222,0.000000,0.000000,0.000000
58.1,ground_truth,1.867675,-8.058859,-1.574223,0.000000,0.000000,0.000000
58.120000000000005,ground_truth,1.867674,-8.059129,-1.574222,0.000000,0.000000,0.000000
58.14,ground_truth,1.867674,-8.059296,-1.574220,0.000000,0.000000,0.000000
58.160000000000004,ground_truth,1.867673,-8.059478,-1.574220,0.000000,0.000000,0.000000
58.18000000000001,ground_truth,1.867672,-8.059711,-1.574218,0.000000,0.000000,0.000000
58.2,ground_truth,1.867672,-8.059871,-1.574218,0.000000,0.000000,0.000000
58.220000000000006,ground_truth,1.867671,-8.060092,-1.574215,0.000000,0.000000,0.000000
58.24,ground_truth,1.867671,-8.060199,-1.574215,0.000000,0.000000,0.000000
58.260000000000005,ground_truth,1.867670,-8.060352,-1.574215,0.000000,0.000000,0.000000
58.28,ground_truth,1.867669,-8.060536,-1.574213,0.000000,0.000000,0.000000
58.300000000000004,ground_truth,1.867669,-8.060693,-1.574211,0.000000,0.000000,0.000000
58.32,ground_truth,1.867668,-8.060877,-1.574209,0.000000,0.000000,0.000000
58.34,ground_truth,1.867668,-8.060981,-1.574209,0.000000,0.000000,0.000000
58.36000000000001,ground_truth,1.867667,-8.061118,-1.574208,0.000000,0.000000,0.000000
58.38,ground_truth,1.867667,-8.061245,-1.574206,0.000000,0.000000,0.000000
58.400000000000006,ground_truth,1.867667,-8.061383,-1.574205,0.000000,0.000000,0.000000
58.42,ground_truth,1.867666,-8.061520,-1.574203,0.000000,0.000000,0.000000
58.440000000000005,ground_truth,1.867666,-8.061615,-1.574202,0.000000,0.000000,0.000000
58.46,ground_truth,1.867665,-8.061733,-1.574201,0.000000,0.000000,0.000000
58.480000000000004,ground_truth,1.867665,-8.061830,-1.574200,0.000000,0.000000,0.000000
58.50000000000001,ground_truth,1.867665,-8.061939,-1.574198,0.000000,0.000000,0.000000
58.52,ground_truth,1.867664,-8.062035,-1.574197,0.000000,0.000000,0.000000
58.540000000000006,ground_truth,1.867664,-8.062127,-1.574195,0.000000,0.000000,0.000000
58.56,ground_truth,1.867664,-8.062227,-1.574194,0.000000,0.000000,0.000000
58.580000000000005,ground_truth,1.867663,-8.062289,-1.574193,0.000000,0.000000,0.000000
58.6,ground_truth,1.867663,-8.062384,-1.574191,0.000000,0.000000,0.000000
58.620000000000005,ground_truth,1.867663,-8.062461,-1.574190,0.000000,0.000000,0.000000
58.64,ground_truth,1.867663,-8.062538,-1.574188,0.000000,0.000000,0.000000
58.660000000000004,ground_truth,1.867662,-8.062618,-1.574186,0.000000,0.000000,0.000000
58.68000000000001,ground_truth,1.867662,-8.062685,-1.574185,0.000000,0.000000,0.000000
58.7,ground_truth,1.867662,-8.062738,-1.574184,0.000000,0.000000,0.000000
58.720000000000006,ground_truth,1.867662,-8.062814,-1.574182,0.000000,0.000000,0.000000
58.74,ground_truth,1.867661,-8.062879,-1.574180,0.000000,0.000000,0.000000
58.760000000000005,ground_truth,1.867661,-8.062953,-1.574178,0.000000,0.000000,0.000000
58.78,ground_truth,1.867661,-8.062998,-1.574177,0.000000,0.000000,0.000000
58.800000000000004,ground_truth,1.867661,-8.063056,-1.574175,0.000000,0.000000,0.000000
58.82,ground_truth,1.867661,-8.063099,-1.574174,0.000000,0.000000,0.000000
58.84,ground_truth,1.867660,-8.063156,-1.574172,0.000000,0.000000,0.000000
58.86000000000001,ground_truth,1.867660,-8.063198,-1.574171,0.000000,0.000000,0.000000
58.88,ground_truth,1.867660,-8.063241,-1.574169,0.000000,0.000000,0.000000
58.900000000000006,ground_truth,1.867660,-8.063296,-1.574167,0.000000,0.000000,0.000000
58.92,ground_truth,1.867660,-8.063334,-1.574166,0.000000,0.000000,0.000000
58.940000000000005,ground_truth,1.867660,-8.063373,-1.574164,0.000000,0.000000,0.000000
58.96,ground_truth,1.867659,-8.063414,-1.574163,0.000000,0.000000,0.000000
0.068,pf,-0.007006,-0.000545,0.005169,0.250049,0.249061,0.197927
0.10200000000000001,pf,-0.007006,-0.000545,0.005169,0.250049,0.249061,0.197927
0.136,pf,-0.007006,-0.000545,0.005169,0.250049,0.249061,0.197927
0.17,pf,-0.007006,-0.000545,0.005169,0.250049,0.249061,0.197927
0.20400000000000001,pf,-0.007006,-0.000545,0.005169,0.250049,0.249061,0.197927
0.23800000000000002,pf,-0.007006,-0.000545,0.005169,0.250049,0.249061,0.197927
0.272,pf,-0.007006,-0.000545,0.005169,0.250049,0.249061,0.197927
0.306,pf,-0.007006,-0.000545,0.005169,0.250049,0.249061,0.197927
0.34,pf,-0.007006,-0.000545,0.005169,0.250049,0.249061,0.197927
0.374,pf,-0.007006,-0.000545,0.005169,0.250049,0.249061,0.197927
0.40800000000000003,pf,-0.007006,-0.000545,0.005169,0.250049,0.249061,0.197927
0.442,pf,-0.007006,-0.000545,0.005169,0.250049,0.249061,0.197927
0.47600000000000003,pf,-0.007006,-0.000545,0.005169,0.250049,0.249061,0.197927
0.51,pf,-0.007006,-0.000545,0.005169,0.250049,0.249061,0.197927
0.544,pf,-0.007006,-0.000545,0.005169,0.250049,0.249061,0.197927
0.5780000000000001,pf,-0.007006,-0.000545,0.005169,0.250049,0.249061,0.197927
0.612,pf,-0.007006,-0.000545,0.005169,0.250049,0.249061,0.197927
0.646,pf,-0.007006,-0.000545,0.005169,0.250049,0.249061,0.197927
0.68,pf,-0.007006,-0.000545,0.005169,0.250049,0.249061,0.197927
0.7140000000000001,pf,-0.007006,-0.000545,0.005169,0.250049,0.249061,0.197927
0.748,pf,-0.007006,-0.000545,0.005169,0.250049,0.249061,0.197927
0.782,pf,-0.007006,-0.000545,0.005169,0.250049,0.249061,0.197927
0.8160000000000001,pf,-0.007006,-0.000545,0.005169,0.250049,0.249061,0.197927
0.8500000000000001,pf,-0.007006,-0.000545,0.005169,0.250049,0.249061,0.197927
0.884,pf,-0.007006,-0.000545,0.005169,0.250049,0.249061,0.197927
0.918,pf,-0.007006,-0.000545,0.005169,0.250049,0.249061,0.197927
0.9520000000000001,pf,-0.007006,-0.000545,0.005169,0.250049,0.249061,0.197927
0.9860000000000001,pf,-0.007006,-0.000545,0.005169,0.250049,0.249061,0.197927
1.02,pf,-0.007006,-0.000545,0.005169,0.250049,0.249061,0.197927
1.054,pf,-0.007006,-0.000545,0.005169,0.250049,0.249061,0.197927
1.088,pf,-0.007006,-0.000545,0.005169,0.250049,0.249061,0.197927
1.122,pf,-0.007006,-0.000545,0.005169,0.250049,0.249061,0.197927
1.1560000000000001,pf,-0.007006,-0.000545,0.005169,0.250049,0.249061,0.197927
1.1900000000000002,pf,-0.007006,-0.000545,0.005169,0.250049,0.249061,0.197927
1.224,pf,-0.007006,-0.000545,0.005169,0.250049,0.249061,0.197927
1.258,pf,-0.007006,-0.000545,0.005169,0.250049,0.249061,0.197927
1.292,pf,-0.007006,-0.000545,0.005169,0.250049,0.249061,0.197927
1.326,pf,-0.007006,-0.000545,0.005169,0.250049,0.249061,0.197927
1.36,pf,-0.007006,-0.000545,0.005169,0.250049,0.249061,0.197927
1.3940000000000001,pf,-0.007006,-0.000545,0.005169,0.250049,0.249061,0.197927
1.4280000000000002,pf,-0.007006,-0.000545,0.005169,0.250049,0.249061,0.197927
1.4620000000000002,pf,-0.007006,-0.000545,0.005169,0.250049,0.249061,0.197927
1.496,pf,-0.007006,-0.000545,0.005169,0.250049,0.249061,0.197927
1.53,pf,-0.007006,-0.000545,0.005169,0.250049,0.249061,0.197927
1.564,pf,-0.007006,-0.000545,0.005169,0.250049,0.249061,0.197927
1.598,pf,-0.007006,-0.000545,0.005169,0.250049,0.249061,0.197927
1.6320000000000001,pf,-0.007006,-0.000545,0.005169,0.250049,0.249061,0.197927
1.6660000000000001,pf,-0.007006,-0.000545,0.005169,0.250049,0.249061,0.197927
1.7000000000000002,pf,-0.007006,-0.000545,0.005169,0.250049,0.249061,0.197927
1.7340000000000002,pf,-0.007006,-0.000545,0.005169,0.250049,0.249061,0.197927
1.768,pf,-0.007006,-0.000545,0.005169,0.250049,0.249061,0.197927
1.802,pf,-0.007006,-0.000545,0.005169,0.250049,0.249061,0.197927
1.836,pf,-0.007006,-0.000545,0.005169,0.250049,0.249061,0.197927
1.87,pf,-0.007006,-0.000545,0.005169,0.250049,0.249061,0.197927
1.9040000000000001,pf,-0.007006,-0.000545,0.005169,0.250049,0.249061,0.197927
1.9380000000000002,pf,-0.007006,-0.000545,0.005169,0.250049,0.249061,0.197927
1.9720000000000002,pf,-0.007006,-0.000545,0.005169,0.250049,0.249061,0.197927
2.0060000000000002,pf,-0.007006,-0.000545,0.005169,0.250049,0.249061,0.197927
2.04,pf,-0.007006,-0.000545,0.005169,0.250049,0.249061,0.197927
2.0740000000000003,pf,-0.007006,-0.000545,0.005169,0.250049,0.249061,0.197927
2.108,pf,-0.007006,-0.000545,0.005169,0.250049,0.249061,0.197927
2.1420000000000003,pf,-0.007006,-0.000545,0.005169,0.250049,0.249061,0.197927
2.176,pf,-0.007006,-0.000545,0.005169,0.250049,0.249061,0.197927
2.21,pf,-0.007006,-0.000545,0.005169,0.250049,0.249061,0.197927
2.244,pf,-0.007006,-0.000545,0.005169,0.250049,0.249061,0.197927
2.278,pf,-0.007006,-0.000545,0.005169,0.250049,0.249061,0.197927
2.3120000000000003,pf,-0.007006,-0.000545,0.005169,0.250049,0.249061,0.197927
2.346,pf,-0.007006,-0.000545,0.005169,0.250049,0.249061,0.197927
2.3800000000000003,pf,-0.007006,-0.000545,0.005169,0.250049,0.249061,0.197927
2.414,pf,-0.007006,-0.000545,0.005169,0.250049,0.249061,0.197927
2.448,pf,-0.007006,-0.000545,0.005169,0.250049,0.249061,0.197927
2.482,pf,-0.007006,-0.000545,0.005169,0.250049,0.249061,0.197927
2.516,pf,-0.007006,-0.000545,0.005169,0.250049,0.249061,0.197927
2.5500000000000003,pf,-0.007006,-0.000545,0.005169,0.250049,0.249061,0.197927
2.584,pf,-0.007006,-0.000545,0.005169,0.250049,0.249061,0.197927
2.6180000000000003,pf,-0.007006,-0.000545,0.005169,0.250049,0.249061,0.197927
2.652,pf,-0.007006,-0.000545,0.005169,0.250049,0.249061,0.197927
2.6860000000000004,pf,-0.007006,-0.000545,0.005169,0.250049,0.249061,0.197927
2.72,pf,-0.007006,-0.000545,0.005169,0.250049,0.249061,0.197927
2.754,pf,-0.007006,-0.000545,0.005169,0.250049,0.249061,0.197927
2.7880000000000003,pf,-0.007006,-0.000545,0.005169,0.250049,0.249061,0.197927
2.822,pf,-0.007006,-0.000545,0.005169,0.250049,0.249061,0.197927
2.8560000000000003,pf,-0.007006,-0.000545,0.005169,0.250049,0.249061,0.197927
2.89,pf,-0.007006,-0.000545,0.005169,0.250049,0.249061,0.197927
2.9240000000000004,pf,-0.007006,-0.000545,0.005169,0.250049,0.249061,0.197927
2.958,pf,-0.007006,-0.000545,0.005169,0.250049,0.249061,0.197927
2.992,pf,-0.007006,-0.000545,0.005169,0.250049,0.249061,0.197927
3.0260000000000002,pf,-0.007006,-0.000545,0.005169,0.250049,0.249061,0.197927
3.06,pf,-0.007006,-0.000545,0.005169,0.250049,0.249061,0.197927
3.0940000000000003,pf,-0.007006,-0.000545,0.005169,0.250049,0.249061,0.197927
3.128,pf,-0.007006,-0.000545,0.005169,0.250049,0.249061,0.197927
3.1620000000000004,pf,-0.007006,-0.000545,0.005169,0.250049,0.249061,0.197927
3.196,pf,-0.007006,-0.000545,0.005169,0.250049,0.249061,0.197927
3.23,pf,-0.007006,-0.000545,0.005169,0.250049,0.249061,0.197927
3.2640000000000002,pf,-0.007006,-0.000545,0.005169,0.250049,0.249061,0.197927
3.298,pf,-0.007006,-0.000545,0.005169,0.250049,0.249061,0.197927
3.3320000000000003,pf,-0.007006,-0.000545,0.005169,0.250049,0.249061,0.197927
3.366,pf,-0.007006,-0.000545,0.005169,0.250049,0.249061,0.197927
3.4000000000000004,pf,-0.007006,-0.000545,0.005169,0.250049,0.249061,0.197927
3.434,pf,-0.007006,-0.000545,0.005169,0.250049,0.249061,0.197927
3.4680000000000004,pf,-0.007006,-0.000545,0.005169,0.250049,0.249061,0.197927
3.5020000000000002,pf,-0.007006,-0.000545,0.005169,0.250049,0.249061,0.197927
3.536,pf,-0.007006,-0.000545,0.005169,0.250049,0.249061,0.197927
3.5700000000000003,pf,-0.007006,-0.000545,0.005169,0.250049,0.249061,0.197927
3.604,pf,-0.007006,-0.000545,0.005169,0.250049,0.249061,0.197927
3.6380000000000003,pf,-0.007006,-0.000545,0.005169,0.250049,0.249061,0.197927
3.672,pf,-0.007006,-0.000545,0.005169,0.250049,0.249061,0.197927
3.7060000000000004,pf,-0.007006,-0.000545,0.005169,0.250049,0.249061,0.197927
3.74,pf,-0.007006,-0.000545,0.005169,0.250049,0.249061,0.197927
3.774,pf,-0.007006,-0.000545,0.005169,0.250049,0.249061,0.197927
3.8080000000000003,pf,-0.007006,-0.000545,0.005169,0.250049,0.249061,0.197927
3.842,pf,-0.007006,-0.000545,0.005169,0.250049,0.249061,0.197927
3.8760000000000003,pf,-0.007006,-0.000545,0.005169,0.250049,0.249061,0.197927
3.91,pf,-0.007006,-0.000545,0.005169,0.250049,0.249061,0.197927
3.9440000000000004,pf,-0.007006,-0.000545,0.005169,0.250049,0.249061,0.197927
3.978,pf,-0.007006,-0.000545,0.005169,0.250049,0.249061,0.197927
4.0120000000000005,pf,-0.007006,-0.000545,0.005169,0.250049,0.249061,0.197927
4.046,pf,-0.007006,-0.000545,0.005169,0.250049,0.249061,0.197927
4.08,pf,-0.007006,-0.000545,0.005169,0.250049,0.249061,0.197927
4.114,pf,-0.007006,-0.000545,0.005169,0.250049,0.249061,0.197927
4.148000000000001,pf,-0.007006,-0.000545,0.005169,0.250049,0.249061,0.197927
4.182,pf,-0.007006,-0.000545,0.005169,0.250049,0.249061,0.197927
4.216,pf,-0.007006,-0.000545,0.005169,0.250049,0.249061,0.197927
4.25,pf,-0.007006,-0.000545,0.005169,0.250049,0.249061,0.197927
4.284000000000001,pf,-0.007006,-0.000545,0.005169,0.250049,0.249061,0.197927
4.3180000000000005,pf,-0.007006,-0.000545,0.005169,0.250049,0.249061,0.197927
4.352,pf,-0.007006,-0.000545,0.005169,0.250049,0.249061,0.197927
4.386,pf,-0.007006,-0.000545,0.005169,0.250049,0.249061,0.197927
4.42,pf,-0.007006,-0.000545,0.005169,0.250049,0.249061,0.197927
4.454000000000001,pf,-0.007006,-0.000545,0.005169,0.250049,0.249061,0.197927
4.488,pf,-0.007006,-0.000545,0.005169,0.250049,0.249061,0.197927
4.522,pf,-0.007006,-0.000545,0.005169,0.250049,0.249061,0.197927
4.556,pf,-0.007006,-0.000545,0.005169,0.250049,0.249061,0.197927
4.59,pf,-0.007006,-0.000545,0.005169,0.250049,0.249061,0.197927
4.6240000000000006,pf,-0.007006,-0.000545,0.005169,0.250049,0.249061,0.197927
4.658,pf,-0.007006,-0.000545,0.005169,0.250049,0.249061,0.197927
4.692,pf,-0.007006,-0.000545,0.005169,0.250049,0.249061,0.197927
4.726,pf,-0.007006,-0.000545,0.005169,0.250049,0.249061,0.197927
4.760000000000001,pf,-0.007006,-0.000545,0.005169,0.250049,0.249061,0.197927
4.7940000000000005,pf,-0.007006,-0.000545,0.005169,0.250049,0.249061,0.197927
4.828,pf,-0.007006,-0.000545,0.005169,0.250049,0.249061,0.197927
4.862,pf,-0.007006,-0.000545,0.005169,0.250049,0.249061,0.197927
4.896,pf,-0.007006,-0.000545,0.005169,0.250049,0.249061,0.197927
4.930000000000001,pf,-0.007006,-0.000545,0.005169,0.250049,0.249061,0.197927
4.964,pf,-0.007006,-0.000545,0.005169,0.250049,0.249061,0.197927
4.998,pf,-0.007006,-0.000545,0.005169,0.250049,0.249061,0.197927
5.032,pf,-0.007006,-0.000545,0.005169,0.250049,0.249061,0.197927
5.066000000000001,pf,-0.007006,-0.000545,0.005169,0.250049,0.249061,0.197927
5.1000000000000005,pf,-0.007006,-0.000545,0.005169,0.250049,0.249061,0.197927
5.134,pf,-0.007006,-0.000545,0.005169,0.250049,0.249061,0.197927
5.168,pf,-0.007006,-0.000545,0.005169,0.250049,0.249061,0.197927
5.202,pf,-0.007006,-0.000545,0.005169,0.250049,0.249061,0.197927
5.236000000000001,pf,-0.007006,-0.000545,0.005169,0.250049,0.249061,0.197927
5.2700000000000005,pf,-0.007006,-0.000545,0.005169,0.250049,0.249061,0.197927
5.304,pf,-0.007006,-0.000545,0.005169,0.250049,0.249061,0.197927
5.338,pf,-0.007006,-0.000545,0.005169,0.250049,0.249061,0.197927
5.372000000000001,pf,-0.007006,-0.000545,0.005169,0.250049,0.249061,0.197927
5.406000000000001,pf,-0.007006,-0.000545,0.005169,0.250049,0.249061,0.197927
5.44,pf,-0.007006,-0.000545,0.005169,0.250049,0.249061,0.197927
5.474,pf,-0.007006,-0.000545,0.005169,0.250049,0.249061,0.197927
5.508,pf,-0.007006,-0.000545,0.005169,0.250049,0.249061,0.197927
5.542000000000001,pf,-0.007006,-0.000545,0.005169,0.250049,0.249061,0.197927
5.5760000000000005,pf,-0.007006,-0.000545,0.005169,0.250049,0.249061,0.197927
5.61,pf,-0.007006,-0.000545,0.005169,0.250049,0.249061,0.197927
5.644,pf,-0.007006,-0.000545,0.005169,0.250049,0.249061,0.197927
5.678,pf,-0.007006,-0.000545,0.005169,0.250049,0.249061,0.197927
5.712000000000001,pf,-0.007006,-0.000545,0.005169,0.250049,0.249061,0.197927
5.746,pf,-0.007006,-0.000545,0.005169,0.250049,0.249061,0.197927
5.78,pf,-0.007006,-0.000545,0.005169,0.250049,0.249061,0.197927
5.814,pf,-0.007006,-0.000545,0.005169,0.250049,0.249061,0.197927
5.848000000000001,pf,-0.007006,-0.000545,0.005169,0.250049,0.249061,0.197927
5.882000000000001,pf,-0.007006,-0.000545,0.005169,0.250049,0.249061,0.197927
5.916,pf,-0.007006,-0.000545,0.005169,0.250049,0.249061,0.197927
5.95,pf,-0.007006,-0.000545,0.005169,0.250049,0.249061,0.197927
5.984,pf,-0.007006,-0.000545,0.005169,0.250049,0.249061,0.197927
6.018000000000001,pf,-0.007006,-0.000545,0.005169,0.250049,0.249061,0.197927
6.0520000000000005,pf,-0.007006,-0.000545,0.005169,0.250049,0.249061,0.197927
6.086,pf,-0.007006,-0.000545,0.005169,0.250049,0.249061,0.197927
6.12,pf,-0.007006,-0.000545,0.005169,0.250049,0.249061,0.197927
6.154000000000001,pf,-0.007006,-0.000545,0.005169,0.250049,0.249061,0.197927
6.188000000000001,pf,-0.007006,-0.000545,0.005169,0.250049,0.249061,0.197927
6.222,pf,-0.007006,-0.000545,0.005169,0.250049,0.249061,0.197927
6.256,pf,-0.007006,-0.000545,0.005169,0.250049,0.249061,0.197927
6.29,pf,-0.007006,-0.000545,0.005169,0.250049,0.249061,0.197927
6.324000000000001,pf,-0.007006,-0.000545,0.005169,0.250049,0.249061,0.197927
6.3580000000000005,pf,-0.007006,-0.000545,0.005169,0.250049,0.249061,0.197927
6.392,pf,-0.007006,-0.000545,0.005169,0.250049,0.249061,0.197927
6.426,pf,-0.007006,-0.000545,0.005169,0.250049,0.249061,0.197927
6.46,pf,-0.007006,-0.000545,0.005169,0.250049,0.249061,0.197927
6.494000000000001,pf,-0.007006,-0.000545,0.005169,0.250049,0.249061,0.197927
6.5280000000000005,pf,-0.007006,-0.000545,0.005169,0.250049,0.249061,0.197927
6.562,pf,-0.007006,-0.000545,0.005169,0.250049,0.249061,0.197927
6.596,pf,-0.007006,-0.000545,0.005169,0.250049,0.249061,0.197927
6.630000000000001,pf,-0.007006,-0.000545,0.005169,0.250049,0.249061,0.197927
6.664000000000001,pf,-0.007006,-0.000545,0.005169,0.250049,0.249061,0.197927
6.698,pf,-0.007006,-0.000545,0.005169,0.250049,0.249061,0.197927
6.732,pf,-0.007006,-0.000545,0.005169,0.250049,0.249061,0.197927
6.766,pf,-0.007006,-0.000545,0.005169,0.250049,0.249061,0.197927
6.800000000000001,pf,-0.007006,-0.000545,0.005169,0.250049,0.249061,0.197927
6.8340000000000005,pf,-0.007006,-0.000545,0.005169,0.250049,0.249061,0.197927
6.868,pf,-0.007006,-0.000545,0.005169,0.250049,0.249061,0.197927
6.902,pf,-0.007006,-0.000545,0.005169,0.250049,0.249061,0.197927
6.936000000000001,pf,-0.007006,-0.000545,0.005169,0.250049,0.249061,0.197927
6.970000000000001,pf,-0.007006,-0.000545,0.005169,0.250049,0.249061,0.197927
7.0040000000000004,pf,-0.007006,-0.000545,0.005169,0.250049,0.249061,0.197927
7.038,pf,-0.007006,-0.000545,0.005169,0.250049,0.249061,0.197927
7.072,pf,-0.007006,-0.000545,0.005169,0.250049,0.249061,0.197927
7.106000000000001,pf,-0.007006,-0.000545,0.005169,0.250049,0.249061,0.197927
7.140000000000001,pf,-0.007006,-0.000545,0.005169,0.250049,0.249061,0.197927
7.174,pf,-0.007006,-0.000545,0.005169,0.250049,0.249061,0.197927
7.208,pf,-0.007006,-0.000545,0.005169,0.250049,0.249061,0.197927
7.242000000000001,pf,-0.007006,-0.000545,0.005169,0.250049,0.249061,0.197927
7.276000000000001,pf,-0.007006,-0.000545,0.005169,0.250049,0.249061,0.197927
7.3100000000000005,pf,-0.007006,-0.000545,0.005169,0.250049,0.249061,0.197927
7.344,pf,-0.007006,-0.000545,0.005169,0.250049,0.249061,0.197927
7.378,pf,-0.007006,-0.000545,0.005169,0.250049,0.249061,0.197927
7.412000000000001,pf,-0.007006,-0.000545,0.005169,0.250049,0.249061,0.197927
7.446000000000001,pf,-0.007006,-0.000545,0.005169,0.250049,0.249061,0.197927
7.48,pf,-0.007006,-0.000545,0.005169,0.250049,0.249061,0.197927
7.514,pf,-0.007006,-0.000545,0.005169,0.250049,0.249061,0.197927
7.548,pf,-0.007006,-0.000545,0.005169,0.250049,0.249061,0.197927
7.582000000000001,pf,-0.007006,-0.000545,0.005169,0.250049,0.249061,0.197927
7.6160000000000005,pf,-0.007006,-0.000545,0.005169,0.250049,0.249061,0.197927
7.65,pf,-0.007006,-0.000545,0.005169,0.250049,0.249061,0.197927
7.684,pf,-0.007006,-0.000545,0.005169,0.250049,0.249061,0.197927
7.718000000000001,pf,-0.007006,-0.000545,0.005169,0.250049,0.249061,0.197927
7.752000000000001,pf,-0.007006,-0.000545,0.005169,0.250049,0.249061,0.197927
7.7860000000000005,pf,-0.007006,-0.000545,0.005169,0.250049,0.249061,0.197927
7.82,pf,-0.007006,-0.000545,0.005169,0.250049,0.249061,0.197927
7.854,pf,-0.007006,-0.000545,0.005169,0.250049,0.249061,0.197927
7.888000000000001,pf,-0.007006,-0.000545,0.005169,0.250049,0.249061,0.197927
7.922000000000001,pf,-0.007006,-0.000545,0.005169,0.250049,0.249061,0.197927
7.956,pf,-0.007006,-0.000545,0.005169,0.250049,0.249061,0.197927
7.99,pf,-0.007006,-0.000545,0.005169,0.250049,0.249061,0.197927
8.024000000000001,pf,-0.007006,-0.000545,0.005169,0.250049,0.249061,0.197927
8.058,pf,-0.007006,-0.000545,0.005169,0.250049,0.249061,0.197927
8.092,pf,-0.007006,-0.000545,0.005169,0.250049,0.249061,0.197927
8.126000000000001,pf,-0.007006,-0.000545,0.005169,0.250049,0.249061,0.197927
8.16,pf,-0.007006,-0.000545,0.005169,0.250049,0.249061,0.197927
8.194,pf,-0.007006,-0.000545,0.005169,0.250049,0.249061,0.197927
8.228,pf,-0.007006,-0.000545,0.005169,0.250049,0.249061,0.197927
8.262,pf,-0.007006,-0.000545,0.005169,0.250049,0.249061,0.197927
8.296000000000001,pf,-0.007006,-0.000545,0.005169,0.250049,0.249061,0.197927
8.33,pf,-0.007006,-0.000545,0.005169,0.250049,0.249061,0.197927
8.364,pf,-0.007006,-0.000545,0.005169,0.250049,0.249061,0.197927
8.398,pf,-0.007006,-0.000545,0.005169,0.250049,0.249061,0.197927
8.432,pf,-0.007006,-0.000545,0.005169,0.250049,0.249061,0.197927
8.466000000000001,pf,-0.007006,-0.000545,0.005169,0.250049,0.249061,0.197927
8.5,pf,-0.007006,-0.000545,0.005169,0.250049,0.249061,0.197927
8.534,pf,-0.007006,-0.000545,0.005169,0.250049,0.249061,0.197927
8.568000000000001,pf,-0.007006,-0.000545,0.005169,0.250049,0.249061,0.197927
8.602,pf,-0.007006,-0.000545,0.005169,0.250049,0.249061,0.197927
8.636000000000001,pf,-0.007006,-0.000545,0.005169,0.250049,0.249061,0.197927
8.67,pf,-0.007006,-0.000545,0.005169,0.250049,0.249061,0.197927
8.704,pf,-0.007006,-0.000545,0.005169,0.250049,0.249061,0.197927
8.738000000000001,pf,-0.007006,-0.000545,0.005169,0.250049,0.249061,0.197927
8.772,pf,-0.007006,-0.000545,0.005169,0.250049,0.249061,0.197927
8.806000000000001,pf,-0.007006,-0.000545,0.005169,0.250049,0.249061,0.197927
8.84,pf,-0.007006,-0.000545,0.005169,0.250049,0.249061,0.197927
8.874,pf,-0.007006,-0.000545,0.005169,0.250049,0.249061,0.197927
8.908000000000001,pf,-0.007006,-0.000545,0.005169,0.250049,0.249061,0.197927
8.942,pf,-0.007006,-0.000545,0.005169,0.250049,0.249061,0.197927
8.976,pf,-0.007006,-0.000545,0.005169,0.250049,0.249061,0.197927
9.01,pf,-0.007006,-0.000545,0.005169,0.250049,0.249061,0.197927
9.044,pf,-0.007006,-0.000545,0.005169,0.250049,0.249061,0.197927
9.078000000000001,pf,-0.007006,-0.000545,0.005169,0.250049,0.249061,0.197927
9.112,pf,-0.007006,-0.000545,0.005169,0.250049,0.249061,0.197927
9.146,pf,-0.007006,-0.000545,0.005169,0.250049,0.249061,0.197927
9.18,pf,-0.007006,-0.000545,0.005169,0.250049,0.249061,0.197927
9.214,pf,-0.007006,-0.000545,0.005169,0.250049,0.249061,0.197927
9.248000000000001,pf,-0.007006,-0.000545,0.005169,0.250049,0.249061,0.197927
9.282,pf,-0.007006,-0.000545,0.005169,0.250049,0.249061,0.197927
9.316,pf,-0.007006,-0.000545,0.005169,0.250049,0.249061,0.197927
9.350000000000001,pf,-0.007006,-0.000545,0.005169,0.250049,0.249061,0.197927
9.384,pf,-0.007006,-0.000545,0.005169,0.250049,0.249061,0.197927
9.418000000000001,pf,-0.007006,-0.000545,0.005169,0.250049,0.249061,0.197927
9.452,pf,-0.007006,-0.000545,0.005169,0.250049,0.249061,0.197927
9.486,pf,-0.007006,-0.000545,0.005169,0.250049,0.249061,0.197927
9.520000000000001,pf,-0.007006,-0.000545,0.005169,0.250049,0.249061,0.197927
9.554,pf,-0.007006,-0.000545,0.005169,0.250049,0.249061,0.197927
9.588000000000001,pf,-0.007006,-0.000545,0.005169,0.250049,0.249061,0.197927
9.622,pf,-0.007006,-0.000545,0.005169,0.250049,0.249061,0.197927
9.656,pf,-0.007006,-0.000545,0.005169,0.250049,0.249061,0.197927
9.690000000000001,pf,-0.007006,-0.000545,0.005169,0.250049,0.249061,0.197927
9.724,pf,-0.007006,-0.000545,0.005169,0.250049,0.249061,0.197927
9.758000000000001,pf,-0.007006,-0.000545,0.005169,0.250049,0.249061,0.197927
9.792,pf,-0.007006,-0.000545,0.005169,0.250049,0.249061,0.197927
9.826,pf,-0.007006,-0.000545,0.005169,0.250049,0.249061,0.197927
9.860000000000001,pf,-0.007006,-0.000545,0.005169,0.250049,0.249061,0.197927
9.894,pf,-0.007006,-0.000545,0.005169,0.250049,0.249061,0.197927
9.928,pf,-0.007006,-0.000545,0.005169,0.250049,0.249061,0.197927
9.962,pf,-0.007006,-0.000545,0.005169,0.250049,0.249061,0.197927
9.996,pf,-0.007006,-0.000545,0.005169,0.250049,0.249061,0.197927
10.030000000000001,pf,-0.008305,-0.000598,0.089992,0.250049,0.249061,0.197927
10.05,pf,0.001915,0.002297,0.038822,0.107872,0.104543,0.016419
10.064,pf,-0.038456,0.000829,0.178243,0.107872,0.104543,0.016419
10.098,pf,-0.019851,0.004604,0.288903,0.107872,0.104543,0.016419
10.132000000000001,pf,-0.002769,0.009762,0.401171,0.107872,0.104543,0.016419
10.100000000000001,pf,0.010514,-0.043972,0.155316,0.742883,1.075922,0.321744
10.166,pf,-0.008074,-0.046958,0.276560,0.742883,1.075922,0.321744
10.15,pf,-0.024952,-0.018743,0.269414,0.079907,0.061680,0.018787
10.200000000000001,pf,-0.040351,-0.023774,0.403209,0.079907,0.061680,0.018787
10.234,pf,-0.040544,-0.023836,0.497809,0.079907,0.061680,0.018787
10.200000000000001,pf,-0.030950,-0.036811,0.435333,0.077291,0.054634,0.022602
10.268,pf,-0.011945,-0.026848,0.537178,0.077291,0.054634,0.022602
10.302000000000001,pf,-0.012519,-0.027191,0.624960,0.077291,0.054634,0.022602
10.3,pf,-0.010654,-0.028954,0.737434,0.070841,0.051857,0.019329
10.336,pf,-0.022613,-0.047717,0.870033,0.070841,0.051857,0.019329
10.350000000000001,pf,-0.005430,-0.037110,0.908681,0.070117,0.077352,0.020481
10.370000000000001,pf,0.014216,-0.004024,0.975128,0.070117,0.077352,0.020481
10.404,pf,0.013679,-0.004930,1.053848,0.070117,0.077352,0.020481
10.4,pf,0.013134,-0.013801,1.065437,0.061232,0.071328,0.021839
10.438,pf,0.030047,0.017937,1.135019,0.061232,0.071328,0.021839
10.450000000000001,pf,0.030215,0.025889,1.163961,0.054963,0.072838,0.021070
10.472000000000001,pf,0.029787,0.024769,1.261163,0.054963,0.072838,0.021070
10.506,pf,0.032313,0.032724,1.359827,0.054963,0.072838,0.021070
10.5,pf,0.028386,0.019153,1.306020,0.051867,0.075718,0.020835
10.540000000000001,pf,0.028229,0.018423,1.386818,0.051867,0.075718,0.020835
10.55,pf,0.031516,0.016481,1.409383,0.050414,0.068868,0.018324
10.574,pf,0.030793,0.012271,1.482997,0.050414,0.068868,0.018324
10.608,pf,0.030729,0.011402,1.566565,0.050414,0.068868,0.018324
10.600000000000001,pf,0.036532,0.007277,1.551086,0.046553,0.069701,0.024667
10.642000000000001,pf,0.037377,0.029149,1.608678,0.046553,0.069701,0.024667
10.676,pf,0.037310,0.030138,1.704193,0.046553,0.069701,0.024667
10.65,pf,0.043557,0.028255,1.647229,0.043248,0.080354,0.023892
10.71,pf,0.030797,0.103952,1.747842,0.043248,0.080354,0.023892
10.700000000000001,pf,0.035781,0.087026,1.775471,0.042614,0.077854,0.020931
10.744000000000002,pf,0.036406,0.084328,1.815915,0.042614,0.077854,0.020931
10.778,pf,0.036765,0.082262,1.876873,0.042614,0.077854,0.020931
10.812000000000001,pf,0.036884,0.081880,1.962736,0.042614,0.077854,0.020931
10.8,pf,0.043307,0.070129,1.947211,0.040800,0.077979,0.024045
10.846,pf,0.029344,0.108624,1.998339,0.040800,0.077979,0.024045
10.850000000000001,pf,0.037374,0.086716,2.027426,0.040130,0.073547,0.019860
10.88,pf,0.038014,0.085472,2.085600,0.040130,0.073547,0.019860
10.914000000000001,pf,0.042824,0.077293,2.187640,0.040130,0.073547,0.019860
10.9,pf,0.060089,0.069647,2.136608,0.041868,0.074001,0.021789
10.948,pf,0.060518,0.068972,2.194061,0.041868,0.074001,0.021789
10.950000000000001,pf,0.064018,0.063919,2.197499,0.040370,0.072395,0.018285
10.982000000000001,pf,0.067228,0.059644,2.195095,0.040370,0.072395,0.018285
11.016,pf,0.066862,0.060120,2.231329,0.040370,0.072395,0.018285
11.05,pf,0.065589,0.061662,2.267940,0.040370,0.072395,0.018285
11.05,pf,0.077047,0.049050,2.317628,0.037604,0.063175,0.012067
11.084000000000001,pf,0.040773,0.089128,2.334733,0.037604,0.063175,0.012067
11.118,pf,0.043178,0.086725,2.374801,0.037604,0.063175,0.012067
11.100000000000001,pf,0.050833,0.078175,2.386569,0.040214,0.062966,0.019452
11.152000000000001,pf,0.053356,0.075896,2.426654,0.040214,0.062966,0.019452
11.186,pf,0.014959,0.111380,2.469590,0.040214,0.062966,0.019452
11.22,pf,0.016070,0.110528,2.500261,0.040214,0.062966,0.019452
11.200000000000001,pf,0.032110,0.085276,2.491032,0.043862,0.061297,0.021472
11.254000000000001,pf,0.030823,0.086226,2.509850,0.043862,0.061297,0.021472
11.288,pf,0.031817,0.085554,2.542469,0.043862,0.061297,0.021472
11.322000000000001,pf,0.068034,0.061099,2.589710,0.043862,0.061297,0.021472
11.3,pf,0.077185,0.044571,2.573098,0.048240,0.057532,0.016674
11.356,pf,0.067074,0.050654,2.617581,0.048240,0.057532,0.016674
11.39,pf,0.046825,0.061464,2.687505,0.048240,0.057532,0.016674
11.424000000000001,pf,0.015744,0.075229,2.761762,0.048240,0.057532,0.016674
11.4,pf,0.053541,0.053522,2.666694,0.058028,0.053821,0.019975
11.458,pf,0.014018,0.074167,2.702144,0.058028,0.053821,0.019975
11.492,pf,-0.017171,0.087690,2.762064,0.058028,0.053821,0.019975
11.526000000000002,pf,-0.064619,0.105953,2.844009,0.058028,0.053821,0.019975
11.5,pf,0.025430,0.066590,2.757364,0.069053,0.054704,0.021356
11.56,pf,-0.006386,0.078573,2.801008,0.069053,0.054704,0.021356
11.594000000000001,pf,-0.038671,0.089227,2.842783,0.069053,0.054704,0.021356
11.628,pf,-0.047327,0.093240,2.817982,0.069053,0.054704,0.021356
11.600000000000001,pf,-0.001782,0.071037,2.827040,0.061467,0.044594,0.015114
11.662,pf,-0.033551,0.080847,2.852866,0.061467,0.044594,0.015114
11.696000000000002,pf,-0.064683,0.089686,2.874977,0.061467,0.044594,0.015114
11.73,pf,-0.097301,0.098070,2.898578,0.061467,0.044594,0.015114
11.700000000000001,pf,-0.055202,0.085663,2.890951,0.063546,0.040985,0.015966
11.764000000000001,pf,-0.032948,0.076222,2.913394,0.063546,0.040985,0.015966
11.798,pf,-0.061885,0.082713,2.927724,0.063546,0.040985,0.015966
11.832,pf,-0.092964,0.089340,2.936107,0.063546,0.040985,0.015966
11.866000000000001,pf,-0.118407,0.094566,2.942263,0.063546,0.040985,0.015966
11.850000000000001,pf,-0.097277,0.087777,2.951280,0.073959,0.038005,0.019132
11.9,pf,-0.118943,0.085950,3.021945,0.073959,0.038005,0.019132
11.9,pf,-0.091576,0.087102,2.956953,0.098913,0.037510,0.020725
11.934000000000001,pf,-0.119672,0.092374,2.947756,0.098913,0.037510,0.020725
11.968,pf,-0.153023,0.098987,2.945516,0.098913,0.037510,0.020725
12.002,pf,-0.186375,0.105595,2.946702,0.098913,0.037510,0.020725
12.0,pf,-0.166626,0.103394,2.955101,0.089820,0.035608,0.022092
12.036000000000001,pf,-0.161587,0.102778,2.945261,0.089820,0.035608,0.022092
12.07,pf,-0.194936,0.109399,2.945947,0.089820,0.035608,0.022092
12.104000000000001,pf,-0.228290,0.116000,2.946569,0.089820,0.035608,0.022092
12.100000000000001,pf,-0.221541,0.113976,2.955440,0.085140,0.033818,0.021180
12.138,pf,-0.253963,0.121821,2.967432,0.085140,0.033818,0.021180
12.172,pf,-0.287449,0.127706,2.967830,0.085140,0.033818,0.021180
12.206000000000001,pf,-0.318562,0.133168,2.967789,0.085140,0.033818,0.021180
12.200000000000001,pf,-0.319235,0.134724,2.951148,0.081507,0.033110,0.019784
12.24,pf,-0.350141,0.140679,2.951235,0.081507,0.033110,0.019784
12.274000000000001,pf,-0.365702,0.143014,2.923248,0.081507,0.033110,0.019784
12.308000000000002,pf,-0.394169,0.149329,2.923282,0.081507,0.033110,0.019784
12.3,pf,-0.396599,0.149033,2.942386,0.080411,0.033135,0.017559
12.342,pf,-0.422242,0.154211,2.942277,0.080411,0.033135,0.017559
12.376000000000001,pf,-0.449469,0.159717,2.941966,0.080411,0.033135,0.017559
12.41,pf,-0.472997,0.161242,2.975847,0.080411,0.033135,0.017559
12.4,pf,-0.464991,0.162384,2.961625,0.075880,0.032364,0.020800
12.444,pf,-0.488433,0.166660,2.960722,0.075880,0.032364,0.020800
12.478000000000002,pf,-0.514490,0.171622,2.947390,0.075880,0.032364,0.020800
12.512,pf,-0.547826,0.178307,2.939995,0.075880,0.032364,0.020800
12.5,pf,-0.541861,0.175196,2.950918,0.076605,0.031330,0.018546
12.546000000000001,pf,-0.577701,0.174069,3.008669,0.076605,0.031330,0.018546
12.55,pf,-0.562957,0.176324,2.945927,0.107119,0.030131,0.022519
12.58,pf,-0.596311,0.182921,2.944396,0.107119,0.030131,0.022519
12.614,pf,-0.629646,0.189613,2.942974,0.107119,0.030131,0.022519
12.600000000000001,pf,-0.617924,0.188436,2.938933,0.100076,0.029135,0.020507
12.648000000000001,pf,-0.646907,0.196205,2.888508,0.100076,0.029135,0.020507
12.65,pf,-0.647013,0.193295,2.916033,0.085797,0.029344,0.017004
12.682,pf,-0.679382,0.200693,2.917632,0.085797,0.029344,0.017004
12.716000000000001,pf,-0.710661,0.207807,2.918313,0.085797,0.029344,0.017004
12.700000000000001,pf,-0.720791,0.207848,2.917626,0.077780,0.029070,0.019286
12.75,pf,-0.753945,0.215387,2.918446,0.077780,0.029070,0.019286
12.784,pf,-0.787833,0.226978,2.947230,0.077780,0.029070,0.019286
12.8,pf,-0.790843,0.227202,2.927389,0.079355,0.030422,0.023289
12.818000000000001,pf,-0.820695,0.233686,2.927915,0.079355,0.030422,0.023289
12.852,pf,-0.852749,0.240631,2.928443,0.079355,0.030422,0.023289
12.850000000000001,pf,-0.859580,0.241510,2.929351,0.076367,0.030200,0.020098
12.886000000000001,pf,-0.886559,0.247320,2.929634,0.076367,0.030200,0.020098
12.92,pf,-0.912571,0.248671,2.943170,0.076367,0.030200,0.020098
12.954,pf,-0.937369,0.253654,2.943464,0.076367,0.030200,0.020098
12.950000000000001,pf,-0.926046,0.253494,2.936844,0.079654,0.030226,0.020903
12.988000000000001,pf,-0.953486,0.259245,2.929359,0.079654,0.030226,0.020903
13.022,pf,-0.986713,0.266455,2.926885,0.079654,0.030226,0.020903
13.056000000000001,pf,-1.004174,0.265476,2.982341,0.079654,0.030226,0.020903
13.05,pf,-0.993568,0.267568,2.938975,0.082783,0.030434,0.021180
13.090000000000002,pf,-1.026871,0.274416,2.938632,0.082783,0.030434,0.021180
13.124,pf,-1.060173,0.281272,2.938489,0.082783,0.030434,0.021180
13.158000000000001,pf,-1.110105,0.296343,2.899877,0.082783,0.030434,0.021180
13.15,pf,-1.100331,0.290792,2.920566,0.082571,0.030155,0.020745
13.192,pf,-1.133504,0.298248,2.920400,0.082571,0.030155,0.020745
13.226,pf,-1.165171,0.305372,2.920231,0.082571,0.030155,0.020745
13.260000000000002,pf,-1.195610,0.312223,2.920192,0.082571,0.030155,0.020745
13.25,pf,-1.189497,0.311244,2.921649,0.081870,0.029562,0.020975
13.294,pf,-1.198796,0.318121,2.895792,0.081870,0.029562,0.020975
13.328000000000001,pf,-1.231070,0.326222,2.895606,0.081870,0.029562,0.020975
13.362,pf,-1.258667,0.333154,2.895360,0.081870,0.029562,0.020975
13.350000000000001,pf,-1.271865,0.331029,2.921287,0.079513,0.032140,0.023597
13.396,pf,-1.300105,0.337354,2.921138,0.079513,0.032140,0.023597
13.430000000000001,pf,-1.324635,0.346059,2.918185,0.079513,0.032140,0.023597
13.464,pf,-1.346493,0.351030,2.917759,0.079513,0.032140,0.023597
13.450000000000001,pf,-1.354488,0.349486,2.921827,0.077343,0.032997,0.021458
13.498000000000001,pf,-1.379672,0.355145,2.917222,0.077343,0.032997,0.021458
13.532,pf,-1.412805,0.362775,2.913959,0.077343,0.032997,0.021458
13.566,pf,-1.434202,0.368760,2.874887,0.077343,0.032997,0.021458
13.55,pf,-1.448966,0.369273,2.911661,0.073066,0.033741,0.019620
13.600000000000001,pf,-1.482063,0.377059,2.910275,0.073066,0.033741,0.019620
13.634,pf,-1.515167,0.384813,2.912138,0.073066,0.033741,0.019620
13.65,pf,-1.522446,0.385258,2.913351,0.069292,0.033445,0.021879
13.668000000000001,pf,-1.537134,0.387348,2.945481,0.069292,0.033445,0.021879
13.702000000000002,pf,-1.570192,0.393895,2.946588,0.069292,0.033445,0.021879
13.736,pf,-1.601772,0.400111,2.947857,0.069292,0.033445,0.021879
13.75,pf,-1.619863,0.405653,2.913099,0.064734,0.030887,0.019186
13.770000000000001,pf,-1.652984,0.413336,2.914214,0.064734,0.030887,0.019186
13.804,pf,-1.718550,0.427232,2.880355,0.064734,0.030887,0.019186
13.8,pf,-1.717118,0.424469,2.906773,0.070065,0.032000,0.017467
13.838000000000001,pf,-1.747108,0.431633,2.907355,0.070065,0.032000,0.017467
13.872000000000002,pf,-1.779094,0.439258,2.907795,0.070065,0.032000,0.017467
13.906,pf,-1.807193,0.445945,2.908111,0.070065,0.032000,0.017467
13.9,pf,-1.801938,0.445141,2.909740,0.066996,0.031670,0.017077
13.940000000000001,pf,-1.769573,0.438878,2.840505,0.066996,0.031670,0.017077
13.974,pf,-1.792024,0.445846,2.840774,0.066996,0.031670,0.017077
13.950000000000001,pf,-1.778688,0.442284,2.891047,0.066155,0.033048,0.010670
14.008000000000001,pf,-1.804819,0.448968,2.891193,0.066155,0.033048,0.010670
14.042000000000002,pf,-1.825993,0.454378,2.891791,0.066155,0.033048,0.010670
14.076,pf,-1.845985,0.459481,2.891679,0.066155,0.033048,0.010670
14.110000000000001,pf,-1.871130,0.461547,2.991127,0.066155,0.033048,0.010670
14.100000000000001,pf,-1.859457,0.460691,2.928786,0.073880,0.034013,0.019530
14.144,pf,-1.877714,0.464635,2.928860,0.073880,0.034013,0.019530
14.178,pf,-1.893582,0.468061,2.928999,0.073880,0.034013,0.019530
14.212000000000002,pf,-1.910858,0.471790,2.929002,0.073880,0.034013,0.019530
14.200000000000001,pf,-1.916612,0.471778,2.926074,0.073518,0.033141,0.018163
14.246,pf,-1.930557,0.474831,2.926136,0.073518,0.033141,0.018163
14.280000000000001,pf,-1.942831,0.477517,2.926118,0.073518,0.033141,0.018163
14.314,pf,-1.956217,0.480446,2.926303,0.073518,0.033141,0.018163
14.348,pf,-1.955246,0.478812,2.953712,0.073518,0.033141,0.018163
14.382000000000001,pf,-1.965334,0.480730,2.953660,0.073518,0.033141,0.018163
14.416,pf,-1.975162,0.482599,2.953885,0.073518,0.033141,0.018163
14.4,pf,-1.976034,0.483065,2.932838,0.070721,0.032503,0.017603
14.450000000000001,pf,-1.986301,0.485240,2.932785,0.070721,0.032503,0.017603
14.484000000000002,pf,-1.994206,0.486915,2.932809,0.070721,0.032503,0.017603
14.518,pf,-2.001477,0.488456,2.932855,0.070721,0.032503,0.017603
14.552000000000001,pf,-2.009294,0.490111,2.932911,0.070721,0.032503,0.017603
14.586,pf,-2.016091,0.491550,2.932933,0.070721,0.032503,0.017603
14.620000000000001,pf,-2.021809,0.492761,2.932924,0.070721,0.032503,0.017603
14.654000000000002,pf,-2.027732,0.494015,2.933023,0.070721,0.032503,0.017603
14.65,pf,-2.030572,0.492441,2.931713,0.070624,0.033006,0.016276
14.688,pf,-2.024953,0.491113,2.892108,0.070624,0.033006,0.016276
14.722000000000001,pf,-2.024446,0.490943,2.857021,0.070624,0.033006,0.016276
14.700000000000001,pf,-2.024791,0.492811,2.885100,0.067274,0.031524,0.018272
14.756,pf,-2.013601,0.489121,2.880606,0.067274,0.031524,0.018272
14.790000000000001,pf,-2.015136,0.489572,2.849130,0.067274,0.031524,0.018272
14.824000000000002,pf,-2.016281,0.489930,2.827495,0.067274,0.031524,0.018272
14.8,pf,-2.035199,0.493370,2.818912,0.062614,0.031867,0.020452
14.858,pf,-2.036334,0.493761,2.795879,0.062614,0.031867,0.020452
14.892000000000001,pf,-2.050075,0.498554,2.772907,0.062614,0.031867,0.020452
14.926,pf,-2.075446,0.509655,2.693366,0.062614,0.031867,0.020452
14.96,pf,-2.092845,0.520039,2.592433,0.062614,0.031867,0.020452
14.950000000000001,pf,-2.100040,0.514922,2.672031,0.081528,0.040276,0.025134
14.994000000000002,pf,-2.129873,0.531222,2.614159,0.081528,0.040276,0.025134
15.028,pf,-2.158938,0.548860,2.572318,0.081528,0.040276,0.025134
15.000000000000002,pf,-2.160196,0.544661,2.617544,0.079462,0.042142,0.018490
15.062000000000001,pf,-2.204472,0.572674,2.538241,0.079462,0.042142,0.018490
15.05,pf,-2.195940,0.566841,2.560831,0.071569,0.042404,0.018211
15.096,pf,-2.222910,0.585193,2.527831,0.071569,0.042404,0.018211
15.13,pf,-2.250219,0.605062,2.496241,0.071569,0.042404,0.018211
15.164000000000001,pf,-2.274504,0.623716,2.477574,0.071569,0.042404,0.018211
15.15,pf,-2.269420,0.617428,2.494269,0.069040,0.045410,0.030077
15.198,pf,-2.278009,0.622225,2.518052,0.069040,0.045410,0.030077
15.232000000000001,pf,-2.302580,0.640284,2.498673,0.069040,0.045410,0.030077
15.266000000000002,pf,-2.324285,0.656805,2.485504,0.069040,0.045410,0.030077
15.3,pf,-2.342986,0.671249,2.476260,0.069040,0.045410,0.030077
15.3,pf,-2.323289,0.661159,2.436146,0.066426,0.046957,0.017737
15.334000000000001,pf,-2.353681,0.696394,2.351554,0.066426,0.046957,0.017737
15.350000000000001,pf,-2.345732,0.690018,2.397557,0.062260,0.056116,0.022607
15.368,pf,-2.370605,0.713199,2.384983,0.062260,0.056116,0.022607
15.402000000000001,pf,-2.395252,0.736619,2.377548,0.062260,0.056116,0.022607
15.436000000000002,pf,-2.447378,0.787126,2.351830,0.062260,0.056116,0.022607
15.4,pf,-2.425337,0.764183,2.385847,0.059111,0.054830,0.018913
15.47,pf,-2.450034,0.787551,2.381937,0.059111,0.054830,0.018913
15.504000000000001,pf,-2.474665,0.810989,2.380317,0.059111,0.054830,0.018913
15.500000000000002,pf,-2.473855,0.808101,2.376102,0.055917,0.052480,0.021647
15.538,pf,-2.482544,0.816250,2.394262,0.055917,0.052480,0.021647
15.572000000000001,pf,-2.507472,0.839370,2.393478,0.055917,0.052480,0.021647
15.606000000000002,pf,-2.531074,0.861278,2.393063,0.055917,0.052480,0.021647
15.600000000000001,pf,-2.526509,0.860628,2.382116,0.056450,0.052794,0.023754
15.64,pf,-2.548430,0.881445,2.381990,0.056450,0.052794,0.023754
15.674000000000001,pf,-2.582639,0.913500,2.387276,0.056450,0.052794,0.023754
15.708,pf,-2.606054,0.935507,2.387104,0.056450,0.052794,0.023754
15.700000000000001,pf,-2.598095,0.930065,2.376204,0.056650,0.053938,0.025055
15.742,pf,-2.618794,0.949956,2.375988,0.056650,0.053938,0.025055
15.776000000000002,pf,-2.638782,0.969176,2.375668,0.056650,0.053938,0.025055
15.81,pf,-2.667936,1.011626,2.294879,0.056650,0.053938,0.025055
15.8,pf,-2.654083,0.986085,2.350592,0.062281,0.060169,0.027883
15.844000000000001,pf,-2.671845,1.004052,2.350196,0.062281,0.060169,0.027883
15.878,pf,-2.687079,1.019479,2.349633,0.062281,0.060169,0.027883
15.912,pf,-2.710981,1.043369,2.358879,0.062281,0.060169,0.027883
15.9,pf,-2.712035,1.043119,2.358600,0.059960,0.058828,0.026945
15.946000000000002,pf,-2.725584,1.062639,2.340207,0.059960,0.058828,0.026945
15.98,pf,-2.749248,1.087052,2.341192,0.059960,0.058828,0.026945
16.014,pf,-2.772943,1.111435,2.342406,0.059960,0.058828,0.026945
16.0,pf,-2.780988,1.113877,2.372041,0.062938,0.063241,0.023843
16.048000000000002,pf,-2.811607,1.141007,2.403915,0.062938,0.063241,0.023843
16.082,pf,-2.836541,1.163639,2.405246,0.062938,0.063241,0.023843
16.116,pf,-2.860766,1.185579,2.406019,0.062938,0.063241,0.023843
16.1,pf,-2.860794,1.185707,2.387229,0.062573,0.062721,0.018634
16.150000000000002,pf,-2.911390,1.231637,2.417921,0.062573,0.062721,0.018634
16.150000000000002,pf,-2.909378,1.232733,2.390812,0.062108,0.061240,0.016412
16.184,pf,-2.930520,1.252450,2.391302,0.062108,0.061240,0.016412
16.218,pf,-2.952334,1.272778,2.391364,0.062108,0.061240,0.016412
16.2,pf,-2.950784,1.269106,2.387299,0.058915,0.058689,0.015395
16.252000000000002,pf,-2.974773,1.291640,2.387513,0.058915,0.058689,0.015395
16.286,pf,-3.010431,1.335183,2.288448,0.058915,0.058689,0.015395
16.32,pf,-3.028946,1.356395,2.288361,0.058915,0.058689,0.015395
16.3,pf,-3.023636,1.340189,2.373850,0.062358,0.059261,0.018251
16.354000000000003,pf,-3.042480,1.358376,2.374041,0.062358,0.059261,0.018251
16.388,pf,-3.066569,1.381505,2.378731,0.062358,0.059261,0.018251
16.422,pf,-3.081244,1.399757,2.375386,0.062358,0.059261,0.018251
16.400000000000002,pf,-3.071750,1.389837,2.389014,0.060701,0.060236,0.019685
16.456,pf,-3.096576,1.413067,2.389341,0.060701,0.060236,0.019685
16.490000000000002,pf,-3.121402,1.436299,2.389241,0.060701,0.060236,0.019685
16.524,pf,-3.144964,1.461255,2.383972,0.060701,0.060236,0.019685
16.5,pf,-3.138874,1.453702,2.394668,0.056528,0.058527,0.018543
16.558,pf,-3.163815,1.476809,2.394002,0.056528,0.058527,0.018543
16.592000000000002,pf,-3.188741,1.499932,2.393404,0.056528,0.058527,0.018543
16.6,pf,-3.189847,1.497662,2.399547,0.053288,0.055256,0.018038
16.626,pf,-3.229767,1.536266,2.371841,0.053288,0.055256,0.018038
16.66,pf,-3.252729,1.558526,2.371644,0.053288,0.055256,0.018038
16.650000000000002,pf,-3.247911,1.553959,2.390960,0.053953,0.058309,0.016902
16.694000000000003,pf,-3.270535,1.575065,2.390742,0.053953,0.058309,0.016902
16.728,pf,-3.295389,1.598266,2.390424,0.053953,0.058309,0.016902
16.7,pf,-3.290388,1.592618,2.395997,0.052733,0.057603,0.017153
16.762,pf,-3.333574,1.629578,2.429648,0.052733,0.057603,0.017153
16.75,pf,-3.323152,1.622267,2.406532,0.051315,0.056288,0.016827
16.796,pf,-3.341926,1.639246,2.406181,0.051315,0.056288,0.016827
16.830000000000002,pf,-3.364915,1.660064,2.405252,0.051315,0.056288,0.016827
16.85,pf,-3.362448,1.655644,2.406556,0.049434,0.053529,0.020901
16.864,pf,-3.383263,1.674475,2.405792,0.049434,0.053529,0.020901
16.898,pf,-3.420930,1.709872,2.413237,0.049434,0.053529,0.020901
16.932000000000002,pf,-3.440505,1.727342,2.412580,0.049434,0.053529,0.020901
16.900000000000002,pf,-3.427832,1.713690,2.411297,0.048208,0.050530,0.026515
16.966,pf,-3.444259,1.728419,2.410243,0.048208,0.050530,0.026515
17.0,pf,-3.459419,1.742034,2.409375,0.048208,0.050530,0.026515
17.034000000000002,pf,-3.473527,1.754726,2.408536,0.048208,0.050530,0.026515
17.05,pf,-3.472620,1.753319,2.407877,0.047128,0.049789,0.024617
17.068,pf,-3.512066,1.779911,2.457516,0.047128,0.049789,0.024617
17.102,pf,-3.523767,1.789461,2.456592,0.047128,0.049789,0.024617
17.1,pf,-3.509482,1.779045,2.422426,0.058432,0.056358,0.027944
17.136000000000003,pf,-3.520312,1.788536,2.421500,0.058432,0.056358,0.027944
17.17,pf,-3.532860,1.799553,2.420589,0.058432,0.056358,0.027944
17.204,pf,-3.542613,1.808133,2.419733,0.058432,0.056358,0.027944
17.238,pf,-3.551990,1.816393,2.418989,0.058432,0.056358,0.027944
17.25,pf,-3.559764,1.820712,2.401569,0.053125,0.053836,0.024253
17.272000000000002,pf,-3.569587,1.829688,2.400788,0.053125,0.053836,0.024253
17.306,pf,-3.576626,1.836129,2.400207,0.053125,0.053836,0.024253
17.34,pf,-3.599309,1.855131,2.407197,0.053125,0.053836,0.024253
17.35,pf,-3.595861,1.850863,2.396228,0.053264,0.053909,0.025179
17.374000000000002,pf,-3.602585,1.857073,2.395643,0.053264,0.053909,0.025179
17.408,pf,-3.609774,1.863720,2.395022,0.053264,0.053909,0.025179
17.442,pf,-3.615716,1.869220,2.394763,0.053264,0.053909,0.025179
17.476000000000003,pf,-3.621320,1.874411,2.394179,0.053264,0.053909,0.025179
17.51,pf,-3.626948,1.879629,2.393784,0.053264,0.053909,0.025179
17.544,pf,-3.631556,1.883904,2.393342,0.053264,0.053909,0.025179
17.578,pf,-3.626258,1.878730,2.357006,0.053264,0.053909,0.025179
17.612000000000002,pf,-3.627156,1.879690,2.300322,0.053264,0.053909,0.025179
17.6,pf,-3.611742,1.864062,2.353508,0.054588,0.054017,0.023924
17.646,pf,-3.605462,1.859323,2.268693,0.054588,0.054017,0.023924
17.650000000000002,pf,-3.605243,1.854484,2.292226,0.056251,0.050519,0.022697
17.68,pf,-3.607423,1.857093,2.242660,0.056251,0.050519,0.022697
17.714000000000002,pf,-3.608256,1.858218,2.195001,0.056251,0.050519,0.022697
17.700000000000003,pf,-3.607085,1.857582,2.214331,0.053690,0.051912,0.022622
17.748,pf,-3.626907,1.881582,2.198519,0.053690,0.051912,0.022622
17.782,pf,-3.628283,1.883555,2.154967,0.053690,0.051912,0.022622
17.816000000000003,pf,-3.628600,1.884064,2.123511,0.053690,0.051912,0.022622
17.8,pf,-3.623804,1.879174,2.137367,0.056671,0.058324,0.023863
17.85,pf,-3.607122,1.853819,2.109596,0.056671,0.058324,0.023863
17.884,pf,-3.608829,1.856759,2.084969,0.056671,0.058324,0.023863
17.918000000000003,pf,-3.609396,1.857817,2.060297,0.056671,0.058324,0.023863
17.900000000000002,pf,-3.612298,1.858105,2.054801,0.055752,0.059060,0.024051
17.952,pf,-3.613820,1.861145,2.018070,0.055752,0.059060,0.024051
17.986,pf,-3.616498,1.866528,1.995677,0.055752,0.059060,0.024051
18.02,pf,-3.617869,1.869639,1.973508,0.055752,0.059060,0.024051
18.0,pf,-3.617933,1.869485,1.977536,0.054591,0.060238,0.023916
18.054000000000002,pf,-3.622561,1.880988,1.933372,0.054591,0.060238,0.023916
18.088,pf,-3.640180,1.932951,1.851400,0.054591,0.060238,0.023916
18.122,pf,-3.648477,1.965918,1.786423,0.054591,0.060238,0.023916
18.1,pf,-3.635721,1.930640,1.877242,0.055224,0.067750,0.026869
18.156000000000002,pf,-3.641726,1.954665,1.806078,0.055224,0.067750,0.026869
18.150000000000002,pf,-3.638815,1.942667,1.812938,0.052911,0.063177,0.024802
18.19,pf,-3.646037,1.975887,1.755376,0.052911,0.063177,0.024802
18.200000000000003,pf,-3.644079,1.960012,1.747983,0.049336,0.058918,0.018893
18.224,pf,-3.649530,1.993570,1.709808,0.049336,0.058918,0.018893
18.258000000000003,pf,-3.650454,2.023455,1.674943,0.049336,0.058918,0.018893
18.25,pf,-3.642889,1.996848,1.677905,0.049167,0.055661,0.027855
18.292,pf,-3.646072,2.030698,1.652285,0.049167,0.055661,0.027855
18.326,pf,-3.648369,2.063321,1.628635,0.049167,0.055661,0.027855
18.36,pf,-3.649907,2.094877,1.608385,0.049167,0.055661,0.027855
18.35,pf,-3.639215,2.055753,1.635099,0.049960,0.049392,0.026401
18.394000000000002,pf,-3.633118,2.093981,1.574170,0.049960,0.049392,0.026401
18.400000000000002,pf,-3.637364,2.031880,1.581832,0.050875,0.079394,0.034823
18.428,pf,-3.637538,2.063825,1.570084,0.050875,0.079394,0.034823
18.462,pf,-3.637425,2.092147,1.563890,0.050875,0.079394,0.034823
18.496000000000002,pf,-3.637168,2.117484,1.558857,0.050875,0.079394,0.034823
18.53,pf,-3.638142,2.118991,1.582048,0.050875,0.079394,0.034823
18.5,pf,-3.648654,2.116717,1.567085,0.048892,0.074805,0.019130
18.564,pf,-3.648408,2.147995,1.557863,0.048892,0.074805,0.019130
18.598000000000003,pf,-3.647904,2.181991,1.554068,0.048892,0.074805,0.019130
18.6,pf,-3.656272,2.184907,1.548181,0.042663,0.072342,0.022759
18.632,pf,-3.655438,2.218897,1.545397,0.042663,0.072342,0.022759
18.666,pf,-3.657142,2.194005,1.492187,0.042663,0.072342,0.022759
18.650000000000002,pf,-3.658825,2.199261,1.497534,0.041714,0.067914,0.025839
18.700000000000003,pf,-3.656334,2.233169,1.498379,0.041714,0.067914,0.025839
18.734,pf,-3.653935,2.266654,1.500292,0.041714,0.067914,0.025839
18.700000000000003,pf,-3.657103,2.264959,1.504429,0.041287,0.065417,0.029282
18.768,pf,-3.653657,2.316125,1.493954,0.041287,0.065417,0.029282
18.75,pf,-3.657466,2.315109,1.500775,0.040762,0.062162,0.027359
18.802,pf,-3.655216,2.347402,1.501823,0.040762,0.062162,0.027359
18.836000000000002,pf,-3.652960,2.380236,1.502596,0.040762,0.062162,0.027359
18.87,pf,-3.650667,2.413910,1.502951,0.040762,0.062162,0.027359
18.85,pf,-3.655018,2.411168,1.516770,0.040476,0.061055,0.032346
18.904,pf,-3.654282,2.381810,1.523244,0.040476,0.061055,0.032346
18.938000000000002,pf,-3.652876,2.411409,1.523375,0.040476,0.061055,0.032346
18.972,pf,-3.651354,2.443538,1.523437,0.040476,0.061055,0.032346
19.006,pf,-3.650114,2.469596,1.522887,0.040476,0.061055,0.032346
19.0,pf,-3.652256,2.476070,1.527738,0.039903,0.063056,0.035811
19.040000000000003,pf,-3.654632,2.512189,1.520090,0.039903,0.063056,0.035811
19.074,pf,-3.653318,2.538001,1.519911,0.039903,0.063056,0.035811
19.108,pf,-3.651753,2.571004,1.525849,0.039903,0.063056,0.035811
19.1,pf,-3.655799,2.565817,1.535375,0.039484,0.068211,0.036476
19.142,pf,-3.654617,2.599796,1.536582,0.039484,0.068211,0.036476
19.176000000000002,pf,-3.659222,2.669931,1.573834,0.039484,0.068211,0.036476
19.21,pf,-3.659313,2.703931,1.572869,0.039484,0.068211,0.036476
19.200000000000003,pf,-3.654909,2.692056,1.553031,0.039440,0.075022,0.033480
19.244,pf,-3.654283,2.726051,1.551553,0.039440,0.075022,0.033480
19.278000000000002,pf,-3.651558,2.769275,1.502266,0.039440,0.075022,0.033480
19.312,pf,-3.649224,2.803194,1.501846,0.039440,0.075022,0.033480
19.3,pf,-3.652047,2.783734,1.535399,0.040190,0.072966,0.035468
19.346,pf,-3.650903,2.815950,1.535100,0.040190,0.072966,0.035468
19.380000000000003,pf,-3.649783,2.847244,1.534970,0.040190,0.072966,0.035468
19.414,pf,-3.654277,2.862112,1.589168,0.040190,0.072966,0.035468
19.400000000000002,pf,-3.658195,2.861933,1.571579,0.038537,0.074020,0.028853
19.448,pf,-3.658216,2.894603,1.571236,0.038537,0.074020,0.028853
19.482000000000003,pf,-3.658223,2.923536,1.570889,0.038537,0.074020,0.028853
19.516000000000002,pf,-3.658219,2.950526,1.570456,0.038537,0.074020,0.028853
19.5,pf,-3.658623,2.951190,1.567953,0.037490,0.073102,0.029952
19.55,pf,-3.661875,3.018929,1.608381,0.037490,0.073102,0.029952
19.55,pf,-3.661627,3.011504,1.582077,0.036399,0.074927,0.030094
19.584,pf,-3.661896,3.036477,1.581179,0.036399,0.074927,0.030094
19.618000000000002,pf,-3.662146,3.061252,1.580926,0.036399,0.074927,0.030094
19.652,pf,-3.662481,3.095251,1.580356,0.036399,0.074927,0.030094
19.650000000000002,pf,-3.662631,3.093537,1.575410,0.035655,0.074016,0.029917
19.686,pf,-3.664223,3.110686,1.593894,0.035655,0.074016,0.029917
19.720000000000002,pf,-3.664994,3.144677,1.592974,0.035655,0.074016,0.029917
19.700000000000003,pf,-3.664021,3.140614,1.580791,0.035396,0.074675,0.030346
19.754,pf,-3.664343,3.174613,1.579737,0.035396,0.074675,0.030346
19.788,pf,-3.664436,3.207620,1.607104,0.035396,0.074675,0.030346
19.822000000000003,pf,-3.665653,3.241598,1.606066,0.035396,0.074675,0.030346
19.8,pf,-3.664151,3.240774,1.582895,0.034992,0.073749,0.031752
19.856,pf,-3.664535,3.273799,1.582054,0.034992,0.073749,0.031752
19.89,pf,-3.664790,3.304194,1.577024,0.034992,0.073749,0.031752
19.900000000000002,pf,-3.666119,3.302418,1.573904,0.034589,0.071305,0.030010
19.924,pf,-3.666205,3.333601,1.573225,0.034589,0.071305,0.030010
19.958000000000002,pf,-3.666272,3.364675,1.572628,0.034589,0.071305,0.030010
19.950000000000003,pf,-3.667244,3.359075,1.571194,0.033796,0.068236,0.028213
19.992,pf,-3.667251,3.392159,1.570712,0.033796,0.068236,0.028213
20.026,pf,-3.668045,3.443809,1.551087,0.033796,0.068236,0.028213
20.060000000000002,pf,-3.667476,3.472486,1.550833,0.033796,0.068236,0.028213
20.05,pf,-3.668776,3.454361,1.558685,0.033521,0.064721,0.031723
20.094,pf,-3.668429,3.482921,1.558591,0.033521,0.064721,0.031723
20.128,pf,-3.668085,3.511107,1.558585,0.033521,0.064721,0.031723
20.150000000000002,pf,-3.667911,3.513142,1.553229,0.033809,0.062046,0.031482
20.162000000000003,pf,-3.668862,3.540499,1.592104,0.033809,0.062046,0.031482
20.196,pf,-3.669602,3.574491,1.592906,0.033809,0.062046,0.031482
20.200000000000003,pf,-3.668661,3.571393,1.572427,0.033262,0.062484,0.033590
20.23,pf,-3.668728,3.605393,1.573100,0.033262,0.062484,0.033590
20.264000000000003,pf,-3.669716,3.647328,1.623096,0.033262,0.062484,0.033590
20.298000000000002,pf,-3.671479,3.681282,1.622365,0.033262,0.062484,0.033590
20.3,pf,-3.666212,3.675195,1.579275,0.032091,0.063040,0.029660
20.332,pf,-3.666498,3.709194,1.578959,0.032091,0.063040,0.029660
20.366,pf,-3.665605,3.676781,1.580895,0.032091,0.063040,0.029660
20.400000000000002,pf,-3.665922,3.709544,1.579850,0.032091,0.063040,0.029660
20.434,pf,-3.666200,3.741793,1.579029,0.032091,0.063040,0.029660
20.450000000000003,pf,-3.665811,3.746958,1.570146,0.030331,0.061233,0.027023
20.468,pf,-3.665780,3.780958,1.569741,0.030331,0.061233,0.027023
20.502000000000002,pf,-3.669036,3.757916,1.580366,0.030331,0.061233,0.027023
20.536,pf,-3.669289,3.784261,1.580334,0.030331,0.061233,0.027023
20.57,pf,-3.669591,3.816579,1.579967,0.030331,0.061233,0.027023
20.604000000000003,pf,-3.669835,3.844457,1.579175,0.030331,0.061233,0.027023
20.6,pf,-3.668957,3.855428,1.565656,0.030793,0.065087,0.031328
20.638,pf,-3.667704,3.892412,1.589810,0.030793,0.065087,0.031328
20.672,pf,-3.668260,3.922130,1.589250,0.030793,0.065087,0.031328
20.706,pf,-3.668702,3.946679,1.588387,0.030793,0.065087,0.031328
20.700000000000003,pf,-3.669218,3.954454,1.575387,0.029322,0.064395,0.030020
20.740000000000002,pf,-3.669323,3.980389,1.574330,0.029322,0.064395,0.030020
20.774,pf,-3.664424,4.036076,1.525667,0.029322,0.064395,0.030020
20.808,pf,-3.662883,4.070041,1.525185,0.029322,0.064395,0.030020
20.8,pf,-3.668339,4.069178,1.544817,0.028690,0.068971,0.034111
20.842000000000002,pf,-3.667473,4.103167,1.545559,0.028690,0.068971,0.034111
20.876,pf,-3.669012,4.117268,1.505302,0.028690,0.068971,0.034111
20.91,pf,-3.666792,4.151195,1.506083,0.028690,0.068971,0.034111
20.900000000000002,pf,-3.671146,4.154980,1.530412,0.028584,0.068571,0.037847
20.944000000000003,pf,-3.669827,4.188214,1.531868,0.028584,0.068571,0.037847
20.978,pf,-3.674879,4.231666,1.597848,0.028584,0.068571,0.037847
21.012,pf,-3.675812,4.265653,1.598754,0.028584,0.068571,0.037847
21.0,pf,-3.674010,4.264594,1.563303,0.028510,0.070001,0.033161
21.046000000000003,pf,-3.673790,4.295057,1.563824,0.028510,0.070001,0.033161
21.080000000000002,pf,-3.673585,4.325991,1.564604,0.028510,0.070001,0.033161
21.114,pf,-3.669281,4.343202,1.518411,0.028510,0.070001,0.033161
21.1,pf,-3.674567,4.341437,1.539350,0.026889,0.064921,0.031374
21.148,pf,-3.673572,4.373249,1.539640,0.026889,0.064921,0.031374
21.182000000000002,pf,-3.672825,4.397361,1.540000,0.026889,0.064921,0.031374
21.216,pf,-3.672002,4.424201,1.540374,0.026889,0.064921,0.031374
21.200000000000003,pf,-3.673855,4.429120,1.548021,0.026467,0.063271,0.032054
21.25,pf,-3.671073,4.468106,1.522963,0.026467,0.063271,0.032054
21.284000000000002,pf,-3.669461,4.502068,1.523763,0.026467,0.063271,0.032054
21.318,pf,-3.667862,4.536030,1.523564,0.026467,0.063271,0.032054
21.3,pf,-3.670456,4.536015,1.542702,0.026545,0.062194,0.034664
21.352,pf,-3.672115,4.595156,1.551317,0.026545,0.062194,0.034664
21.35,pf,-3.671957,4.594533,1.550551,0.026578,0.064607,0.035334
21.386000000000003,pf,-3.671259,4.628526,1.550063,0.026578,0.064607,0.035334
21.42,pf,-3.670554,4.662519,1.549943,0.026578,0.064607,0.035334
21.400000000000002,pf,-3.671819,4.659734,1.547970,0.026653,0.061801,0.034463
21.454,pf,-3.672096,4.708163,1.531695,0.026653,0.061801,0.034463
21.488000000000003,pf,-3.670765,4.742137,1.531642,0.026653,0.061801,0.034463
21.5,pf,-3.671440,4.737428,1.535699,0.027740,0.061180,0.035883
21.522000000000002,pf,-3.670319,4.769345,1.535700,0.027740,0.061180,0.035883
21.556,pf,-3.669262,4.799445,1.535659,0.027740,0.061180,0.035883
21.55,pf,-3.672001,4.796774,1.543876,0.027609,0.060058,0.031277
21.59,pf,-3.671073,4.812675,1.550430,0.027609,0.060058,0.031277
21.624000000000002,pf,-3.670457,4.843227,1.550739,0.027609,0.060058,0.031277
21.658,pf,-3.669871,4.872535,1.550859,0.027609,0.060058,0.031277
21.650000000000002,pf,-3.671187,4.876485,1.554227,0.027769,0.059739,0.029939
21.692,pf,-3.670687,4.906747,1.554375,0.027769,0.059739,0.029939
21.726000000000003,pf,-3.671115,4.968213,1.543579,0.027769,0.059739,0.029939
21.76,pf,-3.670510,4.990064,1.542824,0.027769,0.059739,0.029939
21.75,pf,-3.672564,4.989528,1.547674,0.027938,0.062105,0.035388
21.794,pf,-3.671783,5.022466,1.546596,0.027938,0.062105,0.035388
21.828000000000003,pf,-3.670954,5.056456,1.546241,0.027938,0.062105,0.035388
21.862000000000002,pf,-3.666528,5.127817,1.561436,0.027938,0.062105,0.035388
21.85,pf,-3.667965,5.104391,1.557458,0.027234,0.065959,0.034711
21.896,pf,-3.667518,5.138388,1.558153,0.027234,0.065959,0.034711
21.93,pf,-3.667114,5.172386,1.559491,0.027234,0.065959,0.034711
21.950000000000003,pf,-3.668427,5.164007,1.560023,0.026357,0.064306,0.030526
21.964000000000002,pf,-3.669348,5.197484,1.552619,0.026357,0.064306,0.030526
21.998,pf,-3.668774,5.230629,1.554306,0.026357,0.064306,0.030526
22.0,pf,-3.670443,5.220314,1.558346,0.025744,0.060420,0.030134
22.032,pf,-3.670046,5.254311,1.559913,0.025744,0.060420,0.030134
22.066000000000003,pf,-3.669711,5.286797,1.561036,0.025744,0.060420,0.030134
22.1,pf,-3.667594,5.276496,1.495194,0.025744,0.060420,0.030134
22.1,pf,-3.672817,5.280406,1.531099,0.024922,0.060076,0.026573
22.134,pf,-3.671596,5.311464,1.531858,0.024922,0.060076,0.026573
22.168000000000003,pf,-3.670332,5.344151,1.532357,0.024922,0.060076,0.026573
22.202,pf,-3.669290,5.371324,1.532577,0.024922,0.060076,0.026573
22.200000000000003,pf,-3.671610,5.373820,1.549998,0.024471,0.060484,0.030490
22.236,pf,-3.673814,5.394808,1.587808,0.024471,0.060484,0.030490
22.270000000000003,pf,-3.674311,5.423657,1.588177,0.024471,0.060484,0.030490
22.304000000000002,pf,-3.674739,5.448055,1.588514,0.024471,0.060484,0.030490
22.3,pf,-3.673612,5.455661,1.577614,0.024731,0.065249,0.034447
22.338,pf,-3.673825,5.488541,1.576922,0.024731,0.065249,0.034447
22.372,pf,-3.674030,5.532677,1.555766,0.024731,0.065249,0.034447
22.406000000000002,pf,-3.673515,5.566673,1.555383,0.024731,0.065249,0.034447
22.400000000000002,pf,-3.674533,5.562303,1.563792,0.024830,0.066703,0.034880
22.44,pf,-3.674286,5.596302,1.563310,0.024830,0.066703,0.034880
22.474,pf,-3.671757,5.637464,1.559448,0.024830,0.066703,0.034880
22.508000000000003,pf,-3.671364,5.671462,1.559006,0.024830,0.066703,0.034880
22.5,pf,-3.672325,5.663581,1.565443,0.025123,0.066748,0.033014
22.542,pf,-3.672144,5.696604,1.565271,0.025123,0.066748,0.033014
22.576,pf,-3.671965,5.728667,1.565103,0.025123,0.066748,0.033014
22.6,pf,-3.672129,5.733931,1.563482,0.024751,0.063914,0.031001
22.610000000000003,pf,-3.675746,5.738855,1.582656,0.024751,0.063914,0.031001
22.644000000000002,pf,-3.676102,5.768925,1.582656,0.024751,0.063914,0.031001
22.678,pf,-3.676435,5.797042,1.582599,0.024751,0.063914,0.031001
22.712,pf,-3.676820,5.829964,1.582364,0.024751,0.063914,0.031001
22.700000000000003,pf,-3.675873,5.837936,1.573127,0.025444,0.071922,0.036319
22.746000000000002,pf,-3.676483,5.907170,1.590576,0.025444,0.071922,0.036319
22.75,pf,-3.675536,5.909042,1.582889,0.025412,0.070876,0.032449
22.78,pf,-3.675864,5.937039,1.582106,0.025412,0.070876,0.032449
22.814,pf,-3.676103,5.958781,1.581325,0.025412,0.070876,0.032449
22.848000000000003,pf,-3.676358,5.984365,1.580263,0.025412,0.070876,0.032449
22.85,pf,-3.676894,5.986908,1.580283,0.025056,0.070065,0.032124
22.882,pf,-3.677067,6.010079,1.575305,0.025056,0.070065,0.032124
22.916,pf,-3.678245,6.017544,1.561529,0.025056,0.070065,0.032124
22.950000000000003,pf,-3.677906,6.051542,1.560338,0.025056,0.070065,0.032124
22.950000000000003,pf,-3.678725,6.055743,1.563691,0.024908,0.070026,0.034001
22.984,pf,-3.678518,6.089742,1.565199,0.024908,0.070026,0.034001
23.018,pf,-3.677347,6.132968,1.587197,0.024908,0.070026,0.034001
23.052000000000003,pf,-3.677922,6.166963,1.588136,0.024908,0.070026,0.034001
23.05,pf,-3.675761,6.169971,1.570914,0.025049,0.071258,0.034021
23.086000000000002,pf,-3.675797,6.203632,1.572812,0.025049,0.071258,0.034021
23.12,pf,-3.675889,6.235791,1.574598,0.025049,0.071258,0.034021
23.1,pf,-3.674880,6.227094,1.570791,0.024542,0.065657,0.030099
23.154,pf,-3.678071,6.306426,1.630092,0.024542,0.065657,0.030099
23.150000000000002,pf,-3.672742,6.294206,1.593906,0.023745,0.062103,0.030776
23.188000000000002,pf,-3.673550,6.328196,1.594831,0.023745,0.062103,0.030776
23.222,pf,-3.674256,6.357515,1.595215,0.023745,0.062103,0.030776
23.200000000000003,pf,-3.672563,6.349510,1.581076,0.023129,0.058472,0.027220
23.256,pf,-3.672864,6.378468,1.581423,0.023129,0.058472,0.027220
23.290000000000003,pf,-3.674884,6.367233,1.623828,0.023129,0.058472,0.027220
23.324,pf,-3.676393,6.395515,1.624504,0.023129,0.058472,0.027220
23.358,pf,-3.677774,6.421095,1.624929,0.023129,0.058472,0.027220
23.392000000000003,pf,-3.679312,6.449369,1.625348,0.023129,0.058472,0.027220
23.426000000000002,pf,-3.679126,6.468955,1.623719,0.023129,0.058472,0.027220
23.400000000000002,pf,-3.675935,6.475378,1.595936,0.023058,0.062657,0.037644
23.46,pf,-3.676789,6.509367,1.595726,0.023058,0.062657,0.037644
23.494,pf,-3.677642,6.543356,1.595966,0.023058,0.062657,0.037644
23.5,pf,-3.676688,6.547763,1.588056,0.022822,0.059972,0.034542
23.528000000000002,pf,-3.676494,6.552134,1.596567,0.022822,0.059972,0.034542
23.562,pf,-3.677358,6.586123,1.595943,0.022822,0.059972,0.034542
23.596,pf,-3.678203,6.620113,1.595142,0.022822,0.059972,0.034542
23.6,pf,-3.677635,6.617652,1.587861,0.022553,0.059718,0.034459
23.630000000000003,pf,-3.682013,6.642281,1.629536,0.022553,0.059718,0.034459
23.664,pf,-3.683971,6.675784,1.628808,0.022553,0.059718,0.034459
23.698,pf,-3.685776,6.706948,1.628785,0.022553,0.059718,0.034459
23.700000000000003,pf,-3.684631,6.710114,1.591605,0.022958,0.064077,0.037312
23.732000000000003,pf,-3.685333,6.744107,1.591313,0.022958,0.064077,0.037312
23.766000000000002,pf,-3.684903,6.811860,1.571180,0.022958,0.064077,0.037312
23.8,pf,-3.684911,6.840890,1.570990,0.022958,0.064077,0.037312
23.8,pf,-3.686344,6.836091,1.577422,0.023458,0.064925,0.041190
23.834000000000003,pf,-3.686539,6.865944,1.577250,0.023458,0.064925,0.041190
23.868000000000002,pf,-3.686738,6.897178,1.577048,0.023458,0.064925,0.041190
23.85,pf,-3.687095,6.896047,1.578356,0.023287,0.062552,0.036619
23.902,pf,-3.684957,6.934257,1.550297,0.023287,0.062552,0.036619
23.936,pf,-3.684444,6.959083,1.549755,0.023287,0.062552,0.036619
23.950000000000003,pf,-3.686199,6.957828,1.562448,0.022733,0.062470,0.038160
23.970000000000002,pf,-3.685962,6.984934,1.561343,0.022733,0.062470,0.038160
24.004,pf,-3.685583,7.018932,1.558416,0.022733,0.062470,0.038160
24.0,pf,-3.686180,7.019638,1.562387,0.022728,0.060810,0.034177
24.038,pf,-3.683411,7.065031,1.553081,0.022728,0.060810,0.034177
24.072000000000003,pf,-3.682810,7.099026,1.553101,0.022728,0.060810,0.034177
24.106,pf,-3.682215,7.133021,1.554324,0.022728,0.060810,0.034177
24.1,pf,-3.683283,7.115334,1.563665,0.022942,0.059994,0.033347
24.14,pf,-3.680078,7.133837,1.529323,0.022942,0.059994,0.033347
24.174000000000003,pf,-3.678690,7.167808,1.530619,0.022942,0.059994,0.033347
24.208000000000002,pf,-3.677394,7.200494,1.531766,0.022942,0.059994,0.033347
24.200000000000003,pf,-3.679026,7.196236,1.547562,0.023339,0.063949,0.039990
24.242,pf,-3.678307,7.227704,1.548319,0.023339,0.063949,0.039990
24.276,pf,-3.682995,7.278546,1.555351,0.023339,0.063949,0.039990
24.310000000000002,pf,-3.682489,7.312244,1.555942,0.023339,0.063949,0.039990
24.3,pf,-3.682926,7.300124,1.557810,0.023358,0.067819,0.030917
24.344,pf,-3.682532,7.330643,1.557914,0.023358,0.067819,0.030917
24.378,pf,-3.682178,7.357961,1.557608,0.023358,0.067819,0.030917
24.412000000000003,pf,-3.689281,7.385010,1.619362,0.023358,0.067819,0.030917
24.400000000000002,pf,-3.684518,7.376421,1.572007,0.023185,0.070048,0.028535
24.446,pf,-3.684556,7.403818,1.572246,0.023185,0.070048,0.028535
24.48,pf,-3.684595,7.427506,1.572678,0.023185,0.070048,0.028535
24.514000000000003,pf,-3.684639,7.449536,1.572987,0.023185,0.070048,0.028535
24.5,pf,-3.684061,7.457420,1.570226,0.023271,0.067335,0.027299
24.548000000000002,pf,-3.685403,7.450951,1.559938,0.023271,0.067335,0.027299
24.582,pf,-3.685038,7.484949,1.560150,0.023271,0.067335,0.027299
24.616000000000003,pf,-3.684670,7.518947,1.559910,0.023271,0.067335,0.027299
24.6,pf,-3.685470,7.518352,1.563161,0.022764,0.065261,0.027064
24.650000000000002,pf,-3.686139,7.539718,1.579819,0.022764,0.065261,0.027064
24.684,pf,-3.686435,7.573716,1.579076,0.022764,0.065261,0.027064
24.718,pf,-3.686706,7.607677,1.578465,0.022764,0.065261,0.027064
24.700000000000003,pf,-3.686873,7.612278,1.571982,0.022600,0.066089,0.027735
24.752000000000002,pf,-3.685471,7.638444,1.522570,0.022600,0.066089,0.027735
24.786,pf,-3.683892,7.670993,1.522092,0.022600,0.066089,0.027735
24.82,pf,-3.682393,7.701693,1.521900,0.022600,0.066089,0.027735
24.8,pf,-3.685448,7.703641,1.544947,0.022334,0.063944,0.029153
24.854000000000003,pf,-3.684656,7.734030,1.544575,0.022334,0.063944,0.029153
24.888,pf,-3.684514,7.781542,1.571909,0.022334,0.063944,0.029153
24.922,pf,-3.684543,7.808917,1.571840,0.022334,0.063944,0.029153
24.900000000000002,pf,-3.684074,7.811616,1.563476,0.022292,0.062945,0.028175
24.956000000000003,pf,-3.683855,7.840899,1.563232,0.022292,0.062945,0.028175
24.990000000000002,pf,-3.683618,7.871517,1.562938,0.022292,0.062945,0.028175
25.024,pf,-3.681397,7.878625,1.525467,0.022292,0.062945,0.028175
25.0,pf,-3.684448,7.887114,1.546686,0.022065,0.059972,0.030007
25.058,pf,-3.683926,7.908228,1.545648,0.022065,0.059972,0.030007
25.092000000000002,pf,-3.683055,7.941197,1.543375,0.022065,0.059972,0.030007
25.126,pf,-3.682112,7.975184,1.543086,0.022065,0.059972,0.030007
25.1,pf,-3.682687,7.977610,1.543139,0.022003,0.059388,0.028392
25.16,pf,-3.683589,8.026202,1.530458,0.022003,0.059388,0.028392
25.194000000000003,pf,-3.682254,8.060176,1.532726,0.022003,0.059388,0.028392
25.200000000000003,pf,-3.682965,8.057912,1.533528,0.021737,0.059259,0.027425
25.228,pf,-3.681735,8.091889,1.535748,0.021737,0.059259,0.027425
25.262,pf,-3.681879,8.134932,1.572337,0.021737,0.059259,0.027425
25.296000000000003,pf,-3.681960,8.167733,1.574198,0.021737,0.059259,0.027425
25.3,pf,-3.680319,8.166704,1.553234,0.022189,0.062005,0.028277
25.330000000000002,pf,-3.679752,8.200699,1.555016,0.022189,0.062005,0.028277
25.364,pf,-3.679265,8.232262,1.556130,0.022189,0.062005,0.028277
25.35,pf,-3.680891,8.229508,1.560171,0.022330,0.060475,0.030116
25.398000000000003,pf,-3.670819,8.288962,1.503194,0.022330,0.060475,0.030116
25.400000000000002,pf,-3.676867,8.272715,1.563449,0.023230,0.072725,0.040233
25.432000000000002,pf,-3.676634,8.306097,1.564120,0.023230,0.072725,0.040233
25.466,pf,-3.676450,8.334059,1.564297,0.023230,0.072725,0.040233
25.5,pf,-3.676261,8.362887,1.564294,0.023230,0.072725,0.040233
25.5,pf,-3.677009,8.366260,1.567366,0.023223,0.067828,0.040302
25.534000000000002,pf,-3.678119,8.353094,1.611190,0.023223,0.067828,0.040302
25.568,pf,-3.679300,8.382454,1.610869,0.023223,0.067828,0.040302
25.602,pf,-3.680215,8.405397,1.610475,0.023223,0.067828,0.040302
25.636000000000003,pf,-3.681473,8.438315,1.607843,0.023223,0.067828,0.040302
25.650000000000002,pf,-3.678185,8.445615,1.587953,0.023026,0.064939,0.044009
25.67,pf,-3.674035,8.497720,1.571463,0.023026,0.064939,0.044009
25.704,pf,-3.674049,8.531720,1.571036,0.023026,0.064939,0.044009
25.700000000000003,pf,-3.674204,8.525024,1.568729,0.023416,0.066003,0.044825
25.738000000000003,pf,-3.674127,8.559024,1.568429,0.023416,0.066003,0.044825
25.772000000000002,pf,-3.673303,8.541261,1.574547,0.023416,0.066003,0.044825
25.806,pf,-3.673425,8.575261,1.574128,0.023416,0.066003,0.044825
25.8,pf,-3.673050,8.582277,1.572498,0.023405,0.062417,0.043200
25.84,pf,-3.673099,8.615620,1.572038,0.023405,0.062417,0.043200
25.874000000000002,pf,-3.673133,8.647476,1.571718,0.023405,0.062417,0.043200
25.908,pf,-3.676355,8.655188,1.604613,0.023405,0.062417,0.043200
25.900000000000002,pf,-3.675003,8.664422,1.593208,0.023800,0.061360,0.046186
25.942,pf,-3.675685,8.694822,1.593067,0.023800,0.061360,0.046186
25.976000000000003,pf,-3.676337,8.724198,1.592971,0.023800,0.061360,0.046186
26.01,pf,-3.677037,8.755808,1.592891,0.023800,0.061360,0.046186
26.0,pf,-3.676428,8.763204,1.586540,0.024377,0.058904,0.047869
26.044,pf,-3.677773,8.793009,1.580653,0.024377,0.058904,0.047869
26.078000000000003,pf,-3.678037,8.820034,1.580479,0.024377,0.058904,0.047869
26.112000000000002,pf,-3.678319,8.849285,1.580405,0.024377,0.058904,0.047869
26.1,pf,-3.677208,8.852226,1.577139,0.024700,0.058200,0.045925
26.146,pf,-3.677377,8.878913,1.577109,0.024700,0.058200,0.045925
26.180000000000003,pf,-3.680764,8.909848,1.628426,0.024700,0.058200,0.045925
26.200000000000003,pf,-3.677573,8.921246,1.612139,0.024643,0.056801,0.047385
26.214000000000002,pf,-3.678351,8.940066,1.612064,0.024643,0.056801,0.047385
26.248,pf,-3.679243,8.961764,1.611770,0.024643,0.056801,0.047385
26.282,pf,-3.679938,8.978830,1.611362,0.024643,0.056801,0.047385
26.316000000000003,pf,-3.680580,8.994693,1.611130,0.024643,0.056801,0.047385
26.3,pf,-3.678541,9.003729,1.602032,0.025126,0.054800,0.046005
26.35,pf,-3.679060,9.020465,1.601598,0.025126,0.054800,0.046005
26.384,pf,-3.679545,9.021879,1.601374,0.025126,0.054800,0.046005
26.418000000000003,pf,-3.679899,9.033509,1.601063,0.025126,0.054800,0.046005
26.452,pf,-3.680292,9.046556,1.600656,0.025126,0.054800,0.046005
26.486,pf,-3.680609,9.057262,1.600230,0.025126,0.054800,0.046005
26.5,pf,-3.679178,9.064533,1.592468,0.025230,0.053094,0.043366
26.520000000000003,pf,-3.679405,9.075063,1.592181,0.025230,0.053094,0.043366
26.554000000000002,pf,-3.679586,9.083616,1.591862,0.025230,0.053094,0.043366
26.588,pf,-3.679787,9.093192,1.591546,0.025230,0.053094,0.043366
26.622,pf,-3.679956,9.101439,1.591217,0.025230,0.053094,0.043366
26.656000000000002,pf,-3.680113,9.109155,1.590980,0.025230,0.053094,0.043366
26.69,pf,-3.680275,9.117242,1.590685,0.025230,0.053094,0.043366
26.724,pf,-3.680404,9.123756,1.590553,0.025230,0.053094,0.043366
26.700000000000003,pf,-3.678512,9.126402,1.585622,0.025175,0.053196,0.041525
26.758000000000003,pf,-3.678548,9.136469,1.577370,0.025175,0.053196,0.041525
26.792,pf,-3.678245,9.126846,1.633790,0.025175,0.053196,0.041525
26.826,pf,-3.676161,9.085517,1.721572,0.025175,0.053196,0.041525
26.860000000000003,pf,-3.676354,9.086499,1.820027,0.025175,0.053196,0.041525
26.85,pf,-3.674464,9.130879,1.745290,0.025044,0.061803,0.056217
26.894000000000002,pf,-3.682150,9.171297,1.840313,0.025044,0.061803,0.056217
26.900000000000002,pf,-3.680020,9.178666,1.807579,0.025018,0.060710,0.047957
26.928,pf,-3.680355,9.179831,1.899246,0.025018,0.060710,0.047957
26.962000000000003,pf,-3.672411,9.155399,1.955157,0.025018,0.060710,0.047957
26.950000000000003,pf,-3.672051,9.172790,1.936648,0.025793,0.061350,0.045784
26.996000000000002,pf,-3.672777,9.174500,2.007531,0.025793,0.061350,0.045784
27.0,pf,-3.673765,9.186857,2.010419,0.026190,0.057145,0.040202
27.03,pf,-3.683763,9.208205,2.047611,0.026190,0.057145,0.040202
27.064,pf,-3.684469,9.209414,2.116163,0.026190,0.057145,0.040202
27.098000000000003,pf,-3.675301,9.194811,2.199078,0.026190,0.057145,0.040202
27.132,pf,-3.677393,9.197489,2.264508,0.026190,0.057145,0.040202
27.1,pf,-3.677404,9.206173,2.221945,0.035182,0.079361,0.046399
27.166,pf,-3.677017,9.205580,2.279980,0.035182,0.079361,0.046399
27.200000000000003,pf,-3.677895,9.206578,2.308518,0.035182,0.079361,0.046399
27.200000000000003,pf,-3.675924,9.207667,2.370691,0.035740,0.065367,0.024346
27.234,pf,-3.676083,9.207790,2.422360,0.035740,0.065367,0.024346
27.25,pf,-3.674031,9.204951,2.423514,0.034618,0.061189,0.025660
27.268,pf,-3.689752,9.218489,2.467711,0.034618,0.061189,0.025660
27.302000000000003,pf,-3.692449,9.220559,2.508402,0.034618,0.061189,0.025660
27.3,pf,-3.688010,9.214723,2.508133,0.037810,0.059707,0.023362
27.336000000000002,pf,-3.690779,9.216695,2.546320,0.037810,0.059707,0.023362
27.37,pf,-3.687138,9.213940,2.579081,0.037810,0.059707,0.023362
27.404000000000003,pf,-3.690041,9.215709,2.604741,0.037810,0.059707,0.023362
27.400000000000002,pf,-3.687714,9.213321,2.600000,0.040463,0.057311,0.024517
27.438000000000002,pf,-3.690652,9.215032,2.627086,0.040463,0.057311,0.024517
27.472,pf,-3.693639,9.216655,2.661045,0.040463,0.057311,0.024517
27.506,pf,-3.682673,9.210394,2.701049,0.040463,0.057311,0.024517
27.5,pf,-3.680237,9.208415,2.697372,0.042094,0.053593,0.017847
27.540000000000003,pf,-3.681862,9.209178,2.710621,0.042094,0.053593,0.017847
27.574,pf,-3.684969,9.210559,2.739918,0.042094,0.053593,0.017847
27.608,pf,-3.688115,9.211849,2.766651,0.042094,0.053593,0.017847
27.6,pf,-3.685137,9.208326,2.766434,0.042681,0.050590,0.025558
27.642000000000003,pf,-3.686631,9.208898,2.783082,0.042681,0.050590,0.025558
27.676000000000002,pf,-3.734962,9.225690,2.851814,0.042681,0.050590,0.025558
27.71,pf,-3.767882,9.234160,2.928551,0.042681,0.050590,0.025558
27.700000000000003,pf,-3.752924,9.225669,2.859752,0.055025,0.047181,0.023734
27.744000000000003,pf,-3.770861,9.231338,2.883588,0.055025,0.047181,0.023734
27.778000000000002,pf,-3.803978,9.239022,2.926536,0.055025,0.047181,0.023734
27.812,pf,-3.811830,9.238742,3.001828,0.055025,0.047181,0.023734
27.8,pf,-3.785599,9.229496,2.967491,0.054727,0.042799,0.016548
27.846,pf,-3.819122,9.234780,2.999868,0.054727,0.042799,0.016548
27.880000000000003,pf,-3.852297,9.238818,3.039752,0.054727,0.042799,0.016548
27.914,pf,-3.884123,9.241828,3.052346,0.054727,0.042799,0.016548
27.900000000000002,pf,-3.838551,9.232325,3.055022,0.047910,0.039851,0.019516
27.948,pf,-3.846568,9.233093,3.054619,0.047910,0.039851,0.019516
27.982000000000003,pf,-3.876070,9.235521,3.061832,0.047910,0.039851,0.019516
28.016000000000002,pf,-3.902539,9.237500,3.072323,0.047910,0.039851,0.019516
28.0,pf,-3.895817,9.232065,3.087143,0.051052,0.038918,0.019082
28.05,pf,-3.925787,9.233604,3.094145,0.051052,0.038918,0.019082
28.084000000000003,pf,-3.933378,9.231533,-3.129316,0.051052,0.038918,0.019082
28.118000000000002,pf,-3.959957,9.231095,-3.110088,0.051052,0.038918,0.019082
28.1,pf,-3.940421,9.233168,3.134362,0.044556,0.037186,0.022760
28.152,pf,-3.974421,9.233280,-3.141116,0.044556,0.037186,0.022760
28.186000000000003,pf,-4.008421,9.233211,-3.136697,0.044556,0.037186,0.022760
28.220000000000002,pf,-4.041889,9.231029,-3.120350,0.044556,0.037186,0.022760
28.200000000000003,pf,-4.040236,9.231862,-3.137029,0.051897,0.037196,0.018976
28.254,pf,-4.074235,9.231697,-3.136567,0.051897,0.037196,0.018976
28.288,pf,-4.108235,9.231508,-3.135724,0.051897,0.037196,0.018976
28.3,pf,-4.106515,9.232444,-3.138257,0.054119,0.036721,0.017988
28.322000000000003,pf,-4.087748,9.234036,3.125134,0.054119,0.036721,0.017988
28.356,pf,-4.120919,9.234578,3.125389,0.054119,0.036721,0.017988
28.39,pf,-4.154915,9.235127,3.125520,0.054119,0.036721,0.017988
28.424000000000003,pf,-4.185032,9.235612,3.125452,0.054119,0.036721,0.017988
28.400000000000002,pf,-4.182587,9.235820,-3.137442,0.060296,0.035799,0.021028
28.458000000000002,pf,-4.240091,9.235913,3.134038,0.060296,0.035799,0.021028
28.450000000000003,pf,-4.236392,9.233260,-3.139721,0.055904,0.035281,0.017053
28.492,pf,-4.269413,9.233200,-3.139907,0.055904,0.035281,0.017053
28.526000000000003,pf,-4.301231,9.233153,-3.140254,0.055904,0.035281,0.017053
28.560000000000002,pf,-4.328938,9.233121,-3.140601,0.055904,0.035281,0.017053
28.55,pf,-4.329677,9.230071,-3.136901,0.059469,0.034708,0.020018
28.594,pf,-4.334038,9.227329,-3.118661,0.059469,0.034708,0.020018
28.628,pf,-4.362840,9.226676,-3.119212,0.059469,0.034708,0.020018
28.662000000000003,pf,-4.385899,9.226168,-3.120002,0.059469,0.034708,0.020018
28.650000000000002,pf,-4.381479,9.225018,-3.134689,0.067316,0.034157,0.026293
28.696,pf,-4.402839,9.224881,-3.135555,0.067316,0.034157,0.026293
28.73,pf,-4.425162,9.224756,-3.136402,0.067316,0.034157,0.026293
28.764000000000003,pf,-4.442014,9.227035,3.116612,0.067316,0.034157,0.026293
28.798000000000002,pf,-4.458454,9.227451,3.115879,0.067316,0.034157,0.026293
28.8,pf,-4.457731,9.222985,3.140450,0.066164,0.033507,0.021201
28.832,pf,-4.475115,9.223011,3.139771,0.066164,0.033507,0.021201
28.866000000000003,pf,-4.491491,9.223047,3.138937,0.066164,0.033507,0.021201
28.900000000000002,pf,-4.504256,9.223085,3.138293,0.066164,0.033507,0.021201
28.934,pf,-4.517286,9.223131,3.137772,0.066164,0.033507,0.021201
28.968000000000004,pf,-4.527255,9.223172,3.137095,0.066164,0.033507,0.021201
28.950000000000003,pf,-4.526641,9.220491,-3.137268,0.065036,0.032500,0.019902
29.002000000000002,pf,-4.536524,9.220452,-3.138127,0.065036,0.032500,0.019902
29.036,pf,-4.564114,9.223961,3.128545,0.065036,0.032500,0.019902
29.07,pf,-4.575086,9.224107,3.127979,0.065036,0.032500,0.019902
29.104000000000003,pf,-4.583314,9.224220,3.127773,0.065036,0.032500,0.019902
29.1,pf,-4.580413,9.221241,-3.136723,0.068768,0.031170,0.022373
29.138,pf,-4.587507,9.221208,-3.137102,0.068768,0.031170,0.022373
29.172,pf,-4.595416,9.221174,-3.137644,0.068768,0.031170,0.022373
29.206000000000003,pf,-4.603465,9.221144,-3.137972,0.068768,0.031170,0.022373
29.240000000000002,pf,-4.609993,9.221120,-3.138082,0.068768,0.031170,0.022373
29.274,pf,-4.616612,9.221098,-3.138391,0.068768,0.031170,0.022373
29.308000000000003,pf,-4.623352,9.221077,-3.138640,0.068768,0.031170,0.022373
29.342000000000002,pf,-4.628651,9.221062,-3.138716,0.068768,0.031170,0.022373
29.376,pf,-4.633913,9.221047,-3.138931,0.068768,0.031170,0.022373
29.41,pf,-4.639315,9.221033,-3.139072,0.068768,0.031170,0.022373
29.400000000000002,pf,-4.638964,9.219596,-3.137697,0.067576,0.029994,0.020438
29.444000000000003,pf,-4.643336,9.219579,-3.137752,0.067576,0.029994,0.020438
29.478,pf,-4.647157,9.219565,-3.137878,0.067576,0.029994,0.020438
29.512,pf,-4.651436,9.219549,-3.137996,0.067576,0.029994,0.020438
29.546000000000003,pf,-4.655208,9.219535,-3.138029,0.067576,0.029994,0.020438
29.580000000000002,pf,-4.658513,9.219524,-3.138065,0.067576,0.029994,0.020438
29.614,pf,-4.662143,9.219733,3.126584,0.067576,0.029994,0.020438
29.648000000000003,pf,-4.665300,9.219781,3.126513,0.067576,0.029994,0.020438
29.682000000000002,pf,-4.668157,9.219824,3.126531,0.067576,0.029994,0.020438
29.716,pf,-4.670485,9.219859,3.126546,0.067576,0.029994,0.020438
29.750000000000004,pf,-4.673135,9.219899,3.126479,0.067576,0.029994,0.020438
29.784000000000002,pf,-4.675389,9.219933,3.126503,0.067576,0.029994,0.020438
29.818,pf,-4.677382,9.219963,3.126457,0.067576,0.029994,0.020438
29.852,pf,-4.679565,9.219996,3.126419,0.067576,0.029994,0.020438
29.886000000000003,pf,-4.681378,9.220024,3.126343,0.067576,0.029994,0.020438
29.92,pf,-4.682992,9.220048,3.126289,0.067576,0.029994,0.020438
29.954,pf,-4.684092,9.220065,3.126259,0.067576,0.029994,0.020438
29.988000000000003,pf,-4.685688,9.220090,3.126231,0.067576,0.029994,0.020438
30.022000000000002,pf,-4.687141,9.220112,3.126194,0.067576,0.029994,0.020438
30.056,pf,-4.688297,9.220130,3.126165,0.067576,0.029994,0.020438
30.090000000000003,pf,-4.689539,9.220149,3.126159,0.067576,0.029994,0.020438
30.1,pf,-4.686711,9.217067,3.138570,0.065438,0.028713,0.018443
30.124000000000002,pf,-4.687830,9.217070,3.138538,0.065438,0.028713,0.018443
30.158,pf,-4.688782,9.217073,3.138526,0.065438,0.028713,0.018443
30.192,pf,-4.689794,9.217076,3.138512,0.065438,0.028713,0.018443
30.226000000000003,pf,-4.690693,9.217079,3.138499,0.065438,0.028713,0.018443
30.26,pf,-4.691526,9.217082,3.138488,0.065438,0.028713,0.018443
30.294,pf,-4.692174,9.217084,3.138479,0.065438,0.028713,0.018443
30.328000000000003,pf,-4.692989,9.217086,3.138472,0.065438,0.028713,0.018443
30.362000000000002,pf,-4.693531,9.217088,3.138467,0.065438,0.028713,0.018443
30.396,pf,-4.694137,9.217090,3.138462,0.065438,0.028713,0.018443
30.430000000000003,pf,-4.694780,9.217092,3.138458,0.065438,0.028713,0.018443
30.464000000000002,pf,-4.695301,9.217094,3.138454,0.065438,0.028713,0.018443
30.498,pf,-4.695801,9.217095,3.138451,0.065438,0.028713,0.018443
30.532000000000004,pf,-4.696313,9.217097,3.138450,0.065438,0.028713,0.018443
30.566000000000003,pf,-4.696739,9.217098,3.138448,0.065438,0.028713,0.018443
30.6,pf,-4.697139,9.217099,3.138447,0.065438,0.028713,0.018443
30.634,pf,-4.697575,9.217101,3.138447,0.065438,0.028713,0.018443
30.668000000000003,pf,-4.697941,9.217102,3.138447,0.065438,0.028713,0.018443
30.702,pf,-4.698271,9.217103,3.138447,0.065438,0.028713,0.018443
30.736,pf,-4.698557,9.217104,3.138448,0.065438,0.028713,0.018443
30.770000000000003,pf,-4.699963,9.217086,-3.107038,0.065438,0.028713,0.018443
30.804000000000002,pf,-4.751381,9.216398,-2.991106,0.065438,0.028713,0.018443
30.8,pf,-4.731309,9.221595,-3.056453,0.059363,0.027625,0.054328
30.838,pf,-4.757309,9.217950,-2.955815,0.059363,0.027625,0.054328
30.85,pf,-4.750103,9.217957,-2.988865,0.057414,0.026932,0.028356
30.872000000000003,pf,-4.771713,9.213449,-2.891160,0.057414,0.026932,0.028356
30.906000000000002,pf,-4.774241,9.212667,-2.797515,0.057414,0.026932,0.028356
30.900000000000002,pf,-4.752584,9.217671,-2.832813,0.058669,0.028434,0.032383
30.94,pf,-4.758729,9.215649,-2.696770,0.058669,0.028434,0.032383
30.950000000000003,pf,-4.766627,9.215597,-2.738491,0.064648,0.029034,0.016423
30.974,pf,-4.769687,9.214117,-2.643407,0.064648,0.029034,0.016423
31.008000000000003,pf,-4.716279,9.243098,-2.479113,0.064648,0.029034,0.016423
31.042,pf,-4.718868,9.240896,-2.394615,0.064648,0.029034,0.016423
31.000000000000004,pf,-4.727314,9.229577,-2.593331,0.081410,0.044581,0.027960
31.076,pf,-4.687479,9.253001,-2.509163,0.081410,0.044581,0.027960
31.110000000000003,pf,-4.690134,9.250878,-2.426506,0.081410,0.044581,0.027960
31.1,pf,-4.693288,9.251108,-2.337204,0.080739,0.044884,0.025226
31.144000000000002,pf,-4.662238,9.282212,-2.287181,0.080739,0.044884,0.025226
31.150000000000002,pf,-4.674798,9.277288,-2.239106,0.069336,0.048516,0.016300
31.178,pf,-4.674823,9.277307,-2.170251,0.069336,0.048516,0.016300
31.212000000000003,pf,-4.664085,9.294613,-2.113133,0.069336,0.048516,0.016300
31.200000000000003,pf,-4.676700,9.285618,-2.120816,0.064624,0.050969,0.031271
31.246000000000002,pf,-4.675020,9.288573,-2.055051,0.064624,0.050969,0.031271
31.250000000000004,pf,-4.683121,9.282801,-2.027878,0.058771,0.048264,0.018965
31.28,pf,-4.652046,9.342119,-1.993390,0.058771,0.048264,0.018965
31.314000000000004,pf,-4.651555,9.343239,-1.967150,0.058771,0.048264,0.018965
31.3,pf,-4.671096,9.322263,-1.940357,0.057670,0.054694,0.020950
31.348000000000003,pf,-4.671167,9.322099,-1.875417,0.057670,0.054694,0.020950
31.35,pf,-4.680363,9.310425,-1.878466,0.054762,0.052562,0.021376
31.382,pf,-4.675403,9.325939,-1.807279,0.054762,0.052562,0.021376
31.400000000000002,pf,-4.683810,9.314283,-1.807495,0.052306,0.051822,0.024020
31.416,pf,-4.683539,9.315657,-1.757566,0.052306,0.051822,0.024020
31.450000000000003,pf,-4.682535,9.321641,-1.704548,0.052306,0.051822,0.024020
31.450000000000003,pf,-4.688568,9.317329,-1.742319,0.048854,0.051001,0.018770
31.484,pf,-4.688060,9.320690,-1.700379,0.048854,0.051001,0.018770
31.518,pf,-4.687683,9.324069,-1.663531,0.048854,0.051001,0.018770
31.500000000000004,pf,-4.694032,9.310492,-1.678421,0.046609,0.050851,0.022105
31.552000000000003,pf,-4.692105,9.324131,-1.660953,0.046609,0.050851,0.022105
31.586000000000002,pf,-4.691850,9.327522,-1.629573,0.046609,0.050851,0.022105
31.62,pf,-4.691698,9.330918,-1.600747,0.046609,0.050851,0.022105
31.6,pf,-4.694854,9.322493,-1.596674,0.045116,0.051866,0.018467
31.654000000000003,pf,-4.694842,9.323893,-1.569233,0.045116,0.051866,0.018467
31.688000000000002,pf,-4.694295,9.336950,-1.553735,0.045116,0.051866,0.018467
31.722,pf,-4.694390,9.340348,-1.532002,0.045116,0.051866,0.018467
31.756,pf,-4.694439,9.341147,-1.506561,0.045116,0.051866,0.018467
31.750000000000004,pf,-4.697964,9.333245,-1.503655,0.044516,0.053823,0.016703
31.790000000000003,pf,-4.696752,9.318580,-1.442311,0.044516,0.053823,0.016703
31.824,pf,-4.691226,9.285039,-1.372061,0.044516,0.053823,0.016703
31.8,pf,-4.704977,9.281927,-1.450918,0.045556,0.061062,0.017060
31.858,pf,-4.703139,9.277363,-1.401150,0.045556,0.061062,0.017060
31.892000000000003,pf,-4.696598,9.244001,-1.352090,0.045556,0.061062,0.017060
31.926000000000002,pf,-4.688434,9.210999,-1.302507,0.045556,0.061062,0.017060
31.900000000000002,pf,-4.691145,9.210722,-1.352458,0.043409,0.066771,0.023090
31.96,pf,-4.683548,9.152911,-1.341205,0.043409,0.066771,0.023090
31.950000000000003,pf,-4.684536,9.163447,-1.329224,0.040574,0.077058,0.019731
31.994000000000003,pf,-4.676193,9.131782,-1.297590,0.040574,0.077058,0.019731
32.028,pf,-4.666854,9.100113,-1.270151,0.040574,0.077058,0.019731
32.050000000000004,pf,-4.669879,9.115741,-1.254643,0.037475,0.068348,0.024200
32.062000000000005,pf,-4.660174,9.087158,-1.236196,0.037475,0.068348,0.024200
32.096000000000004,pf,-4.638713,9.039791,-1.240931,0.037475,0.068348,0.024200
32.13,pf,-4.628940,9.011869,-1.225921,0.037475,0.068348,0.024200
32.1,pf,-4.634093,9.035713,-1.208646,0.036264,0.067515,0.033138
32.164,pf,-4.624413,9.010562,-1.200604,0.036264,0.067515,0.033138
32.198,pf,-4.615137,8.986493,-1.212783,0.036264,0.067515,0.033138
32.2,pf,-4.613666,8.981539,-1.184910,0.035052,0.063597,0.011919
32.232,pf,-4.591189,8.937084,-1.166926,0.035052,0.063597,0.011919
32.266000000000005,pf,-4.577819,8.905823,-1.166244,0.035052,0.063597,0.011919
32.25,pf,-4.591204,8.932063,-1.184686,0.036124,0.066067,0.012675
32.300000000000004,pf,-4.578356,8.900584,-1.182015,0.036124,0.066067,0.012675
32.334,pf,-4.552946,8.837472,-1.169711,0.036124,0.066067,0.012675
32.35,pf,-4.557770,8.846966,-1.177562,0.035179,0.062945,0.018046
32.368,pf,-4.544715,8.815572,-1.175841,0.035179,0.062945,0.018046
32.402,pf,-4.531609,8.784200,-1.174204,0.035179,0.062945,0.018046
32.4,pf,-4.539276,8.800225,-1.180202,0.032871,0.059269,0.014560
32.436,pf,-4.539855,8.800888,-1.168812,0.032871,0.059269,0.014560
32.47,pf,-4.526537,8.769605,-1.167808,0.032871,0.059269,0.014560
32.504000000000005,pf,-4.514064,8.740364,-1.167230,0.032871,0.059269,0.014560
32.5,pf,-4.516346,8.741949,-1.174592,0.032364,0.058592,0.018781
32.538000000000004,pf,-4.504288,8.713139,-1.174179,0.032364,0.058592,0.018781
32.572,pf,-4.486875,8.670963,-1.165414,0.032364,0.058592,0.018781
32.550000000000004,pf,-4.494081,8.682973,-1.178841,0.031403,0.055514,0.014620
32.606,pf,-4.482891,8.655914,-1.178454,0.031403,0.055514,0.014620
32.64,pf,-4.475343,8.637680,-1.178219,0.031403,0.055514,0.014620
32.674,pf,-4.466608,8.616581,-1.178310,0.031403,0.055514,0.014620
32.708000000000006,pf,-4.461944,8.604250,-1.239752,0.031403,0.055514,0.014620
32.7,pf,-4.461368,8.603212,-1.179514,0.031907,0.056638,0.014669
32.742000000000004,pf,-4.451992,8.580481,-1.179768,0.031907,0.056638,0.014669
32.776,pf,-4.442900,8.558421,-1.179930,0.031907,0.056638,0.014669
32.81,pf,-4.430807,8.526647,-1.217632,0.031907,0.056638,0.014669
32.800000000000004,pf,-4.432285,8.528648,-1.192804,0.032879,0.056487,0.013088
32.844,pf,-4.434032,8.523622,-1.195559,0.032879,0.056487,0.013088
32.878,pf,-4.421624,8.491968,-1.198527,0.032879,0.056487,0.013088
32.912,pf,-4.409283,8.460286,-1.199281,0.032879,0.056487,0.013088
32.9,pf,-4.409287,8.457553,-1.205979,0.033022,0.060207,0.019622
32.946000000000005,pf,-4.388076,8.408226,-1.164079,0.033022,0.060207,0.019622
32.95,pf,-4.390625,8.406887,-1.194000,0.033559,0.058142,0.019619
32.980000000000004,pf,-4.378103,8.375276,-1.193180,0.033559,0.058142,0.019619
33.014,pf,-4.366051,8.344923,-1.192504,0.033559,0.058142,0.019619
33.0,pf,-4.369680,8.348422,-1.204321,0.033220,0.056608,0.018051
33.048,pf,-4.347002,8.297589,-1.173237,0.033220,0.056608,0.018051
33.050000000000004,pf,-4.349689,8.298846,-1.200647,0.033194,0.055558,0.020045
33.082,pf,-4.338445,8.269894,-1.200128,0.033194,0.055558,0.020045
33.116,pf,-4.327696,8.242246,-1.199723,0.033194,0.055558,0.020045
33.1,pf,-4.331605,8.248653,-1.205170,0.032163,0.054182,0.018176
33.15,pf,-4.319914,8.218131,-1.204982,0.032163,0.054182,0.018176
33.184000000000005,pf,-4.326815,8.231556,-1.293320,0.032163,0.054182,0.018176
33.218,pf,-4.319082,8.204416,-1.293184,0.032163,0.054182,0.018176
33.2,pf,-4.317547,8.206420,-1.214404,0.035014,0.058878,0.017016
33.252,pf,-4.307116,8.178406,-1.214293,0.035014,0.058878,0.017016
33.286,pf,-4.298042,8.154033,-1.214447,0.035014,0.058878,0.017016
33.32,pf,-4.276546,8.102865,-1.230871,0.035014,0.058878,0.017016
33.300000000000004,pf,-4.277657,8.107528,-1.208556,0.035128,0.062062,0.017032
33.354,pf,-4.265698,8.075701,-1.214178,0.035128,0.062062,0.017032
33.388000000000005,pf,-4.253894,8.043816,-1.218659,0.035128,0.062062,0.017032
33.422000000000004,pf,-4.239374,7.982952,-1.277958,0.035128,0.062062,0.017032
33.4,pf,-4.239156,7.995695,-1.222337,0.035534,0.068765,0.018076
33.456,pf,-4.227537,7.963742,-1.222362,0.035534,0.068765,0.018076
33.49,pf,-4.215927,7.931786,-1.222235,0.035534,0.068765,0.018076
33.45,pf,-4.223239,7.945805,-1.225307,0.032106,0.063243,0.015401
33.524,pf,-4.205562,7.901307,-1.234544,0.032106,0.063243,0.015401
33.558,pf,-4.194795,7.870543,-1.233754,0.032106,0.063243,0.015401
33.550000000000004,pf,-4.196468,7.873916,-1.228610,0.031134,0.061824,0.017625
33.592,pf,-4.185045,7.841892,-1.227713,0.031134,0.061824,0.017625
33.626000000000005,pf,-4.174705,7.812970,-1.227083,0.031134,0.061824,0.017625
33.6,pf,-4.177212,7.817162,-1.226152,0.028839,0.059290,0.016296
33.660000000000004,pf,-4.160533,7.756455,-1.226748,0.028839,0.059290,0.016296
33.65,pf,-4.164743,7.766127,-1.222703,0.027737,0.065952,0.018062
33.694,pf,-4.154959,7.739191,-1.222117,0.027737,0.065952,0.018062
33.728,pf,-4.143960,7.708952,-1.221718,0.027737,0.065952,0.018062
33.762,pf,-4.134450,7.682820,-1.221846,0.027737,0.065952,0.018062
33.75,pf,-4.135770,7.686666,-1.217139,0.027344,0.063196,0.020352
33.796,pf,-4.133256,7.679055,-1.234445,0.027344,0.063196,0.020352
33.830000000000005,pf,-4.124137,7.652986,-1.234222,0.027344,0.063196,0.020352
33.864000000000004,pf,-4.116588,7.631390,-1.238001,0.027344,0.063196,0.020352
33.85,pf,-4.115488,7.631443,-1.226052,0.028556,0.063428,0.015125
33.898,pf,-4.104250,7.599353,-1.237355,0.028556,0.063428,0.015125
33.932,pf,-4.082832,7.552207,-1.233388,0.028556,0.063428,0.015125
33.9,pf,-4.083196,7.554054,-1.223298,0.028608,0.065472,0.020026
33.966,pf,-4.071570,7.522103,-1.221382,0.028608,0.065472,0.020026
34.0,pf,-4.059959,7.490147,-1.221816,0.028608,0.065472,0.020026
34.0,pf,-4.058294,7.487059,-1.220957,0.027936,0.060737,0.022389
34.034,pf,-4.050916,7.460593,-1.257963,0.027936,0.060737,0.022389
34.068000000000005,pf,-4.040438,7.428248,-1.257095,0.027936,0.060737,0.022389
34.102000000000004,pf,-4.030252,7.396892,-1.256297,0.027936,0.060737,0.022389
34.136,pf,-4.020521,7.367014,-1.255797,0.027936,0.060737,0.022389
34.1,pf,-4.015756,7.364597,-1.222902,0.030034,0.065231,0.027564
34.17,pf,-3.995567,7.311426,-1.222257,0.030034,0.065231,0.027564
34.204,pf,-3.985043,7.282470,-1.222083,0.030034,0.065231,0.027564
34.2,pf,-3.986100,7.283805,-1.222273,0.030419,0.064899,0.027404
34.238,pf,-3.975848,7.255611,-1.221783,0.030419,0.064899,0.027404
34.272000000000006,pf,-3.964816,7.225325,-1.221158,0.030419,0.064899,0.027404
34.306000000000004,pf,-3.943866,7.185522,-1.183746,0.030419,0.064899,0.027404
34.300000000000004,pf,-3.953175,7.194581,-1.233165,0.032498,0.071955,0.021828
34.34,pf,-3.944184,7.168975,-1.233038,0.032498,0.071955,0.021828
34.374,pf,-3.936195,7.146228,-1.233163,0.032498,0.071955,0.021828
34.408,pf,-3.926820,7.119331,-1.239511,0.032498,0.071955,0.021828
34.400000000000006,pf,-3.930030,7.128110,-1.239680,0.032643,0.069965,0.018062
34.442,pf,-3.921563,7.107250,-1.210996,0.032643,0.069965,0.018062
34.476,pf,-3.909594,7.075426,-1.211871,0.032643,0.069965,0.018062
34.510000000000005,pf,-3.897666,7.043587,-1.212584,0.032643,0.069965,0.018062
34.5,pf,-3.900717,7.047154,-1.231755,0.033457,0.069976,0.017802
34.544000000000004,pf,-3.896601,7.030815,-1.216995,0.033457,0.069976,0.017802
34.578,pf,-3.884806,6.998926,-1.216030,0.033457,0.069976,0.017802
34.612,pf,-3.872978,6.967050,-1.214883,0.033457,0.069976,0.017802
34.6,pf,-3.874486,6.967213,-1.232806,0.033294,0.069885,0.017549
34.646,pf,-3.855185,6.914633,-1.223620,0.033294,0.069885,0.017549
34.650000000000006,pf,-3.858882,6.921174,-1.235271,0.032168,0.066897,0.016765
34.68,pf,-3.848553,6.891593,-1.234455,0.032168,0.066897,0.016765
34.714,pf,-3.838370,6.862481,-1.234173,0.032168,0.066897,0.016765
34.7,pf,-3.840491,6.866801,-1.240324,0.031651,0.065403,0.016402
34.748000000000005,pf,-3.829621,6.835130,-1.239794,0.031651,0.065403,0.016402
34.782000000000004,pf,-3.819887,6.809258,-1.218310,0.031651,0.065403,0.016402
34.816,pf,-3.809695,6.781551,-1.218228,0.031651,0.065403,0.016402
34.800000000000004,pf,-3.807861,6.776512,-1.218909,0.031834,0.064818,0.027791
34.85,pf,-3.797000,6.746943,-1.218692,0.031834,0.064818,0.027791
34.884,pf,-3.787903,6.722203,-1.218228,0.031834,0.064818,0.027791
34.918,pf,-3.790507,6.732309,-1.162945,0.031834,0.064818,0.027791
34.900000000000006,pf,-3.784494,6.712978,-1.189346,0.031172,0.061958,0.029504
34.952000000000005,pf,-3.774725,6.688578,-1.198899,0.031172,0.061958,0.029504
34.986000000000004,pf,-3.763673,6.656431,-1.268279,0.031172,0.061958,0.029504
35.02,pf,-3.744138,6.601098,-1.289353,0.031172,0.061958,0.029504
35.0,pf,-3.738708,6.596726,-1.252725,0.032990,0.068690,0.030446
35.054,pf,-3.728604,6.564262,-1.278446,0.032990,0.068690,0.030446
35.088,pf,-3.719161,6.531600,-1.301196,0.032990,0.068690,0.030446
35.050000000000004,pf,-3.723760,6.539248,-1.308135,0.032974,0.070438,0.021202
35.122,pf,-3.721773,6.524595,-1.332837,0.032974,0.070438,0.021202
35.156,pf,-3.714168,6.491457,-1.353304,0.032974,0.070438,0.021202
35.190000000000005,pf,-3.706983,6.458225,-1.363053,0.032974,0.070438,0.021202
35.2,pf,-3.706387,6.457483,-1.361282,0.032194,0.069767,0.037865
35.224000000000004,pf,-3.690615,6.393919,-1.366834,0.032194,0.069767,0.037865
35.258,pf,-3.683965,6.361464,-1.371566,0.032194,0.069767,0.037865
35.25,pf,-3.688558,6.371220,-1.379793,0.034988,0.072724,0.037898
35.292,pf,-3.682162,6.337827,-1.382469,0.034988,0.072724,0.037898
35.326,pf,-3.676237,6.306465,-1.385402,0.034988,0.072724,0.037898
35.300000000000004,pf,-3.686418,6.330816,-1.393616,0.032420,0.062386,0.031807
35.36,pf,-3.683703,6.317101,-1.370156,0.032420,0.062386,0.031807
35.394000000000005,pf,-3.678077,6.289397,-1.370507,0.032420,0.062386,0.031807
35.428000000000004,pf,-3.671692,6.257870,-1.371706,0.032420,0.062386,0.031807
35.462,pf,-3.666825,6.233720,-1.372085,0.032420,0.062386,0.031807
35.45,pf,-3.668788,6.231939,-1.383623,0.033013,0.065821,0.031391
35.496,pf,-3.660983,6.189376,-1.377671,0.033013,0.065821,0.031391
35.53,pf,-3.655697,6.162076,-1.390649,0.033013,0.065821,0.031391
35.550000000000004,pf,-3.657263,6.163581,-1.395815,0.032991,0.066770,0.029489
35.564,pf,-3.651610,6.130054,-1.407843,0.032991,0.066770,0.029489
35.598,pf,-3.646147,6.096496,-1.411423,0.032991,0.066770,0.029489
35.632000000000005,pf,-3.628175,6.029873,-1.358031,0.032991,0.066770,0.029489
35.6,pf,-3.647647,6.062702,-1.418689,0.030819,0.065787,0.024680
35.666000000000004,pf,-3.642528,6.029089,-1.421627,0.030819,0.065787,0.024680
35.7,pf,-3.637502,5.995463,-1.423346,0.030819,0.065787,0.024680
35.7,pf,-3.640871,6.002160,-1.424290,0.029901,0.061338,0.023108
35.734,pf,-3.634977,5.951474,-1.449509,0.029901,0.061338,0.023108
35.768,pf,-3.630910,5.918132,-1.449613,0.029901,0.061338,0.023108
35.75,pf,-3.634297,5.933992,-1.439884,0.028601,0.059807,0.022444
35.802,pf,-3.630200,5.902950,-1.439000,0.028601,0.059807,0.022444
35.836000000000006,pf,-3.626179,5.872585,-1.438875,0.028601,0.059807,0.022444
35.800000000000004,pf,-3.627381,5.876480,-1.436337,0.028732,0.060605,0.022882
35.870000000000005,pf,-3.622970,5.788180,-1.507213,0.028732,0.060605,0.022882
35.904,pf,-3.621084,5.758510,-1.507184,0.028732,0.060605,0.022882
35.900000000000006,pf,-3.614669,5.778546,-1.440884,0.028131,0.061598,0.025242
35.938,pf,-3.610946,5.750038,-1.440958,0.028131,0.061598,0.025242
35.972,pf,-3.606817,5.718452,-1.440848,0.028131,0.061598,0.025242
36.006,pf,-3.606355,5.699049,-1.441352,0.028131,0.061598,0.025242
36.0,pf,-3.608988,5.709423,-1.439867,0.028841,0.067580,0.021665
36.04,pf,-3.605684,5.684307,-1.440219,0.028841,0.067580,0.021665
36.074000000000005,pf,-3.603028,5.664038,-1.441622,0.028841,0.067580,0.021665
36.108000000000004,pf,-3.599700,5.637847,-1.450265,0.028841,0.067580,0.021665
36.1,pf,-3.600355,5.644007,-1.436965,0.029008,0.066331,0.017432
36.142,pf,-3.589948,5.580497,-1.443236,0.029008,0.066331,0.017432
36.150000000000006,pf,-3.593626,5.596668,-1.441549,0.029273,0.065773,0.021682
36.176,pf,-3.589296,5.562945,-1.444833,0.029273,0.065773,0.021682
36.21,pf,-3.585082,5.529207,-1.447974,0.029273,0.065773,0.021682
36.2,pf,-3.588314,5.544951,-1.449134,0.028575,0.065491,0.018999
36.244,pf,-3.583878,5.491462,-1.450340,0.028575,0.065491,0.018999
36.25,pf,-3.587947,5.513379,-1.446458,0.028217,0.061742,0.020512
36.278000000000006,pf,-3.583760,5.479638,-1.448302,0.028217,0.061742,0.020512
36.312000000000005,pf,-3.579624,5.445890,-1.449455,0.028217,0.061742,0.020512
36.300000000000004,pf,-3.580850,5.450202,-1.453709,0.028059,0.062413,0.016889
36.346000000000004,pf,-3.573192,5.387941,-1.398240,0.028059,0.062413,0.016889
36.35,pf,-3.576456,5.395174,-1.436948,0.028182,0.064494,0.021105
36.38,pf,-3.572108,5.362830,-1.437455,0.028182,0.064494,0.021105
36.414,pf,-3.568060,5.332593,-1.437835,0.028182,0.064494,0.021105
36.400000000000006,pf,-3.569704,5.347413,-1.448646,0.028359,0.060616,0.019810
36.448,pf,-3.565587,5.313817,-1.449055,0.028359,0.060616,0.019810
36.482,pf,-3.556026,5.262206,-1.429683,0.028359,0.060616,0.019810
36.516000000000005,pf,-3.552146,5.234895,-1.429665,0.028359,0.060616,0.019810
36.5,pf,-3.556180,5.249504,-1.450891,0.027763,0.063968,0.024084
36.550000000000004,pf,-3.552399,5.218096,-1.451057,0.027763,0.063968,0.024084
36.584,pf,-3.548859,5.188682,-1.451059,0.027763,0.063968,0.024084
36.618,pf,-3.543942,5.153377,-1.413924,0.027763,0.063968,0.024084
36.6,pf,-3.547501,5.164690,-1.445294,0.027485,0.063690,0.024066
36.652,pf,-3.544387,5.139998,-1.445524,0.027485,0.063690,0.024066
36.686,pf,-3.541382,5.115715,-1.450411,0.027485,0.063690,0.024066
36.72,pf,-3.537327,5.081958,-1.452123,0.027485,0.063690,0.024066
36.754000000000005,pf,-3.542062,5.072760,-1.507494,0.027485,0.063690,0.024066
36.75,pf,-3.539228,5.083822,-1.458147,0.027032,0.067229,0.017254
36.788000000000004,pf,-3.535436,5.050034,-1.459833,0.027032,0.067229,0.017254
36.822,pf,-3.531703,5.016240,-1.461712,0.027032,0.067229,0.017254
36.800000000000004,pf,-3.532766,5.028807,-1.455807,0.026428,0.057444,0.015646
36.856,pf,-3.525612,4.988644,-1.479678,0.026428,0.057444,0.015646
36.89,pf,-3.522524,4.954785,-1.480265,0.026428,0.057444,0.015646
36.924,pf,-3.519685,4.923573,-1.479386,0.026428,0.057444,0.015646
36.900000000000006,pf,-3.519834,4.928356,-1.460569,0.025777,0.062584,0.019586
36.958000000000006,pf,-3.516355,4.896842,-1.460821,0.025777,0.062584,0.019586
36.992000000000004,pf,-3.508763,4.837148,-1.472755,0.025777,0.062584,0.019586
37.026,pf,-3.505912,4.808166,-1.472741,0.025777,0.062584,0.019586
37.0,pf,-3.507570,4.830097,-1.462762,0.026098,0.061955,0.019753
37.06,pf,-3.504522,4.802007,-1.462707,0.026098,0.061955,0.019753
37.094,pf,-3.501120,4.770613,-1.462901,0.026098,0.061955,0.019753
37.1,pf,-3.502531,4.775362,-1.463934,0.025366,0.059373,0.018680
37.128,pf,-3.502690,4.724645,-1.473632,0.025366,0.059373,0.018680
37.162,pf,-3.500561,4.702817,-1.473607,0.025366,0.059373,0.018680
37.150000000000006,pf,-3.499627,4.713833,-1.462522,0.025590,0.073021,0.022360
37.196000000000005,pf,-3.497000,4.689598,-1.463628,0.025590,0.073021,0.022360
37.230000000000004,pf,-3.493419,4.655787,-1.466214,0.025590,0.073021,0.022360
37.2,pf,-3.493593,4.660235,-1.464034,0.025728,0.074211,0.020288
37.264,pf,-3.487477,4.608503,-1.492692,0.025728,0.074211,0.020288
37.298,pf,-3.484830,4.574606,-1.492789,0.025728,0.074211,0.020288
37.300000000000004,pf,-3.486602,4.590004,-1.472528,0.025693,0.078564,0.021304
37.332,pf,-3.483273,4.556168,-1.472808,0.025693,0.078564,0.021304
37.366,pf,-3.480901,4.517256,-1.476691,0.025693,0.078564,0.021304
37.35,pf,-3.482980,4.537280,-1.470351,0.025265,0.073680,0.021935
37.400000000000006,pf,-3.479561,4.503453,-1.469739,0.025265,0.073680,0.021935
37.434000000000005,pf,-3.476213,4.470500,-1.469339,0.025265,0.073680,0.021935
37.45,pf,-3.477828,4.475799,-1.467709,0.024772,0.072714,0.019700
37.468,pf,-3.471792,4.419286,-1.488824,0.024772,0.072714,0.019700
37.502,pf,-3.469274,4.388718,-1.488490,0.024772,0.072714,0.019700
37.5,pf,-3.472295,4.412385,-1.465818,0.024069,0.074792,0.019076
37.536,pf,-3.469023,4.381357,-1.465573,0.024069,0.074792,0.019076
37.57,pf,-3.465511,4.348174,-1.465084,0.024069,0.074792,0.019076
37.604,pf,-3.461909,4.333841,-1.413250,0.024069,0.074792,0.019076
37.6,pf,-3.466249,4.355038,-1.451589,0.023594,0.075301,0.021182
37.638000000000005,pf,-3.462865,4.326807,-1.451451,0.023594,0.075301,0.021182
37.672000000000004,pf,-3.459130,4.295683,-1.451248,0.023594,0.075301,0.021182
37.650000000000006,pf,-3.461726,4.305955,-1.459637,0.022384,0.073626,0.019799
37.706,pf,-3.458742,4.279288,-1.459114,0.022384,0.073626,0.019799
37.74,pf,-3.455911,4.236600,-1.485448,0.022384,0.073626,0.019799
37.75,pf,-3.457489,4.250885,-1.471436,0.021599,0.069618,0.018765
37.774,pf,-3.455226,4.228215,-1.471154,0.021599,0.069618,0.018765
37.808,pf,-3.451938,4.195280,-1.471329,0.021599,0.069618,0.018765
37.800000000000004,pf,-3.450455,4.188016,-1.461817,0.021611,0.067904,0.018472
37.842000000000006,pf,-3.446763,4.154217,-1.462160,0.021611,0.067904,0.018472
37.876000000000005,pf,-3.447773,4.162742,-1.511737,0.021611,0.067904,0.018472
37.910000000000004,pf,-3.445764,4.128802,-1.511731,0.021611,0.067904,0.018472
37.900000000000006,pf,-3.442010,4.125378,-1.469378,0.021928,0.067983,0.016371
37.944,pf,-3.438566,4.091553,-1.469309,0.021928,0.067983,0.016371
37.978,pf,-3.432779,4.062130,-1.461049,0.021928,0.067983,0.016371
38.012,pf,-3.429048,4.028335,-1.460663,0.021928,0.067983,0.016371
38.0,pf,-3.427992,4.024415,-1.453939,0.022537,0.069069,0.023560
38.046,pf,-3.424329,3.993310,-1.453333,0.022537,0.069069,0.023560
38.080000000000005,pf,-3.420582,3.961584,-1.453113,0.022537,0.069069,0.023560
38.114000000000004,pf,-3.409461,3.886437,-1.399323,0.022537,0.069069,0.023560
38.1,pf,-3.415422,3.898327,-1.437425,0.023022,0.067781,0.026287
38.148,pf,-3.411625,3.870013,-1.437505,0.023022,0.067781,0.026287
38.182,pf,-3.407775,3.841296,-1.437544,0.023022,0.067781,0.026287
38.216,pf,-3.404063,3.813559,-1.437870,0.023022,0.067781,0.026287
38.2,pf,-3.405862,3.816927,-1.445013,0.022547,0.067574,0.023530
38.25,pf,-3.397398,3.763267,-1.440636,0.022547,0.067574,0.023530
38.25,pf,-3.399188,3.768421,-1.448120,0.022510,0.066642,0.023391
38.284,pf,-3.395858,3.741355,-1.448662,0.022510,0.066642,0.023391
38.318000000000005,pf,-3.391909,3.708841,-1.451055,0.022510,0.066642,0.023391
38.300000000000004,pf,-3.394287,3.725159,-1.452207,0.022275,0.061386,0.021417
38.352000000000004,pf,-3.390284,3.691395,-1.453355,0.022275,0.061386,0.021417
38.386,pf,-3.385639,3.687199,-1.427480,0.022275,0.061386,0.021417
38.42,pf,-3.380782,3.653547,-1.427488,0.022275,0.061386,0.021417
38.400000000000006,pf,-3.384262,3.663888,-1.450106,0.022893,0.064604,0.025947
38.454,pf,-3.380169,3.630135,-1.450143,0.022893,0.064604,0.025947
38.488,pf,-3.373215,3.581871,-1.420474,0.022893,0.064604,0.025947
38.5,pf,-3.374722,3.581710,-1.443483,0.023157,0.065872,0.025490
38.522000000000006,pf,-3.370522,3.548880,-1.443636,0.023157,0.065872,0.025490
38.556000000000004,pf,-3.366433,3.516880,-1.443750,0.023157,0.065872,0.025490
38.550000000000004,pf,-3.368864,3.523420,-1.451181,0.022831,0.063538,0.022563
38.59,pf,-3.364808,3.489663,-1.451269,0.022831,0.063538,0.022563
38.624,pf,-3.371372,3.543887,-1.475938,0.022831,0.063538,0.022563
38.658,pf,-3.368423,3.512901,-1.475809,0.022831,0.063538,0.022563
38.692,pf,-3.365380,3.481008,-1.475607,0.022831,0.063538,0.022563
38.726,pf,-3.368145,3.498796,-1.393909,0.022831,0.063538,0.022563
38.760000000000005,pf,-3.401305,3.487300,-1.643464,0.022831,0.063538,0.022563
38.75,pf,-2.940556,4.088751,-1.080523,0.264933,0.135640,0.233975
38.794000000000004,pf,-2.940970,4.089411,-0.962133,0.264933,0.135640,0.233975
38.800000000000004,pf,-3.057685,4.144445,-0.712063,0.019234,0.036905,0.031170
38.828,pf,-3.092514,4.171339,-0.596751,0.019234,0.036905,0.031170
38.85,pf,-3.060698,4.151535,-0.555614,0.031779,0.029082,0.052837
38.862,pf,-3.090807,4.168021,-0.457431,0.031779,0.029082,0.052837
38.896,pf,-3.116428,4.179903,-0.387837,0.031779,0.029082,0.052837
38.93,pf,-3.151378,4.191742,-0.273248,0.031779,0.029082,0.052837
38.900000000000006,pf,-3.014688,4.128032,-0.122991,0.065930,0.033474,0.090593
38.964000000000006,pf,-3.022861,4.128746,-0.024678,0.065930,0.033474,0.090593
38.95,pf,-2.965472,4.113600,0.009746,0.056107,0.032118,0.126264
38.998000000000005,pf,-3.016049,4.110967,0.110230,0.056107,0.032118,0.126264
39.0,pf,-2.970158,4.120429,0.262621,0.046061,0.011859,0.047821
39.032000000000004,pf,-2.997939,4.111464,0.402606,0.046061,0.011859,0.047821
39.050000000000004,pf,-2.943949,4.118874,0.444468,0.046422,0.013259,0.018569
39.066,pf,-2.977000,4.100718,0.546349,0.046422,0.013259,0.018569
39.1,pf,-3.000024,4.085638,0.650297,0.046422,0.013259,0.018569
39.134,pf,-3.011727,4.075645,0.742143,0.046422,0.013259,0.018569
39.1,pf,-2.910914,4.124718,0.565532,0.059175,0.029370,0.114851
39.168,pf,-2.945341,4.100873,0.671519,0.059175,0.029370,0.114851
39.150000000000006,pf,-2.946905,4.106172,0.527293,0.041953,0.022080,0.053394
39.202000000000005,pf,-2.992520,4.077434,0.618756,0.041953,0.022080,0.053394
39.236000000000004,pf,-3.010593,4.062548,0.737926,0.041953,0.022080,0.053394
39.2,pf,-2.942361,4.106882,0.594891,0.058418,0.032956,0.090251
39.27,pf,-2.954588,4.097557,0.700235,0.058418,0.032956,0.090251
39.304,pf,-2.988705,4.064908,0.812131,0.058418,0.032956,0.090251
39.300000000000004,pf,-2.899067,4.129715,0.751794,0.064734,0.045931,0.076318
39.338,pf,-2.914605,4.114147,0.820909,0.064734,0.045931,0.076318
39.372,pf,-2.933895,4.096018,0.910596,0.064734,0.045931,0.076318
39.35,pf,-2.712830,4.024854,0.802292,1.030267,1.397141,0.362021
39.406000000000006,pf,-2.711750,4.026032,0.889459,1.030267,1.397141,0.362021
39.400000000000006,pf,4.327655,5.960084,0.924351,2.990141,2.736745,0.798665
39.440000000000005,pf,4.328273,5.960939,0.995807,2.990141,2.736745,0.798665
39.45,pf,4.537048,5.754358,1.705745,1.225333,1.601263,0.398688
39.474000000000004,pf,4.536970,5.755025,1.790394,1.225333,1.601263,0.398688
39.508,pf,4.545053,5.711024,1.895131,1.225333,1.601263,0.398688
39.5,pf,4.731452,5.942262,1.887615,0.009555,0.048414,0.026878
39.542,pf,4.731022,5.943532,1.968064,0.009555,0.048414,0.026878
39.550000000000004,pf,4.729443,5.952107,2.019734,0.012035,0.053005,0.018063
39.576,pf,4.737989,5.925442,2.125833,0.012035,0.053005,0.018063
39.61,pf,4.737648,5.925935,2.219910,0.012035,0.053005,0.018063
39.6,pf,4.748671,5.880820,2.100272,0.034790,0.125466,0.036039
39.644000000000005,pf,4.736011,5.904730,2.269907,0.034790,0.125466,0.036039
39.650000000000006,pf,4.759345,5.841048,2.404865,0.030245,0.109999,0.141444
39.678000000000004,pf,4.758652,5.841654,2.472855,0.030245,0.109999,0.141444
39.712,pf,4.760658,5.840051,2.492592,0.030245,0.109999,0.141444
39.7,pf,4.780785,5.784772,2.479353,0.030907,0.100134,0.117069
39.746,pf,4.780737,5.784804,2.523097,0.030907,0.100134,0.117069
39.78,pf,4.773435,5.789190,2.553183,0.030907,0.100134,0.117069
39.814,pf,4.770546,5.790981,2.615149,0.030907,0.100134,0.117069
39.800000000000004,pf,4.774347,5.807232,2.528766,0.045107,0.102694,0.035345
39.848,pf,4.789270,5.796539,2.613559,0.045107,0.102694,0.035345
39.85,pf,4.796439,5.776896,2.556271,0.046146,0.100554,0.009019
39.882000000000005,pf,4.793552,5.778691,2.612416,0.046146,0.100554,0.009019
39.916000000000004,pf,4.777584,5.787890,2.646342,0.046146,0.100554,0.009019
39.900000000000006,pf,4.778515,5.817335,2.686981,0.047607,0.084814,0.016481
39.95,pf,4.775424,5.818749,2.739481,0.047607,0.084814,0.016481
39.95,pf,4.780153,5.809170,2.713166,0.043314,0.085031,0.013919
39.984,pf,4.780867,5.808878,2.742261,0.043314,0.085031,0.013919
40.018,pf,4.746409,5.830161,2.757123,0.043314,0.085031,0.013919
40.052,pf,4.744963,5.830698,2.803105,0.043314,0.085031,0.013919
40.050000000000004,pf,4.775775,5.812480,2.870735,0.068012,0.081079,0.013525
40.086000000000006,pf,4.774611,5.812774,2.901567,0.068012,0.081079,0.013525
40.120000000000005,pf,4.784447,5.810255,2.957832,0.068012,0.081079,0.013525
40.154,pf,4.783858,5.810369,2.990165,0.068012,0.081079,0.013525
40.150000000000006,pf,4.787286,5.833910,3.018088,0.076529,0.069656,0.019765
40.188,pf,4.786888,5.833950,3.036687,0.076529,0.069656,0.019765
40.222,pf,4.785494,5.834078,3.067097,0.076529,0.069656,0.019765
40.256,pf,4.785231,5.834057,3.046492,0.076529,0.069656,0.019765
40.29,pf,4.781842,5.834331,3.075954,0.076529,0.069656,0.019765
40.324000000000005,pf,4.779646,5.834467,3.097415,0.076529,0.069656,0.019765
40.300000000000004,pf,4.822961,5.828461,3.046987,0.069335,0.061135,0.012719
40.358000000000004,pf,4.800907,5.830202,3.094761,0.069335,0.061135,0.012719
40.392,pf,4.766920,5.830193,-3.091187,0.069335,0.061135,0.012719
40.426,pf,4.728395,5.827129,-3.013698,0.069335,0.061135,0.012719
40.400000000000006,pf,4.748085,5.846132,-3.094984,0.093288,0.054476,0.041336
40.46,pf,4.714193,5.843481,-3.028033,0.093288,0.054476,0.041336
40.45,pf,4.813229,5.821565,-3.085903,0.093378,0.043696,0.019435
40.494,pf,4.755534,5.817531,-3.038340,0.093378,0.043696,0.019435
40.5,pf,4.803959,5.826777,-2.959593,0.078720,0.049040,0.017269
40.528000000000006,pf,4.770653,5.819954,-2.913389,0.078720,0.049040,0.017269
40.562000000000005,pf,4.737632,5.811856,-2.889623,0.078720,0.049040,0.017269
40.550000000000004,pf,4.746086,5.797778,-2.977496,0.078565,0.032811,0.018096
40.596000000000004,pf,4.726440,5.792082,-2.904600,0.078565,0.032811,0.018096
40.6,pf,4.769940,5.793656,-2.930000,0.090094,0.029864,0.017178
40.63,pf,4.736777,5.786162,-2.906901,0.090094,0.029864,0.017178
40.664,pf,4.703776,5.777979,-2.891170,0.090094,0.029864,0.017178
40.650000000000006,pf,4.817214,5.716631,-2.903334,0.588800,0.818844,0.166916
40.698,pf,4.809916,5.713922,-2.912771,0.588800,0.818844,0.166916
40.732,pf,4.776829,5.706098,-2.905575,0.588800,0.818844,0.166916
40.766000000000005,pf,4.746155,5.698591,-2.897916,0.588800,0.818844,0.166916
40.800000000000004,pf,4.716332,5.691129,-2.894665,0.588800,0.818844,0.166916
40.800000000000004,pf,4.662299,5.586771,-2.910318,0.946134,1.406812,0.297263
40.834,pf,4.613891,5.578381,-2.953292,0.946134,1.406812,0.297263
40.868,pf,4.581963,5.572225,-2.949424,0.946134,1.406812,0.297263
40.902,pf,4.555975,5.567144,-2.947563,0.946134,1.406812,0.297263
40.936,pf,4.531452,5.562320,-2.946892,0.946134,1.406812,0.297263
40.900000000000006,pf,4.299202,5.314446,-2.909218,1.729361,2.147481,0.506594
40.970000000000006,pf,4.215722,5.294960,-2.865924,1.729361,2.147481,0.506594
41.004000000000005,pf,4.183037,5.285594,-2.858874,1.729361,2.147481,0.506594
41.0,pf,4.171338,5.112083,-2.888884,1.757222,2.616518,0.572063
41.038000000000004,pf,4.138433,5.103523,-2.884962,1.757222,2.616518,0.572063
41.072,pf,4.089665,5.088997,-2.893277,1.757222,2.616518,0.572063
41.050000000000004,pf,3.962921,4.928730,-2.881353,2.054183,2.966847,0.662084
41.106,pf,3.930084,4.919914,-2.878028,2.054183,2.966847,0.662084
41.14,pf,3.897269,4.911013,-2.875948,2.054183,2.966847,0.662084
41.150000000000006,pf,3.996340,5.195229,-2.918926,2.379464,3.464689,0.657630
41.174,pf,3.995482,5.195246,-2.887920,2.379464,3.464689,0.657630
41.208000000000006,pf,3.962574,5.186699,-2.887051,2.379464,3.464689,0.657630
41.242000000000004,pf,3.931898,5.178706,-2.886391,2.379464,3.464689,0.657630
41.25,pf,4.231891,5.955513,-2.964648,2.506314,3.530234,0.757629
41.276,pf,4.201171,5.950015,-2.964296,2.506314,3.530234,0.757629
41.31,pf,4.173716,5.945435,-2.919836,2.506314,3.530234,0.757629
41.300000000000004,pf,4.251687,5.804552,-2.953894,2.303572,3.644335,0.745193
41.344,pf,4.223351,5.799167,-2.953690,2.303572,3.644335,0.745193
41.378,pf,4.198010,5.794347,-2.953665,2.303572,3.644335,0.745193
41.35,pf,4.151222,3.681184,-2.978805,2.449349,3.501646,0.707178
41.412,pf,4.120200,3.676097,-2.979110,2.449349,3.501646,0.707178
41.446000000000005,pf,4.105741,3.674541,-3.008072,2.449349,3.501646,0.707178
41.480000000000004,pf,4.081150,3.671237,-3.007867,2.449349,3.501646,0.707178
41.514,pf,4.057630,3.668025,-3.002210,2.449349,3.501646,0.707178
41.5,pf,4.208140,2.212447,-2.979056,2.167412,2.638628,0.676371
41.548,pf,4.174594,2.206908,-2.976873,2.167412,2.638628,0.676371
41.582,pf,4.133582,2.201784,-3.013902,2.167412,2.638628,0.676371
41.616,pf,4.099860,2.197446,-3.013140,2.167412,2.638628,0.676371
41.6,pf,4.121971,2.245042,-2.940534,2.181965,2.429189,0.679529
41.650000000000006,pf,4.088658,2.238243,-2.940087,2.181965,2.429189,0.679529
41.684000000000005,pf,4.061734,2.232301,-2.935478,2.181965,2.429189,0.679529
41.718,pf,4.028948,2.225464,-2.936382,2.181965,2.429189,0.679529
41.7,pf,4.156109,2.331085,-2.950404,1.909319,2.171661,0.558325
41.752,pf,4.122728,2.324629,-2.950696,1.909319,2.171661,0.558325
41.786,pf,4.090847,2.318475,-2.951055,1.909319,2.171661,0.558325
41.800000000000004,pf,4.195597,2.348492,-2.953228,1.634288,1.965308,0.522290
41.82,pf,4.177987,2.342618,-2.901367,1.634288,1.965308,0.522290
41.854,pf,4.148190,2.335323,-2.901549,1.634288,1.965308,0.522290
41.85,pf,4.201247,2.468895,-2.940823,1.532576,1.599675,0.427418
41.888000000000005,pf,4.169112,2.462356,-2.940904,1.532576,1.599675,0.427418
41.922000000000004,pf,4.140571,2.456548,-2.940749,1.532576,1.599675,0.427418
41.900000000000006,pf,4.404781,2.597961,-2.934402,0.043453,0.011363,0.013435
41.956,pf,4.411488,2.597714,-2.978311,0.043453,0.011363,0.013435
41.99,pf,4.382576,2.592948,-2.978128,0.043453,0.011363,0.013435
42.024,pf,4.357105,2.588753,-2.978643,0.043453,0.011363,0.013435
42.058,pf,4.332983,2.584792,-2.978268,0.043453,0.011363,0.013435
42.050000000000004,pf,4.330940,2.583218,-2.954335,0.047596,0.012166,0.017102
42.092000000000006,pf,4.278033,2.574927,-2.989882,0.047596,0.012166,0.017102
42.126000000000005,pf,4.244422,2.569797,-2.990308,0.047596,0.012166,0.017102
42.1,pf,4.225968,2.562690,-2.950594,0.052793,0.013915,0.013464
42.160000000000004,pf,4.192585,2.556241,-2.950952,0.052793,0.013915,0.013464
42.194,pf,4.151936,2.551103,-2.935389,0.052793,0.013915,0.013464
42.228,pf,4.118656,2.544146,-2.935649,0.052793,0.013915,0.013464
42.2,pf,4.170609,2.554168,-2.958173,0.045913,0.011768,0.010776
42.262,pf,4.137574,2.548044,-2.958357,0.045913,0.011768,0.010776
42.296,pf,4.105763,2.542151,-2.958507,0.045913,0.011768,0.010776
42.330000000000005,pf,4.048700,2.532578,-2.969924,0.045913,0.011768,0.010776
42.300000000000004,pf,4.082881,2.536828,-2.957260,0.040061,0.010232,0.011697
42.364000000000004,pf,4.052719,2.531204,-2.957258,0.040061,0.010232,0.011697
42.398,pf,4.024332,2.525909,-2.957138,0.040061,0.010232,0.011697
42.400000000000006,pf,4.023651,2.525555,-2.955152,0.034891,0.009305,0.008544
42.432,pf,3.991619,2.519512,-2.955088,0.034891,0.009305,0.008544
42.466,pf,3.973744,2.520467,-3.007980,0.034891,0.009305,0.008544
42.45,pf,3.982593,2.519927,-2.963203,0.044983,0.009580,0.011470
42.5,pf,3.954568,2.514874,-2.963157,0.044983,0.009580,0.011470
42.534000000000006,pf,3.929498,2.510355,-2.963410,0.044983,0.009580,0.011470
42.550000000000004,pf,3.920944,2.508351,-2.960944,0.042261,0.009539,0.010689
42.568000000000005,pf,3.893710,2.503382,-2.961346,0.042261,0.009539,0.010689
42.602000000000004,pf,3.891698,2.504587,-2.961095,0.042261,0.009539,0.010689
42.636,pf,3.858252,2.498477,-2.960774,0.042261,0.009539,0.010689
42.67,pf,3.824806,2.492362,-2.960789,0.042261,0.009539,0.010689
42.650000000000006,pf,3.831946,2.493241,-2.966537,0.042300,0.009847,0.014042
42.704,pf,3.804616,2.487579,-2.992852,0.042300,0.009847,0.014042
42.738,pf,3.770990,2.482545,-2.993332,0.042300,0.009847,0.014042
42.75,pf,3.768054,2.481349,-2.972225,0.042751,0.010075,0.014341
42.772000000000006,pf,3.734539,2.475626,-2.972669,0.042751,0.010075,0.014341
42.806000000000004,pf,3.696449,2.467985,-2.972061,0.042751,0.010075,0.014341
42.800000000000004,pf,3.697692,2.467671,-2.961782,0.043329,0.010794,0.011876
42.84,pf,3.667467,2.462182,-2.962056,0.043329,0.010794,0.011876
42.874,pf,3.636695,2.456600,-2.962237,0.043329,0.010794,0.011876
42.908,pf,3.603246,2.450539,-2.962463,0.043329,0.010794,0.011876
42.900000000000006,pf,3.605968,2.450635,-2.968307,0.044423,0.011726,0.013733
42.942,pf,3.533654,2.432378,-2.922913,0.044423,0.011726,0.013733
42.95,pf,3.564315,2.440553,-2.963774,0.049192,0.012471,0.016240
42.976000000000006,pf,3.537104,2.435664,-2.963815,0.049192,0.012471,0.016240
43.010000000000005,pf,3.505619,2.430007,-2.963867,0.049192,0.012471,0.016240
43.0,pf,3.525612,2.433329,-2.959351,0.044835,0.012277,0.012403
43.044000000000004,pf,3.500306,2.428664,-2.959275,0.044835,0.012277,0.012403
43.078,pf,3.455677,2.421582,-2.935746,0.044835,0.012277,0.012403
43.112,pf,3.427302,2.415659,-2.935980,0.044835,0.012277,0.012403
43.1,pf,3.425424,2.416273,-2.967548,0.056558,0.013777,0.015097
43.146,pf,3.391936,2.410394,-2.967977,0.056558,0.013777,0.015097
43.18,pf,3.358447,2.404520,-2.968036,0.056558,0.013777,0.015097
43.214000000000006,pf,3.313268,2.395905,-2.986609,0.056558,0.013777,0.015097
43.2,pf,3.318717,2.395337,-2.959171,0.063280,0.015490,0.010883
43.248000000000005,pf,3.285285,2.389148,-2.957926,0.063280,0.015490,0.010883
43.282000000000004,pf,3.251862,2.382913,-2.956432,0.063280,0.015490,0.010883
43.316,pf,3.229040,2.378284,-2.941070,0.063280,0.015490,0.010883
43.300000000000004,pf,3.220563,2.376496,-2.952225,0.058967,0.015855,0.013731
43.35,pf,3.187173,2.370086,-2.951970,0.058967,0.015855,0.013731
43.384,pf,3.154930,2.363890,-2.951498,0.058967,0.015855,0.013731
43.418,pf,3.124641,2.358056,-2.951048,0.058967,0.015855,0.013731
43.400000000000006,pf,3.085568,2.345470,-2.934325,0.050094,0.014307,0.009032
43.452000000000005,pf,3.043000,2.331428,-2.874820,0.050094,0.014307,0.009032
43.45,pf,2.975176,2.313597,-2.905891,0.040889,0.013915,0.015972
43.486000000000004,pf,2.946429,2.306686,-2.905444,0.040889,0.013915,0.015972
43.52,pf,2.918684,2.300005,-2.905067,0.040889,0.013915,0.015972
43.554,pf,2.892174,2.293618,-2.905193,0.040889,0.013915,0.015972
43.550000000000004,pf,2.844471,2.274187,-2.896990,0.058726,0.024517,0.017484
43.588,pf,2.817369,2.259897,-2.853838,0.058726,0.024517,0.017484
43.622,pf,2.794408,2.253093,-2.853260,0.058726,0.024517,0.017484
43.656000000000006,pf,2.762884,2.243755,-2.853857,0.058726,0.024517,0.017484
43.650000000000006,pf,2.756846,2.244454,-2.910432,0.066800,0.026438,0.014087
43.690000000000005,pf,2.723750,2.236667,-2.910622,0.066800,0.026438,0.014087
43.724000000000004,pf,2.693157,2.231395,-2.893912,0.066800,0.026438,0.014087
43.7,pf,2.683442,2.226369,-2.896786,0.057300,0.022844,0.018268
43.758,pf,2.650447,2.218162,-2.898699,0.057300,0.022844,0.018268
43.792,pf,2.617437,2.210020,-2.900713,0.057300,0.022844,0.018268
43.800000000000004,pf,2.681179,2.229593,-2.922762,0.062677,0.024072,0.031644
43.826,pf,2.658680,2.221694,-2.880181,0.062677,0.024072,0.031644
43.86,pf,2.626696,2.213168,-2.881981,0.062677,0.024072,0.031644
43.85,pf,2.698591,2.237746,-2.950438,0.048604,0.018079,0.017714
43.894000000000005,pf,2.665205,2.231312,-2.952113,0.048604,0.018079,0.017714
43.928000000000004,pf,2.634690,2.225479,-2.953136,0.048604,0.018079,0.017714
43.900000000000006,pf,2.664352,2.233094,-2.949447,0.041637,0.016847,0.008877
43.962,pf,2.626806,2.229922,-3.015987,0.041637,0.016847,0.008877
43.95,pf,2.647219,2.231819,-2.955105,0.052603,0.017428,0.013682
43.996,pf,2.617603,2.226232,-2.955360,0.052603,0.017428,0.013682
44.03,pf,2.585855,2.220249,-2.955382,0.052603,0.017428,0.013682
44.064,pf,2.557370,2.214876,-2.955145,0.052603,0.017428,0.013682
44.050000000000004,pf,2.581119,2.219679,-2.954237,0.047661,0.016939,0.012080
44.098000000000006,pf,2.529315,2.214309,-3.019696,0.047661,0.016939,0.012080
44.132000000000005,pf,2.500986,2.210837,-3.019566,0.047661,0.016939,0.012080
44.1,pf,2.519531,2.210229,-2.961078,0.051722,0.016730,0.013616
44.166000000000004,pf,2.497074,2.206130,-2.960996,0.051722,0.016730,0.013616
44.2,pf,2.477197,2.202500,-2.960970,0.051722,0.016730,0.013616
44.234,pf,2.454919,2.198431,-2.960829,0.051722,0.016730,0.013616
44.268,pf,2.424141,2.191203,-2.932655,0.051722,0.016730,0.013616
44.25,pf,2.401553,2.183409,-2.951187,0.052408,0.016717,0.022120
44.302,pf,2.385799,2.180372,-2.951670,0.052408,0.016717,0.022120
44.336000000000006,pf,2.371773,2.177680,-2.952222,0.052408,0.016717,0.022120
44.370000000000005,pf,2.354772,2.174416,-2.951860,0.052408,0.016717,0.022120
44.404,pf,2.340983,2.171770,-2.952115,0.052408,0.016717,0.022120
44.400000000000006,pf,2.330836,2.168007,-2.950974,0.053547,0.017118,0.014187
44.438,pf,2.319088,2.165740,-2.951035,0.053547,0.017118,0.014187
44.472,pf,2.305994,2.163216,-2.951367,0.053547,0.017118,0.014187
44.506,pf,2.295164,2.161132,-2.951610,0.053547,0.017118,0.014187
44.540000000000006,pf,2.311965,2.164567,-2.950233,0.053547,0.017118,0.014187
44.574000000000005,pf,2.302325,2.162703,-2.950782,0.053547,0.017118,0.014187
44.608000000000004,pf,2.292664,2.160835,-2.950632,0.053547,0.017118,0.014187
44.642,pf,2.285990,2.159544,-2.950451,0.053547,0.017118,0.014187
44.676,pf,2.278318,2.158063,-2.951094,0.053547,0.017118,0.014187
44.71,pf,2.270195,2.156496,-2.951168,0.053547,0.017118,0.014187
44.7,pf,2.245821,2.147445,-2.943751,0.052492,0.015798,0.012407
44.744,pf,2.239372,2.146152,-2.943524,0.052492,0.015798,0.012407
44.778000000000006,pf,2.233558,2.144986,-2.943811,0.052492,0.015798,0.012407
44.812000000000005,pf,2.227017,2.143676,-2.944124,0.052492,0.015798,0.012407
44.846000000000004,pf,2.241213,2.146980,-2.890622,0.052492,0.015798,0.012407
44.85,pf,2.204343,2.137316,-2.896822,0.049768,0.014289,0.030113
44.88,pf,2.216580,2.139100,-2.742796,0.049768,0.014289,0.030113
44.914,pf,2.216189,2.138990,-2.657997,0.049768,0.014289,0.030113
44.900000000000006,pf,2.152099,2.081207,-2.865890,0.791277,1.248452,0.291805
44.948,pf,2.118793,2.071336,-2.827046,0.791277,1.248452,0.291805
44.982,pf,2.118175,2.071127,-2.762857,0.791277,1.248452,0.291805
45.016000000000005,pf,2.113068,2.069057,-2.702723,0.791277,1.248452,0.291805
45.0,pf,2.019469,2.033292,-2.669915,1.137853,1.487493,0.465363
45.050000000000004,pf,2.016494,2.031647,-2.607486,1.137853,1.487493,0.465363
45.050000000000004,pf,2.017927,1.990551,-2.590265,0.970599,1.604750,0.393486
45.084,pf,2.025182,1.994894,-2.520454,0.970599,1.604750,0.393486
45.118,pf,2.022478,1.992833,-2.456077,0.970599,1.604750,0.393486
45.1,pf,1.936162,1.902022,-2.470222,1.232646,1.749746,0.482685
45.152,pf,1.928398,1.895736,-2.392105,1.232646,1.749746,0.482685
45.150000000000006,pf,1.958262,1.976990,-2.389911,1.154869,1.738047,0.487874
45.186,pf,1.956498,1.975261,-2.337560,1.154869,1.738047,0.487874
45.220000000000006,pf,1.924940,1.942189,-2.271057,1.154869,1.738047,0.487874
45.2,pf,1.944371,1.858766,-2.285840,0.884193,1.522574,0.430454
45.254000000000005,pf,1.942197,1.856152,-2.263978,0.884193,1.522574,0.430454
45.288000000000004,pf,1.940073,1.853497,-2.225902,0.884193,1.522574,0.430454
45.322,pf,1.938579,1.851493,-2.194917,0.884193,1.522574,0.430454
45.300000000000004,pf,1.919891,1.868587,-2.164851,0.907210,1.346461,0.360502
45.356,pf,1.926011,1.876805,-2.142204,0.907210,1.346461,0.360502
45.39,pf,1.924232,1.873908,-2.103452,0.907210,1.346461,0.360502
45.424,pf,1.923453,1.872511,-2.069209,0.907210,1.346461,0.360502
45.400000000000006,pf,2.004267,2.017552,-2.097208,0.444431,0.614023,0.189140
45.458000000000006,pf,2.000040,2.010432,-2.090142,0.444431,0.614023,0.189140
45.492000000000004,pf,1.998392,2.007459,-2.061295,0.444431,0.614023,0.189140
45.526,pf,1.996813,2.004448,-2.039517,0.444431,0.614023,0.189140
45.5,pf,2.045659,1.970052,-2.015613,0.469160,0.819496,0.180411
45.56,pf,2.046612,1.971419,-1.966967,0.469160,0.819496,0.180411
45.594,pf,2.034724,1.939574,-1.890120,0.469160,0.819496,0.180411
45.6,pf,2.043826,1.953975,-1.948377,0.455900,0.565637,0.156365
45.628,pf,2.020130,1.889889,-1.843293,0.455900,0.565637,0.156365
45.662000000000006,pf,2.011919,1.856899,-1.790247,0.455900,0.565637,0.156365
45.650000000000006,pf,2.040397,1.814507,-1.866033,0.040572,0.059300,0.019337
45.696000000000005,pf,2.031439,1.781822,-1.828437,0.040572,0.059300,0.019337
45.730000000000004,pf,2.029504,1.769635,-1.758506,0.040572,0.059300,0.019337
45.764,pf,2.024281,1.738999,-1.726021,0.040572,0.059300,0.019337
45.75,pf,2.010921,1.677325,-1.775567,0.034069,0.057926,0.013146
45.798,pf,2.005390,1.647160,-1.734420,0.034069,0.057926,0.013146
45.832,pf,2.000894,1.617871,-1.714448,0.034069,0.057926,0.013146
45.85,pf,2.000281,1.582431,-1.703684,0.028456,0.053004,0.016476
45.866,pf,1.997535,1.530741,-1.614347,0.028456,0.053004,0.016476
45.900000000000006,pf,1.996624,1.502479,-1.590603,0.028456,0.053004,0.016476
45.900000000000006,pf,1.994584,1.496955,-1.666322,0.027316,0.060483,0.011239
45.934000000000005,pf,1.992237,1.470422,-1.653490,0.027316,0.060483,0.011239
45.968,pf,1.990120,1.442559,-1.631044,0.027316,0.060483,0.011239
46.002,pf,1.989588,1.398398,-1.625693,0.027316,0.060483,0.011239
46.0,pf,2.001406,1.397419,-1.624512,0.017432,0.058387,0.012104
46.036,pf,1.999747,1.363460,-1.616540,0.017432,0.058387,0.012104
46.07,pf,1.998443,1.329485,-1.603650,0.017432,0.058387,0.012104
46.104000000000006,pf,2.001449,1.306472,-1.583895,0.017432,0.058387,0.012104
46.1,pf,2.002855,1.298424,-1.588240,0.014587,0.060619,0.015335
46.138000000000005,pf,2.002291,1.264429,-1.587296,0.014587,0.060619,0.015335
46.172000000000004,pf,2.001820,1.230432,-1.583045,0.014587,0.060619,0.015335
46.206,pf,2.001708,1.216028,-1.571855,0.014587,0.060619,0.015335
46.2,pf,2.001380,1.198854,-1.569242,0.013801,0.059376,0.015711
46.24,pf,2.001422,1.166495,-1.569345,0.013801,0.059376,0.015711
46.274,pf,2.001470,1.132495,-1.569346,0.013801,0.059376,0.015711
46.308,pf,2.001511,1.102237,-1.569488,0.013801,0.059376,0.015711
46.300000000000004,pf,2.000152,1.071287,-1.570777,0.013256,0.054833,0.018233
46.342000000000006,pf,2.000874,1.000244,-1.577277,0.013256,0.054833,0.018233
46.35,pf,2.002767,1.001984,-1.566360,0.013118,0.055434,0.017291
46.376000000000005,pf,2.002891,0.972028,-1.566800,0.013118,0.055434,0.017291
46.410000000000004,pf,2.003011,0.940753,-1.567248,0.013118,0.055434,0.017291
46.400000000000006,pf,2.004268,0.943742,-1.567539,0.012813,0.054824,0.014516
46.444,pf,2.004352,0.915561,-1.568152,0.012813,0.054824,0.014516
46.478,pf,2.008212,0.904394,-1.528988,0.012813,0.054824,0.014516
46.512,pf,2.009322,0.877211,-1.534702,0.012813,0.054824,0.014516
46.5,pf,2.008767,0.872876,-1.560168,0.012838,0.061911,0.017066
46.546,pf,2.008946,0.838876,-1.568005,0.012838,0.061911,0.017066
46.580000000000005,pf,2.009044,0.804877,-1.567550,0.012838,0.061911,0.017066
46.614000000000004,pf,2.007816,0.778465,-1.552416,0.012838,0.061911,0.017066
46.6,pf,2.009806,0.771234,-1.580394,0.011524,0.064465,0.016225
46.648,pf,2.009468,0.737235,-1.581162,0.011524,0.064465,0.016225
46.682,pf,2.009130,0.703237,-1.580028,0.011524,0.064465,0.016225
46.716,pf,2.011426,0.676287,-1.515268,0.011524,0.064465,0.016225
46.7,pf,2.009263,0.660969,-1.580861,0.010729,0.068157,0.014701
46.75,pf,2.008949,0.626971,-1.579176,0.010729,0.068157,0.014701
46.784000000000006,pf,2.008702,0.595010,-1.577825,0.010729,0.068157,0.014701
46.818000000000005,pf,2.008502,0.564271,-1.576889,0.010729,0.068157,0.014701
46.800000000000004,pf,2.009125,0.555548,-1.576711,0.011028,0.064099,0.018580
46.852000000000004,pf,2.007289,0.501599,-1.566032,0.011028,0.064099,0.018580
46.85,pf,2.007770,0.498986,-1.574666,0.011163,0.057534,0.019443
46.886,pf,2.007654,0.467107,-1.574203,0.011163,0.057534,0.019443
46.92,pf,2.007559,0.439224,-1.574116,0.011163,0.057534,0.019443
46.954,pf,2.007468,0.410262,-1.573770,0.011163,0.057534,0.019443
46.95,pf,2.007699,0.407207,-1.581156,0.011285,0.056078,0.015528
46.988,pf,2.007663,0.357642,-1.610309,0.011285,0.056078,0.015528
47.022000000000006,pf,2.006675,0.332560,-1.609992,0.011285,0.056078,0.015528
47.0,pf,2.009690,0.335779,-1.587783,0.010761,0.057703,0.013650
47.056000000000004,pf,2.009333,0.314709,-1.587708,0.010761,0.057703,0.013650
47.09,pf,2.008765,0.284018,-1.592555,0.010761,0.057703,0.013650
47.1,pf,2.010768,0.288390,-1.584201,0.010437,0.055526,0.014135
47.124,pf,2.010057,0.267087,-1.651528,0.010437,0.055526,0.014135
47.158,pf,2.007301,0.233199,-1.652293,0.010437,0.055526,0.014135
47.150000000000006,pf,2.010584,0.236647,-1.599667,0.010087,0.056617,0.012966
47.192,pf,2.009594,0.202661,-1.600276,0.010087,0.056617,0.012966
47.226000000000006,pf,2.007868,0.175228,-1.633436,0.010087,0.056617,0.012966
47.260000000000005,pf,2.005732,0.141359,-1.634009,0.010087,0.056617,0.012966
47.25,pf,2.009084,0.137953,-1.589875,0.010244,0.059723,0.014603
47.294000000000004,pf,2.008454,0.105421,-1.590482,0.010244,0.059723,0.014603
47.328,pf,2.010381,0.076394,-1.588815,0.010244,0.059723,0.014603
47.362,pf,2.009824,0.045882,-1.589302,0.010244,0.059723,0.014603
47.35,pf,2.010395,0.044053,-1.587415,0.010521,0.062028,0.014905
47.396,pf,2.009895,0.014465,-1.587968,0.010521,0.062028,0.014905
47.43,pf,2.009315,-0.018817,-1.588495,0.010521,0.062028,0.014905
47.464000000000006,pf,2.012068,-0.050429,-1.530258,0.010521,0.062028,0.014905
47.45,pf,2.009901,-0.042763,-1.585615,0.010426,0.062899,0.014017
47.498000000000005,pf,2.009474,-0.071352,-1.585822,0.010426,0.062899,0.014017
47.532000000000004,pf,2.008998,-0.102621,-1.586295,0.010426,0.062899,0.014017
47.550000000000004,pf,2.009649,-0.101931,-1.587096,0.010473,0.060165,0.014063
47.566,pf,2.009232,-0.127061,-1.587728,0.010473,0.060165,0.014063
47.6,pf,2.009729,-0.152396,-1.574835,0.010473,0.060165,0.014063
47.6,pf,2.010263,-0.148924,-1.584569,0.010379,0.055623,0.013109
47.634,pf,2.009777,-0.179491,-1.588481,0.010379,0.055623,0.013109
47.668000000000006,pf,2.009132,-0.213485,-1.590900,0.010379,0.055623,0.013109
47.702000000000005,pf,2.008448,-0.247478,-1.591203,0.010379,0.055623,0.013109
47.7,pf,2.009326,-0.243243,-1.596404,0.010695,0.056222,0.011755
47.736000000000004,pf,2.009371,-0.229509,-1.570628,0.010695,0.056222,0.011755
47.77,pf,2.009375,-0.263509,-1.570273,0.010695,0.056222,0.011755
47.804,pf,2.009429,-0.297292,-1.568568,0.010695,0.056222,0.011755
47.800000000000004,pf,2.007678,-0.301353,-1.591974,0.010949,0.056794,0.013313
47.838,pf,2.007019,-0.333392,-1.590525,0.010949,0.056794,0.013313
47.872,pf,2.009628,-0.363127,-1.532352,0.010949,0.056794,0.013313
47.906000000000006,pf,2.010786,-0.392946,-1.531729,0.010949,0.056794,0.013313
47.900000000000006,pf,2.007079,-0.396512,-1.590222,0.011121,0.060198,0.014678
47.940000000000005,pf,2.006484,-0.427696,-1.589545,0.011121,0.060198,0.014678
47.974000000000004,pf,2.005922,-0.457930,-1.589422,0.011121,0.060198,0.014678
48.008,pf,2.004540,-0.474402,-1.594372,0.011121,0.060198,0.014678
48.0,pf,2.005464,-0.478278,-1.598964,0.010993,0.058216,0.013897
48.042,pf,2.004678,-0.506341,-1.598744,0.010993,0.058216,0.013897
48.076,pf,2.003927,-0.532974,-1.599419,0.010993,0.058216,0.013897
48.11000000000001,pf,2.002938,-0.565953,-1.602845,0.010993,0.058216,0.013897
48.1,pf,2.005119,-0.563613,-1.598966,0.010957,0.058886,0.012056
48.144000000000005,pf,1.997002,-0.608392,-1.673859,0.010957,0.058886,0.012056
48.178000000000004,pf,1.993496,-0.642211,-1.674372,0.010957,0.058886,0.012056
48.150000000000006,pf,2.000741,-0.636321,-1.600338,0.012260,0.070979,0.015138
48.212,pf,1.999727,-0.670306,-1.600913,0.012260,0.070979,0.015138
48.246,pf,1.997020,-0.716703,-1.603445,0.012260,0.070979,0.015138
48.28,pf,1.995904,-0.750685,-1.603787,0.012260,0.070979,0.015138
48.25,pf,1.997762,-0.741920,-1.594806,0.012040,0.065159,0.016552
48.314,pf,1.996955,-0.775319,-1.595069,0.012040,0.065159,0.016552
48.348000000000006,pf,1.992417,-0.823747,-1.587489,0.012040,0.065159,0.016552
48.35,pf,1.992840,-0.820301,-1.594212,0.012219,0.068719,0.016594
48.382000000000005,pf,1.992112,-0.851306,-1.594296,0.012219,0.068719,0.016594
48.416000000000004,pf,1.991374,-0.882610,-1.594421,0.012219,0.068719,0.016594
48.400000000000006,pf,1.992748,-0.866369,-1.598339,0.011894,0.059783,0.011220
48.45,pf,1.991828,-0.899701,-1.598347,0.011894,0.059783,0.011220
48.484,pf,1.988121,-0.939478,-1.651631,0.011894,0.059783,0.011220
48.518,pf,1.985982,-0.965901,-1.651539,0.011894,0.059783,0.011220
48.5,pf,1.990567,-0.961419,-1.602013,0.011989,0.063661,0.013403
48.552,pf,1.989618,-0.991808,-1.602028,0.011989,0.063661,0.013403
48.586000000000006,pf,1.988798,-1.018310,-1.601514,0.011989,0.063661,0.013403
48.620000000000005,pf,1.988937,-1.048038,-1.606478,0.011989,0.063661,0.013403
48.6,pf,1.990189,-1.048492,-1.592997,0.012064,0.064910,0.016139
48.654,pf,1.989644,-1.072790,-1.593998,0.012064,0.064910,0.016139
48.688,pf,1.988823,-1.106780,-1.595561,0.012064,0.064910,0.016139
48.722,pf,1.987970,-1.140769,-1.596282,0.012064,0.064910,0.016139
48.7,pf,1.988584,-1.140099,-1.594756,0.011785,0.064571,0.017018
48.756,pf,1.988922,-1.164113,-1.585620,0.011785,0.064571,0.017018
48.790000000000006,pf,1.988429,-1.198110,-1.585077,0.011785,0.064571,0.017018
48.800000000000004,pf,1.987587,-1.204863,-1.597210,0.011772,0.063440,0.014380
48.824000000000005,pf,1.986707,-1.238852,-1.596037,0.011772,0.063440,0.014380
48.858000000000004,pf,1.984365,-1.313845,-1.560540,0.011772,0.063440,0.014380
48.85,pf,1.983851,-1.292525,-1.599078,0.010766,0.060211,0.016002
48.892,pf,1.982914,-1.326512,-1.597585,0.010766,0.060211,0.016002
48.926,pf,1.982116,-1.356768,-1.596902,0.010766,0.060211,0.016002
48.900000000000006,pf,1.983471,-1.337661,-1.602819,0.010801,0.056938,0.012604
48.96,pf,1.982515,-1.367920,-1.602077,0.010801,0.056938,0.012604
48.994,pf,1.981632,-1.438252,-1.597230,0.010801,0.056938,0.012604
49.0,pf,1.982473,-1.428532,-1.602383,0.010946,0.059422,0.014492
49.028000000000006,pf,1.981583,-1.456668,-1.602540,0.010946,0.059422,0.014492
49.062000000000005,pf,1.980684,-1.485102,-1.602287,0.010946,0.059422,0.014492
49.050000000000004,pf,1.982495,-1.474115,-1.601396,0.010911,0.055506,0.010921
49.096000000000004,pf,1.981663,-1.500841,-1.602086,0.010911,0.055506,0.010921
49.13,pf,1.981834,-1.512156,-1.588940,0.010911,0.055506,0.010921
49.164,pf,1.981422,-1.534501,-1.589513,0.010911,0.055506,0.010921
49.150000000000006,pf,1.982007,-1.530938,-1.593969,0.010863,0.054000,0.014918
49.198,pf,1.981379,-1.556855,-1.597129,0.010863,0.054000,0.014918
49.232000000000006,pf,1.980461,-1.590843,-1.598473,0.010863,0.054000,0.014918
49.25,pf,1.981716,-1.592043,-1.598335,0.010773,0.051702,0.012594
49.266000000000005,pf,1.982495,-1.626881,-1.535960,0.010773,0.051702,0.012594
49.300000000000004,pf,1.983643,-1.660862,-1.538102,0.010773,0.051702,0.012594
49.300000000000004,pf,1.981871,-1.653847,-1.586779,0.010372,0.056143,0.013483
49.334,pf,1.981288,-1.687842,-1.589144,0.010372,0.056143,0.013483
49.368,pf,1.982953,-1.746893,-1.587703,0.010372,0.056143,0.013483
49.402,pf,1.982359,-1.779739,-1.590134,0.010372,0.056143,0.013483
49.400000000000006,pf,1.982201,-1.780586,-1.596892,0.011082,0.062023,0.013962
49.436,pf,1.981326,-1.813189,-1.598567,0.011082,0.062023,0.013962
49.470000000000006,pf,1.980355,-1.847175,-1.600081,0.011082,0.062023,0.013962
49.45,pf,1.981245,-1.836953,-1.601290,0.010909,0.059410,0.014337
49.504000000000005,pf,1.978347,-1.847931,-1.655718,0.010909,0.059410,0.014337
49.5,pf,1.984574,-1.831495,-1.603864,0.019332,0.078883,0.014599
49.538000000000004,pf,1.983583,-1.861063,-1.604626,0.019332,0.078883,0.014599
49.572,pf,1.982491,-1.893021,-1.605243,0.019332,0.078883,0.014599
49.606,pf,1.981570,-1.919816,-1.605332,0.019332,0.078883,0.014599
49.6,pf,1.982791,-1.922723,-1.612017,0.018246,0.069934,0.014000
49.64,pf,1.981456,-1.966879,-1.635163,0.018246,0.069934,0.014000
49.67400000000001,pf,1.979547,-1.996481,-1.635222,0.018246,0.069934,0.014000
49.708000000000006,pf,1.977407,-2.029781,-1.634725,0.018246,0.069934,0.014000
49.7,pf,1.983247,-2.019565,-1.613171,0.017630,0.062224,0.011916
49.742000000000004,pf,1.981820,-2.053536,-1.612591,0.017630,0.062224,0.011916
49.776,pf,1.984298,-2.020583,-1.526899,0.017630,0.062224,0.011916
49.81,pf,1.985808,-2.054550,-1.525883,0.017630,0.062224,0.011916
49.800000000000004,pf,1.987069,-2.073943,-1.612530,0.016163,0.065275,0.012104
49.844,pf,1.985671,-2.107914,-1.611334,0.016163,0.065275,0.012104
49.878,pf,1.985500,-2.129391,-1.594259,0.016163,0.065275,0.012104
49.912000000000006,pf,1.984716,-2.163381,-1.593414,0.016163,0.065275,0.012104
49.900000000000006,pf,1.984986,-2.172472,-1.610975,0.015811,0.058988,0.013067
49.946000000000005,pf,1.983743,-2.203605,-1.610380,0.015811,0.058988,0.013067
49.980000000000004,pf,1.982511,-2.234930,-1.610011,0.015811,0.058988,0.013067
50.0,pf,1.984137,-2.245423,-1.610318,0.015101,0.053799,0.010945
50.014,pf,1.980858,-2.277355,-1.670411,0.015101,0.053799,0.010945
50.048,pf,1.977545,-2.310527,-1.670221,0.015101,0.053799,0.010945
50.050000000000004,pf,1.980044,-2.317319,-1.620368,0.015483,0.054927,0.012726
50.082,pf,1.978582,-2.346768,-1.620497,0.015483,0.054927,0.012726
50.116,pf,1.977213,-2.374252,-1.620622,0.015483,0.054927,0.012726
50.1,pf,1.977509,-2.378758,-1.616020,0.015673,0.054052,0.014578
50.150000000000006,pf,1.973109,-2.437143,-1.639856,0.015673,0.054052,0.014578
50.184000000000005,pf,1.971363,-2.462371,-1.640352,0.015673,0.054052,0.014578
50.150000000000006,pf,1.974584,-2.459514,-1.617045,0.015433,0.057091,0.015572
50.218,pf,1.973654,-2.479520,-1.617423,0.015433,0.057091,0.015572
50.252,pf,1.972601,-2.502017,-1.617816,0.015433,0.057091,0.015572
50.286,pf,1.971559,-2.541628,-1.614825,0.015433,0.057091,0.015572
50.32,pf,1.970041,-2.575594,-1.616652,0.015433,0.057091,0.015572
50.300000000000004,pf,1.972280,-2.573778,-1.608211,0.015432,0.059306,0.015903
50.354000000000006,pf,1.970987,-2.607754,-1.609492,0.015432,0.059306,0.015903
50.388000000000005,pf,1.972652,-2.675256,-1.593790,0.015432,0.059306,0.015903
50.422000000000004,pf,1.971843,-2.709247,-1.595390,0.015432,0.059306,0.015903
50.400000000000006,pf,1.973769,-2.693892,-1.610493,0.014708,0.062039,0.016568
50.456,pf,1.972444,-2.726639,-1.611879,0.014708,0.062039,0.016568
50.49,pf,1.972152,-2.735521,-1.578471,0.014708,0.062039,0.016568
50.524,pf,1.971892,-2.767402,-1.579236,0.014708,0.062039,0.016568
50.558,pf,1.971655,-2.794821,-1.579630,0.014708,0.062039,0.016568
50.550000000000004,pf,1.970558,-2.793926,-1.601542,0.014336,0.061330,0.021620
50.592000000000006,pf,1.969529,-2.827095,-1.602039,0.014336,0.061330,0.021620
50.626000000000005,pf,1.966089,-2.889791,-1.634490,0.014336,0.061330,0.021620
50.6,pf,1.969574,-2.872797,-1.617004,0.013690,0.059220,0.020414
50.660000000000004,pf,1.968307,-2.900189,-1.617150,0.013690,0.059220,0.020414
50.694,pf,1.967012,-2.928087,-1.617198,0.013690,0.059220,0.020414
50.728,pf,1.965702,-2.956298,-1.617164,0.013690,0.059220,0.020414
50.7,pf,1.967562,-2.946888,-1.615520,0.013033,0.054828,0.017495
50.762,pf,1.970751,-2.930357,-1.586761,0.013033,0.054828,0.017495
50.79600000000001,pf,1.970261,-2.961278,-1.586372,0.013033,0.054828,0.017495
50.830000000000005,pf,1.969736,-2.995274,-1.586080,0.013033,0.054828,0.017495
50.864000000000004,pf,1.969223,-3.029270,-1.585699,0.013033,0.054828,0.017495
50.898,pf,1.967280,-3.048024,-1.642639,0.013033,0.054828,0.017495
50.900000000000006,pf,1.968918,-3.056139,-1.614622,0.012942,0.065359,0.018989
50.932,pf,1.967433,-3.090107,-1.614346,0.012942,0.065359,0.018989
50.966,pf,1.965966,-3.123842,-1.614223,0.012942,0.065359,0.018989
51.0,pf,1.965534,-3.120562,-1.620904,0.012942,0.065359,0.018989
51.0,pf,1.966293,-3.138807,-1.614526,0.013228,0.061121,0.016769
51.034000000000006,pf,1.964808,-3.172775,-1.614448,0.013228,0.061121,0.016769
51.068000000000005,pf,1.963416,-3.204628,-1.614441,0.013228,0.061121,0.016769
51.102000000000004,pf,1.962166,-3.233254,-1.614435,0.013228,0.061121,0.016769
51.136,pf,1.959098,-3.227428,-1.655106,0.013228,0.061121,0.016769
51.1,pf,1.963755,-3.241222,-1.620117,0.013464,0.062761,0.014160
51.17,pf,1.962146,-3.273794,-1.620200,0.013464,0.062761,0.014160
51.204,pf,1.960723,-3.302671,-1.619878,0.013464,0.062761,0.014160
51.2,pf,1.960678,-3.318676,-1.620073,0.013296,0.058557,0.015085
51.23800000000001,pf,1.959375,-3.345212,-1.619770,0.013296,0.058557,0.015085
51.272000000000006,pf,1.954453,-3.407153,-1.621112,0.013296,0.058557,0.015085
51.306000000000004,pf,1.952774,-3.440367,-1.621511,0.013296,0.058557,0.015085
51.300000000000004,pf,1.953081,-3.444741,-1.623925,0.013732,0.057731,0.020271
51.34,pf,1.951274,-3.478693,-1.624063,0.013732,0.057731,0.020271
51.374,pf,1.950600,-3.512340,-1.577764,0.013732,0.057731,0.020271
51.35,pf,1.948690,-3.511761,-1.615507,0.013067,0.057203,0.016524
51.408,pf,1.947186,-3.545728,-1.614718,0.013067,0.057203,0.016524
51.442,pf,1.945704,-3.579696,-1.614092,0.013067,0.057203,0.016524
51.400000000000006,pf,1.945887,-3.578233,-1.616066,0.013274,0.055531,0.019001
51.476000000000006,pf,1.947211,-3.604039,-1.608858,0.013274,0.055531,0.019001
51.510000000000005,pf,1.945921,-3.638014,-1.608634,0.013274,0.055531,0.019001
51.5,pf,1.946814,-3.644941,-1.615284,0.013205,0.062491,0.018511
51.544000000000004,pf,1.945349,-3.677925,-1.615082,0.013205,0.062491,0.018511
51.578,pf,1.943945,-3.709585,-1.615116,0.013205,0.062491,0.018511
51.612,pf,1.940846,-3.757605,-1.616903,0.013205,0.062491,0.018511
51.6,pf,1.941668,-3.753193,-1.616640,0.013532,0.060448,0.019062
51.646,pf,1.940319,-3.782618,-1.616581,0.013532,0.060448,0.019062
51.68,pf,1.939036,-3.810646,-1.616468,0.013532,0.060448,0.019062
51.714000000000006,pf,1.937904,-3.835488,-1.616212,0.013532,0.060448,0.019062
51.7,pf,1.938788,-3.834080,-1.617849,0.013721,0.059386,0.016753
51.748000000000005,pf,1.939062,-3.880626,-1.585741,0.013721,0.059386,0.016753
51.782000000000004,pf,1.938651,-3.908500,-1.585284,0.013721,0.059386,0.016753
51.816,pf,1.938310,-3.932296,-1.584867,0.013721,0.059386,0.016753
51.800000000000004,pf,1.936534,-3.929200,-1.617970,0.014459,0.058640,0.019538
51.85,pf,1.934944,-3.963163,-1.617401,0.014459,0.058640,0.019538
51.884,pf,1.936836,-4.001846,-1.629070,0.014459,0.058640,0.019538
51.900000000000006,pf,1.938058,-4.011491,-1.623415,0.014968,0.065688,0.021033
51.918000000000006,pf,1.936270,-4.045444,-1.623378,0.014968,0.065688,0.021033
51.952000000000005,pf,1.934484,-4.079397,-1.623365,0.014968,0.065688,0.021033
51.95,pf,1.936120,-4.074030,-1.620540,0.015015,0.060861,0.019211
51.986000000000004,pf,1.933460,-4.114833,-1.609704,0.015015,0.060861,0.019211
52.02,pf,1.932170,-4.147980,-1.609684,0.015015,0.060861,0.019211
52.0,pf,1.932877,-4.143109,-1.616909,0.014717,0.061690,0.016243
52.054,pf,1.931449,-4.174049,-1.616940,0.014717,0.061690,0.016243
52.088,pf,1.929882,-4.208012,-1.616881,0.014717,0.061690,0.016243
52.1,pf,1.930782,-4.212006,-1.616875,0.014693,0.060923,0.017289
52.122,pf,1.935227,-4.262999,-1.617113,0.014693,0.060923,0.017289
52.150000000000006,pf,1.936374,-4.258162,-1.619137,0.015643,0.078263,0.017380
52.156000000000006,pf,1.934959,-4.287410,-1.619167,0.015643,0.078263,0.017380
52.190000000000005,pf,1.933384,-4.319907,-1.619246,0.015643,0.078263,0.017380
52.224000000000004,pf,1.932048,-4.347388,-1.619526,0.015643,0.078263,0.017380
52.2,pf,1.932071,-4.341068,-1.618061,0.014961,0.071013,0.017145
52.258,pf,1.932169,-4.333811,-1.609877,0.014961,0.071013,0.017145
52.292,pf,1.931043,-4.362427,-1.610518,0.014961,0.071013,0.017145
52.326,pf,1.929906,-4.390087,-1.613123,0.014961,0.071013,0.017145
52.36000000000001,pf,1.928439,-4.424056,-1.614689,0.014961,0.071013,0.017145
52.394000000000005,pf,1.921130,-4.494576,-1.683925,0.014961,0.071013,0.017145
52.428000000000004,pf,1.917290,-4.528358,-1.684078,0.014961,0.071013,0.017145
52.400000000000006,pf,1.923987,-4.498497,-1.622126,0.017424,0.067714,0.018877
52.462,pf,1.922270,-4.532454,-1.620926,0.017424,0.067714,0.018877
52.496,pf,1.920753,-4.567101,-1.623866,0.017424,0.067714,0.018877
52.5,pf,1.921022,-4.569853,-1.624072,0.017374,0.064122,0.018747
52.53,pf,1.919230,-4.603805,-1.623002,0.017374,0.064122,0.018747
52.564,pf,1.917550,-4.636193,-1.622214,0.017374,0.064122,0.018747
52.598000000000006,pf,1.915990,-4.666659,-1.621983,0.017374,0.064122,0.018747
52.6,pf,1.917342,-4.666618,-1.619187,0.017428,0.059951,0.018422
52.632000000000005,pf,1.918017,-4.723031,-1.610160,0.017428,0.059951,0.018422
52.650000000000006,pf,1.919264,-4.719085,-1.616725,0.017180,0.060601,0.018809
52.666000000000004,pf,1.917822,-4.750599,-1.616336,0.017180,0.060601,0.018809
52.7,pf,1.916400,-4.781914,-1.616014,0.017180,0.060601,0.018809
52.7,pf,1.916535,-4.776476,-1.616390,0.017412,0.055566,0.016390
52.734,pf,1.915086,-4.808283,-1.616224,0.017412,0.055566,0.016390
52.768,pf,1.918268,-4.873042,-1.549061,0.017412,0.055566,0.016390
52.75,pf,1.913457,-4.869794,-1.610170,0.017230,0.057815,0.016490
52.80200000000001,pf,1.912481,-4.894623,-1.609974,0.017230,0.057815,0.016490
52.836000000000006,pf,1.911565,-4.918166,-1.609322,0.017230,0.057815,0.016490
52.870000000000005,pf,1.910268,-4.952141,-1.608672,0.017230,0.057815,0.016490
52.904,pf,1.908121,-4.956997,-1.615081,0.017230,0.057815,0.016490
52.900000000000006,pf,1.908644,-4.956138,-1.621533,0.017106,0.061361,0.020618
52.938,pf,1.906923,-4.990095,-1.621222,0.017106,0.061361,0.020618
52.972,pf,1.905210,-5.024052,-1.621080,0.017106,0.061361,0.020618
53.006,pf,1.904352,-5.049707,-1.595620,0.017106,0.061361,0.020618
53.0,pf,1.903657,-5.048848,-1.617167,0.017220,0.059716,0.017846
53.040000000000006,pf,1.902076,-5.082811,-1.617627,0.017220,0.059716,0.017846
53.074000000000005,pf,1.900499,-5.116202,-1.618383,0.017220,0.059716,0.017846
53.108000000000004,pf,1.896402,-5.141996,-1.639606,0.017220,0.059716,0.017846
53.1,pf,1.899389,-5.135723,-1.619574,0.017336,0.057974,0.018840
53.142,pf,1.897883,-5.166598,-1.619471,0.017336,0.057974,0.018840
53.176,pf,1.896319,-5.198616,-1.619722,0.017336,0.057974,0.018840
53.21,pf,1.894704,-5.231486,-1.620044,0.017336,0.057974,0.018840
53.2,pf,1.895211,-5.226595,-1.619395,0.017318,0.056662,0.020097
53.244,pf,1.896587,-5.245771,-1.596893,0.017318,0.056662,0.020097
53.278000000000006,pf,1.895864,-5.273341,-1.597103,0.017318,0.056662,0.020097
53.312000000000005,pf,1.895043,-5.304350,-1.597475,0.017318,0.056662,0.020097
53.300000000000004,pf,1.895213,-5.300615,-1.609806,0.017255,0.058895,0.023330
53.346000000000004,pf,1.894178,-5.326761,-1.610808,0.017255,0.058895,0.023330
53.38,pf,1.891435,-5.342041,-1.676763,0.017255,0.058895,0.023330
53.414,pf,1.887816,-5.375848,-1.678133,0.017255,0.058895,0.023330
53.400000000000006,pf,1.891793,-5.377678,-1.635901,0.017143,0.059252,0.024554
53.448,pf,1.889568,-5.411605,-1.636699,0.017143,0.059252,0.024554
53.482000000000006,pf,1.884171,-5.473866,-1.681881,0.017143,0.059252,0.024554
53.516000000000005,pf,1.880421,-5.507659,-1.680695,0.017143,0.059252,0.024554
53.5,pf,1.885119,-5.500269,-1.635183,0.017518,0.061593,0.025014
53.550000000000004,pf,1.882946,-5.534199,-1.634125,0.017518,0.061593,0.025014
53.584,pf,1.878916,-5.563265,-1.659796,0.017518,0.061593,0.025014
53.618,pf,1.876074,-5.595263,-1.658884,0.017518,0.061593,0.025014
53.6,pf,1.879884,-5.583584,-1.631840,0.017969,0.061456,0.022442
53.652,pf,1.877826,-5.617522,-1.630938,0.017969,0.061456,0.022442
53.686,pf,1.875937,-5.648947,-1.630512,0.017969,0.061456,0.022442
53.720000000000006,pf,1.869508,-5.709400,-1.636179,0.017969,0.061456,0.022442
53.7,pf,1.872367,-5.702114,-1.621193,0.018046,0.063059,0.021308
53.754000000000005,pf,1.870975,-5.729795,-1.620911,0.018046,0.063059,0.021308
53.788000000000004,pf,1.869377,-5.761727,-1.620685,0.018046,0.063059,0.021308
53.822,pf,1.867993,-5.789546,-1.620392,0.018046,0.063059,0.021308
53.800000000000004,pf,1.869843,-5.776081,-1.615624,0.018113,0.060064,0.018370
53.856,pf,1.869141,-5.816058,-1.586575,0.018113,0.060064,0.018370
53.89,pf,1.868741,-5.841590,-1.586394,0.018113,0.060064,0.018370
53.85,pf,1.868669,-5.827065,-1.609523,0.017234,0.058296,0.016673
53.92400000000001,pf,1.867835,-5.848692,-1.609033,0.017234,0.058296,0.016673
53.958000000000006,pf,1.866543,-5.882668,-1.608596,0.017234,0.058296,0.016673
53.95,pf,1.866451,-5.880039,-1.615298,0.017094,0.056235,0.017486
53.992000000000004,pf,1.864544,-5.874360,-1.639795,0.017094,0.056235,0.017486
54.026,pf,1.862201,-5.908279,-1.639660,0.017094,0.056235,0.017486
54.06,pf,1.859858,-5.942198,-1.640202,0.017094,0.056235,0.017486
54.050000000000004,pf,1.861875,-5.946415,-1.623460,0.016929,0.058324,0.020458
54.094,pf,1.861118,-5.960650,-1.637489,0.016929,0.058324,0.020458
54.128,pf,1.858838,-5.994573,-1.638141,0.016929,0.058324,0.020458
54.162000000000006,pf,1.856587,-6.027776,-1.638812,0.016929,0.058324,0.020458
54.150000000000006,pf,1.858669,-6.034186,-1.621007,0.016571,0.056330,0.017809
54.196000000000005,pf,1.857068,-6.065812,-1.621796,0.016571,0.056330,0.017809
54.230000000000004,pf,1.848785,-6.118944,-1.634097,0.016571,0.056330,0.017809
54.2,pf,1.851331,-6.108889,-1.619018,0.016608,0.058086,0.021182
54.264,pf,1.849812,-6.140232,-1.619394,0.016608,0.058086,0.021182
54.298,pf,1.848415,-6.168742,-1.619735,0.016608,0.058086,0.021182
54.300000000000004,pf,1.848473,-6.177808,-1.618285,0.016943,0.053769,0.018253
54.332,pf,1.847045,-6.207874,-1.618448,0.016943,0.053769,0.018253
54.36600000000001,pf,1.849856,-6.192424,-1.594643,0.016943,0.053769,0.018253
54.400000000000006,pf,1.849260,-6.217367,-1.595037,0.016943,0.053769,0.018253
54.434000000000005,pf,1.848641,-6.242465,-1.595991,0.016943,0.053769,0.018253
54.45,pf,1.847440,-6.255823,-1.609962,0.015780,0.051860,0.018691
54.468,pf,1.846435,-6.281168,-1.610957,0.015780,0.051860,0.018691
54.502,pf,1.848602,-6.288118,-1.580124,0.015780,0.051860,0.018691
54.536,pf,1.848265,-6.322116,-1.580982,0.015780,0.051860,0.018691
54.5,pf,1.847320,-6.326767,-1.608967,0.015833,0.054283,0.019545
54.57,pf,1.846018,-6.360742,-1.608481,0.015833,0.054283,0.019545
54.604000000000006,pf,1.845684,-6.360852,-1.594970,0.015833,0.054283,0.019545
54.638000000000005,pf,1.844898,-6.394843,-1.593412,0.015833,0.054283,0.019545
54.672000000000004,pf,1.844154,-6.428835,-1.592211,0.015833,0.054283,0.019545
54.650000000000006,pf,1.841190,-6.437833,-1.621790,0.016649,0.056039,0.017476
54.706,pf,1.839583,-6.469779,-1.620332,0.016649,0.056039,0.017476
54.74,pf,1.839896,-6.555016,-1.586297,0.016649,0.056039,0.017476
54.75,pf,1.837760,-6.556323,-1.618329,0.016506,0.057789,0.020540
54.774,pf,1.836305,-6.587236,-1.617441,0.016506,0.057789,0.020540
54.80800000000001,pf,1.834770,-6.620349,-1.616818,0.016506,0.057789,0.020540
54.800000000000004,pf,1.835150,-6.621443,-1.619387,0.016667,0.054907,0.018249
54.842000000000006,pf,1.833833,-6.648275,-1.619817,0.016667,0.054907,0.018249
54.876000000000005,pf,1.832492,-6.679692,-1.599787,0.016667,0.054907,0.018249
54.910000000000004,pf,1.831596,-6.710654,-1.599784,0.016667,0.054907,0.018249
54.900000000000006,pf,1.830186,-6.709508,-1.616001,0.017015,0.055200,0.018883
54.944,pf,1.829291,-6.729315,-1.615896,0.017015,0.055200,0.018883
54.978,pf,1.828193,-6.753668,-1.615771,0.017015,0.055200,0.018883
55.012,pf,1.823347,-6.809019,-1.628054,0.017015,0.055200,0.018883
55.0,pf,1.823908,-6.807208,-1.625311,0.016779,0.055666,0.020627
55.04600000000001,pf,1.822225,-6.841166,-1.615256,0.016779,0.055666,0.020627
55.080000000000005,pf,1.820823,-6.875137,-1.609934,0.016779,0.055666,0.020627
55.114000000000004,pf,1.817088,-6.902518,-1.621574,0.016779,0.055666,0.020627
55.1,pf,1.819856,-6.891661,-1.596409,0.016975,0.054404,0.019930
55.148,pf,1.818983,-6.925650,-1.596392,0.016975,0.054404,0.019930
55.182,pf,1.818056,-6.959638,-1.599563,0.016975,0.054404,0.019930
55.216,pf,1.821861,-6.998707,-1.539465,0.016975,0.054404,0.019930
55.2,pf,1.819594,-6.993479,-1.579725,0.016337,0.057610,0.020403
55.25,pf,1.819281,-7.027470,-1.580266,0.016337,0.057610,0.020403
55.284000000000006,pf,1.818973,-7.058927,-1.580904,0.016337,0.057610,0.020403
55.318000000000005,pf,1.818658,-7.089394,-1.581350,0.016337,0.057610,0.020403
55.300000000000004,pf,1.818785,-7.084799,-1.585784,0.016964,0.055016,0.019487
55.352000000000004,pf,1.820717,-7.085187,-1.526975,0.016964,0.055016,0.019487
55.35,pf,1.821137,-7.079683,-1.567651,0.020965,0.042302,0.011547
55.386,pf,1.821238,-7.110079,-1.567518,0.020965,0.042302,0.011547
55.42,pf,1.821329,-7.138676,-1.567635,0.020965,0.042302,0.011547
55.400000000000006,pf,1.822305,-7.137098,-1.577195,0.020957,0.042332,0.015070
55.454,pf,1.822131,-7.162796,-1.577819,0.020957,0.042332,0.015070
55.48800000000001,pf,1.817330,-7.205100,-1.662247,0.020957,0.042332,0.015070
55.5,pf,1.821634,-7.201833,-1.600621,0.019372,0.048034,0.018651
55.522000000000006,pf,1.820832,-7.228317,-1.601404,0.019372,0.048034,0.018651
55.556000000000004,pf,1.820156,-7.250102,-1.602305,0.019372,0.048034,0.018651
55.59,pf,1.819470,-7.271587,-1.603214,0.019372,0.048034,0.018651
55.624,pf,1.818737,-7.293848,-1.604141,0.019372,0.048034,0.018651
55.6,pf,1.819889,-7.292105,-1.587534,0.018919,0.048270,0.018711
55.658,pf,1.819389,-7.285808,-1.620164,0.018919,0.048270,0.018711
55.692,pf,1.817710,-7.319767,-1.620253,0.018919,0.048270,0.018711
55.726000000000006,pf,1.816021,-7.353725,-1.620798,0.018919,0.048270,0.018711
55.7,pf,1.817816,-7.358261,-1.589012,0.019009,0.049119,0.018214
55.760000000000005,pf,1.817208,-7.392663,-1.642270,0.019009,0.049119,0.018214
55.794000000000004,pf,1.814772,-7.426576,-1.642804,0.019009,0.049119,0.018214
55.828,pf,1.812325,-7.460391,-1.643228,0.019009,0.049119,0.018214
55.800000000000004,pf,1.817730,-7.454065,-1.588777,0.019003,0.052241,0.019131
55.862,pf,1.817052,-7.473279,-1.597822,0.019003,0.052241,0.019131
55.896,pf,1.816210,-7.504822,-1.596988,0.019003,0.052241,0.019131
55.900000000000006,pf,1.817996,-7.517669,-1.588016,0.018496,0.048998,0.019374
55.93000000000001,pf,1.817414,-7.551664,-1.587923,0.018496,0.048998,0.019374
55.964000000000006,pf,1.816888,-7.582573,-1.587652,0.018496,0.048998,0.019374
55.95,pf,1.817541,-7.586634,-1.585453,0.018700,0.048560,0.020739
55.998000000000005,pf,1.815090,-7.611042,-1.647119,0.018700,0.048560,0.020739
56.032000000000004,pf,1.812726,-7.641982,-1.647411,0.018700,0.048560,0.020739
56.0,pf,1.818119,-7.641280,-1.597472,0.018636,0.055192,0.019333
56.066,pf,1.817425,-7.666183,-1.599146,0.018636,0.055192,0.019333
56.1,pf,1.816898,-7.684893,-1.598514,0.018636,0.055192,0.019333
56.134,pf,1.813431,-7.754437,-1.567234,0.018636,0.055192,0.019333
56.1,pf,1.812458,-7.748500,-1.584621,0.018907,0.058823,0.020739
56.168000000000006,pf,1.812165,-7.769554,-1.584392,0.018907,0.058823,0.020739
56.202000000000005,pf,1.811884,-7.790452,-1.584279,0.018907,0.058823,0.020739
56.236000000000004,pf,1.811605,-7.811280,-1.584102,0.018907,0.058823,0.020739
56.25,pf,1.812534,-7.817838,-1.584172,0.019124,0.055174,0.019631
56.27,pf,1.812263,-7.838197,-1.584002,0.019124,0.055174,0.019631
56.304,pf,1.812161,-7.806816,-1.620937,0.019124,0.055174,0.019631
56.338,pf,1.811418,-7.821635,-1.620872,0.019124,0.055174,0.019631
56.37200000000001,pf,1.810575,-7.838475,-1.620793,0.019124,0.055174,0.019631
56.406000000000006,pf,1.809860,-7.852783,-1.620710,0.019124,0.055174,0.019631
56.440000000000005,pf,1.809252,-7.864947,-1.620640,0.019124,0.055174,0.019631
56.474000000000004,pf,1.808686,-7.876317,-1.620577,0.019124,0.055174,0.019631
56.508,pf,1.808155,-7.886972,-1.620567,0.019124,0.055174,0.019631
56.5,pf,1.810123,-7.910331,-1.597474,0.019944,0.052012,0.024441
56.542,pf,1.809830,-7.921338,-1.597428,0.019944,0.052012,0.024441
56.576,pf,1.805294,-7.942656,-1.580174,0.019944,0.052012,0.024441
56.61000000000001,pf,1.805201,-7.952489,-1.580214,0.019944,0.052012,0.024441
56.644000000000005,pf,1.805124,-7.960708,-1.580134,0.019944,0.052012,0.024441
56.650000000000006,pf,1.804429,-7.973984,-1.587057,0.021128,0.061032,0.022861
56.678000000000004,pf,1.804319,-7.980736,-1.587000,0.021128,0.061032,0.022861
56.712,pf,1.804192,-7.988553,-1.586985,0.021128,0.061032,0.022861
56.746,pf,1.804084,-7.995264,-1.586913,0.021128,0.061032,0.022861
56.78,pf,1.803984,-8.001498,-1.586860,0.021128,0.061032,0.022861
56.814,pf,1.803889,-8.007383,-1.586832,0.021128,0.061032,0.022861
56.848000000000006,pf,1.803794,-8.013348,-1.586814,0.021128,0.061032,0.022861
56.882000000000005,pf,1.803721,-8.017860,-1.586774,0.021128,0.061032,0.022861
56.916000000000004,pf,1.803661,-8.021646,-1.586757,0.021128,0.061032,0.022861
56.95,pf,1.803589,-8.026156,-1.586715,0.021128,0.061032,0.022861
56.900000000000006,pf,1.805204,-8.028342,-1.587338,0.020725,0.057005,0.019064
56.984,pf,1.805136,-8.032414,-1.587327,0.020725,0.057005,0.019064
57.018,pf,1.805076,-8.036099,-1.587319,0.020725,0.057005,0.019064
57.05200000000001,pf,1.805015,-8.039769,-1.587343,0.020725,0.057005,0.019064
57.086000000000006,pf,1.804960,-8.043103,-1.587303,0.020725,0.057005,0.019064
57.120000000000005,pf,1.804911,-8.046074,-1.587315,0.020725,0.057005,0.019064
57.154,pf,1.804864,-8.048911,-1.587314,0.020725,0.057005,0.019064
57.188,pf,1.804818,-8.051710,-1.587311,0.020725,0.057005,0.019064
57.222,pf,1.804776,-8.054213,-1.587306,0.020725,0.057005,0.019064
57.256,pf,1.804741,-8.056370,-1.587311,0.020725,0.057005,0.019064
57.290000000000006,pf,1.805049,-8.092703,-1.555471,0.020725,0.057005,0.019064
57.324000000000005,pf,1.805077,-8.094507,-1.555454,0.020725,0.057005,0.019064
57.300000000000004,pf,1.805527,-8.093250,-1.574991,0.021057,0.055962,0.018855
57.358000000000004,pf,1.805520,-8.094946,-1.575001,0.021057,0.055962,0.018855
57.392,pf,1.805512,-8.096898,-1.574993,0.021057,0.055962,0.018855
57.426,pf,1.805505,-8.098560,-1.575002,0.021057,0.055962,0.018855
57.46,pf,1.805499,-8.099937,-1.575004,0.021057,0.055962,0.018855
57.49400000000001,pf,1.805494,-8.101265,-1.575011,0.021057,0.055962,0.018855
57.528000000000006,pf,1.805488,-8.102689,-1.575008,0.021057,0.055962,0.018855
57.562000000000005,pf,1.805482,-8.103905,-1.575016,0.021057,0.055962,0.018855
57.596000000000004,pf,1.805478,-8.104935,-1.575019,0.021057,0.055962,0.018855
57.63,pf,1.805473,-8.106055,-1.575018,0.021057,0.055962,0.018855
57.664,pf,1.805469,-8.107067,-1.575021,0.021057,0.055962,0.018855
57.698,pf,1.805466,-8.107916,-1.575024,0.021057,0.055962,0.018855
57.732000000000006,pf,1.805461,-8.108875,-1.575023,0.021057,0.055962,0.018855
57.766000000000005,pf,1.805458,-8.109683,-1.575026,0.021057,0.055962,0.018855
57.800000000000004,pf,1.805455,-8.110404,-1.575027,0.021057,0.055962,0.018855
57.834,pf,1.805452,-8.111176,-1.575025,0.021057,0.055962,0.018855
57.868,pf,1.805449,-8.111830,-1.575026,0.021057,0.055962,0.018855
57.902,pf,1.805447,-8.112358,-1.575026,0.021057,0.055962,0.018855
57.93600000000001,pf,1.805444,-8.112926,-1.575026,0.021057,0.055962,0.018855
57.970000000000006,pf,1.805442,-8.113499,-1.575024,0.021057,0.055962,0.018855
58.004000000000005,pf,1.805440,-8.113943,-1.575025,0.021057,0.055962,0.018855
58.038000000000004,pf,1.805438,-8.114410,-1.575023,0.021057,0.055962,0.018855
58.072,pf,1.805436,-8.114875,-1.575021,0.021057,0.055962,0.018855
58.106,pf,1.805435,-8.115238,-1.575021,0.021057,0.055962,0.018855
58.14,pf,1.805433,-8.115592,-1.575019,0.021057,0.055962,0.018855
58.17400000000001,pf,1.805432,-8.115934,-1.575017,0.021057,0.055962,0.018855
58.208000000000006,pf,1.805430,-8.116252,-1.575016,0.021057,0.055962,0.018855
58.242000000000004,pf,1.805429,-8.116513,-1.575014,0.021057,0.055962,0.018855
58.276,pf,1.805428,-8.116790,-1.575013,0.021057,0.055962,0.018855
58.31,pf,1.805427,-8.117077,-1.575010,0.021057,0.055962,0.018855
58.344,pf,1.805426,-8.117306,-1.575009,0.021057,0.055962,0.018855
58.378,pf,1.805425,-8.117519,-1.575007,0.021057,0.055962,0.018855
58.412000000000006,pf,1.805424,-8.117750,-1.575005,0.021057,0.055962,0.018855
58.446000000000005,pf,1.805423,-8.117945,-1.575003,0.021057,0.055962,0.018855
58.480000000000004,pf,1.805422,-8.118118,-1.575001,0.021057,0.055962,0.018855
58.514,pf,1.805422,-8.118287,-1.574999,0.021057,0.055962,0.018855
58.548,pf,1.805421,-8.118456,-1.574996,0.021057,0.055962,0.018855
58.582,pf,1.805420,-8.118586,-1.574995,0.021057,0.055962,0.018855
58.61600000000001,pf,1.805420,-8.118728,-1.574993,0.021057,0.055962,0.018855
58.650000000000006,pf,1.805419,-8.118869,-1.574990,0.021057,0.055962,0.018855
58.684000000000005,pf,1.805419,-8.118988,-1.574988,0.021057,0.055962,0.018855
58.718,pf,1.805418,-8.119092,-1.574986,0.021057,0.055962,0.018855
58.752,pf,1.805418,-8.119210,-1.574983,0.021057,0.055962,0.018855
58.786,pf,1.805417,-8.119304,-1.574981,0.021057,0.055962,0.018855
58.82,pf,1.805417,-8.119385,-1.574979,0.021057,0.055962,0.018855
58.854000000000006,pf,1.805417,-8.119466,-1.574977,0.021057,0.055962,0.018855
58.888000000000005,pf,1.805416,-8.119549,-1.574974,0.021057,0.055962,0.018855
58.922000000000004,pf,1.805416,-8.119624,-1.574972,0.021057,0.055962,0.018855
58.956,pf,1.805416,-8.119690,-1.574970,0.021057,0.055962,0.018855
