t,estimator,x,y,yaw,std_x,std_y,std_yaw
0.02,ground_truth,0.000000,-0.000000,-0.000000,0.000000,0.000000,0.000000
0.04,ground_truth,0.000000,-0.000000,-0.000000,0.000000,0.000000,0.000000
0.060000000000000005,ground_truth,0.000000,-0.000000,-0.000000,0.000000,0.000000,0.000000
0.08,ground_truth,0.000000,-0.000000,-0.000000,0.000000,0.000000,0.000000
0.1,ground_truth,0.000000,-0.000000,-0.000000,0.000000,0.000000,0.000000
0.12000000000000001,ground_truth,0.000000,-0.000000,-0.000000,0.000000,0.000000,0.000000
0.14,ground_truth,0.000000,-0.000000,-0.000000,0.000000,0.000000,0.000000
0.16,ground_truth,0.000000,-0.000000,-0.000000,0.000000,0.000000,0.000000
0.18000000000000002,ground_truth,0.000000,-0.000000,-0.000000,0.000000,0.000000,0.000000
0.2,ground_truth,0.000000,-0.000000,-0.000000,0.000000,0.000000,0.000000
0.22,ground_truth,0.000000,-0.000000,-0.000000,0.000000,0.000000,0.000000
0.24000000000000002,ground_truth,0.000000,-0.000000,-0.000000,0.000000,0.000000,0.000000
0.26,ground_truth,0.000000,-0.000000,-0.000000,0.000000,0.000000,0.000000
0.28,ground_truth,0.000000,-0.000000,-0.000000,0.000000,0.000000,0.000000
0.30000000000000004,ground_truth,0.000000,-0.000000,-0.000000,0.000000,0.000000,0.000000
0.32,ground_truth,0.000000,-0.000000,-0.000000,0.000000,0.000000,0.000000
0.34,ground_truth,0.000000,-0.000000,-0.000000,0.000000,0.000000,0.000000
0.36000000000000004,ground_truth,0.000000,-0.000000,-0.000000,0.000000,0.000000,0.000000
0.38,ground_truth,0.000000,-0.000000,-0.000000,0.000000,0.000000,0.000000
0.4,ground_truth,0.000000,-0.000000,-0.000000,0.000000,0.000000,0.000000
0.42000000000000004,ground_truth,0.000000,-0.000000,-0.000000,0.000000,0.000000,0.000000
0.44,ground_truth,0.000000,-0.000000,-0.000000,0.000000,0.000000,0.000000
0.46,ground_truth,0.000000,-0.000000,-0.000000,0.000000,0.000000,0.000000
0.48000000000000004,ground_truth,0.000000,-0.000000,-0.000000,0.000000,0.000000,0.000000
0.5,ground_truth,0.000000,-0.000000,-0.000000,0.000000,0.000000,0.000000
0.52,ground_truth,0.000000,-0.000000,-0.000000,0.000000,0.000000,0.000000
0.54,ground_truth,0.000000,-0.000000,-0.000000,0.000000,0.000000,0.000000
0.56,ground_truth,0.000000,-0.000000,-0.000000,0.000000,0.000000,0.000000
0.5800000000000001,ground_truth,0.000000,-0.000000,-0.000000,0.000000,0.000000,0.000000
0.6000000000000001,ground_truth,0.000000,-0.000000,-0.000000,0.000000,0.000000,0.000000
0.62,ground_truth,0.000000,-0.000000,-0.000000,0.000000,0.000000,0.000000
0.64,ground_truth,0.000000,-0.000000,-0.000000,0.000000,0.000000,0.000000
0.66,ground_truth,0.000000,-0.000000,-0.000000,0.000000,0.000000,0.000000
0.68,ground_truth,0.000000,-0.000000,-0.000000,0.000000,0.000000,0.000000
0.7000000000000001,ground_truth,0.000000,-0.000000,-0.000000,0.000000,0.000000,0.000000
0.7200000000000001,ground_truth,0.000000,-0.000000,-0.000000,0.000000,0.000000,0.000000
0.74,ground_truth,0.000000,-0.000000,-0.000000,0.000000,0.000000,0.000000
0.76,ground_truth,0.000000,-0.000000,-0.000000,0.000000,0.000000,0.000000
0.78,ground_truth,0.000000,-0.000000,-0.000000,0.000000,0.000000,0.000000
0.8,ground_truth,0.000000,-0.000000,-0.000000,0.000000,0.000000,0.000000
0.8200000000000001,ground_truth,0.000000,-0.000000,-0.000000,0.000000,0.000000,0.000000
0.8400000000000001,ground_truth,0.000000,-0.000000,-0.000000,0.000000,0.000000,0.000000
0.8600000000000001,ground_truth,0.000000,-0.000000,-0.000000,0.000000,0.000000,0.000000
0.88,ground_truth,0.000000,-0.000000,-0.000000,0.000000,0.000000,0.000000
0.9,ground_truth,0.000000,-0.000000,-0.000000,0.000000,0.000000,0.000000
0.92,ground_truth,0.000000,-0.000000,-0.000000,0.000000,0.000000,0.000000
0.9400000000000001,ground_truth,0.000000,-0.000000,-0.000000,0.000000,0.000000,0.000000
0.9600000000000001,ground_truth,0.000000,-0.000000,-0.000000,0.000000,0.000000,0.000000
0.9800000000000001,ground_truth,0.000000,-0.000000,-0.000000,0.000000,0.000000,0.000000
1.0,ground_truth,0.000000,-0.000000,-0.000000,0.000000,0.000000,0.000000
1.02,ground_truth,0.000000,-0.000000,-0.000000,0.000000,0.000000,0.000000
1.04,ground_truth,0.000000,-0.000000,-0.000000,0.000000,0.000000,0.000000
1.06,ground_truth,0.000000,-0.000000,-0.000000,0.000000,0.000000,0.000000
1.08,ground_truth,0.000000,-0.000000,-0.000000,0.000000,0.000000,0.000000
1.1,ground_truth,0.000000,-0.000000,-0.000000,0.000000,0.000000,0.000000
1.12,ground_truth,0.000000,-0.000000,-0.000000,0.000000,0.000000,0.000000
1.1400000000000001,ground_truth,0.000000,-0.000000,-0.000000,0.000000,0.000000,0.000000
1.1600000000000001,ground_truth,0.000000,-0.000000,-0.000000,0.000000,0.000000,0.000000
1.1800000000000002,ground_truth,0.000000,-0.000000,-0.000000,0.000000,0.000000,0.000000
1.2000000000000002,ground_truth,0.000000,-0.000000,-0.000000,0.000000,0.000000,0.000000
1.22,ground_truth,0.000000,-0.000000,-0.000000,0.000000,0.000000,0.000000
1.24,ground_truth,0.000000,-0.000000,-0.000000,0.000000,0.000000,0.000000
1.26,ground_truth,0.000000,-0.000000,-0.000000,0.000000,0.000000,0.000000
1.28,ground_truth,0.000000,-0.000000,-0.000000,0.000000,0.000000,0.000000
1.3,ground_truth,0.000000,-0.000000,-0.000000,0.000000,0.000000,0.000000
1.32,ground_truth,0.000000,-0.000000,-0.000000,0.000000,0.000000,0.000000
1.34,ground_truth,0.000000,-0.000000,-0.000000,0.000000,0.000000,0.000000
1.36,ground_truth,0.000000,-0.000000,-0.000000,0.000000,0.000000,0.000000
1.3800000000000001,ground_truth,0.000000,-0.000000,-0.000000,0.000000,0.000000,0.000000
1.4000000000000001,ground_truth,0.000000,-0.000000,-0.000000,0.000000,0.000000,0.000000
1.4200000000000002,ground_truth,0.000000,-0.000000,-0.000000,0.000000,0.000000,0.000000
1.4400000000000002,ground_truth,0.000000,-0.000000,-0.000000,0.000000,0.000000,0.000000
1.4600000000000002,ground_truth,0.000000,-0.000000,-0.000000,0.000000,0.000000,0.000000
1.48,ground_truth,0.000000,-0.000000,-0.000000,0.000000,0.000000,0.000000
1.5,ground_truth,0.000000,-0.000000,-0.000000,0.000000,0.000000,0.000000
1.52,ground_truth,0.000000,-0.000000,-0.000000,0.000000,0.000000,0.000000
1.54,ground_truth,0.000000,-0.000000,-0.000000,0.000000,0.000000,0.000000
1.56,ground_truth,0.000000,-0.000000,-0.000000,0.000000,0.000000,0.000000
1.58,ground_truth,0.000000,-0.000000,-0.000000,0.000000,0.000000,0.000000
1.6,ground_truth,0.000000,-0.000000,-0.000000,0.000000,0.000000,0.000000
1.62,ground_truth,0.000000,-0.000000,-0.000000,0.000000,0.000000,0.000000
1.6400000000000001,ground_truth,0.000000,-0.000000,-0.000000,0.000000,0.000000,0.000000
1.6600000000000001,ground_truth,0.000000,-0.000000,-0.000000,0.000000,0.000000,0.000000
1.6800000000000002,ground_truth,0.000000,-0.000000,-0.000000,0.000000,0.000000,0.000000
1.7000000000000002,ground_truth,0.000000,-0.000000,-0.000000,0.000000,0.000000,0.000000
1.7200000000000002,ground_truth,0.000000,-0.000000,-0.000000,0.000000,0.000000,0.000000
1.7400000000000002,ground_truth,0.000000,-0.000000,-0.000000,0.000000,0.000000,0.000000
1.76,ground_truth,0.000000,-0.000000,-0.000000,0.000000,0.000000,0.000000
1.78,ground_truth,0.000000,-0.000000,-0.000000,0.000000,0.000000,0.000000
1.8,ground_truth,0.000000,-0.000000,-0.000000,0.000000,0.000000,0.000000
1.82,ground_truth,0.000000,-0.000000,-0.000000,0.000000,0.000000,0.000000
1.84,ground_truth,0.000000,-0.000000,-0.000000,0.000000,0.000000,0.000000
1.86,ground_truth,0.000000,-0.000000,-0.000000,0.000000,0.000000,0.000000
1.8800000000000001,ground_truth,0.000000,-0.000000,-0.000000,0.000000,0.000000,0.000000
1.9000000000000001,ground_truth,0.000000,-0.000000,-0.000000,0.000000,0.000000,0.000000
1.9200000000000002,ground_truth,0.000000,-0.000000,-0.000000,0.000000,0.000000,0.000000
1.9400000000000002,ground_truth,0.000000,-0.000000,-0.000000,0.000000,0.000000,0.000000
1.9600000000000002,ground_truth,0.000000,-0.000000,-0.000000,0.000000,0.000000,0.000000
1.9800000000000002,ground_truth,0.000000,-0.000000,-0.000000,0.000000,0.000000,0.000000
2.0,ground_truth,0.000000,-0.000000,-0.000000,0.000000,0.000000,0.000000
2.02,ground_truth,0.000000,-0.000000,-0.000000,0.000000,0.000000,0.000000
2.04,ground_truth,0.000000,-0.000000,-0.000000,0.000000,0.000000,0.000000
2.06,ground_truth,0.000000,-0.000000,-0.000000,0.000000,0.000000,0.000000
2.08,ground_truth,0.000000,-0.000000,-0.000000,0.000000,0.000000,0.000000
2.1,ground_truth,0.000000,-0.000000,-0.000000,0.000000,0.000000,0.000000
2.12,ground_truth,0.000000,-0.000000,-0.000000,0.000000,0.000000,0.000000
2.14,ground_truth,0.000000,-0.000000,-0.000000,0.000000,0.000000,0.000000
2.16,ground_truth,0.000000,-0.000000,-0.000000,0.000000,0.000000,0.000000
2.18,ground_truth,0.000000,-0.000000,-0.000000,0.000000,0.000000,0.000000
2.2,ground_truth,0.000000,-0.000000,-0.000000,0.000000,0.000000,0.000000
2.22,ground_truth,0.000000,-0.000000,-0.000000,0.000000,0.000000,0.000000
2.24,ground_truth,0.000000,-0.000000,-0.000000,0.000000,0.000000,0.000000
2.2600000000000002,ground_truth,0.000000,-0.000000,-0.000000,0.000000,0.000000,0.000000
2.2800000000000002,ground_truth,0.000000,-0.000000,-0.000000,0.000000,0.000000,0.000000
2.3000000000000003,ground_truth,0.000000,-0.000000,-0.000000,0.000000,0.000000,0.000000
2.3200000000000003,ground_truth,0.000000,-0.000000,-0.000000,0.000000,0.000000,0.000000
2.3400000000000003,ground_truth,0.000000,-0.000000,-0.000000,0.000000,0.000000,0.000000
2.3600000000000003,ground_truth,0.000000,-0.000000,-0.000000,0.000000,0.000000,0.000000
2.3800000000000003,ground_truth,0.000000,-0.000000,-0.000000,0.000000,0.000000,0.000000
2.4000000000000004,ground_truth,0.000000,-0.000000,-0.000000,0.000000,0.000000,0.000000
2.42,ground_truth,0.000000,-0.000000,-0.000000,0.000000,0.000000,0.000000
2.44,ground_truth,0.000000,-0.000000,-0.000000,0.000000,0.000000,0.000000
2.46,ground_truth,0.000000,-0.000000,-0.000000,0.000000,0.000000,0.000000
2.48,ground_truth,0.000000,-0.000000,-0.000000,0.000000,0.000000,0.000000
2.5,ground_truth,0.000000,-0.000000,-0.000000,0.000000,0.000000,0.000000
2.52,ground_truth,0.000000,-0.000000,-0.000000,0.000000,0.000000,0.000000
2.54,ground_truth,0.000000,-0.000000,-0.000000,0.000000,0.000000,0.000000
2.56,ground_truth,0.000000,-0.000000,-0.000000,0.000000,0.000000,0.000000
2.58,ground_truth,0.000000,-0.000000,-0.000000,0.000000,0.000000,0.000000
2.6,ground_truth,0.000000,-0.000000,-0.000000,0.000000,0.000000,0.000000
2.62,ground_truth,0.000000,-0.000000,-0.000000,0.000000,0.000000,0.000000
2.64,ground_truth,0.000000,-0.000000,-0.000000,0.000000,0.000000,0.000000
2.66,ground_truth,0.000000,-0.000000,-0.000000,0.000000,0.000000,0.000000
2.68,ground_truth,0.000000,-0.000000,-0.000000,0.000000,0.000000,0.000000
2.7,ground_truth,0.000000,-0.000000,-0.000000,0.000000,0.000000,0.000000
2.72,ground_truth,0.000000,-0.000000,-0.000000,0.000000,0.000000,0.000000
2.74,ground_truth,0.000000,-0.000000,-0.000000,0.000000,0.000000,0.000000
2.7600000000000002,ground_truth,0.000000,-0.000000,-0.000000,0.000000,0.000000,0.000000
2.7800000000000002,ground_truth,0.000000,-0.000000,-0.000000,0.000000,0.000000,0.000000
2.8000000000000003,ground_truth,0.000000,-0.000000,-0.000000,0.000000,0.000000,0.000000
2.8200000000000003,ground_truth,0.000000,-0.000000,-0.000000,0.000000,0.000000,0.000000
2.8400000000000003,ground_truth,0.000000,-0.000000,-0.000000,0.000000,0.000000,0.000000
2.8600000000000003,ground_truth,0.000000,-0.000000,-0.000000,0.000000,0.000000,0.000000
2.8800000000000003,ground_truth,0.000000,-0.000000,-0.000000,0.000000,0.000000,0.000000
2.9000000000000004,ground_truth,0.000000,-0.000000,-0.000000,0.000000,0.000000,0.000000
2.9200000000000004,ground_truth,0.000000,-0.000000,-0.000000,0.000000,0.000000,0.000000
2.9400000000000004,ground_truth,0.000000,-0.000000,-0.000000,0.000000,0.000000,0.000000
2.96,ground_truth,0.000000,-0.000000,-0.000000,0.000000,0.000000,0.000000
2.98,ground_truth,0.000000,-0.000000,-0.000000,0.000000,0.000000,0.000000
3.0,ground_truth,0.000000,-0.000000,-0.000000,0.000000,0.000000,0.000000
3.02,ground_truth,0.000000,-0.000000,-0.000000,0.000000,0.000000,0.000000
3.04,ground_truth,0.000000,-0.000000,-0.000000,0.000000,0.000000,0.000000
3.06,ground_truth,0.000000,-0.000000,-0.000000,0.000000,0.000000,0.000000
3.08,ground_truth,0.000000,-0.000000,-0.000000,0.000000,0.000000,0.000000
3.1,ground_truth,0.000000,-0.000000,-0.000000,0.000000,0.000000,0.000000
3.12,ground_truth,0.000000,-0.000000,-0.000000,0.000000,0.000000,0.000000
3.14,ground_truth,0.000000,-0.000000,-0.000000,0.000000,0.000000,0.000000
3.16,ground_truth,0.000000,-0.000000,-0.000000,0.000000,0.000000,0.000000
3.18,ground_truth,0.000000,-0.000000,-0.000000,0.000000,0.000000,0.000000
3.2,ground_truth,0.000000,-0.000000,-0.000000,0.000000,0.000000,0.000000
3.22,ground_truth,0.000000,-0.000000,-0.000000,0.000000,0.000000,0.000000
3.24,ground_truth,0.000000,-0.000000,-0.000000,0.000000,0.000000,0.000000
3.2600000000000002,ground_truth,0.000000,-0.000000,-0.000000,0.000000,0.000000,0.000000
3.2800000000000002,ground_truth,0.000000,-0.000000,-0.000000,0.000000,0.000000,0.000000
3.3000000000000003,ground_truth,0.000000,-0.000000,-0.000000,0.000000,0.000000,0.000000
3.3200000000000003,ground_truth,0.000000,-0.000000,-0.000000,0.000000,0.000000,0.000000
3.3400000000000003,ground_truth,0.000000,-0.000000,-0.000000,0.000000,0.000000,0.000000
3.3600000000000003,ground_truth,0.000000,-0.000000,-0.000000,0.000000,0.000000,0.000000
3.3800000000000003,ground_truth,0.000000,-0.000000,-0.000000,0.000000,0.000000,0.000000
3.4000000000000004,ground_truth,0.000000,-0.000000,-0.000000,0.000000,0.000000,0.000000
3.4200000000000004,ground_truth,0.000000,-0.000000,-0.000000,0.000000,0.000000,0.000000
3.4400000000000004,ground_truth,0.000000,-0.000000,-0.000000,0.000000,0.000000,0.000000
3.4600000000000004,ground_truth,0.000000,-0.000000,-0.000000,0.000000,0.000000,0.000000
3.4800000000000004,ground_truth,0.000000,-0.000000,-0.000000,0.000000,0.000000,0.000000
3.5,ground_truth,0.000000,-0.000000,-0.000000,0.000000,0.000000,0.000000
3.52,ground_truth,0.000000,-0.000000,-0.000000,0.000000,0.000000,0.000000
3.54,ground_truth,0.000000,-0.000000,-0.000000,0.000000,0.000000,0.000000
3.56,ground_truth,0.000000,-0.000000,-0.000000,0.000000,0.000000,0.000000
3.58,ground_truth,0.000000,-0.000000,-0.000000,0.000000,0.000000,0.000000
3.6,ground_truth,0.000000,-0.000000,-0.000000,0.000000,0.000000,0.000000
3.62,ground_truth,0.000000,-0.000000,-0.000000,0.000000,0.000000,0.000000
3.64,ground_truth,0.000000,-0.000000,-0.000000,0.000000,0.000000,0.000000
3.66,ground_truth,0.000000,-0.000000,-0.000000,0.000000,0.000000,0.000000
3.68,ground_truth,0.000000,-0.000000,-0.000000,0.000000,0.000000,0.000000
3.7,ground_truth,0.000000,-0.000000,-0.000000,0.000000,0.000000,0.000000
3.72,ground_truth,0.000000,-0.000000,-0.000000,0.000000,0.000000,0.000000
3.74,ground_truth,0.000000,-0.000000,-0.000000,0.000000,0.000000,0.000000
3.7600000000000002,ground_truth,0.000000,-0.000000,-0.000000,0.000000,0.000000,0.000000
3.7800000000000002,ground_truth,0.000000,-0.000000,-0.000000,0.000000,0.000000,0.000000
3.8000000000000003,ground_truth,0.000000,-0.000000,-0.000000,0.000000,0.000000,0.000000
3.8200000000000003,ground_truth,0.000000,-0.000000,-0.000000,0.000000,0.000000,0.000000
3.8400000000000003,ground_truth,0.000000,-0.000000,-0.000000,0.000000,0.000000,0.000000
3.8600000000000003,ground_truth,0.000000,-0.000000,-0.000000,0.000000,0.000000,0.000000
3.8800000000000003,ground_truth,0.000000,-0.000000,-0.000000,0.000000,0.000000,0.000000
3.9000000000000004,ground_truth,0.000000,-0.000000,-0.000000,0.000000,0.000000,0.000000
3.9200000000000004,ground_truth,0.000000,-0.000000,-0.000000,0.000000,0.000000,0.000000
3.9400000000000004,ground_truth,0.000000,-0.000000,-0.000000,0.000000,0.000000,0.000000
3.9600000000000004,ground_truth,0.000000,-0.000000,-0.000000,0.000000,0.000000,0.000000
3.9800000000000004,ground_truth,0.000000,-0.000000,-0.000000,0.000000,0.000000,0.000000
4.0,ground_truth,0.000000,-0.000000,-0.000000,0.000000,0.000000,0.000000
4.0200000000000005,ground_truth,0.000000,-0.000000,-0.000000,0.000000,0.000000,0.000000
4.04,ground_truth,0.000000,-0.000000,-0.000000,0.000000,0.000000,0.000000
4.0600000000000005,ground_truth,0.000000,-0.000000,-0.000000,0.000000,0.000000,0.000000
4.08,ground_truth,0.000000,-0.000000,-0.000000,0.000000,0.000000,0.000000
4.1000000000000005,ground_truth,0.000000,-0.000000,-0.000000,0.000000,0.000000,0.000000
4.12,ground_truth,0.000000,-0.000000,-0.000000,0.000000,0.000000,0.000000
4.140000000000001,ground_truth,0.000000,-0.000000,-0.000000,0.000000,0.000000,0.000000
4.16,ground_truth,0.000000,-0.000000,-0.000000,0.000000,0.000000,0.000000
4.180000000000001,ground_truth,0.000000,-0.000000,-0.000000,0.000000,0.000000,0.000000
4.2,ground_truth,0.000000,-0.000000,-0.000000,0.000000,0.000000,0.000000
4.220000000000001,ground_truth,0.000000,-0.000000,-0.000000,0.000000,0.000000,0.000000
4.24,ground_truth,0.000000,-0.000000,-0.000000,0.000000,0.000000,0.000000
4.260000000000001,ground_truth,0.000000,-0.000000,-0.000000,0.000000,0.000000,0.000000
4.28,ground_truth,0.000000,-0.000000,-0.000000,0.000000,0.000000,0.000000
4.300000000000001,ground_truth,0.000000,-0.000000,-0.000000,0.000000,0.000000,0.000000
4.32,ground_truth,0.000000,-0.000000,-0.000000,0.000000,0.000000,0.000000
4.34,ground_truth,0.000000,-0.000000,-0.000000,0.000000,0.000000,0.000000
4.36,ground_truth,0.000000,-0.000000,-0.000000,0.000000,0.000000,0.000000
4.38,ground_truth,0.000000,-0.000000,-0.000000,0.000000,0.000000,0.000000
4.4,ground_truth,0.000000,-0.000000,-0.000000,0.000000,0.000000,0.000000
4.42,ground_truth,0.000000,-0.000000,-0.000000,0.000000,0.000000,0.000000
4.44,ground_truth,0.000000,-0.000000,-0.000000,0.000000,0.000000,0.000000
4.46,ground_truth,0.000000,-0.000000,-0.000000,0.000000,0.000000,0.000000
4.48,ground_truth,0.000000,-0.000000,-0.000000,0.000000,0.000000,0.000000
4.5,ground_truth,0.000000,-0.000000,-0.000000,0.000000,0.000000,0.000000
4.5200000000000005,ground_truth,0.000000,-0.000000,-0.000000,0.000000,0.000000,0.000000
4.54,ground_truth,0.000000,-0.000000,-0.000000,0.000000,0.000000,0.000000
4.5600000000000005,ground_truth,0.000000,-0.000000,-0.000000,0.000000,0.000000,0.000000
4.58,ground_truth,0.000000,-0.000000,-0.000000,0.000000,0.000000,0.000000
4.6000000000000005,ground_truth,0.000000,-0.000000,-0.000000,0.000000,0.000000,0.000000
4.62,ground_truth,0.000000,-0.000000,-0.000000,0.000000,0.000000,0.000000
4.640000000000001,ground_truth,0.000000,-0.000000,-0.000000,0.000000,0.000000,0.000000
4.66,ground_truth,0.000000,-0.000000,-0.000000,0.000000,0.000000,0.000000
4.680000000000001,ground_truth,0.000000,-0.000000,-0.000000,0.000000,0.000000,0.000000
4.7,ground_truth,0.000000,-0.000000,-0.000000,0.000000,0.000000,0.000000
4.720000000000001,ground_truth,0.000000,-0.000000,-0.000000,0.000000,0.000000,0.000000
4.74,ground_truth,0.000000,-0.000000,-0.000000,0.000000,0.000000,0.000000
4.760000000000001,ground_truth,0.000000,-0.000000,-0.000000,0.000000,0.000000,0.000000
4.78,ground_truth,0.000000,-0.000000,-0.000000,0.000000,0.000000,0.000000
4.800000000000001,ground_truth,0.000000,-0.000000,-0.000000,0.000000,0.000000,0.000000
4.82,ground_truth,0.000000,-0.000000,-0.000000,0.000000,0.000000,0.000000
4.84,ground_truth,0.000000,-0.000000,-0.000000,0.000000,0.000000,0.000000
4.86,ground_truth,0.000000,-0.000000,-0.000000,0.000000,0.000000,0.000000
4.88,ground_truth,0.000000,-0.000000,-0.000000,0.000000,0.000000,0.000000
4.9,ground_truth,0.000000,-0.000000,-0.000000,0.000000,0.000000,0.000000
4.92,ground_truth,0.000000,-0.000000,-0.000000,0.000000,0.000000,0.000000
4.94,ground_truth,0.000000,-0.000000,-0.000000,0.000000,0.000000,0.000000
4.96,ground_truth,0.000000,-0.000000,-0.000000,0.000000,0.000000,0.000000
4.98,ground_truth,0.000000,-0.000000,-0.000000,0.000000,0.000000,0.000000
5.0,ground_truth,0.000000,-0.000000,-0.000000,0.000000,0.000000,0.000000
5.0200000000000005,ground_truth,0.000000,-0.000000,-0.000000,0.000000,0.000000,0.000000
5.04,ground_truth,0.000000,-0.000000,-0.000000,0.000000,0.000000,0.000000
5.0600000000000005,ground_truth,0.000000,-0.000000,-0.000000,0.000000,0.000000,0.000000
5.08,ground_truth,0.000000,-0.000000,-0.000000,0.000000,0.000000,0.000000
5.1000000000000005,ground_truth,0.000000,-0.000000,-0.000000,0.000000,0.000000,0.000000
5.12,ground_truth,0.000000,-0.000000,-0.000000,0.000000,0.000000,0.000000
5.140000000000001,ground_truth,0.000000,-0.000000,-0.000000,0.000000,0.000000,0.000000
5.16,ground_truth,0.000000,-0.000000,-0.000000,0.000000,0.000000,0.000000
5.180000000000001,ground_truth,0.000000,-0.000000,-0.000000,0.000000,0.000000,0.000000
5.2,ground_truth,0.000000,-0.000000,-0.000000,0.000000,0.000000,0.000000
5.220000000000001,ground_truth,0.000000,-0.000000,-0.000000,0.000000,0.000000,0.000000
5.24,ground_truth,0.000000,-0.000000,-0.000000,0.000000,0.000000,0.000000
5.260000000000001,ground_truth,0.000000,-0.000000,-0.000000,0.000000,0.000000,0.000000
5.28,ground_truth,0.000000,-0.000000,-0.000000,0.000000,0.000000,0.000000
5.300000000000001,ground_truth,0.000000,-0.000000,-0.000000,0.000000,0.000000,0.000000
5.32,ground_truth,0.000000,-0.000000,-0.000000,0.000000,0.000000,0.000000
5.340000000000001,ground_truth,0.000000,-0.000000,-0.000000,0.000000,0.000000,0.000000
5.36,ground_truth,0.000000,-0.000000,-0.000000,0.000000,0.000000,0.000000
5.38,ground_truth,0.000000,-0.000000,-0.000000,0.000000,0.000000,0.000000
5.4,ground_truth,0.000000,-0.000000,-0.000000,0.000000,0.000000,0.000000
5.42,ground_truth,0.000000,-0.000000,-0.000000,0.000000,0.000000,0.000000
5.44,ground_truth,0.000000,-0.000000,-0.000000,0.000000,0.000000,0.000000
5.46,ground_truth,0.000000,-0.000000,-0.000000,0.000000,0.000000,0.000000
5.48,ground_truth,0.000000,-0.000000,-0.000000,0.000000,0.000000,0.000000
5.5,ground_truth,0.000000,-0.000000,-0.000000,0.000000,0.000000,0.000000
5.5200000000000005,ground_truth,0.000000,-0.000000,-0.000000,0.000000,0.000000,0.000000
5.54,ground_truth,0.000000,-0.000000,-0.000000,0.000000,0.000000,0.000000
5.5600000000000005,ground_truth,0.000000,-0.000000,-0.000000,0.000000,0.000000,0.000000
5.58,ground_truth,0.000000,-0.000000,-0.000000,0.000000,0.000000,0.000000
5.6000000000000005,ground_truth,0.000000,-0.000000,-0.000000,0.000000,0.000000,0.000000
5.62,ground_truth,0.000000,-0.000000,-0.000000,0.000000,0.000000,0.000000
5.640000000000001,ground_truth,0.000000,-0.000000,-0.000000,0.000000,0.000000,0.000000
5.66,ground_truth,0.000000,-0.000000,-0.000000,0.000000,0.000000,0.000000
5.680000000000001,ground_truth,0.000000,-0.000000,-0.000000,0.000000,0.000000,0.000000
5.7,ground_truth,0.000000,-0.000000,-0.000000,0.000000,0.000000,0.000000
5.720000000000001,ground_truth,0.000000,-0.000000,-0.000000,0.000000,0.000000,0.000000
5.74,ground_truth,0.000000,-0.000000,-0.000000,0.000000,0.000000,0.000000
5.760000000000001,ground_truth,0.000000,-0.000000,-0.000000,0.000000,0.000000,0.000000
5.78,ground_truth,0.000000,-0.000000,-0.000000,0.000000,0.000000,0.000000
5.800000000000001,ground_truth,0.000000,-0.000000,-0.000000,0.000000,0.000000,0.000000
5.82,ground_truth,0.000000,-0.000000,-0.000000,0.000000,0.000000,0.000000
5.840000000000001,ground_truth,0.000000,-0.000000,-0.000000,0.000000,0.000000,0.000000
5.86,ground_truth,0.000000,-0.000000,-0.000000,0.000000,0.000000,0.000000
5.880000000000001,ground_truth,0.000000,-0.000000,-0.000000,0.000000,0.000000,0.000000
5.9,ground_truth,0.000000,-0.000000,-0.000000,0.000000,0.000000,0.000000
5.92,ground_truth,0.000000,-0.000000,-0.000000,0.000000,0.000000,0.000000
5.94,ground_truth,0.000000,-0.000000,-0.000000,0.000000,0.000000,0.000000
5.96,ground_truth,0.000000,-0.000000,-0.000000,0.000000,0.000000,0.000000
5.98,ground_truth,0.000000,-0.000000,-0.000000,0.000000,0.000000,0.000000
6.0,ground_truth,0.000000,-0.000000,-0.000000,0.000000,0.000000,0.000000
6.0200000000000005,ground_truth,0.000000,-0.000000,-0.000000,0.000000,0.000000,0.000000
6.04,ground_truth,0.000000,-0.000000,-0.000000,0.000000,0.000000,0.000000
6.0600000000000005,ground_truth,0.000000,-0.000000,-0.000000,0.000000,0.000000,0.000000
6.08,ground_truth,0.000000,-0.000000,-0.000000,0.000000,0.000000,0.000000
6.1000000000000005,ground_truth,0.000000,-0.000000,-0.000000,0.000000,0.000000,0.000000
6.12,ground_truth,0.000000,-0.000000,-0.000000,0.000000,0.000000,0.000000
6.140000000000001,ground_truth,0.000000,-0.000000,-0.000000,0.000000,0.000000,0.000000
6.16,ground_truth,0.000000,-0.000000,-0.000000,0.000000,0.000000,0.000000
6.180000000000001,ground_truth,0.000000,-0.000000,-0.000000,0.000000,0.000000,0.000000
6.2,ground_truth,0.000000,-0.000000,-0.000000,0.000000,0.000000,0.000000
6.220000000000001,ground_truth,0.000000,-0.000000,-0.000000,0.000000,0.000000,0.000000
6.24,ground_truth,0.000000,-0.000000,-0.000000,0.000000,0.000000,0.000000
6.260000000000001,ground_truth,0.000000,-0.000000,-0.000000,0.000000,0.000000,0.000000
6.28,ground_truth,0.000000,-0.000000,-0.000000,0.000000,0.000000,0.000000
6.300000000000001,ground_truth,0.000000,-0.000000,-0.000000,0.000000,0.000000,0.000000
6.32,ground_truth,0.000000,-0.000000,-0.000000,0.000000,0.000000,0.000000
6.340000000000001,ground_truth,0.000000,-0.000000,-0.000000,0.000000,0.000000,0.000000
6.36,ground_truth,0.000000,-0.000000,-0.000000,0.000000,0.000000,0.000000
6.380000000000001,ground_truth,0.000000,-0.000000,-0.000000,0.000000,0.000000,0.000000
6.4,ground_truth,0.000000,-0.000000,-0.000000,0.000000,0.000000,0.000000
6.420000000000001,ground_truth,0.000000,-0.000000,-0.000000,0.000000,0.000000,0.000000
6.44,ground_truth,0.000000,-0.000000,-0.000000,0.000000,0.000000,0.000000
6.46,ground_truth,0.000000,-0.000000,-0.000000,0.000000,0.000000,0.000000
6.48,ground_truth,0.000000,-0.000000,-0.000000,0.000000,0.000000,0.000000
6.5,ground_truth,0.000000,-0.000000,-0.000000,0.000000,0.000000,0.000000
6.5200000000000005,ground_truth,0.000000,-0.000000,-0.000000,0.000000,0.000000,0.000000
6.54,ground_truth,0.000000,-0.000000,-0.000000,0.000000,0.000000,0.000000
6.5600000000000005,ground_truth,0.000000,-0.000000,-0.000000,0.000000,0.000000,0.000000
6.58,ground_truth,0.000000,-0.000000,-0.000000,0.000000,0.000000,0.000000
6.6000000000000005,ground_truth,0.000000,-0.000000,-0.000000,0.000000,0.000000,0.000000
6.62,ground_truth,0.000000,-0.000000,-0.000000,0.000000,0.000000,0.000000
6.640000000000001,ground_truth,0.000000,-0.000000,-0.000000,0.000000,0.000000,0.000000
6.66,ground_truth,0.000000,-0.000000,-0.000000,0.000000,0.000000,0.000000
6.680000000000001,ground_truth,0.000000,-0.000000,-0.000000,0.000000,0.000000,0.000000
6.7,ground_truth,0.000000,-0.000000,-0.000000,0.000000,0.000000,0.000000
6.720000000000001,ground_truth,0.000000,-0.000000,-0.000000,0.000000,0.000000,0.000000
6.74,ground_truth,0.000000,-0.000000,-0.000000,0.000000,0.000000,0.000000
6.760000000000001,ground_truth,0.000000,-0.000000,-0.000000,0.000000,0.000000,0.000000
6.78,ground_truth,0.000000,-0.000000,-0.000000,0.000000,0.000000,0.000000
6.800000000000001,ground_truth,0.000000,-0.000000,-0.000000,0.000000,0.000000,0.000000
6.82,ground_truth,0.000000,-0.000000,-0.000000,0.000000,0.000000,0.000000
6.840000000000001,ground_truth,0.000000,-0.000000,-0.000000,0.000000,0.000000,0.000000
6.86,ground_truth,0.000000,-0.000000,-0.000000,0.000000,0.000000,0.000000
6.880000000000001,ground_truth,0.000000,-0.000000,-0.000000,0.000000,0.000000,0.000000
6.9,ground_truth,0.000000,-0.000000,-0.000000,0.000000,0.000000,0.000000
6.920000000000001,ground_truth,0.000000,-0.000000,-0.000000,0.000000,0.000000,0.000000
6.94,ground_truth,0.000000,-0.000000,-0.000000,0.000000,0.000000,0.000000
6.960000000000001,ground_truth,0.000000,-0.000000,-0.000000,0.000000,0.000000,0.000000
6.98,ground_truth,0.000000,-0.000000,-0.000000,0.000000,0.000000,0.000000
7.0,ground_truth,0.000000,-0.000000,-0.000000,0.000000,0.000000,0.000000
7.0200000000000005,ground_truth,0.000000,-0.000000,-0.000000,0.000000,0.000000,0.000000
7.04,ground_truth,0.000000,-0.000000,-0.000000,0.000000,0.000000,0.000000
7.0600000000000005,ground_truth,0.000000,-0.000000,-0.000000,0.000000,0.000000,0.000000
7.08,ground_truth,0.000000,-0.000000,-0.000000,0.000000,0.000000,0.000000
7.1000000000000005,ground_truth,0.000000,-0.000000,-0.000000,0.000000,0.000000,0.000000
7.12,ground_truth,0.000000,-0.000000,-0.000000,0.000000,0.000000,0.000000
7.140000000000001,ground_truth,0.000000,-0.000000,-0.000000,0.000000,0.000000,0.000000
7.16,ground_truth,0.000000,-0.000000,-0.000000,0.000000,0.000000,0.000000
7.180000000000001,ground_truth,0.000000,-0.000000,-0.000000,0.000000,0.000000,0.000000
7.2,ground_truth,0.000000,-0.000000,-0.000000,0.000000,0.000000,0.000000
7.220000000000001,ground_truth,0.000000,-0.000000,-0.000000,0.000000,0.000000,0.000000
7.24,ground_truth,0.000000,-0.000000,-0.000000,0.000000,0.000000,0.000000
7.260000000000001,ground_truth,0.000000,-0.000000,-0.000000,0.000000,0.000000,0.000000
7.28,ground_truth,0.000000,-0.000000,-0.000000,0.000000,0.000000,0.000000
7.300000000000001,ground_truth,0.000000,-0.000000,-0.000000,0.000000,0.000000,0.000000
7.32,ground_truth,0.000000,-0.000000,-0.000000,0.000000,0.000000,0.000000
7.340000000000001,ground_truth,0.000000,-0.000000,-0.000000,0.000000,0.000000,0.000000
7.36,ground_truth,0.000000,-0.000000,-0.000000,0.000000,0.000000,0.000000
7.380000000000001,ground_truth,0.000000,-0.000000,-0.000000,0.000000,0.000000,0.000000
7.4,ground_truth,0.000000,-0.000000,-0.000000,0.000000,0.000000,0.000000
7.420000000000001,ground_truth,0.000000,-0.000000,-0.000000,0.000000,0.000000,0.000000
7.44,ground_truth,0.000000,-0.000000,-0.000000,0.000000,0.000000,0.000000
7.460000000000001,ground_truth,0.000000,-0.000000,-0.000000,0.000000,0.000000,0.000000
7.48,ground_truth,0.000000,-0.000000,-0.000000,0.000000,0.000000,0.000000
7.500000000000001,ground_truth,0.000000,-0.000000,-0.000000,0.000000,0.000000,0.000000
7.5200000000000005,ground_truth,0.000000,-0.000000,-0.000000,0.000000,0.000000,0.000000
7.54,ground_truth,0.000000,-0.000000,-0.000000,0.000000,0.000000,0.000000
7.5600000000000005,ground_truth,0.000000,-0.000000,-0.000000,0.000000,0.000000,0.000000
7.58,ground_truth,0.000000,-0.000000,-0.000000,0.000000,0.000000,0.000000
7.6000000000000005,ground_truth,0.000000,-0.000000,-0.000000,0.000000,0.000000,0.000000
7.62,ground_truth,0.000000,-0.000000,-0.000000,0.000000,0.000000,0.000000
7.640000000000001,ground_truth,0.000000,-0.000000,-0.000000,0.000000,0.000000,0.000000
7.66,ground_truth,0.000000,-0.000000,-0.000000,0.000000,0.000000,0.000000
7.680000000000001,ground_truth,0.000000,-0.000000,-0.000000,0.000000,0.000000,0.000000
7.7,ground_truth,0.000000,-0.000000,-0.000000,0.000000,0.000000,0.000000
7.720000000000001,ground_truth,0.000000,-0.000000,-0.000000,0.000000,0.000000,0.000000
7.74,ground_truth,0.000000,-0.000000,-0.000000,0.000000,0.000000,0.000000
7.760000000000001,ground_truth,0.000000,-0.000000,-0.000000,0.000000,0.000000,0.000000
7.78,ground_truth,0.000000,-0.000000,-0.000000,0.000000,0.000000,0.000000
7.800000000000001,ground_truth,0.000000,-0.000000,-0.000000,0.000000,0.000000,0.000000
7.82,ground_truth,0.000000,-0.000000,-0.000000,0.000000,0.000000,0.000000
7.840000000000001,ground_truth,0.000000,-0.000000,-0.000000,0.000000,0.000000,0.000000
7.86,ground_truth,0.000000,-0.000000,-0.000000,0.000000,0.000000,0.000000
7.880000000000001,ground_truth,0.000000,-0.000000,-0.000000,0.000000,0.000000,0.000000
7.9,ground_truth,0.000000,-0.000000,-0.000000,0.000000,0.000000,0.000000
7.920000000000001,ground_truth,0.000000,-0.000000,-0.000000,0.000000,0.000000,0.000000
7.94,ground_truth,0.000000,-0.000000,-0.000000,0.000000,0.000000,0.000000
7.960000000000001,ground_truth,0.000000,-0.000000,-0.000000,0.000000,0.000000,0.000000
7.98,ground_truth,0.000000,-0.000000,-0.000000,0.000000,0.000000,0.000000
8.0,ground_truth,0.000000,-0.000000,-0.000000,0.000000,0.000000,0.000000
8.020000000000001,ground_truth,0.000000,-0.000000,-0.000000,0.000000,0.000000,0.000000
8.040000000000001,ground_truth,0.000000,-0.000000,-0.000000,0.000000,0.000000,0.000000
8.06,ground_truth,0.000000,-0.000000,-0.000000,0.000000,0.000000,0.000000
8.08,ground_truth,0.000000,-0.000000,-0.000000,0.000000,0.000000,0.000000
8.1,ground_truth,0.000000,-0.000000,-0.000000,0.000000,0.000000,0.000000
8.120000000000001,ground_truth,0.000000,-0.000000,-0.000000,0.000000,0.000000,0.000000
8.14,ground_truth,0.000000,-0.000000,-0.000000,0.000000,0.000000,0.000000
8.16,ground_truth,0.000000,-0.000000,-0.000000,0.000000,0.000000,0.000000
8.18,ground_truth,0.000000,-0.000000,-0.000000,0.000000,0.000000,0.000000
8.200000000000001,ground_truth,0.000000,-0.000000,-0.000000,0.000000,0.000000,0.000000
8.22,ground_truth,0.000000,-0.000000,-0.000000,0.000000,0.000000,0.000000
8.24,ground_truth,0.000000,-0.000000,-0.000000,0.000000,0.000000,0.000000
8.26,ground_truth,0.000000,-0.000000,-0.000000,0.000000,0.000000,0.000000
8.280000000000001,ground_truth,0.000000,-0.000000,-0.000000,0.000000,0.000000,0.000000
8.3,ground_truth,0.000000,-0.000000,-0.000000,0.000000,0.000000,0.000000
8.32,ground_truth,0.000000,-0.000000,-0.000000,0.000000,0.000000,0.000000
8.34,ground_truth,0.000000,-0.000000,-0.000000,0.000000,0.000000,0.000000
8.360000000000001,ground_truth,0.000000,-0.000000,-0.000000,0.000000,0.000000,0.000000
8.38,ground_truth,0.000000,-0.000000,-0.000000,0.000000,0.000000,0.000000
8.4,ground_truth,0.000000,-0.000000,-0.000000,0.000000,0.000000,0.000000
8.42,ground_truth,0.000000,-0.000000,-0.000000,0.000000,0.000000,0.000000
8.440000000000001,ground_truth,0.000000,-0.000000,-0.000000,0.000000,0.000000,0.000000
8.46,ground_truth,0.000000,-0.000000,-0.000000,0.000000,0.000000,0.000000
8.48,ground_truth,0.000000,-0.000000,-0.000000,0.000000,0.000000,0.000000
8.5,ground_truth,0.000000,-0.000000,-0.000000,0.000000,0.000000,0.000000
8.520000000000001,ground_truth,0.000000,-0.000000,-0.000000,0.000000,0.000000,0.000000
8.540000000000001,ground_truth,0.000000,-0.000000,-0.000000,0.000000,0.000000,0.000000
8.56,ground_truth,0.000000,-0.000000,-0.000000,0.000000,0.000000,0.000000
8.58,ground_truth,0.000000,-0.000000,-0.000000,0.000000,0.000000,0.000000
8.600000000000001,ground_truth,0.000000,-0.000000,-0.000000,0.000000,0.000000,0.000000
8.620000000000001,ground_truth,0.000000,-0.000000,-0.000000,0.000000,0.000000,0.000000
8.64,ground_truth,0.000000,-0.000000,-0.000000,0.000000,0.000000,0.000000
8.66,ground_truth,0.000000,-0.000000,-0.000000,0.000000,0.000000,0.000000
8.68,ground_truth,0.000000,-0.000000,-0.000000,0.000000,0.000000,0.000000
8.700000000000001,ground_truth,0.000000,-0.000000,-0.000000,0.000000,0.000000,0.000000
8.72,ground_truth,0.000000,-0.000000,-0.000000,0.000000,0.000000,0.000000
8.74,ground_truth,0.000000,-0.000000,-0.000000,0.000000,0.000000,0.000000
8.76,ground_truth,0.000000,-0.000000,-0.000000,0.000000,0.000000,0.000000
8.780000000000001,ground_truth,0.000000,-0.000000,-0.000000,0.000000,0.000000,0.000000
8.8,ground_truth,0.000000,-0.000000,-0.000000,0.000000,0.000000,0.000000
8.82,ground_truth,0.000000,-0.000000,-0.000000,0.000000,0.000000,0.000000
8.84,ground_truth,0.000000,-0.000000,-0.000000,0.000000,0.000000,0.000000
8.860000000000001,ground_truth,0.000000,-0.000000,-0.000000,0.000000,0.000000,0.000000
8.88,ground_truth,0.000000,-0.000000,-0.000000,0.000000,0.000000,0.000000
8.9,ground_truth,0.000000,-0.000000,-0.000000,0.000000,0.000000,0.000000
8.92,ground_truth,0.000000,-0.000000,-0.000000,0.000000,0.000000,0.000000
8.940000000000001,ground_truth,0.000000,-0.000000,-0.000000,0.000000,0.000000,0.000000
8.96,ground_truth,0.000000,-0.000000,-0.000000,0.000000,0.000000,0.000000
8.98,ground_truth,0.000000,-0.000000,-0.000000,0.000000,0.000000,0.000000
9.0,ground_truth,0.000000,-0.000000,-0.000000,0.000000,0.000000,0.000000
9.020000000000001,ground_truth,0.000000,-0.000000,-0.000000,0.000000,0.000000,0.000000
9.040000000000001,ground_truth,0.000000,-0.000000,-0.000000,0.000000,0.000000,0.000000
9.06,ground_truth,0.000000,-0.000000,-0.000000,0.000000,0.000000,0.000000
9.08,ground_truth,0.000000,-0.000000,-0.000000,0.000000,0.000000,0.000000
9.100000000000001,ground_truth,0.000000,-0.000000,-0.000000,0.000000,0.000000,0.000000
9.120000000000001,ground_truth,0.000000,-0.000000,-0.000000,0.000000,0.000000,0.000000
9.14,ground_truth,0.000000,-0.000000,-0.000000,0.000000,0.000000,0.000000
9.16,ground_truth,0.000000,-0.000000,-0.000000,0.000000,0.000000,0.000000
9.18,ground_truth,0.000000,-0.000000,-0.000000,0.000000,0.000000,0.000000
9.200000000000001,ground_truth,0.000000,-0.000000,-0.000000,0.000000,0.000000,0.000000
9.22,ground_truth,0.000000,-0.000000,-0.000000,0.000000,0.000000,0.000000
9.24,ground_truth,0.000000,-0.000000,-0.000000,0.000000,0.000000,0.000000
9.26,ground_truth,0.000000,-0.000000,-0.000000,0.000000,0.000000,0.000000
9.280000000000001,ground_truth,0.000000,-0.000000,-0.000000,0.000000,0.000000,0.000000
9.3,ground_truth,0.000000,-0.000000,-0.000000,0.000000,0.000000,0.000000
9.32,ground_truth,0.000000,-0.000000,-0.000000,0.000000,0.000000,0.000000
9.34,ground_truth,0.000000,-0.000000,-0.000000,0.000000,0.000000,0.000000
9.360000000000001,ground_truth,0.000000,-0.000000,-0.000000,0.000000,0.000000,0.000000
9.38,ground_truth,0.000000,-0.000000,-0.000000,0.000000,0.000000,0.000000
9.4,ground_truth,0.000000,-0.000000,-0.000000,0.000000,0.000000,0.000000
9.42,ground_truth,0.000000,-0.000000,-0.000000,0.000000,0.000000,0.000000
9.440000000000001,ground_truth,0.000000,-0.000000,-0.000000,0.000000,0.000000,0.000000
9.46,ground_truth,0.000000,-0.000000,-0.000000,0.000000,0.000000,0.000000
9.48,ground_truth,0.000000,-0.000000,-0.000000,0.000000,0.000000,0.000000
9.5,ground_truth,0.000000,-0.000000,-0.000000,0.000000,0.000000,0.000000
9.520000000000001,ground_truth,0.000000,-0.000000,-0.000000,0.000000,0.000000,0.000000
9.540000000000001,ground_truth,0.000000,-0.000000,-0.000000,0.000000,0.000000,0.000000
9.56,ground_truth,0.000000,-0.000000,-0.000000,0.000000,0.000000,0.000000
9.58,ground_truth,0.000000,-0.000000,-0.000000,0.000000,0.000000,0.000000
9.600000000000001,ground_truth,0.000000,-0.000000,-0.000000,0.000000,0.000000,0.000000
9.620000000000001,ground_truth,0.000000,-0.000000,-0.000000,0.000000,0.000000,0.000000
9.64,ground_truth,0.000000,-0.000000,-0.000000,0.000000,0.000000,0.000000
9.66,ground_truth,0.000000,-0.000000,-0.000000,0.000000,0.000000,0.000000
9.68,ground_truth,0.000000,-0.000000,-0.000000,0.000000,0.000000,0.000000
9.700000000000001,ground_truth,0.000000,-0.000000,-0.000000,0.000000,0.000000,0.000000
9.72,ground_truth,0.000000,-0.000000,-0.000000,0.000000,0.000000,0.000000
9.74,ground_truth,0.000000,-0.000000,-0.000000,0.000000,0.000000,0.000000
9.76,ground_truth,0.000000,-0.000000,-0.000000,0.000000,0.000000,0.000000
9.780000000000001,ground_truth,0.000000,-0.000000,-0.000000,0.000000,0.000000,0.000000
9.8,ground_truth,0.000000,-0.000000,-0.000000,0.000000,0.000000,0.000000
9.82,ground_truth,0.000000,-0.000000,-0.000000,0.000000,0.000000,0.000000
9.84,ground_truth,0.000000,-0.000000,-0.000000,0.000000,0.000000,0.000000
9.860000000000001,ground_truth,0.000000,-0.000000,-0.000000,0.000000,0.000000,0.000000
9.88,ground_truth,0.000000,-0.000000,-0.000000,0.000000,0.000000,0.000000
9.9,ground_truth,0.000000,-0.000000,-0.000000,0.000000,0.000000,0.000000
9.92,ground_truth,0.000000,-0.000000,-0.000000,0.000000,0.000000,0.000000
9.940000000000001,ground_truth,0.000000,-0.000000,-0.000000,0.000000,0.000000,0.000000
9.96,ground_truth,0.000000,-0.000000,-0.000000,0.000000,0.000000,0.000000
9.98,ground_truth,0.000000,-0.000000,-0.000000,0.000000,0.000000,0.000000
10.0,ground_truth,0.000000,-0.000000,-0.000000,0.000000,0.000000,0.000000
10.020000000000001,ground_truth,0.000000,-0.000000,-0.000000,0.000000,0.000000,0.000000
10.040000000000001,ground_truth,0.000000,-0.000000,-0.000000,0.000000,0.000000,0.000000
10.06,ground_truth,0.000000,-0.000000,-0.000000,0.000000,0.000000,0.000000
10.08,ground_truth,0.000000,-0.000000,-0.000000,0.000000,0.000000,0.000000
10.100000000000001,ground_truth,0.000000,-0.000000,-0.000000,0.000000,0.000000,0.000000
10.120000000000001,ground_truth,0.000000,-0.000000,-0.000000,0.000000,0.000000,0.000000
10.14,ground_truth,0.000000,-0.000000,-0.000000,0.000000,0.000000,0.000000
10.16,ground_truth,0.000000,-0.000000,-0.000000,0.000000,0.000000,0.000000
10.180000000000001,ground_truth,0.000000,-0.000000,-0.000000,0.000000,0.000000,0.000000
10.200000000000001,ground_truth,0.000000,-0.000000,-0.000000,0.000000,0.000000,0.000000
10.22,ground_truth,0.000000,-0.000000,-0.000000,0.000000,0.000000,0.000000
10.24,ground_truth,0.000000,-0.000000,-0.000000,0.000000,0.000000,0.000000
10.26,ground_truth,0.000000,-0.000000,-0.000000,0.000000,0.000000,0.000000
10.280000000000001,ground_truth,0.000000,-0.000000,-0.000000,0.000000,0.000000,0.000000
10.3,ground_truth,0.000000,-0.000000,-0.000000,0.000000,0.000000,0.000000
10.32,ground_truth,0.000000,-0.000000,-0.000000,0.000000,0.000000,0.000000
10.34,ground_truth,0.000000,-0.000000,-0.000000,0.000000,0.000000,0.000000
10.360000000000001,ground_truth,0.000000,-0.000000,-0.000000,0.000000,0.000000,0.000000
10.38,ground_truth,0.000000,-0.000000,-0.000000,0.000000,0.000000,0.000000
10.4,ground_truth,0.000000,-0.000000,-0.000000,0.000000,0.000000,0.000000
10.42,ground_truth,0.000000,-0.000000,-0.000000,0.000000,0.000000,0.000000
10.440000000000001,ground_truth,0.000000,-0.000000,-0.000000,0.000000,0.000000,0.000000
10.46,ground_truth,0.000000,-0.000000,-0.000000,0.000000,0.000000,0.000000
10.48,ground_truth,0.000000,-0.000000,-0.000000,0.000000,0.000000,0.000000
10.5,ground_truth,0.000000,-0.000000,-0.000000,0.000000,0.000000,0.000000
10.520000000000001,ground_truth,0.000000,-0.000000,-0.000000,0.000000,0.000000,0.000000
10.540000000000001,ground_truth,0.000000,-0.000000,-0.000000,0.000000,0.000000,0.000000
10.56,ground_truth,0.000000,-0.000000,-0.000000,0.000000,0.000000,0.000000
10.58,ground_truth,0.000000,-0.000000,-0.000000,0.000000,0.000000,0.000000
10.600000000000001,ground_truth,0.000000,-0.000000,-0.000000,0.000000,0.000000,0.000000
10.620000000000001,ground_truth,0.000000,-0.000000,-0.000000,0.000000,0.000000,0.000000
10.64,ground_truth,0.000000,-0.000000,-0.000000,0.000000,0.000000,0.000000
10.66,ground_truth,0.000000,-0.000000,-0.000000,0.000000,0.000000,0.000000
10.680000000000001,ground_truth,0.000000,-0.000000,-0.000000,0.000000,0.000000,0.000000
10.700000000000001,ground_truth,0.000000,-0.000000,-0.000000,0.000000,0.000000,0.000000
10.72,ground_truth,0.000000,-0.000000,-0.000000,0.000000,0.000000,0.000000
10.74,ground_truth,0.000000,-0.000000,-0.000000,0.000000,0.000000,0.000000
10.76,ground_truth,0.000000,-0.000000,-0.000000,0.000000,0.000000,0.000000
10.780000000000001,ground_truth,0.000000,-0.000000,-0.000000,0.000000,0.000000,0.000000
10.8,ground_truth,0.000000,-0.000000,-0.000000,0.000000,0.000000,0.000000
10.82,ground_truth,0.000000,-0.000000,-0.000000,0.000000,0.000000,0.000000
10.84,ground_truth,0.000000,-0.000000,-0.000000,0.000000,0.000000,0.000000
10.860000000000001,ground_truth,0.000000,-0.000000,-0.000000,0.000000,0.000000,0.000000
10.88,ground_truth,0.000000,-0.000000,-0.000000,0.000000,0.000000,0.000000
10.9,ground_truth,0.000000,-0.000000,-0.000000,0.000000,0.000000,0.000000
10.92,ground_truth,0.000000,-0.000000,-0.000000,0.000000,0.000000,0.000000
10.940000000000001,ground_truth,0.000000,-0.000000,-0.000000,0.000000,0.000000,0.000000
10.96,ground_truth,0.000000,-0.000000,-0.000000,0.000000,0.000000,0.000000
10.98,ground_truth,0.000000,-0.000000,-0.000000,0.000000,0.000000,0.000000
11.0,ground_truth,0.000000,-0.000000,-0.000000,0.000000,0.000000,0.000000
11.020000000000001,ground_truth,0.000000,-0.000000,-0.000000,0.000000,0.000000,0.000000
11.040000000000001,ground_truth,0.000000,-0.000000,-0.000000,0.000000,0.000000,0.000000
11.06,ground_truth,0.000000,-0.000000,-0.000000,0.000000,0.000000,0.000000
11.08,ground_truth,0.000000,-0.000000,-0.000000,0.000000,0.000000,0.000000
11.100000000000001,ground_truth,0.000000,-0.000000,-0.000000,0.000000,0.000000,0.000000
11.120000000000001,ground_truth,0.000000,-0.000000,-0.000000,0.000000,0.000000,0.000000
11.14,ground_truth,0.000000,-0.000000,-0.000000,0.000000,0.000000,0.000000
11.16,ground_truth,0.000000,-0.000000,-0.000000,0.000000,0.000000,0.000000
11.180000000000001,ground_truth,0.000000,-0.000000,-0.000000,0.000000,0.000000,0.000000
11.200000000000001,ground_truth,0.000000,-0.000000,-0.000000,0.000000,0.000000,0.000000
11.22,ground_truth,0.000000,-0.000000,-0.000000,0.000000,0.000000,0.000000
11.24,ground_truth,0.000000,-0.000000,-0.000000,0.000000,0.000000,0.000000
11.260000000000002,ground_truth,0.000000,-0.000000,-0.000000,0.000000,0.000000,0.000000
11.280000000000001,ground_truth,0.000000,-0.000000,-0.000000,0.000000,0.000000,0.000000
11.3,ground_truth,0.000000,-0.000000,-0.000000,0.000000,0.000000,0.000000
11.32,ground_truth,0.000000,-0.000000,-0.000000,0.000000,0.000000,0.000000
11.34,ground_truth,0.000000,-0.000000,-0.000000,0.000000,0.000000,0.000000
11.360000000000001,ground_truth,0.000000,-0.000000,-0.000000,0.000000,0.000000,0.000000
11.38,ground_truth,0.000000,-0.000000,-0.000000,0.000000,0.000000,0.000000
11.4,ground_truth,0.000000,-0.000000,-0.000000,0.000000,0.000000,0.000000
11.42,ground_truth,0.000000,-0.000000,-0.000000,0.000000,0.000000,0.000000
11.440000000000001,ground_truth,0.000000,-0.000000,-0.000000,0.000000,0.000000,0.000000
11.46,ground_truth,0.000000,-0.000000,-0.000000,0.000000,0.000000,0.000000
11.48,ground_truth,0.000000,-0.000000,-0.000000,0.000000,0.000000,0.000000
11.5,ground_truth,0.000000,-0.000000,-0.000000,0.000000,0.000000,0.000000
11.520000000000001,ground_truth,0.000000,-0.000000,-0.000000,0.000000,0.000000,0.000000
11.540000000000001,ground_truth,0.000000,-0.000000,-0.000000,0.000000,0.000000,0.000000
11.56,ground_truth,0.000000,-0.000000,-0.000000,0.000000,0.000000,0.000000
11.58,ground_truth,0.000000,-0.000000,-0.000000,0.000000,0.000000,0.000000
11.600000000000001,ground_truth,0.000000,-0.000000,-0.000000,0.000000,0.000000,0.000000
11.620000000000001,ground_truth,0.000000,-0.000000,-0.000000,0.000000,0.000000,0.000000
11.64,ground_truth,0.000000,-0.000000,-0.000000,0.000000,0.000000,0.000000
11.66,ground_truth,0.000000,-0.000000,-0.000000,0.000000,0.000000,0.000000
11.680000000000001,ground_truth,0.000000,-0.000000,-0.000000,0.000000,0.000000,0.000000
11.700000000000001,ground_truth,0.000000,-0.000000,-0.000000,0.000000,0.000000,0.000000
11.72,ground_truth,0.000000,-0.000000,-0.000000,0.000000,0.000000,0.000000
11.74,ground_truth,0.000000,-0.000000,-0.000000,0.000000,0.000000,0.000000
11.760000000000002,ground_truth,0.000000,-0.000000,-0.000000,0.000000,0.000000,0.000000
11.780000000000001,ground_truth,0.000000,-0.000000,-0.000000,0.000000,0.000000,0.000000
11.8,ground_truth,0.000000,-0.000000,-0.000000,0.000000,0.000000,0.000000
11.82,ground_truth,0.000000,-0.000000,-0.000000,0.000000,0.000000,0.000000
11.84,ground_truth,0.000000,-0.000000,-0.000000,0.000000,0.000000,0.000000
11.860000000000001,ground_truth,0.000000,-0.000000,-0.000000,0.000000,0.000000,0.000000
11.88,ground_truth,0.000000,-0.000000,-0.000000,0.000000,0.000000,0.000000
11.9,ground_truth,0.000000,-0.000000,-0.000000,0.000000,0.000000,0.000000
11.92,ground_truth,0.000000,-0.000000,-0.000000,0.000000,0.000000,0.000000
11.940000000000001,ground_truth,0.000000,-0.000000,-0.000000,0.000000,0.000000,0.000000
11.96,ground_truth,0.000000,-0.000000,-0.000000,0.000000,0.000000,0.000000
11.98,ground_truth,0.000000,-0.000000,-0.000000,0.000000,0.000000,0.000000
12.0,ground_truth,0.000000,-0.000000,-0.000000,0.000000,0.000000,0.000000
12.020000000000001,ground_truth,0.000000,-0.000000,-0.000000,0.000000,0.000000,0.000000
12.040000000000001,ground_truth,0.000000,-0.000000,-0.000000,0.000000,0.000000,0.000000
12.06,ground_truth,0.000000,-0.000000,-0.000000,0.000000,0.000000,0.000000
12.08,ground_truth,0.000000,-0.000000,-0.000000,0.000000,0.000000,0.000000
12.100000000000001,ground_truth,0.000000,-0.000000,-0.000000,0.000000,0.000000,0.000000
12.120000000000001,ground_truth,0.000000,-0.000000,-0.000000,0.000000,0.000000,0.000000
12.14,ground_truth,0.000000,-0.000000,-0.000000,0.000000,0.000000,0.000000
12.16,ground_truth,0.000000,-0.000000,-0.000000,0.000000,0.000000,0.000000
12.180000000000001,ground_truth,0.000000,-0.000000,-0.000000,0.000000,0.000000,0.000000
12.200000000000001,ground_truth,0.000000,-0.000000,-0.000000,0.000000,0.000000,0.000000
12.22,ground_truth,0.000000,-0.000000,-0.000000,0.000000,0.000000,0.000000
12.24,ground_truth,0.000000,-0.000000,-0.000000,0.000000,0.000000,0.000000
12.260000000000002,ground_truth,0.000000,-0.000000,-0.000000,0.000000,0.000000,0.000000
12.280000000000001,ground_truth,0.000000,-0.000000,-0.000000,0.000000,0.000000,0.000000
12.3,ground_truth,0.000000,-0.000000,-0.000000,0.000000,0.000000,0.000000
12.32,ground_truth,0.000000,-0.000000,-0.000000,0.000000,0.000000,0.000000
12.340000000000002,ground_truth,0.000000,-0.000000,-0.000000,0.000000,0.000000,0.000000
12.360000000000001,ground_truth,0.000000,-0.000000,-0.000000,0.000000,0.000000,0.000000
12.38,ground_truth,0.000000,-0.000000,-0.000000,0.000000,0.000000,0.000000
12.4,ground_truth,0.000000,-0.000000,-0.000000,0.000000,0.000000,0.000000
12.42,ground_truth,0.000000,-0.000000,-0.000000,0.000000,0.000000,0.000000
12.440000000000001,ground_truth,0.000000,-0.000000,-0.000000,0.000000,0.000000,0.000000
12.46,ground_truth,0.000000,-0.000000,-0.000000,0.000000,0.000000,0.000000
12.48,ground_truth,0.000000,-0.000000,-0.000000,0.000000,0.000000,0.000000
12.5,ground_truth,0.000000,-0.000000,-0.000000,0.000000,0.000000,0.000000
12.520000000000001,ground_truth,0.000000,-0.000000,-0.000000,0.000000,0.000000,0.000000
12.540000000000001,ground_truth,0.000000,-0.000000,-0.000000,0.000000,0.000000,0.000000
12.56,ground_truth,0.000000,-0.000000,-0.000000,0.000000,0.000000,0.000000
12.58,ground_truth,0.000000,-0.000000,-0.000000,0.000000,0.000000,0.000000
12.600000000000001,ground_truth,0.000000,-0.000000,-0.000000,0.000000,0.000000,0.000000
12.620000000000001,ground_truth,0.000000,-0.000000,-0.000000,0.000000,0.000000,0.000000
12.64,ground_truth,0.000000,-0.000000,-0.000000,0.000000,0.000000,0.000000
12.66,ground_truth,0.000000,-0.000000,-0.000000,0.000000,0.000000,0.000000
12.680000000000001,ground_truth,0.000000,-0.000000,-0.000000,0.000000,0.000000,0.000000
12.700000000000001,ground_truth,0.000000,-0.000000,-0.000000,0.000000,0.000000,0.000000
12.72,ground_truth,0.000000,-0.000000,-0.000000,0.000000,0.000000,0.000000
12.74,ground_truth,0.000000,-0.000000,-0.000000,0.000000,0.000000,0.000000
12.760000000000002,ground_truth,0.000000,-0.000000,-0.000000,0.000000,0.000000,0.000000
12.780000000000001,ground_truth,0.000000,-0.000000,-0.000000,0.000000,0.000000,0.000000
12.8,ground_truth,0.000000,-0.000000,-0.000000,0.000000,0.000000,0.000000
12.82,ground_truth,0.000000,-0.000000,-0.000000,0.000000,0.000000,0.000000
12.840000000000002,ground_truth,0.000000,-0.000000,-0.000000,0.000000,0.000000,0.000000
12.860000000000001,ground_truth,0.000000,-0.000000,-0.000000,0.000000,0.000000,0.000000
12.88,ground_truth,0.000000,-0.000000,-0.000000,0.000000,0.000000,0.000000
12.9,ground_truth,0.000000,-0.000000,-0.000000,0.000000,0.000000,0.000000
12.92,ground_truth,0.000000,-0.000000,-0.000000,0.000000,0.000000,0.000000
12.940000000000001,ground_truth,0.000000,-0.000000,-0.000000,0.000000,0.000000,0.000000
12.96,ground_truth,0.000000,-0.000000,-0.000000,0.000000,0.000000,0.000000
12.98,ground_truth,0.000000,-0.000000,-0.000000,0.000000,0.000000,0.000000
13.0,ground_truth,0.000000,-0.000000,-0.000000,0.000000,0.000000,0.000000
13.020000000000001,ground_truth,0.000000,-0.000000,-0.000000,0.000000,0.000000,0.000000
13.040000000000001,ground_truth,0.000000,-0.000000,-0.000000,0.000000,0.000000,0.000000
13.06,ground_truth,0.000000,-0.000000,-0.000000,0.000000,0.000000,0.000000
13.08,ground_truth,0.000240,-0.000384,0.006374,0.000000,0.000000,0.000000
13.100000000000001,ground_truth,0.001044,-0.001340,0.025269,0.000000,0.000000,0.000000
13.120000000000001,ground_truth,0.002429,-0.002999,0.055336,0.000000,0.000000,0.000000
13.14,ground_truth,0.004164,-0.005362,0.095646,0.000000,0.000000,0.000000
13.16,ground_truth,0.005994,-0.008509,0.143989,0.000000,0.000000,0.000000
13.180000000000001,ground_truth,0.007697,-0.012316,0.197673,0.000000,0.000000,0.000000
13.200000000000001,ground_truth,0.009168,-0.016369,0.255360,0.000000,0.000000,0.000000
13.22,ground_truth,0.010765,-0.020476,0.315597,0.000000,0.000000,0.000000
13.24,ground_truth,0.012286,-0.024573,0.378455,0.000000,0.000000,0.000000
13.260000000000002,ground_truth,0.013553,-0.028853,0.443249,0.000000,0.000000,0.000000
13.280000000000001,ground_truth,0.014405,-0.033661,0.509674,0.000000,0.000000,0.000000
13.3,ground_truth,0.014946,-0.038993,0.577994,0.000000,0.000000,0.000000
13.32,ground_truth,0.015313,-0.044763,0.647927,0.000000,0.000000,0.000000
13.340000000000002,ground_truth,0.015710,-0.050869,0.719305,0.000000,0.000000,0.000000
13.360000000000001,ground_truth,0.016418,-0.057014,0.787681,0.000000,0.000000,0.000000
13.38,ground_truth,0.017533,-0.063373,0.856550,0.000000,0.000000,0.000000
13.4,ground_truth,0.019208,-0.069800,0.924999,0.000000,0.000000,0.000000
13.420000000000002,ground_truth,0.021118,-0.076131,0.994599,0.000000,0.000000,0.000000
13.440000000000001,ground_truth,0.023292,-0.081877,1.062469,0.000000,0.000000,0.000000
13.46,ground_truth,0.025677,-0.086706,1.123757,0.000000,0.000000,0.000000
13.48,ground_truth,0.028357,-0.091174,1.186052,0.000000,0.000000,0.000000
13.5,ground_truth,0.030729,-0.094600,1.238867,0.000000,0.000000,0.000000
13.520000000000001,ground_truth,0.033126,-0.097259,1.292869,0.000000,0.000000,0.000000
13.540000000000001,ground_truth,0.035623,-0.098760,1.345097,0.000000,0.000000,0.000000
13.56,ground_truth,0.037935,-0.098730,1.386239,0.000000,0.000000,0.000000
13.58,ground_truth,0.040336,-0.098188,1.430083,0.000000,0.000000,0.000000
13.600000000000001,ground_truth,0.042699,-0.097268,1.476083,0.000000,0.000000,0.000000
13.620000000000001,ground_truth,0.045124,-0.095706,1.526302,0.000000,0.000000,0.000000
13.64,ground_truth,0.047538,-0.093651,1.579783,0.000000,0.000000,0.000000
13.66,ground_truth,0.049687,-0.091404,1.624279,0.000000,0.000000,0.000000
13.680000000000001,ground_truth,0.051687,-0.088968,1.664593,0.000000,0.000000,0.000000
13.700000000000001,ground_truth,0.053474,-0.086324,1.703497,0.000000,0.000000,0.000000
13.72,ground_truth,0.055261,-0.083477,1.745587,0.000000,0.000000,0.000000
13.74,ground_truth,0.056669,-0.080735,1.774226,0.000000,0.000000,0.000000
13.760000000000002,ground_truth,0.058168,-0.077854,1.807892,0.000000,0.000000,0.000000
13.780000000000001,ground_truth,0.059754,-0.074904,1.846594,0.000000,0.000000,0.000000
13.8,ground_truth,0.061288,-0.072391,1.881368,0.000000,0.000000,0.000000
13.82,ground_truth,0.062948,-0.070127,1.917127,0.000000,0.000000,0.000000
13.840000000000002,ground_truth,0.064392,-0.068436,1.941899,0.000000,0.000000,0.000000
13.860000000000001,ground_truth,0.066154,-0.067230,1.970603,0.000000,0.000000,0.000000
13.88,ground_truth,0.068034,-0.066643,2.001329,0.000000,0.000000,0.000000
13.9,ground_truth,0.069516,-0.066665,2.026461,0.000000,0.000000,0.000000
13.920000000000002,ground_truth,0.071261,-0.066871,2.057177,0.000000,0.000000,0.000000
13.940000000000001,ground_truth,0.072869,-0.066619,2.084032,0.000000,0.000000,0.000000
13.96,ground_truth,0.074484,-0.066344,2.110341,0.000000,0.000000,0.000000
13.98,ground_truth,0.075257,-0.065927,2.127492,0.000000,0.000000,0.000000
14.0,ground_truth,0.076290,-0.065672,2.150609,0.000000,0.000000,0.000000
14.020000000000001,ground_truth,0.077250,-0.065358,2.173238,0.000000,0.000000,0.000000
14.040000000000001,ground_truth,0.078367,-0.064622,2.192009,0.000000,0.000000,0.000000
14.06,ground_truth,0.080132,-0.064194,2.214922,0.000000,0.000000,0.000000
14.08,ground_truth,0.081963,-0.064029,2.239332,0.000000,0.000000,0.000000
14.100000000000001,ground_truth,0.083615,-0.064008,2.263799,0.000000,0.000000,0.000000
14.120000000000001,ground_truth,0.085136,-0.064099,2.288312,0.000000,0.000000,0.000000
14.14,ground_truth,0.085492,-0.064186,2.301087,0.000000,0.000000,0.000000
14.16,ground_truth,0.086019,-0.064234,2.317740,0.000000,0.000000,0.000000
14.180000000000001,ground_truth,0.086116,-0.064116,2.331516,0.000000,0.000000,0.000000
14.200000000000001,ground_truth,0.086434,-0.063989,2.349400,0.000000,0.000000,0.000000
14.22,ground_truth,0.086930,-0.063981,2.368884,0.000000,0.000000,0.000000
14.24,ground_truth,0.087499,-0.064237,2.387741,0.000000,0.000000,0.000000
14.260000000000002,ground_truth,0.088122,-0.064689,2.406572,0.000000,0.000000,0.000000
14.280000000000001,ground_truth,0.088699,-0.065596,2.421923,0.000000,0.000000,0.000000
14.3,ground_truth,0.089327,-0.066583,2.437986,0.000000,0.000000,0.000000
14.32,ground_truth,0.089928,-0.067912,2.450984,0.000000,0.000000,0.000000
14.340000000000002,ground_truth,0.090172,-0.068677,2.462603,0.000000,0.000000,0.000000
14.360000000000001,ground_truth,0.091096,-0.069063,2.477643,0.000000,0.000000,0.000000
14.38,ground_truth,0.091142,-0.069588,2.486104,0.000000,0.000000,0.000000
14.4,ground_truth,0.091182,-0.069450,2.499339,0.000000,0.000000,0.000000
14.420000000000002,ground_truth,0.090839,-0.068307,2.514868,0.000000,0.000000,0.000000
14.440000000000001,ground_truth,0.090355,-0.066107,2.536212,0.000000,0.000000,0.000000
14.46,ground_truth,0.089692,-0.062900,2.562480,0.000000,0.000000,0.000000
14.48,ground_truth,0.087735,-0.058946,2.588378,0.000000,0.000000,0.000000
14.500000000000002,ground_truth,0.085739,-0.054162,2.619277,0.000000,0.000000,0.000000
14.520000000000001,ground_truth,0.082614,-0.048687,2.648041,0.000000,0.000000,0.000000
14.540000000000001,ground_truth,0.078640,-0.042858,2.678712,0.000000,0.000000,0.000000
14.56,ground_truth,0.072899,-0.036590,2.704486,0.000000,0.000000,0.000000
14.58,ground_truth,0.066121,-0.030061,2.728033,0.000000,0.000000,0.000000
14.600000000000001,ground_truth,0.057965,-0.023541,2.749817,0.000000,0.000000,0.000000
14.620000000000001,ground_truth,0.048571,-0.017149,2.768457,0.000000,0.000000,0.000000
14.64,ground_truth,0.038161,-0.010973,2.786180,0.000000,0.000000,0.000000
14.66,ground_truth,0.026479,-0.004963,2.799997,0.000000,0.000000,0.000000
14.680000000000001,ground_truth,0.013888,0.001011,2.813502,0.000000,0.000000,0.000000
14.700000000000001,ground_truth,-0.000130,0.006896,2.825274,0.000000,0.000000,0.000000
14.72,ground_truth,-0.014769,0.012510,2.833995,0.000000,0.000000,0.000000
14.74,ground_truth,-0.029590,0.017971,2.842612,0.000000,0.000000,0.000000
14.760000000000002,ground_truth,-0.044595,0.023168,2.848421,0.000000,0.000000,0.000000
14.780000000000001,ground_truth,-0.059997,0.028364,2.854562,0.000000,0.000000,0.000000
14.8,ground_truth,-0.075818,0.033481,2.859257,0.000000,0.000000,0.000000
14.82,ground_truth,-0.091217,0.038411,2.862444,0.000000,0.000000,0.000000
14.840000000000002,ground_truth,-0.106649,0.043293,2.865292,0.000000,0.000000,0.000000
14.860000000000001,ground_truth,-0.121237,0.047857,2.866680,0.000000,0.000000,0.000000
14.88,ground_truth,-0.135694,0.052318,2.868058,0.000000,0.000000,0.000000
14.9,ground_truth,-0.150479,0.056839,2.870221,0.000000,0.000000,0.000000
14.920000000000002,ground_truth,-0.166105,0.061513,2.872346,0.000000,0.000000,0.000000
14.940000000000001,ground_truth,-0.182502,0.066305,2.874119,0.000000,0.000000,0.000000
14.96,ground_truth,-0.199555,0.071158,2.874775,0.000000,0.000000,0.000000
14.98,ground_truth,-0.217057,0.076086,2.875242,0.000000,0.000000,0.000000
15.000000000000002,ground_truth,-0.234918,0.081074,2.875567,0.000000,0.000000,0.000000
15.020000000000001,ground_truth,-0.253065,0.086114,2.875843,0.000000,0.000000,0.000000
15.040000000000001,ground_truth,-0.271440,0.091196,2.876109,0.000000,0.000000,0.000000
15.06,ground_truth,-0.290002,0.096307,2.876300,0.000000,0.000000,0.000000
15.08,ground_truth,-0.308685,0.101438,2.876484,0.000000,0.000000,0.000000
15.100000000000001,ground_truth,-0.327457,0.106580,2.876656,0.000000,0.000000,0.000000
15.120000000000001,ground_truth,-0.346335,0.111741,2.876816,0.000000,0.000000,0.000000
15.14,ground_truth,-0.365270,0.116909,2.876982,0.000000,0.000000,0.000000
15.16,ground_truth,-0.383841,0.121973,2.877213,0.000000,0.000000,0.000000
15.180000000000001,ground_truth,-0.402309,0.127003,2.877464,0.000000,0.000000,0.000000
15.200000000000001,ground_truth,-0.420664,0.131993,2.877661,0.000000,0.000000,0.000000
15.22,ground_truth,-0.439207,0.137021,2.877727,0.000000,0.000000,0.000000
15.24,ground_truth,-0.457892,0.142080,2.877716,0.000000,0.000000,0.000000
15.260000000000002,ground_truth,-0.476316,0.147072,2.877784,0.000000,0.000000,0.000000
15.280000000000001,ground_truth,-0.494435,0.151985,2.877956,0.000000,0.000000,0.000000
15.3,ground_truth,-0.512096,0.156783,2.878192,0.000000,0.000000,0.000000
15.32,ground_truth,-0.529799,0.161604,2.878577,0.000000,0.000000,0.000000
15.340000000000002,ground_truth,-0.546668,0.166207,2.878897,0.000000,0.000000,0.000000
15.360000000000001,ground_truth,-0.563343,0.170764,2.879474,0.000000,0.000000,0.000000
15.38,ground_truth,-0.580277,0.175356,2.879639,0.000000,0.000000,0.000000
15.4,ground_truth,-0.596342,0.179749,2.880315,0.000000,0.000000,0.000000
15.420000000000002,ground_truth,-0.611829,0.183998,2.881253,0.000000,0.000000,0.000000
15.440000000000001,ground_truth,-0.625880,0.187924,2.882451,0.000000,0.000000,0.000000
15.46,ground_truth,-0.640460,0.191906,2.882318,0.000000,0.000000,0.000000
15.48,ground_truth,-0.655486,0.195862,2.879686,0.000000,0.000000,0.000000
15.500000000000002,ground_truth,-0.671349,0.200022,2.876334,0.000000,0.000000,0.000000
15.520000000000001,ground_truth,-0.687845,0.204396,2.873178,0.000000,0.000000,0.000000
15.540000000000001,ground_truth,-0.704844,0.208968,2.870582,0.000000,0.000000,0.000000
15.56,ground_truth,-0.722276,0.213707,2.868308,0.000000,0.000000,0.000000
15.580000000000002,ground_truth,-0.740050,0.218595,2.866498,0.000000,0.000000,0.000000
15.600000000000001,ground_truth,-0.758071,0.223623,2.865567,0.000000,0.000000,0.000000
15.620000000000001,ground_truth,-0.776321,0.228738,2.864798,0.000000,0.000000,0.000000
15.64,ground_truth,-0.794735,0.233939,2.864516,0.000000,0.000000,0.000000
15.66,ground_truth,-0.813114,0.239163,2.864749,0.000000,0.000000,0.000000
15.680000000000001,ground_truth,-0.831512,0.244406,2.865269,0.000000,0.000000,0.000000
15.700000000000001,ground_truth,-0.850075,0.249692,2.865818,0.000000,0.000000,0.000000
15.72,ground_truth,-0.868771,0.255010,2.866393,0.000000,0.000000,0.000000
15.74,ground_truth,-0.887301,0.260280,2.867060,0.000000,0.000000,0.000000
15.760000000000002,ground_truth,-0.905206,0.265366,2.867749,0.000000,0.000000,0.000000
15.780000000000001,ground_truth,-0.922752,0.270340,2.868411,0.000000,0.000000,0.000000
15.8,ground_truth,-0.940527,0.275357,2.868882,0.000000,0.000000,0.000000
15.82,ground_truth,-0.958507,0.280415,2.869215,0.000000,0.000000,0.000000
15.840000000000002,ground_truth,-0.975996,0.285347,2.869725,0.000000,0.000000,0.000000
15.860000000000001,ground_truth,-0.992794,0.290090,2.870409,0.000000,0.000000,0.000000
15.88,ground_truth,-1.008811,0.294625,2.871023,0.000000,0.000000,0.000000
15.9,ground_truth,-1.025065,0.299209,2.871569,0.000000,0.000000,0.000000
15.920000000000002,ground_truth,-1.041313,0.303736,2.871345,0.000000,0.000000,0.000000
15.940000000000001,ground_truth,-1.057191,0.308067,2.870568,0.000000,0.000000,0.000000
15.96,ground_truth,-1.072960,0.312370,2.870140,0.000000,0.000000,0.000000
15.98,ground_truth,-1.087825,0.316404,2.869288,0.000000,0.000000,0.000000
16.0,ground_truth,-1.103013,0.320524,2.868125,0.000000,0.000000,0.000000
16.02,ground_truth,-1.118612,0.324796,2.867369,0.000000,0.000000,0.000000
16.040000000000003,ground_truth,-1.134587,0.329203,2.866934,0.000000,0.000000,0.000000
16.060000000000002,ground_truth,-1.150902,0.333725,2.866662,0.000000,0.000000,0.000000
16.080000000000002,ground_truth,-1.167517,0.338351,2.866594,0.000000,0.000000,0.000000
16.1,ground_truth,-1.184408,0.343063,2.866573,0.000000,0.000000,0.000000
16.12,ground_truth,-1.201572,0.347867,2.866687,0.000000,0.000000,0.000000
16.14,ground_truth,-1.219038,0.352773,2.866962,0.000000,0.000000,0.000000
16.16,ground_truth,-1.236763,0.357762,2.867317,0.000000,0.000000,0.000000
16.18,ground_truth,-1.254707,0.362813,2.867592,0.000000,0.000000,0.000000
16.2,ground_truth,-1.272859,0.367908,2.867580,0.000000,0.000000,0.000000
16.220000000000002,ground_truth,-1.291085,0.373011,2.867277,0.000000,0.000000,0.000000
16.240000000000002,ground_truth,-1.309532,0.378187,2.867067,0.000000,0.000000,0.000000
16.26,ground_truth,-1.328168,0.383417,2.866822,0.000000,0.000000,0.000000
16.28,ground_truth,-1.346735,0.388620,2.866514,0.000000,0.000000,0.000000
16.3,ground_truth,-1.364665,0.393635,2.866267,0.000000,0.000000,0.000000
16.32,ground_truth,-1.382427,0.398592,2.865881,0.000000,0.000000,0.000000
16.34,ground_truth,-1.399770,0.403436,2.865592,0.000000,0.000000,0.000000
16.36,ground_truth,-1.417150,0.408303,2.865292,0.000000,0.000000,0.000000
16.380000000000003,ground_truth,-1.434652,0.413218,2.865020,0.000000,0.000000,0.000000
16.400000000000002,ground_truth,-1.452477,0.418231,2.864671,0.000000,0.000000,0.000000
16.42,ground_truth,-1.469923,0.423158,2.864562,0.000000,0.000000,0.000000
16.44,ground_truth,-1.487233,0.428060,2.864567,0.000000,0.000000,0.000000
16.46,ground_truth,-1.503488,0.432688,2.864723,0.000000,0.000000,0.000000
16.48,ground_truth,-1.519801,0.437327,2.864823,0.000000,0.000000,0.000000
16.5,ground_truth,-1.535485,0.441758,2.864357,0.000000,0.000000,0.000000
16.52,ground_truth,-1.550209,0.445894,2.863626,0.000000,0.000000,0.000000
16.540000000000003,ground_truth,-1.565326,0.450163,2.862947,0.000000,0.000000,0.000000
16.560000000000002,ground_truth,-1.581010,0.454633,2.862526,0.000000,0.000000,0.000000
16.580000000000002,ground_truth,-1.597222,0.459274,2.862291,0.000000,0.000000,0.000000
16.6,ground_truth,-1.613892,0.464059,2.862230,0.000000,0.000000,0.000000
16.62,ground_truth,-1.630953,0.468960,2.862271,0.000000,0.000000,0.000000
16.64,ground_truth,-1.648366,0.473959,2.862250,0.000000,0.000000,0.000000
16.66,ground_truth,-1.666091,0.479034,2.861865,0.000000,0.000000,0.000000
16.68,ground_truth,-1.684040,0.484170,2.861209,0.000000,0.000000,0.000000
16.7,ground_truth,-1.702166,0.489367,2.860468,0.000000,0.000000,0.000000
16.720000000000002,ground_truth,-1.720437,0.494623,2.859728,0.000000,0.000000,0.000000
16.740000000000002,ground_truth,-1.738814,0.499931,2.859117,0.000000,0.000000,0.000000
16.76,ground_truth,-1.757155,0.505262,2.859039,0.000000,0.000000,0.000000
16.78,ground_truth,-1.775484,0.510601,2.859201,0.000000,0.000000,0.000000
16.8,ground_truth,-1.793651,0.515904,2.859707,0.000000,0.000000,0.000000
16.82,ground_truth,-1.812026,0.521257,2.860145,0.000000,0.000000,0.000000
16.84,ground_truth,-1.830568,0.526648,2.860563,0.000000,0.000000,0.000000
16.86,ground_truth,-1.849017,0.532013,2.861097,0.000000,0.000000,0.000000
16.880000000000003,ground_truth,-1.866931,0.537222,2.861807,0.000000,0.000000,0.000000
16.900000000000002,ground_truth,-1.884455,0.542312,2.862480,0.000000,0.000000,0.000000
16.92,ground_truth,-1.901542,0.547258,2.863024,0.000000,0.000000,0.000000
16.94,ground_truth,-1.918796,0.552228,2.863343,0.000000,0.000000,0.000000
16.96,ground_truth,-1.935547,0.557057,2.863677,0.000000,0.000000,0.000000
16.98,ground_truth,-1.952590,0.561970,2.864126,0.000000,0.000000,0.000000
17.0,ground_truth,-1.969130,0.566784,2.865184,0.000000,0.000000,0.000000
17.02,ground_truth,-1.985086,0.571415,2.865791,0.000000,0.000000,0.000000
17.040000000000003,ground_truth,-2.000929,0.575964,2.866148,0.000000,0.000000,0.000000
17.060000000000002,ground_truth,-2.016239,0.580251,2.866561,0.000000,0.000000,0.000000
17.080000000000002,ground_truth,-2.031233,0.584279,2.866018,0.000000,0.000000,0.000000
17.1,ground_truth,-2.045118,0.587979,2.865499,0.000000,0.000000,0.000000
17.12,ground_truth,-2.059282,0.591770,2.864839,0.000000,0.000000,0.000000
17.14,ground_truth,-2.073953,0.595750,2.864543,0.000000,0.000000,0.000000
17.16,ground_truth,-2.089096,0.599896,2.864452,0.000000,0.000000,0.000000
17.18,ground_truth,-2.104664,0.604186,2.864500,0.000000,0.000000,0.000000
17.200000000000003,ground_truth,-2.120614,0.608604,2.864621,0.000000,0.000000,0.000000
17.220000000000002,ground_truth,-2.136907,0.613133,2.864781,0.000000,0.000000,0.000000
17.240000000000002,ground_truth,-2.153509,0.617759,2.864912,0.000000,0.000000,0.000000
17.26,ground_truth,-2.170388,0.622472,2.865022,0.000000,0.000000,0.000000
17.28,ground_truth,-2.187694,0.627317,2.865061,0.000000,0.000000,0.000000
17.3,ground_truth,-2.205456,0.632297,2.864913,0.000000,0.000000,0.000000
17.32,ground_truth,-2.223530,0.637374,2.864651,0.000000,0.000000,0.000000
17.34,ground_truth,-2.241631,0.642458,2.864163,0.000000,0.000000,0.000000
17.36,ground_truth,-2.259956,0.647618,2.863709,0.000000,0.000000,0.000000
17.380000000000003,ground_truth,-2.278043,0.652714,2.863144,0.000000,0.000000,0.000000
17.400000000000002,ground_truth,-2.296360,0.657899,2.862794,0.000000,0.000000,0.000000
17.42,ground_truth,-2.314890,0.663159,2.862515,0.000000,0.000000,0.000000
17.44,ground_truth,-2.332987,0.668267,2.861888,0.000000,0.000000,0.000000
17.46,ground_truth,-2.351032,0.673347,2.861017,0.000000,0.000000,0.000000
17.48,ground_truth,-2.368614,0.678313,2.860489,0.000000,0.000000,0.000000
17.5,ground_truth,-2.385998,0.683254,2.860276,0.000000,0.000000,0.000000
17.52,ground_truth,-2.403492,0.688247,2.860128,0.000000,0.000000,0.000000
17.540000000000003,ground_truth,-2.420799,0.693208,2.860114,0.000000,0.000000,0.000000
17.560000000000002,ground_truth,-2.437400,0.697980,2.860198,0.000000,0.000000,0.000000
17.580000000000002,ground_truth,-2.453018,0.702495,2.860392,0.000000,0.000000,0.000000
17.6,ground_truth,-2.468543,0.707016,2.861180,0.000000,0.000000,0.000000
17.62,ground_truth,-2.483782,0.711460,2.862074,0.000000,0.000000,0.000000
17.64,ground_truth,-2.499205,0.715932,2.862819,0.000000,0.000000,0.000000
17.66,ground_truth,-2.513517,0.720038,2.863141,0.000000,0.000000,0.000000
17.68,ground_truth,-2.526738,0.723665,2.863911,0.000000,0.000000,0.000000
17.700000000000003,ground_truth,-2.539560,0.727139,2.864511,0.000000,0.000000,0.000000
17.720000000000002,ground_truth,-2.550894,0.730018,2.864482,0.000000,0.000000,0.000000
17.740000000000002,ground_truth,-2.562604,0.733007,2.863713,0.000000,0.000000,0.000000
17.76,ground_truth,-2.573484,0.735891,2.863395,0.000000,0.000000,0.000000
17.78,ground_truth,-2.583191,0.738535,2.863445,0.000000,0.000000,0.000000
17.8,ground_truth,-2.592599,0.741107,2.863126,0.000000,0.000000,0.000000
17.82,ground_truth,-2.601385,0.743514,2.862516,0.000000,0.000000,0.000000
17.84,ground_truth,-2.610433,0.746024,2.861713,0.000000,0.000000,0.000000
17.86,ground_truth,-2.619365,0.748537,2.861001,0.000000,0.000000,0.000000
17.880000000000003,ground_truth,-2.627494,0.750906,2.861425,0.000000,0.000000,0.000000
17.900000000000002,ground_truth,-2.634825,0.753043,2.861706,0.000000,0.000000,0.000000
17.92,ground_truth,-2.641664,0.755007,2.861533,0.000000,0.000000,0.000000
17.94,ground_truth,-2.648760,0.757046,2.861303,0.000000,0.000000,0.000000
17.96,ground_truth,-2.655970,0.759099,2.860608,0.000000,0.000000,0.000000
17.98,ground_truth,-2.662756,0.761069,2.860500,0.000000,0.000000,0.000000
18.0,ground_truth,-2.669297,0.762961,2.860238,0.000000,0.000000,0.000000
18.02,ground_truth,-2.675003,0.764668,2.860591,0.000000,0.000000,0.000000
18.040000000000003,ground_truth,-2.680346,0.766228,2.860450,0.000000,0.000000,0.000000
18.060000000000002,ground_truth,-2.685646,0.767761,2.860162,0.000000,0.000000,0.000000
18.080000000000002,ground_truth,-2.691186,0.769366,2.859949,0.000000,0.000000,0.000000
18.1,ground_truth,-2.696380,0.770872,2.859970,0.000000,0.000000,0.000000
18.12,ground_truth,-2.700627,0.772172,2.860801,0.000000,0.000000,0.000000
18.14,ground_truth,-2.704493,0.773364,2.861067,0.000000,0.000000,0.000000
18.16,ground_truth,-2.708033,0.774381,2.860553,0.000000,0.000000,0.000000
18.18,ground_truth,-2.712332,0.775620,2.859988,0.000000,0.000000,0.000000
18.200000000000003,ground_truth,-2.716598,0.776857,2.859586,0.000000,0.000000,0.000000
18.220000000000002,ground_truth,-2.720680,0.778049,2.859524,0.000000,0.000000,0.000000
18.240000000000002,ground_truth,-2.724177,0.779090,2.859743,0.000000,0.000000,0.000000
18.26,ground_truth,-2.727057,0.779931,2.859853,0.000000,0.000000,0.000000
18.28,ground_truth,-2.730059,0.780532,2.857473,0.000000,0.000000,0.000000
18.3,ground_truth,-2.733267,0.780630,2.846142,0.000000,0.000000,0.000000
18.32,ground_truth,-2.736738,0.780313,2.824052,0.000000,0.000000,0.000000
18.34,ground_truth,-2.740610,0.779771,2.792365,0.000000,0.000000,0.000000
18.36,ground_truth,-2.744451,0.779309,2.756300,0.000000,0.000000,0.000000
18.380000000000003,ground_truth,-2.748520,0.778997,2.715667,0.000000,0.000000,0.000000
18.400000000000002,ground_truth,-2.752641,0.778988,2.673916,0.000000,0.000000,0.000000
18.42,ground_truth,-2.756372,0.779041,2.634822,0.000000,0.000000,0.000000
18.44,ground_truth,-2.760254,0.779291,2.592657,0.000000,0.000000,0.000000
18.46,ground_truth,-2.763785,0.779084,2.554064,0.000000,0.000000,0.000000
18.48,ground_truth,-2.767554,0.778490,2.515416,0.000000,0.000000,0.000000
18.5,ground_truth,-2.770643,0.777614,2.485968,0.000000,0.000000,0.000000
18.52,ground_truth,-2.773703,0.776847,2.455691,0.000000,0.000000,0.000000
18.540000000000003,ground_truth,-2.776917,0.776491,2.421840,0.000000,0.000000,0.000000
18.560000000000002,ground_truth,-2.779904,0.776168,2.391046,0.000000,0.000000,0.000000
18.580000000000002,ground_truth,-2.782747,0.776346,2.362135,0.000000,0.000000,0.000000
18.6,ground_truth,-2.785426,0.776972,2.335575,0.000000,0.000000,0.000000
18.62,ground_truth,-2.788218,0.777848,2.305688,0.000000,0.000000,0.000000
18.64,ground_truth,-2.791076,0.778969,2.274017,0.000000,0.000000,0.000000
18.66,ground_truth,-2.793601,0.780026,2.243888,0.000000,0.000000,0.000000
18.68,ground_truth,-2.795296,0.781054,2.222008,0.000000,0.000000,0.000000
18.700000000000003,ground_truth,-2.796614,0.782313,2.204763,0.000000,0.000000,0.000000
18.720000000000002,ground_truth,-2.797902,0.783450,2.183943,0.000000,0.000000,0.000000
18.740000000000002,ground_truth,-2.799095,0.784533,2.161438,0.000000,0.000000,0.000000
18.76,ground_truth,-2.800200,0.785606,2.137627,0.000000,0.000000,0.000000
18.78,ground_truth,-2.801156,0.786660,2.114753,0.000000,0.000000,0.000000
18.8,ground_truth,-2.801551,0.787465,2.100895,0.000000,0.000000,0.000000
18.82,ground_truth,-2.802093,0.788362,2.085910,0.000000,0.000000,0.000000
18.84,ground_truth,-2.802790,0.789304,2.069118,0.000000,0.000000,0.000000
18.86,ground_truth,-2.803791,0.789565,2.051462,0.000000,0.000000,0.000000
18.880000000000003,ground_truth,-2.804961,0.789483,2.033213,0.000000,0.000000,0.000000
18.900000000000002,ground_truth,-2.805231,0.789576,2.025351,0.000000,0.000000,0.000000
18.92,ground_truth,-2.805796,0.789759,2.012248,0.000000,0.000000,0.000000
18.94,ground_truth,-2.806520,0.790333,1.999322,0.000000,0.000000,0.000000
18.96,ground_truth,-2.807878,0.791629,1.978812,0.000000,0.000000,0.000000
18.98,ground_truth,-2.809938,0.794090,1.955222,0.000000,0.000000,0.000000
19.0,ground_truth,-2.812525,0.797777,1.929362,0.000000,0.000000,0.000000
19.02,ground_truth,-2.815616,0.803339,1.905445,0.000000,0.000000,0.000000
19.040000000000003,ground_truth,-2.819043,0.810437,1.883814,0.000000,0.000000,0.000000
19.060000000000002,ground_truth,-2.822990,0.818164,1.859985,0.000000,0.000000,0.000000
19.080000000000002,ground_truth,-2.826787,0.827321,1.842423,0.000000,0.000000,0.000000
19.1,ground_truth,-2.830991,0.837264,1.824549,0.000000,0.000000,0.000000
19.12,ground_truth,-2.835441,0.848050,1.806944,0.000000,0.000000,0.000000
19.14,ground_truth,-2.839601,0.859851,1.792344,0.000000,0.000000,0.000000
19.16,ground_truth,-2.843577,0.872370,1.777782,0.000000,0.000000,0.000000
19.18,ground_truth,-2.847300,0.885248,1.763696,0.000000,0.000000,0.000000
19.200000000000003,ground_truth,-2.850950,0.898592,1.748631,0.000000,0.000000,0.000000
19.220000000000002,ground_truth,-2.854388,0.912611,1.733954,0.000000,0.000000,0.000000
19.240000000000002,ground_truth,-2.857745,0.926555,1.720594,0.000000,0.000000,0.000000
19.26,ground_truth,-2.860839,0.940940,1.709094,0.000000,0.000000,0.000000
19.28,ground_truth,-2.863748,0.954813,1.701277,0.000000,0.000000,0.000000
19.3,ground_truth,-2.866708,0.968554,1.689344,0.000000,0.000000,0.000000
19.32,ground_truth,-2.869422,0.982810,1.677917,0.000000,0.000000,0.000000
19.34,ground_truth,-2.871851,0.997603,1.667982,0.000000,0.000000,0.000000
19.36,ground_truth,-2.874073,1.012906,1.659161,0.000000,0.000000,0.000000
19.380000000000003,ground_truth,-2.875995,1.028907,1.653945,0.000000,0.000000,0.000000
19.400000000000002,ground_truth,-2.877890,1.045569,1.647794,0.000000,0.000000,0.000000
19.42,ground_truth,-2.879624,1.062851,1.643349,0.000000,0.000000,0.000000
19.44,ground_truth,-2.881264,1.080637,1.639560,0.000000,0.000000,0.000000
19.46,ground_truth,-2.882799,1.098826,1.636841,0.000000,0.000000,0.000000
19.48,ground_truth,-2.884236,1.117322,1.635127,0.000000,0.000000,0.000000
19.5,ground_truth,-2.885595,1.136095,1.634424,0.000000,0.000000,0.000000
19.52,ground_truth,-2.886917,1.155160,1.634119,0.000000,0.000000,0.000000
19.540000000000003,ground_truth,-2.888247,1.174467,1.633521,0.000000,0.000000,0.000000
19.560000000000002,ground_truth,-2.889567,1.193848,1.632965,0.000000,0.000000,0.000000
19.580000000000002,ground_truth,-2.890844,1.213048,1.632633,0.000000,0.000000,0.000000
19.6,ground_truth,-2.892116,1.232392,1.632221,0.000000,0.000000,0.000000
19.62,ground_truth,-2.893352,1.251554,1.632004,0.000000,0.000000,0.000000
19.64,ground_truth,-2.894577,1.270784,1.631841,0.000000,0.000000,0.000000
19.66,ground_truth,-2.895798,1.290092,1.631634,0.000000,0.000000,0.000000
19.68,ground_truth,-2.896834,1.308605,1.633161,0.000000,0.000000,0.000000
19.700000000000003,ground_truth,-2.897899,1.327122,1.634497,0.000000,0.000000,0.000000
19.720000000000002,ground_truth,-2.898923,1.345025,1.635680,0.000000,0.000000,0.000000
19.740000000000002,ground_truth,-2.900011,1.363019,1.636095,0.000000,0.000000,0.000000
19.76,ground_truth,-2.901146,1.381068,1.635985,0.000000,0.000000,0.000000
19.78,ground_truth,-2.902270,1.398804,1.635908,0.000000,0.000000,0.000000
19.8,ground_truth,-2.903365,1.416319,1.635991,0.000000,0.000000,0.000000
19.82,ground_truth,-2.904254,1.432333,1.637477,0.000000,0.000000,0.000000
19.84,ground_truth,-2.905182,1.448458,1.638218,0.000000,0.000000,0.000000
19.860000000000003,ground_truth,-2.905822,1.463118,1.641217,0.000000,0.000000,0.000000
19.880000000000003,ground_truth,-2.906310,1.478008,1.646072,0.000000,0.000000,0.000000
19.900000000000002,ground_truth,-2.907061,1.493564,1.649891,0.000000,0.000000,0.000000
19.92,ground_truth,-2.908043,1.509759,1.652544,0.000000,0.000000,0.000000
19.94,ground_truth,-2.909183,1.526521,1.654718,0.000000,0.000000,0.000000
19.96,ground_truth,-2.910470,1.543739,1.655968,0.000000,0.000000,0.000000
19.98,ground_truth,-2.911848,1.561376,1.657006,0.000000,0.000000,0.000000
20.0,ground_truth,-2.913309,1.579356,1.657621,0.000000,0.000000,0.000000
20.02,ground_truth,-2.914835,1.597619,1.657850,0.000000,0.000000,0.000000
20.040000000000003,ground_truth,-2.916400,1.616134,1.657998,0.000000,0.000000,0.000000
20.060000000000002,ground_truth,-2.918000,1.634872,1.658036,0.000000,0.000000,0.000000
20.080000000000002,ground_truth,-2.919635,1.653818,1.657902,0.000000,0.000000,0.000000
20.1,ground_truth,-2.921296,1.672899,1.657571,0.000000,0.000000,0.000000
20.12,ground_truth,-2.922990,1.692210,1.657001,0.000000,0.000000,0.000000
20.14,ground_truth,-2.924694,1.711672,1.656432,0.000000,0.000000,0.000000
20.16,ground_truth,-2.926375,1.730992,1.655977,0.000000,0.000000,0.000000
20.18,ground_truth,-2.928015,1.749914,1.655566,0.000000,0.000000,0.000000
20.200000000000003,ground_truth,-2.929612,1.768502,1.655323,0.000000,0.000000,0.000000
20.220000000000002,ground_truth,-2.931220,1.787322,1.655174,0.000000,0.000000,0.000000
20.240000000000002,ground_truth,-2.932832,1.806291,1.655140,0.000000,0.000000,0.000000
20.26,ground_truth,-2.934409,1.824727,1.654908,0.000000,0.000000,0.000000
20.28,ground_truth,-2.935957,1.842892,1.654734,0.000000,0.000000,0.000000
20.3,ground_truth,-2.937464,1.860227,1.654186,0.000000,0.000000,0.000000
20.32,ground_truth,-2.938939,1.877476,1.654007,0.000000,0.000000,0.000000
20.34,ground_truth,-2.940420,1.894846,1.653771,0.000000,0.000000,0.000000
20.360000000000003,ground_truth,-2.941833,1.911745,1.653829,0.000000,0.000000,0.000000
20.380000000000003,ground_truth,-2.943210,1.928303,1.653990,0.000000,0.000000,0.000000
20.400000000000002,ground_truth,-2.944494,1.943501,1.653617,0.000000,0.000000,0.000000
20.42,ground_truth,-2.945797,1.958862,1.653262,0.000000,0.000000,0.000000
20.44,ground_truth,-2.947007,1.973183,1.652926,0.000000,0.000000,0.000000
20.46,ground_truth,-2.948172,1.987045,1.652732,0.000000,0.000000,0.000000
20.48,ground_truth,-2.949160,2.000438,1.655287,0.000000,0.000000,0.000000
20.5,ground_truth,-2.950208,2.014878,1.659235,0.000000,0.000000,0.000000
20.52,ground_truth,-2.951441,2.030379,1.662275,0.000000,0.000000,0.000000
20.540000000000003,ground_truth,-2.952827,2.046736,1.664511,0.000000,0.000000,0.000000
20.560000000000002,ground_truth,-2.954308,2.063762,1.666744,0.000000,0.000000,0.000000
20.580000000000002,ground_truth,-2.955897,2.081346,1.668470,0.000000,0.000000,0.000000
20.6,ground_truth,-2.957611,2.099382,1.669104,0.000000,0.000000,0.000000
20.62,ground_truth,-2.959391,2.117785,1.669375,0.000000,0.000000,0.000000
20.64,ground_truth,-2.961228,2.136497,1.669248,0.000000,0.000000,0.000000
20.66,ground_truth,-2.963084,2.155422,1.669239,0.000000,0.000000,0.000000
20.68,ground_truth,-2.964965,2.174462,1.669000,0.000000,0.000000,0.000000
20.700000000000003,ground_truth,-2.966878,2.193702,1.668480,0.000000,0.000000,0.000000
20.720000000000002,ground_truth,-2.968803,2.213063,1.667823,0.000000,0.000000,0.000000
20.740000000000002,ground_truth,-2.970681,2.232189,1.667566,0.000000,0.000000,0.000000
20.76,ground_truth,-2.972530,2.251165,1.667502,0.000000,0.000000,0.000000
20.78,ground_truth,-2.974312,2.269640,1.667912,0.000000,0.000000,0.000000
20.8,ground_truth,-2.976141,2.288324,1.667838,0.000000,0.000000,0.000000
20.82,ground_truth,-2.977993,2.307152,1.667539,0.000000,0.000000,0.000000
20.84,ground_truth,-2.979785,2.325591,1.667595,0.000000,0.000000,0.000000
20.860000000000003,ground_truth,-2.981570,2.343968,1.667630,0.000000,0.000000,0.000000
20.880000000000003,ground_truth,-2.983177,2.361331,1.668678,0.000000,0.000000,0.000000
20.900000000000002,ground_truth,-2.984758,2.378286,1.669669,0.000000,0.000000,0.000000
20.92,ground_truth,-2.986345,2.395014,1.670496,0.000000,0.000000,0.000000
20.94,ground_truth,-2.987876,2.411105,1.671031,0.000000,0.000000,0.000000
20.96,ground_truth,-2.989447,2.427262,1.671101,0.000000,0.000000,0.000000
20.98,ground_truth,-2.990780,2.441839,1.672159,0.000000,0.000000,0.000000
21.0,ground_truth,-2.992159,2.456388,1.672386,0.000000,0.000000,0.000000
21.02,ground_truth,-2.993543,2.470543,1.672329,0.000000,0.000000,0.000000
21.040000000000003,ground_truth,-2.994820,2.483624,1.672441,0.000000,0.000000,0.000000
21.060000000000002,ground_truth,-2.996161,2.496874,1.671800,0.000000,0.000000,0.000000
21.080000000000002,ground_truth,-2.997643,2.511116,1.670367,0.000000,0.000000,0.000000
21.1,ground_truth,-2.999256,2.526474,1.668261,0.000000,0.000000,0.000000
21.12,ground_truth,-3.000935,2.542712,1.666096,0.000000,0.000000,0.000000
21.14,ground_truth,-3.002620,2.559632,1.664621,0.000000,0.000000,0.000000
21.16,ground_truth,-3.004330,2.577123,1.663385,0.000000,0.000000,0.000000
21.18,ground_truth,-3.006029,2.595054,1.662836,0.000000,0.000000,0.000000
21.200000000000003,ground_truth,-3.007716,2.613345,1.663069,0.000000,0.000000,0.000000
21.220000000000002,ground_truth,-3.009396,2.632047,1.664320,0.000000,0.000000,0.000000
21.240000000000002,ground_truth,-3.011123,2.651052,1.665548,0.000000,0.000000,0.000000
21.26,ground_truth,-3.012886,2.670209,1.666656,0.000000,0.000000,0.000000
21.28,ground_truth,-3.014667,2.689223,1.667424,0.000000,0.000000,0.000000
21.3,ground_truth,-3.016450,2.708257,1.668307,0.000000,0.000000,0.000000
21.32,ground_truth,-3.018196,2.726833,1.669269,0.000000,0.000000,0.000000
21.34,ground_truth,-3.019983,2.745650,1.670204,0.000000,0.000000,0.000000
21.360000000000003,ground_truth,-3.021811,2.764646,1.670830,0.000000,0.000000,0.000000
21.380000000000003,ground_truth,-3.023616,2.783276,1.671194,0.000000,0.000000,0.000000
21.400000000000002,ground_truth,-3.025433,2.801988,1.671709,0.000000,0.000000,0.000000
21.42,ground_truth,-3.027230,2.820291,1.671952,0.000000,0.000000,0.000000
21.44,ground_truth,-3.029036,2.838636,1.672306,0.000000,0.000000,0.000000
21.46,ground_truth,-3.030783,2.855916,1.671903,0.000000,0.000000,0.000000
21.48,ground_truth,-3.032489,2.872627,1.671463,0.000000,0.000000,0.000000
21.5,ground_truth,-3.034201,2.889615,1.671407,0.000000,0.000000,0.000000
21.52,ground_truth,-3.035849,2.906059,1.671452,0.000000,0.000000,0.000000
21.540000000000003,ground_truth,-3.037480,2.922469,1.671776,0.000000,0.000000,0.000000
21.560000000000002,ground_truth,-3.039027,2.937793,1.671494,0.000000,0.000000,0.000000
21.580000000000002,ground_truth,-3.040536,2.952816,1.671464,0.000000,0.000000,0.000000
21.6,ground_truth,-3.042027,2.967813,1.671791,0.000000,0.000000,0.000000
21.62,ground_truth,-3.043544,2.983381,1.672929,0.000000,0.000000,0.000000
21.64,ground_truth,-3.045144,2.999775,1.674446,0.000000,0.000000,0.000000
21.66,ground_truth,-3.046848,3.016852,1.675726,0.000000,0.000000,0.000000
21.68,ground_truth,-3.048642,3.034480,1.676731,0.000000,0.000000,0.000000
21.700000000000003,ground_truth,-3.050514,3.052552,1.677422,0.000000,0.000000,0.000000
21.720000000000002,ground_truth,-3.052455,3.070983,1.677746,0.000000,0.000000,0.000000
21.740000000000002,ground_truth,-3.054444,3.089703,1.677848,0.000000,0.000000,0.000000
21.76,ground_truth,-3.056468,3.108656,1.677850,0.000000,0.000000,0.000000
21.78,ground_truth,-3.058514,3.127746,1.677754,0.000000,0.000000,0.000000
21.8,ground_truth,-3.060577,3.146968,1.677610,0.000000,0.000000,0.000000
21.82,ground_truth,-3.062658,3.166341,1.677425,0.000000,0.000000,0.000000
21.84,ground_truth,-3.064748,3.185768,1.677145,0.000000,0.000000,0.000000
21.860000000000003,ground_truth,-3.066792,3.204827,1.676945,0.000000,0.000000,0.000000
21.880000000000003,ground_truth,-3.068830,3.223833,1.676651,0.000000,0.000000,0.000000
21.900000000000002,ground_truth,-3.070799,3.242444,1.676773,0.000000,0.000000,0.000000
21.92,ground_truth,-3.072797,3.261240,1.676743,0.000000,0.000000,0.000000
21.94,ground_truth,-3.074814,3.280183,1.676670,0.000000,0.000000,0.000000
21.96,ground_truth,-3.076787,3.298872,1.676880,0.000000,0.000000,0.000000
21.98,ground_truth,-3.078765,3.317537,1.676960,0.000000,0.000000,0.000000
22.0,ground_truth,-3.080663,3.335693,1.677394,0.000000,0.000000,0.000000
22.020000000000003,ground_truth,-3.082578,3.353820,1.677579,0.000000,0.000000,0.000000
22.040000000000003,ground_truth,-3.084552,3.372216,1.677267,0.000000,0.000000,0.000000
22.060000000000002,ground_truth,-3.086396,3.389874,1.677695,0.000000,0.000000,0.000000
22.080000000000002,ground_truth,-3.088201,3.407191,1.677958,0.000000,0.000000,0.000000
22.1,ground_truth,-3.089787,3.423207,1.679288,0.000000,0.000000,0.000000
22.12,ground_truth,-3.091114,3.437646,1.681007,0.000000,0.000000,0.000000
22.14,ground_truth,-3.092506,3.452095,1.681264,0.000000,0.000000,0.000000
22.16,ground_truth,-3.093973,3.466673,1.680957,0.000000,0.000000,0.000000
22.18,ground_truth,-3.095641,3.482245,1.679304,0.000000,0.000000,0.000000
22.200000000000003,ground_truth,-3.097427,3.498660,1.677198,0.000000,0.000000,0.000000
22.220000000000002,ground_truth,-3.099281,3.515740,1.675014,0.000000,0.000000,0.000000
22.240000000000002,ground_truth,-3.101141,3.533337,1.673548,0.000000,0.000000,0.000000
22.26,ground_truth,-3.103031,3.551369,1.672191,0.000000,0.000000,0.000000
22.28,ground_truth,-3.104924,3.569747,1.671275,0.000000,0.000000,0.000000
22.3,ground_truth,-3.106806,3.588399,1.671002,0.000000,0.000000,0.000000
22.32,ground_truth,-3.108709,3.607293,1.670785,0.000000,0.000000,0.000000
22.34,ground_truth,-3.110609,3.626375,1.670973,0.000000,0.000000,0.000000
22.360000000000003,ground_truth,-3.112517,3.645661,1.671522,0.000000,0.000000,0.000000
22.380000000000003,ground_truth,-3.114437,3.665093,1.672344,0.000000,0.000000,0.000000
22.400000000000002,ground_truth,-3.116348,3.684348,1.673215,0.000000,0.000000,0.000000
22.42,ground_truth,-3.118273,3.703605,1.674094,0.000000,0.000000,0.000000
22.44,ground_truth,-3.120187,3.722506,1.674761,0.000000,0.000000,0.000000
22.46,ground_truth,-3.122147,3.741615,1.675220,0.000000,0.000000,0.000000
22.48,ground_truth,-3.124126,3.760861,1.675746,0.000000,0.000000,0.000000
22.5,ground_truth,-3.126066,3.779563,1.675937,0.000000,0.000000,0.000000
22.520000000000003,ground_truth,-3.127992,3.798091,1.676127,0.000000,0.000000,0.000000
22.540000000000003,ground_truth,-3.129910,3.816449,1.676209,0.000000,0.000000,0.000000
22.560000000000002,ground_truth,-3.131811,3.834599,1.676284,0.000000,0.000000,0.000000
22.580000000000002,ground_truth,-3.133697,3.852553,1.676276,0.000000,0.000000,0.000000
22.6,ground_truth,-3.135561,3.870290,1.676333,0.000000,0.000000,0.000000
22.62,ground_truth,-3.137430,3.888152,1.676567,0.000000,0.000000,0.000000
22.64,ground_truth,-3.139148,3.905270,1.677240,0.000000,0.000000,0.000000
22.66,ground_truth,-3.140838,3.922182,1.677662,0.000000,0.000000,0.000000
22.68,ground_truth,-3.142392,3.938078,1.678095,0.000000,0.000000,0.000000
22.700000000000003,ground_truth,-3.143993,3.954233,1.678655,0.000000,0.000000,0.000000
22.720000000000002,ground_truth,-3.145682,3.970954,1.679162,0.000000,0.000000,0.000000
22.740000000000002,ground_truth,-3.147420,3.988005,1.679679,0.000000,0.000000,0.000000
22.76,ground_truth,-3.149205,4.005351,1.680165,0.000000,0.000000,0.000000
22.78,ground_truth,-3.151039,4.022966,1.680548,0.000000,0.000000,0.000000
22.8,ground_truth,-3.152934,4.040956,1.680873,0.000000,0.000000,0.000000
22.82,ground_truth,-3.154899,4.059322,1.680995,0.000000,0.000000,0.000000
22.84,ground_truth,-3.156918,4.077989,1.680968,0.000000,0.000000,0.000000
22.860000000000003,ground_truth,-3.158976,4.096899,1.680865,0.000000,0.000000,0.000000
22.880000000000003,ground_truth,-3.161065,4.116004,1.680702,0.000000,0.000000,0.000000
22.900000000000002,ground_truth,-3.163174,4.135201,1.680462,0.000000,0.000000,0.000000
22.92,ground_truth,-3.165287,4.154362,1.680138,0.000000,0.000000,0.000000
22.94,ground_truth,-3.167412,4.173699,1.679970,0.000000,0.000000,0.000000
22.96,ground_truth,-3.169552,4.193126,1.679733,0.000000,0.000000,0.000000
22.98,ground_truth,-3.171677,4.212225,1.679107,0.000000,0.000000,0.000000
23.0,ground_truth,-3.173781,4.231205,1.678717,0.000000,0.000000,0.000000
23.020000000000003,ground_truth,-3.175791,4.249576,1.678746,0.000000,0.000000,0.000000
23.040000000000003,ground_truth,-3.177837,4.268177,1.678462,0.000000,0.000000,0.000000
23.060000000000002,ground_truth,-3.179896,4.286926,1.678093,0.000000,0.000000,0.000000
23.080000000000002,ground_truth,-3.181925,4.305596,1.677971,0.000000,0.000000,0.000000
23.1,ground_truth,-3.183828,4.323583,1.678663,0.000000,0.000000,0.000000
23.12,ground_truth,-3.185602,4.340915,1.679950,0.000000,0.000000,0.000000
23.14,ground_truth,-3.187428,4.358278,1.680637,0.000000,0.000000,0.000000
23.16,ground_truth,-3.189260,4.375448,1.681245,0.000000,0.000000,0.000000
23.18,ground_truth,-3.191164,4.393030,1.681683,0.000000,0.000000,0.000000
23.200000000000003,ground_truth,-3.192884,4.409426,1.682725,0.000000,0.000000,0.000000
23.220000000000002,ground_truth,-3.194383,4.424244,1.683748,0.000000,0.000000,0.000000
23.240000000000002,ground_truth,-3.196034,4.439639,1.683346,0.000000,0.000000,0.000000
23.26,ground_truth,-3.197713,4.455175,1.682997,0.000000,0.000000,0.000000
23.28,ground_truth,-3.199485,4.471159,1.682390,0.000000,0.000000,0.000000
23.3,ground_truth,-3.201332,4.487724,1.681747,0.000000,0.000000,0.000000
23.32,ground_truth,-3.203237,4.504780,1.681187,0.000000,0.000000,0.000000
23.34,ground_truth,-3.205194,4.522246,1.680603,0.000000,0.000000,0.000000
23.360000000000003,ground_truth,-3.207187,4.540070,1.680138,0.000000,0.000000,0.000000
23.380000000000003,ground_truth,-3.209216,4.558188,1.679589,0.000000,0.000000,0.000000
23.400000000000002,ground_truth,-3.211272,4.576563,1.679076,0.000000,0.000000,0.000000
23.42,ground_truth,-3.213344,4.595160,1.678654,0.000000,0.000000,0.000000
23.44,ground_truth,-3.215431,4.613933,1.678238,0.000000,0.000000,0.000000
23.46,ground_truth,-3.217522,4.632822,1.677902,0.000000,0.000000,0.000000
23.48,ground_truth,-3.219607,4.651751,1.677588,0.000000,0.000000,0.000000
23.5,ground_truth,-3.221687,4.670798,1.677378,0.000000,0.000000,0.000000
23.520000000000003,ground_truth,-3.223782,4.690018,1.677172,0.000000,0.000000,0.000000
23.540000000000003,ground_truth,-3.225891,4.709372,1.676931,0.000000,0.000000,0.000000
23.560000000000002,ground_truth,-3.227901,4.728263,1.677459,0.000000,0.000000,0.000000
23.580000000000002,ground_truth,-3.229847,4.746733,1.678363,0.000000,0.000000,0.000000
23.6,ground_truth,-3.231697,4.764627,1.679583,0.000000,0.000000,0.000000
23.62,ground_truth,-3.233615,4.782676,1.680178,0.000000,0.000000,0.000000
23.64,ground_truth,-3.235584,4.800954,1.680486,0.000000,0.000000,0.000000
23.66,ground_truth,-3.237587,4.819234,1.680333,0.000000,0.000000,0.000000
23.68,ground_truth,-3.239523,4.836722,1.679916,0.000000,0.000000,0.000000
23.700000000000003,ground_truth,-3.241408,4.853837,1.679659,0.000000,0.000000,0.000000
23.720000000000002,ground_truth,-3.243302,4.871122,1.679571,0.000000,0.000000,0.000000
23.740000000000002,ground_truth,-3.245212,4.888518,1.679358,0.000000,0.000000,0.000000
23.76,ground_truth,-3.247034,4.905002,1.678856,0.000000,0.000000,0.000000
23.78,ground_truth,-3.248800,4.921024,1.678446,0.000000,0.000000,0.000000
23.8,ground_truth,-3.250468,4.936220,1.677823,0.000000,0.000000,0.000000
23.82,ground_truth,-3.252176,4.951983,1.677718,0.000000,0.000000,0.000000
23.84,ground_truth,-3.253959,4.968559,1.677795,0.000000,0.000000,0.000000
23.860000000000003,ground_truth,-3.255805,4.985789,1.678029,0.000000,0.000000,0.000000
23.880000000000003,ground_truth,-3.257711,5.003544,1.678233,0.000000,0.000000,0.000000
23.900000000000002,ground_truth,-3.259672,5.021722,1.678277,0.000000,0.000000,0.000000
23.92,ground_truth,-3.261674,5.040241,1.678212,0.000000,0.000000,0.000000
23.94,ground_truth,-3.263709,5.059034,1.678074,0.000000,0.000000,0.000000
23.96,ground_truth,-3.265768,5.078046,1.677879,0.000000,0.000000,0.000000
23.98,ground_truth,-3.267844,5.097233,1.677658,0.000000,0.000000,0.000000
24.0,ground_truth,-3.269925,5.116500,1.677438,0.000000,0.000000,0.000000
24.020000000000003,ground_truth,-3.272007,5.135797,1.677170,0.000000,0.000000,0.000000
24.040000000000003,ground_truth,-3.274064,5.154885,1.676864,0.000000,0.000000,0.000000
24.060000000000002,ground_truth,-3.276128,5.174111,1.676638,0.000000,0.000000,0.000000
24.080000000000002,ground_truth,-3.278199,5.193492,1.676488,0.000000,0.000000,0.000000
24.1,ground_truth,-3.280233,5.212517,1.676254,0.000000,0.000000,0.000000
24.12,ground_truth,-3.282269,5.231529,1.675897,0.000000,0.000000,0.000000
24.14,ground_truth,-3.284199,5.250036,1.676385,0.000000,0.000000,0.000000
24.16,ground_truth,-3.286140,5.268552,1.676730,0.000000,0.000000,0.000000
24.180000000000003,ground_truth,-3.287988,5.286316,1.677222,0.000000,0.000000,0.000000
24.200000000000003,ground_truth,-3.289862,5.304058,1.677313,0.000000,0.000000,0.000000
24.220000000000002,ground_truth,-3.291778,5.322011,1.677081,0.000000,0.000000,0.000000
24.240000000000002,ground_truth,-3.293628,5.339526,1.677166,0.000000,0.000000,0.000000
24.26,ground_truth,-3.295452,5.356893,1.677404,0.000000,0.000000,0.000000
24.28,ground_truth,-3.297188,5.373779,1.678008,0.000000,0.000000,0.000000
24.3,ground_truth,-3.298937,5.390566,1.678416,0.000000,0.000000,0.000000
24.32,ground_truth,-3.300695,5.407174,1.678581,0.000000,0.000000,0.000000
24.34,ground_truth,-3.302500,5.423975,1.678337,0.000000,0.000000,0.000000
24.360000000000003,ground_truth,-3.303919,5.438333,1.679521,0.000000,0.000000,0.000000
24.380000000000003,ground_truth,-3.305097,5.451184,1.680585,0.000000,0.000000,0.000000
24.400000000000002,ground_truth,-3.306537,5.465220,1.679733,0.000000,0.000000,0.000000
24.42,ground_truth,-3.307866,5.478232,1.679779,0.000000,0.000000,0.000000
24.44,ground_truth,-3.309363,5.492074,1.678722,0.000000,0.000000,0.000000
24.46,ground_truth,-3.311039,5.507117,1.676620,0.000000,0.000000,0.000000
24.48,ground_truth,-3.312808,5.523012,1.674478,0.000000,0.000000,0.000000
24.5,ground_truth,-3.314602,5.539371,1.672633,0.000000,0.000000,0.000000
24.520000000000003,ground_truth,-3.316408,5.556090,1.671023,0.000000,0.000000,0.000000
24.540000000000003,ground_truth,-3.318221,5.573134,1.669655,0.000000,0.000000,0.000000
24.560000000000002,ground_truth,-3.320040,5.590476,1.668470,0.000000,0.000000,0.000000
24.580000000000002,ground_truth,-3.321851,5.608072,1.667675,0.000000,0.000000,0.000000
24.6,ground_truth,-3.323647,5.625890,1.667340,0.000000,0.000000,0.000000
24.62,ground_truth,-3.325434,5.644004,1.667597,0.000000,0.000000,0.000000
24.64,ground_truth,-3.327218,5.662445,1.668349,0.000000,0.000000,0.000000
24.66,ground_truth,-3.328996,5.681225,1.669851,0.000000,0.000000,0.000000
24.680000000000003,ground_truth,-3.330776,5.699840,1.670958,0.000000,0.000000,0.000000
24.700000000000003,ground_truth,-3.332548,5.718163,1.671713,0.000000,0.000000,0.000000
24.720000000000002,ground_truth,-3.334253,5.736114,1.672882,0.000000,0.000000,0.000000
24.740000000000002,ground_truth,-3.336001,5.754259,1.674023,0.000000,0.000000,0.000000
24.76,ground_truth,-3.337799,5.772645,1.675196,0.000000,0.000000,0.000000
24.78,ground_truth,-3.339636,5.791121,1.676164,0.000000,0.000000,0.000000
24.8,ground_truth,-3.341391,5.808141,1.675923,0.000000,0.000000,0.000000
24.82,ground_truth,-3.343080,5.824065,1.674922,0.000000,0.000000,0.000000
24.84,ground_truth,-3.344726,5.840094,1.674891,0.000000,0.000000,0.000000
24.860000000000003,ground_truth,-3.346383,5.856400,1.675389,0.000000,0.000000,0.000000
24.880000000000003,ground_truth,-3.348074,5.872939,1.675939,0.000000,0.000000,0.000000
24.900000000000002,ground_truth,-3.349800,5.889719,1.676555,0.000000,0.000000,0.000000
24.92,ground_truth,-3.351588,5.907033,1.677291,0.000000,0.000000,0.000000
24.94,ground_truth,-3.353442,5.924849,1.678029,0.000000,0.000000,0.000000
24.96,ground_truth,-3.355361,5.943072,1.678583,0.000000,0.000000,0.000000
24.98,ground_truth,-3.357330,5.961620,1.679055,0.000000,0.000000,0.000000
25.0,ground_truth,-3.359342,5.980431,1.679415,0.000000,0.000000,0.000000
25.020000000000003,ground_truth,-3.361395,5.999454,1.679570,0.000000,0.000000,0.000000
25.040000000000003,ground_truth,-3.363474,6.018647,1.679672,0.000000,0.000000,0.000000
25.060000000000002,ground_truth,-3.365576,6.037978,1.679676,0.000000,0.000000,0.000000
25.080000000000002,ground_truth,-3.367696,6.057420,1.679606,0.000000,0.000000,0.000000
25.1,ground_truth,-3.369829,6.076949,1.679475,0.000000,0.000000,0.000000
25.12,ground_truth,-3.371968,6.096519,1.679308,0.000000,0.000000,0.000000
25.14,ground_truth,-3.374112,6.116132,1.679113,0.000000,0.000000,0.000000
25.16,ground_truth,-3.376232,6.135535,1.678869,0.000000,0.000000,0.000000
25.180000000000003,ground_truth,-3.378352,6.154964,1.678643,0.000000,0.000000,0.000000
25.200000000000003,ground_truth,-3.380419,6.173913,1.678373,0.000000,0.000000,0.000000
25.220000000000002,ground_truth,-3.382483,6.192997,1.678380,0.000000,0.000000,0.000000
25.240000000000002,ground_truth,-3.384567,6.212250,1.678348,0.000000,0.000000,0.000000
25.26,ground_truth,-3.386627,6.231249,1.678234,0.000000,0.000000,0.000000
25.28,ground_truth,-3.388673,6.250081,1.677982,0.000000,0.000000,0.000000
25.3,ground_truth,-3.390557,6.268285,1.678953,0.000000,0.000000,0.000000
25.32,ground_truth,-3.392422,6.286263,1.679877,0.000000,0.000000,0.000000
25.34,ground_truth,-3.394353,6.304394,1.680201,0.000000,0.000000,0.000000
25.360000000000003,ground_truth,-3.396254,6.322187,1.680456,0.000000,0.000000,0.000000
25.380000000000003,ground_truth,-3.398191,6.340109,1.680435,0.000000,0.000000,0.000000
25.400000000000002,ground_truth,-3.400017,6.357338,1.680862,0.000000,0.000000,0.000000
25.42,ground_truth,-3.401844,6.374441,1.681254,0.000000,0.000000,0.000000
25.44,ground_truth,-3.403680,6.391386,1.681464,0.000000,0.000000,0.000000
25.46,ground_truth,-3.405383,6.407366,1.681789,0.000000,0.000000,0.000000
25.48,ground_truth,-3.407136,6.423412,1.681465,0.000000,0.000000,0.000000
25.5,ground_truth,-3.409020,6.440088,1.679973,0.000000,0.000000,0.000000
25.520000000000003,ground_truth,-3.410975,6.457386,1.678189,0.000000,0.000000,0.000000
25.540000000000003,ground_truth,-3.412950,6.475172,1.676706,0.000000,0.000000,0.000000
25.560000000000002,ground_truth,-3.414945,6.493357,1.675317,0.000000,0.000000,0.000000
25.580000000000002,ground_truth,-3.416939,6.511859,1.674290,0.000000,0.000000,0.000000
25.6,ground_truth,-3.418930,6.530615,1.673600,0.000000,0.000000,0.000000
25.62,ground_truth,-3.420917,6.549583,1.673171,0.000000,0.000000,0.000000
25.64,ground_truth,-3.422902,6.568723,1.673025,0.000000,0.000000,0.000000
25.66,ground_truth,-3.424886,6.588007,1.673116,0.000000,0.000000,0.000000
25.680000000000003,ground_truth,-3.426874,6.607409,1.673364,0.000000,0.000000,0.000000
25.700000000000003,ground_truth,-3.428845,6.626763,1.673909,0.000000,0.000000,0.000000
25.720000000000002,ground_truth,-3.430802,6.646013,1.674628,0.000000,0.000000,0.000000
25.740000000000002,ground_truth,-3.432755,6.665128,1.675363,0.000000,0.000000,0.000000
25.76,ground_truth,-3.434749,6.684454,1.675969,0.000000,0.000000,0.000000
25.78,ground_truth,-3.436773,6.703926,1.676492,0.000000,0.000000,0.000000
25.8,ground_truth,-3.438750,6.722737,1.676522,0.000000,0.000000,0.000000
25.82,ground_truth,-3.440725,6.741486,1.676494,0.000000,0.000000,0.000000
25.84,ground_truth,-3.442654,6.759902,1.676692,0.000000,0.000000,0.000000
25.860000000000003,ground_truth,-3.444479,6.777684,1.677347,0.000000,0.000000,0.000000
25.880000000000003,ground_truth,-3.446258,6.795247,1.678175,0.000000,0.000000,0.000000
25.900000000000002,ground_truth,-3.448068,6.812817,1.678667,0.000000,0.000000,0.000000
25.92,ground_truth,-3.449915,6.830609,1.679172,0.000000,0.000000,0.000000
25.94,ground_truth,-3.451592,6.846999,1.679118,0.000000,0.000000,0.000000
25.96,ground_truth,-3.453249,6.862926,1.678545,0.000000,0.000000,0.000000
25.98,ground_truth,-3.454825,6.877951,1.677890,0.000000,0.000000,0.000000
26.0,ground_truth,-3.456387,6.892960,1.677631,0.000000,0.000000,0.000000
26.020000000000003,ground_truth,-3.457972,6.908334,1.677882,0.000000,0.000000,0.000000
26.040000000000003,ground_truth,-3.459653,6.924594,1.678425,0.000000,0.000000,0.000000
26.060000000000002,ground_truth,-3.461422,6.941563,1.679052,0.000000,0.000000,0.000000
26.080000000000002,ground_truth,-3.463271,6.959106,1.679614,0.000000,0.000000,0.000000
26.1,ground_truth,-3.465187,6.977107,1.680116,0.000000,0.000000,0.000000
26.12,ground_truth,-3.467163,6.995479,1.680457,0.000000,0.000000,0.000000
26.14,ground_truth,-3.469187,7.014149,1.680682,0.000000,0.000000,0.000000
26.16,ground_truth,-3.471251,7.033059,1.680772,0.000000,0.000000,0.000000
26.180000000000003,ground_truth,-3.473350,7.052164,1.680680,0.000000,0.000000,0.000000
26.200000000000003,ground_truth,-3.475470,7.071425,1.680534,0.000000,0.000000,0.000000
26.220000000000002,ground_truth,-3.477605,7.090777,1.680304,0.000000,0.000000,0.000000
26.240000000000002,ground_truth,-3.479750,7.110227,1.680047,0.000000,0.000000,0.000000
26.26,ground_truth,-3.481899,7.129720,1.679759,0.000000,0.000000,0.000000
26.28,ground_truth,-3.484015,7.148925,1.679420,0.000000,0.000000,0.000000
26.3,ground_truth,-3.486137,7.168230,1.679103,0.000000,0.000000,0.000000
26.32,ground_truth,-3.488212,7.187117,1.678727,0.000000,0.000000,0.000000
26.340000000000003,ground_truth,-3.490288,7.206154,1.678560,0.000000,0.000000,0.000000
26.360000000000003,ground_truth,-3.492389,7.225400,1.678308,0.000000,0.000000,0.000000
26.380000000000003,ground_truth,-3.494395,7.244012,1.678238,0.000000,0.000000,0.000000
26.400000000000002,ground_truth,-3.496250,7.261827,1.678937,0.000000,0.000000,0.000000
26.42,ground_truth,-3.498043,7.279324,1.679785,0.000000,0.000000,0.000000
26.44,ground_truth,-3.499883,7.296902,1.680425,0.000000,0.000000,0.000000
26.46,ground_truth,-3.501788,7.314645,1.680508,0.000000,0.000000,0.000000
26.48,ground_truth,-3.503588,7.331616,1.680892,0.000000,0.000000,0.000000
26.5,ground_truth,-3.505352,7.348330,1.681457,0.000000,0.000000,0.000000
26.520000000000003,ground_truth,-3.506919,7.363905,1.682626,0.000000,0.000000,0.000000
26.540000000000003,ground_truth,-3.508520,7.379434,1.683380,0.000000,0.000000,0.000000
26.560000000000002,ground_truth,-3.510092,7.394230,1.683946,0.000000,0.000000,0.000000
26.580000000000002,ground_truth,-3.511869,7.409661,1.682306,0.000000,0.000000,0.000000
26.6,ground_truth,-3.513804,7.425932,1.679029,0.000000,0.000000,0.000000
26.62,ground_truth,-3.515764,7.442882,1.676059,0.000000,0.000000,0.000000
26.64,ground_truth,-3.517691,7.460350,1.674180,0.000000,0.000000,0.000000
26.66,ground_truth,-3.519594,7.478244,1.673314,0.000000,0.000000,0.000000
26.680000000000003,ground_truth,-3.521518,7.496517,1.672545,0.000000,0.000000,0.000000
26.700000000000003,ground_truth,-3.523448,7.515097,1.672065,0.000000,0.000000,0.000000
26.720000000000002,ground_truth,-3.525373,7.533922,1.672024,0.000000,0.000000,0.000000
26.740000000000002,ground_truth,-3.527309,7.552954,1.672144,0.000000,0.000000,0.000000
26.76,ground_truth,-3.529251,7.572153,1.672506,0.000000,0.000000,0.000000
26.78,ground_truth,-3.531206,7.591492,1.672966,0.000000,0.000000,0.000000
26.8,ground_truth,-3.533172,7.610942,1.673549,0.000000,0.000000,0.000000
26.82,ground_truth,-3.535121,7.630259,1.674367,0.000000,0.000000,0.000000
26.840000000000003,ground_truth,-3.537077,7.649540,1.675197,0.000000,0.000000,0.000000
26.860000000000003,ground_truth,-3.539002,7.668465,1.676162,0.000000,0.000000,0.000000
26.880000000000003,ground_truth,-3.540980,7.687560,1.676731,0.000000,0.000000,0.000000
26.900000000000002,ground_truth,-3.542994,7.706862,1.677268,0.000000,0.000000,0.000000
26.92,ground_truth,-3.544952,7.725761,1.677948,0.000000,0.000000,0.000000
26.94,ground_truth,-3.546918,7.744599,1.678520,0.000000,0.000000,0.000000
26.96,ground_truth,-3.548857,7.763018,1.678830,0.000000,0.000000,0.000000
26.98,ground_truth,-3.550799,7.781382,1.679153,0.000000,0.000000,0.000000
27.0,ground_truth,-3.552645,7.799083,1.679682,0.000000,0.000000,0.000000
27.020000000000003,ground_truth,-3.554484,7.816535,1.679958,0.000000,0.000000,0.000000
27.040000000000003,ground_truth,-3.556356,7.834276,1.680349,0.000000,0.000000,0.000000
27.060000000000002,ground_truth,-3.558154,7.851524,1.680988,0.000000,0.000000,0.000000
27.080000000000002,ground_truth,-3.559936,7.868403,1.681135,0.000000,0.000000,0.000000
27.1,ground_truth,-3.561540,7.884077,1.681787,0.000000,0.000000,0.000000
27.12,ground_truth,-3.563147,7.899302,1.681389,0.000000,0.000000,0.000000
27.14,ground_truth,-3.564778,7.914597,1.680987,0.000000,0.000000,0.000000
27.16,ground_truth,-3.566462,7.930372,1.680707,0.000000,0.000000,0.000000
27.180000000000003,ground_truth,-3.568195,7.946577,1.680530,0.000000,0.000000,0.000000
27.200000000000003,ground_truth,-3.569968,7.963166,1.680481,0.000000,0.000000,0.000000
27.220000000000002,ground_truth,-3.571783,7.980100,1.680480,0.000000,0.000000,0.000000
27.240000000000002,ground_truth,-3.573635,7.997342,1.680526,0.000000,0.000000,0.000000
27.26,ground_truth,-3.575521,8.014860,1.680588,0.000000,0.000000,0.000000
27.28,ground_truth,-3.577461,8.032742,1.680517,0.000000,0.000000,0.000000
27.3,ground_truth,-3.579478,8.051115,1.680160,0.000000,0.000000,0.000000
27.32,ground_truth,-3.581546,8.069856,1.679698,0.000000,0.000000,0.000000
27.340000000000003,ground_truth,-3.583634,8.088818,1.679330,0.000000,0.000000,0.000000
27.360000000000003,ground_truth,-3.585748,8.108006,1.678918,0.000000,0.000000,0.000000
27.380000000000003,ground_truth,-3.587873,8.127361,1.678605,0.000000,0.000000,0.000000
27.400000000000002,ground_truth,-3.589942,8.146395,1.678597,0.000000,0.000000,0.000000
27.42,ground_truth,-3.591970,8.165144,1.678752,0.000000,0.000000,0.000000
27.44,ground_truth,-3.593910,8.183245,1.679200,0.000000,0.000000,0.000000
27.46,ground_truth,-3.595867,8.201409,1.679556,0.000000,0.000000,0.000000
27.48,ground_truth,-3.597864,8.219898,1.679962,0.000000,0.000000,0.000000
27.5,ground_truth,-3.599853,8.237997,1.679689,0.000000,0.000000,0.000000
27.520000000000003,ground_truth,-3.601883,8.256385,1.679332,0.000000,0.000000,0.000000
27.540000000000003,ground_truth,-3.603842,8.274318,1.679027,0.000000,0.000000,0.000000
27.560000000000002,ground_truth,-3.605756,8.292137,1.679137,0.000000,0.000000,0.000000
27.580000000000002,ground_truth,-3.607400,8.308882,1.680639,0.000000,0.000000,0.000000
27.6,ground_truth,-3.609061,8.325512,1.681892,0.000000,0.000000,0.000000
27.62,ground_truth,-3.610799,8.342155,1.682433,0.000000,0.000000,0.000000
27.64,ground_truth,-3.612519,8.358326,1.682512,0.000000,0.000000,0.000000
27.66,ground_truth,-3.614325,8.374802,1.681912,0.000000,0.000000,0.000000
27.680000000000003,ground_truth,-3.616264,8.391876,1.680047,0.000000,0.000000,0.000000
27.700000000000003,ground_truth,-3.618257,8.409488,1.678001,0.000000,0.000000,0.000000
27.720000000000002,ground_truth,-3.620266,8.427524,1.676151,0.000000,0.000000,0.000000
27.740000000000002,ground_truth,-3.622261,8.445891,1.674924,0.000000,0.000000,0.000000
27.76,ground_truth,-3.624259,8.464541,1.673910,0.000000,0.000000,0.000000
27.78,ground_truth,-3.626235,8.483411,1.673577,0.000000,0.000000,0.000000
27.8,ground_truth,-3.628215,8.502476,1.673450,0.000000,0.000000,0.000000
27.82,ground_truth,-3.630209,8.521704,1.673309,0.000000,0.000000,0.000000
27.840000000000003,ground_truth,-3.632201,8.541057,1.673419,0.000000,0.000000,0.000000
27.860000000000003,ground_truth,-3.634191,8.560511,1.673780,0.000000,0.000000,0.000000
27.880000000000003,ground_truth,-3.636171,8.579930,1.674392,0.000000,0.000000,0.000000
27.900000000000002,ground_truth,-3.638150,8.599312,1.675093,0.000000,0.000000,0.000000
27.92,ground_truth,-3.640104,8.618399,1.675890,0.000000,0.000000,0.000000
27.94,ground_truth,-3.642103,8.637628,1.676340,0.000000,0.000000,0.000000
27.96,ground_truth,-3.644123,8.656976,1.676730,0.000000,0.000000,0.000000
27.98,ground_truth,-3.646080,8.675839,1.677503,0.000000,0.000000,0.000000
28.0,ground_truth,-3.648072,8.694797,1.678019,0.000000,0.000000,0.000000
28.020000000000003,ground_truth,-3.650030,8.713477,1.678753,0.000000,0.000000,0.000000
28.040000000000003,ground_truth,-3.652021,8.732303,1.679403,0.000000,0.000000,0.000000
28.060000000000002,ground_truth,-3.653895,8.750368,1.680224,0.000000,0.000000,0.000000
28.080000000000002,ground_truth,-3.655795,8.768329,1.680596,0.000000,0.000000,0.000000
28.1,ground_truth,-3.657690,8.786102,1.680960,0.000000,0.000000,0.000000
28.12,ground_truth,-3.659513,8.803055,1.680966,0.000000,0.000000,0.000000
28.14,ground_truth,-3.661331,8.819831,1.680916,0.000000,0.000000,0.000000
28.16,ground_truth,-3.663192,8.836945,1.680911,0.000000,0.000000,0.000000
28.180000000000003,ground_truth,-3.664987,8.853417,1.680869,0.000000,0.000000,0.000000
28.200000000000003,ground_truth,-3.666730,8.868866,1.680045,0.000000,0.000000,0.000000
28.220000000000002,ground_truth,-3.668297,8.882977,1.679776,0.000000,0.000000,0.000000
28.240000000000002,ground_truth,-3.669900,8.897557,1.679719,0.000000,0.000000,0.000000
28.26,ground_truth,-3.671354,8.911009,1.679876,0.000000,0.000000,0.000000
28.28,ground_truth,-3.672815,8.924160,1.679359,0.000000,0.000000,0.000000
28.3,ground_truth,-3.674229,8.937133,1.679329,0.000000,0.000000,0.000000
28.32,ground_truth,-3.675429,8.948479,1.679471,0.000000,0.000000,0.000000
28.340000000000003,ground_truth,-3.676649,8.959612,1.678820,0.000000,0.000000,0.000000
28.360000000000003,ground_truth,-3.677667,8.968680,1.677944,0.000000,0.000000,0.000000
28.380000000000003,ground_truth,-3.678675,8.977629,1.677448,0.000000,0.000000,0.000000
28.400000000000002,ground_truth,-3.679640,8.986617,1.677595,0.000000,0.000000,0.000000
28.42,ground_truth,-3.680457,8.994656,1.678234,0.000000,0.000000,0.000000
28.44,ground_truth,-3.681289,9.002560,1.678540,0.000000,0.000000,0.000000
28.46,ground_truth,-3.682078,9.009498,1.677583,0.000000,0.000000,0.000000
28.48,ground_truth,-3.682875,9.016840,1.677010,0.000000,0.000000,0.000000
28.5,ground_truth,-3.683674,9.024318,1.676847,0.000000,0.000000,0.000000
28.520000000000003,ground_truth,-3.684383,9.031242,1.677245,0.000000,0.000000,0.000000
28.540000000000003,ground_truth,-3.685117,9.038295,1.677655,0.000000,0.000000,0.000000
28.560000000000002,ground_truth,-3.685795,9.044571,1.677567,0.000000,0.000000,0.000000
28.580000000000002,ground_truth,-3.686484,9.051015,1.677689,0.000000,0.000000,0.000000
28.6,ground_truth,-3.687178,9.057498,1.677756,0.000000,0.000000,0.000000
28.62,ground_truth,-3.687886,9.064190,1.678007,0.000000,0.000000,0.000000
28.64,ground_truth,-3.688509,9.069975,1.677945,0.000000,0.000000,0.000000
28.66,ground_truth,-3.689084,9.075143,1.677702,0.000000,0.000000,0.000000
28.680000000000003,ground_truth,-3.689664,9.080624,1.677933,0.000000,0.000000,0.000000
28.700000000000003,ground_truth,-3.690179,9.085681,1.678206,0.000000,0.000000,0.000000
28.720000000000002,ground_truth,-3.690734,9.090898,1.678329,0.000000,0.000000,0.000000
28.740000000000002,ground_truth,-3.691289,9.096090,1.678437,0.000000,0.000000,0.000000
28.76,ground_truth,-3.691781,9.100743,1.678455,0.000000,0.000000,0.000000
28.78,ground_truth,-3.692264,9.105199,1.678465,0.000000,0.000000,0.000000
28.8,ground_truth,-3.692658,9.108853,1.678351,0.000000,0.000000,0.000000
28.82,ground_truth,-3.693070,9.112670,1.678449,0.000000,0.000000,0.000000
28.840000000000003,ground_truth,-3.693503,9.116698,1.678600,0.000000,0.000000,0.000000
28.860000000000003,ground_truth,-3.693698,9.120679,1.681982,0.000000,0.000000,0.000000
28.880000000000003,ground_truth,-3.693398,9.124402,1.693386,0.000000,0.000000,0.000000
28.900000000000002,ground_truth,-3.692435,9.127500,1.717655,0.000000,0.000000,0.000000
28.92,ground_truth,-3.691019,9.130575,1.751684,0.000000,0.000000,0.000000
28.94,ground_truth,-3.689356,9.133918,1.793698,0.000000,0.000000,0.000000
28.96,ground_truth,-3.687694,9.137410,1.838949,0.000000,0.000000,0.000000
28.98,ground_truth,-3.686157,9.141059,1.885176,0.000000,0.000000,0.000000
29.000000000000004,ground_truth,-3.684973,9.144696,1.921994,0.000000,0.000000,0.000000
29.020000000000003,ground_truth,-3.683727,9.148601,1.964752,0.000000,0.000000,0.000000
29.040000000000003,ground_truth,-3.682836,9.152735,2.007715,0.000000,0.000000,0.000000
29.060000000000002,ground_truth,-3.682213,9.156910,2.050416,0.000000,0.000000,0.000000
29.080000000000002,ground_truth,-3.681841,9.161071,2.093962,0.000000,0.000000,0.000000
29.1,ground_truth,-3.681599,9.164873,2.127818,0.000000,0.000000,0.000000
29.12,ground_truth,-3.681115,9.168698,2.164788,0.000000,0.000000,0.000000
29.14,ground_truth,-3.680733,9.172197,2.199489,0.000000,0.000000,0.000000
29.16,ground_truth,-3.680236,9.175220,2.232737,0.000000,0.000000,0.000000
29.180000000000003,ground_truth,-3.679969,9.178182,2.266688,0.000000,0.000000,0.000000
29.200000000000003,ground_truth,-3.679977,9.180986,2.297265,0.000000,0.000000,0.000000
29.220000000000002,ground_truth,-3.680125,9.183839,2.329177,0.000000,0.000000,0.000000
29.240000000000002,ground_truth,-3.680831,9.186851,2.358948,0.000000,0.000000,0.000000
29.26,ground_truth,-3.681917,9.189845,2.386273,0.000000,0.000000,0.000000
29.28,ground_truth,-3.682822,9.192312,2.411939,0.000000,0.000000,0.000000
29.3,ground_truth,-3.683567,9.194809,2.440478,0.000000,0.000000,0.000000
29.32,ground_truth,-3.684238,9.197302,2.471386,0.000000,0.000000,0.000000
29.340000000000003,ground_truth,-3.684782,9.199730,2.502805,0.000000,0.000000,0.000000
29.360000000000003,ground_truth,-3.685619,9.202190,2.532767,0.000000,0.000000,0.000000
29.380000000000003,ground_truth,-3.686716,9.204425,2.559171,0.000000,0.000000,0.000000
29.400000000000002,ground_truth,-3.688022,9.206992,2.588699,0.000000,0.000000,0.000000
29.42,ground_truth,-3.689206,9.209768,2.620685,0.000000,0.000000,0.000000
29.44,ground_truth,-3.690220,9.212140,2.646058,0.000000,0.000000,0.000000
29.46,ground_truth,-3.690888,9.214528,2.672355,0.000000,0.000000,0.000000
29.48,ground_truth,-3.691358,9.216589,2.694728,0.000000,0.000000,0.000000
29.500000000000004,ground_truth,-3.691415,9.218972,2.719176,0.000000,0.000000,0.000000
29.520000000000003,ground_truth,-3.691010,9.220741,2.739445,0.000000,0.000000,0.000000
29.540000000000003,ground_truth,-3.690363,9.222140,2.759155,0.000000,0.000000,0.000000
29.560000000000002,ground_truth,-3.689774,9.222934,2.770618,0.000000,0.000000,0.000000
29.580000000000002,ground_truth,-3.689488,9.223510,2.778879,0.000000,0.000000,0.000000
29.6,ground_truth,-3.688829,9.224167,2.794741,0.000000,0.000000,0.000000
29.62,ground_truth,-3.688789,9.224822,2.809621,0.000000,0.000000,0.000000
29.64,ground_truth,-3.688894,9.225430,2.824959,0.000000,0.000000,0.000000
29.66,ground_truth,-3.688991,9.226059,2.841474,0.000000,0.000000,0.000000
29.680000000000003,ground_truth,-3.689385,9.226490,2.848927,0.000000,0.000000,0.000000
29.700000000000003,ground_truth,-3.689368,9.227055,2.862876,0.000000,0.000000,0.000000
29.720000000000002,ground_truth,-3.688490,9.227171,2.871327,0.000000,0.000000,0.000000
29.740000000000002,ground_truth,-3.688595,9.227364,2.881872,0.000000,0.000000,0.000000
29.76,ground_truth,-3.689065,9.227908,2.899537,0.000000,0.000000,0.000000
29.78,ground_truth,-3.690892,9.228664,2.917049,0.000000,0.000000,0.000000
29.8,ground_truth,-3.692973,9.229985,2.939817,0.000000,0.000000,0.000000
29.82,ground_truth,-3.696714,9.231500,2.960122,0.000000,0.000000,0.000000
29.840000000000003,ground_truth,-3.701229,9.233204,2.983215,0.000000,0.000000,0.000000
29.860000000000003,ground_truth,-3.706792,9.235506,3.003903,0.000000,0.000000,0.000000
29.880000000000003,ground_truth,-3.713396,9.238531,3.020459,0.000000,0.000000,0.000000
29.900000000000002,ground_truth,-3.722164,9.241431,3.032566,0.000000,0.000000,0.000000
29.92,ground_truth,-3.732661,9.243987,3.042933,0.000000,0.000000,0.000000
29.94,ground_truth,-3.744048,9.246561,3.054953,0.000000,0.000000,0.000000
29.96,ground_truth,-3.756321,9.249016,3.067917,0.000000,0.000000,0.000000
29.98,ground_truth,-3.768983,9.251356,3.081575,0.000000,0.000000,0.000000
30.000000000000004,ground_truth,-3.782238,9.253443,3.095291,0.000000,0.000000,0.000000
30.020000000000003,ground_truth,-3.795758,9.255089,3.106499,0.000000,0.000000,0.000000
30.040000000000003,ground_truth,-3.809307,9.256634,3.118690,0.000000,0.000000,0.000000
30.060000000000002,ground_truth,-3.823050,9.257926,3.130711,0.000000,0.000000,0.000000
30.080000000000002,ground_truth,-3.837217,9.258957,-3.140974,0.000000,0.000000,0.000000
30.1,ground_truth,-3.851884,9.259645,-3.131071,0.000000,0.000000,0.000000
30.12,ground_truth,-3.866599,9.260203,-3.122236,0.000000,0.000000,0.000000
30.14,ground_truth,-3.881157,9.260596,-3.113864,0.000000,0.000000,0.000000
30.16,ground_truth,-3.896287,9.260778,-3.107292,0.000000,0.000000,0.000000
30.180000000000003,ground_truth,-3.911868,9.260800,-3.101137,0.000000,0.000000,0.000000
30.200000000000003,ground_truth,-3.927905,9.260665,-3.096165,0.000000,0.000000,0.000000
30.220000000000002,ground_truth,-3.944344,9.260400,-3.091731,0.000000,0.000000,0.000000
30.240000000000002,ground_truth,-3.961170,9.260008,-3.088173,0.000000,0.000000,0.000000
30.26,ground_truth,-3.978342,9.259498,-3.085534,0.000000,0.000000,0.000000
30.28,ground_truth,-3.995810,9.258900,-3.083255,0.000000,0.000000,0.000000
30.3,ground_truth,-4.013553,9.258206,-3.081690,0.000000,0.000000,0.000000
30.32,ground_truth,-4.031539,9.257435,-3.080580,0.000000,0.000000,0.000000
30.340000000000003,ground_truth,-4.049742,9.256598,-3.079838,0.000000,0.000000,0.000000
30.360000000000003,ground_truth,-4.068138,9.255702,-3.079436,0.000000,0.000000,0.000000
30.380000000000003,ground_truth,-4.086705,9.254758,-3.079239,0.000000,0.000000,0.000000
30.400000000000002,ground_truth,-4.105312,9.253768,-3.079227,0.000000,0.000000,0.000000
30.42,ground_truth,-4.124013,9.252744,-3.079250,0.000000,0.000000,0.000000
30.44,ground_truth,-4.142977,9.251657,-3.079598,0.000000,0.000000,0.000000
30.46,ground_truth,-4.161874,9.250557,-3.079754,0.000000,0.000000,0.000000
30.48,ground_truth,-4.180707,9.249441,-3.079909,0.000000,0.000000,0.000000
30.500000000000004,ground_truth,-4.198982,9.248403,-3.079056,0.000000,0.000000,0.000000
30.520000000000003,ground_truth,-4.217444,9.247306,-3.078749,0.000000,0.000000,0.000000
30.540000000000003,ground_truth,-4.236174,9.246154,-3.078927,0.000000,0.000000,0.000000
30.560000000000002,ground_truth,-4.255064,9.244993,-3.079007,0.000000,0.000000,0.000000
30.580000000000002,ground_truth,-4.273097,9.243931,-3.078550,0.000000,0.000000,0.000000
30.6,ground_truth,-4.289963,9.242997,-3.077615,0.000000,0.000000,0.000000
30.62,ground_truth,-4.306245,9.242066,-3.077446,0.000000,0.000000,0.000000
30.64,ground_truth,-4.322469,9.241092,-3.077747,0.000000,0.000000,0.000000
30.66,ground_truth,-4.338801,9.240095,-3.078060,0.000000,0.000000,0.000000
30.680000000000003,ground_truth,-4.355048,9.239093,-3.078423,0.000000,0.000000,0.000000
30.700000000000003,ground_truth,-4.370209,9.238122,-3.079120,0.000000,0.000000,0.000000
30.720000000000002,ground_truth,-4.385293,9.237150,-3.079671,0.000000,0.000000,0.000000
30.740000000000002,ground_truth,-4.399065,9.236257,-3.080246,0.000000,0.000000,0.000000
30.76,ground_truth,-4.412543,9.235374,-3.080729,0.000000,0.000000,0.000000
30.78,ground_truth,-4.425196,9.234573,-3.080973,0.000000,0.000000,0.000000
30.8,ground_truth,-4.436774,9.233811,-3.081500,0.000000,0.000000,0.000000
30.82,ground_truth,-4.448493,9.233063,-3.081956,0.000000,0.000000,0.000000
30.840000000000003,ground_truth,-4.459447,9.232345,-3.082429,0.000000,0.000000,0.000000
30.860000000000003,ground_truth,-4.469823,9.231627,-3.083224,0.000000,0.000000,0.000000
30.880000000000003,ground_truth,-4.480135,9.230973,-3.083286,0.000000,0.000000,0.000000
30.900000000000002,ground_truth,-4.490060,9.230382,-3.083083,0.000000,0.000000,0.000000
30.92,ground_truth,-4.499685,9.229825,-3.082831,0.000000,0.000000,0.000000
30.94,ground_truth,-4.508469,9.229311,-3.083001,0.000000,0.000000,0.000000
30.96,ground_truth,-4.516729,9.228844,-3.082861,0.000000,0.000000,0.000000
30.98,ground_truth,-4.524675,9.228379,-3.082994,0.000000,0.000000,0.000000
31.000000000000004,ground_truth,-4.532377,9.227930,-3.083010,0.000000,0.000000,0.000000
31.020000000000003,ground_truth,-4.540225,9.227483,-3.082823,0.000000,0.000000,0.000000
31.040000000000003,ground_truth,-4.546806,9.227098,-3.082987,0.000000,0.000000,0.000000
31.060000000000002,ground_truth,-4.553509,9.226706,-3.082907,0.000000,0.000000,0.000000
31.080000000000002,ground_truth,-4.559329,9.226372,-3.083070,0.000000,0.000000,0.000000
31.1,ground_truth,-4.564983,9.226042,-3.083120,0.000000,0.000000,0.000000
31.12,ground_truth,-4.570936,9.225701,-3.082957,0.000000,0.000000,0.000000
31.14,ground_truth,-4.576441,9.225392,-3.082825,0.000000,0.000000,0.000000
31.160000000000004,ground_truth,-4.581734,9.225079,-3.083000,0.000000,0.000000,0.000000
31.180000000000003,ground_truth,-4.586256,9.224769,-3.083307,0.000000,0.000000,0.000000
31.200000000000003,ground_truth,-4.591133,9.224459,-3.083369,0.000000,0.000000,0.000000
31.220000000000002,ground_truth,-4.595952,9.224177,-3.083217,0.000000,0.000000,0.000000
31.240000000000002,ground_truth,-4.600290,9.223896,-3.083434,0.000000,0.000000,0.000000
31.26,ground_truth,-4.604892,9.223616,-3.083474,0.000000,0.000000,0.000000
31.28,ground_truth,-4.608408,9.223351,-3.084036,0.000000,0.000000,0.000000
31.3,ground_truth,-4.611935,9.223135,-3.083985,0.000000,0.000000,0.000000
31.32,ground_truth,-4.615094,9.222974,-3.083709,0.000000,0.000000,0.000000
31.340000000000003,ground_truth,-4.618706,9.222768,-3.083592,0.000000,0.000000,0.000000
31.360000000000003,ground_truth,-4.622567,9.222543,-3.083510,0.000000,0.000000,0.000000
31.380000000000003,ground_truth,-4.625898,9.222360,-3.083389,0.000000,0.000000,0.000000
31.400000000000002,ground_truth,-4.628898,9.222195,-3.083331,0.000000,0.000000,0.000000
31.42,ground_truth,-4.631765,9.222038,-3.083279,0.000000,0.000000,0.000000
31.44,ground_truth,-4.634753,9.221868,-3.083181,0.000000,0.000000,0.000000
31.46,ground_truth,-4.638005,9.221677,-3.083139,0.000000,0.000000,0.000000
31.48,ground_truth,-4.640824,9.221534,-3.082954,0.000000,0.000000,0.000000
31.500000000000004,ground_truth,-4.642960,9.221432,-3.082827,0.000000,0.000000,0.000000
31.520000000000003,ground_truth,-4.645050,9.221310,-3.082873,0.000000,0.000000,0.000000
31.540000000000003,ground_truth,-4.647477,9.221169,-3.082861,0.000000,0.000000,0.000000
31.560000000000002,ground_truth,-4.650071,9.221017,-3.082845,0.000000,0.000000,0.000000
31.580000000000002,ground_truth,-4.652356,9.220901,-3.082701,0.000000,0.000000,0.000000
31.6,ground_truth,-4.654686,9.220773,-3.082618,0.000000,0.000000,0.000000
31.62,ground_truth,-4.656828,9.220653,-3.082617,0.000000,0.000000,0.000000
31.64,ground_truth,-4.658806,9.220551,-3.082537,0.000000,0.000000,0.000000
31.660000000000004,ground_truth,-4.660732,9.220444,-3.082505,0.000000,0.000000,0.000000
31.680000000000003,ground_truth,-4.662661,9.220331,-3.082466,0.000000,0.000000,0.000000
31.700000000000003,ground_truth,-4.664640,9.220215,-3.082429,0.000000,0.000000,0.000000
31.720000000000002,ground_truth,-4.666182,9.220135,-3.082387,0.000000,0.000000,0.000000
31.740000000000002,ground_truth,-4.667714,9.220053,-3.082344,0.000000,0.000000,0.000000
31.76,ground_truth,-4.669357,9.219957,-3.082341,0.000000,0.000000,0.000000
31.78,ground_truth,-4.670899,9.219866,-3.082306,0.000000,0.000000,0.000000
31.8,ground_truth,-4.672555,9.219767,-3.082300,0.000000,0.000000,0.000000
31.82,ground_truth,-4.673700,9.219709,-3.082237,0.000000,0.000000,0.000000
31.840000000000003,ground_truth,-4.675174,9.219622,-3.082230,0.000000,0.000000,0.000000
31.860000000000003,ground_truth,-4.676259,9.219560,-3.082230,0.000000,0.000000,0.000000
31.880000000000003,ground_truth,-4.677477,9.219489,-3.082204,0.000000,0.000000,0.000000
31.900000000000002,ground_truth,-4.678747,9.219413,-3.082209,0.000000,0.000000,0.000000
31.92,ground_truth,-4.679657,9.219362,-3.082174,0.000000,0.000000,0.000000
31.94,ground_truth,-4.680857,9.219291,-3.082184,0.000000,0.000000,0.000000
31.96,ground_truth,-4.681699,9.219244,-3.082170,0.000000,0.000000,0.000000
31.98,ground_truth,-4.682532,9.219197,-3.082155,0.000000,0.000000,0.000000
32.0,ground_truth,-4.683582,9.219135,-3.082152,0.000000,0.000000,0.000000
32.02,ground_truth,-4.684548,9.219077,-3.082135,0.000000,0.000000,0.000000
32.04,ground_truth,-4.685377,9.219032,-3.082103,0.000000,0.000000,0.000000
32.06,ground_truth,-4.686213,9.218982,-3.082104,0.000000,0.000000,0.000000
32.080000000000005,ground_truth,-4.687012,9.218936,-3.082084,0.000000,0.000000,0.000000
32.1,ground_truth,-4.687712,9.218894,-3.082093,0.000000,0.000000,0.000000
32.120000000000005,ground_truth,-4.688445,9.218850,-3.082085,0.000000,0.000000,0.000000
32.14,ground_truth,-4.689263,9.218802,-3.082082,0.000000,0.000000,0.000000
32.160000000000004,ground_truth,-4.689850,9.218767,-3.082073,0.000000,0.000000,0.000000
32.18,ground_truth,-4.690456,9.218733,-3.082054,0.000000,0.000000,0.000000
32.2,ground_truth,-4.691065,9.218697,-3.082057,0.000000,0.000000,0.000000
32.22,ground_truth,-4.691684,9.218660,-3.082053,0.000000,0.000000,0.000000
32.24,ground_truth,-4.692362,9.218620,-3.082045,0.000000,0.000000,0.000000
32.260000000000005,ground_truth,-4.692745,9.218598,-3.082032,0.000000,0.000000,0.000000
32.28,ground_truth,-4.693343,9.218563,-3.082024,0.000000,0.000000,0.000000
32.300000000000004,ground_truth,-4.693662,9.218544,-3.082031,0.000000,0.000000,0.000000
32.32,ground_truth,-4.694203,9.218512,-3.082023,0.000000,0.000000,0.000000
32.34,ground_truth,-4.694568,9.218489,-3.082021,0.000000,0.000000,0.000000
32.36,ground_truth,-4.695037,9.218469,-3.081806,0.000000,0.000000,0.000000
32.38,ground_truth,-4.695514,9.218874,-3.073181,0.000000,0.000000,0.000000
32.4,ground_truth,-4.695958,9.219817,-3.053788,0.000000,0.000000,0.000000
32.42,ground_truth,-4.696475,9.221166,-3.024940,0.000000,0.000000,0.000000
32.440000000000005,ground_truth,-4.697103,9.222808,-2.988409,0.000000,0.000000,0.000000
32.46,ground_truth,-4.697927,9.224637,-2.945350,0.000000,0.000000,0.000000
32.480000000000004,ground_truth,-4.698946,9.226623,-2.896857,0.000000,0.000000,0.000000
32.5,ground_truth,-4.700015,9.228682,-2.846383,0.000000,0.000000,0.000000
32.52,ground_truth,-4.701625,9.230816,-2.794348,0.000000,0.000000,0.000000
32.54,ground_truth,-4.703336,9.232950,-2.746491,0.000000,0.000000,0.000000
32.56,ground_truth,-4.705254,9.235321,-2.694640,0.000000,0.000000,0.000000
32.580000000000005,ground_truth,-4.707325,9.237909,-2.638126,0.000000,0.000000,0.000000
32.6,ground_truth,-4.709707,9.240250,-2.588413,0.000000,0.000000,0.000000
32.620000000000005,ground_truth,-4.711903,9.242837,-2.538324,0.000000,0.000000,0.000000
32.64,ground_truth,-4.713865,9.245063,-2.494027,0.000000,0.000000,0.000000
32.660000000000004,ground_truth,-4.715966,9.247303,-2.444735,0.000000,0.000000,0.000000
32.68,ground_truth,-4.717989,9.249117,-2.402631,0.000000,0.000000,0.000000
32.7,ground_truth,-4.720057,9.251058,-2.355884,0.000000,0.000000,0.000000
32.72,ground_truth,-4.722117,9.253034,-2.304547,0.000000,0.000000,0.000000
32.74,ground_truth,-4.724119,9.254654,-2.256224,0.000000,0.000000,0.000000
32.760000000000005,ground_truth,-4.725892,9.256120,-2.208833,0.000000,0.000000,0.000000
32.78,ground_truth,-4.727237,9.257440,-2.163808,0.000000,0.000000,0.000000
32.800000000000004,ground_truth,-4.728648,9.258807,-2.118910,0.000000,0.000000,0.000000
32.82,ground_truth,-4.730120,9.260300,-2.069993,0.000000,0.000000,0.000000
32.84,ground_truth,-4.731139,9.261317,-2.031325,0.000000,0.000000,0.000000
32.86,ground_truth,-4.732237,9.262458,-1.990429,0.000000,0.000000,0.000000
32.88,ground_truth,-4.732950,9.263355,-1.959935,0.000000,0.000000,0.000000
32.9,ground_truth,-4.733921,9.264283,-1.928482,0.000000,0.000000,0.000000
32.92,ground_truth,-4.735480,9.264761,-1.895414,0.000000,0.000000,0.000000
32.940000000000005,ground_truth,-4.736790,9.264617,-1.874121,0.000000,0.000000,0.000000
32.96,ground_truth,-4.738076,9.264808,-1.851388,0.000000,0.000000,0.000000
32.980000000000004,ground_truth,-4.739011,9.265701,-1.836984,0.000000,0.000000,0.000000
33.0,ground_truth,-4.740031,9.266583,-1.817847,0.000000,0.000000,0.000000
33.02,ground_truth,-4.741191,9.267259,-1.793963,0.000000,0.000000,0.000000
33.04,ground_truth,-4.742408,9.267863,-1.765887,0.000000,0.000000,0.000000
33.06,ground_truth,-4.743654,9.268442,-1.734979,0.000000,0.000000,0.000000
33.080000000000005,ground_truth,-4.744830,9.268381,-1.712069,0.000000,0.000000,0.000000
33.1,ground_truth,-4.745907,9.268288,-1.690587,0.000000,0.000000,0.000000
33.120000000000005,ground_truth,-4.746708,9.268145,-1.676541,0.000000,0.000000,0.000000
33.14,ground_truth,-4.747599,9.268150,-1.656211,0.000000,0.000000,0.000000
33.160000000000004,ground_truth,-4.748354,9.268303,-1.633346,0.000000,0.000000,0.000000
33.18,ground_truth,-4.749042,9.268811,-1.612343,0.000000,0.000000,0.000000
33.2,ground_truth,-4.749775,9.269465,-1.590852,0.000000,0.000000,0.000000
33.22,ground_truth,-4.750313,9.269984,-1.578048,0.000000,0.000000,0.000000
33.24,ground_truth,-4.750992,9.270247,-1.561353,0.000000,0.000000,0.000000
33.260000000000005,ground_truth,-4.751785,9.270422,-1.540329,0.000000,0.000000,0.000000
33.28,ground_truth,-4.752445,9.270685,-1.517950,0.000000,0.000000,0.000000
33.300000000000004,ground_truth,-4.752911,9.271004,-1.497044,0.000000,0.000000,0.000000
33.32,ground_truth,-4.753074,9.271223,-1.487594,0.000000,0.000000,0.000000
33.34,ground_truth,-4.753462,9.271616,-1.474804,0.000000,0.000000,0.000000
33.36,ground_truth,-4.753841,9.272672,-1.465063,0.000000,0.000000,0.000000
33.38,ground_truth,-4.754295,9.273564,-1.450888,0.000000,0.000000,0.000000
33.4,ground_truth,-4.754828,9.274296,-1.432550,0.000000,0.000000,0.000000
33.42,ground_truth,-4.755039,9.274229,-1.417456,0.000000,0.000000,0.000000
33.440000000000005,ground_truth,-4.755376,9.274035,-1.399711,0.000000,0.000000,0.000000
33.46,ground_truth,-4.755152,9.273873,-1.393318,0.000000,0.000000,0.000000
33.480000000000004,ground_truth,-4.755225,9.274088,-1.386218,0.000000,0.000000,0.000000
33.5,ground_truth,-4.755617,9.274394,-1.374578,0.000000,0.000000,0.000000
33.52,ground_truth,-4.756087,9.274941,-1.362977,0.000000,0.000000,0.000000
33.54,ground_truth,-4.756565,9.275313,-1.349347,0.000000,0.000000,0.000000
33.56,ground_truth,-4.756566,9.274472,-1.343007,0.000000,0.000000,0.000000
33.580000000000005,ground_truth,-4.756647,9.273075,-1.332217,0.000000,0.000000,0.000000
33.6,ground_truth,-4.756566,9.270420,-1.320165,0.000000,0.000000,0.000000
33.620000000000005,ground_truth,-4.756548,9.266815,-1.305989,0.000000,0.000000,0.000000
33.64,ground_truth,-4.756596,9.262758,-1.288410,0.000000,0.000000,0.000000
33.660000000000004,ground_truth,-4.755844,9.257050,-1.272488,0.000000,0.000000,0.000000
33.68,ground_truth,-4.755142,9.251107,-1.252828,0.000000,0.000000,0.000000
33.7,ground_truth,-4.753720,9.243674,-1.235466,0.000000,0.000000,0.000000
33.72,ground_truth,-4.752466,9.236150,-1.215437,0.000000,0.000000,0.000000
33.74,ground_truth,-4.751026,9.228129,-1.195592,0.000000,0.000000,0.000000
33.760000000000005,ground_truth,-4.748724,9.219006,-1.178364,0.000000,0.000000,0.000000
33.78,ground_truth,-4.745824,9.209265,-1.161663,0.000000,0.000000,0.000000
33.800000000000004,ground_truth,-4.741998,9.198488,-1.148797,0.000000,0.000000,0.000000
33.82,ground_truth,-4.737875,9.187555,-1.134281,0.000000,0.000000,0.000000
33.84,ground_truth,-4.733022,9.175654,-1.120786,0.000000,0.000000,0.000000
33.86,ground_truth,-4.727510,9.163206,-1.110895,0.000000,0.000000,0.000000
33.88,ground_truth,-4.721687,9.150449,-1.101010,0.000000,0.000000,0.000000
33.9,ground_truth,-4.715422,9.137366,-1.093459,0.000000,0.000000,0.000000
33.92,ground_truth,-4.708792,9.123724,-1.085062,0.000000,0.000000,0.000000
33.940000000000005,ground_truth,-4.701743,9.109575,-1.077337,0.000000,0.000000,0.000000
33.96,ground_truth,-4.694579,9.095565,-1.072067,0.000000,0.000000,0.000000
33.980000000000004,ground_truth,-4.687051,9.081015,-1.066090,0.000000,0.000000,0.000000
34.0,ground_truth,-4.679667,9.066954,-1.063068,0.000000,0.000000,0.000000
34.02,ground_truth,-4.672316,9.053110,-1.060875,0.000000,0.000000,0.000000
34.04,ground_truth,-4.664991,9.039463,-1.059654,0.000000,0.000000,0.000000
34.06,ground_truth,-4.657633,9.026113,-1.061130,0.000000,0.000000,0.000000
34.080000000000005,ground_truth,-4.649803,9.012786,-1.071288,0.000000,0.000000,0.000000
34.1,ground_truth,-4.641491,8.998643,-1.082284,0.000000,0.000000,0.000000
34.120000000000005,ground_truth,-4.632952,8.983898,-1.093329,0.000000,0.000000,0.000000
34.14,ground_truth,-4.624652,8.968824,-1.100086,0.000000,0.000000,0.000000
34.160000000000004,ground_truth,-4.616372,8.953413,-1.105796,0.000000,0.000000,0.000000
34.18,ground_truth,-4.608129,8.937730,-1.111041,0.000000,0.000000,0.000000
34.2,ground_truth,-4.599943,8.921792,-1.114892,0.000000,0.000000,0.000000
34.22,ground_truth,-4.591762,8.905610,-1.118257,0.000000,0.000000,0.000000
34.24,ground_truth,-4.583604,8.889206,-1.120720,0.000000,0.000000,0.000000
34.260000000000005,ground_truth,-4.575417,8.872546,-1.122496,0.000000,0.000000,0.000000
34.28,ground_truth,-4.567127,8.855617,-1.124240,0.000000,0.000000,0.000000
34.300000000000004,ground_truth,-4.558836,8.838537,-1.125096,0.000000,0.000000,0.000000
34.32,ground_truth,-4.550527,8.821327,-1.125542,0.000000,0.000000,0.000000
34.34,ground_truth,-4.542398,8.804339,-1.125037,0.000000,0.000000,0.000000
34.36,ground_truth,-4.534350,8.787458,-1.124298,0.000000,0.000000,0.000000
34.38,ground_truth,-4.526258,8.770530,-1.123993,0.000000,0.000000,0.000000
34.400000000000006,ground_truth,-4.518000,8.753315,-1.124099,0.000000,0.000000,0.000000
34.42,ground_truth,-4.509633,8.735873,-1.124220,0.000000,0.000000,0.000000
34.440000000000005,ground_truth,-4.501599,8.718898,-1.123516,0.000000,0.000000,0.000000
34.46,ground_truth,-4.493678,8.702086,-1.122741,0.000000,0.000000,0.000000
34.480000000000004,ground_truth,-4.486164,8.685845,-1.121437,0.000000,0.000000,0.000000
34.5,ground_truth,-4.478548,8.669558,-1.120650,0.000000,0.000000,0.000000
34.52,ground_truth,-4.470740,8.653051,-1.120480,0.000000,0.000000,0.000000
34.54,ground_truth,-4.463203,8.637078,-1.119829,0.000000,0.000000,0.000000
34.56,ground_truth,-4.455904,8.621555,-1.118585,0.000000,0.000000,0.000000
34.580000000000005,ground_truth,-4.448754,8.606307,-1.117176,0.000000,0.000000,0.000000
34.6,ground_truth,-4.441493,8.591028,-1.116503,0.000000,0.000000,0.000000
34.620000000000005,ground_truth,-4.434441,8.576345,-1.116762,0.000000,0.000000,0.000000
34.64,ground_truth,-4.427746,8.562300,-1.116976,0.000000,0.000000,0.000000
34.660000000000004,ground_truth,-4.421603,8.549636,-1.121593,0.000000,0.000000,0.000000
34.68,ground_truth,-4.415653,8.537813,-1.136530,0.000000,0.000000,0.000000
34.7,ground_truth,-4.410020,8.527150,-1.159608,0.000000,0.000000,0.000000
34.72,ground_truth,-4.404218,8.516476,-1.182534,0.000000,0.000000,0.000000
34.74,ground_truth,-4.398144,8.505943,-1.205503,0.000000,0.000000,0.000000
34.760000000000005,ground_truth,-4.391598,8.495721,-1.228042,0.000000,0.000000,0.000000
34.78,ground_truth,-4.385000,8.484848,-1.247223,0.000000,0.000000,0.000000
34.800000000000004,ground_truth,-4.378794,8.473221,-1.265861,0.000000,0.000000,0.000000
34.82,ground_truth,-4.372936,8.460649,-1.281935,0.000000,0.000000,0.000000
34.84,ground_truth,-4.367292,8.447288,-1.297092,0.000000,0.000000,0.000000
34.86,ground_truth,-4.361914,8.433134,-1.311324,0.000000,0.000000,0.000000
34.88,ground_truth,-4.356860,8.418281,-1.322892,0.000000,0.000000,0.000000
34.900000000000006,ground_truth,-4.351967,8.402719,-1.334043,0.000000,0.000000,0.000000
34.92,ground_truth,-4.347239,8.386365,-1.342873,0.000000,0.000000,0.000000
34.940000000000005,ground_truth,-4.342678,8.369361,-1.349104,0.000000,0.000000,0.000000
34.96,ground_truth,-4.338173,8.351898,-1.355079,0.000000,0.000000,0.000000
34.980000000000004,ground_truth,-4.333903,8.334420,-1.358883,0.000000,0.000000,0.000000
35.0,ground_truth,-4.329672,8.316670,-1.362830,0.000000,0.000000,0.000000
35.02,ground_truth,-4.325737,8.299210,-1.364344,0.000000,0.000000,0.000000
35.04,ground_truth,-4.321805,8.281596,-1.366075,0.000000,0.000000,0.000000
35.06,ground_truth,-4.318084,8.264500,-1.366532,0.000000,0.000000,0.000000
35.080000000000005,ground_truth,-4.314337,8.247151,-1.367258,0.000000,0.000000,0.000000
35.1,ground_truth,-4.310531,8.229425,-1.368250,0.000000,0.000000,0.000000
35.120000000000005,ground_truth,-4.306819,8.212097,-1.369177,0.000000,0.000000,0.000000
35.14,ground_truth,-4.303218,8.195078,-1.369501,0.000000,0.000000,0.000000
35.160000000000004,ground_truth,-4.299742,8.178587,-1.369836,0.000000,0.000000,0.000000
35.18,ground_truth,-4.296308,8.162201,-1.370199,0.000000,0.000000,0.000000
35.2,ground_truth,-4.292864,8.145689,-1.370701,0.000000,0.000000,0.000000
35.22,ground_truth,-4.289582,8.129965,-1.371292,0.000000,0.000000,0.000000
35.24,ground_truth,-4.286333,8.114287,-1.371721,0.000000,0.000000,0.000000
35.260000000000005,ground_truth,-4.283507,8.100337,-1.371755,0.000000,0.000000,0.000000
35.28,ground_truth,-4.280354,8.086052,-1.376906,0.000000,0.000000,0.000000
35.300000000000004,ground_truth,-4.277142,8.071177,-1.382430,0.000000,0.000000,0.000000
35.32,ground_truth,-4.273844,8.055386,-1.387769,0.000000,0.000000,0.000000
35.34,ground_truth,-4.270481,8.038875,-1.393313,0.000000,0.000000,0.000000
35.36,ground_truth,-4.267134,8.021784,-1.398030,0.000000,0.000000,0.000000
35.38,ground_truth,-4.263764,8.004218,-1.403123,0.000000,0.000000,0.000000
35.400000000000006,ground_truth,-4.260516,7.986291,-1.406043,0.000000,0.000000,0.000000
35.42,ground_truth,-4.257317,7.967963,-1.407791,0.000000,0.000000,0.000000
35.440000000000005,ground_truth,-4.254116,7.949366,-1.409644,0.000000,0.000000,0.000000
35.46,ground_truth,-4.250955,7.930650,-1.410991,0.000000,0.000000,0.000000
35.480000000000004,ground_truth,-4.247807,7.911823,-1.412330,0.000000,0.000000,0.000000
35.5,ground_truth,-4.244783,7.893260,-1.412544,0.000000,0.000000,0.000000
35.52,ground_truth,-4.241724,7.874514,-1.413132,0.000000,0.000000,0.000000
35.54,ground_truth,-4.238653,7.855595,-1.413727,0.000000,0.000000,0.000000
35.56,ground_truth,-4.235708,7.837181,-1.413668,0.000000,0.000000,0.000000
35.580000000000005,ground_truth,-4.232749,7.818670,-1.413683,0.000000,0.000000,0.000000
35.6,ground_truth,-4.229891,7.800684,-1.413545,0.000000,0.000000,0.000000
35.620000000000005,ground_truth,-4.226989,7.782470,-1.413610,0.000000,0.000000,0.000000
35.64,ground_truth,-4.224057,7.764086,-1.413796,0.000000,0.000000,0.000000
35.660000000000004,ground_truth,-4.221187,7.746070,-1.413920,0.000000,0.000000,0.000000
35.68,ground_truth,-4.218286,7.727850,-1.414139,0.000000,0.000000,0.000000
35.7,ground_truth,-4.215539,7.710392,-1.413956,0.000000,0.000000,0.000000
35.72,ground_truth,-4.212820,7.693122,-1.413786,0.000000,0.000000,0.000000
35.74,ground_truth,-4.210101,7.675883,-1.413669,0.000000,0.000000,0.000000
35.760000000000005,ground_truth,-4.207514,7.659312,-1.413228,0.000000,0.000000,0.000000
35.78,ground_truth,-4.205188,7.644194,-1.412821,0.000000,0.000000,0.000000
35.800000000000004,ground_truth,-4.203046,7.630114,-1.412695,0.000000,0.000000,0.000000
35.82,ground_truth,-4.200849,7.616138,-1.413855,0.000000,0.000000,0.000000
35.84,ground_truth,-4.198471,7.601993,-1.419547,0.000000,0.000000,0.000000
35.86,ground_truth,-4.196003,7.586752,-1.424610,0.000000,0.000000,0.000000
35.88,ground_truth,-4.193480,7.570628,-1.429050,0.000000,0.000000,0.000000
35.900000000000006,ground_truth,-4.190988,7.553841,-1.431771,0.000000,0.000000,0.000000
35.92,ground_truth,-4.188460,7.536477,-1.434169,0.000000,0.000000,0.000000
35.940000000000005,ground_truth,-4.185956,7.518678,-1.435397,0.000000,0.000000,0.000000
35.96,ground_truth,-4.183441,7.500483,-1.436025,0.000000,0.000000,0.000000
35.980000000000004,ground_truth,-4.180926,7.481893,-1.435698,0.000000,0.000000,0.000000
36.0,ground_truth,-4.178400,7.462998,-1.434672,0.000000,0.000000,0.000000
36.02,ground_truth,-4.175840,7.443971,-1.433690,0.000000,0.000000,0.000000
36.04,ground_truth,-4.173267,7.424996,-1.432998,0.000000,0.000000,0.000000
36.06,ground_truth,-4.170697,7.406110,-1.432482,0.000000,0.000000,0.000000
36.080000000000005,ground_truth,-4.168121,7.387208,-1.431999,0.000000,0.000000,0.000000
36.1,ground_truth,-4.165516,7.368133,-1.431547,0.000000,0.000000,0.000000
36.120000000000005,ground_truth,-4.162881,7.348965,-1.431192,0.000000,0.000000,0.000000
36.14,ground_truth,-4.160287,7.330173,-1.431142,0.000000,0.000000,0.000000
36.160000000000004,ground_truth,-4.157729,7.311605,-1.430892,0.000000,0.000000,0.000000
36.18,ground_truth,-4.155177,7.293131,-1.430626,0.000000,0.000000,0.000000
36.2,ground_truth,-4.152600,7.274568,-1.430403,0.000000,0.000000,0.000000
36.22,ground_truth,-4.150012,7.256003,-1.430199,0.000000,0.000000,0.000000
36.24,ground_truth,-4.147523,7.238029,-1.429763,0.000000,0.000000,0.000000
36.260000000000005,ground_truth,-4.145052,7.220255,-1.429496,0.000000,0.000000,0.000000
36.28,ground_truth,-4.142766,7.203527,-1.428800,0.000000,0.000000,0.000000
36.300000000000004,ground_truth,-4.140462,7.186821,-1.428335,0.000000,0.000000,0.000000
36.32,ground_truth,-4.138190,7.170591,-1.428445,0.000000,0.000000,0.000000
36.34,ground_truth,-4.136069,7.155543,-1.429104,0.000000,0.000000,0.000000
36.36,ground_truth,-4.133788,7.140061,-1.431241,0.000000,0.000000,0.000000
36.38,ground_truth,-4.131426,7.123786,-1.433160,0.000000,0.000000,0.000000
36.400000000000006,ground_truth,-4.128993,7.106811,-1.435015,0.000000,0.000000,0.000000
36.42,ground_truth,-4.126545,7.089292,-1.436084,0.000000,0.000000,0.000000
36.440000000000005,ground_truth,-4.124062,7.071324,-1.436912,0.000000,0.000000,0.000000
36.46,ground_truth,-4.121548,7.052991,-1.437618,0.000000,0.000000,0.000000
36.480000000000004,ground_truth,-4.119018,7.034368,-1.438103,0.000000,0.000000,0.000000
36.5,ground_truth,-4.116470,7.015508,-1.438481,0.000000,0.000000,0.000000
36.52,ground_truth,-4.113915,6.996462,-1.438635,0.000000,0.000000,0.000000
36.54,ground_truth,-4.111344,6.977261,-1.438800,0.000000,0.000000,0.000000
36.56,ground_truth,-4.108768,6.957931,-1.438793,0.000000,0.000000,0.000000
36.580000000000005,ground_truth,-4.106230,6.938877,-1.438813,0.000000,0.000000,0.000000
36.6,ground_truth,-4.103741,6.920113,-1.438681,0.000000,0.000000,0.000000
36.620000000000005,ground_truth,-4.101287,6.901570,-1.438364,0.000000,0.000000,0.000000
36.64,ground_truth,-4.098779,6.882765,-1.438380,0.000000,0.000000,0.000000
36.660000000000004,ground_truth,-4.096229,6.863722,-1.438649,0.000000,0.000000,0.000000
36.68,ground_truth,-4.093787,6.845028,-1.438015,0.000000,0.000000,0.000000
36.7,ground_truth,-4.091523,6.827234,-1.436238,0.000000,0.000000,0.000000
36.72,ground_truth,-4.089271,6.809702,-1.434862,0.000000,0.000000,0.000000
36.74,ground_truth,-4.086946,6.792004,-1.434036,0.000000,0.000000,0.000000
36.760000000000005,ground_truth,-4.084558,6.774203,-1.433748,0.000000,0.000000,0.000000
36.78,ground_truth,-4.082189,6.756693,-1.433672,0.000000,0.000000,0.000000
36.800000000000004,ground_truth,-4.079887,6.739923,-1.434054,0.000000,0.000000,0.000000
36.82,ground_truth,-4.077711,6.724062,-1.434345,0.000000,0.000000,0.000000
36.84,ground_truth,-4.075523,6.708176,-1.434621,0.000000,0.000000,0.000000
36.86,ground_truth,-4.073552,6.693593,-1.434365,0.000000,0.000000,0.000000
36.88,ground_truth,-4.071589,6.679150,-1.434240,0.000000,0.000000,0.000000
36.900000000000006,ground_truth,-4.069614,6.664786,-1.434483,0.000000,0.000000,0.000000
36.92,ground_truth,-4.067410,6.649609,-1.436707,0.000000,0.000000,0.000000
36.940000000000005,ground_truth,-4.065085,6.633693,-1.439221,0.000000,0.000000,0.000000
36.96,ground_truth,-4.062712,6.617048,-1.441457,0.000000,0.000000,0.000000
36.980000000000004,ground_truth,-4.060314,6.599778,-1.443386,0.000000,0.000000,0.000000
37.0,ground_truth,-4.057903,6.582006,-1.445003,0.000000,0.000000,0.000000
37.02,ground_truth,-4.055506,6.563842,-1.445965,0.000000,0.000000,0.000000
37.04,ground_truth,-4.053105,6.545351,-1.446649,0.000000,0.000000,0.000000
37.06,ground_truth,-4.050719,6.526609,-1.446732,0.000000,0.000000,0.000000
37.080000000000005,ground_truth,-4.048334,6.507721,-1.446627,0.000000,0.000000,0.000000
37.1,ground_truth,-4.045946,6.488721,-1.446397,0.000000,0.000000,0.000000
37.120000000000005,ground_truth,-4.043544,6.469553,-1.446061,0.000000,0.000000,0.000000
37.14,ground_truth,-4.041136,6.450276,-1.445559,0.000000,0.000000,0.000000
37.160000000000004,ground_truth,-4.038763,6.431479,-1.445601,0.000000,0.000000,0.000000
37.18,ground_truth,-4.036418,6.412821,-1.445461,0.000000,0.000000,0.000000
37.2,ground_truth,-4.034104,6.394376,-1.445211,0.000000,0.000000,0.000000
37.22,ground_truth,-4.031761,6.375702,-1.444871,0.000000,0.000000,0.000000
37.24,ground_truth,-4.029394,6.356848,-1.444482,0.000000,0.000000,0.000000
37.260000000000005,ground_truth,-4.027223,6.338795,-1.443047,0.000000,0.000000,0.000000
37.28,ground_truth,-4.025054,6.320796,-1.441682,0.000000,0.000000,0.000000
37.300000000000004,ground_truth,-4.022906,6.303215,-1.440909,0.000000,0.000000,0.000000
37.32,ground_truth,-4.020725,6.285669,-1.440565,0.000000,0.000000,0.000000
37.34,ground_truth,-4.018468,6.267764,-1.440329,0.000000,0.000000,0.000000
37.36,ground_truth,-4.016232,6.250070,-1.439985,0.000000,0.000000,0.000000
37.38,ground_truth,-4.014101,6.233235,-1.439849,0.000000,0.000000,0.000000
37.400000000000006,ground_truth,-4.012199,6.218110,-1.439629,0.000000,0.000000,0.000000
37.42,ground_truth,-4.010400,6.203698,-1.439161,0.000000,0.000000,0.000000
37.440000000000005,ground_truth,-4.008606,6.189720,-1.439715,0.000000,0.000000,0.000000
37.46,ground_truth,-4.006749,6.175282,-1.440215,0.000000,0.000000,0.000000
37.480000000000004,ground_truth,-4.004823,6.160280,-1.440519,0.000000,0.000000,0.000000
37.5,ground_truth,-4.002836,6.144754,-1.440575,0.000000,0.000000,0.000000
37.52,ground_truth,-4.000779,6.128624,-1.440362,0.000000,0.000000,0.000000
37.54,ground_truth,-3.998651,6.111946,-1.440006,0.000000,0.000000,0.000000
37.56,ground_truth,-3.996427,6.094707,-1.439891,0.000000,0.000000,0.000000
37.580000000000005,ground_truth,-3.994107,6.076867,-1.439906,0.000000,0.000000,0.000000
37.6,ground_truth,-3.991713,6.058561,-1.440026,0.000000,0.000000,0.000000
37.620000000000005,ground_truth,-3.989259,6.039901,-1.440298,0.000000,0.000000,0.000000
37.64,ground_truth,-3.986766,6.020974,-1.440621,0.000000,0.000000,0.000000
37.660000000000004,ground_truth,-3.984244,6.001838,-1.440964,0.000000,0.000000,0.000000
37.68,ground_truth,-3.981701,5.982543,-1.441328,0.000000,0.000000,0.000000
37.7,ground_truth,-3.979150,5.963190,-1.441765,0.000000,0.000000,0.000000
37.72,ground_truth,-3.976647,5.944175,-1.442242,0.000000,0.000000,0.000000
37.74,ground_truth,-3.974211,5.925701,-1.442936,0.000000,0.000000,0.000000
37.760000000000005,ground_truth,-3.971759,5.907064,-1.443829,0.000000,0.000000,0.000000
37.78,ground_truth,-3.969294,5.888198,-1.444709,0.000000,0.000000,0.000000
37.800000000000004,ground_truth,-3.966920,5.869662,-1.444798,0.000000,0.000000,0.000000
37.82,ground_truth,-3.964558,5.851151,-1.444773,0.000000,0.000000,0.000000
37.84,ground_truth,-3.962251,5.832800,-1.444490,0.000000,0.000000,0.000000
37.86,ground_truth,-3.960056,5.815055,-1.443893,0.000000,0.000000,0.000000
37.88,ground_truth,-3.957921,5.797773,-1.443407,0.000000,0.000000,0.000000
37.900000000000006,ground_truth,-3.955755,5.780417,-1.443057,0.000000,0.000000,0.000000
37.92,ground_truth,-3.953584,5.763187,-1.442850,0.000000,0.000000,0.000000
37.940000000000005,ground_truth,-3.951571,5.747084,-1.442628,0.000000,0.000000,0.000000
37.96,ground_truth,-3.949525,5.730924,-1.442760,0.000000,0.000000,0.000000
37.980000000000004,ground_truth,-3.947745,5.716312,-1.441971,0.000000,0.000000,0.000000
38.0,ground_truth,-3.945952,5.701900,-1.441947,0.000000,0.000000,0.000000
38.02,ground_truth,-3.944168,5.687676,-1.441776,0.000000,0.000000,0.000000
38.04,ground_truth,-3.942198,5.672348,-1.442287,0.000000,0.000000,0.000000
38.06,ground_truth,-3.940095,5.656121,-1.443121,0.000000,0.000000,0.000000
38.080000000000005,ground_truth,-3.937896,5.639174,-1.444117,0.000000,0.000000,0.000000
38.1,ground_truth,-3.935631,5.621652,-1.445137,0.000000,0.000000,0.000000
38.120000000000005,ground_truth,-3.933327,5.603674,-1.445970,0.000000,0.000000,0.000000
38.14,ground_truth,-3.930992,5.585327,-1.446687,0.000000,0.000000,0.000000
38.160000000000004,ground_truth,-3.928637,5.566685,-1.447244,0.000000,0.000000,0.000000
38.18,ground_truth,-3.926272,5.547809,-1.447571,0.000000,0.000000,0.000000
38.2,ground_truth,-3.923903,5.528779,-1.447708,0.000000,0.000000,0.000000
38.22,ground_truth,-3.921542,5.509721,-1.447629,0.000000,0.000000,0.000000
38.24,ground_truth,-3.919167,5.490508,-1.447468,0.000000,0.000000,0.000000
38.260000000000005,ground_truth,-3.916788,5.471239,-1.447222,0.000000,0.000000,0.000000
38.28,ground_truth,-3.914449,5.452218,-1.446704,0.000000,0.000000,0.000000
38.300000000000004,ground_truth,-3.912108,5.433209,-1.446252,0.000000,0.000000,0.000000
38.32,ground_truth,-3.909794,5.414455,-1.446006,0.000000,0.000000,0.000000
38.34,ground_truth,-3.907453,5.395519,-1.445668,0.000000,0.000000,0.000000
38.36,ground_truth,-3.905101,5.376592,-1.445370,0.000000,0.000000,0.000000
38.38,ground_truth,-3.902787,5.358106,-1.445396,0.000000,0.000000,0.000000
38.400000000000006,ground_truth,-3.900505,5.339848,-1.445438,0.000000,0.000000,0.000000
38.42,ground_truth,-3.898416,5.322578,-1.444963,0.000000,0.000000,0.000000
38.440000000000005,ground_truth,-3.896373,5.305579,-1.444407,0.000000,0.000000,0.000000
38.46,ground_truth,-3.894408,5.289063,-1.444177,0.000000,0.000000,0.000000
38.480000000000004,ground_truth,-3.892444,5.272820,-1.443971,0.000000,0.000000,0.000000
38.5,ground_truth,-3.890441,5.256473,-1.443835,0.000000,0.000000,0.000000
38.52,ground_truth,-3.888617,5.241353,-1.443423,0.000000,0.000000,0.000000
38.54,ground_truth,-3.886719,5.225968,-1.443479,0.000000,0.000000,0.000000
38.56,ground_truth,-3.884669,5.209966,-1.444625,0.000000,0.000000,0.000000
38.580000000000005,ground_truth,-3.882506,5.193380,-1.446259,0.000000,0.000000,0.000000
38.6,ground_truth,-3.880263,5.176309,-1.448072,0.000000,0.000000,0.000000
38.620000000000005,ground_truth,-3.877998,5.158874,-1.449459,0.000000,0.000000,0.000000
38.64,ground_truth,-3.875703,5.141103,-1.450705,0.000000,0.000000,0.000000
38.660000000000004,ground_truth,-3.873408,5.123070,-1.451514,0.000000,0.000000,0.000000
38.68,ground_truth,-3.871109,5.104801,-1.452069,0.000000,0.000000,0.000000
38.7,ground_truth,-3.868809,5.086327,-1.452398,0.000000,0.000000,0.000000
38.72,ground_truth,-3.866519,5.067689,-1.452418,0.000000,0.000000,0.000000
38.74,ground_truth,-3.864236,5.048908,-1.452197,0.000000,0.000000,0.000000
38.760000000000005,ground_truth,-3.861979,5.030127,-1.451699,0.000000,0.000000,0.000000
38.78,ground_truth,-3.859722,5.011236,-1.450996,0.000000,0.000000,0.000000
38.800000000000004,ground_truth,-3.857447,4.992159,-1.450130,0.000000,0.000000,0.000000
38.82,ground_truth,-3.855179,4.973151,-1.449173,0.000000,0.000000,0.000000
38.84,ground_truth,-3.852937,4.954409,-1.448102,0.000000,0.000000,0.000000
38.86,ground_truth,-3.850708,4.935842,-1.447015,0.000000,0.000000,0.000000
38.88,ground_truth,-3.848460,4.917425,-1.446374,0.000000,0.000000,0.000000
38.900000000000006,ground_truth,-3.846219,4.899604,-1.446882,0.000000,0.000000,0.000000
38.92,ground_truth,-3.843961,4.881596,-1.447322,0.000000,0.000000,0.000000
38.940000000000005,ground_truth,-3.841708,4.863538,-1.447601,0.000000,0.000000,0.000000
38.96,ground_truth,-3.839574,4.845913,-1.446810,0.000000,0.000000,0.000000
38.980000000000004,ground_truth,-3.837416,4.828109,-1.445999,0.000000,0.000000,0.000000
39.0,ground_truth,-3.835484,4.811050,-1.444292,0.000000,0.000000,0.000000
39.02,ground_truth,-3.833526,4.794107,-1.442815,0.000000,0.000000,0.000000
39.04,ground_truth,-3.831541,4.777544,-1.441823,0.000000,0.000000,0.000000
39.06,ground_truth,-3.829659,4.761855,-1.441381,0.000000,0.000000,0.000000
39.080000000000005,ground_truth,-3.827690,4.745871,-1.441536,0.000000,0.000000,0.000000
39.1,ground_truth,-3.825577,4.729127,-1.442201,0.000000,0.000000,0.000000
39.120000000000005,ground_truth,-3.823368,4.711767,-1.443007,0.000000,0.000000,0.000000
39.14,ground_truth,-3.821086,4.693913,-1.443916,0.000000,0.000000,0.000000
39.160000000000004,ground_truth,-3.818763,4.675669,-1.444679,0.000000,0.000000,0.000000
39.18,ground_truth,-3.816403,4.657109,-1.445405,0.000000,0.000000,0.000000
39.2,ground_truth,-3.814031,4.638301,-1.445813,0.000000,0.000000,0.000000
39.220000000000006,ground_truth,-3.811637,4.619289,-1.446192,0.000000,0.000000,0.000000
39.24,ground_truth,-3.809236,4.600117,-1.446331,0.000000,0.000000,0.000000
39.260000000000005,ground_truth,-3.806824,4.580813,-1.446374,0.000000,0.000000,0.000000
39.28,ground_truth,-3.804405,4.561424,-1.446335,0.000000,0.000000,0.000000
39.300000000000004,ground_truth,-3.802012,4.542190,-1.446116,0.000000,0.000000,0.000000
39.32,ground_truth,-3.799614,4.522886,-1.445825,0.000000,0.000000,0.000000
39.34,ground_truth,-3.797263,4.503994,-1.445618,0.000000,0.000000,0.000000
39.36,ground_truth,-3.794889,4.484907,-1.445336,0.000000,0.000000,0.000000
39.38,ground_truth,-3.792488,4.465634,-1.445016,0.000000,0.000000,0.000000
39.400000000000006,ground_truth,-3.790114,4.446747,-1.445032,0.000000,0.000000,0.000000
39.42,ground_truth,-3.787801,4.428363,-1.445098,0.000000,0.000000,0.000000
39.440000000000005,ground_truth,-3.785543,4.410362,-1.445304,0.000000,0.000000,0.000000
39.46,ground_truth,-3.783288,4.392382,-1.445394,0.000000,0.000000,0.000000
39.480000000000004,ground_truth,-3.781040,4.374514,-1.445562,0.000000,0.000000,0.000000
39.5,ground_truth,-3.778764,4.356461,-1.445863,0.000000,0.000000,0.000000
39.52,ground_truth,-3.776498,4.338390,-1.445962,0.000000,0.000000,0.000000
39.54,ground_truth,-3.774418,4.321120,-1.445236,0.000000,0.000000,0.000000
39.56,ground_truth,-3.772612,4.305059,-1.443927,0.000000,0.000000,0.000000
39.580000000000005,ground_truth,-3.771020,4.290119,-1.442810,0.000000,0.000000,0.000000
39.6,ground_truth,-3.769459,4.275649,-1.441490,0.000000,0.000000,0.000000
39.620000000000005,ground_truth,-3.767842,4.261219,-1.440404,0.000000,0.000000,0.000000
39.64,ground_truth,-3.766091,4.246008,-1.439428,0.000000,0.000000,0.000000
39.660000000000004,ground_truth,-3.764224,4.230111,-1.438436,0.000000,0.000000,0.000000
39.68,ground_truth,-3.762242,4.213646,-1.437707,0.000000,0.000000,0.000000
39.7,ground_truth,-3.760160,4.196694,-1.437170,0.000000,0.000000,0.000000
39.720000000000006,ground_truth,-3.757987,4.179334,-1.436875,0.000000,0.000000,0.000000
39.74,ground_truth,-3.755732,4.161628,-1.436823,0.000000,0.000000,0.000000
39.760000000000005,ground_truth,-3.753401,4.143626,-1.437068,0.000000,0.000000,0.000000
39.78,ground_truth,-3.750982,4.125294,-1.437856,0.000000,0.000000,0.000000
39.800000000000004,ground_truth,-3.748503,4.106664,-1.438954,0.000000,0.000000,0.000000
39.82,ground_truth,-3.745987,4.087795,-1.440200,0.000000,0.000000,0.000000
39.84,ground_truth,-3.743458,4.068767,-1.441437,0.000000,0.000000,0.000000
39.86,ground_truth,-3.740961,4.049754,-1.442256,0.000000,0.000000,0.000000
39.88,ground_truth,-3.738497,4.030833,-1.442786,0.000000,0.000000,0.000000
39.900000000000006,ground_truth,-3.736079,4.012135,-1.443016,0.000000,0.000000,0.000000
39.92,ground_truth,-3.733702,3.993707,-1.443075,0.000000,0.000000,0.000000
39.940000000000005,ground_truth,-3.731273,3.975000,-1.443424,0.000000,0.000000,0.000000
39.96,ground_truth,-3.728854,3.956231,-1.443454,0.000000,0.000000,0.000000
39.980000000000004,ground_truth,-3.726559,3.937906,-1.442545,0.000000,0.000000,0.000000
40.0,ground_truth,-3.724195,3.919317,-1.442123,0.000000,0.000000,0.000000
40.02,ground_truth,-3.721835,3.900971,-1.442194,0.000000,0.000000,0.000000
40.04,ground_truth,-3.719475,3.882683,-1.442348,0.000000,0.000000,0.000000
40.06,ground_truth,-3.717061,3.864167,-1.442975,0.000000,0.000000,0.000000
40.080000000000005,ground_truth,-3.714854,3.846648,-1.442446,0.000000,0.000000,0.000000
40.1,ground_truth,-3.712718,3.829514,-1.441744,0.000000,0.000000,0.000000
40.120000000000005,ground_truth,-3.710799,3.813477,-1.440621,0.000000,0.000000,0.000000
40.14,ground_truth,-3.708855,3.797462,-1.439694,0.000000,0.000000,0.000000
40.160000000000004,ground_truth,-3.707038,3.782414,-1.439256,0.000000,0.000000,0.000000
40.18,ground_truth,-3.705118,3.767048,-1.439591,0.000000,0.000000,0.000000
40.2,ground_truth,-3.703029,3.750808,-1.440613,0.000000,0.000000,0.000000
40.220000000000006,ground_truth,-3.700826,3.733852,-1.441909,0.000000,0.000000,0.000000
40.24,ground_truth,-3.698547,3.716325,-1.443298,0.000000,0.000000,0.000000
40.260000000000005,ground_truth,-3.696224,3.698345,-1.444527,0.000000,0.000000,0.000000
40.28,ground_truth,-3.693868,3.680000,-1.445631,0.000000,0.000000,0.000000
40.300000000000004,ground_truth,-3.691486,3.661358,-1.446705,0.000000,0.000000,0.000000
40.32,ground_truth,-3.689094,3.642481,-1.447618,0.000000,0.000000,0.000000
40.34,ground_truth,-3.686705,3.623417,-1.448196,0.000000,0.000000,0.000000
40.36,ground_truth,-3.684319,3.604204,-1.448497,0.000000,0.000000,0.000000
40.38,ground_truth,-3.681948,3.584975,-1.448539,0.000000,0.000000,0.000000
40.400000000000006,ground_truth,-3.679605,3.565829,-1.448230,0.000000,0.000000,0.000000
40.42,ground_truth,-3.677273,3.546731,-1.447813,0.000000,0.000000,0.000000
40.440000000000005,ground_truth,-3.674952,3.527683,-1.447264,0.000000,0.000000,0.000000
40.46,ground_truth,-3.672672,3.509033,-1.446750,0.000000,0.000000,0.000000
40.480000000000004,ground_truth,-3.670432,3.490787,-1.446294,0.000000,0.000000,0.000000
40.5,ground_truth,-3.668196,3.472699,-1.445997,0.000000,0.000000,0.000000
40.52,ground_truth,-3.665935,3.454508,-1.445808,0.000000,0.000000,0.000000
40.54,ground_truth,-3.663628,3.436043,-1.445753,0.000000,0.000000,0.000000
40.56,ground_truth,-3.661404,3.418093,-1.445421,0.000000,0.000000,0.000000
40.580000000000005,ground_truth,-3.659242,3.400574,-1.444928,0.000000,0.000000,0.000000
40.6,ground_truth,-3.657172,3.383699,-1.444451,0.000000,0.000000,0.000000
40.620000000000005,ground_truth,-3.655048,3.366605,-1.444176,0.000000,0.000000,0.000000
40.64,ground_truth,-3.652967,3.349908,-1.443872,0.000000,0.000000,0.000000
40.660000000000004,ground_truth,-3.650969,3.334469,-1.444779,0.000000,0.000000,0.000000
40.68,ground_truth,-3.649010,3.319434,-1.445644,0.000000,0.000000,0.000000
40.7,ground_truth,-3.647258,3.305856,-1.446717,0.000000,0.000000,0.000000
40.720000000000006,ground_truth,-3.645391,3.291532,-1.448023,0.000000,0.000000,0.000000
40.74,ground_truth,-3.643452,3.276323,-1.448931,0.000000,0.000000,0.000000
40.760000000000005,ground_truth,-3.641432,3.260201,-1.449520,0.000000,0.000000,0.000000
40.78,ground_truth,-3.639337,3.243339,-1.450012,0.000000,0.000000,0.000000
40.800000000000004,ground_truth,-3.637196,3.225890,-1.450183,0.000000,0.000000,0.000000
40.82,ground_truth,-3.635012,3.207968,-1.450146,0.000000,0.000000,0.000000
40.84,ground_truth,-3.632793,3.189667,-1.449925,0.000000,0.000000,0.000000
40.86,ground_truth,-3.630541,3.171059,-1.449606,0.000000,0.000000,0.000000
40.88,ground_truth,-3.628259,3.152207,-1.449225,0.000000,0.000000,0.000000
40.900000000000006,ground_truth,-3.625947,3.133169,-1.448894,0.000000,0.000000,0.000000
40.92,ground_truth,-3.623625,3.114066,-1.448529,0.000000,0.000000,0.000000
40.940000000000005,ground_truth,-3.621309,3.095062,-1.448179,0.000000,0.000000,0.000000
40.96,ground_truth,-3.618967,3.075893,-1.447851,0.000000,0.000000,0.000000
40.980000000000004,ground_truth,-3.616602,3.056589,-1.447517,0.000000,0.000000,0.000000
41.0,ground_truth,-3.614260,3.037478,-1.447127,0.000000,0.000000,0.000000
41.02,ground_truth,-3.611990,3.018986,-1.446689,0.000000,0.000000,0.000000
41.04,ground_truth,-3.609825,3.001422,-1.446347,0.000000,0.000000,0.000000
41.06,ground_truth,-3.607619,2.983658,-1.446182,0.000000,0.000000,0.000000
41.080000000000005,ground_truth,-3.605366,2.965614,-1.446198,0.000000,0.000000,0.000000
41.1,ground_truth,-3.603131,2.947696,-1.446150,0.000000,0.000000,0.000000
41.120000000000005,ground_truth,-3.600996,2.930557,-1.446038,0.000000,0.000000,0.000000
41.14,ground_truth,-3.598980,2.914161,-1.445535,0.000000,0.000000,0.000000
41.160000000000004,ground_truth,-3.596975,2.897713,-1.444631,0.000000,0.000000,0.000000
41.18,ground_truth,-3.595036,2.881802,-1.443955,0.000000,0.000000,0.000000
41.2,ground_truth,-3.592974,2.865376,-1.444140,0.000000,0.000000,0.000000
41.220000000000006,ground_truth,-3.590925,2.849167,-1.444445,0.000000,0.000000,0.000000
41.24,ground_truth,-3.589117,2.834330,-1.443730,0.000000,0.000000,0.000000
41.260000000000005,ground_truth,-3.587259,2.819310,-1.443679,0.000000,0.000000,0.000000
41.28,ground_truth,-3.585371,2.804025,-1.443300,0.000000,0.000000,0.000000
41.300000000000004,ground_truth,-3.583415,2.788264,-1.442908,0.000000,0.000000,0.000000
41.32,ground_truth,-3.581396,2.772077,-1.442545,0.000000,0.000000,0.000000
41.34,ground_truth,-3.579315,2.755509,-1.442275,0.000000,0.000000,0.000000
41.36,ground_truth,-3.577181,2.738598,-1.442063,0.000000,0.000000,0.000000
41.38,ground_truth,-3.574997,2.721381,-1.441959,0.000000,0.000000,0.000000
41.400000000000006,ground_truth,-3.572767,2.703888,-1.441930,0.000000,0.000000,0.000000
41.42,ground_truth,-3.570497,2.686149,-1.442005,0.000000,0.000000,0.000000
41.440000000000005,ground_truth,-3.568168,2.668083,-1.442340,0.000000,0.000000,0.000000
41.46,ground_truth,-3.565778,2.649664,-1.442986,0.000000,0.000000,0.000000
41.480000000000004,ground_truth,-3.563365,2.631045,-1.443697,0.000000,0.000000,0.000000
41.5,ground_truth,-3.560944,2.612317,-1.444424,0.000000,0.000000,0.000000
41.52,ground_truth,-3.558541,2.593633,-1.445062,0.000000,0.000000,0.000000
41.54,ground_truth,-3.556120,2.574719,-1.445651,0.000000,0.000000,0.000000
41.56,ground_truth,-3.553687,2.555635,-1.446205,0.000000,0.000000,0.000000
41.580000000000005,ground_truth,-3.551354,2.537137,-1.446317,0.000000,0.000000,0.000000
41.6,ground_truth,-3.549030,2.518686,-1.446421,0.000000,0.000000,0.000000
41.620000000000005,ground_truth,-3.546788,2.500843,-1.446448,0.000000,0.000000,0.000000
41.64,ground_truth,-3.544535,2.482918,-1.446549,0.000000,0.000000,0.000000
41.660000000000004,ground_truth,-3.542245,2.464715,-1.446775,0.000000,0.000000,0.000000
41.68,ground_truth,-3.540012,2.446900,-1.446845,0.000000,0.000000,0.000000
41.7,ground_truth,-3.537863,2.429613,-1.446661,0.000000,0.000000,0.000000
41.720000000000006,ground_truth,-3.535791,2.412774,-1.446231,0.000000,0.000000,0.000000
41.74,ground_truth,-3.533719,2.396014,-1.445892,0.000000,0.000000,0.000000
41.760000000000005,ground_truth,-3.531619,2.379198,-1.445921,0.000000,0.000000,0.000000
41.78,ground_truth,-3.529626,2.363321,-1.446400,0.000000,0.000000,0.000000
41.800000000000004,ground_truth,-3.527678,2.347781,-1.446948,0.000000,0.000000,0.000000
41.82,ground_truth,-3.525965,2.333951,-1.447577,0.000000,0.000000,0.000000
41.84,ground_truth,-3.524123,2.319501,-1.448724,0.000000,0.000000,0.000000
41.86,ground_truth,-3.522239,2.304374,-1.449227,0.000000,0.000000,0.000000
41.88,ground_truth,-3.520248,2.288310,-1.449709,0.000000,0.000000,0.000000
41.900000000000006,ground_truth,-3.518180,2.271496,-1.450044,0.000000,0.000000,0.000000
41.92,ground_truth,-3.516051,2.254082,-1.450254,0.000000,0.000000,0.000000
41.940000000000005,ground_truth,-3.513872,2.236185,-1.450364,0.000000,0.000000,0.000000
41.96,ground_truth,-3.511656,2.217903,-1.450316,0.000000,0.000000,0.000000
41.980000000000004,ground_truth,-3.509407,2.199311,-1.450190,0.000000,0.000000,0.000000
42.0,ground_truth,-3.507132,2.180471,-1.449946,0.000000,0.000000,0.000000
42.02,ground_truth,-3.504837,2.161465,-1.449654,0.000000,0.000000,0.000000
42.04,ground_truth,-3.502527,2.142355,-1.449327,0.000000,0.000000,0.000000
42.06,ground_truth,-3.500230,2.123391,-1.448994,0.000000,0.000000,0.000000
42.080000000000005,ground_truth,-3.497914,2.104314,-1.448687,0.000000,0.000000,0.000000
42.1,ground_truth,-3.495638,2.085599,-1.448340,0.000000,0.000000,0.000000
42.120000000000005,ground_truth,-3.493327,2.066692,-1.448132,0.000000,0.000000,0.000000
42.14,ground_truth,-3.490989,2.047602,-1.447916,0.000000,0.000000,0.000000
42.160000000000004,ground_truth,-3.488719,2.029023,-1.447561,0.000000,0.000000,0.000000
42.18,ground_truth,-3.486466,2.010645,-1.447273,0.000000,0.000000,0.000000
42.2,ground_truth,-3.484259,1.992672,-1.447044,0.000000,0.000000,0.000000
42.220000000000006,ground_truth,-3.482024,1.974558,-1.446936,0.000000,0.000000,0.000000
42.24,ground_truth,-3.479758,1.956263,-1.446924,0.000000,0.000000,0.000000
42.260000000000005,ground_truth,-3.477598,1.938713,-1.446727,0.000000,0.000000,0.000000
42.28,ground_truth,-3.475511,1.921631,-1.446307,0.000000,0.000000,0.000000
42.300000000000004,ground_truth,-3.473522,1.905286,-1.445985,0.000000,0.000000,0.000000
42.32,ground_truth,-3.471561,1.889181,-1.445633,0.000000,0.000000,0.000000
42.34,ground_truth,-3.469557,1.873006,-1.445714,0.000000,0.000000,0.000000
42.36,ground_truth,-3.467479,1.856462,-1.446237,0.000000,0.000000,0.000000
42.38,ground_truth,-3.465315,1.839327,-1.447039,0.000000,0.000000,0.000000
42.400000000000006,ground_truth,-3.463094,1.821655,-1.447789,0.000000,0.000000,0.000000
42.42,ground_truth,-3.460831,1.803553,-1.448447,0.000000,0.000000,0.000000
42.440000000000005,ground_truth,-3.458539,1.785106,-1.448991,0.000000,0.000000,0.000000
42.46,ground_truth,-3.456228,1.766385,-1.449347,0.000000,0.000000,0.000000
42.480000000000004,ground_truth,-3.453902,1.747442,-1.449575,0.000000,0.000000,0.000000
42.5,ground_truth,-3.451570,1.728325,-1.449543,0.000000,0.000000,0.000000
42.52,ground_truth,-3.449225,1.709067,-1.449443,0.000000,0.000000,0.000000
42.54,ground_truth,-3.446877,1.689743,-1.449207,0.000000,0.000000,0.000000
42.56,ground_truth,-3.444517,1.670327,-1.448934,0.000000,0.000000,0.000000
42.580000000000005,ground_truth,-3.442145,1.650825,-1.448628,0.000000,0.000000,0.000000
42.6,ground_truth,-3.439782,1.631402,-1.448244,0.000000,0.000000,0.000000
42.620000000000005,ground_truth,-3.437461,1.612322,-1.447789,0.000000,0.000000,0.000000
42.64,ground_truth,-3.435221,1.593871,-1.447161,0.000000,0.000000,0.000000
42.660000000000004,ground_truth,-3.432948,1.575335,-1.446769,0.000000,0.000000,0.000000
42.68,ground_truth,-3.430628,1.556537,-1.446529,0.000000,0.000000,0.000000
42.7,ground_truth,-3.428347,1.538061,-1.446249,0.000000,0.000000,0.000000
42.720000000000006,ground_truth,-3.426086,1.519802,-1.446008,0.000000,0.000000,0.000000
42.74,ground_truth,-3.423871,1.501917,-1.445786,0.000000,0.000000,0.000000
42.760000000000005,ground_truth,-3.421627,1.483891,-1.445682,0.000000,0.000000,0.000000
42.78,ground_truth,-3.419379,1.465904,-1.445658,0.000000,0.000000,0.000000
42.800000000000004,ground_truth,-3.417227,1.448528,-1.445364,0.000000,0.000000,0.000000
42.82,ground_truth,-3.415175,1.431895,-1.445095,0.000000,0.000000,0.000000
42.84,ground_truth,-3.413199,1.415789,-1.444765,0.000000,0.000000,0.000000
42.86,ground_truth,-3.411199,1.399628,-1.444500,0.000000,0.000000,0.000000
42.88,ground_truth,-3.409219,1.383698,-1.444130,0.000000,0.000000,0.000000
42.900000000000006,ground_truth,-3.407210,1.367615,-1.443778,0.000000,0.000000,0.000000
42.92,ground_truth,-3.405426,1.352964,-1.443264,0.000000,0.000000,0.000000
42.940000000000005,ground_truth,-3.403901,1.339809,-1.442857,0.000000,0.000000,0.000000
42.96,ground_truth,-3.402354,1.326777,-1.442845,0.000000,0.000000,0.000000
42.980000000000004,ground_truth,-3.401021,1.315157,-1.443406,0.000000,0.000000,0.000000
43.0,ground_truth,-3.399623,1.303486,-1.443940,0.000000,0.000000,0.000000
43.02,ground_truth,-3.398296,1.292405,-1.443754,0.000000,0.000000,0.000000
43.04,ground_truth,-3.397052,1.281772,-1.443456,0.000000,0.000000,0.000000
43.06,ground_truth,-3.395883,1.271557,-1.443493,0.000000,0.000000,0.000000
43.080000000000005,ground_truth,-3.394902,1.262626,-1.442920,0.000000,0.000000,0.000000
43.1,ground_truth,-3.393907,1.254012,-1.442820,0.000000,0.000000,0.000000
43.120000000000005,ground_truth,-3.392838,1.245229,-1.442912,0.000000,0.000000,0.000000
43.14,ground_truth,-3.391764,1.236494,-1.442867,0.000000,0.000000,0.000000
43.160000000000004,ground_truth,-3.390844,1.228867,-1.442782,0.000000,0.000000,0.000000
43.18,ground_truth,-3.390071,1.222221,-1.442542,0.000000,0.000000,0.000000
43.2,ground_truth,-3.389256,1.215492,-1.442512,0.000000,0.000000,0.000000
43.220000000000006,ground_truth,-3.388477,1.209206,-1.442574,0.000000,0.000000,0.000000
43.24,ground_truth,-3.387658,1.202712,-1.442630,0.000000,0.000000,0.000000
43.260000000000005,ground_truth,-3.386871,1.196466,-1.442587,0.000000,0.000000,0.000000
43.28,ground_truth,-3.386185,1.190838,-1.442460,0.000000,0.000000,0.000000
43.300000000000004,ground_truth,-3.385526,1.185480,-1.442376,0.000000,0.000000,0.000000
43.32,ground_truth,-3.384893,1.180483,-1.442490,0.000000,0.000000,0.000000
43.34,ground_truth,-3.384255,1.175489,-1.442544,0.000000,0.000000,0.000000
43.36,ground_truth,-3.383581,1.170218,-1.442605,0.000000,0.000000,0.000000
43.38,ground_truth,-3.383046,1.165740,-1.442402,0.000000,0.000000,0.000000
43.400000000000006,ground_truth,-3.382499,1.161308,-1.442380,0.000000,0.000000,0.000000
43.42,ground_truth,-3.381998,1.157338,-1.442486,0.000000,0.000000,0.000000
43.440000000000005,ground_truth,-3.381464,1.153161,-1.442517,0.000000,0.000000,0.000000
43.46,ground_truth,-3.380896,1.148756,-1.442610,0.000000,0.000000,0.000000
43.480000000000004,ground_truth,-3.380427,1.144850,-1.442451,0.000000,0.000000,0.000000
43.5,ground_truth,-3.379950,1.140991,-1.442438,0.000000,0.000000,0.000000
43.52,ground_truth,-3.379523,1.137460,-1.442414,0.000000,0.000000,0.000000
43.540000000000006,ground_truth,-3.379378,1.134278,-1.439133,0.000000,0.000000,0.000000
43.56,ground_truth,-3.379740,1.131429,-1.427332,0.000000,0.000000,0.000000
43.580000000000005,ground_truth,-3.380646,1.129264,-1.404288,0.000000,0.000000,0.000000
43.6,ground_truth,-3.381830,1.127587,-1.373441,0.000000,0.000000,0.000000
43.620000000000005,ground_truth,-3.383076,1.126352,-1.338186,0.000000,0.000000,0.000000
43.64,ground_truth,-3.384249,1.125499,-1.301144,0.000000,0.000000,0.000000
43.660000000000004,ground_truth,-3.385197,1.124486,-1.272432,0.000000,0.000000,0.000000
43.68,ground_truth,-3.386171,1.123618,-1.243799,0.000000,0.000000,0.000000
43.7,ground_truth,-3.387250,1.122920,-1.213821,0.000000,0.000000,0.000000
43.720000000000006,ground_truth,-3.388246,1.122091,-1.190567,0.000000,0.000000,0.000000
43.74,ground_truth,-3.389408,1.121461,-1.162061,0.000000,0.000000,0.000000
43.760000000000005,ground_truth,-3.390302,1.121000,-1.135768,0.000000,0.000000,0.000000
43.78,ground_truth,-3.390993,1.120606,-1.111954,0.000000,0.000000,0.000000
43.800000000000004,ground_truth,-3.391642,1.120267,-1.088191,0.000000,0.000000,0.000000
43.82,ground_truth,-3.392077,1.119430,-1.073038,0.000000,0.000000,0.000000
43.84,ground_truth,-3.392654,1.118580,-1.053935,0.000000,0.000000,0.000000
43.86,ground_truth,-3.392974,1.117395,-1.036024,0.000000,0.000000,0.000000
43.88,ground_truth,-3.393430,1.116159,-1.015118,0.000000,0.000000,0.000000
43.900000000000006,ground_truth,-3.393971,1.115684,-1.002209,0.000000,0.000000,0.000000
43.92,ground_truth,-3.394705,1.115682,-0.988712,0.000000,0.000000,0.000000
43.940000000000005,ground_truth,-3.395434,1.115414,-0.970247,0.000000,0.000000,0.000000
43.96,ground_truth,-3.395725,1.114677,-0.955793,0.000000,0.000000,0.000000
43.980000000000004,ground_truth,-3.395888,1.113681,-0.939249,0.000000,0.000000,0.000000
44.0,ground_truth,-3.395816,1.112494,-0.922716,0.000000,0.000000,0.000000
44.02,ground_truth,-3.395609,1.111170,-0.905964,0.000000,0.000000,0.000000
44.040000000000006,ground_truth,-3.395356,1.109761,-0.888340,0.000000,0.000000,0.000000
44.06,ground_truth,-3.395490,1.109000,-0.876206,0.000000,0.000000,0.000000
44.080000000000005,ground_truth,-3.395681,1.108471,-0.864253,0.000000,0.000000,0.000000
44.1,ground_truth,-3.395580,1.107592,-0.851843,0.000000,0.000000,0.000000
44.120000000000005,ground_truth,-3.395428,1.106480,-0.834795,0.000000,0.000000,0.000000
44.14,ground_truth,-3.395062,1.104713,-0.812387,0.000000,0.000000,0.000000
44.160000000000004,ground_truth,-3.393700,1.101888,-0.788510,0.000000,0.000000,0.000000
44.18,ground_truth,-3.391511,1.098146,-0.763376,0.000000,0.000000,0.000000
44.2,ground_truth,-3.387876,1.093157,-0.741206,0.000000,0.000000,0.000000
44.220000000000006,ground_truth,-3.383777,1.087439,-0.717157,0.000000,0.000000,0.000000
44.24,ground_truth,-3.378965,1.080835,-0.693693,0.000000,0.000000,0.000000
44.260000000000005,ground_truth,-3.373455,1.073577,-0.671924,0.000000,0.000000,0.000000
44.28,ground_truth,-3.367590,1.065984,-0.648218,0.000000,0.000000,0.000000
44.300000000000004,ground_truth,-3.360349,1.058065,-0.631563,0.000000,0.000000,0.000000
44.32,ground_truth,-3.353202,1.050259,-0.612298,0.000000,0.000000,0.000000
44.34,ground_truth,-3.345268,1.042423,-0.596408,0.000000,0.000000,0.000000
44.36,ground_truth,-3.336795,1.034506,-0.578853,0.000000,0.000000,0.000000
44.38,ground_truth,-3.327038,1.026403,-0.563800,0.000000,0.000000,0.000000
44.400000000000006,ground_truth,-3.316673,1.018619,-0.553164,0.000000,0.000000,0.000000
44.42,ground_truth,-3.305884,1.010901,-0.543143,0.000000,0.000000,0.000000
44.440000000000005,ground_truth,-3.294927,1.003504,-0.535928,0.000000,0.000000,0.000000
44.46,ground_truth,-3.283641,0.996043,-0.526807,0.000000,0.000000,0.000000
44.480000000000004,ground_truth,-3.271674,0.988429,-0.518635,0.000000,0.000000,0.000000
44.5,ground_truth,-3.259764,0.981022,-0.512970,0.000000,0.000000,0.000000
44.52,ground_truth,-3.248228,0.973722,-0.501287,0.000000,0.000000,0.000000
44.540000000000006,ground_truth,-3.235736,0.966159,-0.491498,0.000000,0.000000,0.000000
44.56,ground_truth,-3.222399,0.958359,-0.482256,0.000000,0.000000,0.000000
44.580000000000005,ground_truth,-3.208248,0.950473,-0.476421,0.000000,0.000000,0.000000
44.6,ground_truth,-3.193155,0.942379,-0.473713,0.000000,0.000000,0.000000
44.620000000000005,ground_truth,-3.177374,0.934091,-0.472327,0.000000,0.000000,0.000000
44.64,ground_truth,-3.161180,0.925683,-0.471808,0.000000,0.000000,0.000000
44.660000000000004,ground_truth,-3.144697,0.917131,-0.470772,0.000000,0.000000,0.000000
44.68,ground_truth,-3.127925,0.908493,-0.470289,0.000000,0.000000,0.000000
44.7,ground_truth,-3.110938,0.899775,-0.469942,0.000000,0.000000,0.000000
44.720000000000006,ground_truth,-3.093747,0.890982,-0.469736,0.000000,0.000000,0.000000
44.74,ground_truth,-3.076513,0.882194,-0.469736,0.000000,0.000000,0.000000
44.760000000000005,ground_truth,-3.059244,0.873398,-0.469765,0.000000,0.000000,0.000000
44.78,ground_truth,-3.042232,0.864727,-0.469556,0.000000,0.000000,0.000000
44.800000000000004,ground_truth,-3.025058,0.855996,-0.469637,0.000000,0.000000,0.000000
44.82,ground_truth,-3.007758,0.847211,-0.469845,0.000000,0.000000,0.000000
44.84,ground_truth,-2.990805,0.838582,-0.469611,0.000000,0.000000,0.000000
44.86,ground_truth,-2.973754,0.829924,-0.469632,0.000000,0.000000,0.000000
44.88,ground_truth,-2.956893,0.821347,-0.469420,0.000000,0.000000,0.000000
44.900000000000006,ground_truth,-2.940366,0.812918,-0.468916,0.000000,0.000000,0.000000
44.92,ground_truth,-2.923846,0.804511,-0.468656,0.000000,0.000000,0.000000
44.940000000000005,ground_truth,-2.907333,0.796124,-0.468564,0.000000,0.000000,0.000000
44.96,ground_truth,-2.890804,0.787745,-0.468664,0.000000,0.000000,0.000000
44.980000000000004,ground_truth,-2.875178,0.779745,-0.467809,0.000000,0.000000,0.000000
45.0,ground_truth,-2.859461,0.771728,-0.467368,0.000000,0.000000,0.000000
45.02,ground_truth,-2.844594,0.764098,-0.466345,0.000000,0.000000,0.000000
45.040000000000006,ground_truth,-2.830073,0.756642,-0.465585,0.000000,0.000000,0.000000
45.06,ground_truth,-2.815597,0.749291,-0.465774,0.000000,0.000000,0.000000
45.080000000000005,ground_truth,-2.800851,0.742047,-0.470647,0.000000,0.000000,0.000000
45.1,ground_truth,-2.785567,0.734472,-0.475442,0.000000,0.000000,0.000000
45.120000000000005,ground_truth,-2.769882,0.726574,-0.479180,0.000000,0.000000,0.000000
45.14,ground_truth,-2.753846,0.718414,-0.482330,0.000000,0.000000,0.000000
45.160000000000004,ground_truth,-2.737513,0.710026,-0.485026,0.000000,0.000000,0.000000
45.18,ground_truth,-2.721019,0.701419,-0.486142,0.000000,0.000000,0.000000
45.2,ground_truth,-2.704347,0.692650,-0.486384,0.000000,0.000000,0.000000
45.220000000000006,ground_truth,-2.687451,0.683718,-0.486032,0.000000,0.000000,0.000000
45.24,ground_truth,-2.670392,0.674675,-0.485312,0.000000,0.000000,0.000000
45.260000000000005,ground_truth,-2.653334,0.665645,-0.484768,0.000000,0.000000,0.000000
45.28,ground_truth,-2.636131,0.656530,-0.483939,0.000000,0.000000,0.000000
45.300000000000004,ground_truth,-2.618869,0.647381,-0.483034,0.000000,0.000000,0.000000
45.32,ground_truth,-2.601860,0.638396,-0.482599,0.000000,0.000000,0.000000
45.34,ground_truth,-2.584967,0.629482,-0.482118,0.000000,0.000000,0.000000
45.36,ground_truth,-2.568482,0.620841,-0.482072,0.000000,0.000000,0.000000
45.38,ground_truth,-2.551817,0.612096,-0.481759,0.000000,0.000000,0.000000
45.400000000000006,ground_truth,-2.535003,0.603272,-0.481305,0.000000,0.000000,0.000000
45.42,ground_truth,-2.518818,0.594800,-0.481174,0.000000,0.000000,0.000000
45.440000000000005,ground_truth,-2.502994,0.586525,-0.481171,0.000000,0.000000,0.000000
45.46,ground_truth,-2.487939,0.578686,-0.481507,0.000000,0.000000,0.000000
45.480000000000004,ground_truth,-2.472721,0.570733,-0.481365,0.000000,0.000000,0.000000
45.5,ground_truth,-2.457598,0.562808,-0.480855,0.000000,0.000000,0.000000
45.52,ground_truth,-2.442567,0.554924,-0.480305,0.000000,0.000000,0.000000
45.540000000000006,ground_truth,-2.427453,0.546995,-0.479598,0.000000,0.000000,0.000000
45.56,ground_truth,-2.412962,0.539425,-0.479469,0.000000,0.000000,0.000000
45.580000000000005,ground_truth,-2.398737,0.532005,-0.479414,0.000000,0.000000,0.000000
45.6,ground_truth,-2.384587,0.524630,-0.479369,0.000000,0.000000,0.000000
45.620000000000005,ground_truth,-2.371263,0.517693,-0.478786,0.000000,0.000000,0.000000
45.64,ground_truth,-2.358431,0.511102,-0.478960,0.000000,0.000000,0.000000
45.660000000000004,ground_truth,-2.347565,0.505698,-0.479017,0.000000,0.000000,0.000000
45.68,ground_truth,-2.336749,0.500302,-0.479186,0.000000,0.000000,0.000000
45.7,ground_truth,-2.326989,0.495484,-0.480051,0.000000,0.000000,0.000000
45.720000000000006,ground_truth,-2.317164,0.490578,-0.480611,0.000000,0.000000,0.000000
45.74,ground_truth,-2.307862,0.485853,-0.480839,0.000000,0.000000,0.000000
45.760000000000005,ground_truth,-2.299761,0.481705,-0.481024,0.000000,0.000000,0.000000
45.78,ground_truth,-2.291882,0.477676,-0.481329,0.000000,0.000000,0.000000
45.800000000000004,ground_truth,-2.284321,0.473790,-0.481471,0.000000,0.000000,0.000000
45.82,ground_truth,-2.276807,0.469892,-0.481281,0.000000,0.000000,0.000000
45.84,ground_truth,-2.269047,0.465854,-0.481061,0.000000,0.000000,0.000000
45.86,ground_truth,-2.261745,0.462074,-0.481224,0.000000,0.000000,0.000000
45.88,ground_truth,-2.254609,0.458383,-0.481386,0.000000,0.000000,0.000000
45.900000000000006,ground_truth,-2.248851,0.455428,-0.481632,0.000000,0.000000,0.000000
45.92,ground_truth,-2.243235,0.452597,-0.482344,0.000000,0.000000,0.000000
45.940000000000005,ground_truth,-2.237664,0.449712,-0.482169,0.000000,0.000000,0.000000
45.96,ground_truth,-2.232376,0.446949,-0.481878,0.000000,0.000000,0.000000
45.980000000000004,ground_truth,-2.227065,0.444173,-0.481773,0.000000,0.000000,0.000000
46.0,ground_truth,-2.222435,0.441840,-0.482447,0.000000,0.000000,0.000000
46.02,ground_truth,-2.217600,0.439381,-0.482967,0.000000,0.000000,0.000000
46.040000000000006,ground_truth,-2.213442,0.437242,-0.483134,0.000000,0.000000,0.000000
46.06,ground_truth,-2.209258,0.435064,-0.483060,0.000000,0.000000,0.000000
46.080000000000005,ground_truth,-2.204568,0.432623,-0.483338,0.000000,0.000000,0.000000
46.1,ground_truth,-2.200707,0.430535,-0.482655,0.000000,0.000000,0.000000
46.120000000000005,ground_truth,-2.197490,0.428767,-0.482390,0.000000,0.000000,0.000000
46.14,ground_truth,-2.194840,0.427359,-0.482486,0.000000,0.000000,0.000000
46.160000000000004,ground_truth,-2.191318,0.425499,-0.482537,0.000000,0.000000,0.000000
46.18,ground_truth,-2.187538,0.423512,-0.482506,0.000000,0.000000,0.000000
46.2,ground_truth,-2.183829,0.421550,-0.482282,0.000000,0.000000,0.000000
46.220000000000006,ground_truth,-2.180450,0.419730,-0.480842,0.000000,0.000000,0.000000
46.24,ground_truth,-2.177477,0.417761,-0.472734,0.000000,0.000000,0.000000
46.260000000000005,ground_truth,-2.175643,0.416014,-0.456254,0.000000,0.000000,0.000000
46.28,ground_truth,-2.174793,0.414576,-0.433909,0.000000,0.000000,0.000000
46.300000000000004,ground_truth,-2.174515,0.413363,-0.409719,0.000000,0.000000,0.000000
46.32,ground_truth,-2.174471,0.412318,-0.384385,0.000000,0.000000,0.000000
46.34,ground_truth,-2.173687,0.411890,-0.371971,0.000000,0.000000,0.000000
46.36,ground_truth,-2.173001,0.411527,-0.358667,0.000000,0.000000,0.000000
46.38,ground_truth,-2.172997,0.411559,-0.351624,0.000000,0.000000,0.000000
46.400000000000006,ground_truth,-2.173326,0.411298,-0.336716,0.000000,0.000000,0.000000
46.42,ground_truth,-2.173628,0.410938,-0.318347,0.000000,0.000000,0.000000
46.440000000000005,ground_truth,-2.173070,0.410457,-0.303789,0.000000,0.000000,0.000000
46.46,ground_truth,-2.172601,0.409808,-0.284543,0.000000,0.000000,0.000000
46.480000000000004,ground_truth,-2.171811,0.409259,-0.275112,0.000000,0.000000,0.000000
46.5,ground_truth,-2.171179,0.408609,-0.261760,0.000000,0.000000,0.000000
46.52,ground_truth,-2.170696,0.407890,-0.244800,0.000000,0.000000,0.000000
46.540000000000006,ground_truth,-2.170614,0.407369,-0.229932,0.000000,0.000000,0.000000
46.56,ground_truth,-2.170458,0.406901,-0.213371,0.000000,0.000000,0.000000
46.580000000000005,ground_truth,-2.170045,0.406951,-0.202270,0.000000,0.000000,0.000000
46.6,ground_truth,-2.169028,0.406859,-0.191348,0.000000,0.000000,0.000000
46.620000000000005,ground_truth,-2.167768,0.406586,-0.180357,0.000000,0.000000,0.000000
46.64,ground_truth,-2.165772,0.405959,-0.165328,0.000000,0.000000,0.000000
46.660000000000004,ground_truth,-2.163169,0.404964,-0.145896,0.000000,0.000000,0.000000
46.68,ground_truth,-2.159357,0.403900,-0.126175,0.000000,0.000000,0.000000
46.7,ground_truth,-2.154770,0.402710,-0.103990,0.000000,0.000000,0.000000
46.720000000000006,ground_truth,-2.149364,0.401300,-0.080615,0.000000,0.000000,0.000000
46.74,ground_truth,-2.144190,0.399425,-0.052085,0.000000,0.000000,0.000000
46.760000000000005,ground_truth,-2.137733,0.397804,-0.026614,0.000000,0.000000,0.000000
46.78,ground_truth,-2.130377,0.396382,-0.002978,0.000000,0.000000,0.000000
46.800000000000004,ground_truth,-2.121280,0.395267,0.015248,0.000000,0.000000,0.000000
46.82,ground_truth,-2.110512,0.394512,0.030341,0.000000,0.000000,0.000000
46.84,ground_truth,-2.099123,0.393993,0.046534,0.000000,0.000000,0.000000
46.86,ground_truth,-2.087255,0.393707,0.063240,0.000000,0.000000,0.000000
46.88,ground_truth,-2.074583,0.393861,0.077037,0.000000,0.000000,0.000000
46.900000000000006,ground_truth,-2.061235,0.394392,0.087674,0.000000,0.000000,0.000000
46.92,ground_truth,-2.048190,0.394689,0.095837,0.000000,0.000000,0.000000
46.940000000000005,ground_truth,-2.034922,0.394914,0.104440,0.000000,0.000000,0.000000
46.96,ground_truth,-2.021212,0.395412,0.114631,0.000000,0.000000,0.000000
46.980000000000004,ground_truth,-2.007029,0.396244,0.124165,0.000000,0.000000,0.000000
47.0,ground_truth,-1.992385,0.397332,0.134404,0.000000,0.000000,0.000000
47.02,ground_truth,-1.977864,0.398591,0.142115,0.000000,0.000000,0.000000
47.040000000000006,ground_truth,-1.964129,0.400087,0.145654,0.000000,0.000000,0.000000
47.06,ground_truth,-1.950604,0.401630,0.148013,0.000000,0.000000,0.000000
47.080000000000005,ground_truth,-1.937574,0.402740,0.156107,0.000000,0.000000,0.000000
47.1,ground_truth,-1.923656,0.404096,0.165387,0.000000,0.000000,0.000000
47.120000000000005,ground_truth,-1.908402,0.406059,0.171547,0.000000,0.000000,0.000000
47.14,ground_truth,-1.892265,0.408389,0.177634,0.000000,0.000000,0.000000
47.160000000000004,ground_truth,-1.875404,0.411095,0.181549,0.000000,0.000000,0.000000
47.18,ground_truth,-1.858042,0.413971,0.185596,0.000000,0.000000,0.000000
47.2,ground_truth,-1.840219,0.417028,0.189238,0.000000,0.000000,0.000000
47.220000000000006,ground_truth,-1.822017,0.420280,0.191851,0.000000,0.000000,0.000000
47.24,ground_truth,-1.803528,0.423652,0.194258,0.000000,0.000000,0.000000
47.260000000000005,ground_truth,-1.784802,0.427151,0.196081,0.000000,0.000000,0.000000
47.28,ground_truth,-1.765951,0.430719,0.197930,0.000000,0.000000,0.000000
47.300000000000004,ground_truth,-1.746974,0.434368,0.199490,0.000000,0.000000,0.000000
47.32,ground_truth,-1.727860,0.438091,0.200867,0.000000,0.000000,0.000000
47.34,ground_truth,-1.708656,0.441865,0.202243,0.000000,0.000000,0.000000
47.36,ground_truth,-1.689831,0.445598,0.203526,0.000000,0.000000,0.000000
47.38,ground_truth,-1.670921,0.449381,0.204778,0.000000,0.000000,0.000000
47.400000000000006,ground_truth,-1.652200,0.453154,0.205906,0.000000,0.000000,0.000000
47.42,ground_truth,-1.633689,0.456926,0.206762,0.000000,0.000000,0.000000
47.440000000000005,ground_truth,-1.614980,0.460782,0.207192,0.000000,0.000000,0.000000
47.46,ground_truth,-1.596526,0.464579,0.207828,0.000000,0.000000,0.000000
47.480000000000004,ground_truth,-1.578858,0.468219,0.208481,0.000000,0.000000,0.000000
47.5,ground_truth,-1.561931,0.471647,0.209882,0.000000,0.000000,0.000000
47.52,ground_truth,-1.545157,0.475078,0.210943,0.000000,0.000000,0.000000
47.540000000000006,ground_truth,-1.527915,0.478688,0.211061,0.000000,0.000000,0.000000
47.56,ground_truth,-1.510930,0.482242,0.211350,0.000000,0.000000,0.000000
47.580000000000005,ground_truth,-1.494786,0.485560,0.212141,0.000000,0.000000,0.000000
47.6,ground_truth,-1.479848,0.488522,0.213613,0.000000,0.000000,0.000000
47.620000000000005,ground_truth,-1.465285,0.491455,0.214615,0.000000,0.000000,0.000000
47.64,ground_truth,-1.451102,0.494457,0.213087,0.000000,0.000000,0.000000
47.660000000000004,ground_truth,-1.436375,0.497597,0.210970,0.000000,0.000000,0.000000
47.68,ground_truth,-1.420935,0.500886,0.208441,0.000000,0.000000,0.000000
47.7,ground_truth,-1.404846,0.504304,0.205211,0.000000,0.000000,0.000000
47.720000000000006,ground_truth,-1.388222,0.507811,0.201393,0.000000,0.000000,0.000000
47.74,ground_truth,-1.371179,0.511337,0.197656,0.000000,0.000000,0.000000
47.760000000000005,ground_truth,-1.353796,0.514846,0.194329,0.000000,0.000000,0.000000
47.78,ground_truth,-1.336129,0.518332,0.191518,0.000000,0.000000,0.000000
47.800000000000004,ground_truth,-1.318281,0.521758,0.189745,0.000000,0.000000,0.000000
47.82,ground_truth,-1.300242,0.525170,0.188623,0.000000,0.000000,0.000000
47.84,ground_truth,-1.281912,0.528608,0.188308,0.000000,0.000000,0.000000
47.86,ground_truth,-1.263349,0.532049,0.189116,0.000000,0.000000,0.000000
47.88,ground_truth,-1.244619,0.535504,0.190555,0.000000,0.000000,0.000000
47.900000000000006,ground_truth,-1.226160,0.538906,0.192425,0.000000,0.000000,0.000000
47.92,ground_truth,-1.207618,0.542346,0.194260,0.000000,0.000000,0.000000
47.940000000000005,ground_truth,-1.189579,0.545745,0.195444,0.000000,0.000000,0.000000
47.96,ground_truth,-1.171424,0.549193,0.196519,0.000000,0.000000,0.000000
47.980000000000004,ground_truth,-1.153109,0.552689,0.197669,0.000000,0.000000,0.000000
48.0,ground_truth,-1.134618,0.556251,0.198767,0.000000,0.000000,0.000000
48.02,ground_truth,-1.115965,0.559873,0.199766,0.000000,0.000000,0.000000
48.040000000000006,ground_truth,-1.098072,0.563325,0.200629,0.000000,0.000000,0.000000
48.06,ground_truth,-1.080592,0.566675,0.201589,0.000000,0.000000,0.000000
48.080000000000005,ground_truth,-1.063157,0.570025,0.202582,0.000000,0.000000,0.000000
48.1,ground_truth,-1.045804,0.573421,0.203271,0.000000,0.000000,0.000000
48.120000000000005,ground_truth,-1.028335,0.576884,0.203832,0.000000,0.000000,0.000000
48.14,ground_truth,-1.011712,0.580201,0.203804,0.000000,0.000000,0.000000
48.160000000000004,ground_truth,-0.995140,0.583525,0.203857,0.000000,0.000000,0.000000
48.18,ground_truth,-0.979456,0.586664,0.203562,0.000000,0.000000,0.000000
48.2,ground_truth,-0.963379,0.589931,0.202690,0.000000,0.000000,0.000000
48.220000000000006,ground_truth,-0.946603,0.593345,0.201912,0.000000,0.000000,0.000000
48.24,ground_truth,-0.929162,0.596922,0.200761,0.000000,0.000000,0.000000
48.260000000000005,ground_truth,-0.911249,0.600600,0.199419,0.000000,0.000000,0.000000
48.28,ground_truth,-0.892977,0.604322,0.198443,0.000000,0.000000,0.000000
48.300000000000004,ground_truth,-0.874409,0.608096,0.197404,0.000000,0.000000,0.000000
48.32,ground_truth,-0.855651,0.611878,0.196735,0.000000,0.000000,0.000000
48.34,ground_truth,-0.836743,0.615666,0.196407,0.000000,0.000000,0.000000
48.36000000000001,ground_truth,-0.817730,0.619463,0.196161,0.000000,0.000000,0.000000
48.38,ground_truth,-0.798671,0.623253,0.196135,0.000000,0.000000,0.000000
48.400000000000006,ground_truth,-0.779664,0.627028,0.196180,0.000000,0.000000,0.000000
48.42,ground_truth,-0.760906,0.630744,0.196514,0.000000,0.000000,0.000000
48.440000000000005,ground_truth,-0.742035,0.634491,0.196784,0.000000,0.000000,0.000000
48.46,ground_truth,-0.723086,0.638259,0.197014,0.000000,0.000000,0.000000
48.480000000000004,ground_truth,-0.704827,0.641885,0.197442,0.000000,0.000000,0.000000
48.5,ground_truth,-0.686832,0.645459,0.197908,0.000000,0.000000,0.000000
48.52,ground_truth,-0.669584,0.648891,0.198403,0.000000,0.000000,0.000000
48.540000000000006,ground_truth,-0.652242,0.652356,0.198797,0.000000,0.000000,0.000000
48.56,ground_truth,-0.634737,0.655867,0.199012,0.000000,0.000000,0.000000
48.580000000000005,ground_truth,-0.617512,0.659359,0.198642,0.000000,0.000000,0.000000
48.6,ground_truth,-0.600230,0.662852,0.198344,0.000000,0.000000,0.000000
48.620000000000005,ground_truth,-0.583505,0.666198,0.198673,0.000000,0.000000,0.000000
48.64,ground_truth,-0.566474,0.669632,0.198525,0.000000,0.000000,0.000000
48.660000000000004,ground_truth,-0.549446,0.673066,0.198375,0.000000,0.000000,0.000000
48.68,ground_truth,-0.532804,0.676395,0.198598,0.000000,0.000000,0.000000
48.7,ground_truth,-0.516152,0.679735,0.198646,0.000000,0.000000,0.000000
48.720000000000006,ground_truth,-0.499088,0.683255,0.196664,0.000000,0.000000,0.000000
48.74,ground_truth,-0.481550,0.686862,0.194304,0.000000,0.000000,0.000000
48.760000000000005,ground_truth,-0.463626,0.690504,0.192131,0.000000,0.000000,0.000000
48.78,ground_truth,-0.445391,0.694155,0.190410,0.000000,0.000000,0.000000
48.800000000000004,ground_truth,-0.426863,0.697816,0.189040,0.000000,0.000000,0.000000
48.82,ground_truth,-0.408115,0.701467,0.188275,0.000000,0.000000,0.000000
48.84,ground_truth,-0.389150,0.705106,0.188271,0.000000,0.000000,0.000000
48.86000000000001,ground_truth,-0.370052,0.708746,0.188676,0.000000,0.000000,0.000000
48.88,ground_truth,-0.350855,0.712401,0.189207,0.000000,0.000000,0.000000
48.900000000000006,ground_truth,-0.331574,0.716079,0.189723,0.000000,0.000000,0.000000
48.92,ground_truth,-0.312275,0.719759,0.190291,0.000000,0.000000,0.000000
48.940000000000005,ground_truth,-0.292983,0.723437,0.190841,0.000000,0.000000,0.000000
48.96,ground_truth,-0.274054,0.727059,0.191175,0.000000,0.000000,0.000000
48.980000000000004,ground_truth,-0.255060,0.730699,0.191547,0.000000,0.000000,0.000000
49.0,ground_truth,-0.235946,0.734366,0.192011,0.000000,0.000000,0.000000
49.02,ground_truth,-0.216996,0.738008,0.192447,0.000000,0.000000,0.000000
49.040000000000006,ground_truth,-0.198551,0.741569,0.192620,0.000000,0.000000,0.000000
49.06,ground_truth,-0.181006,0.744988,0.192208,0.000000,0.000000,0.000000
49.080000000000005,ground_truth,-0.163349,0.748413,0.192081,0.000000,0.000000,0.000000
49.1,ground_truth,-0.145517,0.751865,0.192148,0.000000,0.000000,0.000000
49.120000000000005,ground_truth,-0.127695,0.755317,0.192251,0.000000,0.000000,0.000000
49.14,ground_truth,-0.110701,0.758605,0.192364,0.000000,0.000000,0.000000
49.160000000000004,ground_truth,-0.094473,0.761755,0.192236,0.000000,0.000000,0.000000
49.18,ground_truth,-0.078408,0.764883,0.192032,0.000000,0.000000,0.000000
49.2,ground_truth,-0.062481,0.768000,0.191661,0.000000,0.000000,0.000000
49.220000000000006,ground_truth,-0.046636,0.771079,0.191616,0.000000,0.000000,0.000000
49.24,ground_truth,-0.030769,0.774149,0.191800,0.000000,0.000000,0.000000
49.260000000000005,ground_truth,-0.016099,0.776977,0.191892,0.000000,0.000000,0.000000
49.28,ground_truth,-0.001073,0.779905,0.191559,0.000000,0.000000,0.000000
49.300000000000004,ground_truth,0.014496,0.782903,0.191883,0.000000,0.000000,0.000000
49.32,ground_truth,0.030676,0.786006,0.192447,0.000000,0.000000,0.000000
49.34,ground_truth,0.047373,0.789206,0.193102,0.000000,0.000000,0.000000
49.36000000000001,ground_truth,0.064505,0.792493,0.193708,0.000000,0.000000,0.000000
49.38,ground_truth,0.082006,0.795861,0.194246,0.000000,0.000000,0.000000
49.400000000000006,ground_truth,0.099814,0.799302,0.194611,0.000000,0.000000,0.000000
49.42,ground_truth,0.117905,0.802812,0.194918,0.000000,0.000000,0.000000
49.440000000000005,ground_truth,0.136224,0.806391,0.194985,0.000000,0.000000,0.000000
49.46,ground_truth,0.154726,0.810023,0.194819,0.000000,0.000000,0.000000
49.480000000000004,ground_truth,0.173376,0.813690,0.194506,0.000000,0.000000,0.000000
49.5,ground_truth,0.191998,0.817359,0.194125,0.000000,0.000000,0.000000
49.52,ground_truth,0.210769,0.821069,0.193576,0.000000,0.000000,0.000000
49.540000000000006,ground_truth,0.229161,0.824692,0.193261,0.000000,0.000000,0.000000
49.56,ground_truth,0.247705,0.828351,0.192721,0.000000,0.000000,0.000000
49.580000000000005,ground_truth,0.266459,0.832053,0.191992,0.000000,0.000000,0.000000
49.6,ground_truth,0.284993,0.835686,0.191576,0.000000,0.000000,0.000000
49.620000000000005,ground_truth,0.303373,0.839275,0.191312,0.000000,0.000000,0.000000
49.64,ground_truth,0.321502,0.842790,0.191470,0.000000,0.000000,0.000000
49.660000000000004,ground_truth,0.339741,0.846335,0.191393,0.000000,0.000000,0.000000
49.68,ground_truth,0.357145,0.849653,0.192266,0.000000,0.000000,0.000000
49.7,ground_truth,0.374386,0.852957,0.192940,0.000000,0.000000,0.000000
49.720000000000006,ground_truth,0.391849,0.856346,0.193037,0.000000,0.000000,0.000000
49.74,ground_truth,0.408426,0.859531,0.193480,0.000000,0.000000,0.000000
49.760000000000005,ground_truth,0.424811,0.862682,0.193903,0.000000,0.000000,0.000000
49.78,ground_truth,0.440381,0.865628,0.194703,0.000000,0.000000,0.000000
49.800000000000004,ground_truth,0.455735,0.868551,0.195499,0.000000,0.000000,0.000000
49.82,ground_truth,0.471088,0.871161,0.200598,0.000000,0.000000,0.000000
49.84,ground_truth,0.486909,0.873684,0.209701,0.000000,0.000000,0.000000
49.86000000000001,ground_truth,0.503262,0.876490,0.219298,0.000000,0.000000,0.000000
49.88,ground_truth,0.520234,0.879691,0.227225,0.000000,0.000000,0.000000
49.900000000000006,ground_truth,0.537694,0.883135,0.236206,0.000000,0.000000,0.000000
49.92,ground_truth,0.555544,0.886863,0.244595,0.000000,0.000000,0.000000
49.940000000000005,ground_truth,0.573585,0.890971,0.249466,0.000000,0.000000,0.000000
49.96,ground_truth,0.591744,0.895165,0.255272,0.000000,0.000000,0.000000
49.980000000000004,ground_truth,0.610088,0.899611,0.259137,0.000000,0.000000,0.000000
50.0,ground_truth,0.628616,0.904215,0.262700,0.000000,0.000000,0.000000
50.02,ground_truth,0.647266,0.908947,0.265855,0.000000,0.000000,0.000000
50.040000000000006,ground_truth,0.665854,0.913772,0.268177,0.000000,0.000000,0.000000
50.06,ground_truth,0.684442,0.918667,0.270208,0.000000,0.000000,0.000000
50.080000000000005,ground_truth,0.702885,0.923620,0.271152,0.000000,0.000000,0.000000
50.1,ground_truth,0.721173,0.928570,0.271918,0.000000,0.000000,0.000000
50.120000000000005,ground_truth,0.738730,0.933391,0.271709,0.000000,0.000000,0.000000
50.14,ground_truth,0.756539,0.938274,0.271945,0.000000,0.000000,0.000000
50.160000000000004,ground_truth,0.774616,0.943239,0.272382,0.000000,0.000000,0.000000
50.18,ground_truth,0.792629,0.948198,0.272831,0.000000,0.000000,0.000000
50.2,ground_truth,0.810734,0.953191,0.273375,0.000000,0.000000,0.000000
50.220000000000006,ground_truth,0.828336,0.958074,0.273470,0.000000,0.000000,0.000000
50.24,ground_truth,0.845827,0.962934,0.273631,0.000000,0.000000,0.000000
50.260000000000005,ground_truth,0.863321,0.967802,0.273828,0.000000,0.000000,0.000000
50.28,ground_truth,0.880267,0.972531,0.273873,0.000000,0.000000,0.000000
50.300000000000004,ground_truth,0.896625,0.977055,0.274320,0.000000,0.000000,0.000000
50.32,ground_truth,0.912182,0.981338,0.274661,0.000000,0.000000,0.000000
50.34,ground_truth,0.927773,0.985581,0.276346,0.000000,0.000000,0.000000
50.36000000000001,ground_truth,0.943837,0.989902,0.280126,0.000000,0.000000,0.000000
50.38,ground_truth,0.960499,0.994487,0.283220,0.000000,0.000000,0.000000
50.400000000000006,ground_truth,0.977644,0.999303,0.285534,0.000000,0.000000,0.000000
50.42,ground_truth,0.995162,1.004327,0.286674,0.000000,0.000000,0.000000
50.440000000000005,ground_truth,1.012988,1.009473,0.287757,0.000000,0.000000,0.000000
50.46,ground_truth,1.031092,1.014756,0.288236,0.000000,0.000000,0.000000
50.480000000000004,ground_truth,1.049447,1.020147,0.288476,0.000000,0.000000,0.000000
50.5,ground_truth,1.067966,1.025614,0.288371,0.000000,0.000000,0.000000
50.52,ground_truth,1.086611,1.031138,0.287973,0.000000,0.000000,0.000000
50.540000000000006,ground_truth,1.105340,1.036694,0.287401,0.000000,0.000000,0.000000
50.56,ground_truth,1.123821,1.042147,0.287355,0.000000,0.000000,0.000000
50.580000000000005,ground_truth,1.142381,1.047640,0.286999,0.000000,0.000000,0.000000
50.6,ground_truth,1.161060,1.053174,0.286464,0.000000,0.000000,0.000000
50.620000000000005,ground_truth,1.179612,1.058660,0.286024,0.000000,0.000000,0.000000
50.64,ground_truth,1.198004,1.064088,0.285737,0.000000,0.000000,0.000000
50.660000000000004,ground_truth,1.216091,1.069404,0.285818,0.000000,0.000000,0.000000
50.68,ground_truth,1.233937,1.074653,0.285768,0.000000,0.000000,0.000000
50.7,ground_truth,1.251396,1.079816,0.285331,0.000000,0.000000,0.000000
50.720000000000006,ground_truth,1.268987,1.085009,0.284853,0.000000,0.000000,0.000000
50.74,ground_truth,1.286733,1.090239,0.284366,0.000000,0.000000,0.000000
50.760000000000005,ground_truth,1.303878,1.095223,0.284927,0.000000,0.000000,0.000000
50.78,ground_truth,1.320709,1.100096,0.285716,0.000000,0.000000,0.000000
50.800000000000004,ground_truth,1.337401,1.104923,0.286535,0.000000,0.000000,0.000000
50.82,ground_truth,1.354202,1.109811,0.287195,0.000000,0.000000,0.000000
50.84,ground_truth,1.370317,1.114523,0.287715,0.000000,0.000000,0.000000
50.86000000000001,ground_truth,1.384880,1.118705,0.288653,0.000000,0.000000,0.000000
50.88,ground_truth,1.399940,1.123087,0.288644,0.000000,0.000000,0.000000
50.900000000000006,ground_truth,1.415393,1.127596,0.288905,0.000000,0.000000,0.000000
50.92,ground_truth,1.431410,1.132292,0.289089,0.000000,0.000000,0.000000
50.940000000000005,ground_truth,1.447906,1.137146,0.289222,0.000000,0.000000,0.000000
50.96,ground_truth,1.464806,1.142133,0.289293,0.000000,0.000000,0.000000
50.980000000000004,ground_truth,1.482049,1.147231,0.289325,0.000000,0.000000,0.000000
51.0,ground_truth,1.499589,1.152423,0.289359,0.000000,0.000000,0.000000
51.02,ground_truth,1.517399,1.157693,0.289540,0.000000,0.000000,0.000000
51.040000000000006,ground_truth,1.535410,1.163026,0.289748,0.000000,0.000000,0.000000
51.06,ground_truth,1.553584,1.168411,0.289931,0.000000,0.000000,0.000000
51.080000000000005,ground_truth,1.571854,1.173830,0.290091,0.000000,0.000000,0.000000
51.1,ground_truth,1.590119,1.179267,0.289994,0.000000,0.000000,0.000000
51.120000000000005,ground_truth,1.608426,1.184722,0.289879,0.000000,0.000000,0.000000
51.14,ground_truth,1.626798,1.190206,0.289661,0.000000,0.000000,0.000000
51.160000000000004,ground_truth,1.645332,1.195758,0.289177,0.000000,0.000000,0.000000
51.18,ground_truth,1.663949,1.201338,0.288680,0.000000,0.000000,0.000000
51.2,ground_truth,1.682116,1.206717,0.288978,0.000000,0.000000,0.000000
51.220000000000006,ground_truth,1.700309,1.212105,0.289259,0.000000,0.000000,0.000000
51.24,ground_truth,1.718167,1.217410,0.289238,0.000000,0.000000,0.000000
51.260000000000005,ground_truth,1.736101,1.222738,0.289264,0.000000,0.000000,0.000000
51.28,ground_truth,1.753952,1.228042,0.289280,0.000000,0.000000,0.000000
51.300000000000004,ground_truth,1.771155,1.233178,0.288872,0.000000,0.000000,0.000000
51.32,ground_truth,1.788303,1.238279,0.288823,0.000000,0.000000,0.000000
51.34,ground_truth,1.803522,1.242823,0.288496,0.000000,0.000000,0.000000
51.36000000000001,ground_truth,1.818414,1.247346,0.287240,0.000000,0.000000,0.000000
51.38,ground_truth,1.831549,1.251290,0.286511,0.000000,0.000000,0.000000
51.400000000000006,ground_truth,1.844831,1.255247,0.286253,0.000000,0.000000,0.000000
51.42,ground_truth,1.858225,1.259200,0.286508,0.000000,0.000000,0.000000
51.440000000000005,ground_truth,1.872429,1.263353,0.287570,0.000000,0.000000,0.000000
51.46,ground_truth,1.887593,1.267778,0.289124,0.000000,0.000000,0.000000
51.480000000000004,ground_truth,1.903538,1.272460,0.290515,0.000000,0.000000,0.000000
51.5,ground_truth,1.920109,1.277354,0.291749,0.000000,0.000000,0.000000
51.52,ground_truth,1.937184,1.282430,0.292685,0.000000,0.000000,0.000000
51.540000000000006,ground_truth,1.954663,1.287666,0.293115,0.000000,0.000000,0.000000
51.56,ground_truth,1.972470,1.293017,0.293358,0.000000,0.000000,0.000000
51.580000000000005,ground_truth,1.990542,1.298464,0.293397,0.000000,0.000000,0.000000
51.6,ground_truth,2.008841,1.303987,0.293342,0.000000,0.000000,0.000000
51.620000000000005,ground_truth,2.027315,1.309570,0.293149,0.000000,0.000000,0.000000
51.64,ground_truth,2.045793,1.315159,0.292830,0.000000,0.000000,0.000000
51.660000000000004,ground_truth,2.064265,1.320745,0.292472,0.000000,0.000000,0.000000
51.68,ground_truth,2.082499,1.326259,0.292037,0.000000,0.000000,0.000000
51.7,ground_truth,2.100792,1.331783,0.291628,0.000000,0.000000,0.000000
51.720000000000006,ground_truth,2.118636,1.337138,0.291872,0.000000,0.000000,0.000000
51.74,ground_truth,2.136707,1.342584,0.291637,0.000000,0.000000,0.000000
51.760000000000005,ground_truth,2.154843,1.348047,0.291364,0.000000,0.000000,0.000000
51.78,ground_truth,2.172568,1.353363,0.291536,0.000000,0.000000,0.000000
51.800000000000004,ground_truth,2.190246,1.358664,0.291653,0.000000,0.000000,0.000000
51.82,ground_truth,2.207229,1.363707,0.292409,0.000000,0.000000,0.000000
51.84,ground_truth,2.224297,1.368810,0.292688,0.000000,0.000000,0.000000
51.86000000000001,ground_truth,2.241334,1.373926,0.292709,0.000000,0.000000,0.000000
51.88,ground_truth,2.257770,1.378843,0.292965,0.000000,0.000000,0.000000
51.900000000000006,ground_truth,2.273994,1.383692,0.293254,0.000000,0.000000,0.000000
51.92,ground_truth,2.289510,1.388289,0.293796,0.000000,0.000000,0.000000
51.940000000000005,ground_truth,2.304648,1.392793,0.294127,0.000000,0.000000,0.000000
51.96,ground_truth,2.320003,1.397429,0.293467,0.000000,0.000000,0.000000
51.980000000000004,ground_truth,2.336090,1.402331,0.291877,0.000000,0.000000,0.000000
52.0,ground_truth,2.352771,1.407410,0.290006,0.000000,0.000000,0.000000
52.02,ground_truth,2.369922,1.412601,0.288320,0.000000,0.000000,0.000000
52.040000000000006,ground_truth,2.387455,1.417870,0.286917,0.000000,0.000000,0.000000
52.06,ground_truth,2.405298,1.423194,0.285863,0.000000,0.000000,0.000000
52.080000000000005,ground_truth,2.423389,1.428556,0.285210,0.000000,0.000000,0.000000
52.1,ground_truth,2.441687,1.433949,0.284988,0.000000,0.000000,0.000000
52.120000000000005,ground_truth,2.460160,1.439381,0.284942,0.000000,0.000000,0.000000
52.14,ground_truth,2.478655,1.444782,0.285491,0.000000,0.000000,0.000000
52.160000000000004,ground_truth,2.497208,1.450189,0.286289,0.000000,0.000000,0.000000
52.18,ground_truth,2.515913,1.455652,0.286940,0.000000,0.000000,0.000000
52.2,ground_truth,2.534715,1.461149,0.287592,0.000000,0.000000,0.000000
52.220000000000006,ground_truth,2.553069,1.466495,0.288600,0.000000,0.000000,0.000000
52.24,ground_truth,2.571486,1.471889,0.289291,0.000000,0.000000,0.000000
52.260000000000005,ground_truth,2.589578,1.477165,0.290395,0.000000,0.000000,0.000000
52.28,ground_truth,2.607673,1.482480,0.291266,0.000000,0.000000,0.000000
52.300000000000004,ground_truth,2.625775,1.487834,0.291812,0.000000,0.000000,0.000000
52.32,ground_truth,2.643418,1.493093,0.291686,0.000000,0.000000,0.000000
52.34,ground_truth,2.661202,1.498395,0.291704,0.000000,0.000000,0.000000
52.36000000000001,ground_truth,2.678261,1.503515,0.291242,0.000000,0.000000,0.000000
52.38,ground_truth,2.695090,1.508560,0.290967,0.000000,0.000000,0.000000
52.400000000000006,ground_truth,2.711927,1.513596,0.290915,0.000000,0.000000,0.000000
52.42,ground_truth,2.728448,1.518485,0.291586,0.000000,0.000000,0.000000
52.440000000000005,ground_truth,2.744402,1.523186,0.292213,0.000000,0.000000,0.000000
52.46,ground_truth,2.758995,1.527422,0.293236,0.000000,0.000000,0.000000
52.480000000000004,ground_truth,2.773713,1.531745,0.293244,0.000000,0.000000,0.000000
52.5,ground_truth,2.788678,1.536144,0.293744,0.000000,0.000000,0.000000
52.52,ground_truth,2.804080,1.540688,0.294257,0.000000,0.000000,0.000000
52.540000000000006,ground_truth,2.819872,1.545365,0.294754,0.000000,0.000000,0.000000
52.56,ground_truth,2.836013,1.550165,0.295143,0.000000,0.000000,0.000000
52.580000000000005,ground_truth,2.852468,1.555077,0.295450,0.000000,0.000000,0.000000
52.6,ground_truth,2.869203,1.560086,0.295707,0.000000,0.000000,0.000000
52.620000000000005,ground_truth,2.886189,1.565186,0.295871,0.000000,0.000000,0.000000
52.64,ground_truth,2.903419,1.570373,0.295965,0.000000,0.000000,0.000000
52.660000000000004,ground_truth,2.921038,1.575689,0.296106,0.000000,0.000000,0.000000
52.68000000000001,ground_truth,2.938993,1.581124,0.296171,0.000000,0.000000,0.000000
52.7,ground_truth,2.957094,1.586626,0.296016,0.000000,0.000000,0.000000
52.720000000000006,ground_truth,2.975418,1.592205,0.295808,0.000000,0.000000,0.000000
52.74,ground_truth,2.993912,1.597842,0.295522,0.000000,0.000000,0.000000
52.760000000000005,ground_truth,3.011896,1.603355,0.294482,0.000000,0.000000,0.000000
52.78,ground_truth,3.029895,1.608872,0.293612,0.000000,0.000000,0.000000
52.800000000000004,ground_truth,3.047669,1.614339,0.292283,0.000000,0.000000,0.000000
52.82,ground_truth,3.065481,1.619796,0.291103,0.000000,0.000000,0.000000
52.84,ground_truth,3.083358,1.625250,0.290072,0.000000,0.000000,0.000000
52.86000000000001,ground_truth,3.101374,1.630707,0.289342,0.000000,0.000000,0.000000
52.88,ground_truth,3.119385,1.636125,0.289014,0.000000,0.000000,0.000000
52.900000000000006,ground_truth,3.136754,1.641255,0.289992,0.000000,0.000000,0.000000
52.92,ground_truth,3.153004,1.645915,0.292070,0.000000,0.000000,0.000000
52.940000000000005,ground_truth,3.168210,1.650191,0.294210,0.000000,0.000000,0.000000
52.96,ground_truth,3.183710,1.654620,0.295753,0.000000,0.000000,0.000000
52.980000000000004,ground_truth,3.199052,1.659105,0.296409,0.000000,0.000000,0.000000
53.0,ground_truth,3.213333,1.663335,0.296354,0.000000,0.000000,0.000000
53.02,ground_truth,3.227764,1.667681,0.295470,0.000000,0.000000,0.000000
53.040000000000006,ground_truth,3.242956,1.672328,0.293363,0.000000,0.000000,0.000000
53.06,ground_truth,3.258910,1.677204,0.291004,0.000000,0.000000,0.000000
53.080000000000005,ground_truth,3.275473,1.682233,0.288832,0.000000,0.000000,0.000000
53.1,ground_truth,3.292525,1.687363,0.287143,0.000000,0.000000,0.000000
53.120000000000005,ground_truth,3.309976,1.692568,0.285972,0.000000,0.000000,0.000000
53.14,ground_truth,3.327747,1.697816,0.285544,0.000000,0.000000,0.000000
53.160000000000004,ground_truth,3.345791,1.703124,0.285413,0.000000,0.000000,0.000000
53.18000000000001,ground_truth,3.364057,1.708483,0.285525,0.000000,0.000000,0.000000
53.2,ground_truth,3.382504,1.713889,0.285803,0.000000,0.000000,0.000000
53.220000000000006,ground_truth,3.401088,1.719327,0.286282,0.000000,0.000000,0.000000
53.24,ground_truth,3.419613,1.724742,0.287045,0.000000,0.000000,0.000000
53.260000000000005,ground_truth,3.438256,1.730203,0.287794,0.000000,0.000000,0.000000
53.28,ground_truth,3.456584,1.735567,0.288880,0.000000,0.000000,0.000000
53.300000000000004,ground_truth,3.474992,1.740978,0.289876,0.000000,0.000000,0.000000
53.32,ground_truth,3.493552,1.746457,0.290738,0.000000,0.000000,0.000000
53.34,ground_truth,3.511732,1.751836,0.291525,0.000000,0.000000,0.000000
53.36000000000001,ground_truth,3.529526,1.757122,0.292132,0.000000,0.000000,0.000000
53.38,ground_truth,3.547124,1.762369,0.292441,0.000000,0.000000,0.000000
53.400000000000006,ground_truth,3.565079,1.767752,0.292415,0.000000,0.000000,0.000000
53.42,ground_truth,3.582726,1.773025,0.292701,0.000000,0.000000,0.000000
53.440000000000005,ground_truth,3.600038,1.778211,0.292791,0.000000,0.000000,0.000000
53.46,ground_truth,3.617389,1.783409,0.292985,0.000000,0.000000,0.000000
53.480000000000004,ground_truth,3.633935,1.788409,0.292395,0.000000,0.000000,0.000000
53.5,ground_truth,3.649937,1.793207,0.292464,0.000000,0.000000,0.000000
53.52,ground_truth,3.665281,1.797835,0.291960,0.000000,0.000000,0.000000
53.540000000000006,ground_truth,3.680311,1.802344,0.291577,0.000000,0.000000,0.000000
53.56,ground_truth,3.695948,1.807035,0.291263,0.000000,0.000000,0.000000
53.580000000000005,ground_truth,3.712279,1.811912,0.291421,0.000000,0.000000,0.000000
53.6,ground_truth,3.729166,1.816949,0.291792,0.000000,0.000000,0.000000
53.620000000000005,ground_truth,3.746496,1.822122,0.292274,0.000000,0.000000,0.000000
53.64,ground_truth,3.764183,1.827410,0.292760,0.000000,0.000000,0.000000
53.660000000000004,ground_truth,3.782156,1.832796,0.293162,0.000000,0.000000,0.000000
53.68000000000001,ground_truth,3.800360,1.838268,0.293404,0.000000,0.000000,0.000000
53.7,ground_truth,3.818749,1.843807,0.293533,0.000000,0.000000,0.000000
53.720000000000006,ground_truth,3.837288,1.849400,0.293565,0.000000,0.000000,0.000000
53.74,ground_truth,3.855847,1.855005,0.293497,0.000000,0.000000,0.000000
53.760000000000005,ground_truth,3.874449,1.860627,0.293386,0.000000,0.000000,0.000000
53.78,ground_truth,3.893160,1.866280,0.293283,0.000000,0.000000,0.000000
53.800000000000004,ground_truth,3.911951,1.871958,0.293172,0.000000,0.000000,0.000000
53.82,ground_truth,3.930393,1.877537,0.292905,0.000000,0.000000,0.000000
53.84,ground_truth,3.948849,1.883116,0.292686,0.000000,0.000000,0.000000
53.86000000000001,ground_truth,3.966976,1.888590,0.292501,0.000000,0.000000,0.000000
53.88,ground_truth,3.985226,1.894093,0.292402,0.000000,0.000000,0.000000
53.900000000000006,ground_truth,4.003470,1.899593,0.292304,0.000000,0.000000,0.000000
53.92,ground_truth,4.021225,1.904943,0.292261,0.000000,0.000000,0.000000
53.940000000000005,ground_truth,4.038867,1.910263,0.292085,0.000000,0.000000,0.000000
53.96,ground_truth,4.055581,1.915293,0.292052,0.000000,0.000000,0.000000
53.980000000000004,ground_truth,4.072498,1.920378,0.292140,0.000000,0.000000,0.000000
54.0,ground_truth,4.089207,1.925391,0.292367,0.000000,0.000000,0.000000
54.02,ground_truth,4.105130,1.930101,0.292673,0.000000,0.000000,0.000000
54.040000000000006,ground_truth,4.120307,1.934550,0.293323,0.000000,0.000000,0.000000
54.06,ground_truth,4.134308,1.938799,0.288615,0.000000,0.000000,0.000000
54.080000000000005,ground_truth,4.146734,1.942695,0.272242,0.000000,0.000000,0.000000
54.1,ground_truth,4.157840,1.946761,0.248048,0.000000,0.000000,0.000000
54.120000000000005,ground_truth,4.168324,1.951041,0.222009,0.000000,0.000000,0.000000
54.14,ground_truth,4.177840,1.955563,0.192325,0.000000,0.000000,0.000000
54.160000000000004,ground_truth,4.187155,1.960133,0.165741,0.000000,0.000000,0.000000
54.18000000000001,ground_truth,4.196353,1.964310,0.139398,0.000000,0.000000,0.000000
54.2,ground_truth,4.206238,1.967719,0.122029,0.000000,0.000000,0.000000
54.220000000000006,ground_truth,4.216815,1.971023,0.105857,0.000000,0.000000,0.000000
54.24,ground_truth,4.228544,1.974011,0.091752,0.000000,0.000000,0.000000
54.260000000000005,ground_truth,4.241124,1.976435,0.080290,0.000000,0.000000,0.000000
54.28,ground_truth,4.254854,1.978482,0.072711,0.000000,0.000000,0.000000
54.300000000000004,ground_truth,4.269725,1.980340,0.066496,0.000000,0.000000,0.000000
54.32,ground_truth,4.285641,1.982072,0.060446,0.000000,0.000000,0.000000
54.34,ground_truth,4.302455,1.983646,0.055134,0.000000,0.000000,0.000000
54.36000000000001,ground_truth,4.319833,1.985027,0.051902,0.000000,0.000000,0.000000
54.38,ground_truth,4.337702,1.986316,0.049165,0.000000,0.000000,0.000000
54.400000000000006,ground_truth,4.355868,1.987481,0.047636,0.000000,0.000000,0.000000
54.42,ground_truth,4.374127,1.988537,0.047225,0.000000,0.000000,0.000000
54.440000000000005,ground_truth,4.392587,1.989541,0.047309,0.000000,0.000000,0.000000
54.46,ground_truth,4.411335,1.990516,0.047765,0.000000,0.000000,0.000000
54.480000000000004,ground_truth,4.430267,1.991470,0.048504,0.000000,0.000000,0.000000
54.5,ground_truth,4.448895,1.992385,0.049563,0.000000,0.000000,0.000000
54.52,ground_truth,4.467650,1.993301,0.050696,0.000000,0.000000,0.000000
54.540000000000006,ground_truth,4.486167,1.994196,0.051890,0.000000,0.000000,0.000000
54.56,ground_truth,4.504775,1.995115,0.052985,0.000000,0.000000,0.000000
54.580000000000005,ground_truth,4.523209,1.996027,0.054179,0.000000,0.000000,0.000000
54.6,ground_truth,4.541200,1.996913,0.055172,0.000000,0.000000,0.000000
54.620000000000005,ground_truth,4.559001,1.997788,0.056120,0.000000,0.000000,0.000000
54.64,ground_truth,4.576366,1.998659,0.056226,0.000000,0.000000,0.000000
54.660000000000004,ground_truth,4.593515,1.999517,0.056776,0.000000,0.000000,0.000000
54.68000000000001,ground_truth,4.610714,2.000401,0.057315,0.000000,0.000000,0.000000
54.7,ground_truth,4.628030,2.001333,0.053639,0.000000,0.000000,0.000000
54.720000000000006,ground_truth,4.645679,2.002246,0.047861,0.000000,0.000000,0.000000
54.74,ground_truth,4.663812,2.003137,0.042720,0.000000,0.000000,0.000000
54.760000000000005,ground_truth,4.682302,2.003956,0.038935,0.000000,0.000000,0.000000
54.78,ground_truth,4.701036,2.004724,0.036109,0.000000,0.000000,0.000000
54.800000000000004,ground_truth,4.720021,2.005462,0.033667,0.000000,0.000000,0.000000
54.82,ground_truth,4.739232,2.006167,0.031636,0.000000,0.000000,0.000000
54.84,ground_truth,4.758523,2.006782,0.031095,0.000000,0.000000,0.000000
54.86000000000001,ground_truth,4.777932,2.007403,0.030427,0.000000,0.000000,0.000000
54.88,ground_truth,4.797453,2.008018,0.029851,0.000000,0.000000,0.000000
54.900000000000006,ground_truth,4.817067,2.008628,0.029300,0.000000,0.000000,0.000000
54.92,ground_truth,4.836730,2.009219,0.029039,0.000000,0.000000,0.000000
54.940000000000005,ground_truth,4.856183,2.009781,0.029199,0.000000,0.000000,0.000000
54.96,ground_truth,4.875702,2.010351,0.029273,0.000000,0.000000,0.000000
54.980000000000004,ground_truth,4.894668,2.010895,0.029547,0.000000,0.000000,0.000000
55.0,ground_truth,4.913595,2.011446,0.029741,0.000000,0.000000,0.000000
55.02,ground_truth,4.932726,2.012011,0.029812,0.000000,0.000000,0.000000
55.040000000000006,ground_truth,4.951309,2.012557,0.029953,0.000000,0.000000,0.000000
55.06,ground_truth,4.969928,2.013110,0.030021,0.000000,0.000000,0.000000
55.080000000000005,ground_truth,4.988229,2.013651,0.030147,0.000000,0.000000,0.000000
55.1,ground_truth,5.006399,2.014187,0.030279,0.000000,0.000000,0.000000
55.120000000000005,ground_truth,5.024379,2.014721,0.030329,0.000000,0.000000,0.000000
55.14,ground_truth,5.042589,2.015269,0.030286,0.000000,0.000000,0.000000
55.160000000000004,ground_truth,5.060323,2.015794,0.030420,0.000000,0.000000,0.000000
55.18000000000001,ground_truth,5.077350,2.016285,0.030640,0.000000,0.000000,0.000000
55.2,ground_truth,5.094253,2.016762,0.031104,0.000000,0.000000,0.000000
55.220000000000006,ground_truth,5.109885,2.017197,0.031273,0.000000,0.000000,0.000000
55.24,ground_truth,5.125070,2.017656,0.030742,0.000000,0.000000,0.000000
55.260000000000005,ground_truth,5.139910,2.018078,0.030510,0.000000,0.000000,0.000000
55.28,ground_truth,5.153695,2.018440,0.030447,0.000000,0.000000,0.000000
55.300000000000004,ground_truth,5.166944,2.018762,0.030883,0.000000,0.000000,0.000000
55.32,ground_truth,5.179756,2.019066,0.031174,0.000000,0.000000,0.000000
55.34,ground_truth,5.192343,2.019387,0.031488,0.000000,0.000000,0.000000
55.36000000000001,ground_truth,5.204480,2.019722,0.031770,0.000000,0.000000,0.000000
55.38,ground_truth,5.215864,2.020014,0.032330,0.000000,0.000000,0.000000
55.400000000000006,ground_truth,5.226227,2.020249,0.032748,0.000000,0.000000,0.000000
55.42,ground_truth,5.235558,2.020442,0.033210,0.000000,0.000000,0.000000
55.440000000000005,ground_truth,5.245140,2.020698,0.033191,0.000000,0.000000,0.000000
55.46,ground_truth,5.254030,2.020921,0.033361,0.000000,0.000000,0.000000
55.480000000000004,ground_truth,5.263157,2.021186,0.033249,0.000000,0.000000,0.000000
55.5,ground_truth,5.270767,2.021297,0.034312,0.000000,0.000000,0.000000
55.52,ground_truth,5.278263,2.021440,0.034630,0.000000,0.000000,0.000000
55.540000000000006,ground_truth,5.285522,2.021645,0.034600,0.000000,0.000000,0.000000
55.56,ground_truth,5.292144,2.021857,0.034423,0.000000,0.000000,0.000000
55.580000000000005,ground_truth,5.298979,2.022087,0.034155,0.000000,0.000000,0.000000
55.6,ground_truth,5.305560,2.022301,0.034106,0.000000,0.000000,0.000000
55.620000000000005,ground_truth,5.311329,2.022400,0.034854,0.000000,0.000000,0.000000
55.64,ground_truth,5.317021,2.022530,0.035235,0.000000,0.000000,0.000000
55.660000000000004,ground_truth,5.322773,2.022709,0.034988,0.000000,0.000000,0.000000
55.68000000000001,ground_truth,5.328644,2.022902,0.034723,0.000000,0.000000,0.000000
55.7,ground_truth,5.334525,2.023104,0.034398,0.000000,0.000000,0.000000
55.720000000000006,ground_truth,5.339987,2.023264,0.034451,0.000000,0.000000,0.000000
55.74,ground_truth,5.345169,2.023417,0.034455,0.000000,0.000000,0.000000
55.760000000000005,ground_truth,5.349566,2.023502,0.034670,0.000000,0.000000,0.000000
55.78,ground_truth,5.353772,2.023607,0.034701,0.000000,0.000000,0.000000
55.800000000000004,ground_truth,5.357961,2.023734,0.034476,0.000000,0.000000,0.000000
55.82,ground_truth,5.362125,2.023869,0.034359,0.000000,0.000000,0.000000
55.84,ground_truth,5.366428,2.024011,0.034183,0.000000,0.000000,0.000000
55.86000000000001,ground_truth,5.370089,2.024076,0.034447,0.000000,0.000000,0.000000
55.88,ground_truth,5.373859,2.024182,0.034389,0.000000,0.000000,0.000000
55.900000000000006,ground_truth,5.377112,2.024256,0.034391,0.000000,0.000000,0.000000
55.92,ground_truth,5.380449,2.024365,0.034275,0.000000,0.000000,0.000000
55.940000000000005,ground_truth,5.383872,2.024469,0.034234,0.000000,0.000000,0.000000
55.96,ground_truth,5.386786,2.024525,0.034263,0.000000,0.000000,0.000000
55.980000000000004,ground_truth,5.389638,2.024582,0.034341,0.000000,0.000000,0.000000
56.0,ground_truth,5.392352,2.024645,0.034123,0.000000,0.000000,0.000000
56.02,ground_truth,5.395122,2.024733,0.034086,0.000000,0.000000,0.000000
56.040000000000006,ground_truth,5.398030,2.024834,0.033966,0.000000,0.000000,0.000000
56.06,ground_truth,5.400427,2.024833,0.034403,0.000000,0.000000,0.000000
56.080000000000005,ground_truth,5.402754,2.024845,0.034541,0.000000,0.000000,0.000000
56.1,ground_truth,5.404504,2.024857,0.034667,0.000000,0.000000,0.000000
56.120000000000005,ground_truth,5.406478,2.024911,0.034657,0.000000,0.000000,0.000000
56.14,ground_truth,5.408479,2.024978,0.034600,0.000000,0.000000,0.000000
56.160000000000004,ground_truth,5.410389,2.025043,0.034584,0.000000,0.000000,0.000000
56.18000000000001,ground_truth,5.412210,2.025098,0.034603,0.000000,0.000000,0.000000
56.2,ground_truth,5.413918,2.025153,0.034552,0.000000,0.000000,0.000000
56.220000000000006,ground_truth,5.415531,2.025200,0.034581,0.000000,0.000000,0.000000
56.24,ground_truth,5.417105,2.025253,0.034524,0.000000,0.000000,0.000000
56.260000000000005,ground_truth,5.418658,2.025306,0.034491,0.000000,0.000000,0.000000
56.28,ground_truth,5.420311,2.025360,0.034479,0.000000,0.000000,0.000000
56.300000000000004,ground_truth,5.421521,2.025393,0.034502,0.000000,0.000000,0.000000
56.32,ground_truth,5.423041,2.025443,0.034484,0.000000,0.000000,0.000000
56.34,ground_truth,5.424152,2.025478,0.034463,0.000000,0.000000,0.000000
56.36000000000001,ground_truth,5.425483,2.025523,0.034453,0.000000,0.000000,0.000000
56.38,ground_truth,5.426780,2.025568,0.034417,0.000000,0.000000,0.000000
56.400000000000006,ground_truth,5.427728,2.025598,0.034439,0.000000,0.000000,0.000000
56.42,ground_truth,5.428930,2.025638,0.034412,0.000000,0.000000,0.000000
56.440000000000005,ground_truth,5.429755,2.025665,0.034402,0.000000,0.000000,0.000000
56.46,ground_truth,5.430860,2.025701,0.034396,0.000000,0.000000,0.000000
56.480000000000004,ground_truth,5.431848,2.025734,0.034375,0.000000,0.000000,0.000000
56.5,ground_truth,5.432810,2.025767,0.034367,0.000000,0.000000,0.000000
56.52,ground_truth,5.433889,2.025914,0.032132,0.000000,0.000000,0.000000
56.540000000000006,ground_truth,5.434970,2.026596,0.018659,0.000000,0.000000,0.000000
56.56,ground_truth,5.436054,2.027713,-0.005213,0.000000,0.000000,0.000000
56.580000000000005,ground_truth,5.437370,2.029201,-0.039065,0.000000,0.000000,0.000000
56.6,ground_truth,5.439199,2.030928,-0.082020,0.000000,0.000000,0.000000
56.620000000000005,ground_truth,5.441537,2.032706,-0.132000,0.000000,0.000000,0.000000
56.64,ground_truth,5.444335,2.034430,-0.187434,0.000000,0.000000,0.000000
56.660000000000004,ground_truth,5.447605,2.035960,-0.247009,0.000000,0.000000,0.000000
56.68000000000001,ground_truth,5.451324,2.037284,-0.309845,0.000000,0.000000,0.000000
56.7,ground_truth,5.455369,2.038421,-0.374977,0.000000,0.000000,0.000000
56.720000000000006,ground_truth,5.459790,2.039477,-0.441703,0.000000,0.000000,0.000000
56.74,ground_truth,5.464598,2.040579,-0.508670,0.000000,0.000000,0.000000
56.760000000000005,ground_truth,5.469619,2.041562,-0.575527,0.000000,0.000000,0.000000
56.78,ground_truth,5.474343,2.042515,-0.639914,0.000000,0.000000,0.000000
56.800000000000004,ground_truth,5.478624,2.043403,-0.701333,0.000000,0.000000,0.000000
56.82,ground_truth,5.482231,2.044189,-0.759761,0.000000,0.000000,0.000000
56.84,ground_truth,5.485770,2.044871,-0.821849,0.000000,0.000000,0.000000
56.86000000000001,ground_truth,5.489105,2.045401,-0.884793,0.000000,0.000000,0.000000
56.88,ground_truth,5.491932,2.045990,-0.944990,0.000000,0.000000,0.000000
56.900000000000006,ground_truth,5.494392,2.046852,-1.006321,0.000000,0.000000,0.000000
56.92,ground_truth,5.496261,2.047859,-1.062972,0.000000,0.000000,0.000000
56.940000000000005,ground_truth,5.497878,2.049112,-1.122085,0.000000,0.000000,0.000000
56.96,ground_truth,5.499314,2.050556,-1.183691,0.000000,0.000000,0.000000
56.980000000000004,ground_truth,5.500336,2.052360,-1.237335,0.000000,0.000000,0.000000
57.0,ground_truth,5.501229,2.054378,-1.290863,0.000000,0.000000,0.000000
57.02,ground_truth,5.501999,2.056506,-1.345130,0.000000,0.000000,0.000000
57.040000000000006,ground_truth,5.502996,2.058867,-1.402035,0.000000,0.000000,0.000000
57.06,ground_truth,5.504160,2.061184,-1.461486,0.000000,0.000000,0.000000
57.080000000000005,ground_truth,5.505294,2.063019,-1.515392,0.000000,0.000000,0.000000
57.1,ground_truth,5.506451,2.064505,-1.568703,0.000000,0.000000,0.000000
57.120000000000005,ground_truth,5.507482,2.065674,-1.620262,0.000000,0.000000,0.000000
57.14,ground_truth,5.508498,2.066637,-1.674470,0.000000,0.000000,0.000000
57.160000000000004,ground_truth,5.509330,2.067741,-1.718343,0.000000,0.000000,0.000000
57.18000000000001,ground_truth,5.510177,2.068570,-1.764123,0.000000,0.000000,0.000000
57.2,ground_truth,5.511002,2.068851,-1.812047,0.000000,0.000000,0.000000
57.220000000000006,ground_truth,5.511706,2.069104,-1.850549,0.000000,0.000000,0.000000
57.24,ground_truth,5.512493,2.068863,-1.892259,0.000000,0.000000,0.000000
57.260000000000005,ground_truth,5.513322,2.068790,-1.924509,0.000000,0.000000,0.000000
57.28,ground_truth,5.514545,2.068787,-1.960623,0.000000,0.000000,0.000000
57.300000000000004,ground_truth,5.515913,2.068827,-1.998340,0.000000,0.000000,0.000000
57.32,ground_truth,5.516903,2.069079,-2.028779,0.000000,0.000000,0.000000
57.34,ground_truth,5.517720,2.069059,-2.058242,0.000000,0.000000,0.000000
57.36000000000001,ground_truth,5.518263,2.068878,-2.081971,0.000000,0.000000,0.000000
57.38,ground_truth,5.518886,2.068057,-2.115027,0.000000,0.000000,0.000000
57.400000000000006,ground_truth,5.519516,2.066803,-2.154559,0.000000,0.000000,0.000000
57.42,ground_truth,5.520211,2.065702,-2.191029,0.000000,0.000000,0.000000
57.440000000000005,ground_truth,5.520930,2.064518,-2.226930,0.000000,0.000000,0.000000
57.46,ground_truth,5.521399,2.063658,-2.258132,0.000000,0.000000,0.000000
57.480000000000004,ground_truth,5.521827,2.062645,-2.291301,0.000000,0.000000,0.000000
57.50000000000001,ground_truth,5.522181,2.061947,-2.321960,0.000000,0.000000,0.000000
57.52,ground_truth,5.522160,2.061676,-2.347202,0.000000,0.000000,0.000000
57.540000000000006,ground_truth,5.522165,2.061134,-2.377426,0.000000,0.000000,0.000000
57.56,ground_truth,5.521780,2.061179,-2.392724,0.000000,0.000000,0.000000
57.580000000000005,ground_truth,5.521805,2.060999,-2.411721,0.000000,0.000000,0.000000
57.6,ground_truth,5.522450,2.060765,-2.429754,0.000000,0.000000,0.000000
57.620000000000005,ground_truth,5.523284,2.060445,-2.454180,0.000000,0.000000,0.000000
57.64,ground_truth,5.524208,2.060247,-2.481333,0.000000,0.000000,0.000000
57.660000000000004,ground_truth,5.525339,2.060565,-2.501752,0.000000,0.000000,0.000000
57.68000000000001,ground_truth,5.526648,2.060731,-2.522194,0.000000,0.000000,0.000000
57.7,ground_truth,5.527661,2.060953,-2.535120,0.000000,0.000000,0.000000
57.720000000000006,ground_truth,5.528437,2.060693,-2.553208,0.000000,0.000000,0.000000
57.74,ground_truth,5.529787,2.060336,-2.576104,0.000000,0.000000,0.000000
57.760000000000005,ground_truth,5.531165,2.060455,-2.594323,0.000000,0.000000,0.000000
57.78,ground_truth,5.531720,2.060796,-2.605186,0.000000,0.000000,0.000000
57.800000000000004,ground_truth,5.532205,2.061236,-2.608323,0.000000,0.000000,0.000000
57.82,ground_truth,5.532721,2.061305,-2.617894,0.000000,0.000000,0.000000
57.84,ground_truth,5.533818,2.061339,-2.634873,0.000000,0.000000,0.000000
57.86000000000001,ground_truth,5.535013,2.061472,-2.653059,0.000000,0.000000,0.000000
57.88,ground_truth,5.536045,2.061578,-2.668927,0.000000,0.000000,0.000000
57.900000000000006,ground_truth,5.537069,2.061902,-2.678571,0.000000,0.000000,0.000000
57.92,ground_truth,5.538529,2.062143,-2.695568,0.000000,0.000000,0.000000
57.940000000000005,ground_truth,5.539958,2.062061,-2.720797,0.000000,0.000000,0.000000
57.96,ground_truth,5.541006,2.061387,-2.753971,0.000000,0.000000,0.000000
57.980000000000004,ground_truth,5.541362,2.060269,-2.790994,0.000000,0.000000,0.000000
58.00000000000001,ground_truth,5.540248,2.058862,-2.826806,0.000000,0.000000,0.000000
58.02,ground_truth,5.537050,2.057154,-2.857387,0.000000,0.000000,0.000000
58.040000000000006,ground_truth,5.532637,2.055264,-2.885443,0.000000,0.000000,0.000000
58.06,ground_truth,5.527059,2.053062,-2.908221,0.000000,0.000000,0.000000
58.080000000000005,ground_truth,5.520124,2.050746,-2.925640,0.000000,0.000000,0.000000
58.1,ground_truth,5.511573,2.048124,-2.939506,0.000000,0.000000,0.000000
58.120000000000005,ground_truth,5.501493,2.045306,-2.952333,0.000000,0.000000,0.000000
58.14,ground_truth,5.489978,2.042144,-2.965066,0.000000,0.000000,0.000000
58.160000000000004,ground_truth,5.477208,2.038526,-2.979153,0.000000,0.000000,0.000000
58.18000000000001,ground_truth,5.463312,2.034636,-2.993533,0.000000,0.000000,0.000000
58.2,ground_truth,5.448442,2.030544,-3.008381,0.000000,0.000000,0.000000
58.220000000000006,ground_truth,5.432735,2.026343,-3.023399,0.000000,0.000000,0.000000
58.24,ground_truth,5.416942,2.022528,-3.034137,0.000000,0.000000,0.000000
58.260000000000005,ground_truth,5.401207,2.018817,-3.045729,0.000000,0.000000,0.000000
58.28,ground_truth,5.385255,2.015751,-3.052185,0.000000,0.000000,0.000000
58.300000000000004,ground_truth,5.368633,2.013014,-3.057831,0.000000,0.000000,0.000000
58.32,ground_truth,5.351403,2.010566,-3.061984,0.000000,0.000000,0.000000
58.34,ground_truth,5.334191,2.008324,-3.066304,0.000000,0.000000,0.000000
58.36000000000001,ground_truth,5.316879,2.006302,-3.070333,0.000000,0.000000,0.000000
58.38,ground_truth,5.299865,2.004341,-3.074590,0.000000,0.000000,0.000000
58.400000000000006,ground_truth,5.282872,2.002554,-3.078248,0.000000,0.000000,0.000000
58.42,ground_truth,5.265563,2.000924,-3.081407,0.000000,0.000000,0.000000
58.440000000000005,ground_truth,5.248816,1.999443,-3.083359,0.000000,0.000000,0.000000
58.46,ground_truth,5.232455,1.998055,-3.084915,0.000000,0.000000,0.000000
58.480000000000004,ground_truth,5.216629,1.996705,-3.086970,0.000000,0.000000,0.000000
58.50000000000001,ground_truth,5.200804,1.995422,-3.088729,0.000000,0.000000,0.000000
58.52,ground_truth,5.186035,1.994250,-3.090010,0.000000,0.000000,0.000000
58.540000000000006,ground_truth,5.171028,1.993223,-3.088913,0.000000,0.000000,0.000000
58.56,ground_truth,5.155303,1.992161,-3.088684,0.000000,0.000000,0.000000
58.580000000000005,ground_truth,5.138949,1.991068,-3.089142,0.000000,0.000000,0.000000
58.6,ground_truth,5.122085,1.989967,-3.089808,0.000000,0.000000,0.000000
58.620000000000005,ground_truth,5.104794,1.988869,-3.090496,0.000000,0.000000,0.000000
58.64,ground_truth,5.087156,1.987791,-3.090944,0.000000,0.000000,0.000000
58.660000000000004,ground_truth,5.069223,1.986734,-3.091148,0.000000,0.000000,0.000000
58.68000000000001,ground_truth,5.051013,1.985707,-3.090964,0.000000,0.000000,0.000000
58.7,ground_truth,5.032513,1.984716,-3.090187,0.000000,0.000000,0.000000
58.720000000000006,ground_truth,5.013749,1.983738,-3.088947,0.000000,0.000000,0.000000
58.74,ground_truth,4.994766,1.982736,-3.087566,0.000000,0.000000,0.000000
58.760000000000005,ground_truth,4.975605,1.981705,-3.086141,0.000000,0.000000,0.000000
58.78,ground_truth,4.956565,1.980654,-3.085107,0.000000,0.000000,0.000000
58.800000000000004,ground_truth,4.937432,1.979591,-3.084214,0.000000,0.000000,0.000000
58.82,ground_truth,4.918585,1.978549,-3.083157,0.000000,0.000000,0.000000
58.84,ground_truth,4.899721,1.977485,-3.082308,0.000000,0.000000,0.000000
58.86000000000001,ground_truth,4.881235,1.976439,-3.081445,0.000000,0.000000,0.000000
58.88,ground_truth,4.862614,1.975357,-3.080888,0.000000,0.000000,0.000000
58.900000000000006,ground_truth,4.843836,1.974243,-3.080580,0.000000,0.000000,0.000000
58.92,ground_truth,4.825224,1.973155,-3.079998,0.000000,0.000000,0.000000
58.940000000000005,ground_truth,4.807463,1.972185,-3.078540,0.000000,0.000000,0.000000
58.96,ground_truth,4.790480,1.971260,-3.077331,0.000000,0.000000,0.000000
58.980000000000004,ground_truth,4.773764,1.970310,-3.076766,0.000000,0.000000,0.000000
59.00000000000001,ground_truth,4.757516,1.969348,-3.076245,0.000000,0.000000,0.000000
59.02,ground_truth,4.741512,1.968413,-3.075464,0.000000,0.000000,0.000000
59.040000000000006,ground_truth,4.725766,1.967505,-3.074712,0.000000,0.000000,0.000000
59.06,ground_truth,4.710985,1.966645,-3.074501,0.000000,0.000000,0.000000
59.080000000000005,ground_truth,4.695958,1.965763,-3.073839,0.000000,0.000000,0.000000
59.1,ground_truth,4.680075,1.964817,-3.072604,0.000000,0.000000,0.000000
59.120000000000005,ground_truth,4.663375,1.963763,-3.071874,0.000000,0.000000,0.000000
59.14,ground_truth,4.646025,1.962627,-3.071434,0.000000,0.000000,0.000000
59.160000000000004,ground_truth,4.628154,1.961425,-3.071304,0.000000,0.000000,0.000000
59.18000000000001,ground_truth,4.609840,1.960178,-3.071088,0.000000,0.000000,0.000000
59.2,ground_truth,4.591133,1.958894,-3.070774,0.000000,0.000000,0.000000
59.220000000000006,ground_truth,4.572124,1.957575,-3.070414,0.000000,0.000000,0.000000
59.24,ground_truth,4.552874,1.956231,-3.069970,0.000000,0.000000,0.000000
59.260000000000005,ground_truth,4.533459,1.954860,-3.069604,0.000000,0.000000,0.000000
59.28,ground_truth,4.513961,1.953475,-3.069341,0.000000,0.000000,0.000000
59.300000000000004,ground_truth,4.494532,1.952092,-3.069130,0.000000,0.000000,0.000000
59.32,ground_truth,4.475118,1.950705,-3.068995,0.000000,0.000000,0.000000
59.34,ground_truth,4.455618,1.949302,-3.068987,0.000000,0.000000,0.000000
59.36000000000001,ground_truth,4.436050,1.947889,-3.069023,0.000000,0.000000,0.000000
59.38,ground_truth,4.416928,1.946494,-3.069335,0.000000,0.000000,0.000000
59.400000000000006,ground_truth,4.399138,1.945182,-3.070032,0.000000,0.000000,0.000000
59.42,ground_truth,4.381679,1.943918,-3.070463,0.000000,0.000000,0.000000
59.440000000000005,ground_truth,4.363971,1.942656,-3.070533,0.000000,0.000000,0.000000
59.46,ground_truth,4.345963,1.941382,-3.070391,0.000000,0.000000,0.000000
59.480000000000004,ground_truth,4.328683,1.940158,-3.070327,0.000000,0.000000,0.000000
59.50000000000001,ground_truth,4.312580,1.939002,-3.070590,0.000000,0.000000,0.000000
59.52,ground_truth,4.295838,1.937778,-3.071309,0.000000,0.000000,0.000000
59.540000000000006,ground_truth,4.279610,1.936561,-3.072248,0.000000,0.000000,0.000000
59.56,ground_truth,4.263151,1.935371,-3.072548,0.000000,0.000000,0.000000
59.580000000000005,ground_truth,4.246744,1.934231,-3.072141,0.000000,0.000000,0.000000
59.6,ground_truth,4.230942,1.933257,-3.070591,0.000000,0.000000,0.000000
59.620000000000005,ground_truth,4.215282,1.932368,-3.068889,0.000000,0.000000,0.000000
59.64,ground_truth,4.199354,1.931457,-3.066717,0.000000,0.000000,0.000000
59.660000000000004,ground_truth,4.183010,1.930477,-3.064729,0.000000,0.000000,0.000000
59.68000000000001,ground_truth,4.166294,1.929433,-3.062893,0.000000,0.000000,0.000000
59.7,ground_truth,4.149115,1.928314,-3.061465,0.000000,0.000000,0.000000
59.720000000000006,ground_truth,4.131411,1.927149,-3.059822,0.000000,0.000000,0.000000
59.74,ground_truth,4.113335,1.925913,-3.058647,0.000000,0.000000,0.000000
59.760000000000005,ground_truth,4.094950,1.924606,-3.057801,0.000000,0.000000,0.000000
59.78,ground_truth,4.076315,1.923237,-3.057228,0.000000,0.000000,0.000000
59.800000000000004,ground_truth,4.057472,1.921798,-3.057125,0.000000,0.000000,0.000000
59.82,ground_truth,4.038399,1.920282,-3.057434,0.000000,0.000000,0.000000
59.84,ground_truth,4.019229,1.918716,-3.058088,0.000000,0.000000,0.000000
59.86000000000001,ground_truth,3.999893,1.917116,-3.058911,0.000000,0.000000,0.000000
59.88,ground_truth,3.980445,1.915496,-3.059917,0.000000,0.000000,0.000000
59.900000000000006,ground_truth,3.961255,1.913923,-3.060492,0.000000,0.000000,0.000000
59.92,ground_truth,3.942127,1.912350,-3.061170,0.000000,0.000000,0.000000
59.940000000000005,ground_truth,3.923041,1.910787,-3.061831,0.000000,0.000000,0.000000
59.96,ground_truth,3.904720,1.909333,-3.061457,0.000000,0.000000,0.000000
59.980000000000004,ground_truth,3.886675,1.907903,-3.060998,0.000000,0.000000,0.000000
60.00000000000001,ground_truth,3.868608,1.906446,-3.060950,0.000000,0.000000,0.000000
60.02,ground_truth,3.850508,1.904967,-3.061317,0.000000,0.000000,0.000000
60.040000000000006,ground_truth,3.833296,1.903600,-3.060981,0.000000,0.000000,0.000000
60.06,ground_truth,3.816549,1.902275,-3.060440,0.000000,0.000000,0.000000
60.080000000000005,ground_truth,3.800550,1.901024,-3.060014,0.000000,0.000000,0.000000
60.1,ground_truth,3.784693,1.899755,-3.059963,0.000000,0.000000,0.000000
60.120000000000005,ground_truth,3.768439,1.898407,-3.060784,0.000000,0.000000,0.000000
60.14,ground_truth,3.752615,1.897091,-3.061389,0.000000,0.000000,0.000000
60.160000000000004,ground_truth,3.736670,1.895775,-3.061928,0.000000,0.000000,0.000000
60.18000000000001,ground_truth,3.721760,1.894629,-3.061443,0.000000,0.000000,0.000000
60.2,ground_truth,3.706522,1.893456,-3.060931,0.000000,0.000000,0.000000
60.220000000000006,ground_truth,3.690841,1.892246,-3.060290,0.000000,0.000000,0.000000
60.24,ground_truth,3.674717,1.890991,-3.059693,0.000000,0.000000,0.000000
60.260000000000005,ground_truth,3.658194,1.889694,-3.059144,0.000000,0.000000,0.000000
60.28,ground_truth,3.641315,1.888354,-3.058701,0.000000,0.000000,0.000000
60.300000000000004,ground_truth,3.624115,1.886976,-3.058376,0.000000,0.000000,0.000000
60.32,ground_truth,3.606628,1.885559,-3.058229,0.000000,0.000000,0.000000
60.34,ground_truth,3.588884,1.884110,-3.058198,0.000000,0.000000,0.000000
60.36000000000001,ground_truth,3.570898,1.882632,-3.058268,0.000000,0.000000,0.000000
60.38,ground_truth,3.552521,1.881109,-3.058477,0.000000,0.000000,0.000000
60.400000000000006,ground_truth,3.533803,1.879553,-3.058716,0.000000,0.000000,0.000000
60.42,ground_truth,3.515038,1.877981,-3.059140,0.000000,0.000000,0.000000
60.440000000000005,ground_truth,3.496111,1.876399,-3.059480,0.000000,0.000000,0.000000
60.46,ground_truth,3.477061,1.874809,-3.059776,0.000000,0.000000,0.000000
60.480000000000004,ground_truth,3.458224,1.873220,-3.060418,0.000000,0.000000,0.000000
60.50000000000001,ground_truth,3.439255,1.871630,-3.060938,0.000000,0.000000,0.000000
60.52,ground_truth,3.420629,1.870067,-3.061703,0.000000,0.000000,0.000000
60.540000000000006,ground_truth,3.402141,1.868530,-3.062397,0.000000,0.000000,0.000000
60.56,ground_truth,3.384361,1.867056,-3.063120,0.000000,0.000000,0.000000
60.580000000000005,ground_truth,3.366500,1.865608,-3.063504,0.000000,0.000000,0.000000
60.6,ground_truth,3.348378,1.864162,-3.063629,0.000000,0.000000,0.000000
60.620000000000005,ground_truth,3.330752,1.862749,-3.063945,0.000000,0.000000,0.000000
60.64,ground_truth,3.312842,1.861306,-3.064568,0.000000,0.000000,0.000000
60.660000000000004,ground_truth,3.295652,1.859889,-3.065632,0.000000,0.000000,0.000000
60.68000000000001,ground_truth,3.279129,1.858565,-3.065925,0.000000,0.000000,0.000000
60.7,ground_truth,3.262643,1.857280,-3.065844,0.000000,0.000000,0.000000
60.720000000000006,ground_truth,3.247528,1.856223,-3.065175,0.000000,0.000000,0.000000
60.74,ground_truth,3.232170,1.855126,-3.065059,0.000000,0.000000,0.000000
60.760000000000005,ground_truth,3.218147,1.854172,-3.064400,0.000000,0.000000,0.000000
60.78,ground_truth,3.204178,1.853203,-3.063996,0.000000,0.000000,0.000000
60.800000000000004,ground_truth,3.190952,1.852313,-3.062936,0.000000,0.000000,0.000000
60.82,ground_truth,3.178983,1.851537,-3.062341,0.000000,0.000000,0.000000
60.84,ground_truth,3.167344,1.850769,-3.061858,0.000000,0.000000,0.000000
60.86000000000001,ground_truth,3.156632,1.850035,-3.061985,0.000000,0.000000,0.000000
60.88,ground_truth,3.145965,1.849291,-3.061770,0.000000,0.000000,0.000000
60.900000000000006,ground_truth,3.135546,1.848553,-3.061299,0.000000,0.000000,0.000000
60.92,ground_truth,3.125128,1.847791,-3.060943,0.000000,0.000000,0.000000
60.940000000000005,ground_truth,3.116247,1.847241,-3.060127,0.000000,0.000000,0.000000
60.96,ground_truth,3.108434,1.846740,-3.059936,0.000000,0.000000,0.000000
60.980000000000004,ground_truth,3.101499,1.846254,-3.060038,0.000000,0.000000,0.000000
61.00000000000001,ground_truth,3.094776,1.845739,-3.060181,0.000000,0.000000,0.000000
61.02,ground_truth,3.087605,1.845176,-3.060253,0.000000,0.000000,0.000000
61.040000000000006,ground_truth,3.080116,1.844577,-3.060361,0.000000,0.000000,0.000000
61.06,ground_truth,3.073339,1.844071,-3.060088,0.000000,0.000000,0.000000
61.080000000000005,ground_truth,3.066317,1.843519,-3.060096,0.000000,0.000000,0.000000
61.1,ground_truth,3.060442,1.843070,-3.060056,0.000000,0.000000,0.000000
61.120000000000005,ground_truth,3.054713,1.842615,-3.060063,0.000000,0.000000,0.000000
61.14,ground_truth,3.048656,1.842125,-3.060136,0.000000,0.000000,0.000000
61.160000000000004,ground_truth,3.043509,1.841736,-3.059975,0.000000,0.000000,0.000000
61.18000000000001,ground_truth,3.038144,1.841314,-3.059972,0.000000,0.000000,0.000000
61.2,ground_truth,3.033157,1.840924,-3.059971,0.000000,0.000000,0.000000
61.220000000000006,ground_truth,3.028108,1.840519,-3.059975,0.000000,0.000000,0.000000
61.24,ground_truth,3.022899,1.840094,-3.060036,0.000000,0.000000,0.000000
61.260000000000005,ground_truth,3.017905,1.839701,-3.059924,0.000000,0.000000,0.000000
61.28,ground_truth,3.013788,1.839397,-3.059849,0.000000,0.000000,0.000000
61.300000000000004,ground_truth,3.010414,1.839154,-3.059854,0.000000,0.000000,0.000000
61.32,ground_truth,3.006699,1.838880,-3.059703,0.000000,0.000000,0.000000
61.34,ground_truth,3.003675,1.839185,-3.052453,0.000000,0.000000,0.000000
61.36000000000001,ground_truth,3.001235,1.839774,-3.039159,0.000000,0.000000,0.000000
61.38,ground_truth,2.999190,1.840355,-3.022593,0.000000,0.000000,0.000000
61.400000000000006,ground_truth,2.997913,1.840525,-3.009808,0.000000,0.000000,0.000000
61.42,ground_truth,2.996143,1.840771,-2.992461,0.000000,0.000000,0.000000
61.440000000000005,ground_truth,2.993955,1.840975,-2.978082,0.000000,0.000000,0.000000
61.46,ground_truth,2.992511,1.841202,-2.967417,0.000000,0.000000,0.000000
61.480000000000004,ground_truth,2.991482,1.841580,-2.955666,0.000000,0.000000,0.000000
61.50000000000001,ground_truth,2.989711,1.842152,-2.937157,0.000000,0.000000,0.000000
61.52,ground_truth,2.986579,1.843209,-2.912644,0.000000,0.000000,0.000000
61.540000000000006,ground_truth,2.982156,1.843309,-2.890194,0.000000,0.000000,0.000000
61.56,ground_truth,2.977478,1.842520,-2.867157,0.000000,0.000000,0.000000
61.580000000000005,ground_truth,2.971942,1.840799,-2.845795,0.000000,0.000000,0.000000
61.6,ground_truth,2.965836,1.837806,-2.826757,0.000000,0.000000,0.000000
61.620000000000005,ground_truth,2.959687,1.833734,-2.807695,0.000000,0.000000,0.000000
61.64,ground_truth,2.952976,1.828396,-2.791608,0.000000,0.000000,0.000000
61.660000000000004,ground_truth,2.945635,1.822507,-2.775055,0.000000,0.000000,0.000000
61.68000000000001,ground_truth,2.937327,1.816049,-2.760182,0.000000,0.000000,0.000000
61.7,ground_truth,2.927231,1.809540,-2.747093,0.000000,0.000000,0.000000
61.720000000000006,ground_truth,2.915933,1.803193,-2.734307,0.000000,0.000000,0.000000
61.74,ground_truth,2.904309,1.796855,-2.727416,0.000000,0.000000,0.000000
61.760000000000005,ground_truth,2.892172,1.790798,-2.717829,0.000000,0.000000,0.000000
61.78,ground_truth,2.879833,1.784714,-2.710514,0.000000,0.000000,0.000000
61.800000000000004,ground_truth,2.866754,1.778434,-2.702219,0.000000,0.000000,0.000000
61.82000000000001,ground_truth,2.853233,1.771950,-2.694614,0.000000,0.000000,0.000000
61.84,ground_truth,2.839689,1.765489,-2.688416,0.000000,0.000000,0.000000
61.86000000000001,ground_truth,2.825981,1.758926,-2.682601,0.000000,0.000000,0.000000
61.88,ground_truth,2.812813,1.752690,-2.677761,0.000000,0.000000,0.000000
61.900000000000006,ground_truth,2.799723,1.746950,-2.666628,0.000000,0.000000,0.000000
61.92,ground_truth,2.785836,1.740976,-2.654390,0.000000,0.000000,0.000000
61.940000000000005,ground_truth,2.771276,1.734731,-2.641933,0.000000,0.000000,0.000000
61.96,ground_truth,2.756158,1.728240,-2.629026,0.000000,0.000000,0.000000
61.980000000000004,ground_truth,2.740777,1.721174,-2.618795,0.000000,0.000000,0.000000
62.00000000000001,ground_truth,2.725110,1.713412,-2.611318,0.000000,0.000000,0.000000
62.02,ground_truth,2.709225,1.704994,-2.608464,0.000000,0.000000,0.000000
62.040000000000006,ground_truth,2.693049,1.696225,-2.605134,0.000000,0.000000,0.000000
62.06,ground_truth,2.676624,1.687112,-2.602337,0.000000,0.000000,0.000000
62.080000000000005,ground_truth,2.660015,1.677706,-2.600388,0.000000,0.000000,0.000000
62.1,ground_truth,2.643309,1.668116,-2.598649,0.000000,0.000000,0.000000
62.120000000000005,ground_truth,2.626730,1.658441,-2.598017,0.000000,0.000000,0.000000
62.14,ground_truth,2.610025,1.648613,-2.597406,0.000000,0.000000,0.000000
62.160000000000004,ground_truth,2.593221,1.638644,-2.596927,0.000000,0.000000,0.000000
62.18000000000001,ground_truth,2.576788,1.628845,-2.596547,0.000000,0.000000,0.000000
62.2,ground_truth,2.560255,1.618954,-2.596118,0.000000,0.000000,0.000000
62.220000000000006,ground_truth,2.544241,1.609309,-2.596503,0.000000,0.000000,0.000000
62.24,ground_truth,2.528317,1.599708,-2.596866,0.000000,0.000000,0.000000
62.260000000000005,ground_truth,2.512748,1.590326,-2.596927,0.000000,0.000000,0.000000
62.28,ground_truth,2.497166,1.580933,-2.596838,0.000000,0.000000,0.000000
62.300000000000004,ground_truth,2.481551,1.571516,-2.596657,0.000000,0.000000,0.000000
62.32000000000001,ground_truth,2.466737,1.562622,-2.595990,0.000000,0.000000,0.000000
62.34,ground_truth,2.452439,1.554061,-2.595125,0.000000,0.000000,0.000000
62.36000000000001,ground_truth,2.439193,1.546165,-2.594337,0.000000,0.000000,0.000000
62.38,ground_truth,2.425775,1.538140,-2.593624,0.000000,0.000000,0.000000
62.400000000000006,ground_truth,2.412349,1.530052,-2.593260,0.000000,0.000000,0.000000
62.42,ground_truth,2.399361,1.522230,-2.592763,0.000000,0.000000,0.000000
62.440000000000005,ground_truth,2.386546,1.514496,-2.592434,0.000000,0.000000,0.000000
62.46,ground_truth,2.374514,1.507232,-2.592223,0.000000,0.000000,0.000000
62.480000000000004,ground_truth,2.362481,1.499949,-2.592053,0.000000,0.000000,0.000000
62.50000000000001,ground_truth,2.351014,1.492990,-2.591868,0.000000,0.000000,0.000000
62.52,ground_truth,2.340646,1.486725,-2.591503,0.000000,0.000000,0.000000
62.540000000000006,ground_truth,2.330217,1.480390,-2.591503,0.000000,0.000000,0.000000
62.56,ground_truth,2.321373,1.475075,-2.591007,0.000000,0.000000,0.000000
62.580000000000005,ground_truth,2.312426,1.469633,-2.591472,0.000000,0.000000,0.000000
62.6,ground_truth,2.304688,1.464987,-2.591328,0.000000,0.000000,0.000000
62.620000000000005,ground_truth,2.296836,1.460236,-2.591234,0.000000,0.000000,0.000000
62.64,ground_truth,2.288725,1.455296,-2.591294,0.000000,0.000000,0.000000
62.660000000000004,ground_truth,2.281159,1.450682,-2.591302,0.000000,0.000000,0.000000
62.68000000000001,ground_truth,2.274173,1.446572,-2.590492,0.000000,0.000000,0.000000
62.7,ground_truth,2.267305,1.442590,-2.589888,0.000000,0.000000,0.000000
62.720000000000006,ground_truth,2.260720,1.438665,-2.589694,0.000000,0.000000,0.000000
62.74,ground_truth,2.253852,1.434499,-2.589835,0.000000,0.000000,0.000000
62.760000000000005,ground_truth,2.247497,1.430647,-2.589714,0.000000,0.000000,0.000000
62.78,ground_truth,2.241940,1.427314,-2.589327,0.000000,0.000000,0.000000
62.800000000000004,ground_truth,2.237202,1.424580,-2.588697,0.000000,0.000000,0.000000
62.82000000000001,ground_truth,2.232184,1.421600,-2.588332,0.000000,0.000000,0.000000
62.84,ground_truth,2.227658,1.418906,-2.588332,0.000000,0.000000,0.000000
62.86000000000001,ground_truth,2.222984,1.416065,-2.588499,0.000000,0.000000,0.000000
62.88,ground_truth,2.218232,1.413176,-2.588455,0.000000,0.000000,0.000000
62.900000000000006,ground_truth,2.213805,1.410498,-2.588278,0.000000,0.000000,0.000000
62.92,ground_truth,2.209416,1.407822,-2.588248,0.000000,0.000000,0.000000
62.940000000000005,ground_truth,2.205096,1.405175,-2.588270,0.000000,0.000000,0.000000
62.96,ground_truth,2.200889,1.402588,-2.588266,0.000000,0.000000,0.000000
62.980000000000004,ground_truth,2.196723,1.400016,-2.588317,0.000000,0.000000,0.000000
63.00000000000001,ground_truth,2.193505,1.398095,-2.588070,0.000000,0.000000,0.000000
63.02,ground_truth,2.190417,1.396239,-2.587949,0.000000,0.000000,0.000000
63.040000000000006,ground_truth,2.187447,1.394437,-2.587964,0.000000,0.000000,0.000000
63.06,ground_truth,2.184308,1.392591,-2.587125,0.000000,0.000000,0.000000
63.080000000000005,ground_truth,2.181222,1.391235,-2.580084,0.000000,0.000000,0.000000
63.1,ground_truth,2.178303,1.390586,-2.563205,0.000000,0.000000,0.000000
63.120000000000005,ground_truth,2.175688,1.390626,-2.536652,0.000000,0.000000,0.000000
63.14,ground_truth,2.173433,1.391075,-2.505260,0.000000,0.000000,0.000000
63.160000000000004,ground_truth,2.171737,1.391814,-2.471651,0.000000,0.000000,0.000000
63.18000000000001,ground_truth,2.170468,1.392804,-2.434939,0.000000,0.000000,0.000000
63.2,ground_truth,2.170027,1.394119,-2.405141,0.000000,0.000000,0.000000
63.220000000000006,ground_truth,2.169741,1.395650,-2.372554,0.000000,0.000000,0.000000
63.24,ground_truth,2.169464,1.396743,-2.347896,0.000000,0.000000,0.000000
63.260000000000005,ground_truth,2.169170,1.398138,-2.316558,0.000000,0.000000,0.000000
63.28,ground_truth,2.168892,1.399065,-2.291117,0.000000,0.000000,0.000000
63.300000000000004,ground_truth,2.168686,1.400462,-2.259994,0.000000,0.000000,0.000000
63.32000000000001,ground_truth,2.168696,1.401045,-2.240876,0.000000,0.000000,0.000000
63.34,ground_truth,2.168472,1.401058,-2.227329,0.000000,0.000000,0.000000
63.36000000000001,ground_truth,2.168233,1.401213,-2.213715,0.000000,0.000000,0.000000
63.38,ground_truth,2.167973,1.401437,-2.204360,0.000000,0.000000,0.000000
63.400000000000006,ground_truth,2.167553,1.401944,-2.186474,0.000000,0.000000,0.000000
63.42,ground_truth,2.166976,1.402345,-2.165147,0.000000,0.000000,0.000000
63.440000000000005,ground_truth,2.166316,1.402297,-2.146808,0.000000,0.000000,0.000000
63.46,ground_truth,2.165522,1.402177,-2.126168,0.000000,0.000000,0.000000
63.480000000000004,ground_truth,2.165298,1.401786,-2.113694,0.000000,0.000000,0.000000
63.50000000000001,ground_truth,2.164883,1.401538,-2.095993,0.000000,0.000000,0.000000
63.52,ground_truth,2.164325,1.401067,-2.076840,0.000000,0.000000,0.000000
63.540000000000006,ground_truth,2.163736,1.400052,-2.062279,0.000000,0.000000,0.000000
63.56,ground_truth,2.163068,1.399214,-2.044530,0.000000,0.000000,0.000000
63.580000000000005,ground_truth,2.162891,1.398261,-2.033226,0.000000,0.000000,0.000000
63.6,ground_truth,2.162474,1.397584,-2.015738,0.000000,0.000000,0.000000
63.620000000000005,ground_truth,2.162537,1.396885,-2.006784,0.000000,0.000000,0.000000
63.64,ground_truth,2.162343,1.396752,-1.995233,0.000000,0.000000,0.000000
63.660000000000004,ground_truth,2.161826,1.397262,-1.980495,0.000000,0.000000,0.000000
63.68000000000001,ground_truth,2.160691,1.396348,-1.962063,0.000000,0.000000,0.000000
63.7,ground_truth,2.158878,1.394363,-1.939090,0.000000,0.000000,0.000000
63.720000000000006,ground_truth,2.156394,1.391349,-1.913019,0.000000,0.000000,0.000000
63.74,ground_truth,2.153596,1.386812,-1.888017,0.000000,0.000000,0.000000
63.760000000000005,ground_truth,2.151375,1.381029,-1.864864,0.000000,0.000000,0.000000
63.78,ground_truth,2.149353,1.374165,-1.842814,0.000000,0.000000,0.000000
63.800000000000004,ground_truth,2.147894,1.366396,-1.821566,0.000000,0.000000,0.000000
63.82000000000001,ground_truth,2.146657,1.357554,-1.802500,0.000000,0.000000,0.000000
63.84,ground_truth,2.146064,1.347843,-1.784684,0.000000,0.000000,0.000000
63.86000000000001,ground_truth,2.145472,1.337449,-1.766609,0.000000,0.000000,0.000000
63.88,ground_truth,2.144357,1.326256,-1.751706,0.000000,0.000000,0.000000
63.900000000000006,ground_truth,2.142731,1.314393,-1.737732,0.000000,0.000000,0.000000
63.92,ground_truth,2.141123,1.302078,-1.729519,0.000000,0.000000,0.000000
63.940000000000005,ground_truth,2.139221,1.289407,-1.719120,0.000000,0.000000,0.000000
63.96,ground_truth,2.137289,1.276096,-1.710102,0.000000,0.000000,0.000000
63.980000000000004,ground_truth,2.135268,1.261922,-1.701668,0.000000,0.000000,0.000000
64.0,ground_truth,2.133152,1.246837,-1.693076,0.000000,0.000000,0.000000
64.02000000000001,ground_truth,2.131085,1.231780,-1.686436,0.000000,0.000000,0.000000
64.04,ground_truth,2.129107,1.216533,-1.680504,0.000000,0.000000,0.000000
64.06,ground_truth,2.127168,1.201711,-1.676153,0.000000,0.000000,0.000000
64.08,ground_truth,2.125236,1.187408,-1.669575,0.000000,0.000000,0.000000
64.10000000000001,ground_truth,2.123202,1.172913,-1.657526,0.000000,0.000000,0.000000
64.12,ground_truth,2.121313,1.157564,-1.646604,0.000000,0.000000,0.000000
64.14,ground_truth,2.119529,1.141624,-1.635577,0.000000,0.000000,0.000000
64.16000000000001,ground_truth,2.117943,1.125306,-1.625519,0.000000,0.000000,0.000000
64.18,ground_truth,2.116613,1.108380,-1.618858,0.000000,0.000000,0.000000
64.2,ground_truth,2.115367,1.091028,-1.612070,0.000000,0.000000,0.000000
64.22,ground_truth,2.114349,1.073262,-1.608403,0.000000,0.000000,0.000000
64.24000000000001,ground_truth,2.113412,1.055118,-1.605234,0.000000,0.000000,0.000000
64.26,ground_truth,2.112643,1.036626,-1.604694,0.000000,0.000000,0.000000
64.28,ground_truth,2.111908,1.017838,-1.604508,0.000000,0.000000,0.000000
64.3,ground_truth,2.111193,0.998811,-1.604507,0.000000,0.000000,0.000000
64.32000000000001,ground_truth,2.110489,0.979592,-1.604569,0.000000,0.000000,0.000000
64.34,ground_truth,2.109800,0.960224,-1.604826,0.000000,0.000000,0.000000
64.36,ground_truth,2.109130,0.940949,-1.605306,0.000000,0.000000,0.000000
64.38000000000001,ground_truth,2.108466,0.921706,-1.605863,0.000000,0.000000,0.000000
64.4,ground_truth,2.107806,0.902640,-1.606409,0.000000,0.000000,0.000000
64.42,ground_truth,2.107131,0.883389,-1.606849,0.000000,0.000000,0.000000
64.44,ground_truth,2.106444,0.863989,-1.607243,0.000000,0.000000,0.000000
64.46000000000001,ground_truth,2.105755,0.844541,-1.607669,0.000000,0.000000,0.000000
64.48,ground_truth,2.105104,0.825865,-1.608350,0.000000,0.000000,0.000000
64.5,ground_truth,2.104497,0.807943,-1.609232,0.000000,0.000000,0.000000
64.52000000000001,ground_truth,2.103854,0.789934,-1.609775,0.000000,0.000000,0.000000
64.54,ground_truth,2.103168,0.771615,-1.609941,0.000000,0.000000,0.000000
64.56,ground_truth,2.102440,0.754014,-1.609120,0.000000,0.000000,0.000000
64.58,ground_truth,2.101721,0.736353,-1.608676,0.000000,0.000000,0.000000
64.60000000000001,ground_truth,2.101074,0.720077,-1.608426,0.000000,0.000000,0.000000
64.62,ground_truth,2.100508,0.704147,-1.609161,0.000000,0.000000,0.000000
64.64,ground_truth,2.099937,0.688645,-1.609336,0.000000,0.000000,0.000000
64.66000000000001,ground_truth,2.099324,0.674129,-1.608394,0.000000,0.000000,0.000000
64.68,ground_truth,2.098636,0.660243,-1.606849,0.000000,0.000000,0.000000
64.7,ground_truth,2.097949,0.645956,-1.605146,0.000000,0.000000,0.000000
64.72,ground_truth,2.097268,0.631102,-1.603539,0.000000,0.000000,0.000000
64.74000000000001,ground_truth,2.096602,0.615713,-1.602160,0.000000,0.000000,0.000000
64.76,ground_truth,2.095946,0.599843,-1.600921,0.000000,0.000000,0.000000
64.78,ground_truth,2.095305,0.583544,-1.599858,0.000000,0.000000,0.000000
64.8,ground_truth,2.094684,0.566855,-1.599099,0.000000,0.000000,0.000000
64.82000000000001,ground_truth,2.094078,0.549821,-1.598499,0.000000,0.000000,0.000000
64.84,ground_truth,2.093489,0.532474,-1.598155,0.000000,0.000000,0.000000
64.86,ground_truth,2.092922,0.514752,-1.598130,0.000000,0.000000,0.000000
64.88000000000001,ground_truth,2.092391,0.496506,-1.598748,0.000000,0.000000,0.000000
64.9,ground_truth,2.091878,0.477878,-1.599664,0.000000,0.000000,0.000000
64.92,ground_truth,2.091368,0.459060,-1.600626,0.000000,0.000000,0.000000
64.94,ground_truth,2.090836,0.440357,-1.601113,0.000000,0.000000,0.000000
64.96000000000001,ground_truth,2.090303,0.421378,-1.601789,0.000000,0.000000,0.000000
64.98,ground_truth,2.089760,0.402169,-1.602513,0.000000,0.000000,0.000000
65.0,ground_truth,2.089214,0.383207,-1.603080,0.000000,0.000000,0.000000
65.02000000000001,ground_truth,2.088663,0.364543,-1.603569,0.000000,0.000000,0.000000
65.04,ground_truth,2.088092,0.346439,-1.603350,0.000000,0.000000,0.000000
65.06,ground_truth,2.087523,0.328523,-1.603185,0.000000,0.000000,0.000000
65.08,ground_truth,2.086951,0.310693,-1.602961,0.000000,0.000000,0.000000
65.10000000000001,ground_truth,2.086383,0.292830,-1.602907,0.000000,0.000000,0.000000
65.12,ground_truth,2.085798,0.274696,-1.602705,0.000000,0.000000,0.000000
65.14,ground_truth,2.085267,0.257418,-1.603037,0.000000,0.000000,0.000000
65.16000000000001,ground_truth,2.084741,0.240032,-1.603410,0.000000,0.000000,0.000000
65.18,ground_truth,2.084257,0.223590,-1.603796,0.000000,0.000000,0.000000
65.2,ground_truth,2.083838,0.207597,-1.604827,0.000000,0.000000,0.000000
65.22,ground_truth,2.083381,0.192034,-1.605202,0.000000,0.000000,0.000000
65.24000000000001,ground_truth,2.082856,0.176051,-1.604751,0.000000,0.000000,0.000000
65.26,ground_truth,2.082246,0.159508,-1.603258,0.000000,0.000000,0.000000
65.28,ground_truth,2.081595,0.142468,-1.601481,0.000000,0.000000,0.000000
65.3,ground_truth,2.080932,0.125022,-1.599736,0.000000,0.000000,0.000000
65.32000000000001,ground_truth,2.080291,0.107301,-1.598300,0.000000,0.000000,0.000000
65.34,ground_truth,2.079678,0.089333,-1.597267,0.000000,0.000000,0.000000
65.36,ground_truth,2.079074,0.071097,-1.596365,0.000000,0.000000,0.000000
65.38000000000001,ground_truth,2.078489,0.052636,-1.595747,0.000000,0.000000,0.000000
65.4,ground_truth,2.077934,0.033939,-1.595528,0.000000,0.000000,0.000000
65.42,ground_truth,2.077418,0.014975,-1.595942,0.000000,0.000000,0.000000
65.44,ground_truth,2.076917,-0.004203,-1.596626,0.000000,0.000000,0.000000
65.46000000000001,ground_truth,2.076425,-0.023547,-1.597551,0.000000,0.000000,0.000000
65.48,ground_truth,2.075942,-0.042807,-1.598493,0.000000,0.000000,0.000000
65.5,ground_truth,2.075458,-0.062172,-1.599484,0.000000,0.000000,0.000000
65.52000000000001,ground_truth,2.074981,-0.081196,-1.600446,0.000000,0.000000,0.000000
65.54,ground_truth,2.074475,-0.100409,-1.601142,0.000000,0.000000,0.000000
65.56,ground_truth,2.073939,-0.119804,-1.601528,0.000000,0.000000,0.000000
65.58,ground_truth,2.073421,-0.139104,-1.602301,0.000000,0.000000,0.000000
65.60000000000001,ground_truth,2.072920,-0.157860,-1.603255,0.000000,0.000000,0.000000
65.62,ground_truth,2.072437,-0.176245,-1.604388,0.000000,0.000000,0.000000
65.64,ground_truth,2.071928,-0.194516,-1.605239,0.000000,0.000000,0.000000
65.66000000000001,ground_truth,2.071429,-0.212341,-1.606037,0.000000,0.000000,0.000000
65.68,ground_truth,2.070883,-0.230176,-1.606417,0.000000,0.000000,0.000000
65.7,ground_truth,2.070286,-0.248101,-1.606250,0.000000,0.000000,0.000000
65.72,ground_truth,2.069654,-0.265296,-1.605276,0.000000,0.000000,0.000000
65.74000000000001,ground_truth,2.069016,-0.282296,-1.604332,0.000000,0.000000,0.000000
65.76,ground_truth,2.068398,-0.298186,-1.603597,0.000000,0.000000,0.000000
65.78,ground_truth,2.067821,-0.313607,-1.603107,0.000000,0.000000,0.000000
65.8,ground_truth,2.067269,-0.329369,-1.602971,0.000000,0.000000,0.000000
65.82000000000001,ground_truth,2.066740,-0.345986,-1.603748,0.000000,0.000000,0.000000
65.84,ground_truth,2.066198,-0.363270,-1.604829,0.000000,0.000000,0.000000
65.86,ground_truth,2.065627,-0.381076,-1.605879,0.000000,0.000000,0.000000
65.88000000000001,ground_truth,2.065020,-0.399297,-1.606688,0.000000,0.000000,0.000000
65.9,ground_truth,2.064385,-0.417856,-1.607355,0.000000,0.000000,0.000000
65.92,ground_truth,2.063715,-0.436679,-1.607650,0.000000,0.000000,0.000000
65.94,ground_truth,2.063023,-0.455723,-1.607740,0.000000,0.000000,0.000000
65.96000000000001,ground_truth,2.062311,-0.474946,-1.607589,0.000000,0.000000,0.000000
65.98,ground_truth,2.061585,-0.494247,-1.607170,0.000000,0.000000,0.000000
66.0,ground_truth,2.060854,-0.513648,-1.606633,0.000000,0.000000,0.000000
66.02000000000001,ground_truth,2.060126,-0.533171,-1.606082,0.000000,0.000000,0.000000
66.04,ground_truth,2.059401,-0.552739,-1.605457,0.000000,0.000000,0.000000
66.06,ground_truth,2.058686,-0.571901,-1.604520,0.000000,0.000000,0.000000
66.08,ground_truth,2.057986,-0.591076,-1.603683,0.000000,0.000000,0.000000
66.10000000000001,ground_truth,2.057310,-0.609831,-1.602744,0.000000,0.000000,0.000000
66.12,ground_truth,2.056665,-0.628777,-1.602269,0.000000,0.000000,0.000000
66.14,ground_truth,2.056032,-0.647847,-1.601962,0.000000,0.000000,0.000000
66.16000000000001,ground_truth,2.055396,-0.666394,-1.601282,0.000000,0.000000,0.000000
66.18,ground_truth,2.054782,-0.685055,-1.600906,0.000000,0.000000,0.000000
66.2,ground_truth,2.054143,-0.702988,-1.599899,0.000000,0.000000,0.000000
66.22,ground_truth,2.053530,-0.720837,-1.598966,0.000000,0.000000,0.000000
66.24000000000001,ground_truth,2.052943,-0.738682,-1.597903,0.000000,0.000000,0.000000
66.26,ground_truth,2.052317,-0.755524,-1.596293,0.000000,0.000000,0.000000
66.28,ground_truth,2.051711,-0.772356,-1.595133,0.000000,0.000000,0.000000
66.3,ground_truth,2.051146,-0.788013,-1.594424,0.000000,0.000000,0.000000
66.32000000000001,ground_truth,2.050636,-0.803120,-1.593896,0.000000,0.000000,0.000000
66.34,ground_truth,2.050263,-0.817263,-1.594418,0.000000,0.000000,0.000000
66.36,ground_truth,2.049886,-0.831218,-1.594885,0.000000,0.000000,0.000000
66.38000000000001,ground_truth,2.049517,-0.845890,-1.595556,0.000000,0.000000,0.000000
66.4,ground_truth,2.049107,-0.861612,-1.595875,0.000000,0.000000,0.000000
66.42,ground_truth,2.048675,-0.878181,-1.596105,0.000000,0.000000,0.000000
66.44,ground_truth,2.048226,-0.895429,-1.596271,0.000000,0.000000,0.000000
66.46000000000001,ground_truth,2.047767,-0.913223,-1.596491,0.000000,0.000000,0.000000
66.48,ground_truth,2.047300,-0.931456,-1.596778,0.000000,0.000000,0.000000
66.5,ground_truth,2.046825,-0.950042,-1.597100,0.000000,0.000000,0.000000
66.52000000000001,ground_truth,2.046341,-0.968912,-1.597477,0.000000,0.000000,0.000000
66.54,ground_truth,2.045846,-0.988007,-1.597827,0.000000,0.000000,0.000000
66.56,ground_truth,2.045344,-1.007285,-1.598221,0.000000,0.000000,0.000000
66.58,ground_truth,2.044835,-1.026710,-1.598651,0.000000,0.000000,0.000000
66.60000000000001,ground_truth,2.044324,-1.046020,-1.599132,0.000000,0.000000,0.000000
66.62,ground_truth,2.043808,-1.065243,-1.599599,0.000000,0.000000,0.000000
66.64,ground_truth,2.043293,-1.084179,-1.600042,0.000000,0.000000,0.000000
66.66000000000001,ground_truth,2.042768,-1.103122,-1.600430,0.000000,0.000000,0.000000
66.68,ground_truth,2.042240,-1.121868,-1.600761,0.000000,0.000000,0.000000
66.7,ground_truth,2.041695,-1.140743,-1.600946,0.000000,0.000000,0.000000
66.72,ground_truth,2.041144,-1.159561,-1.601063,0.000000,0.000000,0.000000
66.74000000000001,ground_truth,2.040620,-1.177934,-1.601431,0.000000,0.000000,0.000000
66.76,ground_truth,2.040086,-1.196540,-1.601926,0.000000,0.000000,0.000000
66.78,ground_truth,2.039583,-1.214759,-1.602692,0.000000,0.000000,0.000000
66.8,ground_truth,2.039056,-1.232737,-1.603000,0.000000,0.000000,0.000000
66.82000000000001,ground_truth,2.038494,-1.250374,-1.602592,0.000000,0.000000,0.000000
66.84,ground_truth,2.037921,-1.267316,-1.602069,0.000000,0.000000,0.000000
66.86,ground_truth,2.037348,-1.284131,-1.601321,0.000000,0.000000,0.000000
66.88000000000001,ground_truth,2.036790,-1.300232,-1.600746,0.000000,0.000000,0.000000
66.9,ground_truth,2.036230,-1.316804,-1.600097,0.000000,0.000000,0.000000
66.92,ground_truth,2.035680,-1.333900,-1.599625,0.000000,0.000000,0.000000
66.94,ground_truth,2.035139,-1.351439,-1.599299,0.000000,0.000000,0.000000
66.96000000000001,ground_truth,2.034603,-1.369347,-1.599131,0.000000,0.000000,0.000000
66.98,ground_truth,2.034071,-1.387566,-1.599103,0.000000,0.000000,0.000000
67.0,ground_truth,2.033538,-1.406050,-1.599164,0.000000,0.000000,0.000000
67.02000000000001,ground_truth,2.033002,-1.424756,-1.599304,0.000000,0.000000,0.000000
67.04,ground_truth,2.032461,-1.443650,-1.599488,0.000000,0.000000,0.000000
67.06,ground_truth,2.031914,-1.462704,-1.599698,0.000000,0.000000,0.000000
67.08,ground_truth,2.031359,-1.481885,-1.599889,0.000000,0.000000,0.000000
67.10000000000001,ground_truth,2.030797,-1.501181,-1.600060,0.000000,0.000000,0.000000
67.12,ground_truth,2.030228,-1.520408,-1.600075,0.000000,0.000000,0.000000
67.14,ground_truth,2.029666,-1.539690,-1.600226,0.000000,0.000000,0.000000
67.16000000000001,ground_truth,2.029101,-1.559025,-1.600390,0.000000,0.000000,0.000000
67.18,ground_truth,2.028527,-1.577803,-1.599969,0.000000,0.000000,0.000000
67.2,ground_truth,2.027970,-1.596697,-1.599895,0.000000,0.000000,0.000000
67.22,ground_truth,2.027417,-1.614989,-1.599420,0.000000,0.000000,0.000000
67.24000000000001,ground_truth,2.026879,-1.633159,-1.599139,0.000000,0.000000,0.000000
67.26,ground_truth,2.026361,-1.651397,-1.599265,0.000000,0.000000,0.000000
67.28,ground_truth,2.025846,-1.669653,-1.599474,0.000000,0.000000,0.000000
67.3,ground_truth,2.025334,-1.688070,-1.599888,0.000000,0.000000,0.000000
67.32000000000001,ground_truth,2.024794,-1.705801,-1.599489,0.000000,0.000000,0.000000
67.34,ground_truth,2.024255,-1.723368,-1.599121,0.000000,0.000000,0.000000
67.36,ground_truth,2.023685,-1.739933,-1.598219,0.000000,0.000000,0.000000
67.38000000000001,ground_truth,2.023131,-1.756410,-1.597300,0.000000,0.000000,0.000000
67.4,ground_truth,2.022605,-1.772975,-1.596540,0.000000,0.000000,0.000000
67.42,ground_truth,2.022112,-1.788364,-1.596010,0.000000,0.000000,0.000000
67.44,ground_truth,2.021656,-1.803929,-1.596080,0.000000,0.000000,0.000000
67.46000000000001,ground_truth,2.021211,-1.820176,-1.596477,0.000000,0.000000,0.000000
67.48,ground_truth,2.020748,-1.837166,-1.596780,0.000000,0.000000,0.000000
67.5,ground_truth,2.020272,-1.854753,-1.597022,0.000000,0.000000,0.000000
67.52000000000001,ground_truth,2.019787,-1.872820,-1.597300,0.000000,0.000000,0.000000
67.54,ground_truth,2.019294,-1.891272,-1.597600,0.000000,0.000000,0.000000
67.56,ground_truth,2.018792,-1.910033,-1.597882,0.000000,0.000000,0.000000
67.58,ground_truth,2.018284,-1.929042,-1.598230,0.000000,0.000000,0.000000
67.60000000000001,ground_truth,2.017770,-1.948251,-1.598613,0.000000,0.000000,0.000000
67.62,ground_truth,2.017247,-1.967618,-1.598974,0.000000,0.000000,0.000000
67.64,ground_truth,2.016718,-1.987109,-1.599390,0.000000,0.000000,0.000000
67.66000000000001,ground_truth,2.016186,-2.006513,-1.599815,0.000000,0.000000,0.000000
67.68,ground_truth,2.015643,-2.025995,-1.600188,0.000000,0.000000,0.000000
67.7,ground_truth,2.015109,-2.045067,-1.600635,0.000000,0.000000,0.000000
67.72,ground_truth,2.014560,-2.064142,-1.600929,0.000000,0.000000,0.000000
67.74000000000001,ground_truth,2.013997,-2.083399,-1.601134,0.000000,0.000000,0.000000
67.76,ground_truth,2.013429,-2.102679,-1.601320,0.000000,0.000000,0.000000
67.78,ground_truth,2.012873,-2.121507,-1.601547,0.000000,0.000000,0.000000
67.8,ground_truth,2.012330,-2.140018,-1.601875,0.000000,0.000000,0.000000
67.82000000000001,ground_truth,2.011815,-2.157513,-1.602279,0.000000,0.000000,0.000000
67.84,ground_truth,2.011267,-2.175426,-1.602390,0.000000,0.000000,0.000000
67.86,ground_truth,2.010698,-2.193669,-1.602339,0.000000,0.000000,0.000000
67.88000000000001,ground_truth,2.010172,-2.211138,-1.602641,0.000000,0.000000,0.000000
67.9,ground_truth,2.009638,-2.228821,-1.603027,0.000000,0.000000,0.000000
67.92,ground_truth,2.009130,-2.245855,-1.603393,0.000000,0.000000,0.000000
67.94,ground_truth,2.008632,-2.262387,-1.603475,0.000000,0.000000,0.000000
67.96000000000001,ground_truth,2.008126,-2.278756,-1.603259,0.000000,0.000000,0.000000
67.98,ground_truth,2.007619,-2.294496,-1.602881,0.000000,0.000000,0.000000
68.0,ground_truth,2.007088,-2.310691,-1.602110,0.000000,0.000000,0.000000
68.02000000000001,ground_truth,2.006557,-2.327467,-1.601430,0.000000,0.000000,0.000000
68.04,ground_truth,2.006027,-2.344738,-1.600861,0.000000,0.000000,0.000000
68.06,ground_truth,2.005482,-2.362474,-1.600177,0.000000,0.000000,0.000000
68.08,ground_truth,2.004923,-2.380625,-1.599325,0.000000,0.000000,0.000000
68.10000000000001,ground_truth,2.004388,-2.399057,-1.598830,0.000000,0.000000,0.000000
68.12,ground_truth,2.003860,-2.417740,-1.598506,0.000000,0.000000,0.000000
68.14,ground_truth,2.003339,-2.436619,-1.598382,0.000000,0.000000,0.000000
68.16000000000001,ground_truth,2.002823,-2.455659,-1.598428,0.000000,0.000000,0.000000
68.18,ground_truth,2.002305,-2.474834,-1.598595,0.000000,0.000000,0.000000
68.2,ground_truth,2.001783,-2.494072,-1.598818,0.000000,0.000000,0.000000
68.22,ground_truth,2.001264,-2.513231,-1.599126,0.000000,0.000000,0.000000
68.24000000000001,ground_truth,2.000744,-2.532073,-1.599335,0.000000,0.000000,0.000000
68.26,ground_truth,2.000226,-2.551105,-1.599767,0.000000,0.000000,0.000000
68.28,ground_truth,1.999693,-2.570358,-1.600310,0.000000,0.000000,0.000000
68.3,ground_truth,1.999129,-2.589466,-1.600512,0.000000,0.000000,0.000000
68.32000000000001,ground_truth,1.998559,-2.608021,-1.600117,0.000000,0.000000,0.000000
68.34,ground_truth,1.997989,-2.626026,-1.599352,0.000000,0.000000,0.000000
68.36,ground_truth,1.997453,-2.644233,-1.599195,0.000000,0.000000,0.000000
68.38000000000001,ground_truth,1.996919,-2.661692,-1.598703,0.000000,0.000000,0.000000
68.4,ground_truth,1.996413,-2.678874,-1.598427,0.000000,0.000000,0.000000
68.42,ground_truth,1.995933,-2.696340,-1.598745,0.000000,0.000000,0.000000
68.44,ground_truth,1.995450,-2.713282,-1.598720,0.000000,0.000000,0.000000
68.46000000000001,ground_truth,1.994984,-2.730412,-1.599183,0.000000,0.000000,0.000000
68.48,ground_truth,1.994474,-2.746404,-1.598465,0.000000,0.000000,0.000000
68.5,ground_truth,1.993965,-2.762145,-1.597557,0.000000,0.000000,0.000000
68.52000000000001,ground_truth,1.993461,-2.777286,-1.595878,0.000000,0.000000,0.000000
68.54,ground_truth,1.992977,-2.792936,-1.594837,0.000000,0.000000,0.000000
68.56,ground_truth,1.992488,-2.809239,-1.593925,0.000000,0.000000,0.000000
68.58,ground_truth,1.992043,-2.826267,-1.593851,0.000000,0.000000,0.000000
68.60000000000001,ground_truth,1.991602,-2.843883,-1.593920,0.000000,0.000000,0.000000
68.62,ground_truth,1.991176,-2.861978,-1.594443,0.000000,0.000000,0.000000
68.64,ground_truth,1.990748,-2.880458,-1.595120,0.000000,0.000000,0.000000
68.66000000000001,ground_truth,1.990312,-2.899246,-1.595894,0.000000,0.000000,0.000000
68.68,ground_truth,1.989866,-2.918281,-1.596735,0.000000,0.000000,0.000000
68.7,ground_truth,1.989403,-2.937512,-1.597525,0.000000,0.000000,0.000000
68.72,ground_truth,1.988928,-2.956902,-1.598380,0.000000,0.000000,0.000000
68.74000000000001,ground_truth,1.988435,-2.976419,-1.599172,0.000000,0.000000,0.000000
68.76,ground_truth,1.987925,-2.996028,-1.599923,0.000000,0.000000,0.000000
68.78,ground_truth,1.987423,-3.015432,-1.600790,0.000000,0.000000,0.000000
68.80000000000001,ground_truth,1.986912,-3.034685,-1.601438,0.000000,0.000000,0.000000
68.82000000000001,ground_truth,1.986393,-3.053530,-1.601932,0.000000,0.000000,0.000000
68.84,ground_truth,1.985847,-3.072597,-1.602315,0.000000,0.000000,0.000000
68.86,ground_truth,1.985279,-3.091815,-1.602537,0.000000,0.000000,0.000000
68.88000000000001,ground_truth,1.984722,-3.110573,-1.602809,0.000000,0.000000,0.000000
68.9,ground_truth,1.984157,-3.129242,-1.603012,0.000000,0.000000,0.000000
68.92,ground_truth,1.983605,-3.147500,-1.603280,0.000000,0.000000,0.000000
68.94,ground_truth,1.983037,-3.165816,-1.603396,0.000000,0.000000,0.000000
68.96000000000001,ground_truth,1.982447,-3.184376,-1.603356,0.000000,0.000000,0.000000
68.98,ground_truth,1.981882,-3.202463,-1.603539,0.000000,0.000000,0.000000
69.0,ground_truth,1.981325,-3.220577,-1.604041,0.000000,0.000000,0.000000
69.02000000000001,ground_truth,1.980811,-3.237397,-1.604529,0.000000,0.000000,0.000000
69.04,ground_truth,1.980365,-3.253240,-1.605240,0.000000,0.000000,0.000000
69.06,ground_truth,1.979882,-3.268795,-1.605116,0.000000,0.000000,0.000000
69.08,ground_truth,1.979341,-3.285175,-1.604557,0.000000,0.000000,0.000000
69.10000000000001,ground_truth,1.978781,-3.302275,-1.604160,0.000000,0.000000,0.000000
69.12,ground_truth,1.978205,-3.319982,-1.603910,0.000000,0.000000,0.000000
69.14,ground_truth,1.977600,-3.338270,-1.603508,0.000000,0.000000,0.000000
69.16000000000001,ground_truth,1.977001,-3.356913,-1.603464,0.000000,0.000000,0.000000
69.18,ground_truth,1.976396,-3.375825,-1.603539,0.000000,0.000000,0.000000
69.2,ground_truth,1.975782,-3.394950,-1.603634,0.000000,0.000000,0.000000
69.22,ground_truth,1.975160,-3.414244,-1.603714,0.000000,0.000000,0.000000
69.24000000000001,ground_truth,1.974527,-3.433671,-1.603737,0.000000,0.000000,0.000000
69.26,ground_truth,1.973885,-3.453199,-1.603664,0.000000,0.000000,0.000000
69.28,ground_truth,1.973239,-3.472818,-1.603556,0.000000,0.000000,0.000000
69.30000000000001,ground_truth,1.972589,-3.492510,-1.603395,0.000000,0.000000,0.000000
69.32000000000001,ground_truth,1.971934,-3.511999,-1.602952,0.000000,0.000000,0.000000
69.34,ground_truth,1.971283,-3.531322,-1.602385,0.000000,0.000000,0.000000
69.36,ground_truth,1.970644,-3.550269,-1.601660,0.000000,0.000000,0.000000
69.38000000000001,ground_truth,1.970022,-3.569193,-1.601213,0.000000,0.000000,0.000000
69.4,ground_truth,1.969415,-3.587910,-1.600855,0.000000,0.000000,0.000000
69.42,ground_truth,1.968822,-3.606765,-1.600785,0.000000,0.000000,0.000000
69.44,ground_truth,1.968241,-3.625738,-1.600951,0.000000,0.000000,0.000000
69.46000000000001,ground_truth,1.967654,-3.644354,-1.600733,0.000000,0.000000,0.000000
69.48,ground_truth,1.967046,-3.662606,-1.600045,0.000000,0.000000,0.000000
69.5,ground_truth,1.966426,-3.680575,-1.599195,0.000000,0.000000,0.000000
69.52000000000001,ground_truth,1.965834,-3.698307,-1.598628,0.000000,0.000000,0.000000
69.54,ground_truth,1.965257,-3.716138,-1.598113,0.000000,0.000000,0.000000
69.56,ground_truth,1.964686,-3.732880,-1.597430,0.000000,0.000000,0.000000
69.58,ground_truth,1.964123,-3.748873,-1.596647,0.000000,0.000000,0.000000
69.60000000000001,ground_truth,1.963608,-3.764892,-1.596717,0.000000,0.000000,0.000000
69.62,ground_truth,1.963109,-3.781564,-1.597067,0.000000,0.000000,0.000000
69.64,ground_truth,1.962620,-3.798905,-1.597791,0.000000,0.000000,0.000000
69.66000000000001,ground_truth,1.962121,-3.816790,-1.598525,0.000000,0.000000,0.000000
69.68,ground_truth,1.961590,-3.835157,-1.598816,0.000000,0.000000,0.000000
69.7,ground_truth,1.961049,-3.853847,-1.599019,0.000000,0.000000,0.000000
69.72,ground_truth,1.960501,-3.872796,-1.599181,0.000000,0.000000,0.000000
69.74000000000001,ground_truth,1.959944,-3.891950,-1.599210,0.000000,0.000000,0.000000
69.76,ground_truth,1.959386,-3.911272,-1.599271,0.000000,0.000000,0.000000
69.78,ground_truth,1.958827,-3.930728,-1.599363,0.000000,0.000000,0.000000
69.80000000000001,ground_truth,1.958266,-3.950278,-1.599462,0.000000,0.000000,0.000000
69.82000000000001,ground_truth,1.957708,-3.969812,-1.599599,0.000000,0.000000,0.000000
69.84,ground_truth,1.957149,-3.989329,-1.599739,0.000000,0.000000,0.000000
69.86,ground_truth,1.956585,-4.008941,-1.599844,0.000000,0.000000,0.000000
69.88000000000001,ground_truth,1.956017,-4.028623,-1.599938,0.000000,0.000000,0.000000
69.9,ground_truth,1.955470,-4.047795,-1.600215,0.000000,0.000000,0.000000
69.92,ground_truth,1.954919,-4.066917,-1.600427,0.000000,0.000000,0.000000
69.94,ground_truth,1.954378,-4.085664,-1.600676,0.000000,0.000000,0.000000
69.96000000000001,ground_truth,1.953823,-4.104535,-1.600774,0.000000,0.000000,0.000000
69.98,ground_truth,1.953256,-4.123561,-1.600767,0.000000,0.000000,0.000000
70.0,ground_truth,1.952709,-4.142193,-1.600915,0.000000,0.000000,0.000000
70.02000000000001,ground_truth,1.952168,-4.160511,-1.601002,0.000000,0.000000,0.000000
70.04,ground_truth,1.951651,-4.178557,-1.601362,0.000000,0.000000,0.000000
70.06,ground_truth,1.951108,-4.196626,-1.601315,0.000000,0.000000,0.000000
70.08,ground_truth,1.950605,-4.214021,-1.601732,0.000000,0.000000,0.000000
70.10000000000001,ground_truth,1.950094,-4.231264,-1.601889,0.000000,0.000000,0.000000
70.12,ground_truth,1.949600,-4.248014,-1.602285,0.000000,0.000000,0.000000
70.14,ground_truth,1.949112,-4.263892,-1.602371,0.000000,0.000000,0.000000
70.16000000000001,ground_truth,1.948639,-4.279895,-1.602700,0.000000,0.000000,0.000000
70.18,ground_truth,1.948099,-4.296372,-1.602097,0.000000,0.000000,0.000000
70.2,ground_truth,1.947521,-4.313389,-1.601150,0.000000,0.000000,0.000000
70.22,ground_truth,1.946954,-4.330975,-1.600591,0.000000,0.000000,0.000000
70.24000000000001,ground_truth,1.946397,-4.349108,-1.600452,0.000000,0.000000,0.000000
70.26,ground_truth,1.945833,-4.367712,-1.600370,0.000000,0.000000,0.000000
70.28,ground_truth,1.945275,-4.386604,-1.600563,0.000000,0.000000,0.000000
70.30000000000001,ground_truth,1.944714,-4.405714,-1.600865,0.000000,0.000000,0.000000
70.32000000000001,ground_truth,1.944146,-4.424995,-1.601187,0.000000,0.000000,0.000000
70.34,ground_truth,1.943568,-4.444406,-1.601449,0.000000,0.000000,0.000000
70.36,ground_truth,1.942980,-4.463922,-1.601646,0.000000,0.000000,0.000000
70.38000000000001,ground_truth,1.942378,-4.483297,-1.601476,0.000000,0.000000,0.000000
70.4,ground_truth,1.941775,-4.502701,-1.601302,0.000000,0.000000,0.000000
70.42,ground_truth,1.941169,-4.521745,-1.600726,0.000000,0.000000,0.000000
70.44,ground_truth,1.940581,-4.540948,-1.600500,0.000000,0.000000,0.000000
70.46000000000001,ground_truth,1.939998,-4.560302,-1.600431,0.000000,0.000000,0.000000
70.48,ground_truth,1.939411,-4.578993,-1.599791,0.000000,0.000000,0.000000
70.5,ground_truth,1.938837,-4.597283,-1.599052,0.000000,0.000000,0.000000
70.52000000000001,ground_truth,1.938287,-4.614688,-1.598069,0.000000,0.000000,0.000000
70.54,ground_truth,1.937779,-4.632456,-1.597905,0.000000,0.000000,0.000000
70.56,ground_truth,1.937292,-4.650520,-1.598248,0.000000,0.000000,0.000000
70.58,ground_truth,1.936798,-4.668438,-1.598393,0.000000,0.000000,0.000000
70.60000000000001,ground_truth,1.936303,-4.685761,-1.598252,0.000000,0.000000,0.000000
70.62,ground_truth,1.935763,-4.702419,-1.597221,0.000000,0.000000,0.000000
70.64,ground_truth,1.935253,-4.719156,-1.596646,0.000000,0.000000,0.000000
70.66000000000001,ground_truth,1.934784,-4.735919,-1.596563,0.000000,0.000000,0.000000
70.68,ground_truth,1.934369,-4.753258,-1.597882,0.000000,0.000000,0.000000
70.7,ground_truth,1.933946,-4.771175,-1.599648,0.000000,0.000000,0.000000
70.72,ground_truth,1.933476,-4.789529,-1.601106,0.000000,0.000000,0.000000
70.74000000000001,ground_truth,1.932960,-4.808197,-1.602139,0.000000,0.000000,0.000000
70.76,ground_truth,1.932408,-4.827119,-1.602864,0.000000,0.000000,0.000000
70.78,ground_truth,1.931806,-4.846292,-1.602916,0.000000,0.000000,0.000000
70.80000000000001,ground_truth,1.931175,-4.865647,-1.602524,0.000000,0.000000,0.000000
70.82000000000001,ground_truth,1.930538,-4.885119,-1.601990,0.000000,0.000000,0.000000
70.84,ground_truth,1.929904,-4.904688,-1.601472,0.000000,0.000000,0.000000
70.86,ground_truth,1.929277,-4.924335,-1.600996,0.000000,0.000000,0.000000
70.88000000000001,ground_truth,1.928656,-4.944047,-1.600578,0.000000,0.000000,0.000000
70.9,ground_truth,1.928043,-4.963810,-1.600193,0.000000,0.000000,0.000000
70.92,ground_truth,1.927449,-4.983418,-1.599997,0.000000,0.000000,0.000000
70.94,ground_truth,1.926864,-5.002983,-1.599868,0.000000,0.000000,0.000000
70.96000000000001,ground_truth,1.926306,-5.022087,-1.599999,0.000000,0.000000,0.000000
70.98,ground_truth,1.925743,-5.041258,-1.600043,0.000000,0.000000,0.000000
71.0,ground_truth,1.925172,-5.060591,-1.600020,0.000000,0.000000,0.000000
71.02000000000001,ground_truth,1.924611,-5.079752,-1.600072,0.000000,0.000000,0.000000
71.04,ground_truth,1.924062,-5.098567,-1.600172,0.000000,0.000000,0.000000
71.06,ground_truth,1.923529,-5.117119,-1.600388,0.000000,0.000000,0.000000
71.08,ground_truth,1.922979,-5.135831,-1.600408,0.000000,0.000000,0.000000
71.10000000000001,ground_truth,1.922430,-5.154458,-1.600400,0.000000,0.000000,0.000000
71.12,ground_truth,1.921892,-5.172757,-1.600480,0.000000,0.000000,0.000000
71.14,ground_truth,1.921367,-5.190728,-1.600573,0.000000,0.000000,0.000000
71.16000000000001,ground_truth,1.920902,-5.207236,-1.600988,0.000000,0.000000,0.000000
71.18,ground_truth,1.920456,-5.223779,-1.601626,0.000000,0.000000,0.000000
71.2,ground_truth,1.920040,-5.238444,-1.601822,0.000000,0.000000,0.000000
71.22,ground_truth,1.919668,-5.253049,-1.602638,0.000000,0.000000,0.000000
71.24000000000001,ground_truth,1.919242,-5.267542,-1.602449,0.000000,0.000000,0.000000
71.26,ground_truth,1.918827,-5.281127,-1.602424,0.000000,0.000000,0.000000
71.28,ground_truth,1.918397,-5.295553,-1.602781,0.000000,0.000000,0.000000
71.30000000000001,ground_truth,1.917925,-5.311084,-1.603160,0.000000,0.000000,0.000000
71.32000000000001,ground_truth,1.917413,-5.327496,-1.603403,0.000000,0.000000,0.000000
71.34,ground_truth,1.916868,-5.344613,-1.603516,0.000000,0.000000,0.000000
71.36,ground_truth,1.916288,-5.362305,-1.603362,0.000000,0.000000,0.000000
71.38000000000001,ground_truth,1.915677,-5.380569,-1.602896,0.000000,0.000000,0.000000
71.4,ground_truth,1.915071,-5.399199,-1.602672,0.000000,0.000000,0.000000
71.42,ground_truth,1.914463,-5.418102,-1.602566,0.000000,0.000000,0.000000
71.44,ground_truth,1.913854,-5.437223,-1.602565,0.000000,0.000000,0.000000
71.46000000000001,ground_truth,1.913237,-5.456421,-1.602418,0.000000,0.000000,0.000000
71.48,ground_truth,1.912616,-5.475702,-1.602208,0.000000,0.000000,0.000000
71.5,ground_truth,1.911989,-5.494783,-1.601636,0.000000,0.000000,0.000000
71.52000000000001,ground_truth,1.911369,-5.513755,-1.601015,0.000000,0.000000,0.000000
71.54,ground_truth,1.910768,-5.532576,-1.600458,0.000000,0.000000,0.000000
71.56,ground_truth,1.910182,-5.551640,-1.600244,0.000000,0.000000,0.000000
71.58,ground_truth,1.909601,-5.570844,-1.600115,0.000000,0.000000,0.000000
71.60000000000001,ground_truth,1.909015,-5.589228,-1.599299,0.000000,0.000000,0.000000
71.62,ground_truth,1.908456,-5.607577,-1.598767,0.000000,0.000000,0.000000
71.64,ground_truth,1.907888,-5.625472,-1.597961,0.000000,0.000000,0.000000
71.66000000000001,ground_truth,1.907333,-5.643430,-1.597213,0.000000,0.000000,0.000000
71.68,ground_truth,1.906799,-5.661466,-1.596700,0.000000,0.000000,0.000000
71.7,ground_truth,1.906296,-5.678582,-1.596416,0.000000,0.000000,0.000000
71.72,ground_truth,1.905819,-5.695675,-1.596502,0.000000,0.000000,0.000000
71.74000000000001,ground_truth,1.905333,-5.712072,-1.596155,0.000000,0.000000,0.000000
71.76,ground_truth,1.904863,-5.728352,-1.595876,0.000000,0.000000,0.000000
71.78,ground_truth,1.904415,-5.743853,-1.595221,0.000000,0.000000,0.000000
71.80000000000001,ground_truth,1.904000,-5.759680,-1.595193,0.000000,0.000000,0.000000
71.82000000000001,ground_truth,1.903590,-5.775971,-1.595446,0.000000,0.000000,0.000000
71.84,ground_truth,1.903211,-5.793014,-1.596779,0.000000,0.000000,0.000000
71.86,ground_truth,1.902822,-5.810726,-1.598565,0.000000,0.000000,0.000000
71.88000000000001,ground_truth,1.902382,-5.828876,-1.599962,0.000000,0.000000,0.000000
71.9,ground_truth,1.901910,-5.847380,-1.601250,0.000000,0.000000,0.000000
71.92,ground_truth,1.901372,-5.866223,-1.601776,0.000000,0.000000,0.000000
71.94,ground_truth,1.900790,-5.885313,-1.601680,0.000000,0.000000,0.000000
71.96000000000001,ground_truth,1.900183,-5.904565,-1.601164,0.000000,0.000000,0.000000
71.98,ground_truth,1.899578,-5.923958,-1.600704,0.000000,0.000000,0.000000
72.0,ground_truth,1.898983,-5.943469,-1.600409,0.000000,0.000000,0.000000
72.02000000000001,ground_truth,1.898388,-5.963073,-1.600125,0.000000,0.000000,0.000000
72.04,ground_truth,1.897805,-5.982573,-1.599941,0.000000,0.000000,0.000000
72.06,ground_truth,1.897247,-6.001753,-1.600040,0.000000,0.000000,0.000000
72.08,ground_truth,1.896698,-6.020586,-1.600126,0.000000,0.000000,0.000000
72.10000000000001,ground_truth,1.896138,-6.039513,-1.600062,0.000000,0.000000,0.000000
72.12,ground_truth,1.895582,-6.058130,-1.599852,0.000000,0.000000,0.000000
72.14,ground_truth,1.895021,-6.076960,-1.599615,0.000000,0.000000,0.000000
72.16000000000001,ground_truth,1.894466,-6.095833,-1.599440,0.000000,0.000000,0.000000
72.18,ground_truth,1.893951,-6.114084,-1.599682,0.000000,0.000000,0.000000
72.2,ground_truth,1.893447,-6.131941,-1.599886,0.000000,0.000000,0.000000
72.22,ground_truth,1.892990,-6.148998,-1.600458,0.000000,0.000000,0.000000
72.24000000000001,ground_truth,1.892528,-6.165979,-1.600893,0.000000,0.000000,0.000000
72.26,ground_truth,1.892039,-6.183025,-1.600892,0.000000,0.000000,0.000000
72.28,ground_truth,1.891515,-6.199217,-1.600305,0.000000,0.000000,0.000000
72.30000000000001,ground_truth,1.890985,-6.215411,-1.599527,0.000000,0.000000,0.000000
72.32000000000001,ground_truth,1.890542,-6.230034,-1.599720,0.000000,0.000000,0.000000
72.34,ground_truth,1.890128,-6.244871,-1.600304,0.000000,0.000000,0.000000
72.36,ground_truth,1.889710,-6.259353,-1.600610,0.000000,0.000000,0.000000
72.38000000000001,ground_truth,1.889284,-6.273878,-1.600948,0.000000,0.000000,0.000000
72.4,ground_truth,1.888815,-6.289539,-1.601140,0.000000,0.000000,0.000000
72.42,ground_truth,1.888330,-6.306253,-1.601789,0.000000,0.000000,0.000000
72.44,ground_truth,1.887808,-6.323617,-1.602216,0.000000,0.000000,0.000000
72.46000000000001,ground_truth,1.887252,-6.341493,-1.602341,0.000000,0.000000,0.000000
72.48,ground_truth,1.886675,-6.359785,-1.602337,0.000000,0.000000,0.000000
72.5,ground_truth,1.886080,-6.378423,-1.602154,0.000000,0.000000,0.000000
72.52000000000001,ground_truth,1.885466,-6.397407,-1.601739,0.000000,0.000000,0.000000
72.54,ground_truth,1.884858,-6.416598,-1.601481,0.000000,0.000000,0.000000
72.56,ground_truth,1.884255,-6.435891,-1.601308,0.000000,0.000000,0.000000
72.58,ground_truth,1.883652,-6.455322,-1.601170,0.000000,0.000000,0.000000
72.60000000000001,ground_truth,1.883049,-6.474865,-1.601052,0.000000,0.000000,0.000000
72.62,ground_truth,1.882441,-6.494307,-1.600721,0.000000,0.000000,0.000000
72.64,ground_truth,1.881839,-6.513682,-1.600341,0.000000,0.000000,0.000000
72.66000000000001,ground_truth,1.881236,-6.532510,-1.599464,0.000000,0.000000,0.000000
72.68,ground_truth,1.880663,-6.551300,-1.598904,0.000000,0.000000,0.000000
72.7,ground_truth,1.880109,-6.570276,-1.598681,0.000000,0.000000,0.000000
72.72,ground_truth,1.879561,-6.588559,-1.598160,0.000000,0.000000,0.000000
72.74000000000001,ground_truth,1.879029,-6.606836,-1.597829,0.000000,0.000000,0.000000
72.76,ground_truth,1.878459,-6.624566,-1.596792,0.000000,0.000000,0.000000
72.78,ground_truth,1.877926,-6.642443,-1.596307,0.000000,0.000000,0.000000
72.80000000000001,ground_truth,1.877427,-6.660251,-1.596122,0.000000,0.000000,0.000000
72.82000000000001,ground_truth,1.876938,-6.677807,-1.595998,0.000000,0.000000,0.000000
72.84,ground_truth,1.876458,-6.695074,-1.595815,0.000000,0.000000,0.000000
72.86,ground_truth,1.875961,-6.711390,-1.595190,0.000000,0.000000,0.000000
72.88000000000001,ground_truth,1.875482,-6.727446,-1.594638,0.000000,0.000000,0.000000
72.9,ground_truth,1.874864,-6.742346,-1.591778,0.000000,0.000000,0.000000
72.92,ground_truth,1.874218,-6.757774,-1.588501,0.000000,0.000000,0.000000
72.94,ground_truth,1.873688,-6.774141,-1.586535,0.000000,0.000000,0.000000
72.96000000000001,ground_truth,1.873254,-6.791265,-1.585783,0.000000,0.000000,0.000000
72.98,ground_truth,1.872852,-6.808961,-1.585170,0.000000,0.000000,0.000000
73.0,ground_truth,1.872482,-6.827144,-1.584687,0.000000,0.000000,0.000000
73.02000000000001,ground_truth,1.872122,-6.845694,-1.583961,0.000000,0.000000,0.000000
73.04,ground_truth,1.871764,-6.864561,-1.582805,0.000000,0.000000,0.000000
73.06,ground_truth,1.871418,-6.883662,-1.581321,0.000000,0.000000,0.000000
73.08,ground_truth,1.871104,-6.902923,-1.579936,0.000000,0.000000,0.000000
73.10000000000001,ground_truth,1.870832,-6.922317,-1.578920,0.000000,0.000000,0.000000
73.12,ground_truth,1.870589,-6.941758,-1.578020,0.000000,0.000000,0.000000
73.14,ground_truth,1.870378,-6.961130,-1.577377,0.000000,0.000000,0.000000
73.16000000000001,ground_truth,1.870182,-6.980618,-1.576722,0.000000,0.000000,0.000000
73.18,ground_truth,1.870000,-7.000137,-1.576021,0.000000,0.000000,0.000000
73.2,ground_truth,1.869874,-7.018868,-1.576147,0.000000,0.000000,0.000000
73.22,ground_truth,1.869757,-7.037251,-1.576313,0.000000,0.000000,0.000000
73.24000000000001,ground_truth,1.869643,-7.055300,-1.576468,0.000000,0.000000,0.000000
73.26,ground_truth,1.869517,-7.073607,-1.576316,0.000000,0.000000,0.000000
73.28,ground_truth,1.869388,-7.092123,-1.576036,0.000000,0.000000,0.000000
73.30000000000001,ground_truth,1.869273,-7.110139,-1.575943,0.000000,0.000000,0.000000
73.32000000000001,ground_truth,1.869157,-7.128153,-1.575737,0.000000,0.000000,0.000000
73.34,ground_truth,1.869060,-7.145890,-1.575823,0.000000,0.000000,0.000000
73.36,ground_truth,1.868948,-7.163693,-1.575604,0.000000,0.000000,0.000000
73.38000000000001,ground_truth,1.868865,-7.180989,-1.575884,0.000000,0.000000,0.000000
73.4,ground_truth,1.868776,-7.198044,-1.575962,0.000000,0.000000,0.000000
73.42,ground_truth,1.868680,-7.214899,-1.575881,0.000000,0.000000,0.000000
73.44,ground_truth,1.868563,-7.230724,-1.575634,0.000000,0.000000,0.000000
73.46000000000001,ground_truth,1.868424,-7.246944,-1.574801,0.000000,0.000000,0.000000
73.48,ground_truth,1.868283,-7.263832,-1.573639,0.000000,0.000000,0.000000
73.5,ground_truth,1.868165,-7.281330,-1.572620,0.000000,0.000000,0.000000
73.52000000000001,ground_truth,1.868065,-7.299315,-1.571651,0.000000,0.000000,0.000000
73.54,ground_truth,1.867994,-7.317698,-1.570949,0.000000,0.000000,0.000000
73.56,ground_truth,1.867963,-7.336463,-1.570832,0.000000,0.000000,0.000000
73.58,ground_truth,1.867959,-7.355505,-1.571202,0.000000,0.000000,0.000000
73.60000000000001,ground_truth,1.867955,-7.374754,-1.571581,0.000000,0.000000,0.000000
73.62,ground_truth,1.867948,-7.394184,-1.571945,0.000000,0.000000,0.000000
73.64,ground_truth,1.867940,-7.413724,-1.572351,0.000000,0.000000,0.000000
73.66000000000001,ground_truth,1.867920,-7.433303,-1.572605,0.000000,0.000000,0.000000
73.68,ground_truth,1.867885,-7.452800,-1.572576,0.000000,0.000000,0.000000
73.7,ground_truth,1.867853,-7.472397,-1.572624,0.000000,0.000000,0.000000
73.72,ground_truth,1.867821,-7.492074,-1.572691,0.000000,0.000000,0.000000
73.74000000000001,ground_truth,1.867785,-7.511722,-1.572680,0.000000,0.000000,0.000000
73.76,ground_truth,1.867732,-7.530674,-1.572256,0.000000,0.000000,0.000000
73.78,ground_truth,1.867672,-7.548977,-1.571626,0.000000,0.000000,0.000000
73.80000000000001,ground_truth,1.867622,-7.567009,-1.571018,0.000000,0.000000,0.000000
73.82000000000001,ground_truth,1.867591,-7.584427,-1.570635,0.000000,0.000000,0.000000
73.84,ground_truth,1.867572,-7.602037,-1.570428,0.000000,0.000000,0.000000
73.86,ground_truth,1.867577,-7.619840,-1.570569,0.000000,0.000000,0.000000
73.88000000000001,ground_truth,1.867607,-7.637098,-1.571068,0.000000,0.000000,0.000000
73.9,ground_truth,1.867592,-7.654156,-1.570893,0.000000,0.000000,0.000000
73.92,ground_truth,1.867580,-7.671237,-1.570791,0.000000,0.000000,0.000000
73.94,ground_truth,1.867571,-7.688215,-1.570745,0.000000,0.000000,0.000000
73.96000000000001,ground_truth,1.867555,-7.704736,-1.570455,0.000000,0.000000,0.000000
73.98,ground_truth,1.867407,-7.719394,-1.568581,0.000000,0.000000,0.000000
74.0,ground_truth,1.867256,-7.733826,-1.567611,0.000000,0.000000,0.000000
74.02000000000001,ground_truth,1.867135,-7.746672,-1.566745,0.000000,0.000000,0.000000
74.04,ground_truth,1.867053,-7.759766,-1.566106,0.000000,0.000000,0.000000
74.06,ground_truth,1.867041,-7.771673,-1.566491,0.000000,0.000000,0.000000
74.08,ground_truth,1.867063,-7.783266,-1.567107,0.000000,0.000000,0.000000
74.10000000000001,ground_truth,1.867070,-7.794622,-1.567531,0.000000,0.000000,0.000000
74.12,ground_truth,1.867039,-7.805163,-1.567201,0.000000,0.000000,0.000000
74.14,ground_truth,1.867019,-7.815486,-1.566908,0.000000,0.000000,0.000000
74.16000000000001,ground_truth,1.867025,-7.825446,-1.567039,0.000000,0.000000,0.000000
74.18,ground_truth,1.867040,-7.835584,-1.567202,0.000000,0.000000,0.000000
74.2,ground_truth,1.867044,-7.845316,-1.567235,0.000000,0.000000,0.000000
74.22,ground_truth,1.867006,-7.854310,-1.567034,0.000000,0.000000,0.000000
74.24000000000001,ground_truth,1.866980,-7.863340,-1.566813,0.000000,0.000000,0.000000
74.26,ground_truth,1.866911,-7.871415,-1.566325,0.000000,0.000000,0.000000
74.28,ground_truth,1.866894,-7.879546,-1.566395,0.000000,0.000000,0.000000
74.30000000000001,ground_truth,1.866920,-7.887905,-1.566994,0.000000,0.000000,0.000000
74.32000000000001,ground_truth,1.866918,-7.895403,-1.566990,0.000000,0.000000,0.000000
74.34,ground_truth,1.866896,-7.902012,-1.566758,0.000000,0.000000,0.000000
74.36,ground_truth,1.866861,-7.908282,-1.566541,0.000000,0.000000,0.000000
74.38000000000001,ground_truth,1.866861,-7.914644,-1.566626,0.000000,0.000000,0.000000
74.4,ground_truth,1.866901,-7.921427,-1.567504,0.000000,0.000000,0.000000
74.42,ground_truth,1.866920,-7.927593,-1.567743,0.000000,0.000000,0.000000
74.44,ground_truth,1.866948,-7.933935,-1.568124,0.000000,0.000000,0.000000
74.46000000000001,ground_truth,1.866844,-7.939252,-1.567297,0.000000,0.000000,0.000000
74.48,ground_truth,1.866756,-7.944153,-1.566929,0.000000,0.000000,0.000000
74.5,ground_truth,1.866751,-7.949286,-1.567122,0.000000,0.000000,0.000000
74.52000000000001,ground_truth,1.866822,-7.954000,-1.567893,0.000000,0.000000,0.000000
74.54,ground_truth,1.866887,-7.958775,-1.568425,0.000000,0.000000,0.000000
74.56,ground_truth,1.866855,-7.962893,-1.568072,0.000000,0.000000,0.000000
74.58,ground_truth,1.866841,-7.966926,-1.567997,0.000000,0.000000,0.000000
74.60000000000001,ground_truth,1.866849,-7.970273,-1.568105,0.000000,0.000000,0.000000
74.62,ground_truth,1.866862,-7.974107,-1.568318,0.000000,0.000000,0.000000
74.64,ground_truth,1.866868,-7.978124,-1.568318,0.000000,0.000000,0.000000
74.66000000000001,ground_truth,1.866858,-7.981643,-1.568126,0.000000,0.000000,0.000000
74.68,ground_truth,1.866866,-7.985113,-1.568075,0.000000,0.000000,0.000000
74.7,ground_truth,1.866900,-7.988166,-1.568168,0.000000,0.000000,0.000000
74.72,ground_truth,1.866920,-7.991350,-1.568448,0.000000,0.000000,0.000000
74.74000000000001,ground_truth,1.866926,-7.994566,-1.568635,0.000000,0.000000,0.000000
74.76,ground_truth,1.867016,-7.996906,-1.569132,0.000000,0.000000,0.000000
74.78,ground_truth,1.867050,-7.999728,-1.569201,0.000000,0.000000,0.000000
74.80000000000001,ground_truth,1.867076,-8.001990,-1.569271,0.000000,0.000000,0.000000
74.82000000000001,ground_truth,1.867096,-8.004560,-1.569389,0.000000,0.000000,0.000000
74.84,ground_truth,1.867112,-8.006748,-1.569506,0.000000,0.000000,0.000000
74.86,ground_truth,1.867118,-8.009227,-1.569611,0.000000,0.000000,0.000000
74.88000000000001,ground_truth,1.867120,-8.011668,-1.569680,0.000000,0.000000,0.000000
74.9,ground_truth,1.867137,-8.013683,-1.569754,0.000000,0.000000,0.000000
74.92,ground_truth,1.867153,-8.015702,-1.569856,0.000000,0.000000,0.000000
74.94,ground_truth,1.867164,-8.017819,-1.569880,0.000000,0.000000,0.000000
74.96000000000001,ground_truth,1.867168,-8.020032,-1.569966,0.000000,0.000000,0.000000
74.98,ground_truth,1.867170,-8.021845,-1.570022,0.000000,0.000000,0.000000
75.0,ground_truth,1.867195,-8.023175,-1.570071,0.000000,0.000000,0.000000
75.02000000000001,ground_truth,1.867204,-8.024821,-1.570099,0.000000,0.000000,0.000000
75.04,ground_truth,1.867207,-8.026630,-1.570132,0.000000,0.000000,0.000000
75.06,ground_truth,1.867208,-8.028230,-1.570204,0.000000,0.000000,0.000000
75.08,ground_truth,1.867209,-8.029996,-1.570245,0.000000,0.000000,0.000000
75.10000000000001,ground_truth,1.867219,-8.031355,-1.570319,0.000000,0.000000,0.000000
75.12,ground_truth,1.867225,-8.032809,-1.570303,0.000000,0.000000,0.000000
75.14,ground_truth,1.867235,-8.033849,-1.570312,0.000000,0.000000,0.000000
75.16000000000001,ground_truth,1.867240,-8.034848,-1.570368,0.000000,0.000000,0.000000
75.18,ground_truth,1.867241,-8.036140,-1.570373,0.000000,0.000000,0.000000
75.2,ground_truth,1.867241,-8.037361,-1.570403,0.000000,0.000000,0.000000
75.22,ground_truth,1.867242,-8.038626,-1.570415,0.000000,0.000000,0.000000
75.24000000000001,ground_truth,1.867253,-8.039441,-1.570480,0.000000,0.000000,0.000000
75.26,ground_truth,1.867255,-8.040369,-1.570474,0.000000,0.000000,0.000000
75.28,ground_truth,1.867255,-8.041156,-1.570455,0.000000,0.000000,0.000000
75.30000000000001,ground_truth,1.867256,-8.042227,-1.570485,0.000000,0.000000,0.000000
75.32000000000001,ground_truth,1.867256,-8.043163,-1.570509,0.000000,0.000000,0.000000
75.34,ground_truth,1.867259,-8.043959,-1.570523,0.000000,0.000000,0.000000
75.36,ground_truth,1.867261,-8.044923,-1.570553,0.000000,0.000000,0.000000
75.38000000000001,ground_truth,1.867262,-8.045538,-1.570545,0.000000,0.000000,0.000000
75.4,ground_truth,1.867263,-8.046348,-1.570552,0.000000,0.000000,0.000000
75.42,ground_truth,1.867263,-8.047237,-1.570566,0.000000,0.000000,0.000000
75.44,ground_truth,1.867265,-8.047790,-1.570591,0.000000,0.000000,0.000000
75.46000000000001,ground_truth,1.867265,-8.048599,-1.570599,0.000000,0.000000,0.000000
75.48,ground_truth,1.867267,-8.049075,-1.570598,0.000000,0.000000,0.000000
75.5,ground_truth,1.867267,-8.049596,-1.570610,0.000000,0.000000,0.000000
75.52000000000001,ground_truth,1.867268,-8.050232,-1.570608,0.000000,0.000000,0.000000
75.54,ground_truth,1.867268,-8.050840,-1.570618,0.000000,0.000000,0.000000
75.56,ground_truth,1.867269,-8.051445,-1.570627,0.000000,0.000000,0.000000
75.58,ground_truth,1.867269,-8.051811,-1.570624,0.000000,0.000000,0.000000
75.60000000000001,ground_truth,1.867270,-8.052323,-1.570635,0.000000,0.000000,0.000000
75.62,ground_truth,1.867270,-8.052827,-1.570635,0.000000,0.000000,0.000000
75.64,ground_truth,1.867270,-8.053341,-1.570642,0.000000,0.000000,0.000000
75.66000000000001,ground_truth,1.867270,-8.053802,-1.570644,0.000000,0.000000,0.000000
75.68,ground_truth,1.867270,-8.054052,-1.570643,0.000000,0.000000,0.000000
75.7,ground_truth,1.867270,-8.054436,-1.570650,0.000000,0.000000,0.000000
75.72,ground_truth,1.867271,-8.054881,-1.570650,0.000000,0.000000,0.000000
75.74000000000001,ground_truth,1.867271,-8.055285,-1.570652,0.000000,0.000000,0.000000
75.76,ground_truth,1.867271,-8.055685,-1.570659,0.000000,0.000000,0.000000
75.78,ground_truth,1.867271,-8.056061,-1.570658,0.000000,0.000000,0.000000
75.80000000000001,ground_truth,1.867271,-8.056385,-1.570662,0.000000,0.000000,0.000000
75.82000000000001,ground_truth,1.867271,-8.056707,-1.570660,0.000000,0.000000,0.000000
75.84,ground_truth,1.867271,-8.057018,-1.570660,0.000000,0.000000,0.000000
75.86,ground_truth,1.867271,-8.057384,-1.570661,0.000000,0.000000,0.000000
75.88000000000001,ground_truth,1.867271,-8.057649,-1.570663,0.000000,0.000000,0.000000
75.9,ground_truth,1.867272,-8.057951,-1.570665,0.000000,0.000000,0.000000
75.92,ground_truth,1.867272,-8.058195,-1.570663,0.000000,0.000000,0.000000
75.94,ground_truth,1.867272,-8.058406,-1.570664,0.000000,0.000000,0.000000
75.96000000000001,ground_truth,1.867272,-8.058688,-1.570664,0.000000,0.000000,0.000000
75.98,ground_truth,1.867272,-8.058924,-1.570664,0.000000,0.000000,0.000000
76.0,ground_truth,1.867272,-8.059162,-1.570664,0.000000,0.000000,0.000000
76.02000000000001,ground_truth,1.867272,-8.059368,-1.570662,0.000000,0.000000,0.000000
76.04,ground_truth,1.867272,-8.059607,-1.570663,0.000000,0.000000,0.000000
76.06,ground_truth,1.867272,-8.059714,-1.570663,0.000000,0.000000,0.000000
76.08,ground_truth,1.867272,-8.059904,-1.570662,0.000000,0.000000,0.000000
76.10000000000001,ground_truth,1.867272,-8.060106,-1.570661,0.000000,0.000000,0.000000
76.12,ground_truth,1.867272,-8.060273,-1.570660,0.000000,0.000000,0.000000
76.14,ground_truth,1.867272,-8.060417,-1.570660,0.000000,0.000000,0.000000
76.16000000000001,ground_truth,1.867272,-8.060602,-1.570658,0.000000,0.000000,0.000000
76.18,ground_truth,1.867272,-8.060726,-1.570658,0.000000,0.000000,0.000000
76.2,ground_truth,1.867272,-8.060898,-1.570656,0.000000,0.000000,0.000000
76.22,ground_truth,1.867272,-8.061044,-1.570655,0.000000,0.000000,0.000000
76.24000000000001,ground_truth,1.867272,-8.061186,-1.570654,0.000000,0.000000,0.000000
76.26,ground_truth,1.867272,-8.061307,-1.570653,0.000000,0.000000,0.000000
76.28,ground_truth,1.867272,-8.061430,-1.570652,0.000000,0.000000,0.000000
76.30000000000001,ground_truth,1.867272,-8.061556,-1.570650,0.000000,0.000000,0.000000
76.32000000000001,ground_truth,1.867272,-8.061670,-1.570649,0.000000,0.000000,0.000000
76.34,ground_truth,1.867272,-8.061798,-1.570647,0.000000,0.000000,0.000000
76.36,ground_truth,1.867272,-8.061891,-1.570646,0.000000,0.000000,0.000000
76.38000000000001,ground_truth,1.867272,-8.062004,-1.570644,0.000000,0.000000,0.000000
76.4,ground_truth,1.867272,-8.062092,-1.570643,0.000000,0.000000,0.000000
76.42,ground_truth,1.867272,-8.062185,-1.570641,0.000000,0.000000,0.000000
76.44,ground_truth,1.867272,-8.062289,-1.570639,0.000000,0.000000,0.000000
76.46000000000001,ground_truth,1.867272,-8.062353,-1.570638,0.000000,0.000000,0.000000
76.48,ground_truth,1.867272,-8.062438,-1.570637,0.000000,0.000000,0.000000
76.5,ground_truth,1.867272,-8.062506,-1.570636,0.000000,0.000000,0.000000
76.52000000000001,ground_truth,1.867272,-8.062569,-1.570635,0.000000,0.000000,0.000000
76.54,ground_truth,1.867272,-8.062653,-1.570632,0.000000,0.000000,0.000000
76.56,ground_truth,1.867272,-8.062726,-1.570630,0.000000,0.000000,0.000000
76.58,ground_truth,1.867272,-8.062808,-1.570628,0.000000,0.000000,0.000000
76.60000000000001,ground_truth,1.867272,-8.062852,-1.570627,0.000000,0.000000,0.000000
76.62,ground_truth,1.867272,-8.062916,-1.570626,0.000000,0.000000,0.000000
76.64,ground_truth,1.867272,-8.062974,-1.570624,0.000000,0.000000,0.000000
76.66000000000001,ground_truth,1.867272,-8.063026,-1.570622,0.000000,0.000000,0.000000
76.68,ground_truth,1.867272,-8.063091,-1.570620,0.000000,0.000000,0.000000
76.7,ground_truth,1.867272,-8.063129,-1.570619,0.000000,0.000000,0.000000
76.72,ground_truth,1.867272,-8.063173,-1.570618,0.000000,0.000000,0.000000
76.74000000000001,ground_truth,1.867272,-8.063224,-1.570616,0.000000,0.000000,0.000000
76.76,ground_truth,1.867272,-8.063271,-1.570614,0.000000,0.000000,0.000000
76.78,ground_truth,1.867272,-8.063324,-1.570611,0.000000,0.000000,0.000000
76.80000000000001,ground_truth,1.867272,-8.063351,-1.570611,0.000000,0.000000,0.000000
0.034,ekf,0.000000,0.000000,0.000000,0.100000,0.100000,0.050000
0.068,ekf,0.000000,0.000000,0.000000,0.100000,0.100000,0.050000
0.10200000000000001,ekf,0.000000,0.000000,0.000000,0.100000,0.100000,0.050000
0.136,ekf,0.000000,0.000000,0.000000,0.100000,0.100000,0.050000
0.17,ekf,0.000000,0.000000,0.000000,0.100000,0.100000,0.050000
0.20400000000000001,ekf,0.000000,0.000000,0.000000,0.100000,0.100000,0.050000
0.23800000000000002,ekf,0.000000,0.000000,0.000000,0.100000,0.100000,0.050000
0.272,ekf,0.000000,0.000000,0.000000,0.100000,0.100000,0.050000
0.306,ekf,0.000000,0.000000,0.000000,0.100000,0.100000,0.050000
0.34,ekf,0.000000,0.000000,0.000000,0.100000,0.100000,0.050000
0.374,ekf,0.000000,0.000000,0.000000,0.100000,0.100000,0.050000
0.40800000000000003,ekf,0.000000,0.000000,0.000000,0.100000,0.100000,0.050000
0.442,ekf,0.000000,0.000000,0.000000,0.100000,0.100000,0.050000
0.47600000000000003,ekf,0.000000,0.000000,0.000000,0.100000,0.100000,0.050000
0.51,ekf,0.000000,0.000000,0.000000,0.100000,0.100000,0.050000
0.544,ekf,0.000000,0.000000,0.000000,0.100000,0.100000,0.050000
0.5780000000000001,ekf,0.000000,0.000000,0.000000,0.100000,0.100000,0.050000
0.612,ekf,0.000000,0.000000,0.000000,0.100000,0.100000,0.050000
0.646,ekf,0.000000,0.000000,0.000000,0.100000,0.100000,0.050000
0.68,ekf,0.000000,0.000000,0.000000,0.100000,0.100000,0.050000
0.7140000000000001,ekf,0.000000,0.000000,0.000000,0.100000,0.100000,0.050000
0.748,ekf,0.000000,0.000000,0.000000,0.100000,0.100000,0.050000
0.782,ekf,0.000000,0.000000,0.000000,0.100000,0.100000,0.050000
0.8160000000000001,ekf,0.000000,0.000000,0.000000,0.100000,0.100000,0.050000
0.8500000000000001,ekf,0.000000,0.000000,0.000000,0.100000,0.100000,0.050000
0.884,ekf,0.000000,0.000000,0.000000,0.100000,0.100000,0.050000
0.918,ekf,0.000000,0.000000,0.000000,0.100000,0.100000,0.050000
0.9520000000000001,ekf,0.000000,0.000000,0.000000,0.100000,0.100000,0.050000
0.9860000000000001,ekf,0.000000,0.000000,0.000000,0.100000,0.100000,0.050000
1.02,ekf,0.000000,0.000000,0.000000,0.100000,0.100000,0.050000
1.054,ekf,0.000000,0.000000,0.000000,0.100000,0.100000,0.050000
1.088,ekf,0.000000,0.000000,0.000000,0.100000,0.100000,0.050000
1.122,ekf,0.000000,0.000000,0.000000,0.100000,0.100000,0.050000
1.1560000000000001,ekf,0.000000,0.000000,0.000000,0.100000,0.100000,0.050000
1.1900000000000002,ekf,0.000000,0.000000,0.000000,0.100000,0.100000,0.050000
1.224,ekf,0.000000,0.000000,0.000000,0.100000,0.100000,0.050000
1.258,ekf,0.000000,0.000000,0.000000,0.100000,0.100000,0.050000
1.292,ekf,0.000000,0.000000,0.000000,0.100000,0.100000,0.050000
1.326,ekf,0.000000,0.000000,0.000000,0.100000,0.100000,0.050000
1.36,ekf,0.000000,0.000000,0.000000,0.100000,0.100000,0.050000
1.3940000000000001,ekf,0.000000,0.000000,0.000000,0.100000,0.100000,0.050000
1.4280000000000002,ekf,0.000000,0.000000,0.000000,0.100000,0.100000,0.050000
1.4620000000000002,ekf,0.000000,0.000000,0.000000,0.100000,0.100000,0.050000
1.496,ekf,0.000000,0.000000,0.000000,0.100000,0.100000,0.050000
1.53,ekf,0.000000,0.000000,0.000000,0.100000,0.100000,0.050000
1.564,ekf,0.000000,0.000000,0.000000,0.100000,0.100000,0.050000
1.598,ekf,0.000000,0.000000,0.000000,0.100000,0.100000,0.050000
1.6320000000000001,ekf,0.000000,0.000000,0.000000,0.100000,0.100000,0.050000
1.6660000000000001,ekf,0.000000,0.000000,0.000000,0.100000,0.100000,0.050000
1.7000000000000002,ekf,0.000000,0.000000,0.000000,0.100000,0.100000,0.050000
1.7340000000000002,ekf,0.000000,0.000000,0.000000,0.100000,0.100000,0.050000
1.768,ekf,0.000000,0.000000,0.000000,0.100000,0.100000,0.050000
1.802,ekf,0.000000,0.000000,0.000000,0.100000,0.100000,0.050000
1.836,ekf,0.000000,0.000000,0.000000,0.100000,0.100000,0.050000
1.87,ekf,0.000000,0.000000,0.000000,0.100000,0.100000,0.050000
1.9040000000000001,ekf,0.000000,0.000000,0.000000,0.100000,0.100000,0.050000
1.9380000000000002,ekf,0.000000,0.000000,0.000000,0.100000,0.100000,0.050000
1.9720000000000002,ekf,0.000000,0.000000,0.000000,0.100000,0.100000,0.050000
2.0060000000000002,ekf,0.000000,0.000000,0.000000,0.100000,0.100000,0.050000
2.04,ekf,0.000000,0.000000,0.000000,0.100000,0.100000,0.050000
2.0740000000000003,ekf,0.000000,0.000000,0.000000,0.100000,0.100000,0.050000
2.108,ekf,0.000000,0.000000,0.000000,0.100000,0.100000,0.050000
2.1420000000000003,ekf,0.000000,0.000000,0.000000,0.100000,0.100000,0.050000
2.176,ekf,0.000000,0.000000,0.000000,0.100000,0.100000,0.050000
2.21,ekf,0.000000,0.000000,0.000000,0.100000,0.100000,0.050000
2.244,ekf,0.000000,0.000000,0.000000,0.100000,0.100000,0.050000
2.278,ekf,0.000000,0.000000,0.000000,0.100000,0.100000,0.050000
2.3120000000000003,ekf,0.000000,0.000000,0.000000,0.100000,0.100000,0.050000
2.346,ekf,0.000000,0.000000,0.000000,0.100000,0.100000,0.050000
2.3800000000000003,ekf,0.000000,0.000000,0.000000,0.100000,0.100000,0.050000
2.414,ekf,0.000000,0.000000,0.000000,0.100000,0.100000,0.050000
2.448,ekf,0.000000,0.000000,0.000000,0.100000,0.100000,0.050000
2.482,ekf,0.000000,0.000000,0.000000,0.100000,0.100000,0.050000
2.516,ekf,0.000000,0.000000,0.000000,0.100000,0.100000,0.050000
2.5500000000000003,ekf,0.000000,0.000000,0.000000,0.100000,0.100000,0.050000
2.584,ekf,0.000000,0.000000,0.000000,0.100000,0.100000,0.050000
2.6180000000000003,ekf,0.000000,0.000000,0.000000,0.100000,0.100000,0.050000
2.652,ekf,0.000000,0.000000,0.000000,0.100000,0.100000,0.050000
2.6860000000000004,ekf,0.000000,0.000000,0.000000,0.100000,0.100000,0.050000
2.72,ekf,0.000000,0.000000,0.000000,0.100000,0.100000,0.050000
2.754,ekf,0.000000,0.000000,0.000000,0.100000,0.100000,0.050000
2.7880000000000003,ekf,0.000000,0.000000,0.000000,0.100000,0.100000,0.050000
2.822,ekf,0.000000,0.000000,0.000000,0.100000,0.100000,0.050000
2.8560000000000003,ekf,0.000000,0.000000,0.000000,0.100000,0.100000,0.050000
2.89,ekf,0.000000,0.000000,0.000000,0.100000,0.100000,0.050000
2.9240000000000004,ekf,0.000000,0.000000,0.000000,0.100000,0.100000,0.050000
2.958,ekf,0.000000,0.000000,0.000000,0.100000,0.100000,0.050000
2.992,ekf,0.000000,0.000000,0.000000,0.100000,0.100000,0.050000
3.0260000000000002,ekf,0.000000,0.000000,0.000000,0.100000,0.100000,0.050000
3.06,ekf,0.000000,0.000000,0.000000,0.100000,0.100000,0.050000
3.0940000000000003,ekf,0.000000,0.000000,0.000000,0.100000,0.100000,0.050000
3.128,ekf,0.000000,0.000000,0.000000,0.100000,0.100000,0.050000
3.1620000000000004,ekf,0.000000,0.000000,0.000000,0.100000,0.100000,0.050000
3.196,ekf,0.000000,0.000000,0.000000,0.100000,0.100000,0.050000
3.23,ekf,0.000000,0.000000,0.000000,0.100000,0.100000,0.050000
3.2640000000000002,ekf,0.000000,0.000000,0.000000,0.100000,0.100000,0.050000
3.298,ekf,0.000000,0.000000,0.000000,0.100000,0.100000,0.050000
3.3320000000000003,ekf,0.000000,0.000000,0.000000,0.100000,0.100000,0.050000
3.366,ekf,0.000000,0.000000,0.000000,0.100000,0.100000,0.050000
3.4000000000000004,ekf,0.000000,0.000000,0.000000,0.100000,0.100000,0.050000
3.434,ekf,0.000000,0.000000,0.000000,0.100000,0.100000,0.050000
3.4680000000000004,ekf,0.000000,0.000000,0.000000,0.100000,0.100000,0.050000
3.5020000000000002,ekf,0.000000,0.000000,0.000000,0.100000,0.100000,0.050000
3.536,ekf,0.000000,0.000000,0.000000,0.100000,0.100000,0.050000
3.5700000000000003,ekf,0.000000,0.000000,0.000000,0.100000,0.100000,0.050000
3.604,ekf,0.000000,0.000000,0.000000,0.100000,0.100000,0.050000
3.6380000000000003,ekf,0.000000,0.000000,0.000000,0.100000,0.100000,0.050000
3.672,ekf,0.000000,0.000000,0.000000,0.100000,0.100000,0.050000
3.7060000000000004,ekf,0.000000,0.000000,0.000000,0.100000,0.100000,0.050000
3.74,ekf,0.000000,0.000000,0.000000,0.100000,0.100000,0.050000
3.774,ekf,0.000000,0.000000,0.000000,0.100000,0.100000,0.050000
3.8080000000000003,ekf,0.000000,0.000000,0.000000,0.100000,0.100000,0.050000
3.842,ekf,0.000000,0.000000,0.000000,0.100000,0.100000,0.050000
3.8760000000000003,ekf,0.000000,0.000000,0.000000,0.100000,0.100000,0.050000
3.91,ekf,0.000000,0.000000,0.000000,0.100000,0.100000,0.050000
3.9440000000000004,ekf,0.000000,0.000000,0.000000,0.100000,0.100000,0.050000
3.978,ekf,0.000000,0.000000,0.000000,0.100000,0.100000,0.050000
4.0120000000000005,ekf,0.000000,0.000000,0.000000,0.100000,0.100000,0.050000
4.046,ekf,0.000000,0.000000,0.000000,0.100000,0.100000,0.050000
4.08,ekf,0.000000,0.000000,0.000000,0.100000,0.100000,0.050000
4.114,ekf,0.000000,0.000000,0.000000,0.100000,0.100000,0.050000
4.148000000000001,ekf,0.000000,0.000000,0.000000,0.100000,0.100000,0.050000
4.182,ekf,0.000000,0.000000,0.000000,0.100000,0.100000,0.050000
4.216,ekf,0.000000,0.000000,0.000000,0.100000,0.100000,0.050000
4.25,ekf,0.000000,0.000000,0.000000,0.100000,0.100000,0.050000
4.284000000000001,ekf,0.000000,0.000000,0.000000,0.100000,0.100000,0.050000
4.3180000000000005,ekf,0.000000,0.000000,0.000000,0.100000,0.100000,0.050000
4.352,ekf,0.000000,0.000000,0.000000,0.100000,0.100000,0.050000
4.386,ekf,0.000000,0.000000,0.000000,0.100000,0.100000,0.050000
4.42,ekf,0.000000,0.000000,0.000000,0.100000,0.100000,0.050000
4.454000000000001,ekf,0.000000,0.000000,0.000000,0.100000,0.100000,0.050000
4.488,ekf,0.000000,0.000000,0.000000,0.100000,0.100000,0.050000
4.522,ekf,0.000000,0.000000,0.000000,0.100000,0.100000,0.050000
4.556,ekf,0.000000,0.000000,0.000000,0.100000,0.100000,0.050000
4.59,ekf,0.000000,0.000000,0.000000,0.100000,0.100000,0.050000
4.6240000000000006,ekf,0.000000,0.000000,0.000000,0.100000,0.100000,0.050000
4.658,ekf,0.000000,0.000000,0.000000,0.100000,0.100000,0.050000
4.692,ekf,0.000000,0.000000,0.000000,0.100000,0.100000,0.050000
4.726,ekf,0.000000,0.000000,0.000000,0.100000,0.100000,0.050000
4.760000000000001,ekf,0.000000,0.000000,0.000000,0.100000,0.100000,0.050000
4.7940000000000005,ekf,0.000000,0.000000,0.000000,0.100000,0.100000,0.050000
4.828,ekf,0.000000,0.000000,0.000000,0.100000,0.100000,0.050000
4.862,ekf,0.000000,0.000000,0.000000,0.100000,0.100000,0.050000
4.896,ekf,0.000000,0.000000,0.000000,0.100000,0.100000,0.050000
4.930000000000001,ekf,0.000000,0.000000,0.000000,0.100000,0.100000,0.050000
4.964,ekf,0.000000,0.000000,0.000000,0.100000,0.100000,0.050000
4.998,ekf,0.000000,0.000000,0.000000,0.100000,0.100000,0.050000
5.032,ekf,0.000000,0.000000,0.000000,0.100000,0.100000,0.050000
5.066000000000001,ekf,0.000000,0.000000,0.000000,0.100000,0.100000,0.050000
5.1000000000000005,ekf,0.000000,0.000000,0.000000,0.100000,0.100000,0.050000
5.134,ekf,0.000000,0.000000,0.000000,0.100000,0.100000,0.050000
5.168,ekf,0.000000,0.000000,0.000000,0.100000,0.100000,0.050000
5.202,ekf,0.000000,0.000000,0.000000,0.100000,0.100000,0.050000
5.236000000000001,ekf,0.000000,0.000000,0.000000,0.100000,0.100000,0.050000
5.2700000000000005,ekf,0.000000,0.000000,0.000000,0.100000,0.100000,0.050000
5.304,ekf,0.000000,0.000000,0.000000,0.100000,0.100000,0.050000
5.338,ekf,0.000000,0.000000,0.000000,0.100000,0.100000,0.050000
5.372000000000001,ekf,0.000000,0.000000,0.000000,0.100000,0.100000,0.050000
5.406000000000001,ekf,0.000000,0.000000,0.000000,0.100000,0.100000,0.050000
5.44,ekf,0.000000,0.000000,0.000000,0.100000,0.100000,0.050000
5.474,ekf,0.000000,0.000000,0.000000,0.100000,0.100000,0.050000
5.508,ekf,0.000000,0.000000,0.000000,0.100000,0.100000,0.050000
5.542000000000001,ekf,0.000000,0.000000,0.000000,0.100000,0.100000,0.050000
5.5760000000000005,ekf,0.000000,0.000000,0.000000,0.100000,0.100000,0.050000
5.61,ekf,0.000000,0.000000,0.000000,0.100000,0.100000,0.050000
5.644,ekf,0.000000,0.000000,0.000000,0.100000,0.100000,0.050000
5.678,ekf,0.000000,0.000000,0.000000,0.100000,0.100000,0.050000
5.712000000000001,ekf,0.000000,0.000000,0.000000,0.100000,0.100000,0.050000
5.746,ekf,0.000000,0.000000,0.000000,0.100000,0.100000,0.050000
5.78,ekf,0.000000,0.000000,0.000000,0.100000,0.100000,0.050000
5.814,ekf,0.000000,0.000000,0.000000,0.100000,0.100000,0.050000
5.848000000000001,ekf,0.000000,0.000000,0.000000,0.100000,0.100000,0.050000
5.882000000000001,ekf,0.000000,0.000000,0.000000,0.100000,0.100000,0.050000
5.916,ekf,0.000000,0.000000,0.000000,0.100000,0.100000,0.050000
5.95,ekf,0.000000,0.000000,0.000000,0.100000,0.100000,0.050000
5.984,ekf,0.000000,0.000000,0.000000,0.100000,0.100000,0.050000
6.018000000000001,ekf,0.000000,0.000000,0.000000,0.100000,0.100000,0.050000
6.0520000000000005,ekf,0.000000,0.000000,0.000000,0.100000,0.100000,0.050000
6.086,ekf,0.000000,0.000000,0.000000,0.100000,0.100000,0.050000
6.12,ekf,0.000000,0.000000,0.000000,0.100000,0.100000,0.050000
6.154000000000001,ekf,0.000000,0.000000,0.000000,0.100000,0.100000,0.050000
6.188000000000001,ekf,0.000000,0.000000,0.000000,0.100000,0.100000,0.050000
6.222,ekf,0.000000,0.000000,0.000000,0.100000,0.100000,0.050000
6.256,ekf,0.000000,0.000000,0.000000,0.100000,0.100000,0.050000
6.29,ekf,0.000000,0.000000,0.000000,0.100000,0.100000,0.050000
6.324000000000001,ekf,0.000000,0.000000,0.000000,0.100000,0.100000,0.050000
6.3580000000000005,ekf,0.000000,0.000000,0.000000,0.100000,0.100000,0.050000
6.392,ekf,0.000000,0.000000,0.000000,0.100000,0.100000,0.050000
6.426,ekf,0.000000,0.000000,0.000000,0.100000,0.100000,0.050000
6.46,ekf,0.000000,0.000000,0.000000,0.100000,0.100000,0.050000
6.494000000000001,ekf,0.000000,0.000000,0.000000,0.100000,0.100000,0.050000
6.5280000000000005,ekf,0.000000,0.000000,0.000000,0.100000,0.100000,0.050000
6.562,ekf,0.000000,0.000000,0.000000,0.100000,0.100000,0.050000
6.596,ekf,0.000000,0.000000,0.000000,0.100000,0.100000,0.050000
6.630000000000001,ekf,0.000000,0.000000,0.000000,0.100000,0.100000,0.050000
6.664000000000001,ekf,0.000000,0.000000,0.000000,0.100000,0.100000,0.050000
6.698,ekf,0.000000,0.000000,0.000000,0.100000,0.100000,0.050000
6.732,ekf,0.000000,0.000000,0.000000,0.100000,0.100000,0.050000
6.766,ekf,0.000000,0.000000,0.000000,0.100000,0.100000,0.050000
6.800000000000001,ekf,0.000000,0.000000,0.000000,0.100000,0.100000,0.050000
6.8340000000000005,ekf,0.000000,0.000000,0.000000,0.100000,0.100000,0.050000
6.868,ekf,0.000000,0.000000,0.000000,0.100000,0.100000,0.050000
6.902,ekf,0.000000,0.000000,0.000000,0.100000,0.100000,0.050000
6.936000000000001,ekf,0.000000,0.000000,0.000000,0.100000,0.100000,0.050000
6.970000000000001,ekf,0.000000,0.000000,0.000000,0.100000,0.100000,0.050000
7.0040000000000004,ekf,0.000000,0.000000,0.000000,0.100000,0.100000,0.050000
7.038,ekf,0.000000,0.000000,0.000000,0.100000,0.100000,0.050000
7.072,ekf,0.000000,0.000000,0.000000,0.100000,0.100000,0.050000
7.106000000000001,ekf,0.000000,0.000000,0.000000,0.100000,0.100000,0.050000
7.140000000000001,ekf,0.000000,0.000000,0.000000,0.100000,0.100000,0.050000
7.174,ekf,0.000000,0.000000,0.000000,0.100000,0.100000,0.050000
7.208,ekf,0.000000,0.000000,0.000000,0.100000,0.100000,0.050000
7.242000000000001,ekf,0.000000,0.000000,0.000000,0.100000,0.100000,0.050000
7.276000000000001,ekf,0.000000,0.000000,0.000000,0.100000,0.100000,0.050000
7.3100000000000005,ekf,0.000000,0.000000,0.000000,0.100000,0.100000,0.050000
7.344,ekf,0.000000,0.000000,0.000000,0.100000,0.100000,0.050000
7.378,ekf,0.000000,0.000000,0.000000,0.100000,0.100000,0.050000
7.412000000000001,ekf,0.000000,0.000000,0.000000,0.100000,0.100000,0.050000
7.446000000000001,ekf,0.000000,0.000000,0.000000,0.100000,0.100000,0.050000
7.48,ekf,0.000000,0.000000,0.000000,0.100000,0.100000,0.050000
7.514,ekf,0.000000,0.000000,0.000000,0.100000,0.100000,0.050000
7.548,ekf,0.000000,0.000000,0.000000,0.100000,0.100000,0.050000
7.582000000000001,ekf,0.000000,0.000000,0.000000,0.100000,0.100000,0.050000
7.6160000000000005,ekf,0.000000,0.000000,0.000000,0.100000,0.100000,0.050000
7.65,ekf,0.000000,0.000000,0.000000,0.100000,0.100000,0.050000
7.684,ekf,0.000000,0.000000,0.000000,0.100000,0.100000,0.050000
7.718000000000001,ekf,0.000000,0.000000,0.000000,0.100000,0.100000,0.050000
7.752000000000001,ekf,0.000000,0.000000,0.000000,0.100000,0.100000,0.050000
7.7860000000000005,ekf,0.000000,0.000000,0.000000,0.100000,0.100000,0.050000
7.82,ekf,0.000000,0.000000,0.000000,0.100000,0.100000,0.050000
7.854,ekf,0.000000,0.000000,0.000000,0.100000,0.100000,0.050000
7.888000000000001,ekf,0.000000,0.000000,0.000000,0.100000,0.100000,0.050000
7.922000000000001,ekf,0.000000,0.000000,0.000000,0.100000,0.100000,0.050000
7.956,ekf,0.000000,0.000000,0.000000,0.100000,0.100000,0.050000
7.99,ekf,0.000000,0.000000,0.000000,0.100000,0.100000,0.050000
8.024000000000001,ekf,0.000000,0.000000,0.000000,0.100000,0.100000,0.050000
8.058,ekf,0.000000,0.000000,0.000000,0.100000,0.100000,0.050000
8.092,ekf,0.000000,0.000000,0.000000,0.100000,0.100000,0.050000
8.126000000000001,ekf,0.000000,0.000000,0.000000,0.100000,0.100000,0.050000
8.16,ekf,0.000000,0.000000,0.000000,0.100000,0.100000,0.050000
8.194,ekf,0.000000,0.000000,0.000000,0.100000,0.100000,0.050000
8.228,ekf,0.000000,0.000000,0.000000,0.100000,0.100000,0.050000
8.262,ekf,0.000000,0.000000,0.000000,0.100000,0.100000,0.050000
8.296000000000001,ekf,0.000000,0.000000,0.000000,0.100000,0.100000,0.050000
8.33,ekf,0.000000,0.000000,0.000000,0.100000,0.100000,0.050000
8.364,ekf,0.000000,0.000000,0.000000,0.100000,0.100000,0.050000
8.398,ekf,0.000000,0.000000,0.000000,0.100000,0.100000,0.050000
8.432,ekf,0.000000,0.000000,0.000000,0.100000,0.100000,0.050000
8.466000000000001,ekf,0.000000,0.000000,0.000000,0.100000,0.100000,0.050000
8.5,ekf,0.000000,0.000000,0.000000,0.100000,0.100000,0.050000
8.534,ekf,0.000000,0.000000,0.000000,0.100000,0.100000,0.050000
8.568000000000001,ekf,0.000000,0.000000,0.000000,0.100000,0.100000,0.050000
8.602,ekf,0.000000,0.000000,0.000000,0.100000,0.100000,0.050000
8.636000000000001,ekf,0.000000,0.000000,0.000000,0.100000,0.100000,0.050000
8.67,ekf,0.000000,0.000000,0.000000,0.100000,0.100000,0.050000
8.704,ekf,0.000000,0.000000,0.000000,0.100000,0.100000,0.050000
8.738000000000001,ekf,0.000000,0.000000,0.000000,0.100000,0.100000,0.050000
8.772,ekf,0.000000,0.000000,0.000000,0.100000,0.100000,0.050000
8.806000000000001,ekf,0.000000,0.000000,0.000000,0.100000,0.100000,0.050000
8.84,ekf,0.000000,0.000000,0.000000,0.100000,0.100000,0.050000
8.874,ekf,0.000000,0.000000,0.000000,0.100000,0.100000,0.050000
8.908000000000001,ekf,0.000000,0.000000,0.000000,0.100000,0.100000,0.050000
8.942,ekf,0.000000,0.000000,0.000000,0.100000,0.100000,0.050000
8.976,ekf,0.000000,0.000000,0.000000,0.100000,0.100000,0.050000
9.01,ekf,0.000000,0.000000,0.000000,0.100000,0.100000,0.050000
9.044,ekf,0.000000,0.000000,0.000000,0.100000,0.100000,0.050000
9.078000000000001,ekf,0.000000,0.000000,0.000000,0.100000,0.100000,0.050000
9.112,ekf,0.000000,0.000000,0.000000,0.100000,0.100000,0.050000
9.146,ekf,0.000000,0.000000,0.000000,0.100000,0.100000,0.050000
9.18,ekf,0.000000,0.000000,0.000000,0.100000,0.100000,0.050000
9.214,ekf,0.000000,0.000000,0.000000,0.100000,0.100000,0.050000
9.248000000000001,ekf,0.000000,0.000000,0.000000,0.100000,0.100000,0.050000
9.282,ekf,0.000000,0.000000,0.000000,0.100000,0.100000,0.050000
9.316,ekf,0.000000,0.000000,0.000000,0.100000,0.100000,0.050000
9.350000000000001,ekf,0.000000,0.000000,0.000000,0.100000,0.100000,0.050000
9.384,ekf,0.000000,0.000000,0.000000,0.100000,0.100000,0.050000
9.418000000000001,ekf,0.000000,0.000000,0.000000,0.100000,0.100000,0.050000
9.452,ekf,0.000000,0.000000,0.000000,0.100000,0.100000,0.050000
9.486,ekf,0.000000,0.000000,0.000000,0.100000,0.100000,0.050000
9.520000000000001,ekf,0.000000,0.000000,0.000000,0.100000,0.100000,0.050000
9.554,ekf,0.000000,0.000000,0.000000,0.100000,0.100000,0.050000
9.588000000000001,ekf,0.000000,0.000000,0.000000,0.100000,0.100000,0.050000
9.622,ekf,0.000000,0.000000,0.000000,0.100000,0.100000,0.050000
9.656,ekf,0.000000,0.000000,0.000000,0.100000,0.100000,0.050000
9.690000000000001,ekf,0.000000,0.000000,0.000000,0.100000,0.100000,0.050000
9.724,ekf,0.000000,0.000000,0.000000,0.100000,0.100000,0.050000
9.758000000000001,ekf,0.000000,0.000000,0.000000,0.100000,0.100000,0.050000
9.792,ekf,0.000000,0.000000,0.000000,0.100000,0.100000,0.050000
9.826,ekf,0.000000,0.000000,0.000000,0.100000,0.100000,0.050000
9.860000000000001,ekf,0.000000,0.000000,0.000000,0.100000,0.100000,0.050000
9.894,ekf,0.000000,0.000000,0.000000,0.100000,0.100000,0.050000
9.928,ekf,0.000000,0.000000,0.000000,0.100000,0.100000,0.050000
9.962,ekf,0.000000,0.000000,0.000000,0.100000,0.100000,0.050000
9.996,ekf,0.000000,0.000000,0.000000,0.100000,0.100000,0.050000
10.030000000000001,ekf,0.000000,0.000000,0.000000,0.100000,0.100000,0.050000
10.064,ekf,0.000000,0.000000,0.000000,0.100000,0.100000,0.050000
10.098,ekf,0.000000,0.000000,0.000000,0.100000,0.100000,0.050000
10.132000000000001,ekf,0.000000,0.000000,0.000000,0.100000,0.100000,0.050000
10.166,ekf,0.000000,0.000000,0.000000,0.100000,0.100000,0.050000
10.200000000000001,ekf,0.000000,0.000000,0.000000,0.100000,0.100000,0.050000
10.234,ekf,0.000000,0.000000,0.000000,0.100000,0.100000,0.050000
10.268,ekf,0.000000,0.000000,0.000000,0.100000,0.100000,0.050000
10.302000000000001,ekf,0.000000,0.000000,0.000000,0.100000,0.100000,0.050000
10.336,ekf,0.000000,0.000000,0.000000,0.100000,0.100000,0.050000
10.370000000000001,ekf,0.000000,0.000000,0.000000,0.100000,0.100000,0.050000
10.404,ekf,0.000000,0.000000,0.000000,0.100000,0.100000,0.050000
10.438,ekf,0.000000,0.000000,0.000000,0.100000,0.100000,0.050000
10.472000000000001,ekf,0.000000,0.000000,0.000000,0.100000,0.100000,0.050000
10.506,ekf,0.000000,0.000000,0.000000,0.100000,0.100000,0.050000
10.540000000000001,ekf,0.000000,0.000000,0.000000,0.100000,0.100000,0.050000
10.574,ekf,0.000000,0.000000,0.000000,0.100000,0.100000,0.050000
10.608,ekf,0.000000,0.000000,0.000000,0.100000,0.100000,0.050000
10.642000000000001,ekf,0.000000,0.000000,0.000000,0.100000,0.100000,0.050000
10.676,ekf,0.000000,0.000000,0.000000,0.100000,0.100000,0.050000
10.71,ekf,0.000000,0.000000,0.000000,0.100000,0.100000,0.050000
10.744000000000002,ekf,0.000000,0.000000,0.000000,0.100000,0.100000,0.050000
10.778,ekf,0.000000,0.000000,0.000000,0.100000,0.100000,0.050000
10.812000000000001,ekf,0.000000,0.000000,0.000000,0.100000,0.100000,0.050000
10.846,ekf,0.000000,0.000000,0.000000,0.100000,0.100000,0.050000
10.88,ekf,0.000000,0.000000,0.000000,0.100000,0.100000,0.050000
10.914000000000001,ekf,0.000000,0.000000,0.000000,0.100000,0.100000,0.050000
10.948,ekf,0.000000,0.000000,0.000000,0.100000,0.100000,0.050000
10.982000000000001,ekf,0.000000,0.000000,0.000000,0.100000,0.100000,0.050000
11.016,ekf,0.000000,0.000000,0.000000,0.100000,0.100000,0.050000
11.05,ekf,0.000000,0.000000,0.000000,0.100000,0.100000,0.050000
11.084000000000001,ekf,0.000000,0.000000,0.000000,0.100000,0.100000,0.050000
11.118,ekf,0.000000,0.000000,0.000000,0.100000,0.100000,0.050000
11.152000000000001,ekf,0.000000,0.000000,0.000000,0.100000,0.100000,0.050000
11.186,ekf,0.000000,0.000000,0.000000,0.100000,0.100000,0.050000
11.22,ekf,0.000000,0.000000,0.000000,0.100000,0.100000,0.050000
11.254000000000001,ekf,0.000000,0.000000,0.000000,0.100000,0.100000,0.050000
11.288,ekf,0.000000,0.000000,0.000000,0.100000,0.100000,0.050000
11.322000000000001,ekf,0.000000,0.000000,0.000000,0.100000,0.100000,0.050000
11.356,ekf,0.000000,0.000000,0.000000,0.100000,0.100000,0.050000
11.39,ekf,0.000000,0.000000,0.000000,0.100000,0.100000,0.050000
11.424000000000001,ekf,0.000000,0.000000,0.000000,0.100000,0.100000,0.050000
11.458,ekf,0.000000,0.000000,0.000000,0.100000,0.100000,0.050000
11.492,ekf,0.000000,0.000000,0.000000,0.100000,0.100000,0.050000
11.526000000000002,ekf,0.000000,0.000000,0.000000,0.100000,0.100000,0.050000
11.56,ekf,0.000000,0.000000,0.000000,0.100000,0.100000,0.050000
11.594000000000001,ekf,0.000000,0.000000,0.000000,0.100000,0.100000,0.050000
11.628,ekf,0.000000,0.000000,0.000000,0.100000,0.100000,0.050000
11.662,ekf,0.000000,0.000000,0.000000,0.100000,0.100000,0.050000
11.696000000000002,ekf,0.000000,0.000000,0.000000,0.100000,0.100000,0.050000
11.73,ekf,0.000000,0.000000,0.000000,0.100000,0.100000,0.050000
11.764000000000001,ekf,0.000000,0.000000,0.000000,0.100000,0.100000,0.050000
11.798,ekf,0.000000,0.000000,0.000000,0.100000,0.100000,0.050000
11.832,ekf,0.000000,0.000000,0.000000,0.100000,0.100000,0.050000
11.866000000000001,ekf,0.000000,0.000000,0.000000,0.100000,0.100000,0.050000
11.9,ekf,0.000000,0.000000,0.000000,0.100000,0.100000,0.050000
11.934000000000001,ekf,0.000000,0.000000,0.000000,0.100000,0.100000,0.050000
11.968,ekf,0.000000,0.000000,0.000000,0.100000,0.100000,0.050000
12.002,ekf,0.000000,0.000000,0.000000,0.100000,0.100000,0.050000
12.036000000000001,ekf,0.000000,0.000000,0.000000,0.100000,0.100000,0.050000
12.07,ekf,0.000000,0.000000,0.000000,0.100000,0.100000,0.050000
12.104000000000001,ekf,0.000000,0.000000,0.000000,0.100000,0.100000,0.050000
12.104000000000001,ekf,-0.007698,-0.004312,-0.001590,0.061493,0.070781,0.018300
12.138,ekf,-0.007698,-0.004312,-0.001590,0.061493,0.070781,0.018300
12.138,ekf,-0.007698,-0.004312,-0.001590,0.061493,0.070781,0.018300
12.172,ekf,-0.011531,-0.003443,-0.001827,0.049255,0.055787,0.013438
12.206000000000001,ekf,-0.011531,-0.003443,-0.001827,0.049255,0.055787,0.013438
12.206000000000001,ekf,-0.014812,-0.006294,-0.001246,0.040525,0.047296,0.011119
12.24,ekf,-0.014812,-0.006294,-0.001246,0.040525,0.047296,0.011119
12.24,ekf,-0.014812,-0.006294,-0.001246,0.040525,0.047296,0.011119
12.274000000000001,ekf,-0.014912,-0.007979,-0.001157,0.036813,0.041653,0.009679
12.308000000000002,ekf,-0.014912,-0.007979,-0.001157,0.036813,0.041653,0.009679
12.308000000000002,ekf,-0.015403,-0.007520,-0.001194,0.033795,0.036475,0.008690
12.342,ekf,-0.015403,-0.007520,-0.001194,0.033795,0.036475,0.008690
12.342,ekf,-0.015403,-0.007520,-0.001194,0.033795,0.036475,0.008690
12.376000000000001,ekf,-0.015421,-0.006818,-0.001152,0.030368,0.033957,0.007951
12.41,ekf,-0.015421,-0.006818,-0.001152,0.030368,0.033957,0.007951
12.41,ekf,-0.015808,-0.006027,-0.001202,0.028335,0.031500,0.007382
12.444,ekf,-0.015808,-0.006027,-0.001202,0.028335,0.031500,0.007382
12.444,ekf,-0.015808,-0.006027,-0.001202,0.028335,0.031500,0.007382
12.478000000000002,ekf,-0.015918,-0.006019,-0.001198,0.026417,0.029344,0.006918
12.512,ekf,-0.015918,-0.006019,-0.001198,0.026417,0.029344,0.006918
12.512,ekf,-0.016508,-0.005999,-0.001253,0.024852,0.027885,0.006537
12.546000000000001,ekf,-0.016508,-0.005999,-0.001253,0.024852,0.027885,0.006537
12.546000000000001,ekf,-0.016508,-0.005999,-0.001253,0.024852,0.027885,0.006537
12.58,ekf,-0.016508,-0.005999,-0.001253,0.023580,0.026661,0.006209
12.614,ekf,-0.016508,-0.005999,-0.001253,0.023580,0.026661,0.006209
12.614,ekf,-0.016826,-0.004551,-0.001314,0.022369,0.025333,0.005929
12.648000000000001,ekf,-0.016826,-0.004551,-0.001314,0.022369,0.025333,0.005929
12.648000000000001,ekf,-0.016826,-0.004551,-0.001314,0.022369,0.025333,0.005929
12.682,ekf,-0.016787,-0.004478,-0.001306,0.021649,0.024104,0.005667
12.716000000000001,ekf,-0.016787,-0.004478,-0.001306,0.021649,0.024104,0.005667
12.716000000000001,ekf,-0.016787,-0.004478,-0.001306,0.021027,0.023265,0.005450
12.75,ekf,-0.016787,-0.004478,-0.001306,0.021027,0.023265,0.005450
12.75,ekf,-0.016787,-0.004478,-0.001306,0.020120,0.022455,0.005255
12.784,ekf,-0.016787,-0.004478,-0.001306,0.020120,0.022455,0.005255
12.818000000000001,ekf,-0.016787,-0.004478,-0.001306,0.020120,0.022455,0.005255
12.818000000000001,ekf,-0.016558,-0.004745,-0.001281,0.019318,0.021432,0.005082
12.852,ekf,-0.016558,-0.004745,-0.001281,0.019318,0.021432,0.005082
12.852,ekf,-0.016558,-0.004745,-0.001281,0.018856,0.020819,0.004922
12.886000000000001,ekf,-0.016558,-0.004745,-0.001281,0.018856,0.020819,0.004922
12.886000000000001,ekf,-0.016558,-0.004745,-0.001281,0.018856,0.020819,0.004922
12.92,ekf,-0.016440,-0.005085,-0.001275,0.018427,0.020187,0.004777
12.954,ekf,-0.016440,-0.005085,-0.001275,0.018427,0.020187,0.004777
12.954,ekf,-0.016393,-0.005091,-0.001251,0.017883,0.019655,0.004646
12.988000000000001,ekf,-0.016393,-0.005091,-0.001251,0.017883,0.019655,0.004646
13.022,ekf,-0.016393,-0.005091,-0.001251,0.017883,0.019655,0.004646
13.022,ekf,-0.016393,-0.005091,-0.001251,0.017313,0.019170,0.004521
13.056000000000001,ekf,-0.016393,-0.005091,-0.001251,0.017313,0.019170,0.004521
13.056000000000001,ekf,-0.016393,-0.005091,-0.001251,0.016906,0.018511,0.004410
13.090000000000002,ekf,-0.016695,-0.005039,0.089855,0.033495,0.019166,0.092735
13.124,ekf,-0.057354,-0.008990,0.229723,0.042472,0.019745,0.108654
13.124,ekf,-0.054832,-0.004744,0.126372,0.041365,0.018828,0.063086
13.158000000000001,ekf,-0.033917,-0.001391,0.237031,0.046187,0.019142,0.080031
13.158000000000001,ekf,-0.026607,-0.003634,0.146968,0.042360,0.018532,0.054814
13.192,ekf,-0.008957,-0.001024,0.259235,0.046787,0.018780,0.073712
13.192,ekf,-0.008957,-0.001024,0.259235,0.046787,0.018780,0.073712
13.226,ekf,-0.025194,-0.003616,0.345582,0.052246,0.018917,0.096640
13.226,ekf,-0.025194,-0.003616,0.345582,0.052246,0.018917,0.096640
13.260000000000002,ekf,-0.031523,-0.009492,0.446578,0.049899,0.020438,0.066831
13.294,ekf,-0.020204,-0.003673,0.549079,0.052475,0.022062,0.081509
13.328000000000001,ekf,-0.029035,-0.009902,0.677295,0.054737,0.024663,0.096520
13.328000000000001,ekf,-0.023625,-0.010263,0.679756,0.048653,0.024762,0.050386
13.362,ekf,-0.022238,-0.009074,0.772787,0.049853,0.026449,0.066465
13.362,ekf,-0.018165,-0.009279,0.778583,0.042187,0.026036,0.047161
13.396,ekf,0.032190,0.038322,0.805779,0.047203,0.032775,0.065672
13.396,ekf,0.032190,0.038322,0.805779,0.047203,0.032775,0.065672
13.430000000000001,ekf,0.032140,0.054361,1.003404,0.043188,0.036369,0.048706
13.464,ekf,0.032860,0.055549,1.092230,0.043781,0.038245,0.064519
13.464,ekf,0.030754,0.052406,1.113613,0.038764,0.037269,0.049189
13.498000000000001,ekf,0.035316,0.060764,1.196171,0.040030,0.041469,0.076582
13.498000000000001,ekf,0.035316,0.060764,1.196171,0.040030,0.041469,0.076582
13.532,ekf,0.022460,0.046448,1.310645,0.035531,0.045283,0.054180
13.566,ekf,0.022047,0.044747,1.354932,0.035615,0.046377,0.061957
13.566,ekf,0.018177,0.032939,1.380248,0.032075,0.043071,0.028646
13.600000000000001,ekf,0.018152,0.032756,1.468364,0.032126,0.045054,0.050841
13.600000000000001,ekf,0.016432,0.026919,1.464889,0.030137,0.043103,0.020237
13.634,ekf,0.012194,0.055622,1.552361,0.030596,0.054407,0.095136
13.634,ekf,0.012194,0.055622,1.552361,0.030596,0.054407,0.095136
13.668000000000001,ekf,0.012882,0.048190,1.633336,0.029519,0.054740,0.042006
13.702000000000002,ekf,0.010945,0.108504,1.716870,0.029874,0.062355,0.072500
13.702000000000002,ekf,0.013978,0.100949,1.703087,0.028407,0.063968,0.073192
13.736,ekf,0.014037,0.100734,1.761531,0.028892,0.066888,0.097141
13.736,ekf,0.014037,0.100734,1.761531,0.028892,0.066888,0.097141
13.770000000000001,ekf,0.018179,0.081933,1.821501,0.028353,0.065761,0.054995
13.804,ekf,0.018700,0.080210,1.881208,0.028555,0.066713,0.065089
13.804,ekf,0.020886,0.052955,1.885634,0.027177,0.059489,0.029580
13.838000000000001,ekf,0.011039,0.083457,1.931679,0.027882,0.062596,0.047116
13.838000000000001,ekf,0.011039,0.083457,1.931679,0.027882,0.062596,0.047116
13.872000000000002,ekf,0.011253,0.082223,1.979185,0.027172,0.059666,0.033822
13.906,ekf,0.014088,0.075651,2.077388,0.027937,0.061566,0.056770
13.906,ekf,0.020595,0.050668,2.054881,0.027608,0.058396,0.063212
13.940000000000001,ekf,0.021191,0.049626,2.111331,0.028163,0.059198,0.071671
13.940000000000001,ekf,0.021191,0.049626,2.111331,0.028163,0.059198,0.071671
13.974,ekf,0.030051,0.025613,2.131119,0.027384,0.054322,0.030902
14.008000000000001,ekf,0.031823,0.022671,2.108337,0.027776,0.054865,0.038013
14.008000000000001,ekf,0.037077,0.000892,2.136858,0.026272,0.047662,0.019872
14.042000000000002,ekf,0.036320,0.002071,2.177010,0.026789,0.048357,0.034813
14.042000000000002,ekf,0.036320,0.002071,2.177010,0.026789,0.048357,0.034813
14.076,ekf,0.041083,-0.015587,2.238469,0.029274,0.047676,0.066533
14.110000000000001,ekf,0.026576,0.043182,2.257589,0.032205,0.066949,0.149803
14.110000000000001,ekf,0.034881,0.013523,2.265733,0.030971,0.068839,0.134915
14.144,ekf,0.035156,0.013232,2.294908,0.032397,0.069573,0.141725
14.144,ekf,0.035156,0.013232,2.294908,0.032397,0.069573,0.141725
14.178,ekf,0.043069,-0.005737,2.343308,0.031221,0.062750,0.033220
14.212000000000002,ekf,0.045484,-0.008130,2.378360,0.032053,0.063171,0.042879
14.212000000000002,ekf,0.051887,-0.029540,2.363927,0.029616,0.049925,0.026749
14.246,ekf,0.011412,0.011155,2.406182,0.035008,0.053217,0.050521
14.246,ekf,0.011412,0.011155,2.406182,0.035008,0.053217,0.050521
14.280000000000001,ekf,0.027549,-0.010305,2.419375,0.032882,0.048817,0.028554
14.314,ekf,0.030127,-0.012521,2.443007,0.033590,0.049175,0.036359
14.314,ekf,0.039037,-0.021227,2.449387,0.031428,0.046511,0.022898
14.348,ekf,0.039664,-0.021725,2.474389,0.031989,0.046753,0.032131
14.348,ekf,0.039664,-0.021725,2.474389,0.031989,0.046753,0.032131
14.382000000000001,ekf,0.083596,-0.046275,2.528583,0.056506,0.044808,0.115202
14.416,ekf,0.054975,-0.027939,2.612841,0.059589,0.046350,0.123679
14.416,ekf,0.064336,-0.036128,2.542367,0.052570,0.041734,0.037014
14.450000000000001,ekf,0.048287,-0.026174,2.611663,0.054727,0.042828,0.054266
14.450000000000001,ekf,0.056665,-0.030288,2.559379,0.048421,0.038693,0.017094
14.484000000000002,ekf,0.027684,-0.012520,2.628755,0.051903,0.040274,0.044941
14.518,ekf,-0.010872,0.009250,2.663370,0.055578,0.041758,0.056589
14.518,ekf,0.017374,-0.021260,2.633893,0.051701,0.036132,0.041114
14.552000000000001,ekf,-0.012870,-0.005735,2.691219,0.055060,0.037558,0.056363
14.552000000000001,ekf,-0.001972,-0.012007,2.692887,0.052114,0.034364,0.035846
14.586,ekf,-0.032878,0.002162,2.726506,0.055242,0.035362,0.047930
14.620000000000001,ekf,-0.084278,0.024565,2.799812,0.060389,0.037034,0.065758
14.620000000000001,ekf,-0.062553,0.015588,2.793957,0.056394,0.034751,0.050769
14.654000000000002,ekf,-0.093806,0.026460,2.815137,0.059289,0.035356,0.057724
14.654000000000002,ekf,-0.083990,0.022528,2.801767,0.057181,0.033742,0.025951
14.688,ekf,-0.116175,0.033487,2.821640,0.060114,0.034210,0.037562
14.722000000000001,ekf,-0.146118,0.043207,2.833595,0.062640,0.034613,0.044326
14.722000000000001,ekf,-0.133300,0.036817,2.835175,0.059870,0.032352,0.025702
14.756,ekf,-0.136946,0.041217,2.774476,0.067019,0.048636,0.149659
14.756,ekf,-0.117342,0.028160,2.831805,0.067608,0.054050,0.145868
14.790000000000001,ekf,-0.147433,0.037618,2.839812,0.069828,0.054438,0.147489
14.824000000000002,ekf,-0.172820,0.045479,2.842720,0.071621,0.055030,0.148583
14.824000000000002,ekf,-0.158160,0.034121,2.859296,0.063642,0.046008,0.027131
14.858,ekf,-0.181799,0.040959,2.860078,0.065417,0.046194,0.031589
14.858,ekf,-0.181832,0.042740,2.864357,0.061336,0.039514,0.018180
14.892000000000001,ekf,-0.168500,0.037199,2.876735,0.065605,0.040704,0.073415
14.926,ekf,-0.201326,0.046057,2.879543,0.068021,0.040996,0.076065
14.926,ekf,-0.192446,0.041905,2.876538,0.062992,0.038339,0.033511
14.96,ekf,-0.225262,0.050798,2.877536,0.065446,0.038744,0.038509
14.96,ekf,-0.214015,0.047294,2.875501,0.057065,0.034881,0.020616
14.994000000000002,ekf,-0.244660,0.050733,2.936081,0.063644,0.035108,0.075465
14.994000000000002,ekf,-0.244660,0.050733,2.936081,0.063644,0.035108,0.075465
15.028,ekf,-0.278126,0.062935,2.879910,0.063830,0.033786,0.029022
15.028,ekf,-0.278126,0.062935,2.879910,0.063830,0.033786,0.029022
15.062000000000001,ekf,-0.307646,0.071582,2.878973,0.062173,0.031716,0.021415
15.096,ekf,-0.310824,0.072595,2.870843,0.063625,0.032002,0.046562
15.13,ekf,-0.343587,0.081683,2.871204,0.066084,0.032367,0.050152
15.13,ekf,-0.343781,0.082804,2.871678,0.063458,0.030940,0.026109
15.13,ekf,-0.343781,0.082804,2.871678,0.063458,0.030940,0.026109
15.164000000000001,ekf,-0.372477,0.092474,2.871483,0.060696,0.029180,0.019477
15.198,ekf,-0.402989,0.100920,2.871596,0.063069,0.029543,0.026424
15.232000000000001,ekf,-0.434297,0.112547,2.886326,0.067804,0.030986,0.068916
15.232000000000001,ekf,-0.438111,0.114871,2.885455,0.066520,0.029679,0.066474
15.266000000000002,ekf,-0.467673,0.122615,2.885370,0.068638,0.030097,0.068747
15.266000000000002,ekf,-0.469221,0.124483,2.877546,0.065765,0.028236,0.022004
15.3,ekf,-0.496554,0.131873,2.877520,0.067753,0.028549,0.027710
15.3,ekf,-0.496375,0.132970,2.876541,0.063792,0.027393,0.018681
15.334000000000001,ekf,-0.522431,0.140046,2.876289,0.065752,0.027684,0.024980
15.368,ekf,-0.536953,0.143461,2.850997,0.068144,0.027984,0.051494
15.368,ekf,-0.539206,0.143822,2.863596,0.064912,0.026988,0.052907
15.402000000000001,ekf,-0.564313,0.150994,2.863075,0.066736,0.027411,0.055414
15.402000000000001,ekf,-0.566755,0.151399,2.880532,0.059705,0.025904,0.019477
15.436000000000002,ekf,-0.587254,0.156885,2.879695,0.061352,0.026188,0.024664
15.436000000000002,ekf,-0.587254,0.156885,2.879695,0.061352,0.026188,0.024664
15.47,ekf,-0.638584,0.169501,2.876344,0.053308,0.024912,0.023009
15.504000000000001,ekf,-0.665913,0.173783,2.906872,0.059001,0.025281,0.067742
15.504000000000001,ekf,-0.665638,0.174314,2.883767,0.058496,0.024827,0.061684
15.538,ekf,-0.698511,0.182993,2.881984,0.061179,0.025366,0.064658
15.538,ekf,-0.698511,0.182993,2.881984,0.061179,0.025366,0.064658
15.572000000000001,ekf,-0.730713,0.192149,2.873378,0.059459,0.024895,0.026560
15.606000000000002,ekf,-0.765968,0.195694,2.928744,0.066633,0.025274,0.081679
15.606000000000002,ekf,-0.766638,0.196788,2.883746,0.067726,0.024571,0.073161
15.64,ekf,-0.799447,0.205434,2.884710,0.070058,0.025085,0.075572
15.64,ekf,-0.799447,0.205434,2.884710,0.070058,0.025085,0.075572
15.674000000000001,ekf,-0.824692,0.212244,2.872767,0.066736,0.024092,0.027308
15.708,ekf,-0.853175,0.221853,2.823812,0.069577,0.024987,0.048260
15.742,ekf,-0.881745,0.231235,2.824531,0.071528,0.025643,0.051421
15.742,ekf,-0.876286,0.228295,2.851622,0.067680,0.024651,0.038349
15.742,ekf,-0.876286,0.228295,2.851622,0.067680,0.024651,0.038349
15.776000000000002,ekf,-0.898923,0.234775,2.869256,0.060555,0.023937,0.022536
15.81,ekf,-0.930670,0.243632,2.869766,0.063059,0.024393,0.029114
15.81,ekf,-0.930670,0.243632,2.869766,0.057631,0.023353,0.021345
15.844000000000001,ekf,-0.960394,0.255302,2.896419,0.063230,0.025536,0.073483
15.844000000000001,ekf,-0.960394,0.255302,2.896419,0.063230,0.025536,0.073483
15.878,ekf,-0.986524,0.263071,2.861225,0.062291,0.024587,0.023087
15.912,ekf,-1.015702,0.271475,2.861110,0.064523,0.025045,0.028965
15.912,ekf,-1.015762,0.270665,2.870020,0.058830,0.024159,0.020915
15.946000000000002,ekf,-1.041966,0.277968,2.869540,0.060961,0.024536,0.026816
15.946000000000002,ekf,-1.041966,0.277968,2.869540,0.060961,0.024536,0.026816
15.98,ekf,-1.064429,0.280876,2.879915,0.067847,0.024074,0.080858
16.014,ekf,-1.097266,0.289695,2.878760,0.070187,0.024709,0.083072
16.014,ekf,-1.094898,0.289693,2.870251,0.066485,0.024035,0.031505
16.048000000000002,ekf,-1.127653,0.298809,2.869760,0.068818,0.024583,0.036638
16.048000000000002,ekf,-1.127653,0.298809,2.869760,0.068818,0.024583,0.036638
16.082,ekf,-1.143265,0.299952,2.917040,0.073831,0.024002,0.080877
16.116,ekf,-1.176409,0.307533,2.916560,0.076027,0.024499,0.083010
16.116,ekf,-1.173499,0.309547,2.859694,0.073543,0.023157,0.024535
16.150000000000002,ekf,-1.206155,0.319012,2.859310,0.075656,0.023721,0.030816
16.150000000000002,ekf,-1.206139,0.319007,2.863022,0.068484,0.022642,0.022183
16.184,ekf,-1.254792,0.337808,2.823822,0.073426,0.024971,0.061946
16.218,ekf,-1.286133,0.348131,2.823110,0.075447,0.025846,0.064664
16.218,ekf,-1.274332,0.340580,2.867258,0.067618,0.023342,0.024996
16.252000000000002,ekf,-1.307058,0.349799,2.866673,0.069958,0.023847,0.031249
16.252000000000002,ekf,-1.307462,0.350366,2.865546,0.064975,0.022872,0.016486
16.286,ekf,-1.336397,0.358571,2.865180,0.067123,0.023292,0.024080
16.286,ekf,-1.336397,0.358571,2.865180,0.067123,0.023292,0.024080
16.32,ekf,-1.345543,0.365828,2.851652,0.075403,0.041487,0.127121
16.354000000000003,ekf,-1.374513,0.374476,2.851287,0.077271,0.041885,0.128333
16.354000000000003,ekf,-1.384522,0.381011,2.859051,0.070818,0.037448,0.019068
16.388,ekf,-1.415776,0.390089,2.858750,0.072957,0.037653,0.026364
16.388,ekf,-1.415776,0.390089,2.858750,0.072957,0.037653,0.026364
16.422,ekf,-1.442326,0.398457,2.858931,0.070189,0.036065,0.021373
16.456,ekf,-1.460525,0.406738,2.856042,0.074645,0.037776,0.079830
16.456,ekf,-1.472061,0.410794,2.861630,0.071156,0.035534,0.078010
16.490000000000002,ekf,-1.500200,0.418887,2.861463,0.073062,0.035842,0.079885
16.490000000000002,ekf,-1.500200,0.418887,2.861463,0.073062,0.035842,0.079885
16.524,ekf,-1.537547,0.435019,2.864580,0.070182,0.032173,0.023990
16.558,ekf,-1.570250,0.444319,2.864376,0.072392,0.032594,0.030324
16.558,ekf,-1.566574,0.441820,2.867620,0.065285,0.030480,0.023392
16.592000000000002,ekf,-1.587007,0.448648,2.828819,0.067558,0.030985,0.043904
16.592000000000002,ekf,-1.587007,0.448648,2.828819,0.067558,0.030985,0.043904
16.626,ekf,-1.619536,0.457401,2.845389,0.067607,0.029741,0.023775
16.66,ekf,-1.652056,0.467323,2.845554,0.069903,0.030110,0.030142
16.66,ekf,-1.650047,0.464847,2.853964,0.066248,0.028715,0.022816
16.694000000000003,ekf,-1.664580,0.467826,2.885917,0.069274,0.028964,0.058709
16.728,ekf,-1.697477,0.476416,2.886540,0.071565,0.029314,0.061638
16.728,ekf,-1.699065,0.476883,2.873140,0.068417,0.028092,0.029688
16.728,ekf,-1.699065,0.476883,2.873140,0.068417,0.028092,0.029688
16.762,ekf,-1.742983,0.489000,2.864593,0.065504,0.027079,0.023822
16.796,ekf,-1.773556,0.497673,2.865780,0.067762,0.027381,0.030150
16.830000000000002,ekf,-1.842633,0.515871,2.831626,0.073497,0.028248,0.055096
16.830000000000002,ekf,-1.845592,0.516459,2.829550,0.070035,0.027488,0.051993
16.864,ekf,-1.873959,0.525597,2.830355,0.071995,0.027970,0.054931
16.864,ekf,-1.879501,0.527700,2.858599,0.067821,0.025910,0.023454
16.898,ekf,-1.906077,0.535421,2.858899,0.069686,0.026328,0.028859
16.898,ekf,-1.906077,0.535421,2.858899,0.069686,0.026328,0.028859
16.932000000000002,ekf,-1.937115,0.544427,2.859311,0.070816,0.026222,0.026367
16.966,ekf,-1.905118,0.536416,2.792955,0.074739,0.027013,0.061894
16.966,ekf,-1.906710,0.537209,2.822030,0.070419,0.026018,0.063738
17.0,ekf,-1.930527,0.545089,2.822163,0.072014,0.026473,0.065697
17.0,ekf,-1.929287,0.544086,2.856528,0.070607,0.025922,0.021384
17.034000000000002,ekf,-1.957873,0.552463,2.856623,0.072557,0.026253,0.027516
17.068,ekf,-1.980313,0.559044,2.855892,0.074060,0.026529,0.031711
17.068,ekf,-1.981640,0.559217,2.860610,0.071177,0.025556,0.022659
17.102,ekf,-2.009182,0.563635,2.948100,0.075132,0.025815,0.062611
17.102,ekf,-2.017102,0.567725,2.868206,0.066870,0.024055,0.042639
17.136000000000003,ekf,-2.049836,0.576917,2.867359,0.069212,0.024535,0.046638
17.136000000000003,ekf,-2.049836,0.576917,2.867359,0.069212,0.024535,0.046638
17.17,ekf,-2.085095,0.586268,2.869479,0.069350,0.024220,0.030063
17.204,ekf,-2.106007,0.590759,2.895414,0.072093,0.024557,0.054971
17.238,ekf,-2.138979,0.599059,2.894434,0.074310,0.025026,0.058150
17.238,ekf,-2.138210,0.600623,2.867049,0.072005,0.024311,0.047538
17.238,ekf,-2.138210,0.600623,2.867049,0.072005,0.024311,0.047538
17.272000000000002,ekf,-2.177506,0.613170,2.856347,0.068619,0.023335,0.026634
17.306,ekf,-2.201693,0.615790,2.898085,0.074620,0.023566,0.084925
17.306,ekf,-2.201191,0.616508,2.870340,0.073645,0.022728,0.078544
17.34,ekf,-2.232738,0.625297,2.869373,0.075709,0.023301,0.080721
17.34,ekf,-2.232738,0.625297,2.869373,0.075709,0.023301,0.080721
17.374000000000002,ekf,-2.258521,0.632901,2.871487,0.071399,0.022433,0.024410
17.408,ekf,-2.291285,0.641983,2.870942,0.073618,0.022884,0.030769
17.408,ekf,-2.312379,0.646032,2.862329,0.058834,0.021065,0.020249
17.442,ekf,-2.355910,0.651736,2.908864,0.066256,0.021457,0.076662
17.442,ekf,-2.355910,0.651736,2.908864,0.066256,0.021457,0.076662
17.476000000000003,ekf,-2.381316,0.661194,2.856980,0.065147,0.021136,0.021829
17.51,ekf,-2.411714,0.670087,2.856947,0.067393,0.021641,0.028176
17.544,ekf,-2.438281,0.677863,2.856744,0.069299,0.022100,0.032783
17.544,ekf,-2.448688,0.679917,2.856603,0.055816,0.020384,0.026782
17.544,ekf,-2.448688,0.679917,2.856603,0.055816,0.020384,0.026782
17.578,ekf,-2.458939,0.686525,2.827033,0.060032,0.023196,0.071571
17.612000000000002,ekf,-2.484538,0.694855,2.826945,0.062027,0.023861,0.073440
17.646,ekf,-2.507553,0.702347,2.826548,0.063777,0.024567,0.075122
17.646,ekf,-2.508146,0.700935,2.851192,0.059968,0.022823,0.029265
17.646,ekf,-2.508146,0.700935,2.851192,0.059968,0.022823,0.029265
17.68,ekf,-2.528307,0.707152,2.852264,0.057095,0.022246,0.025571
17.714000000000002,ekf,-2.544509,0.711983,2.851133,0.058453,0.022564,0.029079
17.714000000000002,ekf,-2.537851,0.710009,2.864545,0.056000,0.021724,0.016796
17.748,ekf,-2.570233,0.720722,2.838720,0.059612,0.022707,0.042491
17.748,ekf,-2.570233,0.720722,2.838720,0.059612,0.022707,0.042491
17.782,ekf,-2.586159,0.724866,2.852523,0.055225,0.021610,0.020951
17.816000000000003,ekf,-2.600650,0.729187,2.851259,0.056494,0.021882,0.024808
17.816000000000003,ekf,-2.599630,0.729004,2.854198,0.055296,0.021340,0.020235
17.85,ekf,-2.615343,0.733658,2.853204,0.056667,0.021620,0.024356
17.85,ekf,-2.616251,0.733928,2.854246,0.053526,0.020693,0.017653
17.884,ekf,-2.628707,0.737613,2.853795,0.054635,0.020942,0.021226
17.918000000000003,ekf,-2.640160,0.741010,2.852831,0.055645,0.021174,0.024275
17.918000000000003,ekf,-2.636973,0.739946,2.856480,0.053629,0.020391,0.019745
17.952,ekf,-2.649896,0.743741,2.855520,0.054790,0.020644,0.023319
17.952,ekf,-2.648387,0.743485,2.856797,0.052576,0.019876,0.018344
17.986,ekf,-2.659018,0.746601,2.856171,0.053548,0.020090,0.021443
18.02,ekf,-2.655387,0.744092,2.886616,0.061667,0.029161,0.117821
18.02,ekf,-2.655839,0.745448,2.879129,0.065047,0.034450,0.120306
18.054000000000002,ekf,-2.664871,0.747879,2.878405,0.065730,0.034531,0.120754
18.054000000000002,ekf,-2.661784,0.746889,2.864564,0.061365,0.032347,0.029439
18.088,ekf,-2.671304,0.749599,2.863963,0.062134,0.032391,0.031267
18.122,ekf,-2.678130,0.751546,2.863606,0.062678,0.032425,0.032492
18.122,ekf,-2.676869,0.751680,2.857812,0.057528,0.029581,0.019237
18.156000000000002,ekf,-2.683756,0.753693,2.856708,0.058117,0.029670,0.021538
18.156000000000002,ekf,-2.684364,0.753989,2.856674,0.053835,0.027682,0.015247
18.19,ekf,-2.692085,0.756253,2.856076,0.054527,0.027793,0.018025
18.224,ekf,-2.698040,0.758002,2.856043,0.055052,0.027878,0.019830
18.224,ekf,-2.702538,0.760483,2.854863,0.049236,0.025264,0.014661
18.258000000000003,ekf,-2.707582,0.761971,2.854698,0.049727,0.025344,0.016457
18.258000000000003,ekf,-2.709697,0.763069,2.853827,0.047635,0.024409,0.014400
18.292,ekf,-2.698362,0.759398,2.785127,0.050014,0.024922,0.041237
18.326,ekf,-2.714730,0.765581,2.666671,0.053495,0.025913,0.065151
18.326,ekf,-2.710583,0.762526,2.727594,0.052619,0.025212,0.059668
18.36,ekf,-2.711709,0.763095,2.653407,0.053825,0.025851,0.071110
18.36,ekf,-2.715564,0.764869,2.741841,0.051437,0.024100,0.028547
18.394000000000002,ekf,-2.767653,0.788177,2.645000,0.057302,0.026589,0.057641
18.428,ekf,-2.768849,0.788904,2.585067,0.058149,0.027261,0.067343
18.428,ekf,-2.765246,0.786982,2.614940,0.054837,0.026050,0.039274
18.462,ekf,-2.745163,0.776083,2.585723,0.057623,0.027808,0.059421
18.462,ekf,-2.742403,0.774568,2.566057,0.055700,0.027626,0.054063
18.496000000000002,ekf,-2.742401,0.774527,2.525664,0.055786,0.066704,0.199695
18.53,ekf,-2.744452,0.776095,2.466618,0.056596,0.067099,0.202693
18.53,ekf,-2.744573,0.777298,2.432334,0.053550,0.054423,0.039439
18.564,ekf,-2.760066,0.790452,2.389976,0.055195,0.055476,0.053099
18.564,ekf,-2.760073,0.790380,2.390227,0.052490,0.052387,0.049975
18.598000000000003,ekf,-2.762516,0.792744,2.350868,0.053043,0.052874,0.057608
18.632,ekf,-2.764846,0.795220,2.301426,0.053630,0.053508,0.065890
18.632,ekf,-2.765129,0.792023,2.291492,0.050797,0.049634,0.042793
18.666,ekf,-2.779722,0.807529,2.250479,0.052747,0.051765,0.065107
18.666,ekf,-2.784097,0.805390,2.235967,0.049035,0.049321,0.057721
18.700000000000003,ekf,-2.786159,0.808092,2.207062,0.049371,0.049900,0.062800
18.700000000000003,ekf,-2.784557,0.810000,2.200945,0.045081,0.046933,0.028658
18.734,ekf,-2.786515,0.812779,2.166739,0.045460,0.047639,0.039235
18.768,ekf,-2.788371,0.815628,2.130084,0.045814,0.048406,0.048026
18.768,ekf,-2.790406,0.814416,2.128741,0.041625,0.045026,0.029995
18.802,ekf,-2.786400,0.808846,2.102418,0.043174,0.047774,0.064170
18.802,ekf,-2.790933,0.812363,2.105719,0.039777,0.049036,0.064365
18.836000000000002,ekf,-2.792632,0.815308,2.080542,0.040030,0.049684,0.068413
18.87,ekf,-2.793007,0.816015,2.051548,0.040208,0.050200,0.072583
18.87,ekf,-2.775889,0.811599,2.055333,0.036601,0.047019,0.030597
18.904,ekf,-2.776344,0.812490,2.037176,0.036735,0.047406,0.036184
18.904,ekf,-2.771098,0.812807,2.039292,0.035456,0.046588,0.030767
18.938000000000002,ekf,-2.779395,0.829376,2.010429,0.036218,0.048576,0.041342
18.972,ekf,-2.792634,0.860685,1.932232,0.037436,0.052661,0.060109
18.972,ekf,-2.795326,0.864317,1.927836,0.035517,0.051770,0.039339
19.006,ekf,-2.821374,0.934444,1.895754,0.036836,0.058267,0.054197
19.006,ekf,-2.826705,0.936433,1.913575,0.033225,0.056556,0.043055
19.040000000000003,ekf,-2.837244,0.968756,1.867141,0.033779,0.059931,0.055878
19.040000000000003,ekf,-2.837244,0.968756,1.867141,0.033779,0.059931,0.055878
19.074,ekf,-2.844602,0.996641,1.838490,0.032004,0.060709,0.032360
19.108,ekf,-2.854997,1.060142,1.696597,0.032491,0.067762,0.067294
19.108,ekf,-2.854352,1.045236,1.761936,0.030679,0.063343,0.042435
19.142,ekf,-2.859820,1.076226,1.729737,0.030915,0.066187,0.052530
19.142,ekf,-2.859820,1.076226,1.729737,0.030915,0.066187,0.052530
19.176000000000002,ekf,-2.863596,1.093513,1.745280,0.029028,0.064753,0.030933
19.21,ekf,-2.868559,1.124490,1.715380,0.029186,0.067521,0.043227
19.21,ekf,-2.867262,1.118627,1.724222,0.027943,0.065946,0.028638
19.244,ekf,-2.865627,1.134265,1.699127,0.028159,0.073985,0.103823
19.244,ekf,-2.865627,1.134265,1.699127,0.028159,0.073985,0.103823
19.278000000000002,ekf,-2.865584,1.133559,1.692931,0.026461,0.068063,0.027439
19.312,ekf,-2.868699,1.167414,1.648771,0.026588,0.071113,0.044453
19.312,ekf,-2.856565,1.110093,1.685973,0.025419,0.060849,0.027216
19.346,ekf,-2.860196,1.143898,1.670775,0.025615,0.063783,0.037211
19.346,ekf,-2.860196,1.143898,1.670775,0.025615,0.063783,0.037211
19.380000000000003,ekf,-2.860016,1.169881,1.653116,0.025106,0.069492,0.068314
19.414,ekf,-2.862604,1.203783,1.644424,0.025517,0.071996,0.071976
19.414,ekf,-2.861660,1.191267,1.641640,0.024131,0.067066,0.026822
19.448,ekf,-2.863976,1.225188,1.638148,0.024249,0.069592,0.033604
19.448,ekf,-2.863976,1.225188,1.638148,0.024249,0.069592,0.033604
19.482000000000003,ekf,-2.866940,1.281496,1.607379,0.023540,0.072488,0.041312
19.516000000000002,ekf,-2.868167,1.315473,1.606632,0.023738,0.074801,0.045405
19.516000000000002,ekf,-2.868741,1.316358,1.629319,0.023647,0.074160,0.035514
19.55,ekf,-2.870706,1.350302,1.628287,0.023895,0.076421,0.040273
19.55,ekf,-2.871192,1.349165,1.627473,0.022645,0.071425,0.018015
19.584,ekf,-2.875663,1.403734,1.654177,0.022838,0.075481,0.037498
19.618000000000002,ekf,-2.878312,1.435473,1.653955,0.023023,0.077546,0.041582
19.618000000000002,ekf,-2.875243,1.404438,1.634469,0.022453,0.070124,0.021680
19.652,ekf,-2.877405,1.438369,1.634387,0.022573,0.072498,0.028490
19.652,ekf,-2.876304,1.432050,1.640082,0.022326,0.065521,0.021383
19.686,ekf,-2.878301,1.460815,1.640073,0.022444,0.067670,0.027331
19.686,ekf,-2.878301,1.460815,1.640073,0.022444,0.067670,0.027331
19.720000000000002,ekf,-2.879988,1.521605,1.650426,0.022409,0.072605,0.044435
19.754,ekf,-2.882506,1.553305,1.649808,0.022629,0.074754,0.048009
19.754,ekf,-2.882212,1.552864,1.648285,0.022055,0.069956,0.043582
19.788,ekf,-2.884446,1.581809,1.647463,0.022233,0.072002,0.046969
19.822000000000003,ekf,-2.886201,1.604753,1.646863,0.022430,0.073582,0.049480
19.822000000000003,ekf,-2.885631,1.590455,1.661884,0.022152,0.069327,0.031821
19.856,ekf,-2.897662,1.644152,1.727585,0.023634,0.075372,0.073634
19.856,ekf,-2.890770,1.619584,1.652875,0.022543,0.069288,0.058630
19.89,ekf,-2.893757,1.653452,1.661419,0.022711,0.071792,0.062836
19.89,ekf,-2.893757,1.653452,1.661419,0.022711,0.071792,0.062836
19.924,ekf,-2.888948,1.617462,1.663431,0.021972,0.059803,0.028891
19.958000000000002,ekf,-2.895004,1.670131,1.671155,0.022313,0.064546,0.045647
19.958000000000002,ekf,-2.894578,1.670450,1.666070,0.021968,0.064334,0.046320
19.992,ekf,-2.897815,1.704295,1.666066,0.022198,0.066885,0.049885
19.992,ekf,-2.897815,1.704295,1.666066,0.022198,0.066885,0.049885
20.026,ekf,-2.901030,1.738143,1.665332,0.021161,0.066841,0.029497
20.060000000000002,ekf,-2.902395,1.765977,1.635028,0.021205,0.069760,0.048621
20.060000000000002,ekf,-2.902085,1.762677,1.640721,0.021070,0.069365,0.050338
20.094,ekf,-2.904413,1.796091,1.639993,0.021224,0.071728,0.053698
20.128,ekf,-2.906752,1.830010,1.639286,0.021531,0.074049,0.056900
20.128,ekf,-2.907050,1.828394,1.645040,0.021281,0.072201,0.046107
20.128,ekf,-2.907050,1.828394,1.645040,0.021281,0.072201,0.046107
20.162000000000003,ekf,-2.909767,1.856646,1.652980,0.020714,0.072520,0.036456
20.196,ekf,-2.916587,1.920078,1.667212,0.021352,0.077163,0.051763
20.196,ekf,-2.916587,1.920078,1.667212,0.021352,0.077163,0.051763
20.23,ekf,-2.919049,1.940308,1.675260,0.021378,0.075766,0.040442
20.23,ekf,-2.919049,1.940308,1.675260,0.021378,0.075766,0.040442
20.264000000000003,ekf,-2.919734,1.962816,1.662759,0.020890,0.070365,0.028669
20.298000000000002,ekf,-2.922090,1.988359,1.662832,0.021076,0.072129,0.032862
20.332,ekf,-2.920886,1.982572,1.663974,0.021541,0.075447,0.075094
20.332,ekf,-2.919742,1.978773,1.659601,0.021522,0.072029,0.076536
20.332,ekf,-2.919742,1.978773,1.659601,0.021522,0.072029,0.076536
20.366,ekf,-2.922164,2.009773,1.649868,0.021041,0.067152,0.039591
20.400000000000002,ekf,-2.923943,2.032217,1.649936,0.021101,0.068791,0.042355
20.400000000000002,ekf,-2.922570,2.020991,1.657335,0.020690,0.061998,0.032217
20.434,ekf,-2.924570,2.044020,1.657601,0.020804,0.063809,0.035699
20.434,ekf,-2.924570,2.044020,1.657601,0.020804,0.063809,0.035699
20.468,ekf,-2.927099,2.079689,1.660014,0.020076,0.059588,0.033897
20.502000000000002,ekf,-2.931635,2.117671,1.676937,0.020336,0.063320,0.048776
20.502000000000002,ekf,-2.930738,2.118023,1.660919,0.019742,0.060509,0.033893
20.536,ekf,-2.933788,2.151886,1.661342,0.019861,0.063238,0.038839
20.536,ekf,-2.933788,2.151886,1.661342,0.019861,0.063238,0.038839
20.57,ekf,-2.934939,2.168691,1.668097,0.019374,0.060397,0.026870
20.604000000000003,ekf,-2.940082,2.220084,1.672491,0.019631,0.064537,0.036420
20.638,ekf,-2.943522,2.253910,1.671488,0.019889,0.067094,0.041066
20.638,ekf,-2.942130,2.250214,1.664533,0.019189,0.062404,0.028886
20.672,ekf,-2.945241,2.283355,1.664025,0.019308,0.064998,0.034313
20.672,ekf,-2.944229,2.276059,1.666805,0.018838,0.060904,0.028463
20.706,ekf,-2.946338,2.302197,1.670523,0.018939,0.063545,0.042024
20.706,ekf,-2.945789,2.301141,1.664791,0.018493,0.061893,0.034559
20.740000000000002,ekf,-2.948810,2.333281,1.664223,0.018563,0.064433,0.039096
20.740000000000002,ekf,-2.948810,2.333281,1.664223,0.018563,0.064433,0.039096
20.774,ekf,-2.949128,2.335330,1.670760,0.018084,0.057032,0.027580
20.808,ekf,-2.952437,2.368374,1.670395,0.018242,0.059835,0.033167
20.808,ekf,-2.951869,2.368749,1.669171,0.018009,0.057090,0.028137
20.842000000000002,ekf,-2.951088,2.394815,1.668342,0.018136,0.063493,0.078541
20.842000000000002,ekf,-2.951088,2.394815,1.668342,0.018136,0.063493,0.078541
20.876,ekf,-2.953010,2.415969,1.670725,0.017762,0.062258,0.036433
20.91,ekf,-2.955846,2.444326,1.670276,0.017936,0.064471,0.040266
20.91,ekf,-2.955285,2.441603,1.671449,0.017680,0.062337,0.028851
20.944000000000003,ekf,-2.957914,2.467856,1.670042,0.017814,0.064403,0.033532
20.978,ekf,-2.955602,2.494581,1.633694,0.018185,0.071277,0.089929
20.978,ekf,-2.955294,2.494837,1.633204,0.017821,0.072659,0.085279
21.012,ekf,-2.956798,2.519122,1.632107,0.018041,0.074321,0.086821
21.012,ekf,-2.957898,2.515341,1.669245,0.017436,0.068063,0.033260
21.046000000000003,ekf,-2.960016,2.536881,1.669542,0.017523,0.069619,0.036695
21.046000000000003,ekf,-2.960016,2.536881,1.669542,0.017523,0.069619,0.036695
21.080000000000002,ekf,-2.963300,2.566807,1.673440,0.017485,0.067100,0.032529
21.114,ekf,-2.965627,2.577139,1.699309,0.018240,0.070730,0.073500
21.114,ekf,-2.965124,2.576201,1.686618,0.018356,0.070776,0.077848
21.148,ekf,-2.969093,2.609968,1.688655,0.018731,0.073091,0.080257
21.182000000000002,ekf,-2.973117,2.643729,1.691488,0.019484,0.075345,0.082691
21.182000000000002,ekf,-2.971889,2.649693,1.670110,0.018383,0.069059,0.038930
21.216,ekf,-2.971693,2.638710,1.633810,0.018367,0.071639,0.064483
21.216,ekf,-2.971568,2.637444,1.646105,0.017968,0.068921,0.056152
21.25,ekf,-2.974149,2.671346,1.647669,0.018094,0.071339,0.059366
21.25,ekf,-2.974583,2.672394,1.661058,0.017532,0.066017,0.025708
21.284000000000002,ekf,-2.977509,2.704580,1.662207,0.017606,0.068408,0.031735
21.318,ekf,-2.980348,2.735434,1.663158,0.017734,0.070621,0.036551
21.318,ekf,-2.981299,2.753238,1.664005,0.017324,0.062924,0.031865
21.352,ekf,-2.986477,2.809340,1.650238,0.017651,0.067404,0.043059
21.352,ekf,-2.986614,2.806184,1.661445,0.017236,0.065075,0.037528
21.386000000000003,ekf,-2.989362,2.836384,1.661583,0.017406,0.067338,0.041405
21.386000000000003,ekf,-2.989362,2.836384,1.661583,0.017406,0.067338,0.041405
21.42,ekf,-2.992813,2.865789,1.671552,0.017129,0.065256,0.031672
21.454,ekf,-2.995281,2.890144,1.671777,0.017280,0.067083,0.035397
21.454,ekf,-2.995342,2.889484,1.675821,0.016923,0.061591,0.024246
21.488000000000003,ekf,-2.991182,2.867512,1.681811,0.017462,0.065705,0.063046
21.488000000000003,ekf,-2.991182,2.867512,1.681811,0.017462,0.065705,0.063046
21.522000000000002,ekf,-2.994101,2.895032,1.675466,0.017130,0.057523,0.031761
21.556,ekf,-2.996575,2.918545,1.675713,0.017290,0.059501,0.035357
21.556,ekf,-2.996575,2.918545,1.675713,0.016787,0.050703,0.028366
21.59,ekf,-2.999250,2.943926,1.675942,0.016949,0.053118,0.032625
21.624000000000002,ekf,-3.007330,2.985774,1.671955,0.018049,0.059697,0.070665
21.624000000000002,ekf,-3.008145,2.992192,1.672217,0.017807,0.060125,0.080225
21.658,ekf,-3.011601,3.026015,1.672907,0.018362,0.062866,0.082400
21.658,ekf,-3.011782,3.025574,1.678778,0.017553,0.057593,0.029751
21.692,ekf,-3.015444,3.059376,1.678637,0.017846,0.060414,0.035042
21.726000000000003,ekf,-3.026752,3.121415,1.707587,0.019279,0.066889,0.064632
21.726000000000003,ekf,-3.026112,3.120732,1.703300,0.018822,0.065404,0.063319
21.76,ekf,-3.030595,3.154435,1.702720,0.019455,0.067889,0.066037
21.76,ekf,-3.028521,3.150165,1.686647,0.018449,0.063296,0.033369
21.794,ekf,-3.032394,3.183512,1.686124,0.018790,0.065842,0.038206
21.794,ekf,-3.032394,3.183512,1.686124,0.018790,0.065842,0.038206
21.828000000000003,ekf,-3.034838,3.223673,1.638453,0.018483,0.067478,0.052212
21.862000000000002,ekf,-3.036957,3.255038,1.638008,0.018867,0.069755,0.055221
21.862000000000002,ekf,-3.039504,3.264993,1.656400,0.017416,0.056507,0.041743
21.896,ekf,-3.042151,3.295905,1.656049,0.017626,0.059197,0.045385
21.896,ekf,-3.042151,3.295905,1.656049,0.017626,0.059197,0.045385
21.93,ekf,-3.045125,3.322856,1.662809,0.017572,0.056865,0.041719
21.964000000000002,ekf,-3.051623,3.338476,1.717024,0.022404,0.065726,0.113635
21.964000000000002,ekf,-3.049964,3.332048,1.703879,0.024896,0.067493,0.114730
21.998,ekf,-3.053776,3.360568,1.703452,0.025295,0.069565,0.116014
21.998,ekf,-3.053776,3.360568,1.703452,0.025295,0.069565,0.116014
22.032,ekf,-3.055793,3.391178,1.677129,0.024316,0.068144,0.038677
22.066000000000003,ekf,-3.058499,3.416614,1.676403,0.024454,0.069983,0.042027
22.066000000000003,ekf,-3.058325,3.416921,1.674467,0.023170,0.061803,0.031302
22.1,ekf,-3.067088,3.473010,1.711755,0.023703,0.067100,0.053421
22.1,ekf,-3.065140,3.468608,1.693853,0.021833,0.052263,0.037240
22.134,ekf,-3.067935,3.491322,1.692660,0.021912,0.054420,0.040491
22.168000000000003,ekf,-3.071942,3.524693,1.688858,0.022096,0.057478,0.045295
22.168000000000003,ekf,-3.070755,3.523559,1.680970,0.021516,0.054023,0.028378
22.202,ekf,-3.074475,3.557355,1.679788,0.021649,0.057072,0.034190
22.202,ekf,-3.072860,3.547890,1.680080,0.021099,0.050997,0.029394
22.236,ekf,-3.076306,3.563788,1.701525,0.021704,0.055795,0.069023
22.236,ekf,-3.076306,3.563788,1.701525,0.021704,0.055795,0.069023
22.270000000000003,ekf,-3.079034,3.595908,1.679525,0.021425,0.055430,0.035911
22.304000000000002,ekf,-3.082758,3.629704,1.681153,0.021661,0.058395,0.040769
22.304000000000002,ekf,-3.081121,3.627114,1.664892,0.020899,0.054254,0.020192
22.338,ekf,-3.084064,3.659989,1.694910,0.020943,0.057877,0.039126
22.372,ekf,-3.088300,3.693724,1.696515,0.021100,0.060728,0.043623
22.372,ekf,-3.087717,3.690492,1.687607,0.020398,0.053175,0.034971
22.406000000000002,ekf,-3.091514,3.722671,1.688955,0.020561,0.056136,0.039673
22.406000000000002,ekf,-3.091336,3.722140,1.684580,0.020304,0.052630,0.035080
22.44,ekf,-3.094937,3.753540,1.685519,0.020521,0.055538,0.039566
22.44,ekf,-3.094937,3.753540,1.685519,0.020521,0.055538,0.039566
22.474,ekf,-3.097842,3.782760,1.675072,0.020260,0.056479,0.035216
22.508000000000003,ekf,-3.100933,3.812258,1.675471,0.020505,0.059024,0.039303
22.508000000000003,ekf,-3.100492,3.810639,1.673248,0.020007,0.054240,0.031903
22.542,ekf,-3.103607,3.840890,1.673597,0.020223,0.056956,0.036454
22.542,ekf,-3.103607,3.840890,1.673597,0.020223,0.056956,0.036454
22.576,ekf,-3.106498,3.868077,1.674034,0.019948,0.056298,0.032359
22.610000000000003,ekf,-3.112433,3.918459,1.656007,0.020473,0.061332,0.049757
22.610000000000003,ekf,-3.113120,3.917549,1.662997,0.019536,0.056454,0.042123
22.644000000000002,ekf,-3.115580,3.944112,1.663334,0.019645,0.058760,0.045254
22.644000000000002,ekf,-3.115580,3.944112,1.663334,0.019645,0.058760,0.045254
22.678,ekf,-3.118154,3.968345,1.669506,0.019208,0.055864,0.034868
22.712,ekf,-3.121422,4.001348,1.669397,0.019387,0.058748,0.039365
22.712,ekf,-3.121422,4.001348,1.669397,0.018840,0.051986,0.024684
22.746000000000002,ekf,-3.126781,4.038634,1.709403,0.019150,0.056285,0.044176
22.746000000000002,ekf,-3.126781,4.038634,1.709403,0.019150,0.056285,0.044176
22.78,ekf,-3.129302,4.069169,1.687570,0.018879,0.053467,0.033128
22.814,ekf,-3.133258,4.102939,1.686987,0.019060,0.056549,0.038067
22.848000000000003,ekf,-3.138996,4.144490,1.736123,0.019522,0.060907,0.053397
22.848000000000003,ekf,-3.138266,4.138226,1.734047,0.019158,0.055123,0.047049
22.848000000000003,ekf,-3.138266,4.138226,1.734047,0.019158,0.055123,0.047049
22.882,ekf,-3.142016,4.165099,1.708690,0.019409,0.051552,0.035606
22.916,ekf,-3.146528,4.197676,1.708102,0.019858,0.054579,0.040105
22.916,ekf,-3.142693,4.191793,1.683755,0.018881,0.050503,0.024087
22.950000000000003,ekf,-3.138503,4.160370,1.685815,0.019041,0.054177,0.040501
22.950000000000003,ekf,-3.138979,4.162514,1.678915,0.018696,0.048528,0.023667
22.984,ekf,-3.142374,4.193840,1.678506,0.018867,0.051632,0.029722
22.984,ekf,-3.142374,4.193840,1.678506,0.018867,0.051632,0.029722
23.018,ekf,-3.145252,4.223380,1.671228,0.018584,0.053398,0.023228
23.052000000000003,ekf,-3.148573,4.256369,1.671060,0.018699,0.056389,0.029571
23.052000000000003,ekf,-3.148995,4.257035,1.668350,0.018366,0.055966,0.018002
23.086000000000002,ekf,-3.149853,4.235241,1.678056,0.018443,0.062579,0.078824
23.086000000000002,ekf,-3.149853,4.235241,1.678056,0.018443,0.062579,0.078824
23.12,ekf,-3.154655,4.282498,1.677779,0.018149,0.057905,0.029481
23.154,ekf,-3.157799,4.311850,1.677403,0.018306,0.060381,0.034233
23.154,ekf,-3.159224,4.328311,1.677996,0.018102,0.054004,0.023126
23.188000000000002,ekf,-3.162350,4.357378,1.677386,0.018243,0.056632,0.028972
23.222,ekf,-3.164456,4.385820,1.698606,0.018409,0.060527,0.053448
23.222,ekf,-3.164682,4.389040,1.693496,0.018291,0.060025,0.058711
23.256,ekf,-3.168673,4.422035,1.689593,0.018663,0.062755,0.062108
23.256,ekf,-3.169152,4.434483,1.677882,0.018314,0.057554,0.037216
23.290000000000003,ekf,-3.172760,4.468291,1.676398,0.018572,0.060430,0.041890
23.290000000000003,ekf,-3.172760,4.468291,1.676398,0.018572,0.060430,0.041890
23.324,ekf,-3.175088,4.522553,1.642064,0.018807,0.062698,0.061175
23.358,ekf,-3.177493,4.556468,1.641195,0.019333,0.065351,0.064029
23.358,ekf,-3.179722,4.556413,1.666288,0.018565,0.057931,0.034562
23.392000000000003,ekf,-3.182940,4.590261,1.665106,0.018827,0.060786,0.039473
23.392000000000003,ekf,-3.182940,4.590261,1.665106,0.018827,0.060786,0.039473
23.426000000000002,ekf,-3.186500,4.603990,1.639703,0.020531,0.065144,0.092670
23.46,ekf,-3.188806,4.637513,1.639218,0.021051,0.067660,0.094517
23.46,ekf,-3.190127,4.637017,1.673118,0.020287,0.056094,0.032150
23.494,ekf,-3.193473,4.669642,1.672813,0.020606,0.058903,0.036982
23.494,ekf,-3.193473,4.669642,1.672813,0.020606,0.058903,0.036982
23.528000000000002,ekf,-3.208767,4.721253,1.736260,0.021821,0.061425,0.079975
23.562,ekf,-3.213684,4.750720,1.736104,0.022355,0.063739,0.081841
23.562,ekf,-3.212982,4.750089,1.665856,0.021251,0.062876,0.026794
23.596,ekf,-3.215755,4.779237,1.665404,0.021295,0.065163,0.031934
23.596,ekf,-3.215755,4.779237,1.665404,0.021295,0.065163,0.031934
23.630000000000003,ekf,-3.218331,4.808529,1.679910,0.020711,0.059884,0.027870
23.664,ekf,-3.216312,4.826917,1.633735,0.021074,0.067383,0.093677
23.664,ekf,-3.216651,4.825804,1.650065,0.021062,0.070592,0.098812
23.698,ekf,-3.218943,4.854781,1.649373,0.021403,0.072609,0.100341
23.698,ekf,-3.218943,4.854781,1.649373,0.021403,0.072609,0.100341
23.732000000000003,ekf,-3.224929,4.904273,1.668699,0.021005,0.067617,0.030888
23.732000000000003,ekf,-3.224929,4.904273,1.668699,0.021005,0.067617,0.030888
23.766000000000002,ekf,-3.227580,4.927861,1.670683,0.021035,0.061766,0.029705
23.8,ekf,-3.229313,4.964106,1.643300,0.021245,0.065807,0.052744
23.8,ekf,-3.230596,4.964110,1.676552,0.021057,0.057873,0.026246
23.834000000000003,ekf,-3.234173,4.997921,1.675794,0.021272,0.060718,0.032311
23.834000000000003,ekf,-3.234173,4.997921,1.675794,0.021272,0.060718,0.032311
23.868000000000002,ekf,-3.237634,5.031465,1.674483,0.021444,0.060911,0.033750
23.902,ekf,-3.247037,5.089879,1.681995,0.022403,0.066992,0.061785
23.902,ekf,-3.246622,5.088851,1.676142,0.022047,0.067202,0.063758
23.936,ekf,-3.250184,5.122664,1.675385,0.022383,0.069678,0.066484
23.936,ekf,-3.250184,5.122664,1.675385,0.022383,0.069678,0.066484
23.970000000000002,ekf,-3.256765,5.181834,1.684379,0.021808,0.065015,0.038028
24.004,ekf,-3.263623,5.229792,1.667635,0.022258,0.069626,0.058337
24.038,ekf,-3.266715,5.261690,1.667275,0.022589,0.071881,0.061081
24.038,ekf,-3.267160,5.261362,1.671470,0.022294,0.072531,0.062018
24.038,ekf,-3.267160,5.261362,1.671470,0.022294,0.072531,0.062018
24.072000000000003,ekf,-3.271150,5.294165,1.678257,0.022108,0.073238,0.037865
24.106,ekf,-3.274495,5.325200,1.678052,0.022279,0.075308,0.041833
24.106,ekf,-3.272282,5.298083,1.689012,0.022043,0.065461,0.031696
24.14,ekf,-3.273304,5.310842,1.695329,0.022156,0.067642,0.052822
24.14,ekf,-3.273304,5.310842,1.695329,0.022156,0.067642,0.052822
24.174000000000003,ekf,-3.276375,5.338837,1.691496,0.022245,0.067530,0.045601
24.208000000000002,ekf,-3.280254,5.370875,1.691164,0.022611,0.069811,0.049080
24.208000000000002,ekf,-3.279988,5.372729,1.684478,0.022506,0.068645,0.039577
24.242,ekf,-3.283255,5.401432,1.683894,0.022854,0.070657,0.043208
24.242,ekf,-3.283255,5.401432,1.683894,0.022854,0.070657,0.043208
24.276,ekf,-3.290114,5.457782,1.666753,0.022807,0.074689,0.053422
24.310000000000002,ekf,-3.292812,5.485885,1.666278,0.023067,0.076533,0.056087
24.344,ekf,-3.295284,5.511754,1.665615,0.023396,0.078196,0.058471
24.344,ekf,-3.295533,5.511059,1.668713,0.023125,0.075957,0.048409
24.378,ekf,-3.297122,5.527317,1.667979,0.023315,0.077013,0.050215
24.378,ekf,-3.296550,5.513312,1.684522,0.022862,0.072052,0.036128
24.412000000000003,ekf,-3.299197,5.536576,1.683220,0.023116,0.073625,0.039565
24.412000000000003,ekf,-3.297462,5.527804,1.679383,0.022334,0.067287,0.030784
24.446,ekf,-3.302487,5.600721,1.693603,0.022972,0.073725,0.059614
24.446,ekf,-3.302487,5.600721,1.693603,0.022972,0.073725,0.059614
24.48,ekf,-3.302418,5.612381,1.676304,0.022434,0.067896,0.039277
24.514000000000003,ekf,-3.306023,5.646189,1.677102,0.022716,0.070330,0.043573
24.514000000000003,ekf,-3.305989,5.645598,1.677550,0.022661,0.068298,0.040427
24.548000000000002,ekf,-3.310823,5.678735,1.669531,0.023175,0.071790,0.060447
24.548000000000002,ekf,-3.310823,5.678735,1.669531,0.023175,0.071790,0.060447
24.582,ekf,-3.314254,5.712104,1.674442,0.022564,0.071503,0.035285
24.616000000000003,ekf,-3.317751,5.745287,1.676805,0.022711,0.073797,0.040323
24.616000000000003,ekf,-3.318041,5.754949,1.689962,0.021998,0.063434,0.027317
24.650000000000002,ekf,-3.316936,5.756500,1.641162,0.038112,0.077011,0.171248
24.650000000000002,ekf,-3.317270,5.753974,1.677654,0.038037,0.075141,0.049128
24.684,ekf,-3.320444,5.783329,1.679206,0.037880,0.077036,0.052344
24.718,ekf,-3.323735,5.813407,1.680105,0.037785,0.078922,0.055321
24.718,ekf,-3.325348,5.800909,1.667855,0.037460,0.070316,0.033354
24.752000000000002,ekf,-3.328574,5.833748,1.669464,0.037503,0.072621,0.038401
24.752000000000002,ekf,-3.328774,5.832785,1.670122,0.037308,0.069978,0.036978
24.786,ekf,-3.333348,5.851811,1.708005,0.037803,0.074327,0.079184
24.786,ekf,-3.333348,5.851811,1.708005,0.037803,0.074327,0.079184
24.82,ekf,-3.334839,5.880171,1.682669,0.037481,0.073141,0.049264
24.854000000000003,ekf,-3.338101,5.908946,1.684031,0.037495,0.075050,0.052381
24.854000000000003,ekf,-3.337491,5.909898,1.679210,0.037259,0.073805,0.044537
24.888,ekf,-3.340745,5.939690,1.679976,0.037242,0.075758,0.047943
24.922,ekf,-3.345405,5.982734,1.660103,0.037322,0.078732,0.055937
24.922,ekf,-3.343980,5.983018,1.652210,0.036643,0.075915,0.042735
24.956000000000003,ekf,-3.346746,6.016906,1.652229,0.036517,0.078089,0.046556
24.956000000000003,ekf,-3.346014,6.016003,1.669228,0.036413,0.073996,0.036979
24.990000000000002,ekf,-3.349356,6.049838,1.669265,0.036377,0.076216,0.041330
24.990000000000002,ekf,-3.349356,6.049838,1.669265,0.036377,0.076216,0.041330
25.024,ekf,-3.350674,6.070273,1.690720,0.035436,0.066473,0.054408
25.058,ekf,-3.354738,6.104030,1.690444,0.035481,0.068934,0.057495
25.058,ekf,-3.354632,6.104882,1.686053,0.035027,0.067969,0.047344
25.092000000000002,ekf,-3.358534,6.138657,1.685600,0.035021,0.070384,0.050897
25.092000000000002,ekf,-3.358534,6.138657,1.685600,0.035021,0.070384,0.050897
25.126,ekf,-3.361352,6.150208,1.688187,0.036511,0.079127,0.103699
25.16,ekf,-3.365158,6.182512,1.687951,0.036529,0.081114,0.105278
25.16,ekf,-3.364290,6.186243,1.692525,0.036075,0.075002,0.039363
25.194000000000003,ekf,-3.368022,6.216779,1.692410,0.036079,0.076983,0.043121
25.228,ekf,-3.372144,6.250529,1.692245,0.036140,0.079115,0.046933
25.228,ekf,-3.371735,6.251297,1.689646,0.035889,0.077985,0.043891
25.262,ekf,-3.380921,6.323669,1.709472,0.036195,0.082656,0.055250
25.262,ekf,-3.379664,6.324120,1.702017,0.035711,0.080987,0.049199
25.296000000000003,ekf,-3.383464,6.352925,1.701907,0.035834,0.082710,0.052089
25.330000000000002,ekf,-3.387634,6.384536,1.701931,0.036041,0.084560,0.055071
25.330000000000002,ekf,-3.385886,6.384002,1.695153,0.035468,0.084143,0.049477
25.364,ekf,-3.389590,6.413709,1.694716,0.035609,0.085863,0.052498
25.364,ekf,-3.388279,6.411247,1.690070,0.034932,0.079254,0.044505
25.398000000000003,ekf,-3.389740,6.414895,1.679312,0.037059,0.085048,0.112669
25.398000000000003,ekf,-3.389740,6.414895,1.679312,0.037059,0.085048,0.112669
25.432000000000002,ekf,-3.393031,6.440807,1.678652,0.036459,0.080998,0.061736
25.432000000000002,ekf,-3.393031,6.440807,1.678652,0.036459,0.080998,0.061736
25.466,ekf,-3.396735,6.468180,1.674801,0.035492,0.078819,0.040963
25.5,ekf,-3.400129,6.501175,1.672304,0.035569,0.080874,0.045383
25.5,ekf,-3.400857,6.500117,1.671358,0.034757,0.078021,0.033900
25.534000000000002,ekf,-3.404082,6.544894,1.696016,0.034796,0.081827,0.056908
25.568,ekf,-3.408323,6.578629,1.695876,0.034964,0.083838,0.059852
25.568,ekf,-3.407321,6.569132,1.667725,0.033906,0.077474,0.031355
25.602,ekf,-3.410629,6.602971,1.668317,0.033906,0.079644,0.036537
25.602,ekf,-3.412973,6.601652,1.675209,0.032939,0.079133,0.027364
25.636000000000003,ekf,-3.422582,6.673730,1.722548,0.032814,0.084123,0.049221
25.636000000000003,ekf,-3.422582,6.673730,1.722548,0.032814,0.084123,0.049221
25.67,ekf,-3.425397,6.691095,1.706331,0.032096,0.071049,0.039367
25.704,ekf,-3.429906,6.724009,1.707531,0.032284,0.073301,0.043657
25.704,ekf,-3.423489,6.680233,1.676298,0.030943,0.057387,0.027142
25.738000000000003,ekf,-3.426858,6.711945,1.677032,0.031017,0.060090,0.032715
25.738000000000003,ekf,-3.426858,6.711945,1.677032,0.031017,0.060090,0.032715
25.772000000000002,ekf,-3.426930,6.701434,1.717987,0.030692,0.071505,0.105090
25.806,ekf,-3.431308,6.730945,1.718114,0.031010,0.073492,0.106512
25.806,ekf,-3.430253,6.731359,1.683889,0.030149,0.061202,0.047748
25.84,ekf,-3.433550,6.760291,1.684429,0.030331,0.063495,0.050812
25.84,ekf,-3.433550,6.760291,1.684429,0.030331,0.063495,0.050812
25.874000000000002,ekf,-3.436703,6.788648,1.681628,0.029381,0.064672,0.042450
25.908,ekf,-3.438362,6.818481,1.679201,0.029466,0.068521,0.065293
25.908,ekf,-3.438366,6.822084,1.673609,0.029027,0.060433,0.056841
25.942,ekf,-3.440768,6.845410,1.673272,0.029108,0.062327,0.058925
25.942,ekf,-3.440768,6.845410,1.673272,0.029108,0.062327,0.058925
25.976000000000003,ekf,-3.442363,6.876762,1.663886,0.028968,0.062105,0.046024
26.01,ekf,-3.444986,6.904866,1.663602,0.029120,0.064308,0.049054
26.01,ekf,-3.445853,6.910050,1.665230,0.028420,0.062390,0.039294
26.044,ekf,-3.445726,6.912115,1.674774,0.028463,0.067472,0.089337
26.044,ekf,-3.445726,6.912115,1.674774,0.028463,0.067472,0.089337
26.078000000000003,ekf,-3.453102,6.948744,1.658692,0.027569,0.067720,0.043010
26.112000000000002,ekf,-3.456083,6.982613,1.658432,0.027656,0.070167,0.046851
26.112000000000002,ekf,-3.456227,6.985502,1.667047,0.026868,0.059483,0.033213
26.146,ekf,-3.462547,7.009710,1.709022,0.027920,0.065491,0.082943
26.146,ekf,-3.462547,7.009710,1.709022,0.027920,0.065491,0.082943
26.180000000000003,ekf,-3.465367,7.043377,1.685050,0.027220,0.056889,0.050753
26.214000000000002,ekf,-3.469208,7.076934,1.684446,0.027414,0.059758,0.054090
26.214000000000002,ekf,-3.468903,7.079968,1.672814,0.026609,0.058854,0.035480
26.248,ekf,-3.474203,7.142816,1.656579,0.026985,0.064250,0.047753
26.248,ekf,-3.474203,7.142816,1.656579,0.026985,0.064250,0.047753
26.282,ekf,-3.477277,7.170269,1.668295,0.026627,0.062682,0.038732
26.316000000000003,ekf,-3.480307,7.201298,1.667998,0.026904,0.065093,0.042637
26.316000000000003,ekf,-3.479443,7.197390,1.676415,0.026251,0.058625,0.032881
26.35,ekf,-3.483010,7.231063,1.676231,0.026550,0.061396,0.037729
26.35,ekf,-3.483664,7.231470,1.679712,0.025482,0.059033,0.029111
26.384,ekf,-3.485398,7.273563,1.649168,0.025718,0.064142,0.058033
26.384,ekf,-3.485398,7.273563,1.649168,0.025718,0.064142,0.058033
26.418000000000003,ekf,-3.491365,7.310502,1.684159,0.024252,0.061062,0.025309
26.452,ekf,-3.494975,7.342273,1.683797,0.024296,0.063611,0.031106
26.452,ekf,-3.494870,7.343747,1.682765,0.024056,0.059429,0.027491
26.486,ekf,-3.497835,7.370242,1.682081,0.024145,0.061619,0.032188
26.520000000000003,ekf,-3.499503,7.403409,1.672914,0.024269,0.065983,0.060218
26.520000000000003,ekf,-3.499200,7.403645,1.667168,0.023429,0.065504,0.059777
26.554000000000002,ekf,-3.501520,7.427744,1.666263,0.023552,0.067323,0.061915
26.554000000000002,ekf,-3.501621,7.427166,1.669534,0.022916,0.063340,0.032261
26.588,ekf,-3.504778,7.460078,1.662982,0.023111,0.065968,0.038761
26.622,ekf,-3.507882,7.493936,1.661739,0.023374,0.068490,0.043212
26.622,ekf,-3.507909,7.489902,1.666048,0.022705,0.064841,0.036564
26.656000000000002,ekf,-3.504671,7.505244,1.625101,0.023974,0.073744,0.113160
26.656000000000002,ekf,-3.504779,7.498855,1.659518,0.024117,0.071678,0.111140
26.69,ekf,-3.507807,7.532720,1.660529,0.024561,0.073994,0.112749
26.69,ekf,-3.507807,7.532720,1.660529,0.024561,0.073994,0.112749
26.724,ekf,-3.511545,7.566720,1.671999,0.024014,0.075214,0.044363
26.758000000000003,ekf,-3.520064,7.614911,1.678652,0.024969,0.080023,0.072632
26.758000000000003,ekf,-3.519555,7.614107,1.679309,0.023869,0.076253,0.059119
26.792,ekf,-3.523262,7.647904,1.680823,0.024145,0.078452,0.062172
26.826,ekf,-3.526837,7.680086,1.681972,0.024574,0.080487,0.064901
26.826,ekf,-3.525734,7.680898,1.676884,0.023697,0.075782,0.052725
26.826,ekf,-3.525734,7.680898,1.676884,0.023697,0.075782,0.052725
26.860000000000003,ekf,-3.528406,7.712068,1.673571,0.023033,0.076556,0.034848
26.894000000000002,ekf,-3.539997,7.740432,1.740437,0.026995,0.083581,0.107658
26.894000000000002,ekf,-3.539997,7.740432,1.740437,0.026995,0.083581,0.107658
26.928,ekf,-3.539466,7.759214,1.685034,0.025380,0.068498,0.043823
26.928,ekf,-3.539466,7.759214,1.685034,0.025380,0.068498,0.043823
26.962000000000003,ekf,-3.541442,7.788600,1.681994,0.024850,0.065118,0.038312
26.996000000000002,ekf,-3.544591,7.816787,1.682062,0.024992,0.067221,0.041866
26.996000000000002,ekf,-3.544591,7.816787,1.682062,0.024992,0.067221,0.041866
27.03,ekf,-3.544700,7.808603,1.662628,0.024705,0.072489,0.096329
27.064,ekf,-3.547102,7.834719,1.662355,0.024767,0.074243,0.097709
27.064,ekf,-3.547513,7.839631,1.668670,0.024215,0.069936,0.065477
27.098000000000003,ekf,-3.549788,7.862839,1.668132,0.024234,0.071556,0.067314
27.098000000000003,ekf,-3.549788,7.862839,1.668132,0.024234,0.071556,0.067314
27.132,ekf,-3.552415,7.896987,1.662854,0.024044,0.068606,0.062551
27.166,ekf,-3.555236,7.916891,1.680541,0.024323,0.071098,0.075552
27.166,ekf,-3.555523,7.920927,1.683106,0.023663,0.066597,0.066822
27.200000000000003,ekf,-3.559326,7.954714,1.682628,0.023949,0.069029,0.069389
27.200000000000003,ekf,-3.559229,7.958432,1.677127,0.023503,0.065226,0.056623
27.234,ekf,-3.562830,7.992240,1.676653,0.023777,0.067713,0.059630
27.268,ekf,-3.564167,8.018407,1.627196,0.024076,0.070455,0.070851
27.268,ekf,-3.564893,8.018474,1.646745,0.023063,0.055971,0.047898
27.302000000000003,ekf,-3.567464,8.052377,1.646174,0.023379,0.058901,0.051435
27.302000000000003,ekf,-3.568754,8.054702,1.654973,0.022428,0.050536,0.043003
27.336000000000002,ekf,-3.571583,8.088303,1.654702,0.022671,0.053735,0.046817
27.336000000000002,ekf,-3.571583,8.088303,1.654702,0.022671,0.053735,0.046817
27.37,ekf,-3.576583,8.134135,1.679882,0.022013,0.055734,0.050381
27.404000000000003,ekf,-3.579928,8.164680,1.679970,0.022317,0.058382,0.053363
27.438000000000002,ekf,-3.583156,8.194116,1.679973,0.022717,0.060825,0.056077
27.438000000000002,ekf,-3.582508,8.195335,1.677300,0.022004,0.056854,0.048685
27.438000000000002,ekf,-3.582508,8.195335,1.677300,0.022004,0.056854,0.048685
27.472,ekf,-3.586646,8.229736,1.680521,0.021287,0.056128,0.040118
27.506,ekf,-3.585388,8.244450,1.637651,0.021515,0.063137,0.093266
27.506,ekf,-3.585691,8.246210,1.645581,0.021209,0.063646,0.107251
27.540000000000003,ekf,-3.587954,8.276454,1.645339,0.021520,0.065964,0.108678
27.540000000000003,ekf,-3.587954,8.276454,1.645339,0.021520,0.065964,0.108678
27.574,ekf,-3.591224,8.303247,1.666135,0.020913,0.057632,0.065821
27.608,ekf,-3.594106,8.333414,1.665937,0.021312,0.060176,0.068113
27.608,ekf,-3.594970,8.338567,1.685326,0.020421,0.055556,0.025853
27.642000000000003,ekf,-3.601474,8.378371,1.671548,0.020911,0.060779,0.056963
27.642000000000003,ekf,-3.601474,8.378371,1.671548,0.020911,0.060779,0.056963
27.676000000000002,ekf,-3.605332,8.412639,1.679786,0.020517,0.055440,0.034089
27.71,ekf,-3.609008,8.446440,1.678500,0.020686,0.058429,0.039087
27.71,ekf,-3.608674,8.446737,1.678060,0.020144,0.055150,0.035110
27.744000000000003,ekf,-3.614875,8.489214,1.712496,0.020547,0.059531,0.049811
27.778000000000002,ekf,-3.619702,8.522869,1.714043,0.020972,0.062303,0.053404
27.778000000000002,ekf,-3.616926,8.514958,1.704194,0.020191,0.052567,0.046510
27.812,ekf,-3.621462,8.548655,1.704768,0.020605,0.055656,0.050146
27.846,ekf,-3.623235,8.605320,1.660691,0.021533,0.063135,0.079420
27.846,ekf,-3.620882,8.609801,1.642654,0.020823,0.059656,0.074363
27.846,ekf,-3.620882,8.609801,1.642654,0.020823,0.059656,0.074363
27.880000000000003,ekf,-3.623838,8.638561,1.647928,0.020544,0.058458,0.064970
27.914,ekf,-3.626284,8.670062,1.648558,0.021182,0.061097,0.067451
27.914,ekf,-3.626399,8.668508,1.649141,0.019916,0.059353,0.052421
27.948,ekf,-3.629069,8.702403,1.649786,0.020393,0.062142,0.055685
27.948,ekf,-3.629069,8.702403,1.649786,0.020393,0.062142,0.055685
27.982000000000003,ekf,-3.628650,8.675308,1.711466,0.019846,0.060877,0.099846
28.016000000000002,ekf,-3.632980,8.705822,1.711806,0.020394,0.063292,0.101411
28.016000000000002,ekf,-3.631715,8.707829,1.690084,0.019561,0.057116,0.068987
28.05,ekf,-3.634942,8.734727,1.689927,0.019825,0.059415,0.070980
28.05,ekf,-3.634648,8.740737,1.683391,0.019218,0.048555,0.057768
28.084000000000003,ekf,-3.638101,8.771285,1.683325,0.019533,0.051568,0.060381
28.118000000000002,ekf,-3.638344,8.815455,1.667822,0.020250,0.059143,0.089769
28.118000000000002,ekf,-3.637692,8.818834,1.678848,0.019475,0.060078,0.081842
28.152,ekf,-3.640957,8.848983,1.678522,0.020081,0.062489,0.083713
28.152,ekf,-3.640884,8.850214,1.677920,0.019326,0.055081,0.069655
28.186000000000003,ekf,-3.643400,8.873639,1.677685,0.019751,0.057132,0.071359
28.186000000000003,ekf,-3.643400,8.873639,1.677685,0.019751,0.057132,0.071359
28.220000000000002,ekf,-3.645664,8.894781,1.677426,0.019490,0.053641,0.063740
28.254,ekf,-3.647882,8.915519,1.677578,0.019916,0.055521,0.065399
28.254,ekf,-3.648114,8.915982,1.679999,0.019202,0.046560,0.051553
28.288,ekf,-3.642859,8.878711,1.687196,0.019122,0.051464,0.064226
28.322000000000003,ekf,-3.644739,8.894781,1.687296,0.019294,0.052978,0.065489
28.322000000000003,ekf,-3.645590,8.903249,1.687564,0.018768,0.049643,0.057495
28.356,ekf,-3.647096,8.916099,1.687371,0.018883,0.050910,0.058643
28.356,ekf,-3.647537,8.919739,1.687002,0.018612,0.049599,0.055028
28.39,ekf,-3.649510,8.936622,1.687236,0.018768,0.051260,0.056593
28.424000000000003,ekf,-3.650946,8.948836,1.688241,0.018911,0.052445,0.057843
28.424000000000003,ekf,-3.650813,8.956193,1.682328,0.018470,0.048699,0.052249
28.458000000000002,ekf,-3.652152,8.968196,1.681690,0.018591,0.049919,0.053511
28.458000000000002,ekf,-3.651767,8.971891,1.678482,0.018328,0.048890,0.048086
28.492,ekf,-3.653337,8.986413,1.678666,0.018486,0.050341,0.049619
28.526000000000003,ekf,-3.654585,8.997886,1.679383,0.018630,0.051470,0.050909
28.526000000000003,ekf,-3.654924,9.004132,1.679252,0.018047,0.046612,0.046608
28.560000000000002,ekf,-3.655841,8.993155,1.706045,0.018169,0.055650,0.102415
28.560000000000002,ekf,-3.655825,8.994619,1.701695,0.018162,0.062360,0.127577
28.594,ekf,-3.657373,9.006369,1.701803,0.018267,0.063285,0.128049
28.628,ekf,-3.658716,9.016549,1.702101,0.018457,0.064079,0.128472
28.628,ekf,-3.659125,9.029184,1.687678,0.017857,0.058599,0.069839
28.662000000000003,ekf,-3.660171,9.038094,1.687740,0.017903,0.059340,0.070487
28.662000000000003,ekf,-3.659938,9.044343,1.685278,0.017659,0.055203,0.063348
28.696,ekf,-3.660941,9.053059,1.685605,0.017715,0.055979,0.064088
28.696,ekf,-3.660941,9.053059,1.685605,0.017715,0.055979,0.064088
28.73,ekf,-3.661902,9.062828,1.684114,0.017549,0.056550,0.055279
28.73,ekf,-3.661902,9.062828,1.684114,0.017549,0.056550,0.055279
28.764000000000003,ekf,-3.662274,9.073768,1.665670,0.017535,0.056839,0.045697
28.798000000000002,ekf,-3.662907,9.080413,1.665765,0.017588,0.057412,0.046442
28.798000000000002,ekf,-3.662907,9.080413,1.665765,0.017588,0.057412,0.046442
28.832,ekf,-3.664094,9.093319,1.667362,0.017416,0.055557,0.046277
28.866000000000003,ekf,-3.662905,9.083809,1.728886,0.017463,0.057479,0.058889
28.866000000000003,ekf,-3.663073,9.083874,1.728884,0.017242,0.057532,0.059386
28.900000000000002,ekf,-3.664167,9.089451,1.815889,0.017511,0.059420,0.072964
28.900000000000002,ekf,-3.664834,9.102651,1.767685,0.017201,0.057834,0.060740
28.934,ekf,-3.667972,9.114023,1.893885,0.018004,0.060691,0.079570
28.934,ekf,-3.667972,9.114023,1.893885,0.018004,0.060691,0.079570
28.968000000000004,ekf,-3.668660,9.119108,1.934658,0.018251,0.053042,0.074297
29.002000000000002,ekf,-3.662232,9.102170,2.000963,0.019296,0.055646,0.084107
29.002000000000002,ekf,-3.662483,9.107917,1.986067,0.019758,0.055399,0.091477
29.036,ekf,-3.663979,9.110969,2.060956,0.020639,0.056711,0.099498
29.036,ekf,-3.663979,9.110969,2.060956,0.020639,0.056711,0.099498
29.07,ekf,-3.666944,9.120659,2.104689,0.022220,0.058716,0.099920
29.104000000000003,ekf,-3.667299,9.121204,2.160303,0.022995,0.059414,0.105370
29.138,ekf,-3.648995,9.092936,2.200792,0.025989,0.062322,0.113335
29.138,ekf,-3.650652,9.100780,2.180563,0.024899,0.060065,0.067685
29.172,ekf,-3.651450,9.101888,2.257262,0.026020,0.060963,0.078287
29.172,ekf,-3.655488,9.115888,2.234121,0.025447,0.058795,0.067116
29.206000000000003,ekf,-3.672622,9.138622,2.290668,0.028730,0.060996,0.081359
29.240000000000002,ekf,-3.674930,9.141119,2.335416,0.029725,0.061503,0.086881
29.240000000000002,ekf,-3.676136,9.145726,2.327501,0.030771,0.060876,0.077852
29.240000000000002,ekf,-3.676136,9.145726,2.327501,0.030771,0.060876,0.077852
29.274,ekf,-3.679098,9.151954,2.387916,0.031109,0.059266,0.066281
29.308000000000003,ekf,-3.662069,9.134569,2.429380,0.034750,0.061487,0.084545
29.308000000000003,ekf,-3.669121,9.157119,2.444511,0.033565,0.049571,0.063607
29.342000000000002,ekf,-3.670542,9.158224,2.495940,0.034673,0.050016,0.071361
29.342000000000002,ekf,-3.670542,9.158224,2.495940,0.034673,0.050016,0.071361
29.376,ekf,-3.673574,9.168232,2.532869,0.032696,0.044592,0.051049
29.41,ekf,-3.692011,9.181101,2.542464,0.035179,0.045405,0.055221
29.41,ekf,-3.695104,9.191348,2.582413,0.033876,0.040266,0.026196
29.444000000000003,ekf,-3.696305,9.192068,2.617944,0.034789,0.040540,0.037561
29.444000000000003,ekf,-3.696305,9.192068,2.617944,0.034789,0.040540,0.037561
29.478,ekf,-3.698616,9.197799,2.677577,0.034930,0.037843,0.035635
29.512,ekf,-3.684621,9.190333,2.727174,0.038730,0.038939,0.058853
29.512,ekf,-3.686631,9.194743,2.729884,0.040134,0.036771,0.059773
29.546000000000003,ekf,-3.687921,9.195289,2.759993,0.040913,0.036915,0.064723
29.546000000000003,ekf,-3.687921,9.195289,2.759993,0.040913,0.036915,0.064723
29.580000000000002,ekf,-3.687273,9.199537,2.783496,0.038707,0.033712,0.028546
29.614,ekf,-3.690475,9.200680,2.814029,0.039785,0.033864,0.038204
29.614,ekf,-3.692351,9.204979,2.812838,0.038851,0.032038,0.036176
29.648000000000003,ekf,-3.694642,9.205599,2.847645,0.041322,0.032260,0.056748
29.648000000000003,ekf,-3.694642,9.205599,2.847645,0.041322,0.032260,0.056748
29.682000000000002,ekf,-3.702372,9.211935,2.861548,0.041594,0.030466,0.025394
29.716,ekf,-3.710109,9.213968,2.898171,0.043287,0.030621,0.038175
29.716,ekf,-3.711721,9.215751,2.878196,0.042507,0.030053,0.022938
29.750000000000004,ekf,-3.759417,9.224483,2.989168,0.049932,0.030451,0.056837
29.750000000000004,ekf,-3.759913,9.228088,2.915744,0.048056,0.028432,0.026040
29.784000000000002,ekf,-3.793263,9.234674,2.981497,0.052602,0.028701,0.048302
29.818,ekf,-3.816157,9.237045,3.037699,0.055769,0.028789,0.060959
29.818,ekf,-3.813551,9.239868,2.983664,0.054424,0.026942,0.034732
29.852,ekf,-3.847263,9.244257,3.034495,0.058298,0.027058,0.050625
29.852,ekf,-3.846911,9.245063,3.017318,0.057934,0.025695,0.037802
29.886000000000003,ekf,-3.880715,9.248692,3.052524,0.061360,0.025719,0.049730
29.92,ekf,-3.891300,9.242498,-3.141416,0.074578,0.035773,0.159853
29.92,ekf,-3.879206,9.245812,3.105071,0.082937,0.039963,0.151620
29.954,ekf,-3.912731,9.246338,-3.138898,0.085397,0.040351,0.155268
29.954,ekf,-3.905776,9.249205,3.076928,0.080869,0.033473,0.035261
29.988000000000003,ekf,-3.935987,9.250727,3.105347,0.083066,0.033580,0.045980
29.988000000000003,ekf,-3.935987,9.250727,3.105347,0.083066,0.033580,0.045980
30.022000000000002,ekf,-3.959162,9.253492,3.122832,0.082752,0.031481,0.034700
30.056,ekf,-4.017653,9.255816,-3.138353,0.086967,0.031810,0.055386
30.056,ekf,-3.994036,9.258607,3.141144,0.081688,0.027616,0.048162
30.090000000000003,ekf,-4.022233,9.258374,-3.124903,0.083600,0.027684,0.054262
30.090000000000003,ekf,-4.022233,9.258374,-3.124903,0.083600,0.027684,0.054262
30.124000000000002,ekf,-3.965135,9.264950,-3.108458,0.067918,0.026293,0.039503
30.158,ekf,-3.999114,9.263749,-3.102385,0.070453,0.026398,0.044966
30.158,ekf,-3.992186,9.264851,-3.110754,0.067908,0.025188,0.020785
30.192,ekf,-4.009194,9.267915,3.141456,0.074373,0.025813,0.091374
30.192,ekf,-4.009194,9.267915,3.141456,0.074373,0.025813,0.091374
30.226000000000003,ekf,-4.039259,9.266800,-3.090148,0.074572,0.025116,0.034051
30.26,ekf,-4.073214,9.265045,-3.088502,0.076820,0.025265,0.039146
30.26,ekf,-4.052752,9.265555,-3.094604,0.068795,0.024315,0.026604
30.294,ekf,-4.060231,9.263045,-3.081573,0.075981,0.026646,0.107701
30.328000000000003,ekf,-4.094170,9.261009,-3.081588,0.078169,0.027062,0.109285
30.328000000000003,ekf,-4.094170,9.261009,-3.081588,0.076179,0.025247,0.024475
30.362000000000002,ekf,-4.128109,9.258972,-3.081741,0.078363,0.025358,0.030693
30.362000000000002,ekf,-4.128109,9.258972,-3.081741,0.073376,0.024358,0.020433
30.396,ekf,-4.144184,9.258608,-3.096752,0.075254,0.024401,0.042028
30.396,ekf,-4.144184,9.258608,-3.096752,0.075254,0.024401,0.042028
30.430000000000003,ekf,-4.175360,9.256939,-3.088907,0.074771,0.023512,0.028087
30.464000000000002,ekf,-4.207104,9.255272,-3.089340,0.076852,0.023649,0.033398
30.464000000000002,ekf,-4.207896,9.254875,-3.082638,0.073149,0.022346,0.020373
30.498,ekf,-4.237725,9.253118,-3.082785,0.075146,0.022441,0.026773
30.498,ekf,-4.237725,9.253118,-3.082785,0.075146,0.022441,0.026773
30.532000000000004,ekf,-4.249941,9.249447,-3.016107,0.080207,0.024802,0.091854
30.532000000000004,ekf,-4.249941,9.249447,-3.016107,0.080207,0.024802,0.091854
30.566000000000003,ekf,-4.281263,9.247982,-3.082351,0.079983,0.023767,0.034482
30.6,ekf,-4.305914,9.246524,-3.082585,0.081495,0.023904,0.037956
30.6,ekf,-4.293308,9.248114,-3.080476,0.067723,0.022499,0.026940
30.634,ekf,-4.320241,9.246480,-3.081275,0.069679,0.022603,0.031805
30.634,ekf,-4.320241,9.246480,-3.081275,0.069679,0.022603,0.031805
30.668000000000003,ekf,-4.345850,9.244134,-3.074503,0.070051,0.022281,0.049706
30.702,ekf,-4.368747,9.242598,-3.074768,0.071658,0.022455,0.052014
30.702,ekf,-4.368842,9.242619,-3.075050,0.066780,0.021346,0.030498
30.736,ekf,-4.389774,9.241226,-3.075141,0.068323,0.021483,0.033790
30.770000000000003,ekf,-4.411736,9.239768,-3.075421,0.069908,0.021652,0.036979
30.770000000000003,ekf,-4.411793,9.239784,-3.075625,0.068647,0.020675,0.018596
30.804000000000002,ekf,-4.429546,9.238610,-3.075682,0.069925,0.020744,0.022976
30.804000000000002,ekf,-4.431522,9.239233,-3.079709,0.064244,0.019835,0.017748
30.838,ekf,-4.396400,9.242932,-3.099586,0.068474,0.019959,0.052802
30.838,ekf,-4.396400,9.242932,-3.099586,0.068474,0.019959,0.052802
30.872000000000003,ekf,-4.419320,9.242530,-3.088618,0.060380,0.019355,0.021059
30.906000000000002,ekf,-4.435660,9.241662,-3.088493,0.061715,0.019396,0.024691
30.906000000000002,ekf,-4.441106,9.241939,-3.086296,0.054829,0.018950,0.019707
30.94,ekf,-4.454871,9.241176,-3.086213,0.056067,0.018991,0.022975
30.94,ekf,-4.454871,9.241176,-3.086213,0.056067,0.018991,0.022975
30.974,ekf,-4.474008,9.239909,-3.086636,0.051484,0.018451,0.017586
31.008000000000003,ekf,-4.487584,9.239161,-3.086518,0.052784,0.018485,0.021157
31.008000000000003,ekf,-4.490212,9.238962,-3.086590,0.049576,0.017985,0.014721
31.042,ekf,-4.500187,9.238411,-3.086394,0.050573,0.018008,0.017904
31.042,ekf,-4.500187,9.238411,-3.086394,0.050573,0.018008,0.017904
31.076,ekf,-4.516343,9.237643,-3.091942,0.050137,0.017883,0.013791
31.110000000000003,ekf,-4.548547,9.236272,-3.101301,0.053420,0.017950,0.026452
31.110000000000003,ekf,-4.550058,9.235715,-3.092376,0.050587,0.017447,0.018762
31.144000000000002,ekf,-4.559079,9.235270,-3.092106,0.051474,0.017465,0.021160
31.144000000000002,ekf,-4.559079,9.235270,-3.092106,0.051474,0.017465,0.021160
31.178,ekf,-4.567443,9.234685,-3.085979,0.050646,0.017046,0.015283
31.212000000000003,ekf,-4.576524,9.234178,-3.085709,0.051537,0.017065,0.018164
31.212000000000003,ekf,-4.577468,9.234588,-3.085463,0.050703,0.016653,0.015959
31.246000000000002,ekf,-4.585269,9.234149,-3.085219,0.051469,0.016668,0.018377
31.246000000000002,ekf,-4.585269,9.234149,-3.085219,0.051469,0.016668,0.018377
31.28,ekf,-4.595544,9.234061,-3.084157,0.050596,0.016356,0.014719
31.314000000000004,ekf,-4.601452,9.233720,-3.083717,0.051183,0.016373,0.016871
31.314000000000004,ekf,-4.600345,9.234177,-3.084361,0.049263,0.016081,0.014667
31.348000000000003,ekf,-4.607029,9.233793,-3.084124,0.049939,0.016098,0.016935
31.348000000000003,ekf,-4.607029,9.233793,-3.084124,0.049939,0.016098,0.016935
31.382,ekf,-4.614032,9.233535,-3.081390,0.049809,0.015773,0.015967
31.416,ekf,-4.619301,9.233217,-3.081268,0.050336,0.015788,0.017611
31.416,ekf,-4.619301,9.233217,-3.081268,0.049273,0.015499,0.014842
31.450000000000003,ekf,-4.624715,9.232889,-3.081121,0.049820,0.015516,0.016657
31.450000000000003,ekf,-4.624715,9.232889,-3.081121,0.047760,0.015187,0.013486
31.484,ekf,-4.629019,9.232629,-3.081030,0.048209,0.015200,0.015061
31.518,ekf,-4.632938,9.232391,-3.080990,0.048613,0.015212,0.016337
31.518,ekf,-4.632938,9.232391,-3.080990,0.047295,0.014971,0.012908
31.552000000000003,ekf,-4.637311,9.232126,-3.080934,0.047754,0.014984,0.014545
31.552000000000003,ekf,-4.636949,9.232038,-3.081633,0.045424,0.014772,0.012592
31.586000000000002,ekf,-4.640972,9.231796,-3.081524,0.045866,0.014784,0.014178
31.62,ekf,-4.644658,9.231575,-3.081466,0.046266,0.014795,0.015463
31.62,ekf,-4.645680,9.231757,-3.084378,0.044525,0.014631,0.012927
31.654000000000003,ekf,-4.648941,9.231570,-3.084319,0.044890,0.014640,0.014176
31.654000000000003,ekf,-4.647879,9.231607,-3.084591,0.042384,0.014460,0.012129
31.688000000000002,ekf,-4.651285,9.231413,-3.084539,0.042784,0.014469,0.013500
31.722,ekf,-4.654163,9.231248,-3.084498,0.043119,0.014477,0.014557
31.722,ekf,-4.653912,9.231401,-3.084497,0.041855,0.014333,0.012691
31.756,ekf,-4.637002,9.230395,-3.068691,0.049155,0.014412,0.072849
31.756,ekf,-4.640767,9.230414,-3.074838,0.053219,0.014215,0.074665
31.790000000000003,ekf,-4.643473,9.230233,-3.074804,0.053472,0.014223,0.074851
31.790000000000003,ekf,-4.643473,9.230233,-3.074804,0.053472,0.014223,0.074851
31.824,ekf,-4.645901,9.230118,-3.082719,0.049335,0.013965,0.022694
31.858,ekf,-4.648035,9.229992,-3.082702,0.049550,0.013970,0.023167
31.858,ekf,-4.648035,9.229992,-3.082702,0.045462,0.013731,0.019011
31.892000000000003,ekf,-4.650152,9.229867,-3.082676,0.045694,0.013736,0.019574
31.892000000000003,ekf,-4.650152,9.229867,-3.082676,0.045694,0.013736,0.019574
31.926000000000002,ekf,-4.651925,9.229762,-3.082656,0.042877,0.013561,0.017656
31.96,ekf,-4.653633,9.229661,-3.082640,0.043076,0.013565,0.018143
31.96,ekf,-4.653633,9.229661,-3.082640,0.040908,0.013414,0.016528
31.994000000000003,ekf,-4.655215,9.229568,-3.082617,0.041100,0.013417,0.017014
31.994000000000003,ekf,-4.655215,9.229568,-3.082617,0.041100,0.013417,0.017014
32.028,ekf,-4.656910,9.229468,-3.082596,0.038855,0.013278,0.015669
32.028,ekf,-4.656910,9.229468,-3.082596,0.038855,0.013278,0.015669
32.062000000000005,ekf,-4.658267,9.229388,-3.082582,0.037408,0.013121,0.014639
32.096000000000004,ekf,-4.659491,9.229316,-3.082572,0.037571,0.013124,0.015058
32.096000000000004,ekf,-4.659491,9.229316,-3.082572,0.037571,0.013124,0.015058
32.13,ekf,-4.661042,9.229716,-3.090136,0.036314,0.013012,0.011607
32.164,ekf,-4.662196,9.229657,-3.090122,0.036473,0.013014,0.012107
32.164,ekf,-4.662851,9.229695,-3.089195,0.035918,0.012878,0.011076
32.198,ekf,-4.663844,9.229643,-3.089185,0.036055,0.012880,0.011525
32.198,ekf,-4.663844,9.229643,-3.089185,0.036055,0.012880,0.011525
32.232,ekf,-4.665559,9.229690,-3.088296,0.035146,0.012708,0.011415
32.266000000000005,ekf,-4.666385,9.229646,-3.088285,0.035263,0.012710,0.011782
32.266000000000005,ekf,-4.667085,9.229755,-3.087022,0.034159,0.012566,0.010859
32.300000000000004,ekf,-4.667819,9.229715,-3.087021,0.034266,0.012568,0.011195
32.334,ekf,-4.668593,9.229673,-3.087012,0.034379,0.012569,0.011545
32.334,ekf,-4.671098,9.230078,-3.083634,0.034003,0.012395,0.009926
32.334,ekf,-4.671098,9.230078,-3.083634,0.034003,0.012395,0.009926
32.368,ekf,-4.671535,9.230115,-3.061160,0.035164,0.012364,0.029847
32.402,ekf,-4.670592,9.230184,-2.969270,0.038184,0.012411,0.055070
32.402,ekf,-4.672070,9.230141,-3.044573,0.042413,0.012267,0.064488
32.436,ekf,-4.690621,9.227421,-2.924550,0.047085,0.012718,0.082138
32.436,ekf,-4.690621,9.227421,-2.924550,0.047085,0.012718,0.082138
32.47,ekf,-4.695680,9.227868,-2.912529,0.048373,0.013145,0.044573
32.504000000000005,ekf,-4.697245,9.227431,-2.823359,0.050202,0.013674,0.061534
32.504000000000005,ekf,-4.694111,9.228085,-2.837088,0.047911,0.013842,0.047026
32.538000000000004,ekf,-4.748049,9.212845,-2.751402,0.055439,0.016332,0.075176
32.538000000000004,ekf,-4.748049,9.212845,-2.751402,0.055439,0.016332,0.075176
32.572,ekf,-4.740153,9.214543,-2.655548,0.054156,0.017696,0.043238
32.606,ekf,-4.774770,9.196912,-2.587184,0.058178,0.021010,0.064993
32.606,ekf,-4.742795,9.204853,-2.576007,0.051934,0.021084,0.062792
32.64,ekf,-4.743678,9.204231,-2.495833,0.053022,0.022391,0.074546
32.64,ekf,-4.743678,9.204231,-2.495833,0.053022,0.022391,0.074546
32.674,ekf,-4.756684,9.190893,-2.426622,0.052563,0.025070,0.054542
32.708000000000006,ekf,-4.757400,9.190196,-2.336476,0.053483,0.026855,0.069194
32.708000000000006,ekf,-4.744728,9.195466,-2.332321,0.049144,0.026050,0.039968
32.742000000000004,ekf,-4.749418,9.190229,-2.185868,0.050728,0.029687,0.067800
32.742000000000004,ekf,-4.749418,9.190229,-2.185868,0.050728,0.029687,0.067800
32.776,ekf,-4.745630,9.193585,-2.180825,0.047523,0.030085,0.036848
32.81,ekf,-4.718120,9.231935,-2.055708,0.050425,0.037550,0.069444
32.81,ekf,-4.707136,9.237895,-2.088519,0.045588,0.037711,0.072539
32.844,ekf,-4.706912,9.238282,-2.029815,0.045994,0.039150,0.081838
32.844,ekf,-4.706912,9.238282,-2.029815,0.045994,0.039150,0.081838
32.878,ekf,-4.689799,9.272754,-1.963587,0.043214,0.040963,0.047797
32.912,ekf,-4.689455,9.273692,-1.900730,0.043404,0.042397,0.059596
32.912,ekf,-4.689726,9.273183,-1.906926,0.039134,0.038198,0.038988
32.946000000000005,ekf,-4.677425,9.310570,-1.859047,0.039901,0.043572,0.053584
32.946000000000005,ekf,-4.677425,9.310570,-1.859047,0.039901,0.043572,0.053584
32.980000000000004,ekf,-4.680792,9.305639,-1.817653,0.037550,0.041403,0.043122
33.014,ekf,-4.677423,9.318990,-1.774226,0.037776,0.043889,0.053668
33.014,ekf,-4.681105,9.313385,-1.799674,0.036104,0.042867,0.044211
33.048,ekf,-4.680839,9.314759,-1.742773,0.036173,0.044279,0.055737
33.048,ekf,-4.680839,9.314759,-1.742773,0.036173,0.044279,0.055737
33.082,ekf,-4.674043,9.370576,-1.722306,0.035300,0.049184,0.043783
33.116,ekf,-4.673582,9.373945,-1.681461,0.035351,0.050324,0.052610
33.116,ekf,-4.678919,9.362495,-1.684321,0.033719,0.047880,0.034646
33.15,ekf,-4.678611,9.365881,-1.638996,0.033752,0.049153,0.046269
33.15,ekf,-4.686311,9.346263,-1.649651,0.031866,0.043802,0.021229
33.184000000000005,ekf,-4.684999,9.358827,-1.597120,0.031958,0.047403,0.051349
33.218,ekf,-4.684970,9.362227,-1.558679,0.031969,0.048558,0.058648
33.218,ekf,-4.690393,9.347068,-1.576338,0.030415,0.044042,0.033721
33.252,ekf,-4.690431,9.348667,-1.536188,0.030423,0.045121,0.044228
33.252,ekf,-4.696902,9.325987,-1.542913,0.028912,0.040280,0.027030
33.286,ekf,-4.697060,9.334474,-1.506516,0.028937,0.042631,0.043777
33.32,ekf,-4.697314,9.337865,-1.477410,0.028957,0.043693,0.050325
33.32,ekf,-4.699220,9.332363,-1.486486,0.027813,0.041835,0.028898
33.354,ekf,-4.699556,9.335746,-1.454999,0.027843,0.042968,0.038715
33.354,ekf,-4.701168,9.330958,-1.469523,0.026303,0.041249,0.032365
33.388000000000005,ekf,-4.701562,9.334335,-1.437524,0.026341,0.042405,0.041490
33.422000000000004,ekf,-4.702658,9.346475,-1.422130,0.026443,0.046055,0.062274
33.422000000000004,ekf,-4.703949,9.336173,-1.428357,0.026007,0.044778,0.049378
33.456,ekf,-4.704066,9.336964,-1.407790,0.026030,0.045312,0.053456
33.456,ekf,-4.705375,9.328833,-1.402691,0.025569,0.043111,0.032958
33.49,ekf,-4.705985,9.332178,-1.378617,0.025628,0.044026,0.040022
33.524,ekf,-4.706678,9.335507,-1.353825,0.025704,0.044930,0.046169
33.524,ekf,-4.707352,9.320141,-1.356559,0.024812,0.041086,0.029865
33.558,ekf,-4.706721,9.317516,-1.331952,0.024889,0.041952,0.037564
33.558,ekf,-4.708252,9.311508,-1.341411,0.024355,0.039060,0.020302
33.592,ekf,-4.704599,9.295565,-1.302863,0.024579,0.042066,0.038884
33.592,ekf,-4.704599,9.295565,-1.302863,0.024579,0.042066,0.038884
33.626000000000005,ekf,-4.695980,9.262003,-1.270185,0.024637,0.045034,0.042151
33.660000000000004,ekf,-4.689760,9.240909,-1.216452,0.025252,0.048780,0.060209
33.660000000000004,ekf,-4.691828,9.243287,-1.255875,0.025065,0.047405,0.057302
33.694,ekf,-4.680548,9.211215,-1.211134,0.026052,0.051256,0.067219
33.728,ekf,-4.667767,9.179713,-1.159926,0.027449,0.054826,0.076697
33.728,ekf,-4.673548,9.191392,-1.198588,0.026130,0.048441,0.037793
33.728,ekf,-4.673548,9.191392,-1.198588,0.026130,0.048441,0.037793
33.762,ekf,-4.676682,9.201675,-1.192455,0.045076,0.080865,0.189229
33.796,ekf,-4.663927,9.170411,-1.173156,0.045918,0.082848,0.191132
33.796,ekf,-4.663927,9.170411,-1.173156,0.045918,0.082848,0.191132
33.830000000000005,ekf,-4.653888,9.150390,-1.140487,0.039820,0.066713,0.038919
33.864000000000004,ekf,-4.640246,9.121237,-1.124577,0.040438,0.068775,0.046419
33.864000000000004,ekf,-4.644878,9.133164,-1.119946,0.036089,0.060378,0.034278
33.898,ekf,-4.626934,9.079488,-1.137575,0.037387,0.067608,0.080735
33.898,ekf,-4.626934,9.079488,-1.137575,0.037387,0.067608,0.080735
33.932,ekf,-4.617943,9.074501,-1.085731,0.036541,0.055541,0.030259
33.966,ekf,-4.604140,9.048498,-1.077587,0.037409,0.057637,0.037052
33.966,ekf,-4.609505,9.058815,-1.076044,0.035552,0.050467,0.027413
34.0,ekf,-4.596767,9.035300,-1.071400,0.036365,0.052489,0.033343
34.0,ekf,-4.600639,9.044471,-1.067666,0.035258,0.044612,0.018972
34.034,ekf,-4.575099,9.006008,-1.088696,0.038664,0.050647,0.067555
34.068000000000005,ekf,-4.561808,8.979426,-1.134630,0.039697,0.053622,0.076023
34.068000000000005,ekf,-4.571811,8.992557,-1.087795,0.036465,0.047147,0.033629
34.102000000000004,ekf,-4.556291,8.962306,-1.105849,0.037477,0.050184,0.042802
34.102000000000004,ekf,-4.560406,8.971896,-1.094802,0.036128,0.043886,0.026553
34.136,ekf,-4.544966,8.941604,-1.102103,0.037037,0.046991,0.034512
34.136,ekf,-4.544966,8.941604,-1.102103,0.037037,0.046991,0.034512
34.17,ekf,-4.523467,8.907322,-1.100082,0.039852,0.050863,0.068956
34.204,ekf,-4.508096,8.876995,-1.102015,0.040762,0.053498,0.071649
34.238,ekf,-4.492808,8.846626,-1.104094,0.041760,0.056048,0.074354
34.238,ekf,-4.504793,8.857981,-1.116319,0.038335,0.050446,0.030230
34.238,ekf,-4.504793,8.857981,-1.116319,0.038335,0.050446,0.030230
34.272000000000006,ekf,-4.485982,8.811398,-1.119314,0.037471,0.051179,0.038760
34.306000000000004,ekf,-4.471276,8.781106,-1.118410,0.038310,0.053795,0.043094
34.34,ekf,-4.457372,8.752526,-1.117506,0.039128,0.056158,0.046830
34.34,ekf,-4.465177,8.763059,-1.121956,0.036460,0.050083,0.031419
34.34,ekf,-4.465177,8.763059,-1.121956,0.036460,0.050083,0.031419
34.374,ekf,-4.456408,8.741071,-1.122279,0.035413,0.047141,0.030605
34.408,ekf,-4.461238,8.749912,-1.108422,0.036307,0.049373,0.053110
34.408,ekf,-4.464188,8.752307,-1.120235,0.034143,0.043880,0.048301
34.442,ekf,-4.451032,8.725134,-1.119613,0.034976,0.046566,0.051452
34.442,ekf,-4.451032,8.725134,-1.119613,0.034976,0.046566,0.051452
34.476,ekf,-4.441879,8.700693,-1.130730,0.033057,0.043233,0.027442
34.510000000000005,ekf,-4.428187,8.671622,-1.130566,0.033898,0.046173,0.032828
34.510000000000005,ekf,-4.429640,8.673806,-1.128082,0.032171,0.041619,0.022064
34.544000000000004,ekf,-4.413480,8.639265,-1.120692,0.033247,0.045555,0.034950
34.544000000000004,ekf,-4.413480,8.639265,-1.120692,0.033247,0.045555,0.034950
34.578,ekf,-4.402900,8.615242,-1.122443,0.031211,0.042956,0.022343
34.612,ekf,-4.391025,8.590545,-1.122955,0.031988,0.045488,0.027991
34.612,ekf,-4.392116,8.590680,-1.122442,0.029827,0.040401,0.018141
34.646,ekf,-4.382352,8.570271,-1.139111,0.030607,0.042933,0.029812
34.646,ekf,-4.382352,8.570271,-1.139111,0.030607,0.042933,0.029812
34.68,ekf,-4.377828,8.556206,-1.264958,0.030178,0.046784,0.056798
34.714,ekf,-4.368557,8.523498,-1.318873,0.030781,0.051029,0.068149
34.714,ekf,-4.362791,8.522977,-1.209424,0.029283,0.045427,0.034543
34.748000000000005,ekf,-4.361399,8.513897,-1.259959,0.029587,0.053601,0.092995
34.748000000000005,ekf,-4.361399,8.513897,-1.259959,0.029587,0.053601,0.092995
34.782000000000004,ekf,-4.350707,8.482390,-1.254476,0.028148,0.048904,0.041918
34.816,ekf,-4.340666,8.449907,-1.286882,0.028876,0.052504,0.052395
34.816,ekf,-4.342356,8.455178,-1.285895,0.027325,0.046500,0.032417
34.85,ekf,-4.323815,8.400549,-1.269576,0.028667,0.052962,0.054711
34.85,ekf,-4.328895,8.408576,-1.300028,0.027071,0.047992,0.026335
34.884,ekf,-4.320042,8.375749,-1.317493,0.027474,0.051526,0.037186
34.884,ekf,-4.320042,8.375749,-1.317493,0.027474,0.051526,0.037186
34.918,ekf,-4.314849,8.349260,-1.338710,0.025937,0.050341,0.029977
34.952000000000005,ekf,-4.298708,8.294905,-1.315433,0.027091,0.056802,0.057121
34.952000000000005,ekf,-4.303401,8.305285,-1.338497,0.025685,0.052302,0.049997
34.986000000000004,ekf,-4.296052,8.274057,-1.342520,0.026093,0.055206,0.053860
34.986000000000004,ekf,-4.296052,8.274057,-1.342520,0.026093,0.055206,0.053860
35.02,ekf,-4.291187,8.245859,-1.359500,0.023960,0.049947,0.022797
35.054,ekf,-4.285157,8.217585,-1.361081,0.024221,0.052674,0.028990
35.054,ekf,-4.286930,8.226334,-1.362112,0.023480,0.049212,0.023543
35.088,ekf,-4.291177,8.237460,-1.454748,0.025882,0.056851,0.093612
35.088,ekf,-4.291177,8.237460,-1.454748,0.025882,0.056851,0.093612
35.122,ekf,-4.285854,8.208461,-1.382244,0.024829,0.055259,0.030063
35.156,ekf,-4.280940,8.182660,-1.383070,0.024993,0.057520,0.034394
35.156,ekf,-4.278826,8.172938,-1.381134,0.023817,0.052241,0.027065
35.190000000000005,ekf,-4.273263,8.143878,-1.382158,0.024139,0.054892,0.032386
35.224000000000004,ekf,-4.261205,8.093168,-1.385937,0.025223,0.060634,0.058634
35.224000000000004,ekf,-4.259910,8.091400,-1.371514,0.023773,0.055440,0.051079
35.258,ekf,-4.255824,8.071137,-1.374516,0.024013,0.057251,0.053627
35.258,ekf,-4.255808,8.071611,-1.370671,0.023378,0.053416,0.041414
35.292,ekf,-4.249662,8.038172,-1.396315,0.023841,0.056830,0.050676
35.326,ekf,-4.243912,8.004661,-1.405822,0.024361,0.059804,0.055661
35.326,ekf,-4.241082,8.000336,-1.385644,0.022889,0.054098,0.026099
35.36,ekf,-4.238954,7.930672,-1.463273,0.023351,0.063920,0.077528
35.36,ekf,-4.241260,7.956825,-1.425329,0.022012,0.057907,0.064165
35.394000000000005,ekf,-4.236401,7.923174,-1.428222,0.022325,0.060765,0.067194
35.394000000000005,ekf,-4.236401,7.923174,-1.428222,0.022325,0.060765,0.067194
35.428000000000004,ekf,-4.231362,7.895865,-1.413418,0.021595,0.060265,0.030835
35.428000000000004,ekf,-4.231362,7.895865,-1.413418,0.021595,0.060265,0.030835
35.462,ekf,-4.223203,7.855415,-1.412297,0.021476,0.060092,0.048821
35.496,ekf,-4.218235,7.824339,-1.412267,0.021782,0.062583,0.051950
35.53,ekf,-4.212882,7.790763,-1.412812,0.022239,0.065176,0.055224
35.53,ekf,-4.216032,7.809937,-1.415123,0.021041,0.057823,0.029467
35.564,ekf,-4.211313,7.779823,-1.415548,0.021257,0.060345,0.034375
35.564,ekf,-4.211437,7.784378,-1.415184,0.020663,0.056880,0.023057
35.598,ekf,-4.206542,7.723521,-1.416663,0.021113,0.064318,0.064238
35.598,ekf,-4.206542,7.723521,-1.416663,0.021113,0.064318,0.064238
35.632000000000005,ekf,-4.203336,7.704515,-1.419779,0.020680,0.060927,0.040665
35.632000000000005,ekf,-4.203336,7.704515,-1.419779,0.020680,0.060927,0.040665
35.666000000000004,ekf,-4.201713,7.702808,-1.409477,0.020282,0.053622,0.028882
35.7,ekf,-4.197328,7.675851,-1.409623,0.020557,0.056037,0.033319
35.7,ekf,-4.198184,7.681094,-1.412292,0.020167,0.052398,0.026428
35.734,ekf,-4.196801,7.670430,-1.430838,0.020268,0.054137,0.040209
35.768,ekf,-4.193701,7.648397,-1.431248,0.020452,0.056120,0.042982
35.768,ekf,-4.193008,7.649575,-1.419435,0.019900,0.050516,0.025479
35.802,ekf,-4.189819,7.628620,-1.419964,0.020025,0.052537,0.029525
35.836000000000006,ekf,-4.185268,7.596580,-1.437519,0.020252,0.055785,0.039325
35.836000000000006,ekf,-4.184638,7.596430,-1.434516,0.019832,0.050921,0.033044
35.836000000000006,ekf,-4.184638,7.596430,-1.434516,0.019832,0.050921,0.033044
35.870000000000005,ekf,-4.173758,7.550172,-1.426881,0.021028,0.057442,0.072768
35.904,ekf,-4.168855,7.516527,-1.426123,0.021544,0.060288,0.075176
35.904,ekf,-4.170054,7.522784,-1.429304,0.020552,0.053404,0.028582
35.938,ekf,-4.165263,7.489123,-1.428525,0.020835,0.056441,0.034314
35.972,ekf,-4.163475,7.461710,-1.464094,0.021056,0.060785,0.061852
35.972,ekf,-4.163568,7.464109,-1.457948,0.020527,0.057463,0.063307
36.006,ekf,-4.159703,7.430361,-1.455433,0.020949,0.060330,0.066315
36.006,ekf,-4.158456,7.428994,-1.436118,0.020420,0.055760,0.029611
36.04,ekf,-4.154053,7.396416,-1.436068,0.020735,0.058565,0.034930
36.04,ekf,-4.154053,7.396416,-1.436068,0.020735,0.058565,0.034930
36.074000000000005,ekf,-4.150240,7.370304,-1.433602,0.020175,0.054569,0.029344
36.108000000000004,ekf,-4.141354,7.312392,-1.432740,0.020853,0.060034,0.045082
36.108000000000004,ekf,-4.141200,7.313922,-1.426516,0.019849,0.053720,0.031605
36.142,ekf,-4.136747,7.283307,-1.426103,0.020052,0.056474,0.036284
36.142,ekf,-4.136747,7.283307,-1.426103,0.020052,0.056474,0.036284
36.176,ekf,-4.133641,7.261287,-1.431811,0.019556,0.051982,0.023581
36.21,ekf,-4.129196,7.229552,-1.431460,0.019722,0.054939,0.029724
36.21,ekf,-4.128266,7.224865,-1.425849,0.019232,0.049174,0.021290
36.244,ekf,-4.116356,7.183688,-1.389222,0.021101,0.057027,0.074921
36.244,ekf,-4.116356,7.183688,-1.389222,0.021101,0.057027,0.074921
36.278000000000006,ekf,-4.114325,7.160974,-1.424161,0.020724,0.055241,0.028560
36.312000000000005,ekf,-4.110231,7.133270,-1.424062,0.020904,0.057674,0.033132
36.312000000000005,ekf,-4.113398,7.151562,-1.424684,0.020108,0.047705,0.020031
36.346000000000004,ekf,-4.109731,7.125875,-1.434168,0.020285,0.050476,0.029162
36.346000000000004,ekf,-4.109731,7.125875,-1.434168,0.020285,0.050476,0.029162
36.38,ekf,-4.105213,7.103722,-1.398754,0.020368,0.051883,0.046425
36.414,ekf,-4.099410,7.070221,-1.399381,0.020672,0.054989,0.050078
36.414,ekf,-4.101173,7.071983,-1.430863,0.020224,0.051316,0.021254
36.448,ekf,-4.096440,7.038314,-1.431242,0.020378,0.054479,0.028272
36.448,ekf,-4.096440,7.038314,-1.431242,0.020378,0.054479,0.028272
36.482,ekf,-4.097331,7.032100,-1.424286,0.019678,0.052947,0.067297
36.516000000000005,ekf,-4.092370,6.998464,-1.424288,0.020055,0.056001,0.069804
36.516000000000005,ekf,-4.092568,6.996591,-1.435503,0.019484,0.050773,0.030756
36.550000000000004,ekf,-4.087983,6.962901,-1.435362,0.019664,0.053975,0.035909
36.550000000000004,ekf,-4.088010,6.962733,-1.435803,0.019324,0.049480,0.013367
36.584,ekf,-4.083703,6.931057,-1.435449,0.019453,0.052566,0.022481
36.618,ekf,-4.074154,6.870538,-1.424511,0.019959,0.058506,0.041771
36.618,ekf,-4.074610,6.870838,-1.431114,0.019541,0.054466,0.034907
36.652,ekf,-4.069872,6.837170,-1.430894,0.019763,0.057458,0.039533
36.652,ekf,-4.071434,6.846727,-1.437727,0.019183,0.047549,0.017613
36.686,ekf,-4.067825,6.819788,-1.437521,0.019329,0.050279,0.024210
36.72,ekf,-4.063940,6.790826,-1.437388,0.019509,0.053056,0.029682
36.72,ekf,-4.063940,6.790826,-1.437388,0.019320,0.050387,0.024866
36.754000000000005,ekf,-4.059456,6.762880,-1.417249,0.019594,0.053625,0.039077
36.754000000000005,ekf,-4.059456,6.762880,-1.417249,0.019125,0.047773,0.028432
36.788000000000004,ekf,-4.055616,6.738001,-1.418362,0.019311,0.050295,0.032899
36.822,ekf,-4.051701,6.712489,-1.418812,0.019532,0.052743,0.036735
36.822,ekf,-4.049868,6.696567,-1.422481,0.019099,0.047613,0.024927
36.856,ekf,-4.046603,6.674702,-1.422615,0.019274,0.049823,0.029071
36.856,ekf,-4.047377,6.677518,-1.433370,0.018859,0.044632,0.016625
36.89,ekf,-4.043948,6.652700,-1.433669,0.019012,0.047304,0.023085
36.924,ekf,-4.043389,6.658654,-1.373568,0.019260,0.057715,0.105004
36.924,ekf,-4.042964,6.651645,-1.382253,0.019474,0.063570,0.107421
36.958000000000006,ekf,-4.036611,6.618244,-1.383771,0.020143,0.066074,0.109131
36.958000000000006,ekf,-4.037332,6.587078,-1.439222,0.019592,0.054562,0.018752
36.992000000000004,ekf,-4.032884,6.553370,-1.440138,0.019727,0.057552,0.026646
36.992000000000004,ekf,-4.032884,6.553370,-1.440138,0.019727,0.057552,0.026646
37.026,ekf,-4.024250,6.506250,-1.427211,0.020124,0.058173,0.044880
37.026,ekf,-4.024250,6.506250,-1.427211,0.020124,0.058173,0.044880
37.06,ekf,-4.021405,6.481105,-1.439144,0.020043,0.055372,0.030157
37.094,ekf,-4.017027,6.448131,-1.438334,0.020243,0.058267,0.035472
37.094,ekf,-4.017027,6.448131,-1.438334,0.020243,0.058267,0.035472
37.128,ekf,-4.019201,6.417624,-1.447475,0.019747,0.059731,0.056681
37.162,ekf,-4.015296,6.386209,-1.446729,0.019933,0.062299,0.059533
37.162,ekf,-4.014465,6.376725,-1.444053,0.019574,0.053447,0.018882
37.196000000000005,ekf,-4.010583,6.346358,-1.443297,0.019687,0.056205,0.026034
37.230000000000004,ekf,-4.006298,6.313046,-1.442458,0.019849,0.059081,0.032100
37.230000000000004,ekf,-4.006298,6.313046,-1.442458,0.019669,0.053206,0.025350
37.264,ekf,-3.995120,6.248902,-1.441888,0.020516,0.060256,0.055229
37.264,ekf,-3.997783,6.280787,-1.431142,0.020367,0.052298,0.051012
37.298,ekf,-3.993715,6.251862,-1.431136,0.020696,0.054943,0.053817
37.298,ekf,-3.993715,6.251862,-1.431136,0.020696,0.054943,0.053817
37.332,ekf,-3.988463,6.211767,-1.432427,0.020325,0.052698,0.024965
37.332,ekf,-3.988463,6.211767,-1.432427,0.020325,0.052698,0.024965
37.366,ekf,-3.990369,6.192883,-1.432181,0.019680,0.052663,0.018941
37.400000000000006,ekf,-3.988942,6.184363,-1.411146,0.019783,0.054063,0.033427
37.400000000000006,ekf,-3.990406,6.177090,-1.428353,0.019329,0.050552,0.018425
37.434000000000005,ekf,-3.986994,6.153115,-1.431432,0.019443,0.052901,0.025362
37.434000000000005,ekf,-3.986994,6.153115,-1.431432,0.019443,0.052901,0.025362
37.468,ekf,-3.983537,6.113543,-1.436618,0.019026,0.050745,0.020528
37.502,ekf,-3.979002,6.079846,-1.437387,0.019191,0.053942,0.027871
37.502,ekf,-3.980464,6.092474,-1.439278,0.018966,0.048459,0.020234
37.536,ekf,-3.973676,6.038758,-1.432775,0.019330,0.053985,0.036253
37.536,ekf,-3.973676,6.038758,-1.432775,0.019330,0.053985,0.036253
37.57,ekf,-3.970938,6.019560,-1.437860,0.019358,0.052319,0.031246
37.604,ekf,-3.966447,5.985858,-1.438842,0.019660,0.055424,0.036551
37.604,ekf,-3.964146,5.971591,-1.434655,0.019106,0.050184,0.016384
37.638000000000005,ekf,-3.951708,5.911860,-1.392927,0.020157,0.057334,0.053016
37.638000000000005,ekf,-3.951708,5.911860,-1.392927,0.020157,0.057334,0.053016
37.672000000000004,ekf,-3.948538,5.877979,-1.429634,0.019812,0.052334,0.025765
37.706,ekf,-3.944040,5.846240,-1.430281,0.020051,0.055258,0.031580
37.706,ekf,-3.946995,5.847564,-1.431207,0.019339,0.050861,0.016639
37.74,ekf,-3.942706,5.816990,-1.431769,0.019477,0.053767,0.024431
37.74,ekf,-3.942706,5.816990,-1.431769,0.019477,0.053767,0.024431
37.774,ekf,-3.941342,5.789607,-1.462802,0.019408,0.054423,0.048545
37.808,ekf,-3.938148,5.760190,-1.462772,0.019688,0.057045,0.051553
37.808,ekf,-3.940458,5.765306,-1.432471,0.018672,0.052471,0.018783
37.842000000000006,ekf,-3.936467,5.736625,-1.432348,0.018818,0.055114,0.025448
37.842000000000006,ekf,-3.936467,5.736625,-1.432348,0.018818,0.055114,0.025448
37.876000000000005,ekf,-3.932698,5.708259,-1.432549,0.018693,0.054672,0.021536
37.910000000000004,ekf,-3.927830,5.629361,-1.496909,0.019185,0.062872,0.055066
37.910000000000004,ekf,-3.929495,5.660250,-1.473234,0.018549,0.056045,0.041467
37.944,ekf,-3.927176,5.636516,-1.473500,0.018678,0.058120,0.044309
37.944,ekf,-3.927176,5.636516,-1.473500,0.018678,0.058120,0.044309
37.978,ekf,-3.923617,5.618119,-1.445623,0.018413,0.053805,0.025060
38.012,ekf,-3.920347,5.592054,-1.446738,0.018584,0.056171,0.030216
38.012,ekf,-3.919925,5.593482,-1.439558,0.018289,0.052424,0.018836
38.046,ekf,-3.918183,5.567659,-1.440968,0.018388,0.057074,0.056048
38.046,ekf,-3.918183,5.567659,-1.440968,0.018388,0.057074,0.056048
38.080000000000005,ekf,-3.914351,5.540434,-1.442684,0.018304,0.056672,0.027675
38.114000000000004,ekf,-3.910014,5.506712,-1.442942,0.018461,0.059560,0.033333
38.114000000000004,ekf,-3.913258,5.534741,-1.451936,0.018122,0.052073,0.021018
38.148,ekf,-3.904160,5.472399,-1.453080,0.018639,0.058597,0.046224
38.148,ekf,-3.904160,5.472399,-1.453080,0.018639,0.058597,0.046224
38.182,ekf,-3.901723,5.455830,-1.451373,0.018356,0.056093,0.030707
38.216,ekf,-3.897758,5.422875,-1.450717,0.018513,0.058960,0.035888
38.216,ekf,-3.898945,5.433555,-1.452805,0.018224,0.055407,0.023370
38.25,ekf,-3.894703,5.380239,-1.451780,0.018406,0.061304,0.051434
38.25,ekf,-3.896734,5.400935,-1.455148,0.018032,0.054651,0.029317
38.284,ekf,-3.893044,5.369252,-1.454552,0.018160,0.057478,0.034502
38.318000000000005,ekf,-3.889432,5.338366,-1.454141,0.018346,0.060103,0.038853
38.318000000000005,ekf,-3.888927,5.338937,-1.446558,0.017986,0.054586,0.018406
38.352000000000004,ekf,-3.884838,5.306245,-1.446199,0.018119,0.057490,0.025989
38.352000000000004,ekf,-3.883837,5.296395,-1.447128,0.017828,0.052919,0.018763
38.386,ekf,-3.875502,5.233108,-1.378137,0.018192,0.059702,0.048685
38.42,ekf,-3.870505,5.207504,-1.377981,0.018533,0.061779,0.051324
38.42,ekf,-3.875118,5.221144,-1.436438,0.018065,0.057728,0.026587
38.454,ekf,-3.871338,5.193207,-1.436197,0.018203,0.060086,0.031521
38.454,ekf,-3.868205,5.165446,-1.445223,0.017641,0.050281,0.020659
38.488,ekf,-3.864639,5.137184,-1.445246,0.017781,0.052987,0.026691
38.522000000000006,ekf,-3.857213,5.096145,-1.428882,0.018435,0.058180,0.054224
38.522000000000006,ekf,-3.857213,5.096145,-1.428882,0.018310,0.058257,0.049273
38.556000000000004,ekf,-3.852576,5.063429,-1.430719,0.018554,0.061023,0.052868
38.556000000000004,ekf,-3.852808,5.059688,-1.447107,0.018003,0.053851,0.018631
38.59,ekf,-3.848620,5.025947,-1.447512,0.018146,0.056881,0.026367
38.624,ekf,-3.843022,4.985108,-1.413828,0.018459,0.060878,0.042203
38.624,ekf,-3.844155,4.984797,-1.428441,0.017706,0.052010,0.033920
38.658,ekf,-3.839309,4.951145,-1.426767,0.017964,0.055139,0.039039
38.658,ekf,-3.840424,4.954785,-1.438686,0.017733,0.053130,0.024048
38.692,ekf,-3.835921,4.921084,-1.437189,0.017937,0.056207,0.030794
38.726,ekf,-3.838553,4.908691,-1.482222,0.019608,0.067133,0.117848
38.726,ekf,-3.838792,4.912298,-1.485039,0.020918,0.072622,0.116031
38.760000000000005,ekf,-3.835962,4.879697,-1.483430,0.021372,0.074840,0.117569
38.760000000000005,ekf,-3.834671,4.880725,-1.444461,0.020828,0.071995,0.020913
38.794000000000004,ekf,-3.830356,4.847000,-1.442637,0.020942,0.074317,0.028527
38.828,ekf,-3.826381,4.816319,-1.441314,0.021086,0.076363,0.033907
38.828,ekf,-3.826778,4.832415,-1.450866,0.020707,0.072225,0.028321
38.828,ekf,-3.826778,4.832415,-1.450866,0.020707,0.072225,0.028321
38.862,ekf,-3.817765,4.792890,-1.462448,0.022195,0.076471,0.075978
38.896,ekf,-3.814580,4.763718,-1.462043,0.022385,0.078352,0.077937
38.93,ekf,-3.811063,4.731652,-1.461293,0.022856,0.080374,0.080073
38.93,ekf,-3.812802,4.773447,-1.459170,0.021750,0.068725,0.033705
38.964000000000006,ekf,-3.809544,4.744546,-1.458082,0.021790,0.070808,0.038061
38.964000000000006,ekf,-3.809077,4.741360,-1.448911,0.021612,0.066062,0.017547
38.998000000000005,ekf,-3.802018,4.690310,-1.459391,0.021828,0.070378,0.040663
38.998000000000005,ekf,-3.802018,4.690310,-1.459391,0.021828,0.070378,0.040663
39.032000000000004,ekf,-3.798074,4.658291,-1.449257,0.021687,0.068712,0.029760
39.066,ekf,-3.795042,4.633334,-1.450774,0.021754,0.070518,0.034167
39.066,ekf,-3.794164,4.624707,-1.451069,0.021343,0.064801,0.024560
39.1,ekf,-3.790134,4.590946,-1.452439,0.021422,0.067353,0.031154
39.1,ekf,-3.789654,4.590168,-1.439830,0.021301,0.064936,0.016386
39.134,ekf,-3.788098,4.532818,-1.450083,0.021426,0.072003,0.069211
39.134,ekf,-3.788098,4.532818,-1.450083,0.021426,0.072003,0.069211
39.168,ekf,-3.784424,4.511899,-1.457880,0.021088,0.071408,0.040228
39.202000000000005,ekf,-3.780584,4.478117,-1.457390,0.021197,0.073750,0.044363
39.202000000000005,ekf,-3.783779,4.532062,-1.448414,0.020767,0.059918,0.020797
39.236000000000004,ekf,-3.777216,4.482356,-1.472404,0.020998,0.064548,0.042067
39.236000000000004,ekf,-3.777216,4.482356,-1.472404,0.020998,0.064548,0.042067
39.27,ekf,-3.772164,4.446250,-1.452279,0.020751,0.063546,0.025437
39.304,ekf,-3.768295,4.413828,-1.451784,0.020850,0.066040,0.031360
39.304,ekf,-3.771297,4.451073,-1.452338,0.020390,0.057305,0.026501
39.338,ekf,-3.767562,4.419743,-1.452009,0.020472,0.059964,0.032006
39.372,ekf,-3.765215,4.379322,-1.458218,0.020614,0.065033,0.061127
39.372,ekf,-3.764578,4.374079,-1.454176,0.020156,0.064872,0.056168
39.406000000000006,ekf,-3.761152,4.344857,-1.453997,0.020340,0.067073,0.058759
39.406000000000006,ekf,-3.760853,4.344548,-1.448345,0.019769,0.059674,0.035159
39.440000000000005,ekf,-3.757208,4.314954,-1.448136,0.019893,0.062095,0.039224
39.440000000000005,ekf,-3.757208,4.314954,-1.448136,0.019893,0.062095,0.039224
39.474000000000004,ekf,-3.753362,4.283746,-1.446188,0.019440,0.061170,0.028548
39.508,ekf,-3.745832,4.225695,-1.471757,0.019781,0.066246,0.045682
39.542,ekf,-3.743465,4.201907,-1.471199,0.019939,0.068025,0.048343
39.542,ekf,-3.745568,4.240804,-1.453623,0.019463,0.057687,0.042546
39.542,ekf,-3.745568,4.240804,-1.453623,0.019463,0.057687,0.042546
39.576,ekf,-3.743602,4.225242,-1.455576,0.018943,0.055619,0.031442
39.61,ekf,-3.740708,4.200167,-1.456788,0.019014,0.057846,0.035570
39.61,ekf,-3.741739,4.216778,-1.454326,0.018479,0.051224,0.026000
39.644000000000005,ekf,-3.737720,4.195467,-1.410723,0.018841,0.054964,0.053077
39.644000000000005,ekf,-3.737720,4.195467,-1.410723,0.018841,0.054964,0.053077
39.678000000000004,ekf,-3.732791,4.152561,-1.429340,0.018499,0.053968,0.028640
39.712,ekf,-3.728027,4.118897,-1.431102,0.018760,0.056982,0.034576
39.712,ekf,-3.727458,4.112157,-1.426993,0.018337,0.051882,0.024877
39.746,ekf,-3.721575,4.059571,-1.453946,0.018710,0.057339,0.043645
39.746,ekf,-3.721575,4.059571,-1.453946,0.018710,0.057339,0.043645
39.78,ekf,-3.716200,4.027732,-1.432955,0.018435,0.057026,0.029182
39.814,ekf,-3.711559,3.994051,-1.434874,0.018722,0.059898,0.035071
39.814,ekf,-3.714329,4.014705,-1.444380,0.018012,0.053516,0.024852
39.848,ekf,-3.714655,4.016426,-1.485557,0.018340,0.056530,0.062431
39.848,ekf,-3.714655,4.016426,-1.485557,0.018340,0.056530,0.062431
39.882000000000005,ekf,-3.710753,3.986917,-1.446634,0.017943,0.053851,0.026193
39.916000000000004,ekf,-3.706999,3.956830,-1.446895,0.018105,0.056557,0.031535
39.916000000000004,ekf,-3.704942,3.953912,-1.457606,0.017603,0.049719,0.021337
39.95,ekf,-3.701130,3.920294,-1.458094,0.017782,0.052972,0.028344
39.95,ekf,-3.697711,3.903814,-1.436801,0.017185,0.048146,0.016054
39.984,ekf,-3.690022,3.879115,-1.427150,0.019435,0.056103,0.083882
40.018,ekf,-3.685630,3.848688,-1.427645,0.019897,0.058733,0.085752
40.018,ekf,-3.688300,3.860672,-1.441245,0.018829,0.052173,0.025162
40.052,ekf,-3.684185,3.828996,-1.441893,0.019031,0.055107,0.031072
40.052,ekf,-3.684267,3.828948,-1.441459,0.018421,0.052084,0.019735
40.086000000000006,ekf,-3.680859,3.802695,-1.441928,0.018574,0.054530,0.025760
40.120000000000005,ekf,-3.671399,3.742796,-1.396175,0.019263,0.060442,0.046744
40.120000000000005,ekf,-3.673568,3.747363,-1.408389,0.018453,0.057377,0.036117
40.154,ekf,-3.669766,3.724092,-1.409522,0.018703,0.059355,0.039533
40.154,ekf,-3.672070,3.728967,-1.432401,0.017781,0.055718,0.019887
40.188,ekf,-3.667616,3.696428,-1.436387,0.017980,0.058602,0.028349
40.188,ekf,-3.667616,3.696428,-1.436387,0.017980,0.058602,0.028349
40.222,ekf,-3.664343,3.668680,-1.438435,0.017369,0.055820,0.023077
40.256,ekf,-3.654306,3.608479,-1.434228,0.018122,0.061873,0.048706
40.256,ekf,-3.657240,3.628542,-1.437989,0.017430,0.055570,0.041570
40.29,ekf,-3.652749,3.594840,-1.438808,0.017742,0.058500,0.045656
40.324000000000005,ekf,-3.648284,3.561134,-1.438974,0.018177,0.061285,0.049322
40.324000000000005,ekf,-3.650862,3.577567,-1.444610,0.017192,0.053907,0.027796
40.358000000000004,ekf,-3.646888,3.567284,-1.423116,0.020782,0.061711,0.100781
40.358000000000004,ekf,-3.645956,3.559177,-1.433360,0.022254,0.061662,0.096338
40.392,ekf,-3.641484,3.526940,-1.432385,0.022613,0.064212,0.098112
40.392,ekf,-3.641484,3.526940,-1.432385,0.022613,0.064212,0.098112
40.426,ekf,-3.637659,3.495251,-1.441352,0.020742,0.056949,0.026735
40.46,ekf,-3.633760,3.465324,-1.441226,0.020911,0.059500,0.031923
40.46,ekf,-3.634880,3.470064,-1.443730,0.019963,0.053621,0.019500
40.494,ekf,-3.627156,3.422487,-1.407366,0.020503,0.058422,0.039869
40.528000000000006,ekf,-3.621883,3.390524,-1.407257,0.020924,0.061050,0.043768
40.528000000000006,ekf,-3.624149,3.389686,-1.433732,0.019765,0.057295,0.023849
40.562000000000005,ekf,-3.620441,3.362796,-1.433830,0.019970,0.059565,0.029020
40.562000000000005,ekf,-3.620212,3.361025,-1.436150,0.018887,0.052500,0.017479
40.596000000000004,ekf,-3.616525,3.333796,-1.436275,0.019056,0.055004,0.024141
40.63,ekf,-3.622927,3.380783,-1.458441,0.019271,0.059495,0.039191
40.63,ekf,-3.622464,3.377663,-1.459312,0.018623,0.054727,0.033836
40.63,ekf,-3.622464,3.377663,-1.459312,0.018623,0.054727,0.033836
40.664,ekf,-3.618794,3.350150,-1.453624,0.018142,0.051487,0.019262
40.698,ekf,-3.616162,3.327743,-1.454554,0.018239,0.053618,0.024804
40.698,ekf,-3.616162,3.327743,-1.454554,0.018239,0.053618,0.024804
40.732,ekf,-3.609450,3.279302,-1.450282,0.017780,0.051588,0.024500
40.766000000000005,ekf,-3.608181,3.237894,-1.521270,0.017994,0.057378,0.056483
40.766000000000005,ekf,-3.606728,3.237020,-1.492096,0.017434,0.055651,0.047671
40.800000000000004,ekf,-3.604042,3.203126,-1.491232,0.017644,0.058623,0.051281
40.800000000000004,ekf,-3.602371,3.198198,-1.469821,0.017180,0.053583,0.033715
40.834,ekf,-3.598926,3.164373,-1.468769,0.017348,0.056676,0.038701
40.834,ekf,-3.598926,3.164373,-1.468769,0.017348,0.056676,0.038701
40.868,ekf,-3.586583,3.091094,-1.441140,0.017811,0.061970,0.054503
40.902,ekf,-3.582185,3.057458,-1.440442,0.018244,0.064634,0.057652
40.902,ekf,-3.584450,3.065857,-1.454853,0.017293,0.058913,0.019905
40.936,ekf,-3.580699,3.033720,-1.454362,0.017402,0.061586,0.027011
40.936,ekf,-3.580699,3.033720,-1.454362,0.017402,0.061586,0.027011
40.970000000000006,ekf,-3.577261,3.004396,-1.438555,0.016983,0.054021,0.029522
41.004000000000005,ekf,-3.573291,2.974607,-1.438176,0.017220,0.056690,0.034346
41.004000000000005,ekf,-3.573713,2.976536,-1.440880,0.016869,0.054819,0.029937
41.038000000000004,ekf,-3.570144,2.949216,-1.440884,0.017096,0.057238,0.034245
41.038000000000004,ekf,-3.570144,2.949216,-1.440884,0.017096,0.057238,0.034245
41.072,ekf,-3.566092,2.906660,-1.442297,0.016665,0.053947,0.030446
41.106,ekf,-3.562436,2.880499,-1.458384,0.016964,0.056936,0.043897
41.106,ekf,-3.561485,2.879365,-1.443681,0.016534,0.053508,0.036246
41.14,ekf,-3.558208,2.853742,-1.443532,0.016672,0.055841,0.039687
41.14,ekf,-3.558208,2.853742,-1.443532,0.016672,0.055841,0.039687
41.174,ekf,-3.553635,2.817392,-1.441046,0.016375,0.052636,0.025563
41.208000000000006,ekf,-3.549918,2.788878,-1.441549,0.016537,0.055275,0.030839
41.208000000000006,ekf,-3.550429,2.791156,-1.441778,0.016166,0.052584,0.019539
41.242000000000004,ekf,-3.552064,2.761585,-1.503436,0.016347,0.060596,0.082554
41.242000000000004,ekf,-3.552064,2.761585,-1.503436,0.016347,0.060596,0.082554
41.276,ekf,-3.547061,2.731524,-1.449267,0.016256,0.059000,0.026963
41.31,ekf,-3.542953,2.697773,-1.450132,0.016452,0.061792,0.032929
41.31,ekf,-3.544039,2.710730,-1.456051,0.016198,0.055186,0.026388
41.344,ekf,-3.539349,2.680671,-1.444686,0.016549,0.058997,0.048730
41.344,ekf,-3.539349,2.680671,-1.444686,0.016549,0.058997,0.048730
41.378,ekf,-3.534631,2.643378,-1.441958,0.016447,0.055678,0.023267
41.412,ekf,-3.530284,2.609657,-1.443283,0.016636,0.058632,0.030130
41.412,ekf,-3.530274,2.610304,-1.442832,0.016349,0.052918,0.018930
41.446000000000005,ekf,-3.525634,2.544650,-1.457857,0.016689,0.060452,0.054882
41.446000000000005,ekf,-3.525634,2.544650,-1.457857,0.016689,0.060452,0.054882
41.480000000000004,ekf,-3.522570,2.534054,-1.452065,0.016476,0.057660,0.024936
41.514,ekf,-3.518763,2.502017,-1.452913,0.016621,0.060382,0.031006
41.514,ekf,-3.518111,2.498612,-1.448756,0.016392,0.055059,0.017225
41.548,ekf,-3.513978,2.464864,-1.449169,0.016529,0.058032,0.025396
41.548,ekf,-3.513978,2.464864,-1.449169,0.016529,0.058032,0.025396
41.582,ekf,-3.513579,2.475877,-1.465982,0.033727,0.078007,0.151348
41.616,ekf,-3.510533,2.446854,-1.466411,0.034058,0.079844,0.152338
41.616,ekf,-3.514116,2.427886,-1.451074,0.032070,0.069571,0.019536
41.650000000000006,ekf,-3.510266,2.395854,-1.451302,0.032085,0.071822,0.026624
41.650000000000006,ekf,-3.506432,2.417718,-1.450016,0.030499,0.055202,0.015677
41.684000000000005,ekf,-3.503185,2.390946,-1.450213,0.030529,0.057558,0.022790
41.718,ekf,-3.499914,2.356676,-1.389484,0.030598,0.062247,0.055634
41.718,ekf,-3.498861,2.371074,-1.414360,0.029877,0.054045,0.057194
41.752,ekf,-3.494346,2.342418,-1.414626,0.030023,0.056603,0.059720
41.752,ekf,-3.496277,2.342296,-1.440950,0.029119,0.054071,0.018066
41.786,ekf,-3.493115,2.318021,-1.441493,0.029159,0.056247,0.024125
41.82,ekf,-3.490601,2.298691,-1.441526,0.029199,0.057915,0.027888
41.82,ekf,-3.490518,2.293959,-1.451350,0.028622,0.055962,0.017065
41.854,ekf,-3.486387,2.265850,-1.459694,0.028743,0.059399,0.042441
41.854,ekf,-3.486804,2.275911,-1.453953,0.027848,0.052283,0.041306
41.888000000000005,ekf,-3.482835,2.242143,-1.453498,0.027924,0.055402,0.045335
41.888000000000005,ekf,-3.482835,2.242143,-1.453498,0.027924,0.055402,0.045335
41.922000000000004,ekf,-3.479075,2.187192,-1.456977,0.027686,0.052284,0.020019
41.956,ekf,-3.477815,2.145163,-1.460983,0.027715,0.058999,0.063994
41.956,ekf,-3.477952,2.160089,-1.460384,0.027402,0.055210,0.059514
41.99,ekf,-3.474195,2.126297,-1.459654,0.027527,0.058188,0.062422
42.024,ekf,-3.470438,2.092742,-1.458945,0.027811,0.061002,0.065179
42.024,ekf,-3.469887,2.088991,-1.441216,0.026550,0.059068,0.022397
42.058,ekf,-3.462217,2.034723,-1.464416,0.026728,0.064146,0.044115
42.058,ekf,-3.461374,2.046732,-1.463137,0.026564,0.059714,0.040413
42.092000000000006,ekf,-3.457998,2.015556,-1.462758,0.026581,0.062270,0.044208
42.092000000000006,ekf,-3.457998,2.015556,-1.462758,0.026581,0.062270,0.044208
42.126000000000005,ekf,-3.454210,1.981135,-1.455127,0.026089,0.058254,0.022766
42.160000000000004,ekf,-3.450759,1.951472,-1.454889,0.026136,0.060737,0.028665
42.160000000000004,ekf,-3.453266,1.984354,-1.456858,0.025683,0.050618,0.018320
42.194,ekf,-3.454212,1.967189,-1.458506,0.025733,0.058346,0.085057
42.194,ekf,-3.454212,1.967189,-1.458506,0.025733,0.058346,0.085057
42.228,ekf,-3.449686,1.920343,-1.457049,0.025635,0.056689,0.025528
42.228,ekf,-3.449686,1.920343,-1.457049,0.025635,0.056689,0.025528
42.262,ekf,-3.447614,1.890828,-1.443186,0.024612,0.056242,0.017863
42.296,ekf,-3.444355,1.865430,-1.443198,0.024666,0.058436,0.023988
42.296,ekf,-3.444355,1.865430,-1.443198,0.024666,0.058436,0.023988
42.330000000000005,ekf,-3.449127,1.867557,-1.472547,0.088742,0.065312,0.222903
42.330000000000005,ekf,-3.449127,1.867557,-1.472547,0.088742,0.065312,0.222903
42.364000000000004,ekf,-3.445536,1.836311,-1.449950,0.070869,0.056403,0.021766
42.398,ekf,-3.441438,1.802559,-1.450105,0.070711,0.059284,0.028581
42.398,ekf,-3.441438,1.802559,-1.450105,0.070711,0.059284,0.028581
42.432,ekf,-3.441191,1.760993,-1.450539,0.061557,0.057137,0.023374
42.466,ekf,-3.429786,1.711085,-1.424135,0.061700,0.063984,0.068604
42.466,ekf,-3.427231,1.726272,-1.440373,0.056310,0.056148,0.062796
42.5,ekf,-3.422794,1.692563,-1.439533,0.056334,0.059058,0.065575
42.534000000000006,ekf,-3.418374,1.659181,-1.438764,0.056444,0.061805,0.068207
42.534000000000006,ekf,-3.422408,1.650783,-1.437956,0.050443,0.058845,0.023499
42.534000000000006,ekf,-3.422408,1.650783,-1.437956,0.050443,0.058845,0.023499
42.568000000000005,ekf,-3.414943,1.622339,-1.453254,0.046845,0.051719,0.032511
42.602000000000004,ekf,-3.411215,1.590852,-1.452780,0.046784,0.054665,0.037195
42.636,ekf,-3.407741,1.561587,-1.452543,0.046754,0.057264,0.041024
42.636,ekf,-3.411280,1.566293,-1.452305,0.043197,0.052650,0.024022
42.636,ekf,-3.411280,1.566293,-1.452305,0.043197,0.052650,0.024022
42.67,ekf,-3.409533,1.529612,-1.450298,0.040925,0.052592,0.019987
42.704,ekf,-3.406348,1.520195,-1.440243,0.042013,0.059793,0.092324
42.704,ekf,-3.407703,1.518912,-1.451384,0.040717,0.060159,0.090134
42.738,ekf,-3.404188,1.489604,-1.451442,0.040767,0.062529,0.091763
42.738,ekf,-3.404188,1.489604,-1.451442,0.040767,0.062529,0.091763
42.772000000000006,ekf,-3.407893,1.462265,-1.451412,0.036887,0.056934,0.023150
42.806000000000004,ekf,-3.404845,1.436829,-1.451607,0.036878,0.059113,0.028214
42.806000000000004,ekf,-3.402931,1.417942,-1.448691,0.034783,0.052135,0.016310
42.84,ekf,-3.402119,1.415538,-1.447422,0.035992,0.058905,0.091738
42.84,ekf,-3.402119,1.415538,-1.447422,0.035992,0.058905,0.091738
42.874,ekf,-3.400787,1.375515,-1.449359,0.032893,0.054137,0.023430
42.908,ekf,-3.397977,1.352474,-1.449686,0.032936,0.056211,0.028065
42.908,ekf,-3.398313,1.353524,-1.449158,0.031465,0.046907,0.017324
42.942,ekf,-3.396048,1.334950,-1.449697,0.031485,0.048843,0.022316
42.942,ekf,-3.396048,1.334950,-1.449697,0.031485,0.048843,0.022316
42.976000000000006,ekf,-3.394203,1.317560,-1.449247,0.030352,0.045802,0.018181
43.010000000000005,ekf,-3.390232,1.298416,-1.437248,0.030663,0.050802,0.060050
43.010000000000005,ekf,-3.391965,1.297543,-1.444638,0.029366,0.047800,0.056949
43.044000000000004,ekf,-3.389893,1.281193,-1.444631,0.029381,0.049474,0.058407
43.044000000000004,ekf,-3.389893,1.281193,-1.444631,0.029381,0.049474,0.058407
43.078,ekf,-3.389117,1.257409,-1.444393,0.028002,0.047159,0.020550
43.112,ekf,-3.387186,1.242213,-1.444468,0.028016,0.048732,0.024020
43.112,ekf,-3.389898,1.239401,-1.447479,0.026789,0.045139,0.015988
43.146,ekf,-3.388386,1.227197,-1.447551,0.026797,0.046463,0.019494
43.146,ekf,-3.388386,1.227197,-1.447551,0.026797,0.046463,0.019494
43.18,ekf,-3.388311,1.213872,-1.447333,0.025965,0.045136,0.016962
43.214000000000006,ekf,-3.387019,1.203456,-1.447427,0.025977,0.046268,0.019864
43.214000000000006,ekf,-3.387360,1.203649,-1.445659,0.025277,0.043270,0.014164
43.248000000000005,ekf,-3.385939,1.192352,-1.445751,0.025293,0.044548,0.017785
43.248000000000005,ekf,-3.385939,1.192352,-1.445751,0.025293,0.044548,0.017785
43.282000000000004,ekf,-3.392545,1.208631,-1.470805,0.025863,0.052878,0.081203
43.316,ekf,-3.391731,1.200512,-1.470924,0.025866,0.053637,0.081718
43.316,ekf,-3.384839,1.171884,-1.435417,0.024728,0.047232,0.017296
43.35,ekf,-3.383597,1.162762,-1.435507,0.024755,0.048178,0.019825
43.35,ekf,-3.387944,1.169771,-1.440483,0.023440,0.041110,0.013935
43.384,ekf,-3.386968,1.162330,-1.440485,0.023463,0.041996,0.016435
43.418,ekf,-3.386088,1.155607,-1.440586,0.023484,0.042783,0.018437
43.418,ekf,-3.376026,1.141681,-1.434547,0.022559,0.039527,0.013979
43.452000000000005,ekf,-3.374990,1.134125,-1.434594,0.022582,0.040463,0.016511
43.452000000000005,ekf,-3.375986,1.139252,-1.440097,0.022106,0.036030,0.012478
43.486000000000004,ekf,-3.375162,1.132983,-1.440079,0.022122,0.036882,0.014809
43.486000000000004,ekf,-3.375162,1.132983,-1.440079,0.022122,0.036882,0.014809
43.52,ekf,-3.375266,1.125713,-1.442088,0.021655,0.036374,0.013473
43.554,ekf,-3.377013,1.137054,-1.374870,0.021803,0.039580,0.040505
43.554,ekf,-3.373469,1.128196,-1.409135,0.021442,0.039663,0.041925
43.588,ekf,-3.375426,1.150024,-1.329123,0.021645,0.047288,0.080419
43.622,ekf,-3.374508,1.146751,-1.268306,0.021890,0.048789,0.087849
43.622,ekf,-3.368629,1.132181,-1.314720,0.021329,0.045772,0.032167
43.656000000000006,ekf,-3.363976,1.113707,-1.201112,0.021918,0.050228,0.062219
43.656000000000006,ekf,-3.366309,1.115281,-1.268041,0.021586,0.050853,0.069422
43.690000000000005,ekf,-3.365211,1.112064,-1.213810,0.021923,0.052094,0.077059
43.724000000000004,ekf,-3.365712,1.113638,-1.202653,0.022411,0.054100,0.090201
43.724000000000004,ekf,-3.367779,1.112770,-1.212435,0.021835,0.051496,0.050716
43.758,ekf,-3.366517,1.109613,-1.169548,0.022207,0.052487,0.058854
43.758,ekf,-3.365916,1.105646,-1.149602,0.021747,0.047903,0.030376
43.792,ekf,-3.364474,1.102567,-1.112806,0.022183,0.048815,0.041141
43.826,ekf,-3.360576,1.094297,-1.104081,0.022897,0.050294,0.051580
43.826,ekf,-3.362871,1.097790,-1.090337,0.022311,0.045957,0.035980
43.86,ekf,-3.361245,1.094804,-1.050304,0.022886,0.046904,0.046144
43.86,ekf,-3.354775,1.087291,-1.024439,0.022415,0.045060,0.029680
43.894000000000005,ekf,-3.354349,1.086614,-0.993422,0.022853,0.045613,0.038849
43.894000000000005,ekf,-3.354349,1.086614,-0.993422,0.022853,0.045613,0.038849
43.928000000000004,ekf,-3.363649,1.103733,-0.971634,0.025033,0.047145,0.053007
43.962,ekf,-3.361694,1.100951,-0.942693,0.025624,0.047795,0.058502
43.962,ekf,-3.364109,1.104376,-0.960598,0.024241,0.043268,0.027364
43.996,ekf,-3.362124,1.101616,-0.933451,0.024853,0.043934,0.036411
43.996,ekf,-3.362124,1.101616,-0.933451,0.024853,0.043934,0.036411
44.03,ekf,-3.371014,1.112723,-0.903640,0.023532,0.040266,0.028543
44.03,ekf,-3.371014,1.112723,-0.903640,0.023532,0.040266,0.028543
44.064,ekf,-3.371212,1.107907,-0.877177,0.022881,0.038160,0.022461
44.098000000000006,ekf,-3.361883,1.096134,-0.865436,0.025032,0.040259,0.042775
44.098000000000006,ekf,-3.361883,1.096134,-0.865436,0.025032,0.040259,0.042775
44.132000000000005,ekf,-3.343466,1.077049,-0.784242,0.028979,0.040744,0.045546
44.166000000000004,ekf,-3.285571,1.025696,-0.703134,0.037085,0.045627,0.066862
44.166000000000004,ekf,-3.304450,1.035750,-0.763310,0.033708,0.042378,0.038165
44.2,ekf,-3.279263,1.012916,-0.712097,0.037149,0.044700,0.053111
44.2,ekf,-3.301642,1.034524,-0.744859,0.033189,0.040071,0.017794
44.234,ekf,-3.284549,1.021334,-0.653350,0.036750,0.041911,0.048608
44.234,ekf,-3.284549,1.021334,-0.653350,0.036750,0.041911,0.048608
44.268,ekf,-3.274623,1.014064,-0.653816,0.036619,0.039286,0.031592
44.302,ekf,-3.249395,0.995273,-0.630968,0.039654,0.040902,0.042067
44.336000000000006,ekf,-3.224014,0.977344,-0.605523,0.042599,0.042388,0.050885
44.336000000000006,ekf,-3.248426,0.999527,-0.612295,0.038581,0.037918,0.038377
44.336000000000006,ekf,-3.248426,0.999527,-0.612295,0.038581,0.037918,0.038377
44.370000000000005,ekf,-3.244463,0.994374,-0.644521,0.040648,0.039367,0.057168
44.404,ekf,-3.220027,0.976381,-0.627921,0.043217,0.040955,0.062479
44.404,ekf,-3.238434,0.993663,-0.565909,0.037811,0.035758,0.024345
44.438,ekf,-3.213945,0.978406,-0.548886,0.040752,0.037022,0.034952
44.438,ekf,-3.213945,0.978406,-0.548886,0.040752,0.037022,0.034952
44.472,ekf,-3.206399,0.974536,-0.533324,0.039079,0.035202,0.025977
44.506,ekf,-3.179325,0.955251,-0.541522,0.044284,0.038302,0.065324
44.506,ekf,-3.196949,0.968886,-0.519875,0.041245,0.034868,0.059387
44.540000000000006,ekf,-3.167313,0.952221,-0.505934,0.044524,0.036141,0.064386
44.574000000000005,ekf,-3.137502,0.935872,-0.499474,0.047515,0.037378,0.067932
44.574000000000005,ekf,-3.154955,0.947237,-0.493967,0.041264,0.032719,0.025516
44.608000000000004,ekf,-3.122445,0.929044,-0.502662,0.044960,0.034261,0.038717
44.608000000000004,ekf,-3.132450,0.933756,-0.487914,0.040564,0.031455,0.026681
44.642,ekf,-3.102423,0.917808,-0.486944,0.043700,0.032716,0.032915
44.642,ekf,-3.102423,0.917808,-0.486944,0.043700,0.032716,0.032915
44.676,ekf,-3.088568,0.911242,-0.478622,0.040296,0.029675,0.023582
44.71,ekf,-3.040089,0.885650,-0.499475,0.045629,0.031895,0.039004
44.71,ekf,-3.018939,0.876850,-0.475608,0.040054,0.028605,0.029169
44.744,ekf,-2.989224,0.861545,-0.475665,0.043186,0.029896,0.034441
44.778000000000006,ekf,-2.961030,0.847023,-0.475709,0.045966,0.031103,0.038791
44.778000000000006,ekf,-2.974714,0.852858,-0.478832,0.042417,0.029280,0.022699
44.812000000000005,ekf,-2.944539,0.837192,-0.478882,0.045421,0.030584,0.029262
44.812000000000005,ekf,-2.954385,0.841286,-0.480073,0.042261,0.029016,0.018292
44.846000000000004,ekf,-2.938597,0.835949,-0.423914,0.048851,0.030242,0.074449
44.88,ekf,-2.910385,0.823217,-0.424020,0.051393,0.031304,0.076513
44.88,ekf,-2.926335,0.826842,-0.474270,0.045255,0.028851,0.024100
44.914,ekf,-2.899794,0.813214,-0.474456,0.047740,0.030025,0.029713
44.914,ekf,-2.906404,0.815238,-0.476326,0.043720,0.027889,0.018447
44.948,ekf,-2.878464,0.800816,-0.476690,0.046423,0.029156,0.025730
44.948,ekf,-2.878464,0.800816,-0.476690,0.046423,0.029156,0.025730
44.982,ekf,-2.884863,0.802655,-0.493434,0.049982,0.040294,0.109534
45.016000000000005,ekf,-2.861789,0.790240,-0.493963,0.051979,0.041112,0.110772
45.016000000000005,ekf,-2.860379,0.788592,-0.469620,0.044746,0.036493,0.023397
45.050000000000004,ekf,-2.836361,0.776393,-0.470281,0.047043,0.037340,0.028810
45.050000000000004,ekf,-2.835670,0.775058,-0.470556,0.041703,0.033535,0.015264
45.084,ekf,-2.805998,0.759669,-0.482852,0.044937,0.034698,0.028516
45.118,ekf,-2.760005,0.732678,-0.528918,0.049870,0.037096,0.048363
45.118,ekf,-2.760493,0.734693,-0.504915,0.044577,0.032813,0.033719
45.152,ekf,-2.730754,0.718214,-0.506872,0.047426,0.034071,0.038937
45.152,ekf,-2.735486,0.720599,-0.491824,0.041737,0.030309,0.018614
45.186,ekf,-2.705499,0.704574,-0.489589,0.044811,0.031588,0.027041
45.220000000000006,ekf,-2.631025,0.664587,-0.465422,0.052048,0.034858,0.046756
45.220000000000006,ekf,-2.645029,0.672038,-0.475698,0.046764,0.031181,0.039766
45.254000000000005,ekf,-2.615633,0.656914,-0.474942,0.049478,0.032363,0.043898
45.254000000000005,ekf,-2.623784,0.660523,-0.485926,0.044228,0.029246,0.018921
45.288000000000004,ekf,-2.593709,0.644666,-0.484542,0.047145,0.030534,0.026939
45.322,ekf,-2.565791,0.629985,-0.483568,0.049701,0.031695,0.032567
45.322,ekf,-2.576035,0.634393,-0.487110,0.045136,0.029306,0.021271
45.356,ekf,-2.530352,0.613130,-0.501225,0.051386,0.031608,0.057431
45.356,ekf,-2.540016,0.617511,-0.487566,0.047567,0.029406,0.054822
45.39,ekf,-2.510351,0.601793,-0.486894,0.050257,0.030709,0.057919
45.424,ekf,-2.486010,0.588915,-0.486343,0.052373,0.031803,0.060341
45.424,ekf,-2.465298,0.581345,-0.472511,0.046468,0.028752,0.021985
45.458000000000006,ekf,-2.442393,0.569642,-0.472213,0.048578,0.029744,0.027323
45.458000000000006,ekf,-2.460118,0.576957,-0.480826,0.043943,0.027830,0.018425
45.492000000000004,ekf,-2.467070,0.580211,-0.446329,0.045605,0.028380,0.038066
45.492000000000004,ekf,-2.467070,0.580211,-0.446329,0.045605,0.028380,0.038066
45.526,ekf,-2.441774,0.565660,-0.475480,0.044199,0.027709,0.022335
45.526,ekf,-2.441774,0.565660,-0.475480,0.044199,0.027709,0.022335
45.56,ekf,-2.423395,0.554941,-0.480391,0.041733,0.026552,0.017888
45.594,ekf,-2.399833,0.542663,-0.480332,0.044134,0.027661,0.024226
45.628,ekf,-2.385103,0.534756,-0.445213,0.046569,0.028840,0.044154
45.628,ekf,-2.386122,0.533990,-0.449808,0.042344,0.027008,0.042135
45.628,ekf,-2.386122,0.533990,-0.449808,0.042344,0.027008,0.042135
45.662000000000006,ekf,-2.371709,0.525668,-0.478535,0.039462,0.025795,0.017029
45.696000000000005,ekf,-2.356297,0.517673,-0.478572,0.041142,0.026522,0.021565
45.730000000000004,ekf,-2.339722,0.509073,-0.478638,0.042876,0.027287,0.025556
45.730000000000004,ekf,-2.328511,0.500554,-0.472488,0.038411,0.024787,0.018798
45.764,ekf,-2.316356,0.494346,-0.472150,0.039794,0.025360,0.022284
45.764,ekf,-2.314129,0.491453,-0.477873,0.037564,0.024048,0.016673
45.798,ekf,-2.301328,0.484823,-0.477840,0.039045,0.024671,0.020562
45.798,ekf,-2.301328,0.484823,-0.477840,0.039045,0.024671,0.020562
45.832,ekf,-2.284975,0.475951,-0.478621,0.036617,0.023355,0.018661
45.866,ekf,-2.283986,0.474582,-0.506828,0.044352,0.041788,0.135896
45.866,ekf,-2.283256,0.473635,-0.493593,0.045985,0.048813,0.134878
45.900000000000006,ekf,-2.274932,0.469156,-0.493575,0.046773,0.049056,0.135230
45.934000000000005,ekf,-2.264563,0.463579,-0.493424,0.047749,0.049394,0.135675
45.934000000000005,ekf,-2.261458,0.459950,-0.479908,0.041742,0.042580,0.022455
45.968,ekf,-2.252495,0.455288,-0.479476,0.042689,0.042841,0.024776
45.968,ekf,-2.252495,0.455288,-0.479476,0.036227,0.036145,0.016612
46.002,ekf,-2.245044,0.451413,-0.479716,0.037134,0.036387,0.019098
46.036,ekf,-2.237933,0.447715,-0.479411,0.037981,0.036617,0.021236
46.036,ekf,-2.237645,0.447471,-0.483102,0.034165,0.033119,0.016821
46.036,ekf,-2.237645,0.447471,-0.483102,0.034165,0.033119,0.016821
46.07,ekf,-2.225910,0.439102,-0.483778,0.032532,0.030648,0.015011
46.104000000000006,ekf,-2.219921,0.435955,-0.483675,0.033340,0.030881,0.017176
46.138000000000005,ekf,-2.214399,0.433055,-0.483717,0.034067,0.031093,0.018927
46.138000000000005,ekf,-2.207965,0.424996,-0.478116,0.031173,0.028565,0.015214
46.138000000000005,ekf,-2.207965,0.424996,-0.478116,0.031173,0.028565,0.015214
46.172000000000004,ekf,-2.201524,0.421557,-0.480373,0.030519,0.027239,0.014354
46.206,ekf,-2.195486,0.418411,-0.480163,0.031388,0.027504,0.016683
46.206,ekf,-2.196480,0.419447,-0.481869,0.029345,0.026055,0.012976
46.24,ekf,-2.206085,0.424180,-0.427599,0.032168,0.026856,0.036890
46.24,ekf,-2.206085,0.424180,-0.427599,0.032168,0.026856,0.036890
46.274,ekf,-2.206448,0.423407,-0.429154,0.032651,0.026193,0.030295
46.308,ekf,-2.197028,0.417234,-0.430771,0.039552,0.030015,0.083870
46.308,ekf,-2.195417,0.415728,-0.416285,0.042304,0.031314,0.079787
46.342000000000006,ekf,-2.195050,0.415569,-0.393585,0.042792,0.031439,0.082608
46.342000000000006,ekf,-2.195050,0.415569,-0.393585,0.042792,0.031439,0.082608
46.376000000000005,ekf,-2.192259,0.413699,-0.345670,0.037678,0.028659,0.027916
46.410000000000004,ekf,-2.190554,0.413123,-0.304022,0.038864,0.028840,0.040377
46.410000000000004,ekf,-2.191342,0.412741,-0.321285,0.036081,0.027247,0.030216
46.444,ekf,-2.195399,0.414238,-0.291523,0.038808,0.027751,0.053309
46.444,ekf,-2.195399,0.414238,-0.291523,0.038808,0.027751,0.053309
46.478,ekf,-2.190851,0.412013,-0.274661,0.036814,0.026311,0.027582
46.512,ekf,-2.187566,0.411138,-0.245858,0.037958,0.026425,0.037025
46.512,ekf,-2.189045,0.411085,-0.250402,0.035125,0.025408,0.025994
46.546,ekf,-2.188071,0.410861,-0.225479,0.035924,0.025468,0.034411
46.546,ekf,-2.188071,0.410861,-0.225479,0.035924,0.025468,0.034411
46.580000000000005,ekf,-2.197460,0.412706,-0.181271,0.039543,0.024774,0.056892
46.614000000000004,ekf,-2.194111,0.412122,-0.162921,0.040401,0.024813,0.060313
46.614000000000004,ekf,-2.190814,0.409811,-0.182095,0.038280,0.023873,0.022565
46.648,ekf,-2.157155,0.405063,-0.101243,0.044226,0.024167,0.049660
46.648,ekf,-2.157155,0.405063,-0.101243,0.044226,0.024167,0.049660
46.682,ekf,-2.166719,0.408717,-0.127889,0.059764,0.031692,0.118300
46.716,ekf,-2.132904,0.405212,-0.070238,0.063414,0.032024,0.124451
46.716,ekf,-2.141223,0.407677,-0.078456,0.053557,0.028731,0.038393
46.75,ekf,-2.088971,0.403836,-0.046988,0.058751,0.028932,0.051257
46.75,ekf,-2.107234,0.408375,-0.044349,0.048850,0.026684,0.018358
46.784000000000006,ekf,-2.073244,0.407594,-0.014831,0.052773,0.026751,0.035601
46.818000000000005,ekf,-2.039730,0.407624,0.015180,0.056393,0.026869,0.046933
46.818000000000005,ekf,-2.057287,0.411190,0.025361,0.048401,0.025052,0.028494
46.852000000000004,ekf,-2.015006,0.409879,0.080753,0.055687,0.025184,0.067801
46.852000000000004,ekf,-2.041963,0.411930,0.058109,0.050759,0.024154,0.069102
46.886,ekf,-2.011667,0.414032,0.078544,0.054031,0.024271,0.074077
46.92,ekf,-1.981295,0.416711,0.102558,0.057179,0.024616,0.079200
46.92,ekf,-1.976364,0.412046,0.108457,0.048744,0.023087,0.027994
46.954,ekf,-1.945986,0.415644,0.128932,0.052140,0.023190,0.038718
46.988,ekf,-1.892260,0.421416,0.135013,0.057899,0.023519,0.055111
46.988,ekf,-1.923015,0.420502,0.117464,0.050736,0.023088,0.047673
47.022000000000006,ekf,-1.899621,0.423392,0.123914,0.053101,0.023285,0.051356
47.022000000000006,ekf,-1.913894,0.423141,0.137126,0.049219,0.022732,0.026035
47.056000000000004,ekf,-1.890664,0.426436,0.141787,0.051588,0.022867,0.031712
47.056000000000004,ekf,-1.906016,0.424725,0.143136,0.046363,0.022357,0.018191
47.09,ekf,-1.873141,0.430212,0.179266,0.050443,0.022621,0.037240
47.124,ekf,-1.850084,0.430809,0.139182,0.057515,0.022715,0.083372
47.124,ekf,-1.876685,0.429144,0.132130,0.051383,0.022413,0.074834
47.158,ekf,-1.843001,0.433769,0.139485,0.054673,0.022758,0.078021
47.158,ekf,-1.810104,0.434076,0.184521,0.047690,0.022046,0.021528
47.192,ekf,-1.776707,0.440452,0.192306,0.051177,0.022308,0.030970
47.192,ekf,-1.776707,0.440452,0.192306,0.051177,0.022308,0.030970
47.226000000000006,ekf,-1.794701,0.438616,0.195216,0.051986,0.021532,0.071160
47.260000000000005,ekf,-1.761361,0.445282,0.199103,0.055110,0.021963,0.074037
47.260000000000005,ekf,-1.769922,0.441929,0.193250,0.048429,0.021016,0.022713
47.294000000000004,ekf,-1.737029,0.448406,0.195811,0.051707,0.021337,0.030039
47.294000000000004,ekf,-1.737029,0.448406,0.195811,0.051707,0.021337,0.030039
47.328,ekf,-1.728624,0.451564,0.175562,0.049847,0.021484,0.046952
47.362,ekf,-1.697714,0.457061,0.176806,0.052831,0.021747,0.050432
47.362,ekf,-1.701980,0.456283,0.197277,0.046543,0.021148,0.020294
47.396,ekf,-1.671762,0.462350,0.198124,0.049640,0.021412,0.027148
47.396,ekf,-1.671762,0.462350,0.198124,0.049640,0.021412,0.027148
47.43,ekf,-1.642097,0.468161,0.201090,0.046965,0.021218,0.023544
47.464000000000006,ekf,-1.609235,0.476567,0.202261,0.052025,0.022002,0.053332
47.464000000000006,ekf,-1.607605,0.476275,0.205862,0.046311,0.021498,0.049144
47.498000000000005,ekf,-1.582085,0.481605,0.205972,0.048942,0.021793,0.051750
47.498000000000005,ekf,-1.582085,0.481605,0.205972,0.048942,0.021793,0.051750
47.532000000000004,ekf,-1.553510,0.486374,0.205822,0.045218,0.020929,0.025012
47.566,ekf,-1.527710,0.491756,0.205284,0.047938,0.021210,0.029999
47.566,ekf,-1.524719,0.491934,0.208045,0.042234,0.020667,0.019141
47.6,ekf,-1.465254,0.508632,0.246460,0.050330,0.022162,0.053333
47.6,ekf,-1.472659,0.504704,0.216391,0.040788,0.020901,0.017899
47.634,ekf,-1.447021,0.510213,0.204261,0.044019,0.021204,0.028726
47.634,ekf,-1.447021,0.510213,0.204261,0.044019,0.021204,0.028726
47.668000000000006,ekf,-1.422776,0.514740,0.205851,0.042860,0.020739,0.020757
47.702000000000005,ekf,-1.389483,0.521636,0.202569,0.046574,0.021072,0.028922
47.702000000000005,ekf,-1.395378,0.519588,0.203366,0.040375,0.020247,0.018471
47.736000000000004,ekf,-1.338999,0.529736,0.228439,0.048299,0.020841,0.049257
47.736000000000004,ekf,-1.338999,0.529736,0.228439,0.048299,0.020841,0.049257
47.77,ekf,-1.283164,0.539632,0.196030,0.045281,0.019980,0.022828
47.804,ekf,-1.249824,0.546298,0.199112,0.048839,0.020321,0.030377
47.804,ekf,-1.272076,0.540506,0.189422,0.040088,0.019426,0.018650
47.838,ekf,-1.229587,0.549077,0.175995,0.045691,0.019924,0.037888
47.872,ekf,-1.196123,0.555091,0.179528,0.049243,0.020268,0.042967
47.872,ekf,-1.219603,0.550063,0.185553,0.041780,0.019279,0.024030
47.906000000000006,ekf,-1.188169,0.556012,0.188493,0.045396,0.019589,0.030922
47.906000000000006,ekf,-1.199475,0.553460,0.188997,0.039882,0.018672,0.018314
47.940000000000005,ekf,-1.169539,0.559202,0.190023,0.043438,0.018944,0.025705
47.940000000000005,ekf,-1.169539,0.559202,0.190023,0.043438,0.018944,0.025705
47.974000000000004,ekf,-1.157125,0.561611,0.207582,0.041078,0.018676,0.032720
48.008,ekf,-1.124356,0.568535,0.208976,0.044846,0.019083,0.037861
48.008,ekf,-1.125865,0.567757,0.201116,0.038877,0.018297,0.019722
48.042,ekf,-1.097767,0.573490,0.201444,0.042285,0.018600,0.026121
48.042,ekf,-1.097767,0.573490,0.201444,0.042285,0.018600,0.026121
48.076,ekf,-1.068998,0.579344,0.201832,0.040259,0.018245,0.022221
48.11000000000001,ekf,-1.029665,0.591836,0.257526,0.047757,0.020093,0.063406
48.11000000000001,ekf,-1.032613,0.589448,0.220298,0.044301,0.019468,0.052294
48.144000000000005,ekf,-1.007470,0.595080,0.220356,0.046985,0.019850,0.054717
48.144000000000005,ekf,-1.007470,0.595080,0.220356,0.046985,0.019850,0.054717
48.178000000000004,ekf,-0.985584,0.598355,0.199101,0.043753,0.018969,0.024391
48.212,ekf,-0.952248,0.605042,0.196838,0.047389,0.019323,0.031307
48.212,ekf,-0.958525,0.602670,0.199473,0.040562,0.018239,0.020139
48.246,ekf,-0.927136,0.617073,0.242353,0.051217,0.023306,0.095508
48.246,ekf,-0.927136,0.617073,0.242353,0.051217,0.023306,0.095508
48.28,ekf,-0.899848,0.620476,0.198361,0.044354,0.021154,0.026564
48.314,ekf,-0.866513,0.627164,0.198371,0.047912,0.021523,0.032570
48.348000000000006,ekf,-0.835346,0.632172,0.212785,0.052761,0.021934,0.056803
48.348000000000006,ekf,-0.836816,0.631274,0.210179,0.046563,0.020293,0.050924
48.348000000000006,ekf,-0.836816,0.631274,0.210179,0.046563,0.020293,0.050924
48.382000000000005,ekf,-0.807629,0.636473,0.197777,0.042575,0.019395,0.025577
48.416000000000004,ekf,-0.776596,0.642693,0.197950,0.046026,0.019722,0.031211
48.416000000000004,ekf,-0.778721,0.641243,0.195108,0.040474,0.018524,0.020523
48.45,ekf,-0.745366,0.647836,0.195194,0.044342,0.018885,0.027621
48.45,ekf,-0.746178,0.647377,0.195721,0.038157,0.017890,0.016008
48.484,ekf,-0.731778,0.654814,0.251379,0.048824,0.023848,0.102689
48.518,ekf,-0.704606,0.661790,0.251067,0.051466,0.024471,0.104076
48.518,ekf,-0.701220,0.659377,0.195014,0.043146,0.021677,0.022627
48.552,ekf,-0.669100,0.665718,0.194776,0.046662,0.021961,0.029054
48.552,ekf,-0.665426,0.666619,0.196222,0.040375,0.020343,0.015966
48.586000000000006,ekf,-0.635323,0.672596,0.195946,0.043890,0.020598,0.023819
48.620000000000005,ekf,-0.602135,0.675689,0.135049,0.050447,0.020780,0.061675
48.620000000000005,ekf,-0.599943,0.676737,0.158780,0.045446,0.019570,0.053901
48.654,ekf,-0.569667,0.681582,0.158554,0.048642,0.019828,0.056713
48.654,ekf,-0.568925,0.682539,0.192579,0.041187,0.018649,0.019884
48.688,ekf,-0.541927,0.687798,0.192252,0.044298,0.018939,0.026019
48.688,ekf,-0.541927,0.687798,0.192252,0.044298,0.018939,0.026019
48.722,ekf,-0.510453,0.693295,0.192274,0.040480,0.018233,0.023309
48.756,ekf,-0.452948,0.699715,0.122814,0.048924,0.018744,0.054557
48.756,ekf,-0.463339,0.700822,0.175146,0.042571,0.017825,0.033238
48.790000000000006,ekf,-0.429857,0.706738,0.174826,0.046288,0.018154,0.038094
48.790000000000006,ekf,-0.429857,0.706738,0.174826,0.046288,0.018154,0.038094
48.824000000000005,ekf,-0.400248,0.712517,0.184538,0.043813,0.017598,0.023030
48.858000000000004,ekf,-0.354294,0.722446,0.210857,0.049275,0.018305,0.040046
48.858000000000004,ekf,-0.360329,0.719985,0.194664,0.044719,0.017610,0.022947
48.892,ekf,-0.326974,0.726574,0.195434,0.048251,0.017971,0.029698
48.926,ekf,-0.293955,0.733127,0.196378,0.051513,0.018378,0.035178
48.926,ekf,-0.300377,0.731330,0.190307,0.045635,0.017576,0.023337
48.96,ekf,-0.269096,0.737360,0.190544,0.048890,0.017925,0.029460
48.96,ekf,-0.274052,0.736343,0.187667,0.042221,0.017114,0.018448
48.994,ekf,-0.272944,0.736295,0.190104,0.052136,0.017163,0.098048
49.028000000000006,ekf,-0.243225,0.742018,0.190370,0.054876,0.017714,0.099606
49.028000000000006,ekf,-0.240074,0.742305,0.190002,0.048171,0.017014,0.024675
49.062000000000005,ekf,-0.213017,0.747507,0.189858,0.050865,0.017306,0.029787
49.062000000000005,ekf,-0.204937,0.748568,0.189531,0.042722,0.016609,0.018788
49.096000000000004,ekf,-0.173146,0.754674,0.189869,0.046232,0.016984,0.026143
49.13,ekf,-0.157265,0.759864,0.245207,0.051413,0.018551,0.069164
49.13,ekf,-0.153799,0.759840,0.239101,0.047845,0.018698,0.065603
49.164,ekf,-0.128500,0.766011,0.239374,0.050362,0.019183,0.067599
49.164,ekf,-0.122397,0.765259,0.195345,0.044512,0.018096,0.021795
49.198,ekf,-0.094717,0.770741,0.195683,0.047474,0.018407,0.027640
49.198,ekf,-0.094717,0.770741,0.195683,0.047474,0.018407,0.027640
49.232000000000006,ekf,-0.063767,0.775912,0.190853,0.044526,0.017781,0.022094
49.232000000000006,ekf,-0.063767,0.775912,0.190853,0.044526,0.017781,0.022094
49.266000000000005,ekf,-0.020072,0.786567,0.183177,0.047020,0.018180,0.055288
49.300000000000004,ekf,0.013362,0.792745,0.182526,0.050413,0.018629,0.058394
49.300000000000004,ekf,0.009146,0.791791,0.191010,0.041683,0.017286,0.017942
49.334,ekf,0.042529,0.798241,0.190702,0.045459,0.017628,0.025847
49.368,ekf,0.080488,0.802443,0.175217,0.052265,0.017965,0.062915
49.368,ekf,0.073662,0.801303,0.181166,0.048196,0.017075,0.057610
49.402,ekf,0.107108,0.807415,0.180362,0.051518,0.017565,0.060622
49.402,ekf,0.099097,0.805739,0.190013,0.042349,0.016335,0.019525
49.436,ekf,0.132488,0.812145,0.189037,0.046091,0.016707,0.027217
49.470000000000006,ekf,0.155856,0.818265,0.213130,0.050573,0.017621,0.056430
49.470000000000006,ekf,0.155540,0.817959,0.205625,0.046064,0.016988,0.049828
49.504000000000005,ekf,0.187698,0.824652,0.204760,0.049396,0.017493,0.053185
49.538000000000004,ekf,0.218396,0.831017,0.204215,0.052376,0.018108,0.056152
49.538000000000004,ekf,0.215870,0.829641,0.194254,0.044835,0.016727,0.026919
49.538000000000004,ekf,0.215870,0.829641,0.194254,0.044835,0.016727,0.026919
49.572,ekf,0.248774,0.835911,0.191319,0.042339,0.016171,0.022251
49.606,ekf,0.285861,0.841851,0.202359,0.048039,0.016640,0.048898
49.606,ekf,0.283453,0.840617,0.193846,0.043277,0.015851,0.045634
49.64,ekf,0.313330,0.846479,0.193642,0.046549,0.016263,0.048898
49.67400000000001,ekf,0.338884,0.851488,0.193495,0.049176,0.016707,0.051520
49.67400000000001,ekf,0.338232,0.850914,0.190014,0.043436,0.015787,0.022798
49.708000000000006,ekf,0.368890,0.856809,0.189913,0.046785,0.016166,0.028878
49.708000000000006,ekf,0.365572,0.856382,0.193712,0.039019,0.015405,0.018287
49.742000000000004,ekf,0.434830,0.875426,0.240418,0.048804,0.017727,0.055710
49.742000000000004,ekf,0.434830,0.875426,0.240418,0.048804,0.017727,0.055710
49.776,ekf,0.447273,0.874627,0.195316,0.042502,0.016386,0.022668
49.81,ekf,0.473998,0.879963,0.213599,0.045866,0.016776,0.033942
49.81,ekf,0.469054,0.878418,0.204191,0.040794,0.015909,0.030237
49.844,ekf,0.502170,0.886116,0.240360,0.045330,0.016643,0.044470
49.844,ekf,0.502170,0.886116,0.240360,0.045330,0.016643,0.044470
49.878,ekf,0.507685,0.890381,0.236028,0.053981,0.028804,0.112725
49.912000000000006,ekf,0.540677,0.898598,0.251167,0.057138,0.029486,0.115541
49.912000000000006,ekf,0.534657,0.894784,0.238604,0.043141,0.024335,0.025922
49.946000000000005,ekf,0.567677,0.902888,0.244846,0.046849,0.024730,0.033716
49.946000000000005,ekf,0.567677,0.902888,0.244846,0.046849,0.024730,0.033716
49.980000000000004,ekf,0.605279,0.909918,0.223808,0.045884,0.022791,0.043061
50.014,ekf,0.638417,0.917526,0.228018,0.049375,0.023226,0.047733
50.014,ekf,0.637692,0.918594,0.256768,0.043585,0.021540,0.022373
50.048,ekf,0.669790,0.927055,0.259286,0.047089,0.022006,0.029712
50.048,ekf,0.669790,0.927055,0.259286,0.047089,0.022006,0.029712
50.082,ekf,0.696595,0.933913,0.262995,0.043565,0.020710,0.024266
50.116,ekf,0.695264,0.934765,0.252275,0.065238,0.037345,0.183526
50.116,ekf,0.698997,0.930433,0.261914,0.070069,0.044986,0.182697
50.150000000000006,ekf,0.731594,0.939188,0.262729,0.072303,0.045560,0.183663
50.150000000000006,ekf,0.742897,0.935341,0.271672,0.054227,0.039192,0.019527
50.184000000000005,ekf,0.773417,0.943855,0.272427,0.056912,0.039553,0.026707
50.218,ekf,0.801509,0.951710,0.272916,0.059274,0.039898,0.031855
50.218,ekf,0.802679,0.951779,0.273132,0.046677,0.034563,0.020657
50.252,ekf,0.864441,0.969569,0.307027,0.053245,0.035381,0.041801
50.252,ekf,0.859113,0.968113,0.279732,0.045368,0.032979,0.037131
50.286,ekf,0.886376,0.975954,0.280294,0.048181,0.033310,0.040910
50.32,ekf,0.908829,0.982423,0.280738,0.050381,0.033609,0.043774
50.32,ekf,0.904596,0.979749,0.273226,0.042210,0.030883,0.021614
50.354000000000006,ekf,0.936286,0.988791,0.282062,0.045857,0.031310,0.031200
50.354000000000006,ekf,0.934144,0.988948,0.279489,0.039822,0.029877,0.021435
50.388000000000005,ekf,0.949118,0.993580,0.304393,0.042120,0.030182,0.033381
50.422000000000004,ekf,0.981561,1.003752,0.304446,0.045669,0.030727,0.038439
50.422000000000004,ekf,0.982352,1.002487,0.288723,0.038176,0.028749,0.023379
50.456,ekf,1.014950,1.012151,0.287976,0.042092,0.029258,0.030025
50.456,ekf,1.012604,1.011198,0.286363,0.037811,0.027338,0.019269
50.49,ekf,1.057295,1.026876,0.330672,0.044190,0.028573,0.044721
50.524,ekf,1.089388,1.037871,0.329359,0.047520,0.029329,0.048636
50.524,ekf,1.085904,1.033101,0.293577,0.042207,0.027456,0.026063
50.524,ekf,1.085904,1.033101,0.293577,0.042207,0.027456,0.026063
50.558,ekf,1.116107,1.041603,0.287992,0.041218,0.025927,0.019472
50.592000000000006,ekf,1.155743,1.054572,0.269997,0.047017,0.026971,0.047805
50.592000000000006,ekf,1.155743,1.054572,0.269997,0.047017,0.026971,0.047805
50.626000000000005,ekf,1.184464,1.063583,0.279296,0.043787,0.025498,0.024010
50.660000000000004,ekf,1.213988,1.072047,0.279012,0.046938,0.025932,0.029821
50.660000000000004,ekf,1.206612,1.069493,0.283962,0.039656,0.024385,0.018995
50.694,ekf,1.234598,1.077657,0.283714,0.042919,0.024866,0.025638
50.728,ekf,1.251640,1.088205,0.302446,0.052377,0.031076,0.106320
50.728,ekf,1.251378,1.088478,0.299798,0.053857,0.033124,0.104409
50.762,ekf,1.278517,1.096868,0.299779,0.056237,0.033639,0.105771
50.762,ekf,1.279398,1.094569,0.283138,0.042543,0.028242,0.022051
50.79600000000001,ekf,1.306592,1.102480,0.283072,0.045521,0.028623,0.027763
50.79600000000001,ekf,1.306592,1.102480,0.283072,0.045521,0.028623,0.027763
50.830000000000005,ekf,1.336236,1.111331,0.283211,0.042525,0.026765,0.022893
50.864000000000004,ekf,1.340075,1.112463,0.294632,0.043201,0.026859,0.028152
50.864000000000004,ekf,1.344099,1.113887,0.293040,0.039246,0.025394,0.022412
50.898,ekf,1.376651,1.123703,0.292770,0.043050,0.025927,0.029115
50.898,ekf,1.376651,1.123703,0.292770,0.043050,0.025927,0.029115
50.932,ekf,1.413145,1.134186,0.288214,0.041433,0.024780,0.024658
50.966,ekf,1.477125,1.153638,0.282805,0.048638,0.026053,0.040779
50.966,ekf,1.476012,1.153476,0.283424,0.044666,0.024372,0.034131
51.0,ekf,1.508657,1.162980,0.283166,0.048050,0.024971,0.038860
51.0,ekf,1.498486,1.159359,0.286433,0.039882,0.022917,0.016920
51.034000000000006,ekf,1.531102,1.168961,0.286188,0.043617,0.023524,0.025124
51.034000000000006,ekf,1.531102,1.168961,0.286188,0.043617,0.023524,0.025124
51.068000000000005,ekf,1.548438,1.176746,0.306971,0.047471,0.025604,0.070501
51.102000000000004,ekf,1.579726,1.186656,0.306584,0.050547,0.026289,0.072845
51.102000000000004,ekf,1.572464,1.183396,0.292061,0.041908,0.023949,0.021424
51.136,ekf,1.603681,1.192777,0.291786,0.045345,0.024515,0.028115
51.136,ekf,1.603681,1.192777,0.291786,0.045345,0.024515,0.028115
51.17,ekf,1.634987,1.201776,0.288409,0.042257,0.023230,0.021954
51.204,ekf,1.657088,1.206988,0.303140,0.047371,0.023810,0.057248
51.204,ekf,1.661707,1.207211,0.291508,0.044103,0.022540,0.056331
51.23800000000001,ekf,1.690607,1.215883,0.291508,0.047163,0.023095,0.058948
51.23800000000001,ekf,1.690607,1.215883,0.291508,0.047163,0.023095,0.058948
51.272000000000006,ekf,1.722994,1.225191,0.288561,0.043927,0.022216,0.023890
51.306000000000004,ekf,1.750422,1.233333,0.288551,0.046847,0.022727,0.029275
51.306000000000004,ekf,1.754639,1.235002,0.287000,0.040807,0.021377,0.020812
51.34,ekf,1.765908,1.241439,0.355783,0.048577,0.026158,0.092009
51.374,ekf,1.785806,1.248835,0.356002,0.050480,0.026763,0.093179
51.374,ekf,1.791093,1.247763,0.291166,0.043828,0.024073,0.023508
51.408,ekf,1.815712,1.255149,0.291906,0.046484,0.024439,0.028713
51.408,ekf,1.813923,1.254102,0.287275,0.040288,0.022799,0.021349
51.442,ekf,1.844152,1.263068,0.289987,0.043822,0.023290,0.028728
51.442,ekf,1.844152,1.263068,0.289987,0.043822,0.023290,0.028728
51.476000000000006,ekf,1.898596,1.277747,0.296667,0.046251,0.022681,0.043084
51.510000000000005,ekf,1.931108,1.287695,0.296997,0.049528,0.023384,0.046934
51.510000000000005,ekf,1.925308,1.285032,0.290058,0.045007,0.021986,0.019577
51.544000000000004,ekf,1.957891,1.294744,0.289422,0.048396,0.022561,0.027129
51.544000000000004,ekf,1.957891,1.294744,0.289422,0.048396,0.022561,0.027129
51.578,ekf,2.001444,1.308384,0.266749,0.049653,0.022561,0.044529
51.612,ekf,2.034245,1.317333,0.265932,0.052784,0.023126,0.048365
51.612,ekf,2.018139,1.313715,0.289803,0.045508,0.021669,0.024269
51.646,ekf,2.050039,1.323214,0.289016,0.048751,0.022376,0.030619
51.646,ekf,2.050039,1.323214,0.289016,0.048751,0.022376,0.030619
51.68,ekf,2.071683,1.329602,0.286918,0.045293,0.021426,0.025142
51.714000000000006,ekf,2.086982,1.333575,0.209565,0.048433,0.021876,0.048345
51.714000000000006,ekf,2.086255,1.334409,0.238453,0.041083,0.020474,0.042993
51.748000000000005,ekf,2.118789,1.342310,0.238108,0.044796,0.020934,0.046799
51.748000000000005,ekf,2.118789,1.342310,0.238108,0.044796,0.020934,0.046799
51.782000000000004,ekf,2.146701,1.351564,0.277351,0.042312,0.020205,0.028755
51.816,ekf,2.172371,1.358867,0.277016,0.045154,0.020724,0.033172
51.816,ekf,2.174420,1.359906,0.287238,0.040093,0.019720,0.019925
51.85,ekf,2.196933,1.365225,0.248094,0.044303,0.020221,0.045331
51.85,ekf,2.196197,1.365563,0.281296,0.038631,0.019253,0.022574
51.884,ekf,2.222544,1.373165,0.280508,0.041802,0.019830,0.028276
51.918000000000006,ekf,2.247122,1.380240,0.279978,0.044554,0.020374,0.032648
51.918000000000006,ekf,2.252468,1.381978,0.284361,0.039497,0.019451,0.025219
51.952000000000005,ekf,2.278394,1.389542,0.283087,0.042565,0.020049,0.030521
51.952000000000005,ekf,2.280385,1.390546,0.287532,0.039361,0.019208,0.020805
51.986000000000004,ekf,2.306609,1.401640,0.288765,0.046624,0.021934,0.072111
52.02,ekf,2.339205,1.411312,0.288310,0.049904,0.022759,0.074492
52.02,ekf,2.340860,1.411247,0.289324,0.041808,0.020536,0.026774
52.054,ekf,2.373445,1.420954,0.289708,0.045416,0.021242,0.032627
52.054,ekf,2.373046,1.420593,0.285897,0.040248,0.020064,0.023729
52.088,ekf,2.407729,1.433237,0.336213,0.045669,0.021590,0.049739
52.122,ekf,2.439822,1.444465,0.337553,0.048938,0.022594,0.053299
52.122,ekf,2.439577,1.439877,0.290020,0.041656,0.020378,0.024449
52.156000000000006,ekf,2.471111,1.449307,0.291244,0.045181,0.021048,0.030844
52.156000000000006,ekf,2.471031,1.449010,0.287683,0.038326,0.019365,0.021468
52.190000000000005,ekf,2.508673,1.461064,0.301947,0.043407,0.020440,0.038202
52.224000000000004,ekf,2.538482,1.470359,0.302515,0.046601,0.021180,0.042226
52.224000000000004,ekf,2.538211,1.469120,0.289370,0.041354,0.019773,0.024389
52.258,ekf,2.567738,1.477928,0.290011,0.044686,0.020383,0.030262
52.258,ekf,2.564813,1.476890,0.290007,0.039673,0.019267,0.022483
52.292,ekf,2.596315,1.486303,0.290458,0.043350,0.019943,0.029039
52.292,ekf,2.596315,1.486303,0.290458,0.043350,0.019943,0.029039
52.326,ekf,2.582431,1.481686,0.309748,0.041423,0.019476,0.029968
52.36000000000001,ekf,2.608447,1.490014,0.309810,0.044346,0.020071,0.034253
52.36000000000001,ekf,2.621534,1.493588,0.296424,0.038960,0.019030,0.022562
52.394000000000005,ekf,2.650886,1.502554,0.296468,0.042426,0.019704,0.028580
52.394000000000005,ekf,2.650886,1.502554,0.296468,0.042426,0.019704,0.028580
52.428000000000004,ekf,2.685666,1.512509,0.293270,0.040092,0.019100,0.024991
52.462,ekf,2.704227,1.520224,0.338362,0.045239,0.020995,0.062840
52.462,ekf,2.712722,1.522206,0.311171,0.042610,0.020318,0.054160
52.496,ekf,2.745093,1.532604,0.310539,0.046135,0.021109,0.057323
52.496,ekf,2.745093,1.532604,0.310539,0.046135,0.021109,0.057323
52.53,ekf,2.781528,1.542698,0.294341,0.044075,0.020230,0.028839
52.564,ekf,2.801906,1.548079,0.289014,0.047615,0.020752,0.048809
52.564,ekf,2.804347,1.548605,0.292176,0.043496,0.019478,0.041256
52.598000000000006,ekf,2.836910,1.558385,0.291423,0.046990,0.020200,0.045356
52.598000000000006,ekf,2.836910,1.558385,0.291423,0.046990,0.020200,0.045356
52.632000000000005,ekf,2.869614,1.568711,0.297347,0.044838,0.019556,0.027510
52.666000000000004,ekf,2.912373,1.576761,0.234434,0.052365,0.020309,0.066214
52.666000000000004,ekf,2.910131,1.576833,0.262344,0.047365,0.018873,0.056184
52.7,ekf,2.942396,1.585478,0.261234,0.050601,0.019548,0.059270
52.734,ekf,2.975248,1.594240,0.260050,0.053703,0.020391,0.062262
52.734,ekf,2.974771,1.596393,0.284994,0.048726,0.019064,0.036027
52.768,ekf,3.004846,1.605189,0.283983,0.051667,0.019726,0.040392
52.768,ekf,3.001989,1.604724,0.287969,0.043316,0.018270,0.028199
52.80200000000001,ekf,3.047724,1.616062,0.284295,0.049871,0.019362,0.054689
52.80200000000001,ekf,3.040783,1.614285,0.287935,0.044783,0.018277,0.051184
52.836000000000006,ekf,3.070792,1.623171,0.287726,0.047909,0.019072,0.054194
52.836000000000006,ekf,3.070792,1.623171,0.287726,0.047909,0.019072,0.054194
52.870000000000005,ekf,3.096476,1.630930,0.288347,0.043605,0.018132,0.027976
52.904,ekf,3.120156,1.637957,0.289098,0.046172,0.018686,0.032321
52.904,ekf,3.118822,1.637639,0.288520,0.041626,0.017793,0.024659
52.938,ekf,3.160249,1.645484,0.296848,0.050489,0.018742,0.072462
52.938,ekf,3.160249,1.645484,0.296848,0.050489,0.018742,0.072462
52.972,ekf,3.186774,1.653684,0.295146,0.044708,0.017950,0.027285
53.006,ekf,3.208335,1.660210,0.293022,0.047029,0.018462,0.031816
53.040000000000006,ekf,3.240032,1.669720,0.290167,0.050246,0.019223,0.037420
53.040000000000006,ekf,3.234212,1.668701,0.291485,0.045394,0.018216,0.029676
53.040000000000006,ekf,3.234212,1.668701,0.291485,0.045394,0.018216,0.029676
53.074000000000005,ekf,3.273350,1.678723,0.249109,0.047173,0.018210,0.039933
53.108000000000004,ekf,3.306297,1.687117,0.249958,0.050488,0.018830,0.044178
53.108000000000004,ekf,3.298802,1.686904,0.278133,0.043374,0.017549,0.020305
53.142,ekf,3.331486,1.696270,0.280121,0.046920,0.018276,0.028143
53.142,ekf,3.331486,1.696270,0.280121,0.046920,0.018276,0.028143
53.176,ekf,3.360641,1.706433,0.281901,0.046029,0.018468,0.040776
53.21,ekf,3.393292,1.715915,0.283475,0.049377,0.019222,0.045102
53.21,ekf,3.387444,1.714539,0.283791,0.042790,0.017968,0.031401
53.244,ekf,3.419103,1.723799,0.285300,0.046255,0.018752,0.036689
53.244,ekf,3.419103,1.723799,0.285300,0.046255,0.018752,0.036689
53.278000000000006,ekf,3.445124,1.731172,0.283558,0.043045,0.018057,0.024307
53.312000000000005,ekf,3.467409,1.738745,0.293763,0.046967,0.019148,0.048800
53.312000000000005,ekf,3.467456,1.738573,0.286520,0.042625,0.018174,0.043755
53.346000000000004,ekf,3.495723,1.746911,0.287039,0.045731,0.018853,0.047112
53.346000000000004,ekf,3.495723,1.746911,0.287039,0.045731,0.018853,0.047112
53.38,ekf,3.525038,1.755572,0.287600,0.040813,0.017953,0.028460
53.414,ekf,3.554444,1.764274,0.287771,0.044147,0.018703,0.033467
53.414,ekf,3.554520,1.764495,0.290261,0.038727,0.017488,0.022883
53.448,ekf,3.633411,1.787344,0.330975,0.048657,0.019653,0.049928
53.448,ekf,3.633411,1.787344,0.330975,0.048657,0.019653,0.049928
53.482000000000006,ekf,3.646518,1.790087,0.298947,0.045801,0.018861,0.029849
53.516000000000005,ekf,3.669139,1.797063,0.299254,0.048134,0.019415,0.033673
53.516000000000005,ekf,3.659714,1.793939,0.292182,0.040439,0.017789,0.023563
53.550000000000004,ekf,3.687630,1.802328,0.291586,0.043666,0.018453,0.029302
53.550000000000004,ekf,3.682139,1.800386,0.287058,0.037279,0.017106,0.018311
53.584,ekf,3.746346,1.820451,0.291083,0.045379,0.018965,0.039503
53.618,ekf,3.778915,1.830213,0.291378,0.048736,0.019819,0.043663
53.618,ekf,3.816273,1.840883,0.297250,0.041849,0.018343,0.022363
53.652,ekf,3.848781,1.850843,0.297345,0.045444,0.019125,0.029017
53.652,ekf,3.822832,1.843272,0.292907,0.039067,0.017897,0.022647
53.686,ekf,3.839349,1.848706,0.304755,0.041870,0.018577,0.038040
53.720000000000006,ekf,3.871784,1.858902,0.304395,0.045454,0.019462,0.042359
53.720000000000006,ekf,3.853901,1.853029,0.295181,0.038267,0.017788,0.027960
53.754000000000005,ekf,3.885597,1.862662,0.294870,0.042062,0.018661,0.033456
53.754000000000005,ekf,3.873487,1.858899,0.293471,0.035776,0.017423,0.027397
53.788000000000004,ekf,3.906323,1.870209,0.348790,0.041112,0.018897,0.046949
53.788000000000004,ekf,3.906323,1.870209,0.348790,0.041112,0.018897,0.046949
53.822,ekf,3.928467,1.875400,0.308208,0.039650,0.018526,0.029193
53.856,ekf,3.958074,1.884823,0.308071,0.043090,0.019333,0.034142
53.856,ekf,3.956456,1.883596,0.295631,0.037325,0.017977,0.020574
53.89,ekf,3.988258,1.893279,0.295497,0.041221,0.018784,0.027539
53.92400000000001,ekf,4.044191,1.914645,0.300373,0.049598,0.021782,0.063522
53.92400000000001,ekf,4.035281,1.911705,0.295787,0.045373,0.020810,0.061213
53.958000000000006,ekf,4.059278,1.919017,0.295724,0.047841,0.021515,0.063239
53.958000000000006,ekf,4.049696,1.915798,0.293652,0.040206,0.019487,0.031367
53.992000000000004,ekf,4.078234,1.924427,0.293613,0.043458,0.020266,0.035816
53.992000000000004,ekf,4.078234,1.924427,0.293613,0.043458,0.020266,0.035816
54.026,ekf,4.096322,1.929864,0.291092,0.039929,0.019090,0.026106
54.06,ekf,4.104568,1.930074,0.194381,0.050454,0.019139,0.097250
54.06,ekf,4.105405,1.930964,0.259220,0.050169,0.018097,0.089960
54.094,ekf,4.138536,1.938574,0.192818,0.054485,0.018985,0.098796
54.128,ekf,4.187953,1.947514,0.114789,0.060088,0.020852,0.108736
54.128,ekf,4.182572,1.950457,0.165685,0.051230,0.018911,0.063371
54.162000000000006,ekf,4.216219,1.955331,0.126994,0.055096,0.019574,0.071622
54.162000000000006,ekf,4.204269,1.955624,0.151156,0.048327,0.018178,0.043938
54.196000000000005,ekf,4.237958,1.960207,0.131222,0.052069,0.018516,0.051664
54.196000000000005,ekf,4.237958,1.960207,0.131222,0.052069,0.018516,0.051664
54.230000000000004,ekf,4.196296,1.953286,0.160746,0.047135,0.017683,0.038218
54.264,ekf,4.229906,1.958418,0.151341,0.050730,0.017976,0.044595
54.264,ekf,4.227137,1.955679,0.094239,0.042722,0.016920,0.024074
54.298,ekf,4.260992,1.958811,0.090607,0.046587,0.017016,0.031499
54.298,ekf,4.260992,1.958811,0.090607,0.046587,0.017016,0.031499
54.332,ekf,4.276316,1.960338,0.079686,0.042370,0.016450,0.036599
54.332,ekf,4.276316,1.960338,0.079686,0.042370,0.016450,0.036599
54.36600000000001,ekf,4.307666,1.962161,0.058296,0.039595,0.016168,0.022527
54.400000000000006,ekf,4.341250,1.964114,0.058442,0.043641,0.016268,0.029241
54.400000000000006,ekf,4.339269,1.963690,0.051571,0.037723,0.015792,0.015831
54.434000000000005,ekf,4.373356,1.964236,0.006365,0.043063,0.015845,0.038674
54.434000000000005,ekf,4.373356,1.964236,0.006365,0.043063,0.015845,0.038674
54.468,ekf,4.402356,1.966498,0.040812,0.042144,0.015572,0.023483
54.502,ekf,4.433570,1.967803,0.042801,0.045740,0.015659,0.030061
54.502,ekf,4.432995,1.968112,0.048339,0.041076,0.015362,0.017308
54.536,ekf,4.463374,1.969607,0.049904,0.044656,0.015438,0.025200
54.536,ekf,4.463374,1.969607,0.049904,0.044656,0.015438,0.025200
54.57,ekf,4.521327,1.971397,0.032900,0.045189,0.015228,0.039234
54.604000000000006,ekf,4.550109,1.972345,0.033512,0.048283,0.015399,0.042890
54.604000000000006,ekf,4.543240,1.973589,0.048988,0.040855,0.015003,0.019912
54.638000000000005,ekf,4.570390,1.974923,0.049386,0.044061,0.015082,0.026005
54.638000000000005,ekf,4.570390,1.974923,0.049386,0.044061,0.015082,0.026005
54.672000000000004,ekf,4.592018,1.976399,0.050463,0.041273,0.014991,0.023048
54.706,ekf,4.631583,1.979063,0.027167,0.047030,0.015241,0.045438
54.706,ekf,4.626708,1.980001,0.043731,0.041725,0.014892,0.044418
54.74,ekf,4.660682,1.981351,0.036183,0.045780,0.015056,0.049638
54.74,ekf,4.660682,1.981351,0.036183,0.045780,0.015056,0.049638
54.774,ekf,4.686571,1.982597,0.035580,0.041604,0.014858,0.024346
54.80800000000001,ekf,4.753873,1.989340,0.050842,0.051241,0.015655,0.059453
54.80800000000001,ekf,4.735879,1.987748,0.037631,0.045776,0.015128,0.050877
54.842000000000006,ekf,4.769855,1.989031,0.037447,0.049358,0.015331,0.054190
54.842000000000006,ekf,4.769855,1.989031,0.037447,0.049358,0.015331,0.054190
54.876000000000005,ekf,4.789891,1.989330,0.030403,0.043798,0.014892,0.024718
54.910000000000004,ekf,4.798474,1.989688,0.065090,0.045534,0.014922,0.037291
54.910000000000004,ekf,4.795792,1.989060,0.047208,0.039792,0.014683,0.033694
54.944,ekf,4.828310,1.990605,0.047688,0.043698,0.014796,0.038346
54.944,ekf,4.828310,1.990605,0.047688,0.043698,0.014796,0.038346
54.978,ekf,4.858010,1.991142,0.034473,0.040141,0.014645,0.025699
55.012,ekf,4.891990,1.992316,0.034592,0.044175,0.014762,0.031668
55.012,ekf,4.893039,1.992631,0.030749,0.039627,0.014488,0.019387
55.04600000000001,ekf,4.956912,1.992984,-0.002911,0.047712,0.014755,0.041083
55.04600000000001,ekf,4.956912,1.992984,-0.002911,0.047712,0.014755,0.041083
55.080000000000005,ekf,4.977676,1.994763,0.019338,0.043656,0.014567,0.028221
55.080000000000005,ekf,4.977676,1.994763,0.019338,0.043656,0.014567,0.028221
55.114000000000004,ekf,5.005344,1.995712,0.024297,0.040250,0.014473,0.023299
55.148,ekf,5.035713,1.996449,0.024204,0.043862,0.014602,0.029129
55.148,ekf,5.035713,1.996449,0.024204,0.043862,0.014602,0.029129
55.182,ekf,5.014629,1.999494,0.061738,0.050512,0.015769,0.099940
55.182,ekf,5.014629,1.999494,0.061738,0.050512,0.015769,0.099940
55.216,ekf,5.053959,1.999891,0.035758,0.041977,0.015362,0.021835
55.25,ekf,5.079029,2.000784,0.035472,0.044872,0.015417,0.027081
55.25,ekf,5.086524,2.000693,0.033562,0.036866,0.015231,0.016671
55.284000000000006,ekf,5.107415,2.001398,0.033706,0.039603,0.015272,0.022132
55.318000000000005,ekf,5.126910,2.002056,0.033785,0.041994,0.015323,0.026200
55.318000000000005,ekf,5.133662,2.001983,0.032503,0.036825,0.015148,0.020902
55.352000000000004,ekf,5.141278,2.001114,-0.014422,0.043770,0.015408,0.073608
55.352000000000004,ekf,5.146891,2.001321,0.024764,0.042006,0.015222,0.068211
55.386,ekf,5.163207,2.001725,0.024604,0.043909,0.015303,0.069420
55.42,ekf,5.177806,2.002080,0.024235,0.045549,0.015446,0.070517
55.42,ekf,5.186755,2.001846,0.032215,0.039852,0.015128,0.028673
55.454,ekf,5.201518,2.002321,0.031940,0.041670,0.015182,0.031231
55.48800000000001,ekf,5.214811,2.002745,0.031891,0.043238,0.015242,0.033306
55.48800000000001,ekf,5.219857,2.002873,0.032986,0.038313,0.015058,0.027552
55.522000000000006,ekf,5.231646,2.003260,0.032842,0.039825,0.015106,0.029664
55.522000000000006,ekf,5.235951,2.003655,0.033035,0.034861,0.014893,0.024870
55.556000000000004,ekf,5.247473,2.004033,0.032581,0.036489,0.014942,0.027256
55.556000000000004,ekf,5.251360,2.004202,0.034142,0.032788,0.014794,0.019257
55.59,ekf,5.263257,2.004607,0.033883,0.034562,0.014838,0.022250
55.624,ekf,5.235894,2.003027,0.026889,0.039703,0.014813,0.043136
55.624,ekf,5.240292,2.003269,0.027659,0.037768,0.014722,0.042859
55.658,ekf,5.250130,2.003539,0.027287,0.039058,0.014738,0.044077
55.658,ekf,5.261453,2.003829,0.034266,0.034113,0.014583,0.018915
55.692,ekf,5.271561,2.004174,0.033918,0.035573,0.014590,0.021585
55.692,ekf,5.271561,2.004174,0.033918,0.035573,0.014590,0.021585
55.726000000000006,ekf,5.288674,2.004805,0.034808,0.032176,0.014471,0.018910
55.760000000000005,ekf,5.296144,2.005065,0.034685,0.033320,0.014479,0.020851
55.760000000000005,ekf,5.299105,2.005367,0.036118,0.031181,0.014346,0.016612
55.794000000000004,ekf,5.306157,2.005621,0.035872,0.032300,0.014352,0.018747
55.794000000000004,ekf,5.306157,2.005621,0.035872,0.032300,0.014352,0.018747
55.828,ekf,5.318330,2.006027,0.035282,0.030435,0.014267,0.019072
55.828,ekf,5.318330,2.006027,0.035282,0.030435,0.014267,0.019072
55.862,ekf,5.327176,2.006523,0.034913,0.028974,0.014176,0.018152
55.896,ekf,5.332912,2.006723,0.034778,0.029952,0.014183,0.019738
55.896,ekf,5.332912,2.006723,0.034778,0.029952,0.014183,0.019738
55.93000000000001,ekf,5.341872,2.006958,0.034535,0.028506,0.014081,0.016891
55.93000000000001,ekf,5.341872,2.006958,0.034535,0.028506,0.014081,0.016891
55.964000000000006,ekf,5.348986,2.007229,0.034086,0.026886,0.014057,0.017649
55.998000000000005,ekf,5.353412,2.007379,0.034042,0.027698,0.014064,0.018885
55.998000000000005,ekf,5.353412,2.007379,0.034042,0.027698,0.014064,0.018885
56.032000000000004,ekf,5.358945,2.007721,0.033756,0.026738,0.013950,0.018804
56.032000000000004,ekf,5.358945,2.007721,0.033756,0.026738,0.013950,0.018804
56.066,ekf,5.363993,2.008282,0.034866,0.025976,0.013799,0.016660
56.1,ekf,5.367581,2.008407,0.034772,0.026661,0.013805,0.017758
56.1,ekf,5.369531,2.008534,0.036080,0.024915,0.013663,0.014414
56.134,ekf,5.372994,2.008659,0.036006,0.025603,0.013667,0.015617
56.134,ekf,5.372994,2.008659,0.036006,0.025603,0.013667,0.015617
56.168000000000006,ekf,5.376730,2.008836,0.035794,0.025003,0.013571,0.016136
56.202000000000005,ekf,5.352633,2.005702,0.002565,0.036014,0.014014,0.070063
56.202000000000005,ekf,5.361200,2.006410,0.033988,0.038642,0.014256,0.074178
56.236000000000004,ekf,5.363796,2.006498,0.033964,0.038977,0.014257,0.074356
56.236000000000004,ekf,5.363796,2.006498,0.033964,0.038977,0.014257,0.074356
56.27,ekf,5.372729,2.007320,0.033483,0.033434,0.014041,0.023649
56.304,ekf,5.375015,2.007396,0.033481,0.033774,0.014046,0.024132
56.338,ekf,5.377160,2.007468,0.033454,0.034091,0.014050,0.024584
56.338,ekf,5.382650,2.008227,0.036654,0.030322,0.013752,0.015723
56.338,ekf,5.382650,2.008227,0.036654,0.030322,0.013752,0.015723
56.37200000000001,ekf,5.387425,2.008700,0.037296,0.028223,0.013572,0.013328
56.406000000000006,ekf,5.389283,2.008770,0.037286,0.028551,0.013573,0.014015
56.406000000000006,ekf,5.392007,2.009010,0.036574,0.025829,0.013427,0.012305
56.440000000000005,ekf,5.393690,2.009071,0.036559,0.026153,0.013428,0.012983
56.440000000000005,ekf,5.393690,2.009071,0.036559,0.026153,0.013428,0.012983
56.474000000000004,ekf,5.396756,2.009319,0.036236,0.024507,0.013305,0.012967
56.508,ekf,5.398497,2.009382,0.036222,0.024860,0.013306,0.013632
56.508,ekf,5.398946,2.009463,0.036130,0.023278,0.013231,0.012478
56.542,ekf,5.428669,2.011175,-0.058077,0.033345,0.013332,0.056516
56.542,ekf,5.428669,2.011175,-0.058077,0.033345,0.013332,0.056516
56.576,ekf,5.422861,2.011319,-0.064059,0.032603,0.013226,0.046348
56.61000000000001,ekf,5.415403,2.012314,-0.191356,0.037244,0.013440,0.069061
56.61000000000001,ekf,5.414753,2.012206,-0.141815,0.034072,0.013361,0.053452
56.644000000000005,ekf,5.427407,2.009539,-0.244856,0.038494,0.013908,0.071044
56.644000000000005,ekf,5.427407,2.009539,-0.244856,0.038494,0.013908,0.071044
56.678000000000004,ekf,5.441603,2.005600,-0.304017,0.039309,0.015106,0.053530
56.712,ekf,5.446573,2.003730,-0.447614,0.042929,0.016467,0.076095
56.712,ekf,5.443070,2.004988,-0.428875,0.039185,0.016521,0.053218
56.746,ekf,5.443792,2.004621,-0.526116,0.041189,0.017733,0.069175
56.746,ekf,5.443792,2.004621,-0.526116,0.041189,0.017733,0.069175
56.78,ekf,5.455050,1.997809,-0.597758,0.038263,0.019237,0.051116
56.814,ekf,5.453976,1.998558,-0.681222,0.039817,0.020707,0.065538
56.814,ekf,5.451979,1.999149,-0.729515,0.036117,0.021142,0.050395
56.848000000000006,ekf,5.474259,1.980585,-0.903136,0.041976,0.027722,0.087722
56.848000000000006,ekf,5.474259,1.980585,-0.903136,0.041976,0.027722,0.087722
56.882000000000005,ekf,5.466709,1.986697,-0.946876,0.043497,0.034080,0.093266
56.916000000000004,ekf,5.433898,2.031619,-1.020652,0.046619,0.040525,0.104916
56.916000000000004,ekf,5.440756,2.028656,-1.040946,0.038896,0.037967,0.059580
56.95,ekf,5.454942,2.002651,-1.179843,0.040446,0.043453,0.081388
56.95,ekf,5.457493,2.002735,-1.152060,0.033251,0.037091,0.018846
56.984,ekf,5.456960,2.004011,-1.232238,0.033641,0.039038,0.044413
57.018,ekf,5.457651,2.002418,-1.337090,0.034811,0.044181,0.083052
57.018,ekf,5.459076,2.003662,-1.346766,0.031884,0.044923,0.078862
57.05200000000001,ekf,5.449204,1.988412,-1.464748,0.044120,0.065041,0.189692
57.05200000000001,ekf,5.460566,2.010816,-1.436350,0.044849,0.071150,0.166475
57.086000000000006,ekf,5.460516,2.011166,-1.514964,0.044894,0.072494,0.172200
57.086000000000006,ekf,5.460516,2.011166,-1.514964,0.044894,0.072494,0.172200
57.120000000000005,ekf,5.435752,2.013994,-1.597863,0.085883,0.064223,0.223020
57.154,ekf,5.435817,2.015230,-1.671122,0.085882,0.065445,0.226308
57.154,ekf,5.462345,2.027507,-1.705187,0.056782,0.059070,0.053437
57.188,ekf,5.467246,2.066906,-1.767513,0.057164,0.063620,0.070175
57.188,ekf,5.467246,2.066906,-1.767513,0.057164,0.063620,0.070175
57.222,ekf,5.472836,2.065505,-1.851052,0.046487,0.056680,0.034665
57.256,ekf,5.476795,2.078645,-1.892247,0.046738,0.058438,0.046506
57.256,ekf,5.476989,2.074965,-1.908011,0.041979,0.052769,0.037946
57.290000000000006,ekf,5.478239,2.078126,-1.986877,0.042296,0.054321,0.055238
57.324000000000005,ekf,5.483555,2.090394,-2.044113,0.042851,0.056443,0.067934
57.324000000000005,ekf,5.483940,2.088096,-2.038027,0.039613,0.052456,0.046390
57.358000000000004,ekf,5.484354,2.088867,-2.092029,0.039942,0.053315,0.056929
57.358000000000004,ekf,5.485262,2.086542,-2.079981,0.036980,0.051004,0.033971
57.392,ekf,5.491410,2.096880,-2.153343,0.037933,0.052920,0.052360
57.392,ekf,5.491410,2.096880,-2.153343,0.037933,0.052920,0.052360
57.426,ekf,5.491750,2.093408,-2.198859,0.036061,0.050137,0.035605
57.46,ekf,5.499095,2.104204,-2.301414,0.038055,0.053175,0.068390
57.46,ekf,5.499042,2.099099,-2.273651,0.036486,0.051252,0.072400
57.49400000000001,ekf,5.501303,2.101637,-2.328252,0.037353,0.052028,0.079798
57.49400000000001,ekf,5.501303,2.101637,-2.328252,0.037353,0.052028,0.079798
57.528000000000006,ekf,5.480487,2.073083,-2.393433,0.037915,0.049657,0.063085
57.528000000000006,ekf,5.480487,2.073083,-2.393433,0.037915,0.049657,0.063085
57.562000000000005,ekf,5.483137,2.072674,-2.399476,0.035994,0.045148,0.027608
57.596000000000004,ekf,5.485685,2.074926,-2.437800,0.036848,0.045691,0.039531
57.63,ekf,5.491802,2.080039,-2.493219,0.038344,0.046564,0.052448
57.63,ekf,5.490937,2.079311,-2.478670,0.036042,0.043350,0.037687
57.664,ekf,5.493652,2.081358,-2.516795,0.037011,0.043810,0.047083
57.664,ekf,5.493439,2.077418,-2.508584,0.035034,0.040741,0.036073
57.698,ekf,5.493933,2.077758,-2.536060,0.035708,0.041020,0.044161
57.698,ekf,5.493933,2.077758,-2.536060,0.035708,0.041020,0.044161
57.732000000000006,ekf,5.472698,2.060356,-2.561338,0.037793,0.039331,0.045636
57.766000000000005,ekf,5.472354,2.060150,-2.581942,0.038952,0.039737,0.057069
57.766000000000005,ekf,5.474298,2.061942,-2.593666,0.038340,0.037892,0.040641
57.800000000000004,ekf,5.475199,2.062481,-2.614480,0.038838,0.038076,0.045591
57.800000000000004,ekf,5.479342,2.064774,-2.608900,0.036112,0.035501,0.015811
57.834,ekf,5.482305,2.066441,-2.646649,0.037246,0.035878,0.032233
57.834,ekf,5.482305,2.066441,-2.646649,0.037246,0.035878,0.032233
57.868,ekf,5.474299,2.061220,-2.650446,0.037729,0.034112,0.039804
57.902,ekf,5.475723,2.061949,-2.675975,0.038428,0.034319,0.045944
57.902,ekf,5.478002,2.062135,-2.680338,0.036644,0.032580,0.021934
57.93600000000001,ekf,5.483475,2.064238,-2.783968,0.039679,0.033121,0.051111
57.93600000000001,ekf,5.483475,2.064238,-2.783968,0.039679,0.033121,0.051111
57.970000000000006,ekf,5.457499,2.054142,-2.798686,0.043643,0.031624,0.042099
58.004000000000005,ekf,5.450493,2.053241,-2.886928,0.051446,0.031827,0.093175
58.038000000000004,ekf,5.417308,2.045864,-2.948457,0.055557,0.032400,0.101252
58.038000000000004,ekf,5.427989,2.046626,-2.899198,0.056106,0.030642,0.084322
58.038000000000004,ekf,5.427989,2.046626,-2.899198,0.056106,0.030642,0.084322
58.072,ekf,5.405815,2.041129,-2.918402,0.055969,0.029407,0.029965
58.106,ekf,5.352245,2.033451,-2.963323,0.062381,0.029731,0.061430
58.106,ekf,5.365806,2.036992,-2.944115,0.060202,0.028386,0.046752
58.14,ekf,5.332387,2.030740,-2.969111,0.063243,0.028664,0.055006
58.14,ekf,5.332387,2.030740,-2.969111,0.063243,0.028664,0.055006
58.17400000000001,ekf,5.310512,2.026543,-2.969235,0.062337,0.027187,0.031370
58.208000000000006,ekf,5.317426,2.027023,-2.968862,0.066075,0.027226,0.071983
58.242000000000004,ekf,5.285922,2.021661,-2.979229,0.068509,0.027507,0.075555
58.242000000000004,ekf,5.301833,2.025436,-3.004590,0.063634,0.025792,0.070332
58.276,ekf,5.270958,2.021359,-3.012720,0.066106,0.026149,0.073624
58.276,ekf,5.281445,2.023076,-3.040996,0.061154,0.024289,0.026124
58.31,ekf,5.248084,2.019863,-3.047892,0.063917,0.024347,0.033993
58.31,ekf,5.265336,2.021145,-3.052198,0.057763,0.023670,0.023012
58.344,ekf,5.265337,2.017934,-3.016103,0.057755,0.080293,0.243121
58.344,ekf,5.265337,2.017934,-3.016103,0.057755,0.080293,0.243121
58.378,ekf,5.238887,2.010931,-3.067910,0.058194,0.069322,0.030288
58.412000000000006,ekf,5.207895,2.008717,-3.072224,0.060855,0.069264,0.036254
58.412000000000006,ekf,5.209783,2.003748,-3.077272,0.059377,0.055748,0.020217
58.446000000000005,ekf,5.183062,2.002050,-3.078840,0.061605,0.055622,0.026605
58.446000000000005,ekf,5.183062,2.002050,-3.078840,0.061605,0.055622,0.026605
58.480000000000004,ekf,5.194780,1.995809,-3.067930,0.060681,0.047175,0.045040
58.480000000000004,ekf,5.194780,1.995809,-3.067930,0.060681,0.047175,0.045040
58.514,ekf,5.170242,1.993752,-3.085033,0.059856,0.042050,0.018188
58.548,ekf,5.136311,1.991586,-3.075139,0.062768,0.042048,0.029473
58.548,ekf,5.136311,1.991586,-3.075139,0.062768,0.042048,0.029473
58.582,ekf,5.101651,1.990681,-3.081418,0.060326,0.037890,0.024501
58.582,ekf,5.101651,1.990681,-3.081418,0.060326,0.037890,0.024501
58.61600000000001,ekf,5.020961,1.983709,-3.069866,0.065355,0.034686,0.040068
58.650000000000006,ekf,4.987052,1.981225,-3.067096,0.067928,0.034707,0.044731
58.650000000000006,ekf,4.993722,1.982413,-3.079344,0.063160,0.032613,0.017057
58.684000000000005,ekf,4.959790,1.980250,-3.076508,0.065816,0.032599,0.026223
58.718,ekf,4.923520,1.977699,-3.056830,0.068780,0.032622,0.038011
58.718,ekf,4.931511,1.979054,-3.071672,0.064820,0.031740,0.028835
58.752,ekf,4.897597,1.976639,-3.069297,0.067402,0.031737,0.034914
58.752,ekf,4.907910,1.976835,-3.078473,0.059947,0.030185,0.018047
58.786,ekf,4.876049,1.974805,-3.077482,0.062552,0.030171,0.025783
58.786,ekf,4.876049,1.974805,-3.077482,0.062552,0.030171,0.025783
58.82,ekf,4.850687,1.973284,-3.078410,0.059686,0.029591,0.021404
58.854000000000006,ekf,4.787284,1.973161,-3.123249,0.065967,0.029645,0.051428
58.854000000000006,ekf,4.806328,1.972530,-3.087136,0.059989,0.027997,0.033142
58.888000000000005,ekf,4.773685,1.970739,-3.086468,0.062650,0.028004,0.037930
58.922000000000004,ekf,4.746514,1.969234,-3.086046,0.064780,0.028052,0.041464
58.922000000000004,ekf,4.752192,1.969206,-3.076943,0.060822,0.026384,0.022591
58.956,ekf,4.728193,1.967651,-3.077054,0.062759,0.026356,0.027494
58.956,ekf,4.734604,1.967098,-3.074814,0.056893,0.025258,0.018804
58.99,ekf,4.713546,1.969001,-3.090975,0.063544,0.025371,0.080740
58.99,ekf,4.713546,1.969001,-3.090975,0.063544,0.025371,0.080740
59.024,ekf,4.690557,1.967030,-3.078529,0.060569,0.024705,0.020871
59.05800000000001,ekf,4.667065,1.965558,-3.079554,0.062488,0.024673,0.026296
59.05800000000001,ekf,4.669647,1.965003,-3.076650,0.060034,0.023730,0.016988
59.092000000000006,ekf,4.637447,1.962818,-3.071295,0.062735,0.023698,0.026804
59.126000000000005,ekf,4.598213,1.953556,-3.001198,0.069251,0.024757,0.078619
59.126000000000005,ekf,4.602109,1.953561,-3.016689,0.066443,0.024486,0.074604
59.160000000000004,ekf,4.568375,1.949318,-3.016031,0.068918,0.024816,0.076934
59.160000000000004,ekf,4.585665,1.953588,-3.067374,0.060585,0.023450,0.018748
59.194,ekf,4.551759,1.951060,-3.066925,0.063311,0.023479,0.026466
59.228,ekf,4.544276,1.949270,-3.019870,0.067800,0.024191,0.078987
59.228,ekf,4.544391,1.949336,-3.027855,0.063347,0.024309,0.077027
59.262,ekf,4.510638,1.945477,-3.027625,0.065940,0.024556,0.079230
59.262,ekf,4.510163,1.947064,-3.067655,0.059261,0.023504,0.024588
59.29600000000001,ekf,4.477732,1.944660,-3.067776,0.061930,0.023536,0.030575
59.29600000000001,ekf,4.477732,1.944660,-3.067776,0.061930,0.023536,0.030575
59.330000000000005,ekf,4.440859,1.944164,-3.134121,0.060851,0.022417,0.045607
59.364000000000004,ekf,4.407589,1.943915,-3.134073,0.063526,0.022547,0.049129
59.364000000000004,ekf,4.409234,1.940393,-3.077690,0.058200,0.021818,0.018983
59.398,ekf,4.385228,1.938860,-3.077870,0.060223,0.021829,0.024587
59.432,ekf,4.353082,1.936807,-3.077660,0.062829,0.021871,0.030510
59.432,ekf,4.354549,1.936547,-3.073194,0.058956,0.021443,0.022455
59.466,ekf,4.362559,1.937625,-3.105659,0.062257,0.021617,0.062037
59.466,ekf,4.360848,1.937582,-3.090303,0.060786,0.021122,0.062359
59.50000000000001,ekf,4.336309,1.936315,-3.089863,0.062774,0.021138,0.064367
59.50000000000001,ekf,4.314551,1.934747,-3.067968,0.055971,0.020584,0.017706
59.534000000000006,ekf,4.287857,1.932778,-3.067811,0.058294,0.020636,0.024172
59.534000000000006,ekf,4.287857,1.932778,-3.067811,0.058294,0.020636,0.024172
59.568000000000005,ekf,4.259007,1.931041,-3.073444,0.056497,0.020092,0.018799
59.602000000000004,ekf,4.233790,1.929282,-3.127262,0.059631,0.020135,0.041738
59.602000000000004,ekf,4.201522,1.926236,-3.078080,0.053065,0.019546,0.050583
59.636,ekf,4.168185,1.924039,-3.074429,0.056174,0.019640,0.054458
59.636,ekf,4.168185,1.924039,-3.074429,0.056174,0.019640,0.054458
59.67,ekf,4.137886,1.921352,-3.064618,0.056373,0.019092,0.022153
59.704,ekf,4.117168,1.920088,-3.075158,0.058543,0.019140,0.033604
59.73800000000001,ekf,4.083244,1.917827,-3.075927,0.061376,0.019274,0.038581
59.73800000000001,ekf,4.087432,1.917440,-3.064512,0.058155,0.018629,0.028350
59.772000000000006,ekf,4.053532,1.914838,-3.065593,0.061002,0.018737,0.034137
59.772000000000006,ekf,4.054448,1.914454,-3.058207,0.057932,0.018330,0.020554
59.806000000000004,ekf,4.022922,1.913268,-3.110297,0.061440,0.018388,0.042187
59.806000000000004,ekf,4.018088,1.912104,-3.081028,0.054617,0.018052,0.027845
59.84,ekf,3.984621,1.910102,-3.082640,0.057624,0.018119,0.033806
59.84,ekf,3.984621,1.910102,-3.082640,0.057624,0.018119,0.033806
59.874,ekf,3.958029,1.906969,-3.063027,0.056241,0.017887,0.021280
59.908,ekf,3.926412,1.904494,-3.064105,0.058991,0.017962,0.028134
59.908,ekf,3.929543,1.904561,-3.061621,0.052583,0.017556,0.017929
59.94200000000001,ekf,3.843516,1.900216,-3.023537,0.061785,0.017874,0.055901
59.94200000000001,ekf,3.843516,1.900216,-3.023537,0.061785,0.017874,0.055901
59.976000000000006,ekf,3.820648,1.899816,-3.061086,0.061552,0.017343,0.022804
60.010000000000005,ekf,3.788852,1.897265,-3.062109,0.064089,0.017414,0.029317
60.010000000000005,ekf,3.791644,1.897428,-3.063248,0.062439,0.017165,0.016563
60.044000000000004,ekf,3.768158,1.895596,-3.064230,0.064301,0.017185,0.023013
60.078,ekf,3.796149,1.898461,-3.105275,0.067764,0.017368,0.051158
60.078,ekf,3.801775,1.899122,-3.097520,0.064815,0.017080,0.049080
60.112,ekf,3.772380,1.897841,-3.098510,0.067054,0.017098,0.052181
60.112,ekf,3.772505,1.897327,-3.067857,0.061350,0.016721,0.020713
60.146,ekf,3.746692,1.895435,-3.068868,0.063426,0.016771,0.026609
60.146,ekf,3.746692,1.895435,-3.068868,0.063426,0.016771,0.026609
60.18000000000001,ekf,3.717369,1.892794,-3.065291,0.060321,0.016399,0.021858
60.214000000000006,ekf,3.669272,1.894217,-3.046402,0.067682,0.016653,0.074646
60.214000000000006,ekf,3.669747,1.894074,-3.056377,0.068212,0.016200,0.072614
60.248000000000005,ekf,3.635869,1.891191,-3.057011,0.070647,0.016551,0.075003
60.248000000000005,ekf,3.635869,1.891191,-3.057011,0.070647,0.016551,0.075003
60.282000000000004,ekf,3.600425,1.888081,-3.056257,0.069677,0.016053,0.025409
60.316,ekf,3.532154,1.881306,-3.025342,0.074796,0.016513,0.044158
60.316,ekf,3.532145,1.882282,-3.034884,0.069185,0.015913,0.031535
60.35,ekf,3.498337,1.878683,-3.036170,0.071585,0.016110,0.036880
60.35,ekf,3.505455,1.879626,-3.047778,0.064134,0.015696,0.014109
60.384,ekf,3.471603,1.876463,-3.049043,0.066713,0.015834,0.023757
60.418000000000006,ekf,3.449774,1.871738,-3.044596,0.071507,0.016868,0.074317
60.418000000000006,ekf,3.453045,1.872217,-3.052985,0.068371,0.017025,0.071194
60.452000000000005,ekf,3.419177,1.869228,-3.054169,0.070799,0.017368,0.073704
60.452000000000005,ekf,3.422228,1.869904,-3.054051,0.063638,0.016514,0.016457
60.486000000000004,ekf,3.390666,1.867147,-3.054943,0.066062,0.016645,0.024606
60.486000000000004,ekf,3.390666,1.867147,-3.054943,0.066062,0.016645,0.024606
60.52,ekf,3.371508,1.865711,-3.057871,0.062425,0.016417,0.021960
60.554,ekf,3.397318,1.868060,-3.045713,0.064647,0.016463,0.031378
60.554,ekf,3.393270,1.867320,-3.055315,0.062295,0.016142,0.024849
60.588,ekf,3.361463,1.864570,-3.055412,0.064777,0.016266,0.030637
60.62200000000001,ekf,3.333069,1.862117,-3.055350,0.066915,0.016424,0.034998
60.62200000000001,ekf,3.325706,1.861567,-3.059588,0.061435,0.016011,0.024933
60.656000000000006,ekf,3.298988,1.859372,-3.059693,0.063559,0.016127,0.029864
60.656000000000006,ekf,3.296966,1.859132,-3.062489,0.061335,0.015877,0.022611
60.690000000000005,ekf,3.330996,1.863549,-3.115808,0.066357,0.016211,0.062610
60.724000000000004,ekf,3.308163,1.862953,-3.115419,0.068059,0.016241,0.064468
60.724000000000004,ekf,3.298904,1.861050,-3.070861,0.065449,0.015847,0.022057
60.758,ekf,3.277187,1.859510,-3.070745,0.067085,0.015873,0.026581
60.758,ekf,3.267386,1.858501,-3.067580,0.063564,0.015668,0.019527
60.792,ekf,3.245252,1.856857,-3.067348,0.065280,0.015696,0.024656
60.792,ekf,3.245252,1.856857,-3.067348,0.065280,0.015696,0.024656
60.826,ekf,3.222474,1.854139,-3.065460,0.064325,0.015387,0.018332
60.86000000000001,ekf,3.242056,1.855774,-3.069445,0.066103,0.015451,0.029987
60.86000000000001,ekf,3.232686,1.854482,-3.066721,0.062794,0.015130,0.027102
60.894000000000005,ekf,3.215173,1.853167,-3.066711,0.064169,0.015155,0.030217
60.928000000000004,ekf,3.201521,1.852142,-3.066504,0.065223,0.015186,0.032467
60.928000000000004,ekf,3.193623,1.851398,-3.064128,0.062392,0.014951,0.020374
60.962,ekf,3.181110,1.850428,-3.064426,0.063386,0.014984,0.023379
60.962,ekf,3.163722,1.848851,-3.062507,0.057326,0.014579,0.015737
60.996,ekf,3.152361,1.847953,-3.062618,0.058306,0.014604,0.019107
60.996,ekf,3.152361,1.847953,-3.062618,0.058306,0.014604,0.019107
61.03,ekf,3.132492,1.846046,-3.062210,0.057124,0.014370,0.018135
61.06400000000001,ekf,3.121471,1.845169,-3.062205,0.058077,0.014400,0.020987
61.06400000000001,ekf,3.113275,1.844060,-3.058841,0.055743,0.014141,0.015013
61.098000000000006,ekf,3.103879,1.843281,-3.058910,0.056577,0.014162,0.017918
61.098000000000006,ekf,3.103879,1.843281,-3.058910,0.056577,0.014162,0.017918
61.132000000000005,ekf,3.028624,1.835104,-3.091097,0.061311,0.014479,0.052389
61.132000000000005,ekf,3.028624,1.835104,-3.091097,0.061311,0.014479,0.052389
61.166000000000004,ekf,3.037223,1.834713,-3.048235,0.056459,0.014275,0.015528
61.2,ekf,3.028464,1.833893,-3.048262,0.057222,0.014319,0.018156
61.234,ekf,3.019606,1.833064,-3.048284,0.057984,0.014365,0.020471
61.234,ekf,3.020162,1.833494,-3.055649,0.054183,0.014089,0.015932
61.268,ekf,3.012925,1.832871,-3.055652,0.054842,0.014116,0.018073
61.268,ekf,3.011327,1.832731,-3.059506,0.052265,0.013931,0.012844
61.30200000000001,ekf,3.004991,1.832209,-3.059532,0.052864,0.013950,0.015134
61.30200000000001,ekf,3.005116,1.832214,-3.063284,0.049868,0.013737,0.010791
61.336000000000006,ekf,3.013658,1.833091,-3.021236,0.051529,0.013799,0.032300
61.336000000000006,ekf,3.013658,1.833091,-3.021236,0.051529,0.013799,0.032300
61.370000000000005,ekf,3.007647,1.832342,-3.019303,0.049714,0.013625,0.028094
61.404,ekf,3.006261,1.832142,-2.992912,0.050367,0.013676,0.036484
61.404,ekf,3.005522,1.832112,-3.003801,0.049047,0.013473,0.018357
61.438,ekf,3.004017,1.831344,-2.988275,0.058776,0.021332,0.115812
61.472,ekf,3.003032,1.831175,-2.969745,0.059163,0.021364,0.117444
61.472,ekf,3.001459,1.830777,-2.960704,0.056877,0.020580,0.024652
61.50600000000001,ekf,2.970953,1.823804,-2.879715,0.060705,0.021183,0.050403
61.50600000000001,ekf,2.967847,1.823686,-2.916373,0.058496,0.020489,0.040086
61.540000000000006,ekf,2.990681,1.827616,-2.838406,0.063347,0.020881,0.074764
61.540000000000006,ekf,2.990681,1.827616,-2.838406,0.063347,0.020881,0.074764
61.574000000000005,ekf,2.956343,1.818048,-2.834132,0.061044,0.020761,0.036592
61.608000000000004,ekf,2.913511,1.804394,-2.780879,0.065001,0.022124,0.053419
61.608000000000004,ekf,2.918848,1.807784,-2.809869,0.062530,0.021057,0.047109
61.642,ekf,2.887204,1.796044,-2.765075,0.065444,0.022359,0.058759
61.642,ekf,2.887204,1.796044,-2.765075,0.065444,0.022359,0.058759
61.676,ekf,2.871577,1.789299,-2.759502,0.060578,0.021869,0.033256
61.71,ekf,2.803316,1.766145,-2.761582,0.067166,0.024298,0.063147
61.71,ekf,2.829379,1.772392,-2.748759,0.059848,0.022623,0.051454
61.74400000000001,ekf,2.801371,1.760697,-2.736188,0.062118,0.023804,0.056590
61.74400000000001,ekf,2.801371,1.760697,-2.736188,0.062118,0.023804,0.056590
61.778000000000006,ekf,2.790166,1.752448,-2.706379,0.058080,0.023102,0.029212
61.812000000000005,ekf,2.762764,1.739468,-2.691836,0.060340,0.024451,0.038045
61.812000000000005,ekf,2.782999,1.746161,-2.699054,0.052928,0.022603,0.022567
61.846000000000004,ekf,2.794079,1.754385,-2.740683,0.058742,0.029472,0.096535
61.846000000000004,ekf,2.794079,1.754385,-2.740683,0.058742,0.029472,0.096535
61.88,ekf,2.771415,1.743414,-2.657177,0.055152,0.027827,0.034273
61.914,ekf,2.741573,1.727122,-2.630899,0.057831,0.029407,0.045168
61.914,ekf,2.746475,1.729448,-2.650407,0.052120,0.027217,0.025717
61.948,ekf,2.716639,1.713145,-2.631506,0.054847,0.028769,0.037140
61.948,ekf,2.716639,1.713145,-2.631506,0.054847,0.028769,0.037140
61.982000000000006,ekf,2.703996,1.709943,-2.642110,0.061917,0.028548,0.096206
62.016000000000005,ekf,2.674157,1.693644,-2.641890,0.064016,0.030100,0.098029
62.050000000000004,ekf,2.644363,1.677263,-2.636957,0.066130,0.031888,0.100242
62.050000000000004,ekf,2.654618,1.678975,-2.607782,0.053424,0.027539,0.031221
62.050000000000004,ekf,2.654311,1.678484,-2.601143,0.048067,0.025449,0.014564
62.084,ekf,2.620473,1.660552,-2.632771,0.052179,0.027711,0.045699
62.118,ekf,2.591793,1.644533,-2.631865,0.054519,0.029201,0.049346
62.118,ekf,2.598546,1.645746,-2.599041,0.047956,0.026719,0.021640
62.152,ekf,2.569431,1.628187,-2.598669,0.050455,0.028424,0.028561
62.152,ekf,2.569255,1.628219,-2.598148,0.044393,0.025439,0.015583
62.18600000000001,ekf,2.541998,1.611747,-2.597852,0.046955,0.027043,0.023817
62.220000000000006,ekf,2.533254,1.611441,-2.617344,0.065467,0.027100,0.143584
62.220000000000006,ekf,2.533433,1.611410,-2.603273,0.072472,0.025209,0.141694
62.254000000000005,ekf,2.508076,1.596264,-2.603018,0.073920,0.027060,0.142750
62.254000000000005,ekf,2.504512,1.594888,-2.597037,0.064730,0.025277,0.017908
62.288000000000004,ekf,2.477867,1.578742,-2.596504,0.066391,0.026920,0.025356
62.322,ekf,2.457489,1.566379,-2.596095,0.067635,0.028124,0.029824
62.322,ekf,2.455843,1.564477,-2.595316,0.057700,0.025829,0.019291
62.356,ekf,2.410822,1.536992,-2.583980,0.061025,0.028565,0.033561
62.356,ekf,2.412195,1.536908,-2.589030,0.052832,0.026781,0.025505
62.39,ekf,2.387482,1.521663,-2.588902,0.054760,0.028228,0.030744
62.42400000000001,ekf,2.366963,1.509006,-2.588855,0.056311,0.029389,0.034456
62.42400000000001,ekf,2.371112,1.511048,-2.591768,0.050876,0.027328,0.019519
62.458000000000006,ekf,2.351793,1.499211,-2.591937,0.052452,0.028426,0.024717
62.458000000000006,ekf,2.356301,1.500133,-2.592711,0.046857,0.025982,0.016200
62.492000000000004,ekf,2.337020,1.488343,-2.592933,0.048556,0.027147,0.022200
62.492000000000004,ekf,2.337020,1.488343,-2.592933,0.048556,0.027147,0.022200
62.526,ekf,2.352149,1.496531,-2.582858,0.048954,0.027679,0.056303
62.526,ekf,2.352149,1.496531,-2.582858,0.048954,0.027679,0.056303
62.56,ekf,2.328568,1.482283,-2.590097,0.045316,0.026484,0.019301
62.594,ekf,2.315299,1.474122,-2.590364,0.046542,0.027276,0.023101
62.62800000000001,ekf,2.300528,1.465040,-2.590334,0.047867,0.028133,0.026605
62.62800000000001,ekf,2.295691,1.462275,-2.592221,0.042730,0.026450,0.019075
62.662000000000006,ekf,2.283300,1.454691,-2.592427,0.043938,0.027198,0.022655
62.662000000000006,ekf,2.278621,1.452003,-2.591941,0.040055,0.025413,0.015963
62.696000000000005,ekf,2.267817,1.445384,-2.591944,0.041179,0.026087,0.019554
62.696000000000005,ekf,2.267817,1.445384,-2.591944,0.041179,0.026087,0.019554
62.730000000000004,ekf,2.250469,1.435869,-2.592056,0.038668,0.025207,0.017826
62.764,ekf,2.239646,1.432734,-2.638685,0.050004,0.026836,0.100999
62.764,ekf,2.235912,1.430716,-2.611760,0.053832,0.026249,0.097804
62.798,ekf,2.228393,1.426311,-2.611558,0.054430,0.026686,0.098269
62.832,ekf,2.220030,1.421412,-2.611941,0.055092,0.027190,0.098799
62.832,ekf,2.216514,1.419371,-2.591118,0.046262,0.024574,0.020990
62.86600000000001,ekf,2.207684,1.413953,-2.591230,0.047056,0.025156,0.023376
62.86600000000001,ekf,2.207347,1.413562,-2.590614,0.043539,0.023517,0.015508
62.900000000000006,ekf,2.200005,1.409051,-2.590616,0.044243,0.024018,0.018112
62.900000000000006,ekf,2.199514,1.409530,-2.589600,0.040492,0.022819,0.013266
62.934000000000005,ekf,2.192279,1.405075,-2.589669,0.041242,0.023325,0.016197
62.934000000000005,ekf,2.192279,1.405075,-2.589669,0.041242,0.023325,0.016197
62.968,ekf,2.182776,1.398820,-2.588177,0.038115,0.022466,0.014659
63.002,ekf,2.177461,1.395536,-2.588205,0.038700,0.022849,0.016671
63.002,ekf,2.177789,1.395179,-2.588193,0.036597,0.021837,0.012894
63.036,ekf,2.172406,1.391854,-2.588283,0.037217,0.022235,0.015209
63.07000000000001,ekf,2.181096,1.397572,-2.540425,0.039049,0.023554,0.035951
63.07000000000001,ekf,2.180837,1.397420,-2.553856,0.036664,0.022827,0.029981
63.104000000000006,ekf,2.201386,1.409263,-2.477736,0.042808,0.026157,0.072493
63.104000000000006,ekf,2.196622,1.405567,-2.555328,0.045616,0.026927,0.075980
63.138000000000005,ekf,2.195463,1.404724,-2.491443,0.046624,0.027824,0.084054
63.138000000000005,ekf,2.195463,1.404724,-2.491443,0.046624,0.027824,0.084054
63.172000000000004,ekf,2.166761,1.384844,-2.435844,0.045335,0.028414,0.047165
63.206,ekf,2.166028,1.384163,-2.387121,0.045967,0.029276,0.056648
63.206,ekf,2.163750,1.383825,-2.396168,0.043072,0.027499,0.022325
63.24,ekf,2.161291,1.381477,-2.350391,0.043822,0.028570,0.038052
63.24,ekf,2.161291,1.381477,-2.350391,0.043822,0.028570,0.038052
63.274,ekf,2.191350,1.410802,-2.276485,0.045396,0.033219,0.059266
63.30800000000001,ekf,2.191623,1.411096,-2.241231,0.046673,0.035197,0.077488
63.30800000000001,ekf,2.183256,1.405512,-2.257931,0.043270,0.034485,0.057655
63.342000000000006,ekf,2.181136,1.402853,-2.228104,0.043681,0.035308,0.062886
63.376000000000005,ekf,2.166724,1.384684,-2.168345,0.045405,0.038698,0.076894
63.376000000000005,ekf,2.167802,1.387430,-2.174657,0.039164,0.034885,0.049854
63.410000000000004,ekf,2.166379,1.385254,-2.137689,0.039543,0.035874,0.057016
63.410000000000004,ekf,2.164515,1.384550,-2.173022,0.036661,0.032846,0.023415
63.444,ekf,2.162637,1.381716,-2.141551,0.037059,0.033856,0.034809
63.444,ekf,2.162637,1.381716,-2.141551,0.037059,0.033856,0.034809
63.478,ekf,2.158949,1.378394,-2.117287,0.035248,0.033034,0.027660
63.512,ekf,2.156302,1.374243,-2.069086,0.036171,0.035425,0.051217
63.512,ekf,2.154506,1.373021,-2.081465,0.035037,0.035964,0.053026
63.54600000000001,ekf,2.152877,1.370037,-2.056876,0.035301,0.036846,0.057772
63.54600000000001,ekf,2.152877,1.370037,-2.056876,0.035301,0.036846,0.057772
63.580000000000005,ekf,2.151388,1.370243,-2.035088,0.031715,0.034055,0.026907
63.614000000000004,ekf,2.150862,1.369165,-2.011658,0.031893,0.034745,0.034707
63.614000000000004,ekf,2.151239,1.370960,-2.010272,0.030041,0.032407,0.023686
63.648,ekf,2.152924,1.373820,-1.943650,0.032265,0.038073,0.075094
63.648,ekf,2.152924,1.373820,-1.943650,0.032265,0.038073,0.075094
63.682,ekf,2.139354,1.342871,-1.912992,0.031125,0.041655,0.046373
63.716,ekf,2.118104,1.276617,-1.830535,0.032545,0.050188,0.067047
63.716,ekf,2.117617,1.286087,-1.896066,0.030633,0.046786,0.042966
63.75000000000001,ekf,2.107779,1.253547,-1.830806,0.031302,0.051192,0.059087
63.75000000000001,ekf,2.110543,1.264268,-1.874411,0.028967,0.047632,0.020489
63.784000000000006,ekf,2.095497,1.210816,-1.824685,0.029884,0.053601,0.044380
63.818000000000005,ekf,2.087536,1.177864,-1.784070,0.030411,0.057177,0.055865
63.818000000000005,ekf,2.107372,1.229131,-1.804177,0.026799,0.048369,0.031211
63.852000000000004,ekf,2.100133,1.195912,-1.764970,0.027198,0.052324,0.045807
63.852000000000004,ekf,2.105284,1.211822,-1.767457,0.025663,0.049192,0.032750
63.886,ekf,2.100911,1.180984,-1.683381,0.025836,0.053763,0.055368
63.92,ekf,2.097606,1.150740,-1.670255,0.026002,0.056723,0.060269
63.92,ekf,2.100603,1.171108,-1.723635,0.024497,0.051969,0.027335
63.954,ekf,2.096128,1.139978,-1.703879,0.024645,0.055208,0.038168
63.954,ekf,2.103575,1.174109,-1.710159,0.023295,0.047922,0.025945
63.98800000000001,ekf,2.099298,1.141772,-1.693761,0.023437,0.051471,0.036432
64.022,ekf,2.088142,1.084626,-1.696525,0.024357,0.058942,0.068171
64.022,ekf,2.094221,1.109917,-1.695604,0.023089,0.055314,0.058616
64.056,ekf,2.091094,1.084213,-1.690363,0.023283,0.057665,0.061641
64.056,ekf,2.096260,1.110861,-1.683153,0.021968,0.050192,0.022974
64.09,ekf,2.093473,1.080729,-1.642927,0.022099,0.053838,0.040435
64.09,ekf,2.093473,1.080729,-1.642927,0.022099,0.053838,0.040435
64.12400000000001,ekf,2.092683,1.061987,-1.644937,0.021342,0.052400,0.027643
64.158,ekf,2.092787,1.031373,-1.622610,0.021403,0.057597,0.061033
64.158,ekf,2.095411,1.049814,-1.627766,0.020608,0.052907,0.051530
64.19200000000001,ekf,2.093623,1.015861,-1.617690,0.020706,0.056197,0.056541
64.19200000000001,ekf,2.093623,1.015861,-1.617690,0.020706,0.056197,0.056541
64.226,ekf,2.094445,0.999039,-1.612927,0.020078,0.052307,0.024648
64.26,ekf,2.096883,1.030485,-1.594920,0.020188,0.056796,0.051897
64.26,ekf,2.096468,1.031564,-1.601171,0.019804,0.053458,0.051118
64.294,ekf,2.095431,0.997580,-1.601710,0.019804,0.056555,0.054441
64.294,ekf,2.095431,0.997580,-1.601710,0.019804,0.056555,0.054441
64.328,ekf,2.093770,0.962874,-1.607351,0.019132,0.054484,0.024326
64.36200000000001,ekf,2.085689,0.927337,-1.643017,0.020571,0.062898,0.087889
64.36200000000001,ekf,2.086118,0.923497,-1.618416,0.020290,0.059772,0.082282
64.396,ekf,2.084596,0.891781,-1.619089,0.020507,0.062378,0.084270
64.396,ekf,2.084596,0.891781,-1.619089,0.020507,0.062378,0.084270
64.43,ekf,2.083760,0.857509,-1.608920,0.019450,0.056439,0.025016
64.43,ekf,2.083760,0.857509,-1.608920,0.019450,0.056439,0.025016
64.464,ekf,2.082386,0.826031,-1.606007,0.018929,0.055317,0.018522
64.498,ekf,2.074556,0.728612,-1.647032,0.019372,0.064260,0.047953
64.498,ekf,2.074556,0.728612,-1.647032,0.019372,0.064260,0.047953
64.53200000000001,ekf,2.077038,0.714935,-1.612115,0.018641,0.057986,0.027318
64.53200000000001,ekf,2.077038,0.714935,-1.612115,0.018641,0.057986,0.027318
64.566,ekf,2.076164,0.688756,-1.607251,0.018200,0.055985,0.020195
64.60000000000001,ekf,2.075292,0.664899,-1.607557,0.018193,0.058082,0.025548
64.60000000000001,ekf,2.075480,0.670471,-1.607855,0.017774,0.051626,0.016007
64.634,ekf,2.075333,0.664080,-1.604410,0.017766,0.052713,0.028554
64.668,ekf,2.074681,0.644481,-1.602356,0.017754,0.054578,0.032443
64.668,ekf,2.074724,0.646214,-1.608144,0.017347,0.047226,0.020251
64.702,ekf,2.073556,0.612234,-1.604426,0.017372,0.050766,0.028713
64.702,ekf,2.073458,0.612942,-1.604613,0.017075,0.044296,0.017172
64.736,ekf,2.072306,0.578962,-1.604892,0.017086,0.047983,0.025308
64.736,ekf,2.072306,0.578962,-1.604892,0.017086,0.047983,0.025308
64.77000000000001,ekf,2.072798,0.551186,-1.589113,0.016808,0.050744,0.046805
64.804,ekf,2.072150,0.517192,-1.590549,0.016915,0.054016,0.050590
64.804,ekf,2.071964,0.527054,-1.599569,0.016446,0.047868,0.021333
64.83800000000001,ekf,2.070969,0.493068,-1.600976,0.016496,0.051320,0.028692
64.83800000000001,ekf,2.070969,0.493068,-1.600976,0.016496,0.051320,0.028692
64.872,ekf,2.068044,0.456168,-1.596240,0.016407,0.052565,0.048662
64.906,ekf,2.067160,0.422425,-1.597790,0.016547,0.055710,0.052312
64.94,ekf,2.066288,0.390332,-1.598254,0.016852,0.058528,0.055380
64.94,ekf,2.066309,0.400106,-1.600150,0.016075,0.052371,0.027313
64.974,ekf,2.065294,0.366121,-1.601115,0.016157,0.055537,0.033246
64.974,ekf,2.065541,0.372094,-1.603178,0.015763,0.051353,0.022409
65.00800000000001,ekf,2.061674,0.305987,-1.619933,0.016061,0.058027,0.043257
65.00800000000001,ekf,2.062182,0.310213,-1.607157,0.015572,0.054626,0.029960
65.042,ekf,2.061113,0.280959,-1.607405,0.015630,0.057243,0.034573
65.042,ekf,2.061113,0.280959,-1.607405,0.015630,0.057243,0.034573
65.07600000000001,ekf,2.060354,0.264341,-1.602629,0.015359,0.053615,0.024392
65.11,ekf,2.059339,0.232768,-1.603177,0.015425,0.056491,0.030362
65.11,ekf,2.059445,0.237707,-1.602689,0.015182,0.051944,0.020793
65.144,ekf,2.060855,0.204617,-1.570550,0.015299,0.057113,0.055674
65.144,ekf,2.060855,0.204617,-1.570550,0.015299,0.057113,0.055674
65.178,ekf,2.058894,0.182463,-1.597375,0.014950,0.054159,0.023232
65.212,ekf,2.058176,0.155592,-1.597672,0.014980,0.056590,0.028539
65.212,ekf,2.057471,0.158220,-1.599226,0.014732,0.051030,0.018283
65.24600000000001,ekf,2.056578,0.125795,-1.596560,0.014750,0.054162,0.026683
65.24600000000001,ekf,2.056578,0.125795,-1.596560,0.014750,0.054162,0.026683
65.28,ekf,2.058285,0.091233,-1.606249,0.014631,0.058632,0.061103
65.31400000000001,ekf,2.057073,0.057255,-1.606442,0.014936,0.061461,0.063864
65.31400000000001,ekf,2.057212,0.063823,-1.603717,0.014475,0.056267,0.022618
65.348,ekf,2.056070,0.029843,-1.604974,0.014531,0.059227,0.029610
65.348,ekf,2.056070,0.029843,-1.604974,0.014531,0.059227,0.029610
65.382,ekf,2.054317,-0.013166,-1.574229,0.014400,0.057122,0.040865
65.41600000000001,ekf,2.054164,-0.047166,-1.576384,0.014551,0.060061,0.045311
65.41600000000001,ekf,2.052960,-0.035242,-1.591860,0.014210,0.053121,0.021203
65.45,ekf,2.052211,-0.069234,-1.593908,0.014241,0.056267,0.028819
65.45,ekf,2.052251,-0.063434,-1.596014,0.013994,0.051286,0.017187
65.48400000000001,ekf,2.052598,-0.095505,-1.552787,0.014044,0.055112,0.038479
65.518,ekf,2.053150,-0.127161,-1.554001,0.014196,0.057933,0.042680
65.518,ekf,2.050689,-0.123475,-1.596192,0.013790,0.051107,0.022056
65.552,ekf,2.049810,-0.157463,-1.597003,0.013856,0.054343,0.029030
65.552,ekf,2.049704,-0.156027,-1.597271,0.013661,0.048599,0.017192
65.586,ekf,2.048896,-0.185940,-1.597927,0.013697,0.051596,0.024656
65.62,ekf,2.046901,-0.237373,-1.595187,0.013905,0.056816,0.040538
65.62,ekf,2.046270,-0.226858,-1.602396,0.013614,0.051353,0.033598
65.65400000000001,ekf,2.045371,-0.255369,-1.602176,0.013712,0.054059,0.037663
65.65400000000001,ekf,2.045271,-0.251186,-1.608046,0.013483,0.048420,0.018023
65.688,ekf,2.044099,-0.282599,-1.608083,0.013545,0.051557,0.025297
65.688,ekf,2.044099,-0.282599,-1.608083,0.013545,0.051557,0.025297
65.72200000000001,ekf,2.043288,-0.308321,-1.605967,0.013338,0.050566,0.020271
65.756,ekf,2.044205,-0.357070,-1.572073,0.013537,0.056503,0.048783
65.756,ekf,2.043210,-0.344884,-1.593620,0.013254,0.050464,0.036579
65.79,ekf,2.042586,-0.372165,-1.592688,0.013326,0.053117,0.040391
65.824,ekf,2.041841,-0.406157,-1.592642,0.013543,0.056225,0.044416
65.824,ekf,2.041736,-0.382784,-1.600562,0.013175,0.046076,0.023602
65.858,ekf,2.040732,-0.416769,-1.600094,0.013268,0.049634,0.030107
65.858,ekf,2.040504,-0.414717,-1.602381,0.013071,0.044373,0.018515
65.89200000000001,ekf,2.034354,-0.458331,-1.588103,0.013951,0.053420,0.073551
65.89200000000001,ekf,2.034354,-0.458331,-1.588103,0.013951,0.053420,0.073551
65.926,ekf,2.033265,-0.485693,-1.604215,0.013634,0.049558,0.025132
65.96000000000001,ekf,2.032156,-0.519675,-1.602698,0.013729,0.052902,0.031654
65.96000000000001,ekf,2.032389,-0.511130,-1.606230,0.013490,0.046072,0.019750
65.994,ekf,2.027189,-0.592482,-1.594158,0.014035,0.055419,0.050822
65.994,ekf,2.027189,-0.592482,-1.594158,0.014035,0.055419,0.050822
66.028,ekf,2.026424,-0.607463,-1.605546,0.013726,0.051430,0.024986
66.028,ekf,2.026424,-0.607463,-1.605546,0.013726,0.051430,0.024986
66.062,ekf,2.025728,-0.629418,-1.605782,0.013535,0.049357,0.020551
66.096,ekf,2.024661,-0.660159,-1.605144,0.013617,0.052387,0.027253
66.096,ekf,2.024661,-0.660159,-1.605144,0.013617,0.052387,0.027253
66.13000000000001,ekf,2.020296,-0.671193,-1.623490,0.021253,0.065015,0.111785
66.13000000000001,ekf,2.020296,-0.671193,-1.623490,0.021253,0.065015,0.111785
66.164,ekf,2.020020,-0.698473,-1.602623,0.019414,0.054436,0.021454
66.19800000000001,ekf,2.019143,-0.726021,-1.602635,0.019442,0.056908,0.027142
66.19800000000001,ekf,2.019143,-0.726021,-1.602635,0.019442,0.056908,0.027142
66.232,ekf,2.018666,-0.755065,-1.600660,0.018749,0.055213,0.022989
66.266,ekf,2.019550,-0.741947,-1.593288,0.018778,0.057819,0.047987
66.266,ekf,2.019494,-0.742037,-1.600926,0.018006,0.052795,0.045266
66.3,ekf,2.018762,-0.765798,-1.602233,0.018012,0.055021,0.048093
66.3,ekf,2.017968,-0.771795,-1.593145,0.017305,0.048360,0.016550
66.334,ekf,2.017500,-0.791913,-1.594968,0.017313,0.050431,0.022619
66.334,ekf,2.017500,-0.791913,-1.594968,0.017313,0.050431,0.022619
66.36800000000001,ekf,2.016414,-0.825748,-1.595742,0.016871,0.048105,0.019888
66.402,ekf,2.016444,-0.817623,-1.589663,0.016868,0.049677,0.034665
66.402,ekf,2.015938,-0.825191,-1.591986,0.016403,0.045189,0.029764
66.436,ekf,2.015194,-0.859183,-1.593313,0.016436,0.048830,0.035390
66.436,ekf,2.015194,-0.859183,-1.593313,0.016436,0.048830,0.035390
66.47,ekf,2.013451,-0.904161,-1.591698,0.016040,0.048051,0.022363
66.504,ekf,2.013845,-0.938622,-1.576774,0.016114,0.052469,0.042889
66.504,ekf,2.013176,-0.946653,-1.589706,0.015803,0.047612,0.032798
66.53800000000001,ekf,2.012518,-0.980647,-1.590580,0.015838,0.051073,0.037858
66.53800000000001,ekf,2.012518,-0.980647,-1.590580,0.015838,0.051073,0.037858
66.572,ekf,2.011404,-1.015971,-1.598049,0.015570,0.047739,0.023323
66.60600000000001,ekf,2.010484,-1.062323,-1.584919,0.015684,0.052618,0.035640
66.60600000000001,ekf,2.010013,-1.066295,-1.591575,0.015322,0.046913,0.023426
66.64,ekf,2.009352,-1.097811,-1.592051,0.015361,0.050169,0.029555
66.64,ekf,2.009352,-1.097811,-1.592051,0.015361,0.050169,0.029555
66.674,ekf,2.008353,-1.132583,-1.595739,0.015111,0.048521,0.022294
66.708,ekf,2.007531,-1.165423,-1.595843,0.015160,0.051796,0.028768
66.708,ekf,2.007146,-1.166039,-1.601851,0.014914,0.043986,0.017603
66.742,ekf,2.002032,-1.183124,-1.596050,0.018028,0.055350,0.104855
66.742,ekf,2.002032,-1.183124,-1.596050,0.018028,0.055350,0.104855
66.77600000000001,ekf,2.001057,-1.212100,-1.601395,0.017110,0.048951,0.023371
66.81,ekf,2.000124,-1.242655,-1.601292,0.017125,0.051978,0.029223
66.81,ekf,2.000629,-1.243190,-1.601253,0.016721,0.047268,0.019260
66.84400000000001,ekf,1.999845,-1.269188,-1.600739,0.016740,0.049951,0.025325
66.84400000000001,ekf,1.999845,-1.269188,-1.600739,0.016740,0.049951,0.025325
66.878,ekf,2.000197,-1.290261,-1.626007,0.016388,0.050693,0.060734
66.912,ekf,1.998323,-1.324209,-1.625943,0.016575,0.053933,0.063481
66.912,ekf,1.999313,-1.324117,-1.601866,0.016132,0.046973,0.020399
66.946,ekf,1.998253,-1.358101,-1.602203,0.016143,0.050466,0.027620
66.946,ekf,1.998253,-1.358101,-1.602203,0.016143,0.050466,0.027620
66.98,ekf,1.996109,-1.405260,-1.590539,0.015929,0.050755,0.034237
67.01400000000001,ekf,1.995428,-1.439253,-1.591154,0.016038,0.054010,0.039045
67.01400000000001,ekf,1.995428,-1.439253,-1.591154,0.015522,0.044752,0.020589
67.048,ekf,1.994726,-1.473246,-1.591704,0.015540,0.048413,0.027837
67.048,ekf,1.994726,-1.473246,-1.591704,0.015540,0.048413,0.027837
67.08200000000001,ekf,1.995071,-1.485544,-1.595171,0.015392,0.051267,0.058600
67.116,ekf,1.994274,-1.518163,-1.595223,0.015547,0.054354,0.061330
67.116,ekf,1.994286,-1.521361,-1.599673,0.015215,0.049930,0.025891
67.15,ekf,1.993300,-1.555347,-1.599846,0.015249,0.053228,0.031841
67.15,ekf,1.993285,-1.559759,-1.599746,0.015003,0.045436,0.017808
67.184,ekf,1.992404,-1.590107,-1.599900,0.015026,0.048665,0.024976
67.218,ekf,1.985469,-1.630425,-1.672608,0.016022,0.056345,0.072307
67.218,ekf,1.987323,-1.626262,-1.642525,0.015749,0.052869,0.064693
67.25200000000001,ekf,1.985162,-1.656224,-1.643021,0.016033,0.055635,0.067048
67.25200000000001,ekf,1.987157,-1.657235,-1.599245,0.015400,0.047655,0.019976
67.286,ekf,1.986243,-1.689087,-1.599682,0.015450,0.050895,0.026952
67.32000000000001,ekf,1.985434,-1.716938,-1.599976,0.015530,0.053566,0.031795
67.32000000000001,ekf,1.985588,-1.717167,-1.599931,0.015132,0.050237,0.021417
67.354,ekf,1.979386,-1.733008,-1.635454,0.020676,0.061657,0.116964
67.354,ekf,1.980270,-1.733576,-1.599912,0.022580,0.060262,0.113332
67.388,ekf,1.979431,-1.762137,-1.600429,0.022815,0.062594,0.114631
67.388,ekf,1.979431,-1.762137,-1.600429,0.022815,0.062594,0.114631
67.42200000000001,ekf,1.978926,-1.785191,-1.600810,0.020398,0.049417,0.022816
67.456,ekf,1.977908,-1.817540,-1.603638,0.020443,0.052639,0.030013
67.456,ekf,1.978291,-1.817209,-1.597607,0.019500,0.044505,0.019132
67.49000000000001,ekf,1.976061,-1.874156,-1.590676,0.019587,0.051117,0.039595
67.49000000000001,ekf,1.976061,-1.874156,-1.590676,0.019587,0.051117,0.039595
67.524,ekf,1.975352,-1.908133,-1.592024,0.018745,0.048584,0.023759
67.558,ekf,1.974616,-1.942125,-1.592920,0.018773,0.051982,0.030371
67.558,ekf,1.975695,-1.933383,-1.595057,0.018191,0.045373,0.020251
67.592,ekf,1.972732,-1.997262,-1.589988,0.018325,0.052875,0.045108
67.592,ekf,1.972732,-1.997262,-1.589988,0.018325,0.052875,0.045108
67.626,ekf,1.971910,-2.026747,-1.599770,0.017863,0.051914,0.024273
67.66000000000001,ekf,1.970946,-2.059646,-1.600341,0.017892,0.055000,0.030491
67.66000000000001,ekf,1.972318,-2.047047,-1.598038,0.017494,0.047025,0.018850
67.694,ekf,1.971471,-2.077893,-1.598389,0.017505,0.050204,0.025902
67.694,ekf,1.971471,-2.077893,-1.598389,0.017505,0.050204,0.025902
67.72800000000001,ekf,1.972552,-2.100917,-1.620452,0.017180,0.049991,0.056980
67.72800000000001,ekf,1.972552,-2.100917,-1.620452,0.017180,0.049991,0.056980
67.762,ekf,1.972634,-2.130417,-1.596997,0.016829,0.049008,0.020983
67.796,ekf,1.971864,-2.159597,-1.597218,0.016852,0.051902,0.027141
67.796,ekf,1.971864,-2.159597,-1.597218,0.016852,0.051902,0.027141
67.83,ekf,1.971280,-2.189520,-1.598772,0.016596,0.050078,0.023321
67.864,ekf,1.968815,-2.225097,-1.663179,0.016730,0.054694,0.046783
67.864,ekf,1.970489,-2.223865,-1.634318,0.016293,0.050638,0.032172
67.89800000000001,ekf,1.968551,-2.254381,-1.634328,0.016355,0.053568,0.036662
67.932,ekf,1.967122,-2.276885,-1.634032,0.016448,0.055633,0.039693
67.932,ekf,1.969422,-2.274640,-1.606280,0.015922,0.050501,0.022511
67.932,ekf,1.969422,-2.274640,-1.606280,0.015922,0.050501,0.022511
67.96600000000001,ekf,1.968937,-2.299553,-1.600568,0.015709,0.049947,0.019651
68.0,ekf,1.967286,-2.443032,-1.556965,0.016532,0.063379,0.051895
68.0,ekf,1.965661,-2.395991,-1.596390,0.015852,0.048907,0.018587
68.034,ekf,1.964792,-2.429980,-1.596163,0.015926,0.052269,0.026268
68.034,ekf,1.964792,-2.429980,-1.596163,0.015926,0.052269,0.026268
68.068,ekf,1.964361,-2.453708,-1.600129,0.015709,0.051063,0.022172
68.102,ekf,1.965441,-2.506056,-1.569535,0.015947,0.057181,0.049008
68.102,ekf,1.964831,-2.492572,-1.591488,0.015589,0.052778,0.035681
68.13600000000001,ekf,1.964113,-2.526565,-1.592221,0.015659,0.055919,0.040346
68.17,ekf,1.963370,-2.560556,-1.593032,0.015848,0.058893,0.044542
68.17,ekf,1.963733,-2.543209,-1.596712,0.015426,0.051316,0.022923
68.20400000000001,ekf,1.958683,-2.609508,-1.612481,0.015919,0.058836,0.053655
68.20400000000001,ekf,1.960010,-2.595931,-1.596287,0.015385,0.055969,0.043611
68.238,ekf,1.959207,-2.627171,-1.596750,0.015481,0.058701,0.047156
68.238,ekf,1.959207,-2.627171,-1.596750,0.015481,0.058701,0.047156
68.272,ekf,1.958928,-2.652684,-1.595464,0.015160,0.054327,0.023135
68.306,ekf,1.958188,-2.682402,-1.595740,0.015201,0.057001,0.028948
68.306,ekf,1.959571,-2.670485,-1.598954,0.014846,0.052324,0.018198
68.34,ekf,1.958514,-2.650649,-1.637840,0.014928,0.057775,0.067547
68.34,ekf,1.958514,-2.650649,-1.637840,0.014928,0.057775,0.067547
68.37400000000001,ekf,1.957657,-2.671516,-1.604951,0.014764,0.049636,0.023588
68.408,ekf,1.956605,-2.702028,-1.605504,0.014816,0.052627,0.029543
68.408,ekf,1.957024,-2.699541,-1.599752,0.014591,0.045858,0.018504
68.44200000000001,ekf,1.956217,-2.727047,-1.600478,0.014624,0.048779,0.025142
68.44200000000001,ekf,1.956217,-2.727047,-1.600478,0.014624,0.048779,0.025142
68.476,ekf,1.956248,-2.749500,-1.605146,0.014491,0.048677,0.041787
68.51,ekf,1.955362,-2.775157,-1.605424,0.014577,0.051250,0.044816
68.54400000000001,ekf,1.954188,-2.807715,-1.608644,0.014818,0.054393,0.048976
68.54400000000001,ekf,1.954772,-2.808817,-1.600803,0.014362,0.049944,0.028326
68.54400000000001,ekf,1.954772,-2.808817,-1.600803,0.014362,0.049944,0.028326
68.578,ekf,1.954130,-2.842554,-1.597699,0.014155,0.049845,0.024847
68.578,ekf,1.954130,-2.842554,-1.597699,0.014155,0.049845,0.024847
68.61200000000001,ekf,1.960380,-2.918460,-1.578623,0.014450,0.056536,0.064136
68.646,ekf,1.960081,-2.952458,-1.580594,0.014750,0.059500,0.067029
68.646,ekf,1.960081,-2.952458,-1.580594,0.014750,0.059500,0.067029
68.68,ekf,1.958972,-2.982090,-1.591982,0.014183,0.058512,0.025778
68.714,ekf,1.958420,-3.050959,-1.586386,0.014419,0.064450,0.042048
68.714,ekf,1.957991,-3.025024,-1.593604,0.014033,0.053517,0.030518
68.748,ekf,1.957195,-3.059015,-1.594790,0.014128,0.056623,0.035987
68.748,ekf,1.957195,-3.059015,-1.594790,0.014128,0.056623,0.035987
68.78200000000001,ekf,1.956197,-3.077824,-1.598825,0.013917,0.054425,0.025592
68.816,ekf,1.955335,-3.108555,-1.599282,0.013992,0.057184,0.031169
68.816,ekf,1.955299,-3.098787,-1.596632,0.013794,0.049103,0.021878
68.85000000000001,ekf,1.956499,-3.154870,-1.581358,0.014035,0.055945,0.051217
68.85000000000001,ekf,1.955269,-3.142559,-1.596236,0.013755,0.049519,0.018416
68.884,ekf,1.954493,-3.173072,-1.596282,0.013790,0.052510,0.025413
68.918,ekf,1.953761,-3.201831,-1.596232,0.013863,0.055180,0.030570
68.918,ekf,1.953384,-3.199625,-1.599068,0.013627,0.052980,0.021107
68.952,ekf,1.952472,-3.231909,-1.599044,0.013669,0.055944,0.027732
68.952,ekf,1.952347,-3.223934,-1.600225,0.013508,0.049543,0.019039
68.986,ekf,1.948907,-3.248820,-1.639014,0.013994,0.055214,0.064457
69.02000000000001,ekf,1.947233,-3.273357,-1.638869,0.014254,0.057391,0.066360
69.02000000000001,ekf,1.948888,-3.273338,-1.601740,0.013739,0.054663,0.024583
69.054,ekf,1.948142,-3.297822,-1.600373,0.013763,0.056882,0.029608
69.054,ekf,1.948288,-3.296031,-1.602176,0.013598,0.052219,0.016617
69.08800000000001,ekf,1.947268,-3.330016,-1.600022,0.013625,0.055412,0.025675
69.08800000000001,ekf,1.947268,-3.330016,-1.600022,0.013625,0.055412,0.025675
69.122,ekf,1.934348,-3.416835,-1.617339,0.015078,0.063580,0.072437
69.156,ekf,1.932774,-3.450799,-1.616805,0.015713,0.066207,0.074818
69.156,ekf,1.935661,-3.420436,-1.604396,0.014519,0.053697,0.022521
69.19,ekf,1.934530,-3.454417,-1.603731,0.014625,0.056781,0.029335
69.19,ekf,1.934530,-3.454417,-1.603731,0.014625,0.056781,0.029335
69.224,ekf,1.934130,-3.473041,-1.601872,0.014389,0.052328,0.043144
69.25800000000001,ekf,1.933087,-3.506968,-1.601198,0.014551,0.055489,0.047056
69.25800000000001,ekf,1.933890,-3.491966,-1.603149,0.014141,0.046384,0.020234
69.292,ekf,1.932800,-3.525948,-1.602545,0.014188,0.049925,0.027595
69.292,ekf,1.932800,-3.525948,-1.602545,0.014188,0.049925,0.027595
69.32600000000001,ekf,1.933391,-3.563778,-1.580431,0.013979,0.051596,0.046416
69.36,ekf,1.933096,-3.594654,-1.580207,0.014166,0.054511,0.049676
69.36,ekf,1.932592,-3.587259,-1.596858,0.013822,0.047784,0.021659
69.394,ekf,1.931794,-3.617788,-1.597012,0.013882,0.050881,0.027885
69.394,ekf,1.931794,-3.617788,-1.597012,0.013882,0.050881,0.027885
69.428,ekf,1.931073,-3.644867,-1.598863,0.013742,0.047387,0.023318
69.428,ekf,1.931073,-3.644867,-1.598863,0.013742,0.047387,0.023318
69.462,ekf,1.931076,-3.663098,-1.594618,0.013615,0.044587,0.031456
69.49600000000001,ekf,1.930379,-3.692402,-1.594609,0.013678,0.047760,0.035823
69.49600000000001,ekf,1.930379,-3.692402,-1.594609,0.013678,0.047760,0.035823
69.53,ekf,1.929633,-3.723394,-1.594914,0.013480,0.045672,0.024850
69.53,ekf,1.929633,-3.723394,-1.594914,0.013480,0.045672,0.024850
69.56400000000001,ekf,1.929010,-3.748772,-1.595725,0.013368,0.044492,0.022028
69.598,ekf,1.927056,-3.744044,-1.612895,0.020845,0.058964,0.132490
69.598,ekf,1.927056,-3.744044,-1.612895,0.020845,0.058964,0.132490
69.632,ekf,1.927297,-3.783803,-1.597337,0.019866,0.055858,0.032778
69.632,ekf,1.927297,-3.783803,-1.597337,0.019866,0.055858,0.032778
69.66600000000001,ekf,1.926890,-3.820622,-1.593966,0.019054,0.051831,0.020917
69.7,ekf,1.926842,-3.865753,-1.608184,0.019107,0.057049,0.045357
69.7,ekf,1.927075,-3.864137,-1.597410,0.018420,0.049312,0.017691
69.73400000000001,ekf,1.926166,-3.898125,-1.597597,0.018428,0.052649,0.025627
69.768,ekf,1.925248,-3.932113,-1.598001,0.018477,0.055790,0.031699
69.768,ekf,1.924955,-3.930873,-1.603556,0.017876,0.047831,0.020702
69.802,ekf,1.925112,-3.934541,-1.634995,0.017896,0.051864,0.064227
69.802,ekf,1.925543,-3.937544,-1.602278,0.017598,0.051639,0.068444
69.836,ekf,1.924500,-3.970552,-1.602489,0.017723,0.054744,0.070845
69.836,ekf,1.924500,-3.970552,-1.602489,0.017723,0.054744,0.070845
69.87,ekf,1.924152,-4.012636,-1.595212,0.017296,0.051598,0.023719
69.90400000000001,ekf,1.923398,-4.043439,-1.595327,0.017355,0.054502,0.029547
69.90400000000001,ekf,1.923383,-4.047150,-1.596860,0.016907,0.048282,0.017963
69.938,ekf,1.917978,-4.053868,-1.607074,0.036555,0.062880,0.162056
69.938,ekf,1.917978,-4.053868,-1.607074,0.036555,0.062880,0.162056
69.97200000000001,ekf,1.915557,-4.093096,-1.602257,0.034155,0.061387,0.036769
70.006,ekf,1.914657,-4.121773,-1.602105,0.034054,0.063686,0.040520
70.006,ekf,1.911918,-4.135399,-1.600544,0.030870,0.053374,0.021940
70.04,ekf,1.911034,-4.165148,-1.600474,0.030872,0.056092,0.027936
70.04,ekf,1.911034,-4.165148,-1.600474,0.030872,0.056092,0.027936
70.074,ekf,1.913838,-4.169486,-1.605034,0.056755,0.078650,0.176656
70.108,ekf,1.912899,-4.196889,-1.605000,0.056786,0.080373,0.177433
70.108,ekf,1.919477,-4.214584,-1.599657,0.045522,0.061631,0.022784
70.14200000000001,ekf,1.918786,-4.238648,-1.599292,0.045499,0.063560,0.027697
70.14200000000001,ekf,1.918786,-4.238648,-1.599292,0.045499,0.063560,0.027697
70.176,ekf,1.917638,-4.282849,-1.596264,0.040110,0.058707,0.024038
70.21000000000001,ekf,1.916949,-4.276025,-1.604862,0.040186,0.063487,0.076551
70.21000000000001,ekf,1.918050,-4.286663,-1.604742,0.036861,0.057902,0.076850
70.244,ekf,1.916894,-4.320643,-1.604877,0.036860,0.060768,0.079048
70.244,ekf,1.916894,-4.320643,-1.604877,0.036860,0.060768,0.079048
70.278,ekf,1.915405,-4.366023,-1.592867,0.032974,0.057762,0.025942
70.312,ekf,1.914177,-4.382866,-1.579861,0.032978,0.061092,0.055949
70.312,ekf,1.914705,-4.389756,-1.592417,0.031290,0.058147,0.055215
70.346,ekf,1.913975,-4.423703,-1.592170,0.031221,0.061002,0.058251
70.346,ekf,1.913975,-4.423703,-1.592170,0.031221,0.061002,0.058251
70.38000000000001,ekf,1.913459,-4.473347,-1.591918,0.028985,0.058326,0.024547
70.414,ekf,1.912800,-4.504800,-1.591561,0.028919,0.060968,0.030402
70.414,ekf,1.912969,-4.510312,-1.594491,0.027563,0.055690,0.021062
70.44800000000001,ekf,1.911084,-4.551010,-1.609221,0.027510,0.059741,0.038212
70.44800000000001,ekf,1.911084,-4.551010,-1.609221,0.027510,0.059741,0.038212
70.482,ekf,1.910634,-4.583619,-1.600272,0.026483,0.055824,0.025645
70.516,ekf,1.909841,-4.610355,-1.600582,0.026464,0.058174,0.030518
70.516,ekf,1.910567,-4.611960,-1.596576,0.025555,0.053252,0.021428
70.55000000000001,ekf,1.909723,-4.644612,-1.596803,0.025520,0.056240,0.028113
70.55000000000001,ekf,1.908958,-4.647152,-1.595650,0.024692,0.048453,0.017749
70.584,ekf,1.902003,-4.656289,-1.663968,0.038987,0.062621,0.155224
70.61800000000001,ekf,1.899414,-4.683975,-1.664028,0.039299,0.064796,0.156121
70.61800000000001,ekf,1.900694,-4.689922,-1.599887,0.035438,0.057196,0.029007
70.652,ekf,1.899832,-4.719368,-1.600220,0.035301,0.059723,0.033804
70.652,ekf,1.897434,-4.727011,-1.598014,0.032554,0.050763,0.020576
70.686,ekf,1.896465,-4.760686,-1.600518,0.032447,0.054028,0.028466
70.72,ekf,1.893932,-4.797782,-1.658186,0.032407,0.058354,0.048327
70.72,ekf,1.895938,-4.799186,-1.637530,0.030909,0.054832,0.038133
70.754,ekf,1.893676,-4.833111,-1.637297,0.030821,0.057854,0.042412
70.754,ekf,1.895226,-4.835308,-1.610748,0.029782,0.054100,0.026047
70.78800000000001,ekf,1.893882,-4.869282,-1.609739,0.029674,0.057176,0.032228
70.78800000000001,ekf,1.893882,-4.869282,-1.609739,0.029674,0.057176,0.032228
70.822,ekf,1.895271,-4.925227,-1.550317,0.027878,0.056325,0.042261
70.85600000000001,ekf,1.895975,-4.959220,-1.549779,0.027897,0.059273,0.046225
70.85600000000001,ekf,1.894151,-4.960430,-1.579154,0.026662,0.054659,0.026372
70.89,ekf,1.893873,-4.994429,-1.578784,0.026568,0.057693,0.032294
70.924,ekf,1.895763,-5.019222,-1.579005,0.026610,0.062526,0.068261
70.924,ekf,1.894969,-5.017883,-1.602453,0.025557,0.061185,0.063263
70.958,ekf,1.893990,-5.048848,-1.602447,0.025570,0.063665,0.065672
70.958,ekf,1.893038,-5.048418,-1.592801,0.024728,0.055915,0.025693
70.992,ekf,1.892290,-5.082410,-1.592836,0.024718,0.058876,0.031636
70.992,ekf,1.892290,-5.082410,-1.592836,0.024718,0.058876,0.031636
71.02600000000001,ekf,1.891286,-5.113169,-1.597433,0.023851,0.056064,0.024790
71.06,ekf,1.890124,-5.112399,-1.615760,0.058467,0.066286,0.203688
71.06,ekf,1.887873,-5.112862,-1.600213,0.072210,0.068106,0.205417
71.09400000000001,ekf,1.886935,-5.144783,-1.600108,0.072310,0.070409,0.206198
71.09400000000001,ekf,1.886935,-5.144783,-1.600108,0.072310,0.070409,0.206198
71.128,ekf,1.889895,-5.177784,-1.596588,0.056609,0.063165,0.036402
71.162,ekf,1.889290,-5.201276,-1.596476,0.056307,0.064996,0.039527
71.162,ekf,1.891207,-5.209279,-1.597781,0.046103,0.054148,0.021918
71.196,ekf,1.889354,-5.237071,-1.607106,0.046045,0.057868,0.046438
71.196,ekf,1.889354,-5.237071,-1.607106,0.046045,0.057868,0.046438
71.23,ekf,1.887778,-5.266747,-1.602418,0.042372,0.055275,0.025928
71.26400000000001,ekf,1.887010,-5.291632,-1.601000,0.042358,0.057505,0.030815
71.26400000000001,ekf,1.886965,-5.297155,-1.596994,0.037362,0.050742,0.020657
71.298,ekf,1.886085,-5.331144,-1.596306,0.037350,0.054000,0.027937
71.298,ekf,1.886085,-5.331144,-1.596306,0.037350,0.054000,0.027937
71.33200000000001,ekf,1.884666,-5.370118,-1.612090,0.035081,0.054509,0.034178
71.366,ekf,1.883283,-5.404090,-1.610985,0.035095,0.057560,0.039118
71.366,ekf,1.883373,-5.401692,-1.603805,0.032596,0.053107,0.027685
71.4,ekf,1.882268,-5.435674,-1.602781,0.032529,0.056233,0.033570
71.4,ekf,1.883595,-5.432647,-1.600100,0.030185,0.051147,0.018207
71.434,ekf,1.884295,-5.461032,-1.568253,0.030154,0.055245,0.046235
71.434,ekf,1.884295,-5.461032,-1.568253,0.030154,0.055245,0.046235
71.468,ekf,1.882152,-5.494522,-1.591060,0.028972,0.054733,0.029733
71.50200000000001,ekf,1.881514,-5.526708,-1.590233,0.029010,0.057613,0.034965
71.50200000000001,ekf,1.881448,-5.526829,-1.590646,0.027478,0.053072,0.022420
71.536,ekf,1.880834,-5.557948,-1.590323,0.027519,0.055933,0.028642
71.536,ekf,1.880834,-5.557948,-1.590323,0.027519,0.055933,0.028642
71.57000000000001,ekf,1.876008,-5.595823,-1.578198,0.026963,0.058123,0.070520
71.604,ekf,1.875799,-5.624011,-1.578085,0.027078,0.060503,0.072511
71.604,ekf,1.875249,-5.623691,-1.594011,0.025964,0.052191,0.022100
71.638,ekf,1.874573,-5.652785,-1.593960,0.025985,0.054910,0.027947
71.638,ekf,1.874573,-5.652785,-1.593960,0.025985,0.054910,0.027947
71.67200000000001,ekf,1.873892,-5.683547,-1.592774,0.024825,0.051655,0.023668
71.706,ekf,1.869197,-5.713185,-1.626155,0.025256,0.058521,0.074824
71.706,ekf,1.869967,-5.712100,-1.596507,0.024426,0.057998,0.071356
71.74000000000001,ekf,1.869272,-5.738835,-1.597098,0.024493,0.060272,0.073286
71.774,ekf,1.868596,-5.764307,-1.597956,0.024701,0.062366,0.075119
71.774,ekf,1.869065,-5.766094,-1.592331,0.023784,0.057421,0.027801
71.808,ekf,1.868274,-5.800084,-1.595149,0.023828,0.060352,0.034195
71.808,ekf,1.867748,-5.800545,-1.594813,0.023201,0.055152,0.026259
71.842,ekf,1.870652,-5.885139,-1.573836,0.023593,0.063854,0.058734
71.842,ekf,1.870652,-5.885139,-1.573836,0.023593,0.063854,0.058734
71.876,ekf,1.868421,-5.918886,-1.593341,0.022761,0.063085,0.033297
71.91000000000001,ekf,1.867636,-5.952877,-1.593806,0.022854,0.065736,0.038228
71.91000000000001,ekf,1.868658,-5.941612,-1.594544,0.021942,0.059956,0.023958
71.944,ekf,1.868726,-5.952964,-1.574169,0.021972,0.061533,0.038331
71.944,ekf,1.868726,-5.952964,-1.574169,0.021972,0.061533,0.038331
71.97800000000001,ekf,1.867627,-5.985091,-1.586341,0.020925,0.061821,0.027055
72.012,ekf,1.867104,-6.019087,-1.586085,0.020993,0.064517,0.032819
72.012,ekf,1.867334,-6.018209,-1.589595,0.020311,0.059245,0.025227
72.046,ekf,1.866750,-6.049498,-1.589602,0.020357,0.061835,0.030899
72.046,ekf,1.866750,-6.049498,-1.589602,0.020357,0.061835,0.030899
72.08,ekf,1.866305,-6.098574,-1.628243,0.019935,0.066208,0.050382
72.114,ekf,1.864514,-6.129765,-1.628051,0.020159,0.068522,0.053428
72.114,ekf,1.866701,-6.119235,-1.599770,0.019375,0.064357,0.032384
72.14800000000001,ekf,1.865753,-6.152013,-1.599668,0.019480,0.066859,0.037130
72.14800000000001,ekf,1.865753,-6.152013,-1.599668,0.019480,0.066859,0.037130
72.182,ekf,1.865673,-6.163141,-1.595707,0.018973,0.058425,0.027820
72.21600000000001,ekf,1.862305,-6.214407,-1.610163,0.019282,0.063717,0.051246
72.21600000000001,ekf,1.862633,-6.214514,-1.605178,0.018748,0.062768,0.050053
72.25,ekf,1.861565,-6.245634,-1.605040,0.018940,0.065204,0.053098
72.25,ekf,1.862571,-6.238170,-1.593569,0.018304,0.059811,0.026671
72.284,ekf,1.861994,-6.263919,-1.593001,0.018327,0.061938,0.031309
72.318,ekf,1.861545,-6.284126,-1.593067,0.018368,0.063551,0.034405
72.318,ekf,1.862187,-6.270437,-1.591573,0.018003,0.055433,0.022765
72.352,ekf,1.860214,-6.303839,-1.640126,0.018132,0.059197,0.042707
72.38600000000001,ekf,1.858086,-6.334346,-1.640719,0.018343,0.061734,0.046277
72.38600000000001,ekf,1.859410,-6.342561,-1.620635,0.018006,0.059743,0.040026
72.38600000000001,ekf,1.859410,-6.342561,-1.620635,0.018006,0.059743,0.040026
72.42,ekf,1.859197,-6.368767,-1.602582,0.017744,0.058004,0.029418
72.45400000000001,ekf,1.858127,-6.402750,-1.601845,0.017893,0.060879,0.034931
72.45400000000001,ekf,1.858519,-6.399416,-1.600900,0.017499,0.057324,0.028066
72.488,ekf,1.853172,-6.411352,-1.600143,0.024333,0.068561,0.128747
72.488,ekf,1.853172,-6.411352,-1.600143,0.024333,0.068561,0.128747
72.522,ekf,1.853100,-6.441700,-1.603594,0.023102,0.065264,0.036883
72.55600000000001,ekf,1.852007,-6.475322,-1.603003,0.023238,0.067798,0.041335
72.55600000000001,ekf,1.850425,-6.492940,-1.595338,0.021984,0.059961,0.025032
72.59,ekf,1.846415,-6.508414,-1.625292,0.023416,0.067447,0.096689
72.59,ekf,1.846415,-6.508414,-1.625292,0.023416,0.067447,0.096689
72.62400000000001,ekf,1.846850,-6.536738,-1.592003,0.022246,0.063564,0.033530
72.658,ekf,1.846221,-6.566630,-1.591698,0.022201,0.065882,0.037807
72.658,ekf,1.846400,-6.567567,-1.587687,0.021416,0.061307,0.024243
72.69200000000001,ekf,1.845833,-6.601373,-1.587373,0.021397,0.064012,0.030531
72.726,ekf,1.844072,-6.645799,-1.605647,0.021488,0.067809,0.043959
72.726,ekf,1.844495,-6.645343,-1.600209,0.020714,0.063497,0.037934
72.76,ekf,1.843643,-6.674222,-1.600368,0.020752,0.065739,0.041606
72.76,ekf,1.845651,-6.657227,-1.592674,0.019991,0.053387,0.021842
72.79400000000001,ekf,1.844977,-6.687896,-1.592949,0.019993,0.056194,0.028095
72.79400000000001,ekf,1.844977,-6.687896,-1.592949,0.019993,0.056194,0.028095
72.828,ekf,1.843989,-6.713091,-1.598673,0.019444,0.052488,0.024229
72.828,ekf,1.843989,-6.713091,-1.598673,0.019444,0.052488,0.024229
72.86200000000001,ekf,1.845361,-6.737065,-1.577545,0.019068,0.054946,0.061109
72.896,ekf,1.845304,-6.763041,-1.562746,0.019127,0.057519,0.065498
72.896,ekf,1.845304,-6.763041,-1.562746,0.019127,0.057519,0.065498
72.93,ekf,1.844298,-6.795003,-1.580041,0.018884,0.056406,0.032208
72.964,ekf,1.844009,-6.829001,-1.578066,0.018994,0.059375,0.037641
72.964,ekf,1.843975,-6.828951,-1.581146,0.018636,0.053746,0.027212
72.998,ekf,1.837519,-6.870257,-1.595214,0.019521,0.061923,0.081640
72.998,ekf,1.837519,-6.870257,-1.595214,0.019521,0.061923,0.081640
73.03200000000001,ekf,1.837156,-6.903483,-1.588227,0.019160,0.059983,0.041887
73.066,ekf,1.836605,-6.937479,-1.586020,0.019421,0.062786,0.046246
73.066,ekf,1.836859,-6.935731,-1.583951,0.018743,0.059694,0.031978
73.10000000000001,ekf,1.837798,-6.935251,-1.571873,0.061817,0.066855,0.211393
73.10000000000001,ekf,1.835461,-6.937223,-1.579521,0.049087,0.056343,0.030244
73.134,ekf,1.835188,-6.970087,-1.578792,0.048985,0.059199,0.035467
73.134,ekf,1.835188,-6.970087,-1.578792,0.048985,0.059199,0.035467
73.168,ekf,1.834842,-7.003844,-1.573883,0.042843,0.055527,0.028271
73.202,ekf,1.834752,-7.032076,-1.574094,0.042793,0.058018,0.032952
73.202,ekf,1.834752,-7.032076,-1.574094,0.040692,0.050625,0.020846
73.236,ekf,1.835716,-7.038774,-1.579980,0.040860,0.056693,0.080442
73.236,ekf,1.835716,-7.038774,-1.579980,0.040860,0.056693,0.080442
73.27000000000001,ekf,1.836500,-7.074664,-1.575171,0.036871,0.057642,0.039764
73.304,ekf,1.836379,-7.103665,-1.574810,0.036948,0.060111,0.043341
73.304,ekf,1.837446,-7.109604,-1.575186,0.033864,0.051901,0.027566
73.33800000000001,ekf,1.837322,-7.138571,-1.574964,0.033911,0.054624,0.032465
73.33800000000001,ekf,1.837322,-7.138571,-1.574964,0.033911,0.054624,0.032465
73.372,ekf,1.839591,-7.165670,-1.550798,0.033211,0.065726,0.107489
73.406,ekf,1.840165,-7.194242,-1.550631,0.033363,0.067869,0.108826
73.406,ekf,1.841169,-7.204815,-1.567323,0.030532,0.056290,0.025647
73.44,ekf,1.841280,-7.230708,-1.565228,0.030551,0.058580,0.030962
73.44,ekf,1.841280,-7.230708,-1.565228,0.030551,0.058580,0.030962
73.474,ekf,1.840254,-7.271877,-1.565413,0.029100,0.059017,0.028289
73.50800000000001,ekf,1.835583,-7.291994,-1.652796,0.029962,0.066322,0.092740
73.50800000000001,ekf,1.836264,-7.294168,-1.594537,0.028692,0.059731,0.083075
73.542,ekf,1.835460,-7.328159,-1.594430,0.028898,0.062512,0.085110
73.542,ekf,1.835460,-7.328159,-1.594430,0.028898,0.062512,0.085110
73.57600000000001,ekf,1.836084,-7.365595,-1.571944,0.027975,0.055897,0.036054
73.61,ekf,1.837090,-7.388786,-1.566642,0.028052,0.059364,0.056626
73.61,ekf,1.837203,-7.391606,-1.570183,0.026482,0.052134,0.046194
73.644,ekf,1.837219,-7.425606,-1.570377,0.026544,0.055303,0.049777
73.644,ekf,1.837219,-7.425606,-1.570377,0.026544,0.055303,0.049777
73.67800000000001,ekf,1.836935,-7.460492,-1.572046,0.025759,0.053809,0.030631
73.712,ekf,1.838318,-7.473032,-1.571756,0.025931,0.058810,0.074181
73.74600000000001,ekf,1.838289,-7.503883,-1.571730,0.026154,0.061377,0.076236
73.74600000000001,ekf,1.838120,-7.505764,-1.578253,0.025237,0.056052,0.071497
73.74600000000001,ekf,1.838120,-7.505764,-1.578253,0.025237,0.056052,0.071497
73.78,ekf,1.837767,-7.539490,-1.575489,0.024228,0.054938,0.035782
73.81400000000001,ekf,1.837626,-7.568261,-1.575998,0.024345,0.057505,0.039727
73.81400000000001,ekf,1.838358,-7.583242,-1.566462,0.023204,0.053228,0.021979
73.848,ekf,1.840838,-7.637877,-1.512069,0.023396,0.059061,0.046020
73.848,ekf,1.840838,-7.637877,-1.512069,0.023396,0.059061,0.046020
73.882,ekf,1.838931,-7.661388,-1.556938,0.022785,0.056992,0.029033
73.91600000000001,ekf,1.839330,-7.690115,-1.556966,0.022861,0.059462,0.033654
73.91600000000001,ekf,1.838058,-7.691823,-1.574641,0.022077,0.049295,0.020318
73.95,ekf,1.837947,-7.719018,-1.575101,0.022116,0.051989,0.026343
73.95,ekf,1.838186,-7.719381,-1.573806,0.021340,0.047692,0.016587
73.98400000000001,ekf,1.833486,-7.783866,-1.622149,0.021678,0.055659,0.052389
74.018,ekf,1.832374,-7.805234,-1.623006,0.021862,0.057557,0.054551
74.018,ekf,1.834695,-7.790361,-1.584977,0.021168,0.049488,0.029850
74.052,ekf,1.834420,-7.809312,-1.586318,0.021258,0.051392,0.033277
74.052,ekf,1.835021,-7.809183,-1.574668,0.020752,0.049381,0.022960
74.086,ekf,1.834935,-7.829431,-1.575584,0.020842,0.051407,0.027349
74.12,ekf,1.834854,-7.846448,-1.575675,0.020928,0.053038,0.030331
74.12,ekf,1.835387,-7.843938,-1.571787,0.020107,0.048502,0.023564
74.15400000000001,ekf,1.835364,-7.860288,-1.572604,0.020156,0.050176,0.027113
74.15400000000001,ekf,1.835670,-7.857566,-1.569398,0.019644,0.047120,0.021068
74.188,ekf,1.836908,-7.855160,-1.571544,0.028093,0.061202,0.139595
74.22200000000001,ekf,1.836892,-7.869918,-1.572115,0.028182,0.062405,0.140163
74.22200000000001,ekf,1.836892,-7.869918,-1.572115,0.026137,0.052427,0.025453
74.256,ekf,1.836871,-7.882841,-1.572749,0.026177,0.053657,0.028103
74.256,ekf,1.837145,-7.883017,-1.568555,0.024575,0.047177,0.018323
74.29,ekf,1.837173,-7.897859,-1.569245,0.024603,0.048739,0.022315
74.324,ekf,1.837187,-7.909317,-1.570012,0.024627,0.049916,0.025058
74.324,ekf,1.837097,-7.909188,-1.568910,0.023675,0.046575,0.017703
74.358,ekf,1.837115,-7.919855,-1.569351,0.023692,0.047716,0.020710
74.358,ekf,1.836959,-7.920538,-1.569005,0.022967,0.042194,0.015254
74.39200000000001,ekf,1.836976,-7.932233,-1.569643,0.022986,0.043572,0.019036
74.39200000000001,ekf,1.836976,-7.932233,-1.569643,0.022986,0.043572,0.019036
74.426,ekf,1.836985,-7.942248,-1.570226,0.022405,0.040631,0.017857
74.46000000000001,ekf,1.836989,-7.950639,-1.570378,0.022422,0.041655,0.020145
74.46000000000001,ekf,1.836837,-7.959255,-1.563739,0.021911,0.039705,0.015859
74.494,ekf,1.836045,-7.947346,-1.581307,0.021935,0.044345,0.055645
74.494,ekf,1.836045,-7.947346,-1.581307,0.021935,0.044345,0.055645
74.528,ekf,1.835592,-7.956926,-1.572736,0.021468,0.040833,0.023208
74.562,ekf,1.835579,-7.963906,-1.572571,0.021487,0.041683,0.024732
74.562,ekf,1.835823,-7.965432,-1.567771,0.020872,0.040063,0.017706
74.596,ekf,1.835839,-7.971436,-1.568226,0.020885,0.040817,0.019562
74.596,ekf,1.835839,-7.971436,-1.568226,0.020885,0.040817,0.019562
74.63000000000001,ekf,1.835390,-7.983781,-1.566432,0.020217,0.040524,0.017962
74.63000000000001,ekf,1.835390,-7.983781,-1.566432,0.020217,0.040524,0.017962
74.664,ekf,1.835663,-7.990625,-1.566370,0.019641,0.039239,0.018009
74.69800000000001,ekf,1.835685,-7.995839,-1.566770,0.019650,0.039908,0.019607
74.69800000000001,ekf,1.835685,-7.995839,-1.566770,0.019650,0.039908,0.019607
74.732,ekf,1.835707,-8.001571,-1.567143,0.019437,0.037825,0.019347
74.732,ekf,1.835707,-8.001571,-1.567143,0.019437,0.037825,0.019347
74.766,ekf,1.835722,-8.005918,-1.567321,0.019139,0.035835,0.018042
74.80000000000001,ekf,1.835737,-8.010224,-1.567356,0.019148,0.036432,0.019216
74.80000000000001,ekf,1.835651,-8.013084,-1.569078,0.018773,0.034701,0.016562
74.834,ekf,1.835658,-8.017098,-1.569269,0.018781,0.035280,0.017839
74.834,ekf,1.835658,-8.017098,-1.569269,0.018781,0.035280,0.017839
74.86800000000001,ekf,1.835244,-8.025617,-1.569083,0.018576,0.035117,0.017685
74.902,ekf,1.835250,-8.029323,-1.569186,0.018583,0.035643,0.018758
74.902,ekf,1.836171,-8.030676,-1.568285,0.018182,0.035268,0.016866
74.936,ekf,1.836180,-8.034155,-1.568390,0.018189,0.035760,0.017926
74.936,ekf,1.836180,-8.034155,-1.568390,0.018189,0.035760,0.017926
74.97,ekf,1.835924,-8.038200,-1.569735,0.017860,0.034686,0.017071
75.004,ekf,1.835927,-8.040860,-1.569803,0.017865,0.035070,0.017871
75.004,ekf,1.835841,-8.041019,-1.571739,0.017651,0.033739,0.014489
75.03800000000001,ekf,1.835838,-8.043978,-1.571820,0.017656,0.034177,0.015529
75.03800000000001,ekf,1.835838,-8.043978,-1.571820,0.017656,0.034177,0.015529
75.072,ekf,1.835835,-8.046808,-1.571902,0.017429,0.033343,0.015307
75.10600000000001,ekf,1.835832,-8.049180,-1.571946,0.017433,0.033698,0.016090
75.10600000000001,ekf,1.835832,-8.049180,-1.571946,0.017056,0.032400,0.014441
75.14,ekf,1.835829,-8.051338,-1.571973,0.017060,0.032732,0.015187
75.14,ekf,1.835829,-8.051338,-1.571973,0.017060,0.032732,0.015187
75.174,ekf,1.835827,-8.053296,-1.572043,0.016727,0.031947,0.014895
75.208,ekf,1.835824,-8.055389,-1.572073,0.016731,0.032274,0.015601
75.208,ekf,1.835824,-8.055389,-1.572073,0.016486,0.030738,0.014016
75.242,ekf,1.835822,-8.056982,-1.572103,0.016488,0.030997,0.014594
75.242,ekf,1.835822,-8.056982,-1.572103,0.016488,0.030997,0.014594
75.27600000000001,ekf,1.835816,-8.058600,-1.572093,0.016296,0.030481,0.014389
75.31,ekf,1.835814,-8.060331,-1.572131,0.016299,0.030764,0.015003
75.31,ekf,1.835814,-8.060331,-1.572131,0.016170,0.029871,0.014663
75.34400000000001,ekf,1.835812,-8.061840,-1.572162,0.016173,0.030124,0.015189
75.34400000000001,ekf,1.835812,-8.061840,-1.572162,0.016173,0.030124,0.015189
75.378,ekf,1.835532,-8.063310,-1.574365,0.015915,0.029065,0.012834
75.412,ekf,1.835527,-8.064755,-1.574384,0.015917,0.029313,0.013399
75.412,ekf,1.835527,-8.064755,-1.574384,0.015720,0.028251,0.012798
75.446,ekf,1.835523,-8.065893,-1.574408,0.015722,0.028453,0.013253
75.446,ekf,1.835523,-8.065893,-1.574408,0.015722,0.028453,0.013253
75.48,ekf,1.836247,-8.099220,-1.549006,0.015615,0.035293,0.040581
75.51400000000001,ekf,1.836268,-8.100187,-1.549021,0.015620,0.035430,0.040704
75.51400000000001,ekf,1.835351,-8.099128,-1.574144,0.015246,0.034898,0.020847
75.548,ekf,1.835347,-8.100172,-1.574152,0.015247,0.035048,0.021100
75.548,ekf,1.835347,-8.100172,-1.574152,0.015247,0.035048,0.021100
75.58200000000001,ekf,1.835327,-8.097346,-1.571389,0.015041,0.033483,0.017346
75.616,ekf,1.835327,-8.098188,-1.571399,0.015042,0.033609,0.017593
75.616,ekf,1.835916,-8.096057,-1.564770,0.014756,0.032208,0.013855
75.65,ekf,1.835921,-8.096885,-1.564774,0.014756,0.032336,0.014153
75.65,ekf,1.836014,-8.097641,-1.565636,0.014576,0.032057,0.013217
75.68400000000001,ekf,1.836018,-8.098245,-1.565640,0.014577,0.032151,0.013446
75.718,ekf,1.836021,-8.098930,-1.565647,0.014577,0.032258,0.013704
75.718,ekf,1.836038,-8.097818,-1.565995,0.014502,0.031457,0.013383
75.75200000000001,ekf,1.836041,-8.098541,-1.565999,0.014503,0.031571,0.013653
75.75200000000001,ekf,1.836036,-8.097354,-1.566242,0.014381,0.030696,0.013087
75.786,ekf,1.836039,-8.097980,-1.566246,0.014382,0.030798,0.013327
75.786,ekf,1.836039,-8.097980,-1.566246,0.014382,0.030798,0.013327
75.82000000000001,ekf,1.835925,-8.097716,-1.566673,0.014229,0.030042,0.012834
75.854,ekf,1.835928,-8.098282,-1.566674,0.014229,0.030136,0.013053
75.854,ekf,1.835815,-8.097729,-1.567178,0.014053,0.029818,0.012632
75.888,ekf,1.835817,-8.098236,-1.567180,0.014054,0.029903,0.012833
75.888,ekf,1.835817,-8.098236,-1.567180,0.014054,0.029903,0.012833
75.92200000000001,ekf,1.835867,-8.095188,-1.567161,0.013899,0.028526,0.012242
75.956,ekf,1.835869,-8.095592,-1.567161,0.013899,0.028597,0.012406
75.956,ekf,1.835881,-8.095250,-1.565528,0.013717,0.028147,0.011184
75.99000000000001,ekf,1.835883,-8.095672,-1.565528,0.013718,0.028222,0.011372
75.99000000000001,ekf,1.835883,-8.095672,-1.565528,0.013718,0.028222,0.011372
76.024,ekf,1.836048,-8.094555,-1.565795,0.013616,0.027316,0.011025
76.058,ekf,1.836049,-8.094826,-1.565795,0.013617,0.027366,0.011148
76.058,ekf,1.835816,-8.093195,-1.566759,0.013483,0.026181,0.010466
76.092,ekf,1.835818,-8.093526,-1.566758,0.013483,0.026245,0.010624
76.092,ekf,1.835818,-8.093526,-1.566758,0.013483,0.026245,0.010624
76.126,ekf,1.835927,-8.093682,-1.567627,0.013357,0.025935,0.010327
76.16000000000001,ekf,1.835928,-8.093948,-1.567626,0.013357,0.025987,0.010457
76.16000000000001,ekf,1.836549,-8.093404,-1.568551,0.013168,0.025520,0.009975
76.194,ekf,1.836550,-8.093647,-1.568550,0.013168,0.025567,0.010097
76.194,ekf,1.836550,-8.093647,-1.568550,0.013168,0.025567,0.010097
76.22800000000001,ekf,1.836586,-8.093418,-1.568749,0.013059,0.025048,0.009990
76.262,ekf,1.836587,-8.093628,-1.568747,0.013059,0.025090,0.010097
76.262,ekf,1.836807,-8.093247,-1.568976,0.012949,0.024711,0.009860
76.296,ekf,1.836807,-8.093451,-1.568974,0.012949,0.024752,0.009965
76.296,ekf,1.836807,-8.093451,-1.568974,0.012949,0.024752,0.009965
76.33,ekf,1.836773,-8.093394,-1.569923,0.012865,0.024390,0.009528
76.364,ekf,1.836773,-8.093571,-1.569921,0.012865,0.024426,0.009623
76.364,ekf,1.836742,-8.093068,-1.569944,0.012739,0.023959,0.009377
76.39800000000001,ekf,1.836742,-8.093234,-1.569942,0.012739,0.023993,0.009467
76.39800000000001,ekf,1.836742,-8.093234,-1.569942,0.012739,0.023993,0.009467
76.432,ekf,1.836903,-8.093013,-1.569982,0.012656,0.023826,0.009440
76.432,ekf,1.836903,-8.093013,-1.569982,0.012656,0.023826,0.009440
76.46600000000001,ekf,1.836903,-8.093147,-1.569980,0.012546,0.023567,0.009216
76.5,ekf,1.836903,-8.093271,-1.569979,0.012546,0.023594,0.009285
76.5,ekf,1.836913,-8.093060,-1.569999,0.012433,0.023245,0.008987
76.534,ekf,1.836913,-8.093181,-1.569996,0.012433,0.023272,0.009057
76.534,ekf,1.836913,-8.093181,-1.569996,0.012433,0.023272,0.009057
76.568,ekf,1.836895,-8.093636,-1.570489,0.012315,0.022881,0.008756
76.602,ekf,1.836895,-8.093736,-1.570488,0.012315,0.022903,0.008815
76.602,ekf,1.836841,-8.093189,-1.571811,0.012234,0.022511,0.008112
76.63600000000001,ekf,1.836841,-8.093290,-1.571809,0.012235,0.022534,0.008178
76.67,ekf,1.836841,-8.093388,-1.571806,0.012235,0.022555,0.008240
76.67,ekf,1.836946,-8.093311,-1.571765,0.012161,0.022260,0.008056
76.70400000000001,ekf,1.836946,-8.093394,-1.571763,0.012161,0.022278,0.008110
76.738,ekf,1.836946,-8.093471,-1.571760,0.012161,0.022296,0.008160
76.738,ekf,1.836946,-8.093471,-1.571760,0.012092,0.021907,0.007933
76.738,ekf,1.836946,-8.093471,-1.571760,0.012092,0.021907,0.007933
76.772,ekf,1.837038,-8.092983,-1.571748,0.012025,0.021544,0.007877
