t,estimator,x,y,yaw,std_x,std_y,std_yaw
0.02,ground_truth,0.000000,-0.000000,-0.000000,0.000000,0.000000,0.000000
0.04,ground_truth,0.000000,-0.000000,-0.000000,0.000000,0.000000,0.000000
0.060000000000000005,ground_truth,0.000000,-0.000000,-0.000000,0.000000,0.000000,0.000000
0.08,ground_truth,0.000000,-0.000000,-0.000000,0.000000,0.000000,0.000000
0.1,ground_truth,0.000000,-0.000000,-0.000000,0.000000,0.000000,0.000000
0.12000000000000001,ground_truth,0.000000,-0.000000,-0.000000,0.000000,0.000000,0.000000
0.14,ground_truth,0.000000,-0.000000,-0.000000,0.000000,0.000000,0.000000
0.16,ground_truth,0.000000,-0.000000,-0.000000,0.000000,0.000000,0.000000
0.18000000000000002,ground_truth,0.000000,-0.000000,-0.000000,0.000000,0.000000,0.000000
0.2,ground_truth,0.000000,-0.000000,-0.000000,0.000000,0.000000,0.000000
0.22,ground_truth,0.000000,-0.000000,-0.000000,0.000000,0.000000,0.000000
0.24000000000000002,ground_truth,0.000000,-0.000000,-0.000000,0.000000,0.000000,0.000000
0.26,ground_truth,0.000000,-0.000000,-0.000000,0.000000,0.000000,0.000000
0.28,ground_truth,0.000000,-0.000000,-0.000000,0.000000,0.000000,0.000000
0.30000000000000004,ground_truth,0.000000,-0.000000,-0.000000,0.000000,0.000000,0.000000
0.32,ground_truth,0.000000,-0.000000,-0.000000,0.000000,0.000000,0.000000
0.34,ground_truth,0.000000,-0.000000,-0.000000,0.000000,0.000000,0.000000
0.36000000000000004,ground_truth,0.000000,-0.000000,-0.000000,0.000000,0.000000,0.000000
0.38,ground_truth,0.000000,-0.000000,-0.000000,0.000000,0.000000,0.000000
0.4,ground_truth,0.000000,-0.000000,-0.000000,0.000000,0.000000,0.000000
0.42000000000000004,ground_truth,0.000000,-0.000000,-0.000000,0.000000,0.000000,0.000000
0.44,ground_truth,0.000000,-0.000000,-0.000000,0.000000,0.000000,0.000000
0.46,ground_truth,0.000000,-0.000000,-0.000000,0.000000,0.000000,0.000000
0.48000000000000004,ground_truth,0.000000,-0.000000,-0.000000,0.000000,0.000000,0.000000
0.5,ground_truth,0.000000,-0.000000,-0.000000,0.000000,0.000000,0.000000
0.52,ground_truth,0.000000,-0.000000,-0.000000,0.000000,0.000000,0.000000
0.54,ground_truth,0.000000,-0.000000,-0.000000,0.000000,0.000000,0.000000
0.56,ground_truth,0.000000,-0.000000,-0.000000,0.000000,0.000000,0.000000
0.5800000000000001,ground_truth,0.000000,-0.000000,-0.000000,0.000000,0.000000,0.000000
0.6000000000000001,ground_truth,0.000000,-0.000000,-0.000000,0.000000,0.000000,0.000000
0.62,ground_truth,0.000000,-0.000000,-0.000000,0.000000,0.000000,0.000000
0.64,ground_truth,0.000000,-0.000000,-0.000000,0.000000,0.000000,0.000000
0.66,ground_truth,0.000000,-0.000000,-0.000000,0.000000,0.000000,0.000000
0.68,ground_truth,0.000000,-0.000000,-0.000000,0.000000,0.000000,0.000000
0.7000000000000001,ground_truth,0.000000,-0.000000,-0.000000,0.000000,0.000000,0.000000
0.7200000000000001,ground_truth,0.000000,-0.000000,-0.000000,0.000000,0.000000,0.000000
0.74,ground_truth,0.000000,-0.000000,-0.000000,0.000000,0.000000,0.000000
0.76,ground_truth,0.000000,-0.000000,-0.000000,0.000000,0.000000,0.000000
0.78,ground_truth,0.000000,-0.000000,-0.000000,0.000000,0.000000,0.000000
0.8,ground_truth,0.000000,-0.000000,-0.000000,0.000000,0.000000,0.000000
0.8200000000000001,ground_truth,0.000000,-0.000000,-0.000000,0.000000,0.000000,0.000000
0.8400000000000001,ground_truth,0.000000,-0.000000,-0.000000,0.000000,0.000000,0.000000
0.8600000000000001,ground_truth,0.000000,-0.000000,-0.000000,0.000000,0.000000,0.000000
0.88,ground_truth,0.000000,-0.000000,-0.000000,0.000000,0.000000,0.000000
0.9,ground_truth,0.000000,-0.000000,-0.000000,0.000000,0.000000,0.000000
0.92,ground_truth,0.000000,-0.000000,-0.000000,0.000000,0.000000,0.000000
0.9400000000000001,ground_truth,0.000000,-0.000000,-0.000000,0.000000,0.000000,0.000000
0.9600000000000001,ground_truth,0.000000,-0.000000,-0.000000,0.000000,0.000000,0.000000
0.9800000000000001,ground_truth,0.000000,-0.000000,-0.000000,0.000000,0.000000,0.000000
1.0,ground_truth,0.000000,-0.000000,-0.000000,0.000000,0.000000,0.000000
1.02,ground_truth,0.000000,-0.000000,-0.000000,0.000000,0.000000,0.000000
1.04,ground_truth,0.000000,-0.000000,-0.000000,0.000000,0.000000,0.000000
1.06,ground_truth,0.000000,-0.000000,-0.000000,0.000000,0.000000,0.000000
1.08,ground_truth,0.000000,-0.000000,-0.000000,0.000000,0.000000,0.000000
1.1,ground_truth,0.000000,-0.000000,-0.000000,0.000000,0.000000,0.000000
1.12,ground_truth,0.000000,-0.000000,-0.000000,0.000000,0.000000,0.000000
1.1400000000000001,ground_truth,0.000000,-0.000000,-0.000000,0.000000,0.000000,0.000000
1.1600000000000001,ground_truth,0.000000,-0.000000,-0.000000,0.000000,0.000000,0.000000
1.1800000000000002,ground_truth,0.000000,-0.000000,-0.000000,0.000000,0.000000,0.000000
1.2000000000000002,ground_truth,0.000000,-0.000000,-0.000000,0.000000,0.000000,0.000000
1.22,ground_truth,0.000000,-0.000000,-0.000000,0.000000,0.000000,0.000000
1.24,ground_truth,0.000000,-0.000000,-0.000000,0.000000,0.000000,0.000000
1.26,ground_truth,0.000000,-0.000000,-0.000000,0.000000,0.000000,0.000000
1.28,ground_truth,0.000000,-0.000000,-0.000000,0.000000,0.000000,0.000000
1.3,ground_truth,0.000000,-0.000000,-0.000000,0.000000,0.000000,0.000000
1.32,ground_truth,0.000000,-0.000000,-0.000000,0.000000,0.000000,0.000000
1.34,ground_truth,0.000000,-0.000000,-0.000000,0.000000,0.000000,0.000000
1.36,ground_truth,0.000000,-0.000000,-0.000000,0.000000,0.000000,0.000000
1.3800000000000001,ground_truth,0.000000,-0.000000,-0.000000,0.000000,0.000000,0.000000
1.4000000000000001,ground_truth,0.000000,-0.000000,-0.000000,0.000000,0.000000,0.000000
1.4200000000000002,ground_truth,0.000000,-0.000000,-0.000000,0.000000,0.000000,0.000000
1.4400000000000002,ground_truth,0.000000,-0.000000,-0.000000,0.000000,0.000000,0.000000
1.4600000000000002,ground_truth,0.000000,-0.000000,-0.000000,0.000000,0.000000,0.000000
1.48,ground_truth,0.000000,-0.000000,-0.000000,0.000000,0.000000,0.000000
1.5,ground_truth,0.000000,-0.000000,-0.000000,0.000000,0.000000,0.000000
1.52,ground_truth,0.000000,-0.000000,-0.000000,0.000000,0.000000,0.000000
1.54,ground_truth,0.000000,-0.000000,-0.000000,0.000000,0.000000,0.000000
1.56,ground_truth,0.000000,-0.000000,-0.000000,0.000000,0.000000,0.000000
1.58,ground_truth,0.000000,-0.000000,-0.000000,0.000000,0.000000,0.000000
1.6,ground_truth,0.000000,-0.000000,-0.000000,0.000000,0.000000,0.000000
1.62,ground_truth,0.000000,-0.000000,-0.000000,0.000000,0.000000,0.000000
1.6400000000000001,ground_truth,0.000000,-0.000000,-0.000000,0.000000,0.000000,0.000000
1.6600000000000001,ground_truth,0.000000,-0.000000,-0.000000,0.000000,0.000000,0.000000
1.6800000000000002,ground_truth,0.000000,-0.000000,-0.000000,0.000000,0.000000,0.000000
1.7000000000000002,ground_truth,0.000000,-0.000000,-0.000000,0.000000,0.000000,0.000000
1.7200000000000002,ground_truth,0.000000,-0.000000,-0.000000,0.000000,0.000000,0.000000
1.7400000000000002,ground_truth,0.000000,-0.000000,-0.000000,0.000000,0.000000,0.000000
1.76,ground_truth,0.000000,-0.000000,-0.000000,0.000000,0.000000,0.000000
1.78,ground_truth,0.000000,-0.000000,-0.000000,0.000000,0.000000,0.000000
1.8,ground_truth,0.000000,-0.000000,-0.000000,0.000000,0.000000,0.000000
1.82,ground_truth,0.000000,-0.000000,-0.000000,0.000000,0.000000,0.000000
1.84,ground_truth,0.000000,-0.000000,-0.000000,0.000000,0.000000,0.000000
1.86,ground_truth,0.000000,-0.000000,-0.000000,0.000000,0.000000,0.000000
1.8800000000000001,ground_truth,0.000000,-0.000000,-0.000000,0.000000,0.000000,0.000000
1.9000000000000001,ground_truth,0.000000,-0.000000,-0.000000,0.000000,0.000000,0.000000
1.9200000000000002,ground_truth,0.000000,-0.000000,-0.000000,0.000000,0.000000,0.000000
1.9400000000000002,ground_truth,0.000000,-0.000000,-0.000000,0.000000,0.000000,0.000000
1.9600000000000002,ground_truth,0.000000,-0.000000,-0.000000,0.000000,0.000000,0.000000
1.9800000000000002,ground_truth,0.000000,-0.000000,-0.000000,0.000000,0.000000,0.000000
2.0,ground_truth,0.000000,-0.000000,-0.000000,0.000000,0.000000,0.000000
2.02,ground_truth,0.000000,-0.000000,-0.000000,0.000000,0.000000,0.000000
2.04,ground_truth,0.000000,-0.000000,-0.000000,0.000000,0.000000,0.000000
2.06,ground_truth,0.000000,-0.000000,-0.000000,0.000000,0.000000,0.000000
2.08,ground_truth,0.000000,-0.000000,-0.000000,0.000000,0.000000,0.000000
2.1,ground_truth,0.000000,-0.000000,-0.000000,0.000000,0.000000,0.000000
2.12,ground_truth,0.000000,-0.000000,-0.000000,0.000000,0.000000,0.000000
2.14,ground_truth,0.000000,-0.000000,-0.000000,0.000000,0.000000,0.000000
2.16,ground_truth,0.000000,-0.000000,-0.000000,0.000000,0.000000,0.000000
2.18,ground_truth,0.000000,-0.000000,-0.000000,0.000000,0.000000,0.000000
2.2,ground_truth,0.000000,-0.000000,-0.000000,0.000000,0.000000,0.000000
2.22,ground_truth,0.000000,-0.000000,-0.000000,0.000000,0.000000,0.000000
2.24,ground_truth,0.000000,-0.000000,-0.000000,0.000000,0.000000,0.000000
2.2600000000000002,ground_truth,0.000000,-0.000000,-0.000000,0.000000,0.000000,0.000000
2.2800000000000002,ground_truth,0.000000,-0.000000,-0.000000,0.000000,0.000000,0.000000
2.3000000000000003,ground_truth,0.000000,-0.000000,-0.000000,0.000000,0.000000,0.000000
2.3200000000000003,ground_truth,0.000000,-0.000000,-0.000000,0.000000,0.000000,0.000000
2.3400000000000003,ground_truth,0.000000,-0.000000,-0.000000,0.000000,0.000000,0.000000
2.3600000000000003,ground_truth,0.000000,-0.000000,-0.000000,0.000000,0.000000,0.000000
2.3800000000000003,ground_truth,0.000000,-0.000000,-0.000000,0.000000,0.000000,0.000000
2.4000000000000004,ground_truth,0.000000,-0.000000,-0.000000,0.000000,0.000000,0.000000
2.42,ground_truth,0.000000,-0.000000,-0.000000,0.000000,0.000000,0.000000
2.44,ground_truth,0.000000,-0.000000,-0.000000,0.000000,0.000000,0.000000
2.46,ground_truth,0.000000,-0.000000,-0.000000,0.000000,0.000000,0.000000
2.48,ground_truth,0.000000,-0.000000,-0.000000,0.000000,0.000000,0.000000
2.5,ground_truth,0.000000,-0.000000,-0.000000,0.000000,0.000000,0.000000
2.52,ground_truth,0.000000,-0.000000,-0.000000,0.000000,0.000000,0.000000
2.54,ground_truth,0.000000,-0.000000,-0.000000,0.000000,0.000000,0.000000
2.56,ground_truth,0.000000,-0.000000,-0.000000,0.000000,0.000000,0.000000
2.58,ground_truth,0.000000,-0.000000,-0.000000,0.000000,0.000000,0.000000
2.6,ground_truth,0.000000,-0.000000,-0.000000,0.000000,0.000000,0.000000
2.62,ground_truth,0.000000,-0.000000,-0.000000,0.000000,0.000000,0.000000
2.64,ground_truth,0.000000,-0.000000,-0.000000,0.000000,0.000000,0.000000
2.66,ground_truth,0.000000,-0.000000,-0.000000,0.000000,0.000000,0.000000
2.68,ground_truth,0.000000,-0.000000,-0.000000,0.000000,0.000000,0.000000
2.7,ground_truth,0.000000,-0.000000,-0.000000,0.000000,0.000000,0.000000
2.72,ground_truth,0.000000,-0.000000,-0.000000,0.000000,0.000000,0.000000
2.74,ground_truth,0.000000,-0.000000,-0.000000,0.000000,0.000000,0.000000
2.7600000000000002,ground_truth,0.000000,-0.000000,-0.000000,0.000000,0.000000,0.000000
2.7800000000000002,ground_truth,0.000000,-0.000000,-0.000000,0.000000,0.000000,0.000000
2.8000000000000003,ground_truth,0.000000,-0.000000,-0.000000,0.000000,0.000000,0.000000
2.8200000000000003,ground_truth,0.000000,-0.000000,-0.000000,0.000000,0.000000,0.000000
2.8400000000000003,ground_truth,0.000000,-0.000000,-0.000000,0.000000,0.000000,0.000000
2.8600000000000003,ground_truth,0.000000,-0.000000,-0.000000,0.000000,0.000000,0.000000
2.8800000000000003,ground_truth,0.000000,-0.000000,-0.000000,0.000000,0.000000,0.000000
2.9000000000000004,ground_truth,0.000000,-0.000000,-0.000000,0.000000,0.000000,0.000000
2.9200000000000004,ground_truth,0.000000,-0.000000,-0.000000,0.000000,0.000000,0.000000
2.9400000000000004,ground_truth,0.000000,-0.000000,-0.000000,0.000000,0.000000,0.000000
2.96,ground_truth,0.000000,-0.000000,-0.000000,0.000000,0.000000,0.000000
2.98,ground_truth,0.000000,-0.000000,-0.000000,0.000000,0.000000,0.000000
3.0,ground_truth,0.000000,-0.000000,-0.000000,0.000000,0.000000,0.000000
3.02,ground_truth,0.000000,-0.000000,-0.000000,0.000000,0.000000,0.000000
3.04,ground_truth,0.000000,-0.000000,-0.000000,0.000000,0.000000,0.000000
3.06,ground_truth,0.000000,-0.000000,-0.000000,0.000000,0.000000,0.000000
3.08,ground_truth,0.000000,-0.000000,-0.000000,0.000000,0.000000,0.000000
3.1,ground_truth,0.000000,-0.000000,-0.000000,0.000000,0.000000,0.000000
3.12,ground_truth,0.000000,-0.000000,-0.000000,0.000000,0.000000,0.000000
3.14,ground_truth,0.000000,-0.000000,-0.000000,0.000000,0.000000,0.000000
3.16,ground_truth,0.000000,-0.000000,-0.000000,0.000000,0.000000,0.000000
3.18,ground_truth,0.000000,-0.000000,-0.000000,0.000000,0.000000,0.000000
3.2,ground_truth,0.000000,-0.000000,-0.000000,0.000000,0.000000,0.000000
3.22,ground_truth,0.000000,-0.000000,-0.000000,0.000000,0.000000,0.000000
3.24,ground_truth,0.000000,-0.000000,-0.000000,0.000000,0.000000,0.000000
3.2600000000000002,ground_truth,0.000000,-0.000000,-0.000000,0.000000,0.000000,0.000000
3.2800000000000002,ground_truth,0.000000,-0.000000,-0.000000,0.000000,0.000000,0.000000
3.3000000000000003,ground_truth,0.000000,-0.000000,-0.000000,0.000000,0.000000,0.000000
3.3200000000000003,ground_truth,0.000000,-0.000000,-0.000000,0.000000,0.000000,0.000000
3.3400000000000003,ground_truth,0.000000,-0.000000,-0.000000,0.000000,0.000000,0.000000
3.3600000000000003,ground_truth,0.000000,-0.000000,-0.000000,0.000000,0.000000,0.000000
3.3800000000000003,ground_truth,0.000000,-0.000000,-0.000000,0.000000,0.000000,0.000000
3.4000000000000004,ground_truth,0.000000,-0.000000,-0.000000,0.000000,0.000000,0.000000
3.4200000000000004,ground_truth,0.000000,-0.000000,-0.000000,0.000000,0.000000,0.000000
3.4400000000000004,ground_truth,0.000000,-0.000000,-0.000000,0.000000,0.000000,0.000000
3.4600000000000004,ground_truth,0.000000,-0.000000,-0.000000,0.000000,0.000000,0.000000
3.4800000000000004,ground_truth,0.000000,-0.000000,-0.000000,0.000000,0.000000,0.000000
3.5,ground_truth,0.000000,-0.000000,-0.000000,0.000000,0.000000,0.000000
3.52,ground_truth,0.000000,-0.000000,-0.000000,0.000000,0.000000,0.000000
3.54,ground_truth,0.000000,-0.000000,-0.000000,0.000000,0.000000,0.000000
3.56,ground_truth,0.000000,-0.000000,-0.000000,0.000000,0.000000,0.000000
3.58,ground_truth,0.000000,-0.000000,-0.000000,0.000000,0.000000,0.000000
3.6,ground_truth,0.000000,-0.000000,-0.000000,0.000000,0.000000,0.000000
3.62,ground_truth,0.000000,-0.000000,-0.000000,0.000000,0.000000,0.000000
3.64,ground_truth,0.000000,-0.000000,-0.000000,0.000000,0.000000,0.000000
3.66,ground_truth,0.000000,-0.000000,-0.000000,0.000000,0.000000,0.000000
3.68,ground_truth,0.000000,-0.000000,-0.000000,0.000000,0.000000,0.000000
3.7,ground_truth,0.000000,-0.000000,-0.000000,0.000000,0.000000,0.000000
3.72,ground_truth,0.000000,-0.000000,-0.000000,0.000000,0.000000,0.000000
3.74,ground_truth,0.000000,-0.000000,-0.000000,0.000000,0.000000,0.000000
3.7600000000000002,ground_truth,0.000000,-0.000000,-0.000000,0.000000,0.000000,0.000000
3.7800000000000002,ground_truth,0.000000,-0.000000,-0.000000,0.000000,0.000000,0.000000
3.8000000000000003,ground_truth,0.000000,-0.000000,-0.000000,0.000000,0.000000,0.000000
3.8200000000000003,ground_truth,0.000000,-0.000000,-0.000000,0.000000,0.000000,0.000000
3.8400000000000003,ground_truth,0.000000,-0.000000,-0.000000,0.000000,0.000000,0.000000
3.8600000000000003,ground_truth,0.000000,-0.000000,-0.000000,0.000000,0.000000,0.000000
3.8800000000000003,ground_truth,0.000000,-0.000000,-0.000000,0.000000,0.000000,0.000000
3.9000000000000004,ground_truth,0.000000,-0.000000,-0.000000,0.000000,0.000000,0.000000
3.9200000000000004,ground_truth,0.000000,-0.000000,-0.000000,0.000000,0.000000,0.000000
3.9400000000000004,ground_truth,0.000000,-0.000000,-0.000000,0.000000,0.000000,0.000000
3.9600000000000004,ground_truth,0.000000,-0.000000,-0.000000,0.000000,0.000000,0.000000
3.9800000000000004,ground_truth,0.000000,-0.000000,-0.000000,0.000000,0.000000,0.000000
4.0,ground_truth,0.000000,-0.000000,-0.000000,0.000000,0.000000,0.000000
4.0200000000000005,ground_truth,0.000000,-0.000000,-0.000000,0.000000,0.000000,0.000000
4.04,ground_truth,0.000000,-0.000000,-0.000000,0.000000,0.000000,0.000000
4.0600000000000005,ground_truth,0.000000,-0.000000,-0.000000,0.000000,0.000000,0.000000
4.08,ground_truth,0.000000,-0.000000,-0.000000,0.000000,0.000000,0.000000
4.1000000000000005,ground_truth,0.000000,-0.000000,-0.000000,0.000000,0.000000,0.000000
4.12,ground_truth,0.000000,-0.000000,-0.000000,0.000000,0.000000,0.000000
4.140000000000001,ground_truth,0.000000,-0.000000,-0.000000,0.000000,0.000000,0.000000
4.16,ground_truth,0.000000,-0.000000,-0.000000,0.000000,0.000000,0.000000
4.180000000000001,ground_truth,0.000000,-0.000000,-0.000000,0.000000,0.000000,0.000000
4.2,ground_truth,0.000000,-0.000000,-0.000000,0.000000,0.000000,0.000000
4.220000000000001,ground_truth,0.000000,-0.000000,-0.000000,0.000000,0.000000,0.000000
4.24,ground_truth,0.000000,-0.000000,-0.000000,0.000000,0.000000,0.000000
4.260000000000001,ground_truth,0.000000,-0.000000,-0.000000,0.000000,0.000000,0.000000
4.28,ground_truth,0.000000,-0.000000,-0.000000,0.000000,0.000000,0.000000
4.300000000000001,ground_truth,0.000000,-0.000000,-0.000000,0.000000,0.000000,0.000000
4.32,ground_truth,0.000000,-0.000000,-0.000000,0.000000,0.000000,0.000000
4.34,ground_truth,0.000000,-0.000000,-0.000000,0.000000,0.000000,0.000000
4.36,ground_truth,0.000000,-0.000000,-0.000000,0.000000,0.000000,0.000000
4.38,ground_truth,0.000000,-0.000000,-0.000000,0.000000,0.000000,0.000000
4.4,ground_truth,0.000000,-0.000000,-0.000000,0.000000,0.000000,0.000000
4.42,ground_truth,0.000000,-0.000000,-0.000000,0.000000,0.000000,0.000000
4.44,ground_truth,0.000000,-0.000000,-0.000000,0.000000,0.000000,0.000000
4.46,ground_truth,0.000000,-0.000000,-0.000000,0.000000,0.000000,0.000000
4.48,ground_truth,0.000000,-0.000000,-0.000000,0.000000,0.000000,0.000000
4.5,ground_truth,0.000000,-0.000000,-0.000000,0.000000,0.000000,0.000000
4.5200000000000005,ground_truth,0.000000,-0.000000,-0.000000,0.000000,0.000000,0.000000
4.54,ground_truth,0.000000,-0.000000,-0.000000,0.000000,0.000000,0.000000
4.5600000000000005,ground_truth,0.000000,-0.000000,-0.000000,0.000000,0.000000,0.000000
4.58,ground_truth,0.000000,-0.000000,-0.000000,0.000000,0.000000,0.000000
4.6000000000000005,ground_truth,0.000000,-0.000000,-0.000000,0.000000,0.000000,0.000000
4.62,ground_truth,0.000000,-0.000000,-0.000000,0.000000,0.000000,0.000000
4.640000000000001,ground_truth,0.000000,-0.000000,-0.000000,0.000000,0.000000,0.000000
4.66,ground_truth,0.000000,-0.000000,-0.000000,0.000000,0.000000,0.000000
4.680000000000001,ground_truth,0.000000,-0.000000,-0.000000,0.000000,0.000000,0.000000
4.7,ground_truth,0.000000,-0.000000,-0.000000,0.000000,0.000000,0.000000
4.720000000000001,ground_truth,0.000000,-0.000000,-0.000000,0.000000,0.000000,0.000000
4.74,ground_truth,0.000000,-0.000000,-0.000000,0.000000,0.000000,0.000000
4.760000000000001,ground_truth,0.000000,-0.000000,-0.000000,0.000000,0.000000,0.000000
4.78,ground_truth,0.000000,-0.000000,-0.000000,0.000000,0.000000,0.000000
4.800000000000001,ground_truth,0.000000,-0.000000,-0.000000,0.000000,0.000000,0.000000
4.82,ground_truth,0.000000,-0.000000,-0.000000,0.000000,0.000000,0.000000
4.84,ground_truth,0.000000,-0.000000,-0.000000,0.000000,0.000000,0.000000
4.86,ground_truth,0.000000,-0.000000,-0.000000,0.000000,0.000000,0.000000
4.88,ground_truth,0.000000,-0.000000,-0.000000,0.000000,0.000000,0.000000
4.9,ground_truth,0.000000,-0.000000,-0.000000,0.000000,0.000000,0.000000
4.92,ground_truth,0.000000,-0.000000,-0.000000,0.000000,0.000000,0.000000
4.94,ground_truth,0.000000,-0.000000,-0.000000,0.000000,0.000000,0.000000
4.96,ground_truth,0.000000,-0.000000,-0.000000,0.000000,0.000000,0.000000
4.98,ground_truth,0.000000,-0.000000,-0.000000,0.000000,0.000000,0.000000
5.0,ground_truth,0.000000,-0.000000,-0.000000,0.000000,0.000000,0.000000
5.0200000000000005,ground_truth,0.000000,-0.000000,-0.000000,0.000000,0.000000,0.000000
5.04,ground_truth,0.000000,-0.000000,-0.000000,0.000000,0.000000,0.000000
5.0600000000000005,ground_truth,0.000000,-0.000000,-0.000000,0.000000,0.000000,0.000000
5.08,ground_truth,0.000000,-0.000000,-0.000000,0.000000,0.000000,0.000000
5.1000000000000005,ground_truth,0.000000,-0.000000,-0.000000,0.000000,0.000000,0.000000
5.12,ground_truth,0.000000,-0.000000,-0.000000,0.000000,0.000000,0.000000
5.140000000000001,ground_truth,0.000000,-0.000000,-0.000000,0.000000,0.000000,0.000000
5.16,ground_truth,0.000000,-0.000000,-0.000000,0.000000,0.000000,0.000000
5.180000000000001,ground_truth,0.000000,-0.000000,-0.000000,0.000000,0.000000,0.000000
5.2,ground_truth,0.000000,-0.000000,-0.000000,0.000000,0.000000,0.000000
5.220000000000001,ground_truth,0.000000,-0.000000,-0.000000,0.000000,0.000000,0.000000
5.24,ground_truth,0.000000,-0.000000,-0.000000,0.000000,0.000000,0.000000
5.260000000000001,ground_truth,0.000000,-0.000000,-0.000000,0.000000,0.000000,0.000000
5.28,ground_truth,0.000000,-0.000000,-0.000000,0.000000,0.000000,0.000000
5.300000000000001,ground_truth,0.000000,-0.000000,-0.000000,0.000000,0.000000,0.000000
5.32,ground_truth,0.000000,-0.000000,-0.000000,0.000000,0.000000,0.000000
5.340000000000001,ground_truth,0.000000,-0.000000,-0.000000,0.000000,0.000000,0.000000
5.36,ground_truth,0.000000,-0.000000,-0.000000,0.000000,0.000000,0.000000
5.38,ground_truth,0.000000,-0.000000,-0.000000,0.000000,0.000000,0.000000
5.4,ground_truth,0.000000,-0.000000,-0.000000,0.000000,0.000000,0.000000
5.42,ground_truth,0.000000,-0.000000,-0.000000,0.000000,0.000000,0.000000
5.44,ground_truth,0.000000,-0.000000,-0.000000,0.000000,0.000000,0.000000
5.46,ground_truth,0.000000,-0.000000,-0.000000,0.000000,0.000000,0.000000
5.48,ground_truth,0.000000,-0.000000,-0.000000,0.000000,0.000000,0.000000
5.5,ground_truth,0.000000,-0.000000,-0.000000,0.000000,0.000000,0.000000
5.5200000000000005,ground_truth,0.000000,-0.000000,-0.000000,0.000000,0.000000,0.000000
5.54,ground_truth,0.000000,-0.000000,-0.000000,0.000000,0.000000,0.000000
5.5600000000000005,ground_truth,0.000000,-0.000000,-0.000000,0.000000,0.000000,0.000000
5.58,ground_truth,0.000000,-0.000000,-0.000000,0.000000,0.000000,0.000000
5.6000000000000005,ground_truth,0.000000,-0.000000,-0.000000,0.000000,0.000000,0.000000
5.62,ground_truth,0.000000,-0.000000,-0.000000,0.000000,0.000000,0.000000
5.640000000000001,ground_truth,0.000000,-0.000000,-0.000000,0.000000,0.000000,0.000000
5.66,ground_truth,0.000000,-0.000000,-0.000000,0.000000,0.000000,0.000000
5.680000000000001,ground_truth,0.000000,-0.000000,-0.000000,0.000000,0.000000,0.000000
5.7,ground_truth,0.000000,-0.000000,-0.000000,0.000000,0.000000,0.000000
5.720000000000001,ground_truth,0.000000,-0.000000,-0.000000,0.000000,0.000000,0.000000
5.74,ground_truth,0.000000,-0.000000,-0.000000,0.000000,0.000000,0.000000
5.760000000000001,ground_truth,0.000000,-0.000000,-0.000000,0.000000,0.000000,0.000000
5.78,ground_truth,0.000000,-0.000000,-0.000000,0.000000,0.000000,0.000000
5.800000000000001,ground_truth,0.000000,-0.000000,-0.000000,0.000000,0.000000,0.000000
5.82,ground_truth,0.000000,-0.000000,-0.000000,0.000000,0.000000,0.000000
5.840000000000001,ground_truth,0.000000,-0.000000,-0.000000,0.000000,0.000000,0.000000
5.86,ground_truth,0.000000,-0.000000,-0.000000,0.000000,0.000000,0.000000
5.880000000000001,ground_truth,0.000000,-0.000000,-0.000000,0.000000,0.000000,0.000000
5.9,ground_truth,0.000000,-0.000000,-0.000000,0.000000,0.000000,0.000000
5.92,ground_truth,0.000000,-0.000000,-0.000000,0.000000,0.000000,0.000000
5.94,ground_truth,0.000000,-0.000000,-0.000000,0.000000,0.000000,0.000000
5.96,ground_truth,0.000000,-0.000000,-0.000000,0.000000,0.000000,0.000000
5.98,ground_truth,0.000000,-0.000000,-0.000000,0.000000,0.000000,0.000000
6.0,ground_truth,0.000000,-0.000000,-0.000000,0.000000,0.000000,0.000000
6.0200000000000005,ground_truth,0.000000,-0.000000,-0.000000,0.000000,0.000000,0.000000
6.04,ground_truth,0.000000,-0.000000,-0.000000,0.000000,0.000000,0.000000
6.0600000000000005,ground_truth,0.000000,-0.000000,-0.000000,0.000000,0.000000,0.000000
6.08,ground_truth,0.000000,-0.000000,-0.000000,0.000000,0.000000,0.000000
6.1000000000000005,ground_truth,0.000000,-0.000000,-0.000000,0.000000,0.000000,0.000000
6.12,ground_truth,0.000000,-0.000000,-0.000000,0.000000,0.000000,0.000000
6.140000000000001,ground_truth,0.000000,-0.000000,-0.000000,0.000000,0.000000,0.000000
6.16,ground_truth,0.000000,-0.000000,-0.000000,0.000000,0.000000,0.000000
6.180000000000001,ground_truth,0.000000,-0.000000,-0.000000,0.000000,0.000000,0.000000
6.2,ground_truth,0.000000,-0.000000,-0.000000,0.000000,0.000000,0.000000
6.220000000000001,ground_truth,0.000000,-0.000000,-0.000000,0.000000,0.000000,0.000000
6.24,ground_truth,0.000000,-0.000000,-0.000000,0.000000,0.000000,0.000000
6.260000000000001,ground_truth,0.000000,-0.000000,-0.000000,0.000000,0.000000,0.000000
6.28,ground_truth,0.000000,-0.000000,-0.000000,0.000000,0.000000,0.000000
6.300000000000001,ground_truth,0.000000,-0.000000,-0.000000,0.000000,0.000000,0.000000
6.32,ground_truth,0.000000,-0.000000,-0.000000,0.000000,0.000000,0.000000
6.340000000000001,ground_truth,0.000000,-0.000000,-0.000000,0.000000,0.000000,0.000000
6.36,ground_truth,0.000000,-0.000000,-0.000000,0.000000,0.000000,0.000000
6.380000000000001,ground_truth,0.000000,-0.000000,-0.000000,0.000000,0.000000,0.000000
6.4,ground_truth,0.000000,-0.000000,-0.000000,0.000000,0.000000,0.000000
6.420000000000001,ground_truth,0.000000,-0.000000,-0.000000,0.000000,0.000000,0.000000
6.44,ground_truth,0.000000,-0.000000,-0.000000,0.000000,0.000000,0.000000
6.46,ground_truth,0.000000,-0.000000,-0.000000,0.000000,0.000000,0.000000
6.48,ground_truth,0.000000,-0.000000,-0.000000,0.000000,0.000000,0.000000
6.5,ground_truth,0.000000,-0.000000,-0.000000,0.000000,0.000000,0.000000
6.5200000000000005,ground_truth,0.000000,-0.000000,-0.000000,0.000000,0.000000,0.000000
6.54,ground_truth,0.000000,-0.000000,-0.000000,0.000000,0.000000,0.000000
6.5600000000000005,ground_truth,0.000000,-0.000000,-0.000000,0.000000,0.000000,0.000000
6.58,ground_truth,0.000000,-0.000000,-0.000000,0.000000,0.000000,0.000000
6.6000000000000005,ground_truth,0.000000,-0.000000,-0.000000,0.000000,0.000000,0.000000
6.62,ground_truth,0.000000,-0.000000,-0.000000,0.000000,0.000000,0.000000
6.640000000000001,ground_truth,0.000000,-0.000000,-0.000000,0.000000,0.000000,0.000000
6.66,ground_truth,0.000000,-0.000000,-0.000000,0.000000,0.000000,0.000000
6.680000000000001,ground_truth,0.000000,-0.000000,-0.000000,0.000000,0.000000,0.000000
6.7,ground_truth,0.000000,-0.000000,-0.000000,0.000000,0.000000,0.000000
6.720000000000001,ground_truth,0.000000,-0.000000,-0.000000,0.000000,0.000000,0.000000
6.74,ground_truth,0.000000,-0.000000,-0.000000,0.000000,0.000000,0.000000
6.760000000000001,ground_truth,0.000000,-0.000000,-0.000000,0.000000,0.000000,0.000000
6.78,ground_truth,0.000000,-0.000000,-0.000000,0.000000,0.000000,0.000000
6.800000000000001,ground_truth,0.000000,-0.000000,-0.000000,0.000000,0.000000,0.000000
6.82,ground_truth,0.000000,-0.000000,-0.000000,0.000000,0.000000,0.000000
6.840000000000001,ground_truth,0.000000,-0.000000,-0.000000,0.000000,0.000000,0.000000
6.86,ground_truth,0.000000,-0.000000,-0.000000,0.000000,0.000000,0.000000
6.880000000000001,ground_truth,0.000000,-0.000000,-0.000000,0.000000,0.000000,0.000000
6.9,ground_truth,0.000000,-0.000000,-0.000000,0.000000,0.000000,0.000000
6.920000000000001,ground_truth,0.000000,-0.000000,-0.000000,0.000000,0.000000,0.000000
6.94,ground_truth,0.000000,-0.000000,-0.000000,0.000000,0.000000,0.000000
6.960000000000001,ground_truth,0.000000,-0.000000,-0.000000,0.000000,0.000000,0.000000
6.98,ground_truth,0.000000,-0.000000,-0.000000,0.000000,0.000000,0.000000
7.0,ground_truth,0.000000,-0.000000,-0.000000,0.000000,0.000000,0.000000
7.0200000000000005,ground_truth,0.000000,-0.000000,-0.000000,0.000000,0.000000,0.000000
7.04,ground_truth,0.000000,-0.000000,-0.000000,0.000000,0.000000,0.000000
7.0600000000000005,ground_truth,0.000000,-0.000000,-0.000000,0.000000,0.000000,0.000000
7.08,ground_truth,0.000000,-0.000000,-0.000000,0.000000,0.000000,0.000000
7.1000000000000005,ground_truth,0.000000,-0.000000,-0.000000,0.000000,0.000000,0.000000
7.12,ground_truth,0.000000,-0.000000,-0.000000,0.000000,0.000000,0.000000
7.140000000000001,ground_truth,0.000000,-0.000000,-0.000000,0.000000,0.000000,0.000000
7.16,ground_truth,0.000000,-0.000000,-0.000000,0.000000,0.000000,0.000000
7.180000000000001,ground_truth,0.000000,-0.000000,-0.000000,0.000000,0.000000,0.000000
7.2,ground_truth,0.000000,-0.000000,-0.000000,0.000000,0.000000,0.000000
7.220000000000001,ground_truth,0.000000,-0.000000,-0.000000,0.000000,0.000000,0.000000
7.24,ground_truth,0.000000,-0.000000,-0.000000,0.000000,0.000000,0.000000
7.260000000000001,ground_truth,0.000000,-0.000000,-0.000000,0.000000,0.000000,0.000000
7.28,ground_truth,0.000000,-0.000000,-0.000000,0.000000,0.000000,0.000000
7.300000000000001,ground_truth,0.000000,-0.000000,-0.000000,0.000000,0.000000,0.000000
7.32,ground_truth,0.000000,-0.000000,-0.000000,0.000000,0.000000,0.000000
7.340000000000001,ground_truth,0.000000,-0.000000,-0.000000,0.000000,0.000000,0.000000
7.36,ground_truth,0.000000,-0.000000,-0.000000,0.000000,0.000000,0.000000
7.380000000000001,ground_truth,0.000000,-0.000000,-0.000000,0.000000,0.000000,0.000000
7.4,ground_truth,0.000000,-0.000000,-0.000000,0.000000,0.000000,0.000000
7.420000000000001,ground_truth,0.000000,-0.000000,-0.000000,0.000000,0.000000,0.000000
7.44,ground_truth,0.000000,-0.000000,-0.000000,0.000000,0.000000,0.000000
7.460000000000001,ground_truth,0.000000,-0.000000,-0.000000,0.000000,0.000000,0.000000
7.48,ground_truth,0.000000,-0.000000,-0.000000,0.000000,0.000000,0.000000
7.500000000000001,ground_truth,0.000000,-0.000000,-0.000000,0.000000,0.000000,0.000000
7.5200000000000005,ground_truth,0.000000,-0.000000,-0.000000,0.000000,0.000000,0.000000
7.54,ground_truth,0.000000,-0.000000,-0.000000,0.000000,0.000000,0.000000
7.5600000000000005,ground_truth,0.000000,-0.000000,-0.000000,0.000000,0.000000,0.000000
7.58,ground_truth,0.000000,-0.000000,-0.000000,0.000000,0.000000,0.000000
7.6000000000000005,ground_truth,0.000000,-0.000000,-0.000000,0.000000,0.000000,0.000000
7.62,ground_truth,0.000000,-0.000000,-0.000000,0.000000,0.000000,0.000000
7.640000000000001,ground_truth,0.000000,-0.000000,-0.000000,0.000000,0.000000,0.000000
7.66,ground_truth,0.000000,-0.000000,-0.000000,0.000000,0.000000,0.000000
7.680000000000001,ground_truth,0.000000,-0.000000,-0.000000,0.000000,0.000000,0.000000
7.7,ground_truth,0.000000,-0.000000,-0.000000,0.000000,0.000000,0.000000
7.720000000000001,ground_truth,0.000000,-0.000000,-0.000000,0.000000,0.000000,0.000000
7.74,ground_truth,0.000000,-0.000000,-0.000000,0.000000,0.000000,0.000000
7.760000000000001,ground_truth,0.000000,-0.000000,-0.000000,0.000000,0.000000,0.000000
7.78,ground_truth,0.000000,-0.000000,-0.000000,0.000000,0.000000,0.000000
7.800000000000001,ground_truth,0.000000,-0.000000,-0.000000,0.000000,0.000000,0.000000
7.82,ground_truth,0.000000,-0.000000,-0.000000,0.000000,0.000000,0.000000
7.840000000000001,ground_truth,0.000000,-0.000000,-0.000000,0.000000,0.000000,0.000000
7.86,ground_truth,0.000000,-0.000000,-0.000000,0.000000,0.000000,0.000000
7.880000000000001,ground_truth,0.000000,-0.000000,-0.000000,0.000000,0.000000,0.000000
7.9,ground_truth,0.000000,-0.000000,-0.000000,0.000000,0.000000,0.000000
7.920000000000001,ground_truth,0.000000,-0.000000,-0.000000,0.000000,0.000000,0.000000
7.94,ground_truth,0.000000,-0.000000,-0.000000,0.000000,0.000000,0.000000
7.960000000000001,ground_truth,0.000000,-0.000000,-0.000000,0.000000,0.000000,0.000000
7.98,ground_truth,0.000000,-0.000000,-0.000000,0.000000,0.000000,0.000000
8.0,ground_truth,0.000000,-0.000000,-0.000000,0.000000,0.000000,0.000000
8.020000000000001,ground_truth,0.000000,-0.000000,-0.000000,0.000000,0.000000,0.000000
8.040000000000001,ground_truth,0.000000,-0.000000,-0.000000,0.000000,0.000000,0.000000
8.06,ground_truth,0.000000,-0.000000,-0.000000,0.000000,0.000000,0.000000
8.08,ground_truth,0.000000,-0.000000,-0.000000,0.000000,0.000000,0.000000
8.1,ground_truth,0.000000,-0.000000,-0.000000,0.000000,0.000000,0.000000
8.120000000000001,ground_truth,0.000000,-0.000000,-0.000000,0.000000,0.000000,0.000000
8.14,ground_truth,0.000000,-0.000000,-0.000000,0.000000,0.000000,0.000000
8.16,ground_truth,0.000000,-0.000000,-0.000000,0.000000,0.000000,0.000000
8.18,ground_truth,0.000000,-0.000000,-0.000000,0.000000,0.000000,0.000000
8.200000000000001,ground_truth,0.000000,-0.000000,-0.000000,0.000000,0.000000,0.000000
8.22,ground_truth,0.000000,-0.000000,-0.000000,0.000000,0.000000,0.000000
8.24,ground_truth,0.000000,-0.000000,-0.000000,0.000000,0.000000,0.000000
8.26,ground_truth,0.000000,-0.000000,-0.000000,0.000000,0.000000,0.000000
8.280000000000001,ground_truth,0.000000,-0.000000,-0.000000,0.000000,0.000000,0.000000
8.3,ground_truth,0.000000,-0.000000,-0.000000,0.000000,0.000000,0.000000
8.32,ground_truth,0.000000,-0.000000,-0.000000,0.000000,0.000000,0.000000
8.34,ground_truth,0.000000,-0.000000,-0.000000,0.000000,0.000000,0.000000
8.360000000000001,ground_truth,0.000000,-0.000000,-0.000000,0.000000,0.000000,0.000000
8.38,ground_truth,0.000000,-0.000000,-0.000000,0.000000,0.000000,0.000000
8.4,ground_truth,0.000000,-0.000000,-0.000000,0.000000,0.000000,0.000000
8.42,ground_truth,0.000000,-0.000000,-0.000000,0.000000,0.000000,0.000000
8.440000000000001,ground_truth,0.000000,-0.000000,-0.000000,0.000000,0.000000,0.000000
8.46,ground_truth,0.000000,-0.000000,-0.000000,0.000000,0.000000,0.000000
8.48,ground_truth,0.000000,-0.000000,-0.000000,0.000000,0.000000,0.000000
8.5,ground_truth,0.000000,-0.000000,-0.000000,0.000000,0.000000,0.000000
8.520000000000001,ground_truth,0.000000,-0.000000,-0.000000,0.000000,0.000000,0.000000
8.540000000000001,ground_truth,0.000000,-0.000000,-0.000000,0.000000,0.000000,0.000000
8.56,ground_truth,0.000000,-0.000000,-0.000000,0.000000,0.000000,0.000000
8.58,ground_truth,0.000000,-0.000000,-0.000000,0.000000,0.000000,0.000000
8.600000000000001,ground_truth,0.000000,-0.000000,-0.000000,0.000000,0.000000,0.000000
8.620000000000001,ground_truth,0.000000,-0.000000,-0.000000,0.000000,0.000000,0.000000
8.64,ground_truth,0.000000,-0.000000,-0.000000,0.000000,0.000000,0.000000
8.66,ground_truth,0.000000,-0.000000,-0.000000,0.000000,0.000000,0.000000
8.68,ground_truth,0.000000,-0.000000,-0.000000,0.000000,0.000000,0.000000
8.700000000000001,ground_truth,0.000000,-0.000000,-0.000000,0.000000,0.000000,0.000000
8.72,ground_truth,0.000000,-0.000000,-0.000000,0.000000,0.000000,0.000000
8.74,ground_truth,0.000000,-0.000000,-0.000000,0.000000,0.000000,0.000000
8.76,ground_truth,0.000000,-0.000000,-0.000000,0.000000,0.000000,0.000000
8.780000000000001,ground_truth,0.000000,-0.000000,-0.000000,0.000000,0.000000,0.000000
8.8,ground_truth,0.000000,-0.000000,-0.000000,0.000000,0.000000,0.000000
8.82,ground_truth,0.000000,-0.000000,-0.000000,0.000000,0.000000,0.000000
8.84,ground_truth,0.000000,-0.000000,-0.000000,0.000000,0.000000,0.000000
8.860000000000001,ground_truth,0.000000,-0.000000,-0.000000,0.000000,0.000000,0.000000
8.88,ground_truth,0.000000,-0.000000,-0.000000,0.000000,0.000000,0.000000
8.9,ground_truth,0.000000,-0.000000,-0.000000,0.000000,0.000000,0.000000
8.92,ground_truth,0.000000,-0.000000,-0.000000,0.000000,0.000000,0.000000
8.940000000000001,ground_truth,0.000000,-0.000000,-0.000000,0.000000,0.000000,0.000000
8.96,ground_truth,0.000000,-0.000000,-0.000000,0.000000,0.000000,0.000000
8.98,ground_truth,0.000000,-0.000000,-0.000000,0.000000,0.000000,0.000000
9.0,ground_truth,0.000000,-0.000000,-0.000000,0.000000,0.000000,0.000000
9.020000000000001,ground_truth,0.000000,-0.000000,-0.000000,0.000000,0.000000,0.000000
9.040000000000001,ground_truth,0.000000,-0.000000,-0.000000,0.000000,0.000000,0.000000
9.06,ground_truth,0.000000,-0.000000,-0.000000,0.000000,0.000000,0.000000
9.08,ground_truth,0.000000,-0.000000,-0.000000,0.000000,0.000000,0.000000
9.100000000000001,ground_truth,0.000000,-0.000000,-0.000000,0.000000,0.000000,0.000000
9.120000000000001,ground_truth,0.000000,-0.000000,-0.000000,0.000000,0.000000,0.000000
9.14,ground_truth,0.000000,-0.000000,-0.000000,0.000000,0.000000,0.000000
9.16,ground_truth,0.000000,-0.000000,-0.000000,0.000000,0.000000,0.000000
9.18,ground_truth,0.000000,-0.000000,-0.000000,0.000000,0.000000,0.000000
9.200000000000001,ground_truth,0.000000,-0.000000,-0.000000,0.000000,0.000000,0.000000
9.22,ground_truth,0.000000,-0.000000,-0.000000,0.000000,0.000000,0.000000
9.24,ground_truth,0.000000,-0.000000,-0.000000,0.000000,0.000000,0.000000
9.26,ground_truth,0.000000,-0.000000,-0.000000,0.000000,0.000000,0.000000
9.280000000000001,ground_truth,0.000000,-0.000000,-0.000000,0.000000,0.000000,0.000000
9.3,ground_truth,0.000000,-0.000000,-0.000000,0.000000,0.000000,0.000000
9.32,ground_truth,0.000000,-0.000000,-0.000000,0.000000,0.000000,0.000000
9.34,ground_truth,0.000000,-0.000000,-0.000000,0.000000,0.000000,0.000000
9.360000000000001,ground_truth,0.000000,-0.000000,-0.000000,0.000000,0.000000,0.000000
9.38,ground_truth,0.000000,-0.000000,-0.000000,0.000000,0.000000,0.000000
9.4,ground_truth,0.000000,-0.000000,-0.000000,0.000000,0.000000,0.000000
9.42,ground_truth,0.000000,-0.000000,-0.000000,0.000000,0.000000,0.000000
9.440000000000001,ground_truth,0.000000,-0.000000,-0.000000,0.000000,0.000000,0.000000
9.46,ground_truth,0.000000,-0.000000,-0.000000,0.000000,0.000000,0.000000
9.48,ground_truth,0.000000,-0.000000,-0.000000,0.000000,0.000000,0.000000
9.5,ground_truth,0.000000,-0.000000,-0.000000,0.000000,0.000000,0.000000
9.520000000000001,ground_truth,0.000000,-0.000000,-0.000000,0.000000,0.000000,0.000000
9.540000000000001,ground_truth,0.000000,-0.000000,-0.000000,0.000000,0.000000,0.000000
9.56,ground_truth,0.000000,-0.000000,-0.000000,0.000000,0.000000,0.000000
9.58,ground_truth,0.000000,-0.000000,-0.000000,0.000000,0.000000,0.000000
9.600000000000001,ground_truth,0.000000,-0.000000,-0.000000,0.000000,0.000000,0.000000
9.620000000000001,ground_truth,0.000000,-0.000000,-0.000000,0.000000,0.000000,0.000000
9.64,ground_truth,0.000000,-0.000000,-0.000000,0.000000,0.000000,0.000000
9.66,ground_truth,0.000000,-0.000000,-0.000000,0.000000,0.000000,0.000000
9.68,ground_truth,0.000000,-0.000000,-0.000000,0.000000,0.000000,0.000000
9.700000000000001,ground_truth,0.000000,-0.000000,-0.000000,0.000000,0.000000,0.000000
9.72,ground_truth,0.000000,-0.000000,-0.000000,0.000000,0.000000,0.000000
9.74,ground_truth,0.000000,-0.000000,-0.000000,0.000000,0.000000,0.000000
9.76,ground_truth,0.000000,-0.000000,-0.000000,0.000000,0.000000,0.000000
9.780000000000001,ground_truth,0.000000,-0.000000,-0.000000,0.000000,0.000000,0.000000
9.8,ground_truth,0.000000,-0.000000,-0.000000,0.000000,0.000000,0.000000
9.82,ground_truth,0.000000,-0.000000,-0.000000,0.000000,0.000000,0.000000
9.84,ground_truth,0.000000,-0.000000,-0.000000,0.000000,0.000000,0.000000
9.860000000000001,ground_truth,0.000000,-0.000000,-0.000000,0.000000,0.000000,0.000000
9.88,ground_truth,0.000000,-0.000000,-0.000000,0.000000,0.000000,0.000000
9.9,ground_truth,0.000000,-0.000000,-0.000000,0.000000,0.000000,0.000000
9.92,ground_truth,0.000000,-0.000000,-0.000000,0.000000,0.000000,0.000000
9.940000000000001,ground_truth,0.000000,-0.000000,-0.000000,0.000000,0.000000,0.000000
9.96,ground_truth,0.000000,-0.000000,-0.000000,0.000000,0.000000,0.000000
9.98,ground_truth,0.000000,-0.000000,-0.000000,0.000000,0.000000,0.000000
10.0,ground_truth,0.000000,-0.000000,-0.000000,0.000000,0.000000,0.000000
10.020000000000001,ground_truth,0.000000,-0.000000,-0.000000,0.000000,0.000000,0.000000
10.040000000000001,ground_truth,0.000000,-0.000000,-0.000000,0.000000,0.000000,0.000000
10.06,ground_truth,0.000000,-0.000000,-0.000000,0.000000,0.000000,0.000000
10.08,ground_truth,0.000000,-0.000000,-0.000000,0.000000,0.000000,0.000000
10.100000000000001,ground_truth,0.000000,-0.000000,-0.000000,0.000000,0.000000,0.000000
10.120000000000001,ground_truth,0.000000,-0.000000,-0.000000,0.000000,0.000000,0.000000
10.14,ground_truth,0.000000,-0.000000,-0.000000,0.000000,0.000000,0.000000
10.16,ground_truth,0.000000,-0.000000,-0.000000,0.000000,0.000000,0.000000
10.180000000000001,ground_truth,0.000000,-0.000000,-0.000000,0.000000,0.000000,0.000000
10.200000000000001,ground_truth,0.000000,-0.000000,-0.000000,0.000000,0.000000,0.000000
10.22,ground_truth,0.000000,-0.000000,-0.000000,0.000000,0.000000,0.000000
10.24,ground_truth,0.000000,-0.000000,-0.000000,0.000000,0.000000,0.000000
10.26,ground_truth,0.000000,-0.000000,-0.000000,0.000000,0.000000,0.000000
10.280000000000001,ground_truth,0.000000,-0.000000,-0.000000,0.000000,0.000000,0.000000
10.3,ground_truth,0.000000,-0.000000,-0.000000,0.000000,0.000000,0.000000
10.32,ground_truth,0.000000,-0.000000,-0.000000,0.000000,0.000000,0.000000
10.34,ground_truth,0.000000,-0.000000,-0.000000,0.000000,0.000000,0.000000
10.360000000000001,ground_truth,0.000000,-0.000000,-0.000000,0.000000,0.000000,0.000000
10.38,ground_truth,0.000000,-0.000000,-0.000000,0.000000,0.000000,0.000000
10.4,ground_truth,0.000000,-0.000000,-0.000000,0.000000,0.000000,0.000000
10.42,ground_truth,0.000000,-0.000000,-0.000000,0.000000,0.000000,0.000000
10.440000000000001,ground_truth,0.000000,-0.000000,-0.000000,0.000000,0.000000,0.000000
10.46,ground_truth,0.000000,-0.000000,-0.000000,0.000000,0.000000,0.000000
10.48,ground_truth,0.000000,-0.000000,-0.000000,0.000000,0.000000,0.000000
10.5,ground_truth,0.000000,-0.000000,-0.000000,0.000000,0.000000,0.000000
10.520000000000001,ground_truth,0.000000,-0.000000,-0.000000,0.000000,0.000000,0.000000
10.540000000000001,ground_truth,0.000000,-0.000000,-0.000000,0.000000,0.000000,0.000000
10.56,ground_truth,0.000000,-0.000000,-0.000000,0.000000,0.000000,0.000000
10.58,ground_truth,0.000000,-0.000000,-0.000000,0.000000,0.000000,0.000000
10.600000000000001,ground_truth,0.000000,-0.000000,-0.000000,0.000000,0.000000,0.000000
10.620000000000001,ground_truth,0.000000,-0.000000,-0.000000,0.000000,0.000000,0.000000
10.64,ground_truth,0.000000,-0.000000,-0.000000,0.000000,0.000000,0.000000
10.66,ground_truth,0.000000,-0.000000,-0.000000,0.000000,0.000000,0.000000
10.680000000000001,ground_truth,0.000000,-0.000000,-0.000000,0.000000,0.000000,0.000000
10.700000000000001,ground_truth,0.000000,-0.000000,-0.000000,0.000000,0.000000,0.000000
10.72,ground_truth,0.000000,-0.000000,-0.000000,0.000000,0.000000,0.000000
10.74,ground_truth,0.000000,-0.000000,-0.000000,0.000000,0.000000,0.000000
10.76,ground_truth,0.000000,-0.000000,-0.000000,0.000000,0.000000,0.000000
10.780000000000001,ground_truth,0.000000,-0.000000,-0.000000,0.000000,0.000000,0.000000
10.8,ground_truth,0.000000,-0.000000,-0.000000,0.000000,0.000000,0.000000
10.82,ground_truth,0.000000,-0.000000,-0.000000,0.000000,0.000000,0.000000
10.84,ground_truth,0.000000,-0.000000,-0.000000,0.000000,0.000000,0.000000
10.860000000000001,ground_truth,0.000000,-0.000000,-0.000000,0.000000,0.000000,0.000000
10.88,ground_truth,0.000000,-0.000000,-0.000000,0.000000,0.000000,0.000000
10.9,ground_truth,0.000000,-0.000000,-0.000000,0.000000,0.000000,0.000000
10.92,ground_truth,0.000000,-0.000000,-0.000000,0.000000,0.000000,0.000000
10.940000000000001,ground_truth,0.000000,-0.000000,-0.000000,0.000000,0.000000,0.000000
10.96,ground_truth,0.000000,-0.000000,-0.000000,0.000000,0.000000,0.000000
10.98,ground_truth,0.000000,-0.000000,-0.000000,0.000000,0.000000,0.000000
11.0,ground_truth,0.000000,-0.000000,-0.000000,0.000000,0.000000,0.000000
11.020000000000001,ground_truth,0.000000,-0.000000,-0.000000,0.000000,0.000000,0.000000
11.040000000000001,ground_truth,0.000000,-0.000000,-0.000000,0.000000,0.000000,0.000000
11.06,ground_truth,0.000000,-0.000000,-0.000000,0.000000,0.000000,0.000000
11.08,ground_truth,0.000000,-0.000000,-0.000000,0.000000,0.000000,0.000000
11.100000000000001,ground_truth,0.000000,-0.000000,-0.000000,0.000000,0.000000,0.000000
11.120000000000001,ground_truth,0.000000,-0.000000,-0.000000,0.000000,0.000000,0.000000
11.14,ground_truth,0.000000,-0.000000,-0.000000,0.000000,0.000000,0.000000
11.16,ground_truth,0.000000,-0.000000,-0.000000,0.000000,0.000000,0.000000
11.180000000000001,ground_truth,0.000000,-0.000000,-0.000000,0.000000,0.000000,0.000000
11.200000000000001,ground_truth,0.000000,-0.000000,-0.000000,0.000000,0.000000,0.000000
11.22,ground_truth,0.000000,-0.000000,-0.000000,0.000000,0.000000,0.000000
11.24,ground_truth,0.000000,-0.000000,-0.000000,0.000000,0.000000,0.000000
11.260000000000002,ground_truth,0.000000,-0.000000,-0.000000,0.000000,0.000000,0.000000
11.280000000000001,ground_truth,0.000000,-0.000000,-0.000000,0.000000,0.000000,0.000000
11.3,ground_truth,0.000000,-0.000000,-0.000000,0.000000,0.000000,0.000000
11.32,ground_truth,0.000000,-0.000000,-0.000000,0.000000,0.000000,0.000000
11.34,ground_truth,0.000000,-0.000000,-0.000000,0.000000,0.000000,0.000000
11.360000000000001,ground_truth,0.000000,-0.000000,-0.000000,0.000000,0.000000,0.000000
11.38,ground_truth,0.000000,-0.000000,-0.000000,0.000000,0.000000,0.000000
11.4,ground_truth,0.000000,-0.000000,-0.000000,0.000000,0.000000,0.000000
11.42,ground_truth,0.000000,-0.000000,-0.000000,0.000000,0.000000,0.000000
11.440000000000001,ground_truth,0.000000,-0.000000,-0.000000,0.000000,0.000000,0.000000
11.46,ground_truth,0.000000,-0.000000,-0.000000,0.000000,0.000000,0.000000
11.48,ground_truth,0.000000,-0.000000,-0.000000,0.000000,0.000000,0.000000
11.5,ground_truth,0.000000,-0.000000,-0.000000,0.000000,0.000000,0.000000
11.520000000000001,ground_truth,0.000000,-0.000000,-0.000000,0.000000,0.000000,0.000000
11.540000000000001,ground_truth,0.000000,-0.000000,-0.000000,0.000000,0.000000,0.000000
11.56,ground_truth,0.000000,-0.000000,-0.000000,0.000000,0.000000,0.000000
11.58,ground_truth,0.000000,-0.000000,-0.000000,0.000000,0.000000,0.000000
11.600000000000001,ground_truth,0.000000,-0.000000,-0.000000,0.000000,0.000000,0.000000
11.620000000000001,ground_truth,0.000000,-0.000000,-0.000000,0.000000,0.000000,0.000000
11.64,ground_truth,0.000000,-0.000000,-0.000000,0.000000,0.000000,0.000000
11.66,ground_truth,0.000000,-0.000000,-0.000000,0.000000,0.000000,0.000000
11.680000000000001,ground_truth,0.000000,-0.000000,-0.000000,0.000000,0.000000,0.000000
11.700000000000001,ground_truth,0.000000,-0.000000,-0.000000,0.000000,0.000000,0.000000
11.72,ground_truth,0.000000,-0.000000,-0.000000,0.000000,0.000000,0.000000
11.74,ground_truth,0.000000,-0.000000,-0.000000,0.000000,0.000000,0.000000
11.760000000000002,ground_truth,0.000000,-0.000000,-0.000000,0.000000,0.000000,0.000000
11.780000000000001,ground_truth,0.000000,-0.000000,-0.000000,0.000000,0.000000,0.000000
11.8,ground_truth,0.000000,-0.000000,-0.000000,0.000000,0.000000,0.000000
11.82,ground_truth,0.000000,-0.000000,-0.000000,0.000000,0.000000,0.000000
11.84,ground_truth,0.000000,-0.000000,-0.000000,0.000000,0.000000,0.000000
11.860000000000001,ground_truth,0.000000,-0.000000,-0.000000,0.000000,0.000000,0.000000
11.88,ground_truth,0.000000,-0.000000,-0.000000,0.000000,0.000000,0.000000
11.9,ground_truth,0.000000,-0.000000,-0.000000,0.000000,0.000000,0.000000
11.92,ground_truth,0.000000,-0.000000,-0.000000,0.000000,0.000000,0.000000
11.940000000000001,ground_truth,0.000000,-0.000000,-0.000000,0.000000,0.000000,0.000000
11.96,ground_truth,0.000000,-0.000000,-0.000000,0.000000,0.000000,0.000000
11.98,ground_truth,0.000000,-0.000000,-0.000000,0.000000,0.000000,0.000000
12.0,ground_truth,0.000000,-0.000000,-0.000000,0.000000,0.000000,0.000000
12.020000000000001,ground_truth,0.000000,-0.000000,-0.000000,0.000000,0.000000,0.000000
12.040000000000001,ground_truth,0.000000,-0.000000,-0.000000,0.000000,0.000000,0.000000
12.06,ground_truth,0.000000,-0.000000,-0.000000,0.000000,0.000000,0.000000
12.08,ground_truth,0.000000,-0.000000,-0.000000,0.000000,0.000000,0.000000
12.100000000000001,ground_truth,0.000000,-0.000000,-0.000000,0.000000,0.000000,0.000000
12.120000000000001,ground_truth,0.000000,-0.000000,-0.000000,0.000000,0.000000,0.000000
12.14,ground_truth,0.000000,-0.000000,-0.000000,0.000000,0.000000,0.000000
12.16,ground_truth,0.000000,-0.000000,-0.000000,0.000000,0.000000,0.000000
12.180000000000001,ground_truth,0.000000,-0.000000,-0.000000,0.000000,0.000000,0.000000
12.200000000000001,ground_truth,0.000000,-0.000000,-0.000000,0.000000,0.000000,0.000000
12.22,ground_truth,0.000000,-0.000000,-0.000000,0.000000,0.000000,0.000000
12.24,ground_truth,0.000000,-0.000000,-0.000000,0.000000,0.000000,0.000000
12.260000000000002,ground_truth,0.000000,-0.000000,-0.000000,0.000000,0.000000,0.000000
12.280000000000001,ground_truth,0.000000,-0.000000,-0.000000,0.000000,0.000000,0.000000
12.3,ground_truth,0.000000,-0.000000,-0.000000,0.000000,0.000000,0.000000
12.32,ground_truth,0.000000,-0.000000,-0.000000,0.000000,0.000000,0.000000
12.340000000000002,ground_truth,0.000000,-0.000000,-0.000000,0.000000,0.000000,0.000000
12.360000000000001,ground_truth,0.000000,-0.000000,-0.000000,0.000000,0.000000,0.000000
12.38,ground_truth,0.000000,-0.000000,-0.000000,0.000000,0.000000,0.000000
12.4,ground_truth,0.000000,-0.000000,-0.000000,0.000000,0.000000,0.000000
12.42,ground_truth,0.000000,-0.000000,-0.000000,0.000000,0.000000,0.000000
12.440000000000001,ground_truth,0.000000,-0.000000,-0.000000,0.000000,0.000000,0.000000
12.46,ground_truth,0.000000,-0.000000,-0.000000,0.000000,0.000000,0.000000
12.48,ground_truth,0.000000,-0.000000,-0.000000,0.000000,0.000000,0.000000
12.5,ground_truth,0.000000,-0.000000,-0.000000,0.000000,0.000000,0.000000
12.520000000000001,ground_truth,0.000000,-0.000000,-0.000000,0.000000,0.000000,0.000000
12.540000000000001,ground_truth,0.000000,-0.000000,-0.000000,0.000000,0.000000,0.000000
12.56,ground_truth,0.000000,-0.000000,-0.000000,0.000000,0.000000,0.000000
12.58,ground_truth,0.000000,-0.000000,-0.000000,0.000000,0.000000,0.000000
12.600000000000001,ground_truth,0.000000,-0.000000,-0.000000,0.000000,0.000000,0.000000
12.620000000000001,ground_truth,0.000000,-0.000000,-0.000000,0.000000,0.000000,0.000000
12.64,ground_truth,0.000000,-0.000000,-0.000000,0.000000,0.000000,0.000000
12.66,ground_truth,0.000000,-0.000000,-0.000000,0.000000,0.000000,0.000000
12.680000000000001,ground_truth,0.000000,-0.000000,-0.000000,0.000000,0.000000,0.000000
12.700000000000001,ground_truth,0.000000,-0.000000,-0.000000,0.000000,0.000000,0.000000
12.72,ground_truth,0.000000,-0.000000,-0.000000,0.000000,0.000000,0.000000
12.74,ground_truth,0.000000,-0.000000,-0.000000,0.000000,0.000000,0.000000
12.760000000000002,ground_truth,0.000000,-0.000000,-0.000000,0.000000,0.000000,0.000000
12.780000000000001,ground_truth,0.000000,-0.000000,-0.000000,0.000000,0.000000,0.000000
12.8,ground_truth,0.000000,-0.000000,-0.000000,0.000000,0.000000,0.000000
12.82,ground_truth,0.000000,-0.000000,-0.000000,0.000000,0.000000,0.000000
12.840000000000002,ground_truth,0.000000,-0.000000,-0.000000,0.000000,0.000000,0.000000
12.860000000000001,ground_truth,0.000000,-0.000000,-0.000000,0.000000,0.000000,0.000000
12.88,ground_truth,0.000000,-0.000000,-0.000000,0.000000,0.000000,0.000000
12.9,ground_truth,0.000000,-0.000000,-0.000000,0.000000,0.000000,0.000000
12.92,ground_truth,0.000000,-0.000000,-0.000000,0.000000,0.000000,0.000000
12.940000000000001,ground_truth,0.000000,-0.000000,-0.000000,0.000000,0.000000,0.000000
12.96,ground_truth,0.000000,-0.000000,-0.000000,0.000000,0.000000,0.000000
12.98,ground_truth,0.000000,-0.000000,-0.000000,0.000000,0.000000,0.000000
13.0,ground_truth,0.000000,-0.000000,-0.000000,0.000000,0.000000,0.000000
13.020000000000001,ground_truth,0.000000,-0.000000,-0.000000,0.000000,0.000000,0.000000
13.040000000000001,ground_truth,0.000000,-0.000000,-0.000000,0.000000,0.000000,0.000000
13.06,ground_truth,0.000000,-0.000000,-0.000000,0.000000,0.000000,0.000000
13.08,ground_truth,0.000240,-0.000384,0.006374,0.000000,0.000000,0.000000
13.100000000000001,ground_truth,0.001044,-0.001340,0.025269,0.000000,0.000000,0.000000
13.120000000000001,ground_truth,0.002429,-0.002999,0.055336,0.000000,0.000000,0.000000
13.14,ground_truth,0.004164,-0.005362,0.095646,0.000000,0.000000,0.000000
13.16,ground_truth,0.005994,-0.008509,0.143989,0.000000,0.000000,0.000000
13.180000000000001,ground_truth,0.007697,-0.012316,0.197673,0.000000,0.000000,0.000000
13.200000000000001,ground_truth,0.009168,-0.016369,0.255360,0.000000,0.000000,0.000000
13.22,ground_truth,0.010765,-0.020476,0.315597,0.000000,0.000000,0.000000
13.24,ground_truth,0.012286,-0.024573,0.378455,0.000000,0.000000,0.000000
13.260000000000002,ground_truth,0.013553,-0.028853,0.443249,0.000000,0.000000,0.000000
13.280000000000001,ground_truth,0.014405,-0.033661,0.509674,0.000000,0.000000,0.000000
13.3,ground_truth,0.014946,-0.038993,0.577994,0.000000,0.000000,0.000000
13.32,ground_truth,0.015313,-0.044763,0.647927,0.000000,0.000000,0.000000
13.340000000000002,ground_truth,0.015710,-0.050869,0.719305,0.000000,0.000000,0.000000
13.360000000000001,ground_truth,0.016418,-0.057014,0.787681,0.000000,0.000000,0.000000
13.38,ground_truth,0.017533,-0.063373,0.856550,0.000000,0.000000,0.000000
13.4,ground_truth,0.019208,-0.069800,0.924999,0.000000,0.000000,0.000000
13.420000000000002,ground_truth,0.021118,-0.076131,0.994599,0.000000,0.000000,0.000000
13.440000000000001,ground_truth,0.023292,-0.081877,1.062469,0.000000,0.000000,0.000000
13.46,ground_truth,0.025677,-0.086706,1.123757,0.000000,0.000000,0.000000
13.48,ground_truth,0.028357,-0.091174,1.186052,0.000000,0.000000,0.000000
13.5,ground_truth,0.030729,-0.094600,1.238867,0.000000,0.000000,0.000000
13.520000000000001,ground_truth,0.033126,-0.097259,1.292869,0.000000,0.000000,0.000000
13.540000000000001,ground_truth,0.035623,-0.098760,1.345097,0.000000,0.000000,0.000000
13.56,ground_truth,0.037935,-0.098730,1.386239,0.000000,0.000000,0.000000
13.58,ground_truth,0.040336,-0.098188,1.430083,0.000000,0.000000,0.000000
13.600000000000001,ground_truth,0.042699,-0.097268,1.476083,0.000000,0.000000,0.000000
13.620000000000001,ground_truth,0.045124,-0.095706,1.526302,0.000000,0.000000,0.000000
13.64,ground_truth,0.047538,-0.093651,1.579783,0.000000,0.000000,0.000000
13.66,ground_truth,0.049687,-0.091404,1.624279,0.000000,0.000000,0.000000
13.680000000000001,ground_truth,0.051687,-0.088968,1.664593,0.000000,0.000000,0.000000
13.700000000000001,ground_truth,0.053474,-0.086324,1.703497,0.000000,0.000000,0.000000
13.72,ground_truth,0.055261,-0.083477,1.745587,0.000000,0.000000,0.000000
13.74,ground_truth,0.056669,-0.080735,1.774226,0.000000,0.000000,0.000000
13.760000000000002,ground_truth,0.058168,-0.077854,1.807892,0.000000,0.000000,0.000000
13.780000000000001,ground_truth,0.059754,-0.074904,1.846594,0.000000,0.000000,0.000000
13.8,ground_truth,0.061288,-0.072391,1.881368,0.000000,0.000000,0.000000
13.82,ground_truth,0.062948,-0.070127,1.917127,0.000000,0.000000,0.000000
13.840000000000002,ground_truth,0.064392,-0.068436,1.941899,0.000000,0.000000,0.000000
13.860000000000001,ground_truth,0.066154,-0.067230,1.970603,0.000000,0.000000,0.000000
13.88,ground_truth,0.068034,-0.066643,2.001329,0.000000,0.000000,0.000000
13.9,ground_truth,0.069516,-0.066665,2.026461,0.000000,0.000000,0.000000
13.920000000000002,ground_truth,0.071261,-0.066871,2.057177,0.000000,0.000000,0.000000
13.940000000000001,ground_truth,0.072869,-0.066619,2.084032,0.000000,0.000000,0.000000
13.96,ground_truth,0.074484,-0.066344,2.110341,0.000000,0.000000,0.000000
13.98,ground_truth,0.075257,-0.065927,2.127492,0.000000,0.000000,0.000000
14.0,ground_truth,0.076290,-0.065672,2.150609,0.000000,0.000000,0.000000
14.020000000000001,ground_truth,0.077250,-0.065358,2.173238,0.000000,0.000000,0.000000
14.040000000000001,ground_truth,0.078367,-0.064622,2.192009,0.000000,0.000000,0.000000
14.06,ground_truth,0.080132,-0.064194,2.214922,0.000000,0.000000,0.000000
14.08,ground_truth,0.081963,-0.064029,2.239332,0.000000,0.000000,0.000000
14.100000000000001,ground_truth,0.083615,-0.064008,2.263799,0.000000,0.000000,0.000000
14.120000000000001,ground_truth,0.085136,-0.064099,2.288312,0.000000,0.000000,0.000000
14.14,ground_truth,0.085492,-0.064186,2.301087,0.000000,0.000000,0.000000
14.16,ground_truth,0.086019,-0.064234,2.317740,0.000000,0.000000,0.000000
14.180000000000001,ground_truth,0.086116,-0.064116,2.331516,0.000000,0.000000,0.000000
14.200000000000001,ground_truth,0.086434,-0.063989,2.349400,0.000000,0.000000,0.000000
14.22,ground_truth,0.086930,-0.063981,2.368884,0.000000,0.000000,0.000000
14.24,ground_truth,0.087499,-0.064237,2.387741,0.000000,0.000000,0.000000
14.260000000000002,ground_truth,0.088122,-0.064689,2.406572,0.000000,0.000000,0.000000
14.280000000000001,ground_truth,0.088699,-0.065596,2.421923,0.000000,0.000000,0.000000
14.3,ground_truth,0.089327,-0.066583,2.437986,0.000000,0.000000,0.000000
14.32,ground_truth,0.089928,-0.067912,2.450984,0.000000,0.000000,0.000000
14.340000000000002,ground_truth,0.090172,-0.068677,2.462603,0.000000,0.000000,0.000000
14.360000000000001,ground_truth,0.091096,-0.069063,2.477643,0.000000,0.000000,0.000000
14.38,ground_truth,0.091142,-0.069588,2.486104,0.000000,0.000000,0.000000
14.4,ground_truth,0.091182,-0.069450,2.499339,0.000000,0.000000,0.000000
14.420000000000002,ground_truth,0.090839,-0.068307,2.514868,0.000000,0.000000,0.000000
14.440000000000001,ground_truth,0.090355,-0.066107,2.536212,0.000000,0.000000,0.000000
14.46,ground_truth,0.089692,-0.062900,2.562480,0.000000,0.000000,0.000000
14.48,ground_truth,0.087735,-0.058946,2.588378,0.000000,0.000000,0.000000
14.500000000000002,ground_truth,0.085739,-0.054162,2.619277,0.000000,0.000000,0.000000
14.520000000000001,ground_truth,0.082614,-0.048687,2.648041,0.000000,0.000000,0.000000
14.540000000000001,ground_truth,0.078640,-0.042858,2.678712,0.000000,0.000000,0.000000
14.56,ground_truth,0.072899,-0.036590,2.704486,0.000000,0.000000,0.000000
14.58,ground_truth,0.066121,-0.030061,2.728033,0.000000,0.000000,0.000000
14.600000000000001,ground_truth,0.057965,-0.023541,2.749817,0.000000,0.000000,0.000000
14.620000000000001,ground_truth,0.048571,-0.017149,2.768457,0.000000,0.000000,0.000000
14.64,ground_truth,0.038161,-0.010973,2.786180,0.000000,0.000000,0.000000
14.66,ground_truth,0.026479,-0.004963,2.799997,0.000000,0.000000,0.000000
14.680000000000001,ground_truth,0.013888,0.001011,2.813502,0.000000,0.000000,0.000000
14.700000000000001,ground_truth,-0.000130,0.006896,2.825274,0.000000,0.000000,0.000000
14.72,ground_truth,-0.014769,0.012510,2.833995,0.000000,0.000000,0.000000
14.74,ground_truth,-0.029590,0.017971,2.842612,0.000000,0.000000,0.000000
14.760000000000002,ground_truth,-0.044595,0.023168,2.848421,0.000000,0.000000,0.000000
14.780000000000001,ground_truth,-0.059997,0.028364,2.854562,0.000000,0.000000,0.000000
14.8,ground_truth,-0.075818,0.033481,2.859257,0.000000,0.000000,0.000000
14.82,ground_truth,-0.091217,0.038411,2.862444,0.000000,0.000000,0.000000
14.840000000000002,ground_truth,-0.106649,0.043293,2.865292,0.000000,0.000000,0.000000
14.860000000000001,ground_truth,-0.121237,0.047857,2.866680,0.000000,0.000000,0.000000
14.88,ground_truth,-0.135694,0.052318,2.868058,0.000000,0.000000,0.000000
14.9,ground_truth,-0.150479,0.056839,2.870221,0.000000,0.000000,0.000000
14.920000000000002,ground_truth,-0.166105,0.061513,2.872346,0.000000,0.000000,0.000000
14.940000000000001,ground_truth,-0.182502,0.066305,2.874119,0.000000,0.000000,0.000000
14.96,ground_truth,-0.199555,0.071158,2.874775,0.000000,0.000000,0.000000
14.98,ground_truth,-0.217057,0.076086,2.875242,0.000000,0.000000,0.000000
15.000000000000002,ground_truth,-0.234918,0.081074,2.875567,0.000000,0.000000,0.000000
15.020000000000001,ground_truth,-0.253065,0.086114,2.875843,0.000000,0.000000,0.000000
15.040000000000001,ground_truth,-0.271440,0.091196,2.876109,0.000000,0.000000,0.000000
15.06,ground_truth,-0.290002,0.096307,2.876300,0.000000,0.000000,0.000000
15.08,ground_truth,-0.308685,0.101438,2.876484,0.000000,0.000000,0.000000
15.100000000000001,ground_truth,-0.327457,0.106580,2.876656,0.000000,0.000000,0.000000
15.120000000000001,ground_truth,-0.346335,0.111741,2.876816,0.000000,0.000000,0.000000
15.14,ground_truth,-0.365270,0.116909,2.876982,0.000000,0.000000,0.000000
15.16,ground_truth,-0.383841,0.121973,2.877213,0.000000,0.000000,0.000000
15.180000000000001,ground_truth,-0.402309,0.127003,2.877464,0.000000,0.000000,0.000000
15.200000000000001,ground_truth,-0.420664,0.131993,2.877661,0.000000,0.000000,0.000000
15.22,ground_truth,-0.439207,0.137021,2.877727,0.000000,0.000000,0.000000
15.24,ground_truth,-0.457892,0.142080,2.877716,0.000000,0.000000,0.000000
15.260000000000002,ground_truth,-0.476316,0.147072,2.877784,0.000000,0.000000,0.000000
15.280000000000001,ground_truth,-0.494435,0.151985,2.877956,0.000000,0.000000,0.000000
15.3,ground_truth,-0.512096,0.156783,2.878192,0.000000,0.000000,0.000000
15.32,ground_truth,-0.529799,0.161604,2.878577,0.000000,0.000000,0.000000
15.340000000000002,ground_truth,-0.546668,0.166207,2.878897,0.000000,0.000000,0.000000
15.360000000000001,ground_truth,-0.563343,0.170764,2.879474,0.000000,0.000000,0.000000
15.38,ground_truth,-0.580277,0.175356,2.879639,0.000000,0.000000,0.000000
15.4,ground_truth,-0.596342,0.179749,2.880315,0.000000,0.000000,0.000000
15.420000000000002,ground_truth,-0.611829,0.183998,2.881253,0.000000,0.000000,0.000000
15.440000000000001,ground_truth,-0.625880,0.187924,2.882451,0.000000,0.000000,0.000000
15.46,ground_truth,-0.640460,0.191906,2.882318,0.000000,0.000000,0.000000
15.48,ground_truth,-0.655486,0.195862,2.879686,0.000000,0.000000,0.000000
15.500000000000002,ground_truth,-0.671349,0.200022,2.876334,0.000000,0.000000,0.000000
15.520000000000001,ground_truth,-0.687845,0.204396,2.873178,0.000000,0.000000,0.000000
15.540000000000001,ground_truth,-0.704844,0.208968,2.870582,0.000000,0.000000,0.000000
15.56,ground_truth,-0.722276,0.213707,2.868308,0.000000,0.000000,0.000000
15.580000000000002,ground_truth,-0.740050,0.218595,2.866498,0.000000,0.000000,0.000000
15.600000000000001,ground_truth,-0.758071,0.223623,2.865567,0.000000,0.000000,0.000000
15.620000000000001,ground_truth,-0.776321,0.228738,2.864798,0.000000,0.000000,0.000000
15.64,ground_truth,-0.794735,0.233939,2.864516,0.000000,0.000000,0.000000
15.66,ground_truth,-0.813114,0.239163,2.864749,0.000000,0.000000,0.000000
15.680000000000001,ground_truth,-0.831512,0.244406,2.865269,0.000000,0.000000,0.000000
15.700000000000001,ground_truth,-0.850075,0.249692,2.865818,0.000000,0.000000,0.000000
15.72,ground_truth,-0.868771,0.255010,2.866393,0.000000,0.000000,0.000000
15.74,ground_truth,-0.887301,0.260280,2.867060,0.000000,0.000000,0.000000
15.760000000000002,ground_truth,-0.905206,0.265366,2.867749,0.000000,0.000000,0.000000
15.780000000000001,ground_truth,-0.922752,0.270340,2.868411,0.000000,0.000000,0.000000
15.8,ground_truth,-0.940527,0.275357,2.868882,0.000000,0.000000,0.000000
15.82,ground_truth,-0.958507,0.280415,2.869215,0.000000,0.000000,0.000000
15.840000000000002,ground_truth,-0.975996,0.285347,2.869725,0.000000,0.000000,0.000000
15.860000000000001,ground_truth,-0.992794,0.290090,2.870409,0.000000,0.000000,0.000000
15.88,ground_truth,-1.008811,0.294625,2.871023,0.000000,0.000000,0.000000
15.9,ground_truth,-1.025065,0.299209,2.871569,0.000000,0.000000,0.000000
15.920000000000002,ground_truth,-1.041313,0.303736,2.871345,0.000000,0.000000,0.000000
15.940000000000001,ground_truth,-1.057191,0.308067,2.870568,0.000000,0.000000,0.000000
15.96,ground_truth,-1.072960,0.312370,2.870140,0.000000,0.000000,0.000000
15.98,ground_truth,-1.087825,0.316404,2.869288,0.000000,0.000000,0.000000
16.0,ground_truth,-1.103013,0.320524,2.868125,0.000000,0.000000,0.000000
16.02,ground_truth,-1.118612,0.324796,2.867369,0.000000,0.000000,0.000000
16.040000000000003,ground_truth,-1.134587,0.329203,2.866934,0.000000,0.000000,0.000000
16.060000000000002,ground_truth,-1.150902,0.333725,2.866662,0.000000,0.000000,0.000000
16.080000000000002,ground_truth,-1.167517,0.338351,2.866594,0.000000,0.000000,0.000000
16.1,ground_truth,-1.184408,0.343063,2.866573,0.000000,0.000000,0.000000
16.12,ground_truth,-1.201572,0.347867,2.866687,0.000000,0.000000,0.000000
16.14,ground_truth,-1.219038,0.352773,2.866962,0.000000,0.000000,0.000000
16.16,ground_truth,-1.236763,0.357762,2.867317,0.000000,0.000000,0.000000
16.18,ground_truth,-1.254707,0.362813,2.867592,0.000000,0.000000,0.000000
16.2,ground_truth,-1.272859,0.367908,2.867580,0.000000,0.000000,0.000000
16.220000000000002,ground_truth,-1.291085,0.373011,2.867277,0.000000,0.000000,0.000000
16.240000000000002,ground_truth,-1.309532,0.378187,2.867067,0.000000,0.000000,0.000000
16.26,ground_truth,-1.328168,0.383417,2.866822,0.000000,0.000000,0.000000
16.28,ground_truth,-1.346735,0.388620,2.866514,0.000000,0.000000,0.000000
16.3,ground_truth,-1.364665,0.393635,2.866267,0.000000,0.000000,0.000000
16.32,ground_truth,-1.382427,0.398592,2.865881,0.000000,0.000000,0.000000
16.34,ground_truth,-1.399770,0.403436,2.865592,0.000000,0.000000,0.000000
16.36,ground_truth,-1.417150,0.408303,2.865292,0.000000,0.000000,0.000000
16.380000000000003,ground_truth,-1.434652,0.413218,2.865020,0.000000,0.000000,0.000000
16.400000000000002,ground_truth,-1.452477,0.418231,2.864671,0.000000,0.000000,0.000000
16.42,ground_truth,-1.469923,0.423158,2.864562,0.000000,0.000000,0.000000
16.44,ground_truth,-1.487233,0.428060,2.864567,0.000000,0.000000,0.000000
16.46,ground_truth,-1.503488,0.432688,2.864723,0.000000,0.000000,0.000000
16.48,ground_truth,-1.519801,0.437327,2.864823,0.000000,0.000000,0.000000
16.5,ground_truth,-1.535485,0.441758,2.864357,0.000000,0.000000,0.000000
16.52,ground_truth,-1.550209,0.445894,2.863626,0.000000,0.000000,0.000000
16.540000000000003,ground_truth,-1.565326,0.450163,2.862947,0.000000,0.000000,0.000000
16.560000000000002,ground_truth,-1.581010,0.454633,2.862526,0.000000,0.000000,0.000000
16.580000000000002,ground_truth,-1.597222,0.459274,2.862291,0.000000,0.000000,0.000000
16.6,ground_truth,-1.613892,0.464059,2.862230,0.000000,0.000000,0.000000
16.62,ground_truth,-1.630953,0.468960,2.862271,0.000000,0.000000,0.000000
16.64,ground_truth,-1.648366,0.473959,2.862250,0.000000,0.000000,0.000000
16.66,ground_truth,-1.666091,0.479034,2.861865,0.000000,0.000000,0.000000
16.68,ground_truth,-1.684040,0.484170,2.861209,0.000000,0.000000,0.000000
16.7,ground_truth,-1.702166,0.489367,2.860468,0.000000,0.000000,0.000000
16.720000000000002,ground_truth,-1.720437,0.494623,2.859728,0.000000,0.000000,0.000000
16.740000000000002,ground_truth,-1.738814,0.499931,2.859117,0.000000,0.000000,0.000000
16.76,ground_truth,-1.757155,0.505262,2.859039,0.000000,0.000000,0.000000
16.78,ground_truth,-1.775484,0.510601,2.859201,0.000000,0.000000,0.000000
16.8,ground_truth,-1.793651,0.515904,2.859707,0.000000,0.000000,0.000000
16.82,ground_truth,-1.812026,0.521257,2.860145,0.000000,0.000000,0.000000
16.84,ground_truth,-1.830568,0.526648,2.860563,0.000000,0.000000,0.000000
16.86,ground_truth,-1.849017,0.532013,2.861097,0.000000,0.000000,0.000000
16.880000000000003,ground_truth,-1.866931,0.537222,2.861807,0.000000,0.000000,0.000000
16.900000000000002,ground_truth,-1.884455,0.542312,2.862480,0.000000,0.000000,0.000000
16.92,ground_truth,-1.901542,0.547258,2.863024,0.000000,0.000000,0.000000
16.94,ground_truth,-1.918796,0.552228,2.863343,0.000000,0.000000,0.000000
16.96,ground_truth,-1.935547,0.557057,2.863677,0.000000,0.000000,0.000000
16.98,ground_truth,-1.952590,0.561970,2.864126,0.000000,0.000000,0.000000
17.0,ground_truth,-1.969130,0.566784,2.865184,0.000000,0.000000,0.000000
17.02,ground_truth,-1.985086,0.571415,2.865791,0.000000,0.000000,0.000000
17.040000000000003,ground_truth,-2.000929,0.575964,2.866148,0.000000,0.000000,0.000000
17.060000000000002,ground_truth,-2.016239,0.580251,2.866561,0.000000,0.000000,0.000000
17.080000000000002,ground_truth,-2.031233,0.584279,2.866018,0.000000,0.000000,0.000000
17.1,ground_truth,-2.045118,0.587979,2.865499,0.000000,0.000000,0.000000
17.12,ground_truth,-2.059282,0.591770,2.864839,0.000000,0.000000,0.000000
17.14,ground_truth,-2.073953,0.595750,2.864543,0.000000,0.000000,0.000000
17.16,ground_truth,-2.089096,0.599896,2.864452,0.000000,0.000000,0.000000
17.18,ground_truth,-2.104664,0.604186,2.864500,0.000000,0.000000,0.000000
17.200000000000003,ground_truth,-2.120614,0.608604,2.864621,0.000000,0.000000,0.000000
17.220000000000002,ground_truth,-2.136907,0.613133,2.864781,0.000000,0.000000,0.000000
17.240000000000002,ground_truth,-2.153509,0.617759,2.864912,0.000000,0.000000,0.000000
17.26,ground_truth,-2.170388,0.622472,2.865022,0.000000,0.000000,0.000000
17.28,ground_truth,-2.187694,0.627317,2.865061,0.000000,0.000000,0.000000
17.3,ground_truth,-2.205456,0.632297,2.864913,0.000000,0.000000,0.000000
17.32,ground_truth,-2.223530,0.637374,2.864651,0.000000,0.000000,0.000000
17.34,ground_truth,-2.241631,0.642458,2.864163,0.000000,0.000000,0.000000
17.36,ground_truth,-2.259956,0.647618,2.863709,0.000000,0.000000,0.000000
17.380000000000003,ground_truth,-2.278043,0.652714,2.863144,0.000000,0.000000,0.000000
17.400000000000002,ground_truth,-2.296360,0.657899,2.862794,0.000000,0.000000,0.000000
17.42,ground_truth,-2.314890,0.663159,2.862515,0.000000,0.000000,0.000000
17.44,ground_truth,-2.332987,0.668267,2.861888,0.000000,0.000000,0.000000
17.46,ground_truth,-2.351032,0.673347,2.861017,0.000000,0.000000,0.000000
17.48,ground_truth,-2.368614,0.678313,2.860489,0.000000,0.000000,0.000000
17.5,ground_truth,-2.385998,0.683254,2.860276,0.000000,0.000000,0.000000
17.52,ground_truth,-2.403492,0.688247,2.860128,0.000000,0.000000,0.000000
17.540000000000003,ground_truth,-2.420799,0.693208,2.860114,0.000000,0.000000,0.000000
17.560000000000002,ground_truth,-2.437400,0.697980,2.860198,0.000000,0.000000,0.000000
17.580000000000002,ground_truth,-2.453018,0.702495,2.860392,0.000000,0.000000,0.000000
17.6,ground_truth,-2.468543,0.707016,2.861180,0.000000,0.000000,0.000000
17.62,ground_truth,-2.483782,0.711460,2.862074,0.000000,0.000000,0.000000
17.64,ground_truth,-2.499205,0.715932,2.862819,0.000000,0.000000,0.000000
17.66,ground_truth,-2.513517,0.720038,2.863141,0.000000,0.000000,0.000000
17.68,ground_truth,-2.526738,0.723665,2.863911,0.000000,0.000000,0.000000
17.700000000000003,ground_truth,-2.539560,0.727139,2.864511,0.000000,0.000000,0.000000
17.720000000000002,ground_truth,-2.550894,0.730018,2.864482,0.000000,0.000000,0.000000
17.740000000000002,ground_truth,-2.562604,0.733007,2.863713,0.000000,0.000000,0.000000
17.76,ground_truth,-2.573484,0.735891,2.863395,0.000000,0.000000,0.000000
17.78,ground_truth,-2.583191,0.738535,2.863445,0.000000,0.000000,0.000000
17.8,ground_truth,-2.592599,0.741107,2.863126,0.000000,0.000000,0.000000
17.82,ground_truth,-2.601385,0.743514,2.862516,0.000000,0.000000,0.000000
17.84,ground_truth,-2.610433,0.746024,2.861713,0.000000,0.000000,0.000000
17.86,ground_truth,-2.619365,0.748537,2.861001,0.000000,0.000000,0.000000
17.880000000000003,ground_truth,-2.627494,0.750906,2.861425,0.000000,0.000000,0.000000
17.900000000000002,ground_truth,-2.634825,0.753043,2.861706,0.000000,0.000000,0.000000
17.92,ground_truth,-2.641664,0.755007,2.861533,0.000000,0.000000,0.000000
17.94,ground_truth,-2.648760,0.757046,2.861303,0.000000,0.000000,0.000000
17.96,ground_truth,-2.655970,0.759099,2.860608,0.000000,0.000000,0.000000
17.98,ground_truth,-2.662756,0.761069,2.860500,0.000000,0.000000,0.000000
18.0,ground_truth,-2.669297,0.762961,2.860238,0.000000,0.000000,0.000000
18.02,ground_truth,-2.675003,0.764668,2.860591,0.000000,0.000000,0.000000
18.040000000000003,ground_truth,-2.680346,0.766228,2.860450,0.000000,0.000000,0.000000
18.060000000000002,ground_truth,-2.685646,0.767761,2.860162,0.000000,0.000000,0.000000
18.080000000000002,ground_truth,-2.691186,0.769366,2.859949,0.000000,0.000000,0.000000
18.1,ground_truth,-2.696380,0.770872,2.859970,0.000000,0.000000,0.000000
18.12,ground_truth,-2.700627,0.772172,2.860801,0.000000,0.000000,0.000000
18.14,ground_truth,-2.704493,0.773364,2.861067,0.000000,0.000000,0.000000
18.16,ground_truth,-2.708033,0.774381,2.860553,0.000000,0.000000,0.000000
18.18,ground_truth,-2.712332,0.775620,2.859988,0.000000,0.000000,0.000000
18.200000000000003,ground_truth,-2.716598,0.776857,2.859586,0.000000,0.000000,0.000000
18.220000000000002,ground_truth,-2.720680,0.778049,2.859524,0.000000,0.000000,0.000000
18.240000000000002,ground_truth,-2.724177,0.779090,2.859743,0.000000,0.000000,0.000000
18.26,ground_truth,-2.727057,0.779931,2.859853,0.000000,0.000000,0.000000
18.28,ground_truth,-2.730059,0.780532,2.857473,0.000000,0.000000,0.000000
18.3,ground_truth,-2.733267,0.780630,2.846142,0.000000,0.000000,0.000000
18.32,ground_truth,-2.736738,0.780313,2.824052,0.000000,0.000000,0.000000
18.34,ground_truth,-2.740610,0.779771,2.792365,0.000000,0.000000,0.000000
18.36,ground_truth,-2.744451,0.779309,2.756300,0.000000,0.000000,0.000000
18.380000000000003,ground_truth,-2.748520,0.778997,2.715667,0.000000,0.000000,0.000000
18.400000000000002,ground_truth,-2.752641,0.778988,2.673916,0.000000,0.000000,0.000000
18.42,ground_truth,-2.756372,0.779041,2.634822,0.000000,0.000000,0.000000
18.44,ground_truth,-2.760254,0.779291,2.592657,0.000000,0.000000,0.000000
18.46,ground_truth,-2.763785,0.779084,2.554064,0.000000,0.000000,0.000000
18.48,ground_truth,-2.767554,0.778490,2.515416,0.000000,0.000000,0.000000
18.5,ground_truth,-2.770643,0.777614,2.485968,0.000000,0.000000,0.000000
18.52,ground_truth,-2.773703,0.776847,2.455691,0.000000,0.000000,0.000000
18.540000000000003,ground_truth,-2.776917,0.776491,2.421840,0.000000,0.000000,0.000000
18.560000000000002,ground_truth,-2.779904,0.776168,2.391046,0.000000,0.000000,0.000000
18.580000000000002,ground_truth,-2.782747,0.776346,2.362135,0.000000,0.000000,0.000000
18.6,ground_truth,-2.785426,0.776972,2.335575,0.000000,0.000000,0.000000
18.62,ground_truth,-2.788218,0.777848,2.305688,0.000000,0.000000,0.000000
18.64,ground_truth,-2.791076,0.778969,2.274017,0.000000,0.000000,0.000000
18.66,ground_truth,-2.793601,0.780026,2.243888,0.000000,0.000000,0.000000
18.68,ground_truth,-2.795296,0.781054,2.222008,0.000000,0.000000,0.000000
18.700000000000003,ground_truth,-2.796614,0.782313,2.204763,0.000000,0.000000,0.000000
18.720000000000002,ground_truth,-2.797902,0.783450,2.183943,0.000000,0.000000,0.000000
18.740000000000002,ground_truth,-2.799095,0.784533,2.161438,0.000000,0.000000,0.000000
18.76,ground_truth,-2.800200,0.785606,2.137627,0.000000,0.000000,0.000000
18.78,ground_truth,-2.801156,0.786660,2.114753,0.000000,0.000000,0.000000
18.8,ground_truth,-2.801551,0.787465,2.100895,0.000000,0.000000,0.000000
18.82,ground_truth,-2.802093,0.788362,2.085910,0.000000,0.000000,0.000000
18.84,ground_truth,-2.802790,0.789304,2.069118,0.000000,0.000000,0.000000
18.86,ground_truth,-2.803791,0.789565,2.051462,0.000000,0.000000,0.000000
18.880000000000003,ground_truth,-2.804961,0.789483,2.033213,0.000000,0.000000,0.000000
18.900000000000002,ground_truth,-2.805231,0.789576,2.025351,0.000000,0.000000,0.000000
18.92,ground_truth,-2.805796,0.789759,2.012248,0.000000,0.000000,0.000000
18.94,ground_truth,-2.806520,0.790333,1.999322,0.000000,0.000000,0.000000
18.96,ground_truth,-2.807878,0.791629,1.978812,0.000000,0.000000,0.000000
18.98,ground_truth,-2.809938,0.794090,1.955222,0.000000,0.000000,0.000000
19.0,ground_truth,-2.812525,0.797777,1.929362,0.000000,0.000000,0.000000
19.02,ground_truth,-2.815616,0.803339,1.905445,0.000000,0.000000,0.000000
19.040000000000003,ground_truth,-2.819043,0.810437,1.883814,0.000000,0.000000,0.000000
19.060000000000002,ground_truth,-2.822990,0.818164,1.859985,0.000000,0.000000,0.000000
19.080000000000002,ground_truth,-2.826787,0.827321,1.842423,0.000000,0.000000,0.000000
19.1,ground_truth,-2.830991,0.837264,1.824549,0.000000,0.000000,0.000000
19.12,ground_truth,-2.835441,0.848050,1.806944,0.000000,0.000000,0.000000
19.14,ground_truth,-2.839601,0.859851,1.792344,0.000000,0.000000,0.000000
19.16,ground_truth,-2.843577,0.872370,1.777782,0.000000,0.000000,0.000000
19.18,ground_truth,-2.847300,0.885248,1.763696,0.000000,0.000000,0.000000
19.200000000000003,ground_truth,-2.850950,0.898592,1.748631,0.000000,0.000000,0.000000
19.220000000000002,ground_truth,-2.854388,0.912611,1.733954,0.000000,0.000000,0.000000
19.240000000000002,ground_truth,-2.857745,0.926555,1.720594,0.000000,0.000000,0.000000
19.26,ground_truth,-2.860839,0.940940,1.709094,0.000000,0.000000,0.000000
19.28,ground_truth,-2.863748,0.954813,1.701277,0.000000,0.000000,0.000000
19.3,ground_truth,-2.866708,0.968554,1.689344,0.000000,0.000000,0.000000
19.32,ground_truth,-2.869422,0.982810,1.677917,0.000000,0.000000,0.000000
19.34,ground_truth,-2.871851,0.997603,1.667982,0.000000,0.000000,0.000000
19.36,ground_truth,-2.874073,1.012906,1.659161,0.000000,0.000000,0.000000
19.380000000000003,ground_truth,-2.875995,1.028907,1.653945,0.000000,0.000000,0.000000
19.400000000000002,ground_truth,-2.877890,1.045569,1.647794,0.000000,0.000000,0.000000
19.42,ground_truth,-2.879624,1.062851,1.643349,0.000000,0.000000,0.000000
19.44,ground_truth,-2.881264,1.080637,1.639560,0.000000,0.000000,0.000000
19.46,ground_truth,-2.882799,1.098826,1.636841,0.000000,0.000000,0.000000
19.48,ground_truth,-2.884236,1.117322,1.635127,0.000000,0.000000,0.000000
19.5,ground_truth,-2.885595,1.136095,1.634424,0.000000,0.000000,0.000000
19.52,ground_truth,-2.886917,1.155160,1.634119,0.000000,0.000000,0.000000
19.540000000000003,ground_truth,-2.888247,1.174467,1.633521,0.000000,0.000000,0.000000
19.560000000000002,ground_truth,-2.889567,1.193848,1.632965,0.000000,0.000000,0.000000
19.580000000000002,ground_truth,-2.890844,1.213048,1.632633,0.000000,0.000000,0.000000
19.6,ground_truth,-2.892116,1.232392,1.632221,0.000000,0.000000,0.000000
19.62,ground_truth,-2.893352,1.251554,1.632004,0.000000,0.000000,0.000000
19.64,ground_truth,-2.894577,1.270784,1.631841,0.000000,0.000000,0.000000
19.66,ground_truth,-2.895798,1.290092,1.631634,0.000000,0.000000,0.000000
19.68,ground_truth,-2.896834,1.308605,1.633161,0.000000,0.000000,0.000000
19.700000000000003,ground_truth,-2.897899,1.327122,1.634497,0.000000,0.000000,0.000000
19.720000000000002,ground_truth,-2.898923,1.345025,1.635680,0.000000,0.000000,0.000000
19.740000000000002,ground_truth,-2.900011,1.363019,1.636095,0.000000,0.000000,0.000000
19.76,ground_truth,-2.901146,1.381068,1.635985,0.000000,0.000000,0.000000
19.78,ground_truth,-2.902270,1.398804,1.635908,0.000000,0.000000,0.000000
19.8,ground_truth,-2.903365,1.416319,1.635991,0.000000,0.000000,0.000000
19.82,ground_truth,-2.904254,1.432333,1.637477,0.000000,0.000000,0.000000
19.84,ground_truth,-2.905182,1.448458,1.638218,0.000000,0.000000,0.000000
19.860000000000003,ground_truth,-2.905822,1.463118,1.641217,0.000000,0.000000,0.000000
19.880000000000003,ground_truth,-2.906310,1.478008,1.646072,0.000000,0.000000,0.000000
19.900000000000002,ground_truth,-2.907061,1.493564,1.649891,0.000000,0.000000,0.000000
19.92,ground_truth,-2.908043,1.509759,1.652544,0.000000,0.000000,0.000000
19.94,ground_truth,-2.909183,1.526521,1.654718,0.000000,0.000000,0.000000
19.96,ground_truth,-2.910470,1.543739,1.655968,0.000000,0.000000,0.000000
19.98,ground_truth,-2.911848,1.561376,1.657006,0.000000,0.000000,0.000000
20.0,ground_truth,-2.913309,1.579356,1.657621,0.000000,0.000000,0.000000
20.02,ground_truth,-2.914835,1.597619,1.657850,0.000000,0.000000,0.000000
20.040000000000003,ground_truth,-2.916400,1.616134,1.657998,0.000000,0.000000,0.000000
20.060000000000002,ground_truth,-2.918000,1.634872,1.658036,0.000000,0.000000,0.000000
20.080000000000002,ground_truth,-2.919635,1.653818,1.657902,0.000000,0.000000,0.000000
20.1,ground_truth,-2.921296,1.672899,1.657571,0.000000,0.000000,0.000000
20.12,ground_truth,-2.922990,1.692210,1.657001,0.000000,0.000000,0.000000
20.14,ground_truth,-2.924694,1.711672,1.656432,0.000000,0.000000,0.000000
20.16,ground_truth,-2.926375,1.730992,1.655977,0.000000,0.000000,0.000000
20.18,ground_truth,-2.928015,1.749914,1.655566,0.000000,0.000000,0.000000
20.200000000000003,ground_truth,-2.929612,1.768502,1.655323,0.000000,0.000000,0.000000
20.220000000000002,ground_truth,-2.931220,1.787322,1.655174,0.000000,0.000000,0.000000
20.240000000000002,ground_truth,-2.932832,1.806291,1.655140,0.000000,0.000000,0.000000
20.26,ground_truth,-2.934409,1.824727,1.654908,0.000000,0.000000,0.000000
20.28,ground_truth,-2.935957,1.842892,1.654734,0.000000,0.000000,0.000000
20.3,ground_truth,-2.937464,1.860227,1.654186,0.000000,0.000000,0.000000
20.32,ground_truth,-2.938939,1.877476,1.654007,0.000000,0.000000,0.000000
20.34,ground_truth,-2.940420,1.894846,1.653771,0.000000,0.000000,0.000000
20.360000000000003,ground_truth,-2.941833,1.911745,1.653829,0.000000,0.000000,0.000000
20.380000000000003,ground_truth,-2.943210,1.928303,1.653990,0.000000,0.000000,0.000000
20.400000000000002,ground_truth,-2.944494,1.943501,1.653617,0.000000,0.000000,0.000000
20.42,ground_truth,-2.945797,1.958862,1.653262,0.000000,0.000000,0.000000
20.44,ground_truth,-2.947007,1.973183,1.652926,0.000000,0.000000,0.000000
20.46,ground_truth,-2.948172,1.987045,1.652732,0.000000,0.000000,0.000000
20.48,ground_truth,-2.949160,2.000438,1.655287,0.000000,0.000000,0.000000
20.5,ground_truth,-2.950208,2.014878,1.659235,0.000000,0.000000,0.000000
20.52,ground_truth,-2.951441,2.030379,1.662275,0.000000,0.000000,0.000000
20.540000000000003,ground_truth,-2.952827,2.046736,1.664511,0.000000,0.000000,0.000000
20.560000000000002,ground_truth,-2.954308,2.063762,1.666744,0.000000,0.000000,0.000000
20.580000000000002,ground_truth,-2.955897,2.081346,1.668470,0.000000,0.000000,0.000000
20.6,ground_truth,-2.957611,2.099382,1.669104,0.000000,0.000000,0.000000
20.62,ground_truth,-2.959391,2.117785,1.669375,0.000000,0.000000,0.000000
20.64,ground_truth,-2.961228,2.136497,1.669248,0.000000,0.000000,0.000000
20.66,ground_truth,-2.963084,2.155422,1.669239,0.000000,0.000000,0.000000
20.68,ground_truth,-2.964965,2.174462,1.669000,0.000000,0.000000,0.000000
20.700000000000003,ground_truth,-2.966878,2.193702,1.668480,0.000000,0.000000,0.000000
20.720000000000002,ground_truth,-2.968803,2.213063,1.667823,0.000000,0.000000,0.000000
20.740000000000002,ground_truth,-2.970681,2.232189,1.667566,0.000000,0.000000,0.000000
20.76,ground_truth,-2.972530,2.251165,1.667502,0.000000,0.000000,0.000000
20.78,ground_truth,-2.974312,2.269640,1.667912,0.000000,0.000000,0.000000
20.8,ground_truth,-2.976141,2.288324,1.667838,0.000000,0.000000,0.000000
20.82,ground_truth,-2.977993,2.307152,1.667539,0.000000,0.000000,0.000000
20.84,ground_truth,-2.979785,2.325591,1.667595,0.000000,0.000000,0.000000
20.860000000000003,ground_truth,-2.981570,2.343968,1.667630,0.000000,0.000000,0.000000
20.880000000000003,ground_truth,-2.983177,2.361331,1.668678,0.000000,0.000000,0.000000
20.900000000000002,ground_truth,-2.984758,2.378286,1.669669,0.000000,0.000000,0.000000
20.92,ground_truth,-2.986345,2.395014,1.670496,0.000000,0.000000,0.000000
20.94,ground_truth,-2.987876,2.411105,1.671031,0.000000,0.000000,0.000000
20.96,ground_truth,-2.989447,2.427262,1.671101,0.000000,0.000000,0.000000
20.98,ground_truth,-2.990780,2.441839,1.672159,0.000000,0.000000,0.000000
21.0,ground_truth,-2.992159,2.456388,1.672386,0.000000,0.000000,0.000000
21.02,ground_truth,-2.993543,2.470543,1.672329,0.000000,0.000000,0.000000
21.040000000000003,ground_truth,-2.994820,2.483624,1.672441,0.000000,0.000000,0.000000
21.060000000000002,ground_truth,-2.996161,2.496874,1.671800,0.000000,0.000000,0.000000
21.080000000000002,ground_truth,-2.997643,2.511116,1.670367,0.000000,0.000000,0.000000
21.1,ground_truth,-2.999256,2.526474,1.668261,0.000000,0.000000,0.000000
21.12,ground_truth,-3.000935,2.542712,1.666096,0.000000,0.000000,0.000000
21.14,ground_truth,-3.002620,2.559632,1.664621,0.000000,0.000000,0.000000
21.16,ground_truth,-3.004330,2.577123,1.663385,0.000000,0.000000,0.000000
21.18,ground_truth,-3.006029,2.595054,1.662836,0.000000,0.000000,0.000000
21.200000000000003,ground_truth,-3.007716,2.613345,1.663069,0.000000,0.000000,0.000000
21.220000000000002,ground_truth,-3.009396,2.632047,1.664320,0.000000,0.000000,0.000000
21.240000000000002,ground_truth,-3.011123,2.651052,1.665548,0.000000,0.000000,0.000000
21.26,ground_truth,-3.012886,2.670209,1.666656,0.000000,0.000000,0.000000
21.28,ground_truth,-3.014667,2.689223,1.667424,0.000000,0.000000,0.000000
21.3,ground_truth,-3.016450,2.708257,1.668307,0.000000,0.000000,0.000000
21.32,ground_truth,-3.018196,2.726833,1.669269,0.000000,0.000000,0.000000
21.34,ground_truth,-3.019983,2.745650,1.670204,0.000000,0.000000,0.000000
21.360000000000003,ground_truth,-3.021811,2.764646,1.670830,0.000000,0.000000,0.000000
21.380000000000003,ground_truth,-3.023616,2.783276,1.671194,0.000000,0.000000,0.000000
21.400000000000002,ground_truth,-3.025433,2.801988,1.671709,0.000000,0.000000,0.000000
21.42,ground_truth,-3.027230,2.820291,1.671952,0.000000,0.000000,0.000000
21.44,ground_truth,-3.029036,2.838636,1.672306,0.000000,0.000000,0.000000
21.46,ground_truth,-3.030783,2.855916,1.671903,0.000000,0.000000,0.000000
21.48,ground_truth,-3.032489,2.872627,1.671463,0.000000,0.000000,0.000000
21.5,ground_truth,-3.034201,2.889615,1.671407,0.000000,0.000000,0.000000
21.52,ground_truth,-3.035849,2.906059,1.671452,0.000000,0.000000,0.000000
21.540000000000003,ground_truth,-3.037480,2.922469,1.671776,0.000000,0.000000,0.000000
21.560000000000002,ground_truth,-3.039027,2.937793,1.671494,0.000000,0.000000,0.000000
21.580000000000002,ground_truth,-3.040536,2.952816,1.671464,0.000000,0.000000,0.000000
21.6,ground_truth,-3.042027,2.967813,1.671791,0.000000,0.000000,0.000000
21.62,ground_truth,-3.043544,2.983381,1.672929,0.000000,0.000000,0.000000
21.64,ground_truth,-3.045144,2.999775,1.674446,0.000000,0.000000,0.000000
21.66,ground_truth,-3.046848,3.016852,1.675726,0.000000,0.000000,0.000000
21.68,ground_truth,-3.048642,3.034480,1.676731,0.000000,0.000000,0.000000
21.700000000000003,ground_truth,-3.050514,3.052552,1.677422,0.000000,0.000000,0.000000
21.720000000000002,ground_truth,-3.052455,3.070983,1.677746,0.000000,0.000000,0.000000
21.740000000000002,ground_truth,-3.054444,3.089703,1.677848,0.000000,0.000000,0.000000
21.76,ground_truth,-3.056468,3.108656,1.677850,0.000000,0.000000,0.000000
21.78,ground_truth,-3.058514,3.127746,1.677754,0.000000,0.000000,0.000000
21.8,ground_truth,-3.060577,3.146968,1.677610,0.000000,0.000000,0.000000
21.82,ground_truth,-3.062658,3.166341,1.677425,0.000000,0.000000,0.000000
21.84,ground_truth,-3.064748,3.185768,1.677145,0.000000,0.000000,0.000000
21.860000000000003,ground_truth,-3.066792,3.204827,1.676945,0.000000,0.000000,0.000000
21.880000000000003,ground_truth,-3.068830,3.223833,1.676651,0.000000,0.000000,0.000000
21.900000000000002,ground_truth,-3.070799,3.242444,1.676773,0.000000,0.000000,0.000000
21.92,ground_truth,-3.072797,3.261240,1.676743,0.000000,0.000000,0.000000
21.94,ground_truth,-3.074814,3.280183,1.676670,0.000000,0.000000,0.000000
21.96,ground_truth,-3.076787,3.298872,1.676880,0.000000,0.000000,0.000000
21.98,ground_truth,-3.078765,3.317537,1.676960,0.000000,0.000000,0.000000
22.0,ground_truth,-3.080663,3.335693,1.677394,0.000000,0.000000,0.000000
22.020000000000003,ground_truth,-3.082578,3.353820,1.677579,0.000000,0.000000,0.000000
22.040000000000003,ground_truth,-3.084552,3.372216,1.677267,0.000000,0.000000,0.000000
22.060000000000002,ground_truth,-3.086396,3.389874,1.677695,0.000000,0.000000,0.000000
22.080000000000002,ground_truth,-3.088201,3.407191,1.677958,0.000000,0.000000,0.000000
22.1,ground_truth,-3.089787,3.423207,1.679288,0.000000,0.000000,0.000000
22.12,ground_truth,-3.091114,3.437646,1.681007,0.000000,0.000000,0.000000
22.14,ground_truth,-3.092506,3.452095,1.681264,0.000000,0.000000,0.000000
22.16,ground_truth,-3.093973,3.466673,1.680957,0.000000,0.000000,0.000000
22.18,ground_truth,-3.095641,3.482245,1.679304,0.000000,0.000000,0.000000
22.200000000000003,ground_truth,-3.097427,3.498660,1.677198,0.000000,0.000000,0.000000
22.220000000000002,ground_truth,-3.099281,3.515740,1.675014,0.000000,0.000000,0.000000
22.240000000000002,ground_truth,-3.101141,3.533337,1.673548,0.000000,0.000000,0.000000
22.26,ground_truth,-3.103031,3.551369,1.672191,0.000000,0.000000,0.000000
22.28,ground_truth,-3.104924,3.569747,1.671275,0.000000,0.000000,0.000000
22.3,ground_truth,-3.106806,3.588399,1.671002,0.000000,0.000000,0.000000
22.32,ground_truth,-3.108709,3.607293,1.670785,0.000000,0.000000,0.000000
22.34,ground_truth,-3.110609,3.626375,1.670973,0.000000,0.000000,0.000000
22.360000000000003,ground_truth,-3.112517,3.645661,1.671522,0.000000,0.000000,0.000000
22.380000000000003,ground_truth,-3.114437,3.665093,1.672344,0.000000,0.000000,0.000000
22.400000000000002,ground_truth,-3.116348,3.684348,1.673215,0.000000,0.000000,0.000000
22.42,ground_truth,-3.118273,3.703605,1.674094,0.000000,0.000000,0.000000
22.44,ground_truth,-3.120187,3.722506,1.674761,0.000000,0.000000,0.000000
22.46,ground_truth,-3.122147,3.741615,1.675220,0.000000,0.000000,0.000000
22.48,ground_truth,-3.124126,3.760861,1.675746,0.000000,0.000000,0.000000
22.5,ground_truth,-3.126066,3.779563,1.675937,0.000000,0.000000,0.000000
22.520000000000003,ground_truth,-3.127992,3.798091,1.676127,0.000000,0.000000,0.000000
22.540000000000003,ground_truth,-3.129910,3.816449,1.676209,0.000000,0.000000,0.000000
22.560000000000002,ground_truth,-3.131811,3.834599,1.676284,0.000000,0.000000,0.000000
22.580000000000002,ground_truth,-3.133697,3.852553,1.676276,0.000000,0.000000,0.000000
22.6,ground_truth,-3.135561,3.870290,1.676333,0.000000,0.000000,0.000000
22.62,ground_truth,-3.137430,3.888152,1.676567,0.000000,0.000000,0.000000
22.64,ground_truth,-3.139148,3.905270,1.677240,0.000000,0.000000,0.000000
22.66,ground_truth,-3.140838,3.922182,1.677662,0.000000,0.000000,0.000000
22.68,ground_truth,-3.142392,3.938078,1.678095,0.000000,0.000000,0.000000
22.700000000000003,ground_truth,-3.143993,3.954233,1.678655,0.000000,0.000000,0.000000
22.720000000000002,ground_truth,-3.145682,3.970954,1.679162,0.000000,0.000000,0.000000
22.740000000000002,ground_truth,-3.147420,3.988005,1.679679,0.000000,0.000000,0.000000
22.76,ground_truth,-3.149205,4.005351,1.680165,0.000000,0.000000,0.000000
22.78,ground_truth,-3.151039,4.022966,1.680548,0.000000,0.000000,0.000000
22.8,ground_truth,-3.152934,4.040956,1.680873,0.000000,0.000000,0.000000
22.82,ground_truth,-3.154899,4.059322,1.680995,0.000000,0.000000,0.000000
22.84,ground_truth,-3.156918,4.077989,1.680968,0.000000,0.000000,0.000000
22.860000000000003,ground_truth,-3.158976,4.096899,1.680865,0.000000,0.000000,0.000000
22.880000000000003,ground_truth,-3.161065,4.116004,1.680702,0.000000,0.000000,0.000000
22.900000000000002,ground_truth,-3.163174,4.135201,1.680462,0.000000,0.000000,0.000000
22.92,ground_truth,-3.165287,4.154362,1.680138,0.000000,0.000000,0.000000
22.94,ground_truth,-3.167412,4.173699,1.679970,0.000000,0.000000,0.000000
22.96,ground_truth,-3.169552,4.193126,1.679733,0.000000,0.000000,0.000000
22.98,ground_truth,-3.171677,4.212225,1.679107,0.000000,0.000000,0.000000
23.0,ground_truth,-3.173781,4.231205,1.678717,0.000000,0.000000,0.000000
23.020000000000003,ground_truth,-3.175791,4.249576,1.678746,0.000000,0.000000,0.000000
23.040000000000003,ground_truth,-3.177837,4.268177,1.678462,0.000000,0.000000,0.000000
23.060000000000002,ground_truth,-3.179896,4.286926,1.678093,0.000000,0.000000,0.000000
23.080000000000002,ground_truth,-3.181925,4.305596,1.677971,0.000000,0.000000,0.000000
23.1,ground_truth,-3.183828,4.323583,1.678663,0.000000,0.000000,0.000000
23.12,ground_truth,-3.185602,4.340915,1.679950,0.000000,0.000000,0.000000
23.14,ground_truth,-3.187428,4.358278,1.680637,0.000000,0.000000,0.000000
23.16,ground_truth,-3.189260,4.375448,1.681245,0.000000,0.000000,0.000000
23.18,ground_truth,-3.191164,4.393030,1.681683,0.000000,0.000000,0.000000
23.200000000000003,ground_truth,-3.192884,4.409426,1.682725,0.000000,0.000000,0.000000
23.220000000000002,ground_truth,-3.194383,4.424244,1.683748,0.000000,0.000000,0.000000
23.240000000000002,ground_truth,-3.196034,4.439639,1.683346,0.000000,0.000000,0.000000
23.26,ground_truth,-3.197713,4.455175,1.682997,0.000000,0.000000,0.000000
23.28,ground_truth,-3.199485,4.471159,1.682390,0.000000,0.000000,0.000000
23.3,ground_truth,-3.201332,4.487724,1.681747,0.000000,0.000000,0.000000
23.32,ground_truth,-3.203237,4.504780,1.681187,0.000000,0.000000,0.000000
23.34,ground_truth,-3.205194,4.522246,1.680603,0.000000,0.000000,0.000000
23.360000000000003,ground_truth,-3.207187,4.540070,1.680138,0.000000,0.000000,0.000000
23.380000000000003,ground_truth,-3.209216,4.558188,1.679589,0.000000,0.000000,0.000000
23.400000000000002,ground_truth,-3.211272,4.576563,1.679076,0.000000,0.000000,0.000000
23.42,ground_truth,-3.213344,4.595160,1.678654,0.000000,0.000000,0.000000
23.44,ground_truth,-3.215431,4.613933,1.678238,0.000000,0.000000,0.000000
23.46,ground_truth,-3.217522,4.632822,1.677902,0.000000,0.000000,0.000000
23.48,ground_truth,-3.219607,4.651751,1.677588,0.000000,0.000000,0.000000
23.5,ground_truth,-3.221687,4.670798,1.677378,0.000000,0.000000,0.000000
23.520000000000003,ground_truth,-3.223782,4.690018,1.677172,0.000000,0.000000,0.000000
23.540000000000003,ground_truth,-3.225891,4.709372,1.676931,0.000000,0.000000,0.000000
23.560000000000002,ground_truth,-3.227901,4.728263,1.677459,0.000000,0.000000,0.000000
23.580000000000002,ground_truth,-3.229847,4.746733,1.678363,0.000000,0.000000,0.000000
23.6,ground_truth,-3.231697,4.764627,1.679583,0.000000,0.000000,0.000000
23.62,ground_truth,-3.233615,4.782676,1.680178,0.000000,0.000000,0.000000
23.64,ground_truth,-3.235584,4.800954,1.680486,0.000000,0.000000,0.000000
23.66,ground_truth,-3.237587,4.819234,1.680333,0.000000,0.000000,0.000000
23.68,ground_truth,-3.239523,4.836722,1.679916,0.000000,0.000000,0.000000
23.700000000000003,ground_truth,-3.241408,4.853837,1.679659,0.000000,0.000000,0.000000
23.720000000000002,ground_truth,-3.243302,4.871122,1.679571,0.000000,0.000000,0.000000
23.740000000000002,ground_truth,-3.245212,4.888518,1.679358,0.000000,0.000000,0.000000
23.76,ground_truth,-3.247034,4.905002,1.678856,0.000000,0.000000,0.000000
23.78,ground_truth,-3.248800,4.921024,1.678446,0.000000,0.000000,0.000000
23.8,ground_truth,-3.250468,4.936220,1.677823,0.000000,0.000000,0.000000
23.82,ground_truth,-3.252176,4.951983,1.677718,0.000000,0.000000,0.000000
23.84,ground_truth,-3.253959,4.968559,1.677795,0.000000,0.000000,0.000000
23.860000000000003,ground_truth,-3.255805,4.985789,1.678029,0.000000,0.000000,0.000000
23.880000000000003,ground_truth,-3.257711,5.003544,1.678233,0.000000,0.000000,0.000000
23.900000000000002,ground_truth,-3.259672,5.021722,1.678277,0.000000,0.000000,0.000000
23.92,ground_truth,-3.261674,5.040241,1.678212,0.000000,0.000000,0.000000
23.94,ground_truth,-3.263709,5.059034,1.678074,0.000000,0.000000,0.000000
23.96,ground_truth,-3.265768,5.078046,1.677879,0.000000,0.000000,0.000000
23.98,ground_truth,-3.267844,5.097233,1.677658,0.000000,0.000000,0.000000
24.0,ground_truth,-3.269925,5.116500,1.677438,0.000000,0.000000,0.000000
24.020000000000003,ground_truth,-3.272007,5.135797,1.677170,0.000000,0.000000,0.000000
24.040000000000003,ground_truth,-3.274064,5.154885,1.676864,0.000000,0.000000,0.000000
24.060000000000002,ground_truth,-3.276128,5.174111,1.676638,0.000000,0.000000,0.000000
24.080000000000002,ground_truth,-3.278199,5.193492,1.676488,0.000000,0.000000,0.000000
24.1,ground_truth,-3.280233,5.212517,1.676254,0.000000,0.000000,0.000000
24.12,ground_truth,-3.282269,5.231529,1.675897,0.000000,0.000000,0.000000
24.14,ground_truth,-3.284199,5.250036,1.676385,0.000000,0.000000,0.000000
24.16,ground_truth,-3.286140,5.268552,1.676730,0.000000,0.000000,0.000000
24.180000000000003,ground_truth,-3.287988,5.286316,1.677222,0.000000,0.000000,0.000000
24.200000000000003,ground_truth,-3.289862,5.304058,1.677313,0.000000,0.000000,0.000000
24.220000000000002,ground_truth,-3.291778,5.322011,1.677081,0.000000,0.000000,0.000000
24.240000000000002,ground_truth,-3.293628,5.339526,1.677166,0.000000,0.000000,0.000000
24.26,ground_truth,-3.295452,5.356893,1.677404,0.000000,0.000000,0.000000
24.28,ground_truth,-3.297188,5.373779,1.678008,0.000000,0.000000,0.000000
24.3,ground_truth,-3.298937,5.390566,1.678416,0.000000,0.000000,0.000000
24.32,ground_truth,-3.300695,5.407174,1.678581,0.000000,0.000000,0.000000
24.34,ground_truth,-3.302500,5.423975,1.678337,0.000000,0.000000,0.000000
24.360000000000003,ground_truth,-3.303919,5.438333,1.679521,0.000000,0.000000,0.000000
24.380000000000003,ground_truth,-3.305097,5.451184,1.680585,0.000000,0.000000,0.000000
24.400000000000002,ground_truth,-3.306537,5.465220,1.679733,0.000000,0.000000,0.000000
24.42,ground_truth,-3.307866,5.478232,1.679779,0.000000,0.000000,0.000000
24.44,ground_truth,-3.309363,5.492074,1.678722,0.000000,0.000000,0.000000
24.46,ground_truth,-3.311039,5.507117,1.676620,0.000000,0.000000,0.000000
24.48,ground_truth,-3.312808,5.523012,1.674478,0.000000,0.000000,0.000000
24.5,ground_truth,-3.314602,5.539371,1.672633,0.000000,0.000000,0.000000
24.520000000000003,ground_truth,-3.316408,5.556090,1.671023,0.000000,0.000000,0.000000
24.540000000000003,ground_truth,-3.318221,5.573134,1.669655,0.000000,0.000000,0.000000
24.560000000000002,ground_truth,-3.320040,5.590476,1.668470,0.000000,0.000000,0.000000
24.580000000000002,ground_truth,-3.321851,5.608072,1.667675,0.000000,0.000000,0.000000
24.6,ground_truth,-3.323647,5.625890,1.667340,0.000000,0.000000,0.000000
24.62,ground_truth,-3.325434,5.644004,1.667597,0.000000,0.000000,0.000000
24.64,ground_truth,-3.327218,5.662445,1.668349,0.000000,0.000000,0.000000
24.66,ground_truth,-3.328996,5.681225,1.669851,0.000000,0.000000,0.000000
24.680000000000003,ground_truth,-3.330776,5.699840,1.670958,0.000000,0.000000,0.000000
24.700000000000003,ground_truth,-3.332548,5.718163,1.671713,0.000000,0.000000,0.000000
24.720000000000002,ground_truth,-3.334253,5.736114,1.672882,0.000000,0.000000,0.000000
24.740000000000002,ground_truth,-3.336001,5.754259,1.674023,0.000000,0.000000,0.000000
24.76,ground_truth,-3.337799,5.772645,1.675196,0.000000,0.000000,0.000000
24.78,ground_truth,-3.339636,5.791121,1.676164,0.000000,0.000000,0.000000
24.8,ground_truth,-3.341391,5.808141,1.675923,0.000000,0.000000,0.000000
24.82,ground_truth,-3.343080,5.824065,1.674922,0.000000,0.000000,0.000000
24.84,ground_truth,-3.344726,5.840094,1.674891,0.000000,0.000000,0.000000
24.860000000000003,ground_truth,-3.346383,5.856400,1.675389,0.000000,0.000000,0.000000
24.880000000000003,ground_truth,-3.348074,5.872939,1.675939,0.000000,0.000000,0.000000
24.900000000000002,ground_truth,-3.349800,5.889719,1.676555,0.000000,0.000000,0.000000
24.92,ground_truth,-3.351588,5.907033,1.677291,0.000000,0.000000,0.000000
24.94,ground_truth,-3.353442,5.924849,1.678029,0.000000,0.000000,0.000000
24.96,ground_truth,-3.355361,5.943072,1.678583,0.000000,0.000000,0.000000
24.98,ground_truth,-3.357330,5.961620,1.679055,0.000000,0.000000,0.000000
25.0,ground_truth,-3.359342,5.980431,1.679415,0.000000,0.000000,0.000000
25.020000000000003,ground_truth,-3.361395,5.999454,1.679570,0.000000,0.000000,0.000000
25.040000000000003,ground_truth,-3.363474,6.018647,1.679672,0.000000,0.000000,0.000000
25.060000000000002,ground_truth,-3.365576,6.037978,1.679676,0.000000,0.000000,0.000000
25.080000000000002,ground_truth,-3.367696,6.057420,1.679606,0.000000,0.000000,0.000000
25.1,ground_truth,-3.369829,6.076949,1.679475,0.000000,0.000000,0.000000
25.12,ground_truth,-3.371968,6.096519,1.679308,0.000000,0.000000,0.000000
25.14,ground_truth,-3.374112,6.116132,1.679113,0.000000,0.000000,0.000000
25.16,ground_truth,-3.376232,6.135535,1.678869,0.000000,0.000000,0.000000
25.180000000000003,ground_truth,-3.378352,6.154964,1.678643,0.000000,0.000000,0.000000
25.200000000000003,ground_truth,-3.380419,6.173913,1.678373,0.000000,0.000000,0.000000
25.220000000000002,ground_truth,-3.382483,6.192997,1.678380,0.000000,0.000000,0.000000
25.240000000000002,ground_truth,-3.384567,6.212250,1.678348,0.000000,0.000000,0.000000
25.26,ground_truth,-3.386627,6.231249,1.678234,0.000000,0.000000,0.000000
25.28,ground_truth,-3.388673,6.250081,1.677982,0.000000,0.000000,0.000000
25.3,ground_truth,-3.390557,6.268285,1.678953,0.000000,0.000000,0.000000
25.32,ground_truth,-3.392422,6.286263,1.679877,0.000000,0.000000,0.000000
25.34,ground_truth,-3.394353,6.304394,1.680201,0.000000,0.000000,0.000000
25.360000000000003,ground_truth,-3.396254,6.322187,1.680456,0.000000,0.000000,0.000000
25.380000000000003,ground_truth,-3.398191,6.340109,1.680435,0.000000,0.000000,0.000000
25.400000000000002,ground_truth,-3.400017,6.357338,1.680862,0.000000,0.000000,0.000000
25.42,ground_truth,-3.401844,6.374441,1.681254,0.000000,0.000000,0.000000
25.44,ground_truth,-3.403680,6.391386,1.681464,0.000000,0.000000,0.000000
25.46,ground_truth,-3.405383,6.407366,1.681789,0.000000,0.000000,0.000000
25.48,ground_truth,-3.407136,6.423412,1.681465,0.000000,0.000000,0.000000
25.5,ground_truth,-3.409020,6.440088,1.679973,0.000000,0.000000,0.000000
25.520000000000003,ground_truth,-3.410975,6.457386,1.678189,0.000000,0.000000,0.000000
25.540000000000003,ground_truth,-3.412950,6.475172,1.676706,0.000000,0.000000,0.000000
25.560000000000002,ground_truth,-3.414945,6.493357,1.675317,0.000000,0.000000,0.000000
25.580000000000002,ground_truth,-3.416939,6.511859,1.674290,0.000000,0.000000,0.000000
25.6,ground_truth,-3.418930,6.530615,1.673600,0.000000,0.000000,0.000000
25.62,ground_truth,-3.420917,6.549583,1.673171,0.000000,0.000000,0.000000
25.64,ground_truth,-3.422902,6.568723,1.673025,0.000000,0.000000,0.000000
25.66,ground_truth,-3.424886,6.588007,1.673116,0.000000,0.000000,0.000000
25.680000000000003,ground_truth,-3.426874,6.607409,1.673364,0.000000,0.000000,0.000000
25.700000000000003,ground_truth,-3.428845,6.626763,1.673909,0.000000,0.000000,0.000000
25.720000000000002,ground_truth,-3.430802,6.646013,1.674628,0.000000,0.000000,0.000000
25.740000000000002,ground_truth,-3.432755,6.665128,1.675363,0.000000,0.000000,0.000000
25.76,ground_truth,-3.434749,6.684454,1.675969,0.000000,0.000000,0.000000
25.78,ground_truth,-3.436773,6.703926,1.676492,0.000000,0.000000,0.000000
25.8,ground_truth,-3.438750,6.722737,1.676522,0.000000,0.000000,0.000000
25.82,ground_truth,-3.440725,6.741486,1.676494,0.000000,0.000000,0.000000
25.84,ground_truth,-3.442654,6.759902,1.676692,0.000000,0.000000,0.000000
25.860000000000003,ground_truth,-3.444479,6.777684,1.677347,0.000000,0.000000,0.000000
25.880000000000003,ground_truth,-3.446258,6.795247,1.678175,0.000000,0.000000,0.000000
25.900000000000002,ground_truth,-3.448068,6.812817,1.678667,0.000000,0.000000,0.000000
25.92,ground_truth,-3.449915,6.830609,1.679172,0.000000,0.000000,0.000000
25.94,ground_truth,-3.451592,6.846999,1.679118,0.000000,0.000000,0.000000
25.96,ground_truth,-3.453249,6.862926,1.678545,0.000000,0.000000,0.000000
25.98,ground_truth,-3.454825,6.877951,1.677890,0.000000,0.000000,0.000000
26.0,ground_truth,-3.456387,6.892960,1.677631,0.000000,0.000000,0.000000
26.020000000000003,ground_truth,-3.457972,6.908334,1.677882,0.000000,0.000000,0.000000
26.040000000000003,ground_truth,-3.459653,6.924594,1.678425,0.000000,0.000000,0.000000
26.060000000000002,ground_truth,-3.461422,6.941563,1.679052,0.000000,0.000000,0.000000
26.080000000000002,ground_truth,-3.463271,6.959106,1.679614,0.000000,0.000000,0.000000
26.1,ground_truth,-3.465187,6.977107,1.680116,0.000000,0.000000,0.000000
26.12,ground_truth,-3.467163,6.995479,1.680457,0.000000,0.000000,0.000000
26.14,ground_truth,-3.469187,7.014149,1.680682,0.000000,0.000000,0.000000
26.16,ground_truth,-3.471251,7.033059,1.680772,0.000000,0.000000,0.000000
26.180000000000003,ground_truth,-3.473350,7.052164,1.680680,0.000000,0.000000,0.000000
26.200000000000003,ground_truth,-3.475470,7.071425,1.680534,0.000000,0.000000,0.000000
26.220000000000002,ground_truth,-3.477605,7.090777,1.680304,0.000000,0.000000,0.000000
26.240000000000002,ground_truth,-3.479750,7.110227,1.680047,0.000000,0.000000,0.000000
26.26,ground_truth,-3.481899,7.129720,1.679759,0.000000,0.000000,0.000000
26.28,ground_truth,-3.484015,7.148925,1.679420,0.000000,0.000000,0.000000
26.3,ground_truth,-3.486137,7.168230,1.679103,0.000000,0.000000,0.000000
26.32,ground_truth,-3.488212,7.187117,1.678727,0.000000,0.000000,0.000000
26.340000000000003,ground_truth,-3.490288,7.206154,1.678560,0.000000,0.000000,0.000000
26.360000000000003,ground_truth,-3.492389,7.225400,1.678308,0.000000,0.000000,0.000000
26.380000000000003,ground_truth,-3.494395,7.244012,1.678238,0.000000,0.000000,0.000000
26.400000000000002,ground_truth,-3.496250,7.261827,1.678937,0.000000,0.000000,0.000000
26.42,ground_truth,-3.498043,7.279324,1.679785,0.000000,0.000000,0.000000
26.44,ground_truth,-3.499883,7.296902,1.680425,0.000000,0.000000,0.000000
26.46,ground_truth,-3.501788,7.314645,1.680508,0.000000,0.000000,0.000000
26.48,ground_truth,-3.503588,7.331616,1.680892,0.000000,0.000000,0.000000
26.5,ground_truth,-3.505352,7.348330,1.681457,0.000000,0.000000,0.000000
26.520000000000003,ground_truth,-3.506919,7.363905,1.682626,0.000000,0.000000,0.000000
26.540000000000003,ground_truth,-3.508520,7.379434,1.683380,0.000000,0.000000,0.000000
26.560000000000002,ground_truth,-3.510092,7.394230,1.683946,0.000000,0.000000,0.000000
26.580000000000002,ground_truth,-3.511869,7.409661,1.682306,0.000000,0.000000,0.000000
26.6,ground_truth,-3.513804,7.425932,1.679029,0.000000,0.000000,0.000000
26.62,ground_truth,-3.515764,7.442882,1.676059,0.000000,0.000000,0.000000
26.64,ground_truth,-3.517691,7.460350,1.674180,0.000000,0.000000,0.000000
26.66,ground_truth,-3.519594,7.478244,1.673314,0.000000,0.000000,0.000000
26.680000000000003,ground_truth,-3.521518,7.496517,1.672545,0.000000,0.000000,0.000000
26.700000000000003,ground_truth,-3.523448,7.515097,1.672065,0.000000,0.000000,0.000000
26.720000000000002,ground_truth,-3.525373,7.533922,1.672024,0.000000,0.000000,0.000000
26.740000000000002,ground_truth,-3.527309,7.552954,1.672144,0.000000,0.000000,0.000000
26.76,ground_truth,-3.529251,7.572153,1.672506,0.000000,0.000000,0.000000
26.78,ground_truth,-3.531206,7.591492,1.672966,0.000000,0.000000,0.000000
26.8,ground_truth,-3.533172,7.610942,1.673549,0.000000,0.000000,0.000000
26.82,ground_truth,-3.535121,7.630259,1.674367,0.000000,0.000000,0.000000
26.840000000000003,ground_truth,-3.537077,7.649540,1.675197,0.000000,0.000000,0.000000
26.860000000000003,ground_truth,-3.539002,7.668465,1.676162,0.000000,0.000000,0.000000
26.880000000000003,ground_truth,-3.540980,7.687560,1.676731,0.000000,0.000000,0.000000
26.900000000000002,ground_truth,-3.542994,7.706862,1.677268,0.000000,0.000000,0.000000
26.92,ground_truth,-3.544952,7.725761,1.677948,0.000000,0.000000,0.000000
26.94,ground_truth,-3.546918,7.744599,1.678520,0.000000,0.000000,0.000000
26.96,ground_truth,-3.548857,7.763018,1.678830,0.000000,0.000000,0.000000
26.98,ground_truth,-3.550799,7.781382,1.679153,0.000000,0.000000,0.000000
27.0,ground_truth,-3.552645,7.799083,1.679682,0.000000,0.000000,0.000000
27.020000000000003,ground_truth,-3.554484,7.816535,1.679958,0.000000,0.000000,0.000000
27.040000000000003,ground_truth,-3.556356,7.834276,1.680349,0.000000,0.000000,0.000000
27.060000000000002,ground_truth,-3.558154,7.851524,1.680988,0.000000,0.000000,0.000000
27.080000000000002,ground_truth,-3.559936,7.868403,1.681135,0.000000,0.000000,0.000000
27.1,ground_truth,-3.561540,7.884077,1.681787,0.000000,0.000000,0.000000
27.12,ground_truth,-3.563147,7.899302,1.681389,0.000000,0.000000,0.000000
27.14,ground_truth,-3.564778,7.914597,1.680987,0.000000,0.000000,0.000000
27.16,ground_truth,-3.566462,7.930372,1.680707,0.000000,0.000000,0.000000
27.180000000000003,ground_truth,-3.568195,7.946577,1.680530,0.000000,0.000000,0.000000
27.200000000000003,ground_truth,-3.569968,7.963166,1.680481,0.000000,0.000000,0.000000
27.220000000000002,ground_truth,-3.571783,7.980100,1.680480,0.000000,0.000000,0.000000
27.240000000000002,ground_truth,-3.573635,7.997342,1.680526,0.000000,0.000000,0.000000
27.26,ground_truth,-3.575521,8.014860,1.680588,0.000000,0.000000,0.000000
27.28,ground_truth,-3.577461,8.032742,1.680517,0.000000,0.000000,0.000000
27.3,ground_truth,-3.579478,8.051115,1.680160,0.000000,0.000000,0.000000
27.32,ground_truth,-3.581546,8.069856,1.679698,0.000000,0.000000,0.000000
27.340000000000003,ground_truth,-3.583634,8.088818,1.679330,0.000000,0.000000,0.000000
27.360000000000003,ground_truth,-3.585748,8.108006,1.678918,0.000000,0.000000,0.000000
27.380000000000003,ground_truth,-3.587873,8.127361,1.678605,0.000000,0.000000,0.000000
27.400000000000002,ground_truth,-3.589942,8.146395,1.678597,0.000000,0.000000,0.000000
27.42,ground_truth,-3.591970,8.165144,1.678752,0.000000,0.000000,0.000000
27.44,ground_truth,-3.593910,8.183245,1.679200,0.000000,0.000000,0.000000
27.46,ground_truth,-3.595867,8.201409,1.679556,0.000000,0.000000,0.000000
27.48,ground_truth,-3.597864,8.219898,1.679962,0.000000,0.000000,0.000000
27.5,ground_truth,-3.599853,8.237997,1.679689,0.000000,0.000000,0.000000
27.520000000000003,ground_truth,-3.601883,8.256385,1.679332,0.000000,0.000000,0.000000
27.540000000000003,ground_truth,-3.603842,8.274318,1.679027,0.000000,0.000000,0.000000
27.560000000000002,ground_truth,-3.605756,8.292137,1.679137,0.000000,0.000000,0.000000
27.580000000000002,ground_truth,-3.607400,8.308882,1.680639,0.000000,0.000000,0.000000
27.6,ground_truth,-3.609061,8.325512,1.681892,0.000000,0.000000,0.000000
27.62,ground_truth,-3.610799,8.342155,1.682433,0.000000,0.000000,0.000000
27.64,ground_truth,-3.612519,8.358326,1.682512,0.000000,0.000000,0.000000
27.66,ground_truth,-3.614325,8.374802,1.681912,0.000000,0.000000,0.000000
27.680000000000003,ground_truth,-3.616264,8.391876,1.680047,0.000000,0.000000,0.000000
27.700000000000003,ground_truth,-3.618257,8.409488,1.678001,0.000000,0.000000,0.000000
27.720000000000002,ground_truth,-3.620266,8.427524,1.676151,0.000000,0.000000,0.000000
27.740000000000002,ground_truth,-3.622261,8.445891,1.674924,0.000000,0.000000,0.000000
27.76,ground_truth,-3.624259,8.464541,1.673910,0.000000,0.000000,0.000000
27.78,ground_truth,-3.626235,8.483411,1.673577,0.000000,0.000000,0.000000
27.8,ground_truth,-3.628215,8.502476,1.673450,0.000000,0.000000,0.000000
27.82,ground_truth,-3.630209,8.521704,1.673309,0.000000,0.000000,0.000000
27.840000000000003,ground_truth,-3.632201,8.541057,1.673419,0.000000,0.000000,0.000000
27.860000000000003,ground_truth,-3.634191,8.560511,1.673780,0.000000,0.000000,0.000000
27.880000000000003,ground_truth,-3.636171,8.579930,1.674392,0.000000,0.000000,0.000000
27.900000000000002,ground_truth,-3.638150,8.599312,1.675093,0.000000,0.000000,0.000000
27.92,ground_truth,-3.640104,8.618399,1.675890,0.000000,0.000000,0.000000
27.94,ground_truth,-3.642103,8.637628,1.676340,0.000000,0.000000,0.000000
27.96,ground_truth,-3.644123,8.656976,1.676730,0.000000,0.000000,0.000000
27.98,ground_truth,-3.646080,8.675839,1.677503,0.000000,0.000000,0.000000
28.0,ground_truth,-3.648072,8.694797,1.678019,0.000000,0.000000,0.000000
28.020000000000003,ground_truth,-3.650030,8.713477,1.678753,0.000000,0.000000,0.000000
28.040000000000003,ground_truth,-3.652021,8.732303,1.679403,0.000000,0.000000,0.000000
28.060000000000002,ground_truth,-3.653895,8.750368,1.680224,0.000000,0.000000,0.000000
28.080000000000002,ground_truth,-3.655795,8.768329,1.680596,0.000000,0.000000,0.000000
28.1,ground_truth,-3.657690,8.786102,1.680960,0.000000,0.000000,0.000000
28.12,ground_truth,-3.659513,8.803055,1.680966,0.000000,0.000000,0.000000
28.14,ground_truth,-3.661331,8.819831,1.680916,0.000000,0.000000,0.000000
28.16,ground_truth,-3.663192,8.836945,1.680911,0.000000,0.000000,0.000000
28.180000000000003,ground_truth,-3.664987,8.853417,1.680869,0.000000,0.000000,0.000000
28.200000000000003,ground_truth,-3.666730,8.868866,1.680045,0.000000,0.000000,0.000000
28.220000000000002,ground_truth,-3.668297,8.882977,1.679776,0.000000,0.000000,0.000000
28.240000000000002,ground_truth,-3.669900,8.897557,1.679719,0.000000,0.000000,0.000000
28.26,ground_truth,-3.671354,8.911009,1.679876,0.000000,0.000000,0.000000
28.28,ground_truth,-3.672815,8.924160,1.679359,0.000000,0.000000,0.000000
28.3,ground_truth,-3.674229,8.937133,1.679329,0.000000,0.000000,0.000000
28.32,ground_truth,-3.675429,8.948479,1.679471,0.000000,0.000000,0.000000
28.340000000000003,ground_truth,-3.676649,8.959612,1.678820,0.000000,0.000000,0.000000
28.360000000000003,ground_truth,-3.677667,8.968680,1.677944,0.000000,0.000000,0.000000
28.380000000000003,ground_truth,-3.678675,8.977629,1.677448,0.000000,0.000000,0.000000
28.400000000000002,ground_truth,-3.679640,8.986617,1.677595,0.000000,0.000000,0.000000
28.42,ground_truth,-3.680457,8.994656,1.678234,0.000000,0.000000,0.000000
28.44,ground_truth,-3.681289,9.002560,1.678540,0.000000,0.000000,0.000000
28.46,ground_truth,-3.682078,9.009498,1.677583,0.000000,0.000000,0.000000
28.48,ground_truth,-3.682875,9.016840,1.677010,0.000000,0.000000,0.000000
28.5,ground_truth,-3.683674,9.024318,1.676847,0.000000,0.000000,0.000000
28.520000000000003,ground_truth,-3.684383,9.031242,1.677245,0.000000,0.000000,0.000000
28.540000000000003,ground_truth,-3.685117,9.038295,1.677655,0.000000,0.000000,0.000000
28.560000000000002,ground_truth,-3.685795,9.044571,1.677567,0.000000,0.000000,0.000000
28.580000000000002,ground_truth,-3.686484,9.051015,1.677689,0.000000,0.000000,0.000000
28.6,ground_truth,-3.687178,9.057498,1.677756,0.000000,0.000000,0.000000
28.62,ground_truth,-3.687886,9.064190,1.678007,0.000000,0.000000,0.000000
28.64,ground_truth,-3.688509,9.069975,1.677945,0.000000,0.000000,0.000000
28.66,ground_truth,-3.689084,9.075143,1.677702,0.000000,0.000000,0.000000
28.680000000000003,ground_truth,-3.689664,9.080624,1.677933,0.000000,0.000000,0.000000
28.700000000000003,ground_truth,-3.690179,9.085681,1.678206,0.000000,0.000000,0.000000
28.720000000000002,ground_truth,-3.690734,9.090898,1.678329,0.000000,0.000000,0.000000
28.740000000000002,ground_truth,-3.691289,9.096090,1.678437,0.000000,0.000000,0.000000
28.76,ground_truth,-3.691781,9.100743,1.678455,0.000000,0.000000,0.000000
28.78,ground_truth,-3.692264,9.105199,1.678465,0.000000,0.000000,0.000000
28.8,ground_truth,-3.692658,9.108853,1.678351,0.000000,0.000000,0.000000
28.82,ground_truth,-3.693070,9.112670,1.678449,0.000000,0.000000,0.000000
28.840000000000003,ground_truth,-3.693503,9.116698,1.678600,0.000000,0.000000,0.000000
28.860000000000003,ground_truth,-3.693698,9.120679,1.681982,0.000000,0.000000,0.000000
28.880000000000003,ground_truth,-3.693398,9.124402,1.693386,0.000000,0.000000,0.000000
28.900000000000002,ground_truth,-3.692435,9.127500,1.717655,0.000000,0.000000,0.000000
28.92,ground_truth,-3.691019,9.130575,1.751684,0.000000,0.000000,0.000000
28.94,ground_truth,-3.689356,9.133918,1.793698,0.000000,0.000000,0.000000
28.96,ground_truth,-3.687694,9.137410,1.838949,0.000000,0.000000,0.000000
28.98,ground_truth,-3.686157,9.141059,1.885176,0.000000,0.000000,0.000000
29.000000000000004,ground_truth,-3.684973,9.144696,1.921994,0.000000,0.000000,0.000000
29.020000000000003,ground_truth,-3.683727,9.148601,1.964752,0.000000,0.000000,0.000000
29.040000000000003,ground_truth,-3.682836,9.152735,2.007715,0.000000,0.000000,0.000000
29.060000000000002,ground_truth,-3.682213,9.156910,2.050416,0.000000,0.000000,0.000000
29.080000000000002,ground_truth,-3.681841,9.161071,2.093962,0.000000,0.000000,0.000000
29.1,ground_truth,-3.681599,9.164873,2.127818,0.000000,0.000000,0.000000
29.12,ground_truth,-3.681115,9.168698,2.164788,0.000000,0.000000,0.000000
29.14,ground_truth,-3.680733,9.172197,2.199489,0.000000,0.000000,0.000000
29.16,ground_truth,-3.680236,9.175220,2.232737,0.000000,0.000000,0.000000
29.180000000000003,ground_truth,-3.679969,9.178182,2.266688,0.000000,0.000000,0.000000
29.200000000000003,ground_truth,-3.679977,9.180986,2.297265,0.000000,0.000000,0.000000
29.220000000000002,ground_truth,-3.680125,9.183839,2.329177,0.000000,0.000000,0.000000
29.240000000000002,ground_truth,-3.680831,9.186851,2.358948,0.000000,0.000000,0.000000
29.26,ground_truth,-3.681917,9.189845,2.386273,0.000000,0.000000,0.000000
29.28,ground_truth,-3.682822,9.192312,2.411939,0.000000,0.000000,0.000000
29.3,ground_truth,-3.683567,9.194809,2.440478,0.000000,0.000000,0.000000
29.32,ground_truth,-3.684238,9.197302,2.471386,0.000000,0.000000,0.000000
29.340000000000003,ground_truth,-3.684782,9.199730,2.502805,0.000000,0.000000,0.000000
29.360000000000003,ground_truth,-3.685619,9.202190,2.532767,0.000000,0.000000,0.000000
29.380000000000003,ground_truth,-3.686716,9.204425,2.559171,0.000000,0.000000,0.000000
29.400000000000002,ground_truth,-3.688022,9.206992,2.588699,0.000000,0.000000,0.000000
29.42,ground_truth,-3.689206,9.209768,2.620685,0.000000,0.000000,0.000000
29.44,ground_truth,-3.690220,9.212140,2.646058,0.000000,0.000000,0.000000
29.46,ground_truth,-3.690888,9.214528,2.672355,0.000000,0.000000,0.000000
29.48,ground_truth,-3.691358,9.216589,2.694728,0.000000,0.000000,0.000000
29.500000000000004,ground_truth,-3.691415,9.218972,2.719176,0.000000,0.000000,0.000000
29.520000000000003,ground_truth,-3.691010,9.220741,2.739445,0.000000,0.000000,0.000000
29.540000000000003,ground_truth,-3.690363,9.222140,2.759155,0.000000,0.000000,0.000000
29.560000000000002,ground_truth,-3.689774,9.222934,2.770618,0.000000,0.000000,0.000000
29.580000000000002,ground_truth,-3.689488,9.223510,2.778879,0.000000,0.000000,0.000000
29.6,ground_truth,-3.688829,9.224167,2.794741,0.000000,0.000000,0.000000
29.62,ground_truth,-3.688789,9.224822,2.809621,0.000000,0.000000,0.000000
29.64,ground_truth,-3.688894,9.225430,2.824959,0.000000,0.000000,0.000000
29.66,ground_truth,-3.688991,9.226059,2.841474,0.000000,0.000000,0.000000
29.680000000000003,ground_truth,-3.689385,9.226490,2.848927,0.000000,0.000000,0.000000
29.700000000000003,ground_truth,-3.689368,9.227055,2.862876,0.000000,0.000000,0.000000
29.720000000000002,ground_truth,-3.688490,9.227171,2.871327,0.000000,0.000000,0.000000
29.740000000000002,ground_truth,-3.688595,9.227364,2.881872,0.000000,0.000000,0.000000
29.76,ground_truth,-3.689065,9.227908,2.899537,0.000000,0.000000,0.000000
29.78,ground_truth,-3.690892,9.228664,2.917049,0.000000,0.000000,0.000000
29.8,ground_truth,-3.692973,9.229985,2.939817,0.000000,0.000000,0.000000
29.82,ground_truth,-3.696714,9.231500,2.960122,0.000000,0.000000,0.000000
29.840000000000003,ground_truth,-3.701229,9.233204,2.983215,0.000000,0.000000,0.000000
29.860000000000003,ground_truth,-3.706792,9.235506,3.003903,0.000000,0.000000,0.000000
29.880000000000003,ground_truth,-3.713396,9.238531,3.020459,0.000000,0.000000,0.000000
29.900000000000002,ground_truth,-3.722164,9.241431,3.032566,0.000000,0.000000,0.000000
29.92,ground_truth,-3.732661,9.243987,3.042933,0.000000,0.000000,0.000000
29.94,ground_truth,-3.744048,9.246561,3.054953,0.000000,0.000000,0.000000
29.96,ground_truth,-3.756321,9.249016,3.067917,0.000000,0.000000,0.000000
29.98,ground_truth,-3.768983,9.251356,3.081575,0.000000,0.000000,0.000000
30.000000000000004,ground_truth,-3.782238,9.253443,3.095291,0.000000,0.000000,0.000000
30.020000000000003,ground_truth,-3.795758,9.255089,3.106499,0.000000,0.000000,0.000000
30.040000000000003,ground_truth,-3.809307,9.256634,3.118690,0.000000,0.000000,0.000000
30.060000000000002,ground_truth,-3.823050,9.257926,3.130711,0.000000,0.000000,0.000000
30.080000000000002,ground_truth,-3.837217,9.258957,-3.140974,0.000000,0.000000,0.000000
30.1,ground_truth,-3.851884,9.259645,-3.131071,0.000000,0.000000,0.000000
30.12,ground_truth,-3.866599,9.260203,-3.122236,0.000000,0.000000,0.000000
30.14,ground_truth,-3.881157,9.260596,-3.113864,0.000000,0.000000,0.000000
30.16,ground_truth,-3.896287,9.260778,-3.107292,0.000000,0.000000,0.000000
30.180000000000003,ground_truth,-3.911868,9.260800,-3.101137,0.000000,0.000000,0.000000
30.200000000000003,ground_truth,-3.927905,9.260665,-3.096165,0.000000,0.000000,0.000000
30.220000000000002,ground_truth,-3.944344,9.260400,-3.091731,0.000000,0.000000,0.000000
30.240000000000002,ground_truth,-3.961170,9.260008,-3.088173,0.000000,0.000000,0.000000
30.26,ground_truth,-3.978342,9.259498,-3.085534,0.000000,0.000000,0.000000
30.28,ground_truth,-3.995810,9.258900,-3.083255,0.000000,0.000000,0.000000
30.3,ground_truth,-4.013553,9.258206,-3.081690,0.000000,0.000000,0.000000
30.32,ground_truth,-4.031539,9.257435,-3.080580,0.000000,0.000000,0.000000
30.340000000000003,ground_truth,-4.049742,9.256598,-3.079838,0.000000,0.000000,0.000000
30.360000000000003,ground_truth,-4.068138,9.255702,-3.079436,0.000000,0.000000,0.000000
30.380000000000003,ground_truth,-4.086705,9.254758,-3.079239,0.000000,0.000000,0.000000
30.400000000000002,ground_truth,-4.105312,9.253768,-3.079227,0.000000,0.000000,0.000000
30.42,ground_truth,-4.124013,9.252744,-3.079250,0.000000,0.000000,0.000000
30.44,ground_truth,-4.142977,9.251657,-3.079598,0.000000,0.000000,0.000000
30.46,ground_truth,-4.161874,9.250557,-3.079754,0.000000,0.000000,0.000000
30.48,ground_truth,-4.180707,9.249441,-3.079909,0.000000,0.000000,0.000000
30.500000000000004,ground_truth,-4.198982,9.248403,-3.079056,0.000000,0.000000,0.000000
30.520000000000003,ground_truth,-4.217444,9.247306,-3.078749,0.000000,0.000000,0.000000
30.540000000000003,ground_truth,-4.236174,9.246154,-3.078927,0.000000,0.000000,0.000000
30.560000000000002,ground_truth,-4.255064,9.244993,-3.079007,0.000000,0.000000,0.000000
30.580000000000002,ground_truth,-4.273097,9.243931,-3.078550,0.000000,0.000000,0.000000
30.6,ground_truth,-4.289963,9.242997,-3.077615,0.000000,0.000000,0.000000
30.62,ground_truth,-4.306245,9.242066,-3.077446,0.000000,0.000000,0.000000
30.64,ground_truth,-4.322469,9.241092,-3.077747,0.000000,0.000000,0.000000
30.66,ground_truth,-4.338801,9.240095,-3.078060,0.000000,0.000000,0.000000
30.680000000000003,ground_truth,-4.355048,9.239093,-3.078423,0.000000,0.000000,0.000000
30.700000000000003,ground_truth,-4.370209,9.238122,-3.079120,0.000000,0.000000,0.000000
30.720000000000002,ground_truth,-4.385293,9.237150,-3.079671,0.000000,0.000000,0.000000
30.740000000000002,ground_truth,-4.399065,9.236257,-3.080246,0.000000,0.000000,0.000000
30.76,ground_truth,-4.412543,9.235374,-3.080729,0.000000,0.000000,0.000000
30.78,ground_truth,-4.425196,9.234573,-3.080973,0.000000,0.000000,0.000000
30.8,ground_truth,-4.436774,9.233811,-3.081500,0.000000,0.000000,0.000000
30.82,ground_truth,-4.448493,9.233063,-3.081956,0.000000,0.000000,0.000000
30.840000000000003,ground_truth,-4.459447,9.232345,-3.082429,0.000000,0.000000,0.000000
30.860000000000003,ground_truth,-4.469823,9.231627,-3.083224,0.000000,0.000000,0.000000
30.880000000000003,ground_truth,-4.480135,9.230973,-3.083286,0.000000,0.000000,0.000000
30.900000000000002,ground_truth,-4.490060,9.230382,-3.083083,0.000000,0.000000,0.000000
30.92,ground_truth,-4.499685,9.229825,-3.082831,0.000000,0.000000,0.000000
30.94,ground_truth,-4.508469,9.229311,-3.083001,0.000000,0.000000,0.000000
30.96,ground_truth,-4.516729,9.228844,-3.082861,0.000000,0.000000,0.000000
30.98,ground_truth,-4.524675,9.228379,-3.082994,0.000000,0.000000,0.000000
31.000000000000004,ground_truth,-4.532377,9.227930,-3.083010,0.000000,0.000000,0.000000
31.020000000000003,ground_truth,-4.540225,9.227483,-3.082823,0.000000,0.000000,0.000000
31.040000000000003,ground_truth,-4.546806,9.227098,-3.082987,0.000000,0.000000,0.000000
31.060000000000002,ground_truth,-4.553509,9.226706,-3.082907,0.000000,0.000000,0.000000
31.080000000000002,ground_truth,-4.559329,9.226372,-3.083070,0.000000,0.000000,0.000000
31.1,ground_truth,-4.564983,9.226042,-3.083120,0.000000,0.000000,0.000000
31.12,ground_truth,-4.570936,9.225701,-3.082957,0.000000,0.000000,0.000000
31.14,ground_truth,-4.576441,9.225392,-3.082825,0.000000,0.000000,0.000000
31.160000000000004,ground_truth,-4.581734,9.225079,-3.083000,0.000000,0.000000,0.000000
31.180000000000003,ground_truth,-4.586256,9.224769,-3.083307,0.000000,0.000000,0.000000
31.200000000000003,ground_truth,-4.591133,9.224459,-3.083369,0.000000,0.000000,0.000000
31.220000000000002,ground_truth,-4.595952,9.224177,-3.083217,0.000000,0.000000,0.000000
31.240000000000002,ground_truth,-4.600290,9.223896,-3.083434,0.000000,0.000000,0.000000
31.26,ground_truth,-4.604892,9.223616,-3.083474,0.000000,0.000000,0.000000
31.28,ground_truth,-4.608408,9.223351,-3.084036,0.000000,0.000000,0.000000
31.3,ground_truth,-4.611935,9.223135,-3.083985,0.000000,0.000000,0.000000
31.32,ground_truth,-4.615094,9.222974,-3.083709,0.000000,0.000000,0.000000
31.340000000000003,ground_truth,-4.618706,9.222768,-3.083592,0.000000,0.000000,0.000000
31.360000000000003,ground_truth,-4.622567,9.222543,-3.083510,0.000000,0.000000,0.000000
31.380000000000003,ground_truth,-4.625898,9.222360,-3.083389,0.000000,0.000000,0.000000
31.400000000000002,ground_truth,-4.628898,9.222195,-3.083331,0.000000,0.000000,0.000000
31.42,ground_truth,-4.631765,9.222038,-3.083279,0.000000,0.000000,0.000000
31.44,ground_truth,-4.634753,9.221868,-3.083181,0.000000,0.000000,0.000000
31.46,ground_truth,-4.638005,9.221677,-3.083139,0.000000,0.000000,0.000000
31.48,ground_truth,-4.640824,9.221534,-3.082954,0.000000,0.000000,0.000000
31.500000000000004,ground_truth,-4.642960,9.221432,-3.082827,0.000000,0.000000,0.000000
31.520000000000003,ground_truth,-4.645050,9.221310,-3.082873,0.000000,0.000000,0.000000
31.540000000000003,ground_truth,-4.647477,9.221169,-3.082861,0.000000,0.000000,0.000000
31.560000000000002,ground_truth,-4.650071,9.221017,-3.082845,0.000000,0.000000,0.000000
31.580000000000002,ground_truth,-4.652356,9.220901,-3.082701,0.000000,0.000000,0.000000
31.6,ground_truth,-4.654686,9.220773,-3.082618,0.000000,0.000000,0.000000
31.62,ground_truth,-4.656828,9.220653,-3.082617,0.000000,0.000000,0.000000
31.64,ground_truth,-4.658806,9.220551,-3.082537,0.000000,0.000000,0.000000
31.660000000000004,ground_truth,-4.660732,9.220444,-3.082505,0.000000,0.000000,0.000000
31.680000000000003,ground_truth,-4.662661,9.220331,-3.082466,0.000000,0.000000,0.000000
31.700000000000003,ground_truth,-4.664640,9.220215,-3.082429,0.000000,0.000000,0.000000
31.720000000000002,ground_truth,-4.666182,9.220135,-3.082387,0.000000,0.000000,0.000000
31.740000000000002,ground_truth,-4.667714,9.220053,-3.082344,0.000000,0.000000,0.000000
31.76,ground_truth,-4.669357,9.219957,-3.082341,0.000000,0.000000,0.000000
31.78,ground_truth,-4.670899,9.219866,-3.082306,0.000000,0.000000,0.000000
31.8,ground_truth,-4.672555,9.219767,-3.082300,0.000000,0.000000,0.000000
31.82,ground_truth,-4.673700,9.219709,-3.082237,0.000000,0.000000,0.000000
31.840000000000003,ground_truth,-4.675174,9.219622,-3.082230,0.000000,0.000000,0.000000
31.860000000000003,ground_truth,-4.676259,9.219560,-3.082230,0.000000,0.000000,0.000000
31.880000000000003,ground_truth,-4.677477,9.219489,-3.082204,0.000000,0.000000,0.000000
31.900000000000002,ground_truth,-4.678747,9.219413,-3.082209,0.000000,0.000000,0.000000
31.92,ground_truth,-4.679657,9.219362,-3.082174,0.000000,0.000000,0.000000
31.94,ground_truth,-4.680857,9.219291,-3.082184,0.000000,0.000000,0.000000
31.96,ground_truth,-4.681699,9.219244,-3.082170,0.000000,0.000000,0.000000
31.98,ground_truth,-4.682532,9.219197,-3.082155,0.000000,0.000000,0.000000
32.0,ground_truth,-4.683582,9.219135,-3.082152,0.000000,0.000000,0.000000
32.02,ground_truth,-4.684548,9.219077,-3.082135,0.000000,0.000000,0.000000
32.04,ground_truth,-4.685377,9.219032,-3.082103,0.000000,0.000000,0.000000
32.06,ground_truth,-4.686213,9.218982,-3.082104,0.000000,0.000000,0.000000
32.080000000000005,ground_truth,-4.687012,9.218936,-3.082084,0.000000,0.000000,0.000000
32.1,ground_truth,-4.687712,9.218894,-3.082093,0.000000,0.000000,0.000000
32.120000000000005,ground_truth,-4.688445,9.218850,-3.082085,0.000000,0.000000,0.000000
32.14,ground_truth,-4.689263,9.218802,-3.082082,0.000000,0.000000,0.000000
32.160000000000004,ground_truth,-4.689850,9.218767,-3.082073,0.000000,0.000000,0.000000
32.18,ground_truth,-4.690456,9.218733,-3.082054,0.000000,0.000000,0.000000
32.2,ground_truth,-4.691065,9.218697,-3.082057,0.000000,0.000000,0.000000
32.22,ground_truth,-4.691684,9.218660,-3.082053,0.000000,0.000000,0.000000
32.24,ground_truth,-4.692362,9.218620,-3.082045,0.000000,0.000000,0.000000
32.260000000000005,ground_truth,-4.692745,9.218598,-3.082032,0.000000,0.000000,0.000000
32.28,ground_truth,-4.693343,9.218563,-3.082024,0.000000,0.000000,0.000000
32.300000000000004,ground_truth,-4.693662,9.218544,-3.082031,0.000000,0.000000,0.000000
32.32,ground_truth,-4.694203,9.218512,-3.082023,0.000000,0.000000,0.000000
32.34,ground_truth,-4.694568,9.218489,-3.082021,0.000000,0.000000,0.000000
32.36,ground_truth,-4.695037,9.218469,-3.081806,0.000000,0.000000,0.000000
32.38,ground_truth,-4.695514,9.218874,-3.073181,0.000000,0.000000,0.000000
32.4,ground_truth,-4.695958,9.219817,-3.053788,0.000000,0.000000,0.000000
32.42,ground_truth,-4.696475,9.221166,-3.024940,0.000000,0.000000,0.000000
32.440000000000005,ground_truth,-4.697103,9.222808,-2.988409,0.000000,0.000000,0.000000
32.46,ground_truth,-4.697927,9.224637,-2.945350,0.000000,0.000000,0.000000
32.480000000000004,ground_truth,-4.698946,9.226623,-2.896857,0.000000,0.000000,0.000000
32.5,ground_truth,-4.700015,9.228682,-2.846383,0.000000,0.000000,0.000000
32.52,ground_truth,-4.701625,9.230816,-2.794348,0.000000,0.000000,0.000000
32.54,ground_truth,-4.703336,9.232950,-2.746491,0.000000,0.000000,0.000000
32.56,ground_truth,-4.705254,9.235321,-2.694640,0.000000,0.000000,0.000000
32.580000000000005,ground_truth,-4.707325,9.237909,-2.638126,0.000000,0.000000,0.000000
32.6,ground_truth,-4.709707,9.240250,-2.588413,0.000000,0.000000,0.000000
32.620000000000005,ground_truth,-4.711903,9.242837,-2.538324,0.000000,0.000000,0.000000
32.64,ground_truth,-4.713865,9.245063,-2.494027,0.000000,0.000000,0.000000
32.660000000000004,ground_truth,-4.715966,9.247303,-2.444735,0.000000,0.000000,0.000000
32.68,ground_truth,-4.717989,9.249117,-2.402631,0.000000,0.000000,0.000000
32.7,ground_truth,-4.720057,9.251058,-2.355884,0.000000,0.000000,0.000000
32.72,ground_truth,-4.722117,9.253034,-2.304547,0.000000,0.000000,0.000000
32.74,ground_truth,-4.724119,9.254654,-2.256224,0.000000,0.000000,0.000000
32.760000000000005,ground_truth,-4.725892,9.256120,-2.208833,0.000000,0.000000,0.000000
32.78,ground_truth,-4.727237,9.257440,-2.163808,0.000000,0.000000,0.000000
32.800000000000004,ground_truth,-4.728648,9.258807,-2.118910,0.000000,0.000000,0.000000
32.82,ground_truth,-4.730120,9.260300,-2.069993,0.000000,0.000000,0.000000
32.84,ground_truth,-4.731139,9.261317,-2.031325,0.000000,0.000000,0.000000
32.86,ground_truth,-4.732237,9.262458,-1.990429,0.000000,0.000000,0.000000
32.88,ground_truth,-4.732950,9.263355,-1.959935,0.000000,0.000000,0.000000
32.9,ground_truth,-4.733921,9.264283,-1.928482,0.000000,0.000000,0.000000
32.92,ground_truth,-4.735480,9.264761,-1.895414,0.000000,0.000000,0.000000
32.940000000000005,ground_truth,-4.736790,9.264617,-1.874121,0.000000,0.000000,0.000000
32.96,ground_truth,-4.738076,9.264808,-1.851388,0.000000,0.000000,0.000000
32.980000000000004,ground_truth,-4.739011,9.265701,-1.836984,0.000000,0.000000,0.000000
33.0,ground_truth,-4.740031,9.266583,-1.817847,0.000000,0.000000,0.000000
33.02,ground_truth,-4.741191,9.267259,-1.793963,0.000000,0.000000,0.000000
33.04,ground_truth,-4.742408,9.267863,-1.765887,0.000000,0.000000,0.000000
33.06,ground_truth,-4.743654,9.268442,-1.734979,0.000000,0.000000,0.000000
33.080000000000005,ground_truth,-4.744830,9.268381,-1.712069,0.000000,0.000000,0.000000
33.1,ground_truth,-4.745907,9.268288,-1.690587,0.000000,0.000000,0.000000
33.120000000000005,ground_truth,-4.746708,9.268145,-1.676541,0.000000,0.000000,0.000000
33.14,ground_truth,-4.747599,9.268150,-1.656211,0.000000,0.000000,0.000000
33.160000000000004,ground_truth,-4.748354,9.268303,-1.633346,0.000000,0.000000,0.000000
33.18,ground_truth,-4.749042,9.268811,-1.612343,0.000000,0.000000,0.000000
33.2,ground_truth,-4.749775,9.269465,-1.590852,0.000000,0.000000,0.000000
33.22,ground_truth,-4.750313,9.269984,-1.578048,0.000000,0.000000,0.000000
33.24,ground_truth,-4.750992,9.270247,-1.561353,0.000000,0.000000,0.000000
33.260000000000005,ground_truth,-4.751785,9.270422,-1.540329,0.000000,0.000000,0.000000
33.28,ground_truth,-4.752445,9.270685,-1.517950,0.000000,0.000000,0.000000
33.300000000000004,ground_truth,-4.752911,9.271004,-1.497044,0.000000,0.000000,0.000000
33.32,ground_truth,-4.753074,9.271223,-1.487594,0.000000,0.000000,0.000000
33.34,ground_truth,-4.753462,9.271616,-1.474804,0.000000,0.000000,0.000000
33.36,ground_truth,-4.753841,9.272672,-1.465063,0.000000,0.000000,0.000000
33.38,ground_truth,-4.754295,9.273564,-1.450888,0.000000,0.000000,0.000000
33.4,ground_truth,-4.754828,9.274296,-1.432550,0.000000,0.000000,0.000000
33.42,ground_truth,-4.755039,9.274229,-1.417456,0.000000,0.000000,0.000000
33.440000000000005,ground_truth,-4.755376,9.274035,-1.399711,0.000000,0.000000,0.000000
33.46,ground_truth,-4.755152,9.273873,-1.393318,0.000000,0.000000,0.000000
33.480000000000004,ground_truth,-4.755225,9.274088,-1.386218,0.000000,0.000000,0.000000
33.5,ground_truth,-4.755617,9.274394,-1.374578,0.000000,0.000000,0.000000
33.52,ground_truth,-4.756087,9.274941,-1.362977,0.000000,0.000000,0.000000
33.54,ground_truth,-4.756565,9.275313,-1.349347,0.000000,0.000000,0.000000
33.56,ground_truth,-4.756566,9.274472,-1.343007,0.000000,0.000000,0.000000
33.580000000000005,ground_truth,-4.756647,9.273075,-1.332217,0.000000,0.000000,0.000000
33.6,ground_truth,-4.756566,9.270420,-1.320165,0.000000,0.000000,0.000000
33.620000000000005,ground_truth,-4.756548,9.266815,-1.305989,0.000000,0.000000,0.000000
33.64,ground_truth,-4.756596,9.262758,-1.288410,0.000000,0.000000,0.000000
33.660000000000004,ground_truth,-4.755844,9.257050,-1.272488,0.000000,0.000000,0.000000
33.68,ground_truth,-4.755142,9.251107,-1.252828,0.000000,0.000000,0.000000
33.7,ground_truth,-4.753720,9.243674,-1.235466,0.000000,0.000000,0.000000
33.72,ground_truth,-4.752466,9.236150,-1.215437,0.000000,0.000000,0.000000
33.74,ground_truth,-4.751026,9.228129,-1.195592,0.000000,0.000000,0.000000
33.760000000000005,ground_truth,-4.748724,9.219006,-1.178364,0.000000,0.000000,0.000000
33.78,ground_truth,-4.745824,9.209265,-1.161663,0.000000,0.000000,0.000000
33.800000000000004,ground_truth,-4.741998,9.198488,-1.148797,0.000000,0.000000,0.000000
33.82,ground_truth,-4.737875,9.187555,-1.134281,0.000000,0.000000,0.000000
33.84,ground_truth,-4.733022,9.175654,-1.120786,0.000000,0.000000,0.000000
33.86,ground_truth,-4.727510,9.163206,-1.110895,0.000000,0.000000,0.000000
33.88,ground_truth,-4.721687,9.150449,-1.101010,0.000000,0.000000,0.000000
33.9,ground_truth,-4.715422,9.137366,-1.093459,0.000000,0.000000,0.000000
33.92,ground_truth,-4.708792,9.123724,-1.085062,0.000000,0.000000,0.000000
33.940000000000005,ground_truth,-4.701743,9.109575,-1.077337,0.000000,0.000000,0.000000
33.96,ground_truth,-4.694579,9.095565,-1.072067,0.000000,0.000000,0.000000
33.980000000000004,ground_truth,-4.687051,9.081015,-1.066090,0.000000,0.000000,0.000000
34.0,ground_truth,-4.679667,9.066954,-1.063068,0.000000,0.000000,0.000000
34.02,ground_truth,-4.672316,9.053110,-1.060875,0.000000,0.000000,0.000000
34.04,ground_truth,-4.664991,9.039463,-1.059654,0.000000,0.000000,0.000000
34.06,ground_truth,-4.657633,9.026113,-1.061130,0.000000,0.000000,0.000000
34.080000000000005,ground_truth,-4.649803,9.012786,-1.071288,0.000000,0.000000,0.000000
34.1,ground_truth,-4.641491,8.998643,-1.082284,0.000000,0.000000,0.000000
34.120000000000005,ground_truth,-4.632952,8.983898,-1.093329,0.000000,0.000000,0.000000
34.14,ground_truth,-4.624652,8.968824,-1.100086,0.000000,0.000000,0.000000
34.160000000000004,ground_truth,-4.616372,8.953413,-1.105796,0.000000,0.000000,0.000000
34.18,ground_truth,-4.608129,8.937730,-1.111041,0.000000,0.000000,0.000000
34.2,ground_truth,-4.599943,8.921792,-1.114892,0.000000,0.000000,0.000000
34.22,ground_truth,-4.591762,8.905610,-1.118257,0.000000,0.000000,0.000000
34.24,ground_truth,-4.583604,8.889206,-1.120720,0.000000,0.000000,0.000000
34.260000000000005,ground_truth,-4.575417,8.872546,-1.122496,0.000000,0.000000,0.000000
34.28,ground_truth,-4.567127,8.855617,-1.124240,0.000000,0.000000,0.000000
34.300000000000004,ground_truth,-4.558836,8.838537,-1.125096,0.000000,0.000000,0.000000
34.32,ground_truth,-4.550527,8.821327,-1.125542,0.000000,0.000000,0.000000
34.34,ground_truth,-4.542398,8.804339,-1.125037,0.000000,0.000000,0.000000
34.36,ground_truth,-4.534350,8.787458,-1.124298,0.000000,0.000000,0.000000
34.38,ground_truth,-4.526258,8.770530,-1.123993,0.000000,0.000000,0.000000
34.400000000000006,ground_truth,-4.518000,8.753315,-1.124099,0.000000,0.000000,0.000000
34.42,ground_truth,-4.509633,8.735873,-1.124220,0.000000,0.000000,0.000000
34.440000000000005,ground_truth,-4.501599,8.718898,-1.123516,0.000000,0.000000,0.000000
34.46,ground_truth,-4.493678,8.702086,-1.122741,0.000000,0.000000,0.000000
34.480000000000004,ground_truth,-4.486164,8.685845,-1.121437,0.000000,0.000000,0.000000
34.5,ground_truth,-4.478548,8.669558,-1.120650,0.000000,0.000000,0.000000
34.52,ground_truth,-4.470740,8.653051,-1.120480,0.000000,0.000000,0.000000
34.54,ground_truth,-4.463203,8.637078,-1.119829,0.000000,0.000000,0.000000
34.56,ground_truth,-4.455904,8.621555,-1.118585,0.000000,0.000000,0.000000
34.580000000000005,ground_truth,-4.448754,8.606307,-1.117176,0.000000,0.000000,0.000000
34.6,ground_truth,-4.441493,8.591028,-1.116503,0.000000,0.000000,0.000000
34.620000000000005,ground_truth,-4.434441,8.576345,-1.116762,0.000000,0.000000,0.000000
34.64,ground_truth,-4.427746,8.562300,-1.116976,0.000000,0.000000,0.000000
34.660000000000004,ground_truth,-4.421603,8.549636,-1.121593,0.000000,0.000000,0.000000
34.68,ground_truth,-4.415653,8.537813,-1.136530,0.000000,0.000000,0.000000
34.7,ground_truth,-4.410020,8.527150,-1.159608,0.000000,0.000000,0.000000
34.72,ground_truth,-4.404218,8.516476,-1.182534,0.000000,0.000000,0.000000
34.74,ground_truth,-4.398144,8.505943,-1.205503,0.000000,0.000000,0.000000
34.760000000000005,ground_truth,-4.391598,8.495721,-1.228042,0.000000,0.000000,0.000000
34.78,ground_truth,-4.385000,8.484848,-1.247223,0.000000,0.000000,0.000000
34.800000000000004,ground_truth,-4.378794,8.473221,-1.265861,0.000000,0.000000,0.000000
34.82,ground_truth,-4.372936,8.460649,-1.281935,0.000000,0.000000,0.000000
34.84,ground_truth,-4.367292,8.447288,-1.297092,0.000000,0.000000,0.000000
34.86,ground_truth,-4.361914,8.433134,-1.311324,0.000000,0.000000,0.000000
34.88,ground_truth,-4.356860,8.418281,-1.322892,0.000000,0.000000,0.000000
34.900000000000006,ground_truth,-4.351967,8.402719,-1.334043,0.000000,0.000000,0.000000
34.92,ground_truth,-4.347239,8.386365,-1.342873,0.000000,0.000000,0.000000
34.940000000000005,ground_truth,-4.342678,8.369361,-1.349104,0.000000,0.000000,0.000000
34.96,ground_truth,-4.338173,8.351898,-1.355079,0.000000,0.000000,0.000000
34.980000000000004,ground_truth,-4.333903,8.334420,-1.358883,0.000000,0.000000,0.000000
35.0,ground_truth,-4.329672,8.316670,-1.362830,0.000000,0.000000,0.000000
35.02,ground_truth,-4.325737,8.299210,-1.364344,0.000000,0.000000,0.000000
35.04,ground_truth,-4.321805,8.281596,-1.366075,0.000000,0.000000,0.000000
35.06,ground_truth,-4.318084,8.264500,-1.366532,0.000000,0.000000,0.000000
35.080000000000005,ground_truth,-4.314337,8.247151,-1.367258,0.000000,0.000000,0.000000
35.1,ground_truth,-4.310531,8.229425,-1.368250,0.000000,0.000000,0.000000
35.120000000000005,ground_truth,-4.306819,8.212097,-1.369177,0.000000,0.000000,0.000000
35.14,ground_truth,-4.303218,8.195078,-1.369501,0.000000,0.000000,0.000000
35.160000000000004,ground_truth,-4.299742,8.178587,-1.369836,0.000000,0.000000,0.000000
35.18,ground_truth,-4.296308,8.162201,-1.370199,0.000000,0.000000,0.000000
35.2,ground_truth,-4.292864,8.145689,-1.370701,0.000000,0.000000,0.000000
35.22,ground_truth,-4.289582,8.129965,-1.371292,0.000000,0.000000,0.000000
35.24,ground_truth,-4.286333,8.114287,-1.371721,0.000000,0.000000,0.000000
35.260000000000005,ground_truth,-4.283507,8.100337,-1.371755,0.000000,0.000000,0.000000
35.28,ground_truth,-4.280354,8.086052,-1.376906,0.000000,0.000000,0.000000
35.300000000000004,ground_truth,-4.277142,8.071177,-1.382430,0.000000,0.000000,0.000000
35.32,ground_truth,-4.273844,8.055386,-1.387769,0.000000,0.000000,0.000000
35.34,ground_truth,-4.270481,8.038875,-1.393313,0.000000,0.000000,0.000000
35.36,ground_truth,-4.267134,8.021784,-1.398030,0.000000,0.000000,0.000000
35.38,ground_truth,-4.263764,8.004218,-1.403123,0.000000,0.000000,0.000000
35.400000000000006,ground_truth,-4.260516,7.986291,-1.406043,0.000000,0.000000,0.000000
35.42,ground_truth,-4.257317,7.967963,-1.407791,0.000000,0.000000,0.000000
35.440000000000005,ground_truth,-4.254116,7.949366,-1.409644,0.000000,0.000000,0.000000
35.46,ground_truth,-4.250955,7.930650,-1.410991,0.000000,0.000000,0.000000
35.480000000000004,ground_truth,-4.247807,7.911823,-1.412330,0.000000,0.000000,0.000000
35.5,ground_truth,-4.244783,7.893260,-1.412544,0.000000,0.000000,0.000000
35.52,ground_truth,-4.241724,7.874514,-1.413132,0.000000,0.000000,0.000000
35.54,ground_truth,-4.238653,7.855595,-1.413727,0.000000,0.000000,0.000000
35.56,ground_truth,-4.235708,7.837181,-1.413668,0.000000,0.000000,0.000000
35.580000000000005,ground_truth,-4.232749,7.818670,-1.413683,0.000000,0.000000,0.000000
35.6,ground_truth,-4.229891,7.800684,-1.413545,0.000000,0.000000,0.000000
35.620000000000005,ground_truth,-4.226989,7.782470,-1.413610,0.000000,0.000000,0.000000
35.64,ground_truth,-4.224057,7.764086,-1.413796,0.000000,0.000000,0.000000
35.660000000000004,ground_truth,-4.221187,7.746070,-1.413920,0.000000,0.000000,0.000000
35.68,ground_truth,-4.218286,7.727850,-1.414139,0.000000,0.000000,0.000000
35.7,ground_truth,-4.215539,7.710392,-1.413956,0.000000,0.000000,0.000000
35.72,ground_truth,-4.212820,7.693122,-1.413786,0.000000,0.000000,0.000000
35.74,ground_truth,-4.210101,7.675883,-1.413669,0.000000,0.000000,0.000000
35.760000000000005,ground_truth,-4.207514,7.659312,-1.413228,0.000000,0.000000,0.000000
35.78,ground_truth,-4.205188,7.644194,-1.412821,0.000000,0.000000,0.000000
35.800000000000004,ground_truth,-4.203046,7.630114,-1.412695,0.000000,0.000000,0.000000
35.82,ground_truth,-4.200849,7.616138,-1.413855,0.000000,0.000000,0.000000
35.84,ground_truth,-4.198471,7.601993,-1.419547,0.000000,0.000000,0.000000
35.86,ground_truth,-4.196003,7.586752,-1.424610,0.000000,0.000000,0.000000
35.88,ground_truth,-4.193480,7.570628,-1.429050,0.000000,0.000000,0.000000
35.900000000000006,ground_truth,-4.190988,7.553841,-1.431771,0.000000,0.000000,0.000000
35.92,ground_truth,-4.188460,7.536477,-1.434169,0.000000,0.000000,0.000000
35.940000000000005,ground_truth,-4.185956,7.518678,-1.435397,0.000000,0.000000,0.000000
35.96,ground_truth,-4.183441,7.500483,-1.436025,0.000000,0.000000,0.000000
35.980000000000004,ground_truth,-4.180926,7.481893,-1.435698,0.000000,0.000000,0.000000
36.0,ground_truth,-4.178400,7.462998,-1.434672,0.000000,0.000000,0.000000
36.02,ground_truth,-4.175840,7.443971,-1.433690,0.000000,0.000000,0.000000
36.04,ground_truth,-4.173267,7.424996,-1.432998,0.000000,0.000000,0.000000
36.06,ground_truth,-4.170697,7.406110,-1.432482,0.000000,0.000000,0.000000
36.080000000000005,ground_truth,-4.168121,7.387208,-1.431999,0.000000,0.000000,0.000000
36.1,ground_truth,-4.165516,7.368133,-1.431547,0.000000,0.000000,0.000000
36.120000000000005,ground_truth,-4.162881,7.348965,-1.431192,0.000000,0.000000,0.000000
36.14,ground_truth,-4.160287,7.330173,-1.431142,0.000000,0.000000,0.000000
36.160000000000004,ground_truth,-4.157729,7.311605,-1.430892,0.000000,0.000000,0.000000
36.18,ground_truth,-4.155177,7.293131,-1.430626,0.000000,0.000000,0.000000
36.2,ground_truth,-4.152600,7.274568,-1.430403,0.000000,0.000000,0.000000
36.22,ground_truth,-4.150012,7.256003,-1.430199,0.000000,0.000000,0.000000
36.24,ground_truth,-4.147523,7.238029,-1.429763,0.000000,0.000000,0.000000
36.260000000000005,ground_truth,-4.145052,7.220255,-1.429496,0.000000,0.000000,0.000000
36.28,ground_truth,-4.142766,7.203527,-1.428800,0.000000,0.000000,0.000000
36.300000000000004,ground_truth,-4.140462,7.186821,-1.428335,0.000000,0.000000,0.000000
36.32,ground_truth,-4.138190,7.170591,-1.428445,0.000000,0.000000,0.000000
36.34,ground_truth,-4.136069,7.155543,-1.429104,0.000000,0.000000,0.000000
36.36,ground_truth,-4.133788,7.140061,-1.431241,0.000000,0.000000,0.000000
36.38,ground_truth,-4.131426,7.123786,-1.433160,0.000000,0.000000,0.000000
36.400000000000006,ground_truth,-4.128993,7.106811,-1.435015,0.000000,0.000000,0.000000
36.42,ground_truth,-4.126545,7.089292,-1.436084,0.000000,0.000000,0.000000
36.440000000000005,ground_truth,-4.124062,7.071324,-1.436912,0.000000,0.000000,0.000000
36.46,ground_truth,-4.121548,7.052991,-1.437618,0.000000,0.000000,0.000000
36.480000000000004,ground_truth,-4.119018,7.034368,-1.438103,0.000000,0.000000,0.000000
36.5,ground_truth,-4.116470,7.015508,-1.438481,0.000000,0.000000,0.000000
36.52,ground_truth,-4.113915,6.996462,-1.438635,0.000000,0.000000,0.000000
36.54,ground_truth,-4.111344,6.977261,-1.438800,0.000000,0.000000,0.000000
36.56,ground_truth,-4.108768,6.957931,-1.438793,0.000000,0.000000,0.000000
36.580000000000005,ground_truth,-4.106230,6.938877,-1.438813,0.000000,0.000000,0.000000
36.6,ground_truth,-4.103741,6.920113,-1.438681,0.000000,0.000000,0.000000
36.620000000000005,ground_truth,-4.101287,6.901570,-1.438364,0.000000,0.000000,0.000000
36.64,ground_truth,-4.098779,6.882765,-1.438380,0.000000,0.000000,0.000000
36.660000000000004,ground_truth,-4.096229,6.863722,-1.438649,0.000000,0.000000,0.000000
36.68,ground_truth,-4.093787,6.845028,-1.438015,0.000000,0.000000,0.000000
36.7,ground_truth,-4.091523,6.827234,-1.436238,0.000000,0.000000,0.000000
36.72,ground_truth,-4.089271,6.809702,-1.434862,0.000000,0.000000,0.000000
36.74,ground_truth,-4.086946,6.792004,-1.434036,0.000000,0.000000,0.000000
36.760000000000005,ground_truth,-4.084558,6.774203,-1.433748,0.000000,0.000000,0.000000
36.78,ground_truth,-4.082189,6.756693,-1.433672,0.000000,0.000000,0.000000
36.800000000000004,ground_truth,-4.079887,6.739923,-1.434054,0.000000,0.000000,0.000000
36.82,ground_truth,-4.077711,6.724062,-1.434345,0.000000,0.000000,0.000000
36.84,ground_truth,-4.075523,6.708176,-1.434621,0.000000,0.000000,0.000000
36.86,ground_truth,-4.073552,6.693593,-1.434365,0.000000,0.000000,0.000000
36.88,ground_truth,-4.071589,6.679150,-1.434240,0.000000,0.000000,0.000000
36.900000000000006,ground_truth,-4.069614,6.664786,-1.434483,0.000000,0.000000,0.000000
36.92,ground_truth,-4.067410,6.649609,-1.436707,0.000000,0.000000,0.000000
36.940000000000005,ground_truth,-4.065085,6.633693,-1.439221,0.000000,0.000000,0.000000
36.96,ground_truth,-4.062712,6.617048,-1.441457,0.000000,0.000000,0.000000
36.980000000000004,ground_truth,-4.060314,6.599778,-1.443386,0.000000,0.000000,0.000000
37.0,ground_truth,-4.057903,6.582006,-1.445003,0.000000,0.000000,0.000000
37.02,ground_truth,-4.055506,6.563842,-1.445965,0.000000,0.000000,0.000000
37.04,ground_truth,-4.053105,6.545351,-1.446649,0.000000,0.000000,0.000000
37.06,ground_truth,-4.050719,6.526609,-1.446732,0.000000,0.000000,0.000000
37.080000000000005,ground_truth,-4.048334,6.507721,-1.446627,0.000000,0.000000,0.000000
37.1,ground_truth,-4.045946,6.488721,-1.446397,0.000000,0.000000,0.000000
37.120000000000005,ground_truth,-4.043544,6.469553,-1.446061,0.000000,0.000000,0.000000
37.14,ground_truth,-4.041136,6.450276,-1.445559,0.000000,0.000000,0.000000
37.160000000000004,ground_truth,-4.038763,6.431479,-1.445601,0.000000,0.000000,0.000000
37.18,ground_truth,-4.036418,6.412821,-1.445461,0.000000,0.000000,0.000000
37.2,ground_truth,-4.034104,6.394376,-1.445211,0.000000,0.000000,0.000000
37.22,ground_truth,-4.031761,6.375702,-1.444871,0.000000,0.000000,0.000000
37.24,ground_truth,-4.029394,6.356848,-1.444482,0.000000,0.000000,0.000000
37.260000000000005,ground_truth,-4.027223,6.338795,-1.443047,0.000000,0.000000,0.000000
37.28,ground_truth,-4.025054,6.320796,-1.441682,0.000000,0.000000,0.000000
37.300000000000004,ground_truth,-4.022906,6.303215,-1.440909,0.000000,0.000000,0.000000
37.32,ground_truth,-4.020725,6.285669,-1.440565,0.000000,0.000000,0.000000
37.34,ground_truth,-4.018468,6.267764,-1.440329,0.000000,0.000000,0.000000
37.36,ground_truth,-4.016232,6.250070,-1.439985,0.000000,0.000000,0.000000
37.38,ground_truth,-4.014101,6.233235,-1.439849,0.000000,0.000000,0.000000
37.400000000000006,ground_truth,-4.012199,6.218110,-1.439629,0.000000,0.000000,0.000000
37.42,ground_truth,-4.010400,6.203698,-1.439161,0.000000,0.000000,0.000000
37.440000000000005,ground_truth,-4.008606,6.189720,-1.439715,0.000000,0.000000,0.000000
37.46,ground_truth,-4.006749,6.175282,-1.440215,0.000000,0.000000,0.000000
37.480000000000004,ground_truth,-4.004823,6.160280,-1.440519,0.000000,0.000000,0.000000
37.5,ground_truth,-4.002836,6.144754,-1.440575,0.000000,0.000000,0.000000
37.52,ground_truth,-4.000779,6.128624,-1.440362,0.000000,0.000000,0.000000
37.54,ground_truth,-3.998651,6.111946,-1.440006,0.000000,0.000000,0.000000
37.56,ground_truth,-3.996427,6.094707,-1.439891,0.000000,0.000000,0.000000
37.580000000000005,ground_truth,-3.994107,6.076867,-1.439906,0.000000,0.000000,0.000000
37.6,ground_truth,-3.991713,6.058561,-1.440026,0.000000,0.000000,0.000000
37.620000000000005,ground_truth,-3.989259,6.039901,-1.440298,0.000000,0.000000,0.000000
37.64,ground_truth,-3.986766,6.020974,-1.440621,0.000000,0.000000,0.000000
37.660000000000004,ground_truth,-3.984244,6.001838,-1.440964,0.000000,0.000000,0.000000
37.68,ground_truth,-3.981701,5.982543,-1.441328,0.000000,0.000000,0.000000
37.7,ground_truth,-3.979150,5.963190,-1.441765,0.000000,0.000000,0.000000
37.72,ground_truth,-3.976647,5.944175,-1.442242,0.000000,0.000000,0.000000
37.74,ground_truth,-3.974211,5.925701,-1.442936,0.000000,0.000000,0.000000
37.760000000000005,ground_truth,-3.971759,5.907064,-1.443829,0.000000,0.000000,0.000000
37.78,ground_truth,-3.969294,5.888198,-1.444709,0.000000,0.000000,0.000000
37.800000000000004,ground_truth,-3.966920,5.869662,-1.444798,0.000000,0.000000,0.000000
37.82,ground_truth,-3.964558,5.851151,-1.444773,0.000000,0.000000,0.000000
37.84,ground_truth,-3.962251,5.832800,-1.444490,0.000000,0.000000,0.000000
37.86,ground_truth,-3.960056,5.815055,-1.443893,0.000000,0.000000,0.000000
37.88,ground_truth,-3.957921,5.797773,-1.443407,0.000000,0.000000,0.000000
37.900000000000006,ground_truth,-3.955755,5.780417,-1.443057,0.000000,0.000000,0.000000
37.92,ground_truth,-3.953584,5.763187,-1.442850,0.000000,0.000000,0.000000
37.940000000000005,ground_truth,-3.951571,5.747084,-1.442628,0.000000,0.000000,0.000000
37.96,ground_truth,-3.949525,5.730924,-1.442760,0.000000,0.000000,0.000000
37.980000000000004,ground_truth,-3.947745,5.716312,-1.441971,0.000000,0.000000,0.000000
38.0,ground_truth,-3.945952,5.701900,-1.441947,0.000000,0.000000,0.000000
38.02,ground_truth,-3.944168,5.687676,-1.441776,0.000000,0.000000,0.000000
38.04,ground_truth,-3.942198,5.672348,-1.442287,0.000000,0.000000,0.000000
38.06,ground_truth,-3.940095,5.656121,-1.443121,0.000000,0.000000,0.000000
38.080000000000005,ground_truth,-3.937896,5.639174,-1.444117,0.000000,0.000000,0.000000
38.1,ground_truth,-3.935631,5.621652,-1.445137,0.000000,0.000000,0.000000
38.120000000000005,ground_truth,-3.933327,5.603674,-1.445970,0.000000,0.000000,0.000000
38.14,ground_truth,-3.930992,5.585327,-1.446687,0.000000,0.000000,0.000000
38.160000000000004,ground_truth,-3.928637,5.566685,-1.447244,0.000000,0.000000,0.000000
38.18,ground_truth,-3.926272,5.547809,-1.447571,0.000000,0.000000,0.000000
38.2,ground_truth,-3.923903,5.528779,-1.447708,0.000000,0.000000,0.000000
38.22,ground_truth,-3.921542,5.509721,-1.447629,0.000000,0.000000,0.000000
38.24,ground_truth,-3.919167,5.490508,-1.447468,0.000000,0.000000,0.000000
38.260000000000005,ground_truth,-3.916788,5.471239,-1.447222,0.000000,0.000000,0.000000
38.28,ground_truth,-3.914449,5.452218,-1.446704,0.000000,0.000000,0.000000
38.300000000000004,ground_truth,-3.912108,5.433209,-1.446252,0.000000,0.000000,0.000000
38.32,ground_truth,-3.909794,5.414455,-1.446006,0.000000,0.000000,0.000000
38.34,ground_truth,-3.907453,5.395519,-1.445668,0.000000,0.000000,0.000000
38.36,ground_truth,-3.905101,5.376592,-1.445370,0.000000,0.000000,0.000000
38.38,ground_truth,-3.902787,5.358106,-1.445396,0.000000,0.000000,0.000000
38.400000000000006,ground_truth,-3.900505,5.339848,-1.445438,0.000000,0.000000,0.000000
38.42,ground_truth,-3.898416,5.322578,-1.444963,0.000000,0.000000,0.000000
38.440000000000005,ground_truth,-3.896373,5.305579,-1.444407,0.000000,0.000000,0.000000
38.46,ground_truth,-3.894408,5.289063,-1.444177,0.000000,0.000000,0.000000
38.480000000000004,ground_truth,-3.892444,5.272820,-1.443971,0.000000,0.000000,0.000000
38.5,ground_truth,-3.890441,5.256473,-1.443835,0.000000,0.000000,0.000000
38.52,ground_truth,-3.888617,5.241353,-1.443423,0.000000,0.000000,0.000000
38.54,ground_truth,-3.886719,5.225968,-1.443479,0.000000,0.000000,0.000000
38.56,ground_truth,-3.884669,5.209966,-1.444625,0.000000,0.000000,0.000000
38.580000000000005,ground_truth,-3.882506,5.193380,-1.446259,0.000000,0.000000,0.000000
38.6,ground_truth,-3.880263,5.176309,-1.448072,0.000000,0.000000,0.000000
38.620000000000005,ground_truth,-3.877998,5.158874,-1.449459,0.000000,0.000000,0.000000
38.64,ground_truth,-3.875703,5.141103,-1.450705,0.000000,0.000000,0.000000
38.660000000000004,ground_truth,-3.873408,5.123070,-1.451514,0.000000,0.000000,0.000000
38.68,ground_truth,-3.871109,5.104801,-1.452069,0.000000,0.000000,0.000000
38.7,ground_truth,-3.868809,5.086327,-1.452398,0.000000,0.000000,0.000000
38.72,ground_truth,-3.866519,5.067689,-1.452418,0.000000,0.000000,0.000000
38.74,ground_truth,-3.864236,5.048908,-1.452197,0.000000,0.000000,0.000000
38.760000000000005,ground_truth,-3.861979,5.030127,-1.451699,0.000000,0.000000,0.000000
38.78,ground_truth,-3.859722,5.011236,-1.450996,0.000000,0.000000,0.000000
38.800000000000004,ground_truth,-3.857447,4.992159,-1.450130,0.000000,0.000000,0.000000
38.82,ground_truth,-3.855179,4.973151,-1.449173,0.000000,0.000000,0.000000
38.84,ground_truth,-3.852937,4.954409,-1.448102,0.000000,0.000000,0.000000
38.86,ground_truth,-3.850708,4.935842,-1.447015,0.000000,0.000000,0.000000
38.88,ground_truth,-3.848460,4.917425,-1.446374,0.000000,0.000000,0.000000
38.900000000000006,ground_truth,-3.846219,4.899604,-1.446882,0.000000,0.000000,0.000000
38.92,ground_truth,-3.843961,4.881596,-1.447322,0.000000,0.000000,0.000000
38.940000000000005,ground_truth,-3.841708,4.863538,-1.447601,0.000000,0.000000,0.000000
38.96,ground_truth,-3.839574,4.845913,-1.446810,0.000000,0.000000,0.000000
38.980000000000004,ground_truth,-3.837416,4.828109,-1.445999,0.000000,0.000000,0.000000
39.0,ground_truth,-3.835484,4.811050,-1.444292,0.000000,0.000000,0.000000
39.02,ground_truth,-3.833526,4.794107,-1.442815,0.000000,0.000000,0.000000
39.04,ground_truth,-3.831541,4.777544,-1.441823,0.000000,0.000000,0.000000
39.06,ground_truth,-3.829659,4.761855,-1.441381,0.000000,0.000000,0.000000
39.080000000000005,ground_truth,-3.827690,4.745871,-1.441536,0.000000,0.000000,0.000000
39.1,ground_truth,-3.825577,4.729127,-1.442201,0.000000,0.000000,0.000000
39.120000000000005,ground_truth,-3.823368,4.711767,-1.443007,0.000000,0.000000,0.000000
39.14,ground_truth,-3.821086,4.693913,-1.443916,0.000000,0.000000,0.000000
39.160000000000004,ground_truth,-3.818763,4.675669,-1.444679,0.000000,0.000000,0.000000
39.18,ground_truth,-3.816403,4.657109,-1.445405,0.000000,0.000000,0.000000
39.2,ground_truth,-3.814031,4.638301,-1.445813,0.000000,0.000000,0.000000
39.220000000000006,ground_truth,-3.811637,4.619289,-1.446192,0.000000,0.000000,0.000000
39.24,ground_truth,-3.809236,4.600117,-1.446331,0.000000,0.000000,0.000000
39.260000000000005,ground_truth,-3.806824,4.580813,-1.446374,0.000000,0.000000,0.000000
39.28,ground_truth,-3.804405,4.561424,-1.446335,0.000000,0.000000,0.000000
39.300000000000004,ground_truth,-3.802012,4.542190,-1.446116,0.000000,0.000000,0.000000
39.32,ground_truth,-3.799614,4.522886,-1.445825,0.000000,0.000000,0.000000
39.34,ground_truth,-3.797263,4.503994,-1.445618,0.000000,0.000000,0.000000
39.36,ground_truth,-3.794889,4.484907,-1.445336,0.000000,0.000000,0.000000
39.38,ground_truth,-3.792488,4.465634,-1.445016,0.000000,0.000000,0.000000
39.400000000000006,ground_truth,-3.790114,4.446747,-1.445032,0.000000,0.000000,0.000000
39.42,ground_truth,-3.787801,4.428363,-1.445098,0.000000,0.000000,0.000000
39.440000000000005,ground_truth,-3.785543,4.410362,-1.445304,0.000000,0.000000,0.000000
39.46,ground_truth,-3.783288,4.392382,-1.445394,0.000000,0.000000,0.000000
39.480000000000004,ground_truth,-3.781040,4.374514,-1.445562,0.000000,0.000000,0.000000
39.5,ground_truth,-3.778764,4.356461,-1.445863,0.000000,0.000000,0.000000
39.52,ground_truth,-3.776498,4.338390,-1.445962,0.000000,0.000000,0.000000
39.54,ground_truth,-3.774418,4.321120,-1.445236,0.000000,0.000000,0.000000
39.56,ground_truth,-3.772612,4.305059,-1.443927,0.000000,0.000000,0.000000
39.580000000000005,ground_truth,-3.771020,4.290119,-1.442810,0.000000,0.000000,0.000000
39.6,ground_truth,-3.769459,4.275649,-1.441490,0.000000,0.000000,0.000000
39.620000000000005,ground_truth,-3.767842,4.261219,-1.440404,0.000000,0.000000,0.000000
39.64,ground_truth,-3.766091,4.246008,-1.439428,0.000000,0.000000,0.000000
39.660000000000004,ground_truth,-3.764224,4.230111,-1.438436,0.000000,0.000000,0.000000
39.68,ground_truth,-3.762242,4.213646,-1.437707,0.000000,0.000000,0.000000
39.7,ground_truth,-3.760160,4.196694,-1.437170,0.000000,0.000000,0.000000
39.720000000000006,ground_truth,-3.757987,4.179334,-1.436875,0.000000,0.000000,0.000000
39.74,ground_truth,-3.755732,4.161628,-1.436823,0.000000,0.000000,0.000000
39.760000000000005,ground_truth,-3.753401,4.143626,-1.437068,0.000000,0.000000,0.000000
39.78,ground_truth,-3.750982,4.125294,-1.437856,0.000000,0.000000,0.000000
39.800000000000004,ground_truth,-3.748503,4.106664,-1.438954,0.000000,0.000000,0.000000
39.82,ground_truth,-3.745987,4.087795,-1.440200,0.000000,0.000000,0.000000
39.84,ground_truth,-3.743458,4.068767,-1.441437,0.000000,0.000000,0.000000
39.86,ground_truth,-3.740961,4.049754,-1.442256,0.000000,0.000000,0.000000
39.88,ground_truth,-3.738497,4.030833,-1.442786,0.000000,0.000000,0.000000
39.900000000000006,ground_truth,-3.736079,4.012135,-1.443016,0.000000,0.000000,0.000000
39.92,ground_truth,-3.733702,3.993707,-1.443075,0.000000,0.000000,0.000000
39.940000000000005,ground_truth,-3.731273,3.975000,-1.443424,0.000000,0.000000,0.000000
39.96,ground_truth,-3.728854,3.956231,-1.443454,0.000000,0.000000,0.000000
39.980000000000004,ground_truth,-3.726559,3.937906,-1.442545,0.000000,0.000000,0.000000
40.0,ground_truth,-3.724195,3.919317,-1.442123,0.000000,0.000000,0.000000
40.02,ground_truth,-3.721835,3.900971,-1.442194,0.000000,0.000000,0.000000
40.04,ground_truth,-3.719475,3.882683,-1.442348,0.000000,0.000000,0.000000
40.06,ground_truth,-3.717061,3.864167,-1.442975,0.000000,0.000000,0.000000
40.080000000000005,ground_truth,-3.714854,3.846648,-1.442446,0.000000,0.000000,0.000000
40.1,ground_truth,-3.712718,3.829514,-1.441744,0.000000,0.000000,0.000000
40.120000000000005,ground_truth,-3.710799,3.813477,-1.440621,0.000000,0.000000,0.000000
40.14,ground_truth,-3.708855,3.797462,-1.439694,0.000000,0.000000,0.000000
40.160000000000004,ground_truth,-3.707038,3.782414,-1.439256,0.000000,0.000000,0.000000
40.18,ground_truth,-3.705118,3.767048,-1.439591,0.000000,0.000000,0.000000
40.2,ground_truth,-3.703029,3.750808,-1.440613,0.000000,0.000000,0.000000
40.220000000000006,ground_truth,-3.700826,3.733852,-1.441909,0.000000,0.000000,0.000000
40.24,ground_truth,-3.698547,3.716325,-1.443298,0.000000,0.000000,0.000000
40.260000000000005,ground_truth,-3.696224,3.698345,-1.444527,0.000000,0.000000,0.000000
40.28,ground_truth,-3.693868,3.680000,-1.445631,0.000000,0.000000,0.000000
40.300000000000004,ground_truth,-3.691486,3.661358,-1.446705,0.000000,0.000000,0.000000
40.32,ground_truth,-3.689094,3.642481,-1.447618,0.000000,0.000000,0.000000
40.34,ground_truth,-3.686705,3.623417,-1.448196,0.000000,0.000000,0.000000
40.36,ground_truth,-3.684319,3.604204,-1.448497,0.000000,0.000000,0.000000
40.38,ground_truth,-3.681948,3.584975,-1.448539,0.000000,0.000000,0.000000
40.400000000000006,ground_truth,-3.679605,3.565829,-1.448230,0.000000,0.000000,0.000000
40.42,ground_truth,-3.677273,3.546731,-1.447813,0.000000,0.000000,0.000000
40.440000000000005,ground_truth,-3.674952,3.527683,-1.447264,0.000000,0.000000,0.000000
40.46,ground_truth,-3.672672,3.509033,-1.446750,0.000000,0.000000,0.000000
40.480000000000004,ground_truth,-3.670432,3.490787,-1.446294,0.000000,0.000000,0.000000
40.5,ground_truth,-3.668196,3.472699,-1.445997,0.000000,0.000000,0.000000
40.52,ground_truth,-3.665935,3.454508,-1.445808,0.000000,0.000000,0.000000
40.54,ground_truth,-3.663628,3.436043,-1.445753,0.000000,0.000000,0.000000
40.56,ground_truth,-3.661404,3.418093,-1.445421,0.000000,0.000000,0.000000
40.580000000000005,ground_truth,-3.659242,3.400574,-1.444928,0.000000,0.000000,0.000000
40.6,ground_truth,-3.657172,3.383699,-1.444451,0.000000,0.000000,0.000000
40.620000000000005,ground_truth,-3.655048,3.366605,-1.444176,0.000000,0.000000,0.000000
40.64,ground_truth,-3.652967,3.349908,-1.443872,0.000000,0.000000,0.000000
40.660000000000004,ground_truth,-3.650969,3.334469,-1.444779,0.000000,0.000000,0.000000
40.68,ground_truth,-3.649010,3.319434,-1.445644,0.000000,0.000000,0.000000
40.7,ground_truth,-3.647258,3.305856,-1.446717,0.000000,0.000000,0.000000
40.720000000000006,ground_truth,-3.645391,3.291532,-1.448023,0.000000,0.000000,0.000000
40.74,ground_truth,-3.643452,3.276323,-1.448931,0.000000,0.000000,0.000000
40.760000000000005,ground_truth,-3.641432,3.260201,-1.449520,0.000000,0.000000,0.000000
40.78,ground_truth,-3.639337,3.243339,-1.450012,0.000000,0.000000,0.000000
40.800000000000004,ground_truth,-3.637196,3.225890,-1.450183,0.000000,0.000000,0.000000
40.82,ground_truth,-3.635012,3.207968,-1.450146,0.000000,0.000000,0.000000
40.84,ground_truth,-3.632793,3.189667,-1.449925,0.000000,0.000000,0.000000
40.86,ground_truth,-3.630541,3.171059,-1.449606,0.000000,0.000000,0.000000
40.88,ground_truth,-3.628259,3.152207,-1.449225,0.000000,0.000000,0.000000
40.900000000000006,ground_truth,-3.625947,3.133169,-1.448894,0.000000,0.000000,0.000000
40.92,ground_truth,-3.623625,3.114066,-1.448529,0.000000,0.000000,0.000000
40.940000000000005,ground_truth,-3.621309,3.095062,-1.448179,0.000000,0.000000,0.000000
40.96,ground_truth,-3.618967,3.075893,-1.447851,0.000000,0.000000,0.000000
40.980000000000004,ground_truth,-3.616602,3.056589,-1.447517,0.000000,0.000000,0.000000
41.0,ground_truth,-3.614260,3.037478,-1.447127,0.000000,0.000000,0.000000
41.02,ground_truth,-3.611990,3.018986,-1.446689,0.000000,0.000000,0.000000
41.04,ground_truth,-3.609825,3.001422,-1.446347,0.000000,0.000000,0.000000
41.06,ground_truth,-3.607619,2.983658,-1.446182,0.000000,0.000000,0.000000
41.080000000000005,ground_truth,-3.605366,2.965614,-1.446198,0.000000,0.000000,0.000000
41.1,ground_truth,-3.603131,2.947696,-1.446150,0.000000,0.000000,0.000000
41.120000000000005,ground_truth,-3.600996,2.930557,-1.446038,0.000000,0.000000,0.000000
41.14,ground_truth,-3.598980,2.914161,-1.445535,0.000000,0.000000,0.000000
41.160000000000004,ground_truth,-3.596975,2.897713,-1.444631,0.000000,0.000000,0.000000
41.18,ground_truth,-3.595036,2.881802,-1.443955,0.000000,0.000000,0.000000
41.2,ground_truth,-3.592974,2.865376,-1.444140,0.000000,0.000000,0.000000
41.220000000000006,ground_truth,-3.590925,2.849167,-1.444445,0.000000,0.000000,0.000000
41.24,ground_truth,-3.589117,2.834330,-1.443730,0.000000,0.000000,0.000000
41.260000000000005,ground_truth,-3.587259,2.819310,-1.443679,0.000000,0.000000,0.000000
41.28,ground_truth,-3.585371,2.804025,-1.443300,0.000000,0.000000,0.000000
41.300000000000004,ground_truth,-3.583415,2.788264,-1.442908,0.000000,0.000000,0.000000
41.32,ground_truth,-3.581396,2.772077,-1.442545,0.000000,0.000000,0.000000
41.34,ground_truth,-3.579315,2.755509,-1.442275,0.000000,0.000000,0.000000
41.36,ground_truth,-3.577181,2.738598,-1.442063,0.000000,0.000000,0.000000
41.38,ground_truth,-3.574997,2.721381,-1.441959,0.000000,0.000000,0.000000
41.400000000000006,ground_truth,-3.572767,2.703888,-1.441930,0.000000,0.000000,0.000000
41.42,ground_truth,-3.570497,2.686149,-1.442005,0.000000,0.000000,0.000000
41.440000000000005,ground_truth,-3.568168,2.668083,-1.442340,0.000000,0.000000,0.000000
41.46,ground_truth,-3.565778,2.649664,-1.442986,0.000000,0.000000,0.000000
41.480000000000004,ground_truth,-3.563365,2.631045,-1.443697,0.000000,0.000000,0.000000
41.5,ground_truth,-3.560944,2.612317,-1.444424,0.000000,0.000000,0.000000
41.52,ground_truth,-3.558541,2.593633,-1.445062,0.000000,0.000000,0.000000
41.54,ground_truth,-3.556120,2.574719,-1.445651,0.000000,0.000000,0.000000
41.56,ground_truth,-3.553687,2.555635,-1.446205,0.000000,0.000000,0.000000
41.580000000000005,ground_truth,-3.551354,2.537137,-1.446317,0.000000,0.000000,0.000000
41.6,ground_truth,-3.549030,2.518686,-1.446421,0.000000,0.000000,0.000000
41.620000000000005,ground_truth,-3.546788,2.500843,-1.446448,0.000000,0.000000,0.000000
41.64,ground_truth,-3.544535,2.482918,-1.446549,0.000000,0.000000,0.000000
41.660000000000004,ground_truth,-3.542245,2.464715,-1.446775,0.000000,0.000000,0.000000
41.68,ground_truth,-3.540012,2.446900,-1.446845,0.000000,0.000000,0.000000
41.7,ground_truth,-3.537863,2.429613,-1.446661,0.000000,0.000000,0.000000
41.720000000000006,ground_truth,-3.535791,2.412774,-1.446231,0.000000,0.000000,0.000000
41.74,ground_truth,-3.533719,2.396014,-1.445892,0.000000,0.000000,0.000000
41.760000000000005,ground_truth,-3.531619,2.379198,-1.445921,0.000000,0.000000,0.000000
41.78,ground_truth,-3.529626,2.363321,-1.446400,0.000000,0.000000,0.000000
41.800000000000004,ground_truth,-3.527678,2.347781,-1.446948,0.000000,0.000000,0.000000
41.82,ground_truth,-3.525965,2.333951,-1.447577,0.000000,0.000000,0.000000
41.84,ground_truth,-3.524123,2.319501,-1.448724,0.000000,0.000000,0.000000
41.86,ground_truth,-3.522239,2.304374,-1.449227,0.000000,0.000000,0.000000
41.88,ground_truth,-3.520248,2.288310,-1.449709,0.000000,0.000000,0.000000
41.900000000000006,ground_truth,-3.518180,2.271496,-1.450044,0.000000,0.000000,0.000000
41.92,ground_truth,-3.516051,2.254082,-1.450254,0.000000,0.000000,0.000000
41.940000000000005,ground_truth,-3.513872,2.236185,-1.450364,0.000000,0.000000,0.000000
41.96,ground_truth,-3.511656,2.217903,-1.450316,0.000000,0.000000,0.000000
41.980000000000004,ground_truth,-3.509407,2.199311,-1.450190,0.000000,0.000000,0.000000
42.0,ground_truth,-3.507132,2.180471,-1.449946,0.000000,0.000000,0.000000
42.02,ground_truth,-3.504837,2.161465,-1.449654,0.000000,0.000000,0.000000
42.04,ground_truth,-3.502527,2.142355,-1.449327,0.000000,0.000000,0.000000
42.06,ground_truth,-3.500230,2.123391,-1.448994,0.000000,0.000000,0.000000
42.080000000000005,ground_truth,-3.497914,2.104314,-1.448687,0.000000,0.000000,0.000000
42.1,ground_truth,-3.495638,2.085599,-1.448340,0.000000,0.000000,0.000000
42.120000000000005,ground_truth,-3.493327,2.066692,-1.448132,0.000000,0.000000,0.000000
42.14,ground_truth,-3.490989,2.047602,-1.447916,0.000000,0.000000,0.000000
42.160000000000004,ground_truth,-3.488719,2.029023,-1.447561,0.000000,0.000000,0.000000
42.18,ground_truth,-3.486466,2.010645,-1.447273,0.000000,0.000000,0.000000
42.2,ground_truth,-3.484259,1.992672,-1.447044,0.000000,0.000000,0.000000
42.220000000000006,ground_truth,-3.482024,1.974558,-1.446936,0.000000,0.000000,0.000000
42.24,ground_truth,-3.479758,1.956263,-1.446924,0.000000,0.000000,0.000000
42.260000000000005,ground_truth,-3.477598,1.938713,-1.446727,0.000000,0.000000,0.000000
42.28,ground_truth,-3.475511,1.921631,-1.446307,0.000000,0.000000,0.000000
42.300000000000004,ground_truth,-3.473522,1.905286,-1.445985,0.000000,0.000000,0.000000
42.32,ground_truth,-3.471561,1.889181,-1.445633,0.000000,0.000000,0.000000
42.34,ground_truth,-3.469557,1.873006,-1.445714,0.000000,0.000000,0.000000
42.36,ground_truth,-3.467479,1.856462,-1.446237,0.000000,0.000000,0.000000
42.38,ground_truth,-3.465315,1.839327,-1.447039,0.000000,0.000000,0.000000
42.400000000000006,ground_truth,-3.463094,1.821655,-1.447789,0.000000,0.000000,0.000000
42.42,ground_truth,-3.460831,1.803553,-1.448447,0.000000,0.000000,0.000000
42.440000000000005,ground_truth,-3.458539,1.785106,-1.448991,0.000000,0.000000,0.000000
42.46,ground_truth,-3.456228,1.766385,-1.449347,0.000000,0.000000,0.000000
42.480000000000004,ground_truth,-3.453902,1.747442,-1.449575,0.000000,0.000000,0.000000
42.5,ground_truth,-3.451570,1.728325,-1.449543,0.000000,0.000000,0.000000
42.52,ground_truth,-3.449225,1.709067,-1.449443,0.000000,0.000000,0.000000
42.54,ground_truth,-3.446877,1.689743,-1.449207,0.000000,0.000000,0.000000
42.56,ground_truth,-3.444517,1.670327,-1.448934,0.000000,0.000000,0.000000
42.580000000000005,ground_truth,-3.442145,1.650825,-1.448628,0.000000,0.000000,0.000000
42.6,ground_truth,-3.439782,1.631402,-1.448244,0.000000,0.000000,0.000000
42.620000000000005,ground_truth,-3.437461,1.612322,-1.447789,0.000000,0.000000,0.000000
42.64,ground_truth,-3.435221,1.593871,-1.447161,0.000000,0.000000,0.000000
42.660000000000004,ground_truth,-3.432948,1.575335,-1.446769,0.000000,0.000000,0.000000
42.68,ground_truth,-3.430628,1.556537,-1.446529,0.000000,0.000000,0.000000
42.7,ground_truth,-3.428347,1.538061,-1.446249,0.000000,0.000000,0.000000
42.720000000000006,ground_truth,-3.426086,1.519802,-1.446008,0.000000,0.000000,0.000000
42.74,ground_truth,-3.423871,1.501917,-1.445786,0.000000,0.000000,0.000000
42.760000000000005,ground_truth,-3.421627,1.483891,-1.445682,0.000000,0.000000,0.000000
42.78,ground_truth,-3.419379,1.465904,-1.445658,0.000000,0.000000,0.000000
42.800000000000004,ground_truth,-3.417227,1.448528,-1.445364,0.000000,0.000000,0.000000
42.82,ground_truth,-3.415175,1.431895,-1.445095,0.000000,0.000000,0.000000
42.84,ground_truth,-3.413199,1.415789,-1.444765,0.000000,0.000000,0.000000
42.86,ground_truth,-3.411199,1.399628,-1.444500,0.000000,0.000000,0.000000
42.88,ground_truth,-3.409219,1.383698,-1.444130,0.000000,0.000000,0.000000
42.900000000000006,ground_truth,-3.407210,1.367615,-1.443778,0.000000,0.000000,0.000000
42.92,ground_truth,-3.405426,1.352964,-1.443264,0.000000,0.000000,0.000000
42.940000000000005,ground_truth,-3.403901,1.339809,-1.442857,0.000000,0.000000,0.000000
42.96,ground_truth,-3.402354,1.326777,-1.442845,0.000000,0.000000,0.000000
42.980000000000004,ground_truth,-3.401021,1.315157,-1.443406,0.000000,0.000000,0.000000
43.0,ground_truth,-3.399623,1.303486,-1.443940,0.000000,0.000000,0.000000
43.02,ground_truth,-3.398296,1.292405,-1.443754,0.000000,0.000000,0.000000
43.04,ground_truth,-3.397052,1.281772,-1.443456,0.000000,0.000000,0.000000
43.06,ground_truth,-3.395883,1.271557,-1.443493,0.000000,0.000000,0.000000
43.080000000000005,ground_truth,-3.394902,1.262626,-1.442920,0.000000,0.000000,0.000000
43.1,ground_truth,-3.393907,1.254012,-1.442820,0.000000,0.000000,0.000000
43.120000000000005,ground_truth,-3.392838,1.245229,-1.442912,0.000000,0.000000,0.000000
43.14,ground_truth,-3.391764,1.236494,-1.442867,0.000000,0.000000,0.000000
43.160000000000004,ground_truth,-3.390844,1.228867,-1.442782,0.000000,0.000000,0.000000
43.18,ground_truth,-3.390071,1.222221,-1.442542,0.000000,0.000000,0.000000
43.2,ground_truth,-3.389256,1.215492,-1.442512,0.000000,0.000000,0.000000
43.220000000000006,ground_truth,-3.388477,1.209206,-1.442574,0.000000,0.000000,0.000000
43.24,ground_truth,-3.387658,1.202712,-1.442630,0.000000,0.000000,0.000000
43.260000000000005,ground_truth,-3.386871,1.196466,-1.442587,0.000000,0.000000,0.000000
43.28,ground_truth,-3.386185,1.190838,-1.442460,0.000000,0.000000,0.000000
43.300000000000004,ground_truth,-3.385526,1.185480,-1.442376,0.000000,0.000000,0.000000
43.32,ground_truth,-3.384893,1.180483,-1.442490,0.000000,0.000000,0.000000
43.34,ground_truth,-3.384255,1.175489,-1.442544,0.000000,0.000000,0.000000
43.36,ground_truth,-3.383581,1.170218,-1.442605,0.000000,0.000000,0.000000
43.38,ground_truth,-3.383046,1.165740,-1.442402,0.000000,0.000000,0.000000
43.400000000000006,ground_truth,-3.382499,1.161308,-1.442380,0.000000,0.000000,0.000000
43.42,ground_truth,-3.381998,1.157338,-1.442486,0.000000,0.000000,0.000000
43.440000000000005,ground_truth,-3.381464,1.153161,-1.442517,0.000000,0.000000,0.000000
43.46,ground_truth,-3.380896,1.148756,-1.442610,0.000000,0.000000,0.000000
43.480000000000004,ground_truth,-3.380427,1.144850,-1.442451,0.000000,0.000000,0.000000
43.5,ground_truth,-3.379950,1.140991,-1.442438,0.000000,0.000000,0.000000
43.52,ground_truth,-3.379523,1.137460,-1.442414,0.000000,0.000000,0.000000
43.540000000000006,ground_truth,-3.379378,1.134278,-1.439133,0.000000,0.000000,0.000000
43.56,ground_truth,-3.379740,1.131429,-1.427332,0.000000,0.000000,0.000000
43.580000000000005,ground_truth,-3.380646,1.129264,-1.404288,0.000000,0.000000,0.000000
43.6,ground_truth,-3.381830,1.127587,-1.373441,0.000000,0.000000,0.000000
43.620000000000005,ground_truth,-3.383076,1.126352,-1.338186,0.000000,0.000000,0.000000
43.64,ground_truth,-3.384249,1.125499,-1.301144,0.000000,0.000000,0.000000
43.660000000000004,ground_truth,-3.385197,1.124486,-1.272432,0.000000,0.000000,0.000000
43.68,ground_truth,-3.386171,1.123618,-1.243799,0.000000,0.000000,0.000000
43.7,ground_truth,-3.387250,1.122920,-1.213821,0.000000,0.000000,0.000000
43.720000000000006,ground_truth,-3.388246,1.122091,-1.190567,0.000000,0.000000,0.000000
43.74,ground_truth,-3.389408,1.121461,-1.162061,0.000000,0.000000,0.000000
43.760000000000005,ground_truth,-3.390302,1.121000,-1.135768,0.000000,0.000000,0.000000
43.78,ground_truth,-3.390993,1.120606,-1.111954,0.000000,0.000000,0.000000
43.800000000000004,ground_truth,-3.391642,1.120267,-1.088191,0.000000,0.000000,0.000000
43.82,ground_truth,-3.392077,1.119430,-1.073038,0.000000,0.000000,0.000000
43.84,ground_truth,-3.392654,1.118580,-1.053935,0.000000,0.000000,0.000000
43.86,ground_truth,-3.392974,1.117395,-1.036024,0.000000,0.000000,0.000000
43.88,ground_truth,-3.393430,1.116159,-1.015118,0.000000,0.000000,0.000000
43.900000000000006,ground_truth,-3.393971,1.115684,-1.002209,0.000000,0.000000,0.000000
43.92,ground_truth,-3.394705,1.115682,-0.988712,0.000000,0.000000,0.000000
43.940000000000005,ground_truth,-3.395434,1.115414,-0.970247,0.000000,0.000000,0.000000
43.96,ground_truth,-3.395725,1.114677,-0.955793,0.000000,0.000000,0.000000
43.980000000000004,ground_truth,-3.395888,1.113681,-0.939249,0.000000,0.000000,0.000000
44.0,ground_truth,-3.395816,1.112494,-0.922716,0.000000,0.000000,0.000000
44.02,ground_truth,-3.395609,1.111170,-0.905964,0.000000,0.000000,0.000000
44.040000000000006,ground_truth,-3.395356,1.109761,-0.888340,0.000000,0.000000,0.000000
44.06,ground_truth,-3.395490,1.109000,-0.876206,0.000000,0.000000,0.000000
44.080000000000005,ground_truth,-3.395681,1.108471,-0.864253,0.000000,0.000000,0.000000
44.1,ground_truth,-3.395580,1.107592,-0.851843,0.000000,0.000000,0.000000
44.120000000000005,ground_truth,-3.395428,1.106480,-0.834795,0.000000,0.000000,0.000000
44.14,ground_truth,-3.395062,1.104713,-0.812387,0.000000,0.000000,0.000000
44.160000000000004,ground_truth,-3.393700,1.101888,-0.788510,0.000000,0.000000,0.000000
44.18,ground_truth,-3.391511,1.098146,-0.763376,0.000000,0.000000,0.000000
44.2,ground_truth,-3.387876,1.093157,-0.741206,0.000000,0.000000,0.000000
44.220000000000006,ground_truth,-3.383777,1.087439,-0.717157,0.000000,0.000000,0.000000
44.24,ground_truth,-3.378965,1.080835,-0.693693,0.000000,0.000000,0.000000
44.260000000000005,ground_truth,-3.373455,1.073577,-0.671924,0.000000,0.000000,0.000000
44.28,ground_truth,-3.367590,1.065984,-0.648218,0.000000,0.000000,0.000000
44.300000000000004,ground_truth,-3.360349,1.058065,-0.631563,0.000000,0.000000,0.000000
44.32,ground_truth,-3.353202,1.050259,-0.612298,0.000000,0.000000,0.000000
44.34,ground_truth,-3.345268,1.042423,-0.596408,0.000000,0.000000,0.000000
44.36,ground_truth,-3.336795,1.034506,-0.578853,0.000000,0.000000,0.000000
44.38,ground_truth,-3.327038,1.026403,-0.563800,0.000000,0.000000,0.000000
44.400000000000006,ground_truth,-3.316673,1.018619,-0.553164,0.000000,0.000000,0.000000
44.42,ground_truth,-3.305884,1.010901,-0.543143,0.000000,0.000000,0.000000
44.440000000000005,ground_truth,-3.294927,1.003504,-0.535928,0.000000,0.000000,0.000000
44.46,ground_truth,-3.283641,0.996043,-0.526807,0.000000,0.000000,0.000000
44.480000000000004,ground_truth,-3.271674,0.988429,-0.518635,0.000000,0.000000,0.000000
44.5,ground_truth,-3.259764,0.981022,-0.512970,0.000000,0.000000,0.000000
44.52,ground_truth,-3.248228,0.973722,-0.501287,0.000000,0.000000,0.000000
44.540000000000006,ground_truth,-3.235736,0.966159,-0.491498,0.000000,0.000000,0.000000
44.56,ground_truth,-3.222399,0.958359,-0.482256,0.000000,0.000000,0.000000
44.580000000000005,ground_truth,-3.208248,0.950473,-0.476421,0.000000,0.000000,0.000000
44.6,ground_truth,-3.193155,0.942379,-0.473713,0.000000,0.000000,0.000000
44.620000000000005,ground_truth,-3.177374,0.934091,-0.472327,0.000000,0.000000,0.000000
44.64,ground_truth,-3.161180,0.925683,-0.471808,0.000000,0.000000,0.000000
44.660000000000004,ground_truth,-3.144697,0.917131,-0.470772,0.000000,0.000000,0.000000
44.68,ground_truth,-3.127925,0.908493,-0.470289,0.000000,0.000000,0.000000
44.7,ground_truth,-3.110938,0.899775,-0.469942,0.000000,0.000000,0.000000
44.720000000000006,ground_truth,-3.093747,0.890982,-0.469736,0.000000,0.000000,0.000000
44.74,ground_truth,-3.076513,0.882194,-0.469736,0.000000,0.000000,0.000000
44.760000000000005,ground_truth,-3.059244,0.873398,-0.469765,0.000000,0.000000,0.000000
44.78,ground_truth,-3.042232,0.864727,-0.469556,0.000000,0.000000,0.000000
44.800000000000004,ground_truth,-3.025058,0.855996,-0.469637,0.000000,0.000000,0.000000
44.82,ground_truth,-3.007758,0.847211,-0.469845,0.000000,0.000000,0.000000
44.84,ground_truth,-2.990805,0.838582,-0.469611,0.000000,0.000000,0.000000
44.86,ground_truth,-2.973754,0.829924,-0.469632,0.000000,0.000000,0.000000
44.88,ground_truth,-2.956893,0.821347,-0.469420,0.000000,0.000000,0.000000
44.900000000000006,ground_truth,-2.940366,0.812918,-0.468916,0.000000,0.000000,0.000000
44.92,ground_truth,-2.923846,0.804511,-0.468656,0.000000,0.000000,0.000000
44.940000000000005,ground_truth,-2.907333,0.796124,-0.468564,0.000000,0.000000,0.000000
44.96,ground_truth,-2.890804,0.787745,-0.468664,0.000000,0.000000,0.000000
44.980000000000004,ground_truth,-2.875178,0.779745,-0.467809,0.000000,0.000000,0.000000
45.0,ground_truth,-2.859461,0.771728,-0.467368,0.000000,0.000000,0.000000
45.02,ground_truth,-2.844594,0.764098,-0.466345,0.000000,0.000000,0.000000
45.040000000000006,ground_truth,-2.830073,0.756642,-0.465585,0.000000,0.000000,0.000000
45.06,ground_truth,-2.815597,0.749291,-0.465774,0.000000,0.000000,0.000000
45.080000000000005,ground_truth,-2.800851,0.742047,-0.470647,0.000000,0.000000,0.000000
45.1,ground_truth,-2.785567,0.734472,-0.475442,0.000000,0.000000,0.000000
45.120000000000005,ground_truth,-2.769882,0.726574,-0.479180,0.000000,0.000000,0.000000
45.14,ground_truth,-2.753846,0.718414,-0.482330,0.000000,0.000000,0.000000
45.160000000000004,ground_truth,-2.737513,0.710026,-0.485026,0.000000,0.000000,0.000000
45.18,ground_truth,-2.721019,0.701419,-0.486142,0.000000,0.000000,0.000000
45.2,ground_truth,-2.704347,0.692650,-0.486384,0.000000,0.000000,0.000000
45.220000000000006,ground_truth,-2.687451,0.683718,-0.486032,0.000000,0.000000,0.000000
45.24,ground_truth,-2.670392,0.674675,-0.485312,0.000000,0.000000,0.000000
45.260000000000005,ground_truth,-2.653334,0.665645,-0.484768,0.000000,0.000000,0.000000
45.28,ground_truth,-2.636131,0.656530,-0.483939,0.000000,0.000000,0.000000
45.300000000000004,ground_truth,-2.618869,0.647381,-0.483034,0.000000,0.000000,0.000000
45.32,ground_truth,-2.601860,0.638396,-0.482599,0.000000,0.000000,0.000000
45.34,ground_truth,-2.584967,0.629482,-0.482118,0.000000,0.000000,0.000000
45.36,ground_truth,-2.568482,0.620841,-0.482072,0.000000,0.000000,0.000000
45.38,ground_truth,-2.551817,0.612096,-0.481759,0.000000,0.000000,0.000000
45.400000000000006,ground_truth,-2.535003,0.603272,-0.481305,0.000000,0.000000,0.000000
45.42,ground_truth,-2.518818,0.594800,-0.481174,0.000000,0.000000,0.000000
45.440000000000005,ground_truth,-2.502994,0.586525,-0.481171,0.000000,0.000000,0.000000
45.46,ground_truth,-2.487939,0.578686,-0.481507,0.000000,0.000000,0.000000
45.480000000000004,ground_truth,-2.472721,0.570733,-0.481365,0.000000,0.000000,0.000000
45.5,ground_truth,-2.457598,0.562808,-0.480855,0.000000,0.000000,0.000000
45.52,ground_truth,-2.442567,0.554924,-0.480305,0.000000,0.000000,0.000000
45.540000000000006,ground_truth,-2.427453,0.546995,-0.479598,0.000000,0.000000,0.000000
45.56,ground_truth,-2.412962,0.539425,-0.479469,0.000000,0.000000,0.000000
45.580000000000005,ground_truth,-2.398737,0.532005,-0.479414,0.000000,0.000000,0.000000
45.6,ground_truth,-2.384587,0.524630,-0.479369,0.000000,0.000000,0.000000
45.620000000000005,ground_truth,-2.371263,0.517693,-0.478786,0.000000,0.000000,0.000000
45.64,ground_truth,-2.358431,0.511102,-0.478960,0.000000,0.000000,0.000000
45.660000000000004,ground_truth,-2.347565,0.505698,-0.479017,0.000000,0.000000,0.000000
45.68,ground_truth,-2.336749,0.500302,-0.479186,0.000000,0.000000,0.000000
45.7,ground_truth,-2.326989,0.495484,-0.480051,0.000000,0.000000,0.000000
45.720000000000006,ground_truth,-2.317164,0.490578,-0.480611,0.000000,0.000000,0.000000
45.74,ground_truth,-2.307862,0.485853,-0.480839,0.000000,0.000000,0.000000
45.760000000000005,ground_truth,-2.299761,0.481705,-0.481024,0.000000,0.000000,0.000000
45.78,ground_truth,-2.291882,0.477676,-0.481329,0.000000,0.000000,0.000000
45.800000000000004,ground_truth,-2.284321,0.473790,-0.481471,0.000000,0.000000,0.000000
45.82,ground_truth,-2.276807,0.469892,-0.481281,0.000000,0.000000,0.000000
45.84,ground_truth,-2.269047,0.465854,-0.481061,0.000000,0.000000,0.000000
45.86,ground_truth,-2.261745,0.462074,-0.481224,0.000000,0.000000,0.000000
45.88,ground_truth,-2.254609,0.458383,-0.481386,0.000000,0.000000,0.000000
45.900000000000006,ground_truth,-2.248851,0.455428,-0.481632,0.000000,0.000000,0.000000
45.92,ground_truth,-2.243235,0.452597,-0.482344,0.000000,0.000000,0.000000
45.940000000000005,ground_truth,-2.237664,0.449712,-0.482169,0.000000,0.000000,0.000000
45.96,ground_truth,-2.232376,0.446949,-0.481878,0.000000,0.000000,0.000000
45.980000000000004,ground_truth,-2.227065,0.444173,-0.481773,0.000000,0.000000,0.000000
46.0,ground_truth,-2.222435,0.441840,-0.482447,0.000000,0.000000,0.000000
46.02,ground_truth,-2.217600,0.439381,-0.482967,0.000000,0.000000,0.000000
46.040000000000006,ground_truth,-2.213442,0.437242,-0.483134,0.000000,0.000000,0.000000
46.06,ground_truth,-2.209258,0.435064,-0.483060,0.000000,0.000000,0.000000
46.080000000000005,ground_truth,-2.204568,0.432623,-0.483338,0.000000,0.000000,0.000000
46.1,ground_truth,-2.200707,0.430535,-0.482655,0.000000,0.000000,0.000000
46.120000000000005,ground_truth,-2.197490,0.428767,-0.482390,0.000000,0.000000,0.000000
46.14,ground_truth,-2.194840,0.427359,-0.482486,0.000000,0.000000,0.000000
46.160000000000004,ground_truth,-2.191318,0.425499,-0.482537,0.000000,0.000000,0.000000
46.18,ground_truth,-2.187538,0.423512,-0.482506,0.000000,0.000000,0.000000
46.2,ground_truth,-2.183829,0.421550,-0.482282,0.000000,0.000000,0.000000
46.220000000000006,ground_truth,-2.180450,0.419730,-0.480842,0.000000,0.000000,0.000000
46.24,ground_truth,-2.177477,0.417761,-0.472734,0.000000,0.000000,0.000000
46.260000000000005,ground_truth,-2.175643,0.416014,-0.456254,0.000000,0.000000,0.000000
46.28,ground_truth,-2.174793,0.414576,-0.433909,0.000000,0.000000,0.000000
46.300000000000004,ground_truth,-2.174515,0.413363,-0.409719,0.000000,0.000000,0.000000
46.32,ground_truth,-2.174471,0.412318,-0.384385,0.000000,0.000000,0.000000
46.34,ground_truth,-2.173687,0.411890,-0.371971,0.000000,0.000000,0.000000
46.36,ground_truth,-2.173001,0.411527,-0.358667,0.000000,0.000000,0.000000
46.38,ground_truth,-2.172997,0.411559,-0.351624,0.000000,0.000000,0.000000
46.400000000000006,ground_truth,-2.173326,0.411298,-0.336716,0.000000,0.000000,0.000000
46.42,ground_truth,-2.173628,0.410938,-0.318347,0.000000,0.000000,0.000000
46.440000000000005,ground_truth,-2.173070,0.410457,-0.303789,0.000000,0.000000,0.000000
46.46,ground_truth,-2.172601,0.409808,-0.284543,0.000000,0.000000,0.000000
46.480000000000004,ground_truth,-2.171811,0.409259,-0.275112,0.000000,0.000000,0.000000
46.5,ground_truth,-2.171179,0.408609,-0.261760,0.000000,0.000000,0.000000
46.52,ground_truth,-2.170696,0.407890,-0.244800,0.000000,0.000000,0.000000
46.540000000000006,ground_truth,-2.170614,0.407369,-0.229932,0.000000,0.000000,0.000000
46.56,ground_truth,-2.170458,0.406901,-0.213371,0.000000,0.000000,0.000000
46.580000000000005,ground_truth,-2.170045,0.406951,-0.202270,0.000000,0.000000,0.000000
46.6,ground_truth,-2.169028,0.406859,-0.191348,0.000000,0.000000,0.000000
46.620000000000005,ground_truth,-2.167768,0.406586,-0.180357,0.000000,0.000000,0.000000
46.64,ground_truth,-2.165772,0.405959,-0.165328,0.000000,0.000000,0.000000
46.660000000000004,ground_truth,-2.163169,0.404964,-0.145896,0.000000,0.000000,0.000000
46.68,ground_truth,-2.159357,0.403900,-0.126175,0.000000,0.000000,0.000000
46.7,ground_truth,-2.154770,0.402710,-0.103990,0.000000,0.000000,0.000000
46.720000000000006,ground_truth,-2.149364,0.401300,-0.080615,0.000000,0.000000,0.000000
46.74,ground_truth,-2.144190,0.399425,-0.052085,0.000000,0.000000,0.000000
46.760000000000005,ground_truth,-2.137733,0.397804,-0.026614,0.000000,0.000000,0.000000
46.78,ground_truth,-2.130377,0.396382,-0.002978,0.000000,0.000000,0.000000
46.800000000000004,ground_truth,-2.121280,0.395267,0.015248,0.000000,0.000000,0.000000
46.82,ground_truth,-2.110512,0.394512,0.030341,0.000000,0.000000,0.000000
46.84,ground_truth,-2.099123,0.393993,0.046534,0.000000,0.000000,0.000000
46.86,ground_truth,-2.087255,0.393707,0.063240,0.000000,0.000000,0.000000
46.88,ground_truth,-2.074583,0.393861,0.077037,0.000000,0.000000,0.000000
46.900000000000006,ground_truth,-2.061235,0.394392,0.087674,0.000000,0.000000,0.000000
46.92,ground_truth,-2.048190,0.394689,0.095837,0.000000,0.000000,0.000000
46.940000000000005,ground_truth,-2.034922,0.394914,0.104440,0.000000,0.000000,0.000000
46.96,ground_truth,-2.021212,0.395412,0.114631,0.000000,0.000000,0.000000
46.980000000000004,ground_truth,-2.007029,0.396244,0.124165,0.000000,0.000000,0.000000
47.0,ground_truth,-1.992385,0.397332,0.134404,0.000000,0.000000,0.000000
47.02,ground_truth,-1.977864,0.398591,0.142115,0.000000,0.000000,0.000000
47.040000000000006,ground_truth,-1.964129,0.400087,0.145654,0.000000,0.000000,0.000000
47.06,ground_truth,-1.950604,0.401630,0.148013,0.000000,0.000000,0.000000
47.080000000000005,ground_truth,-1.937574,0.402740,0.156107,0.000000,0.000000,0.000000
47.1,ground_truth,-1.923656,0.404096,0.165387,0.000000,0.000000,0.000000
47.120000000000005,ground_truth,-1.908402,0.406059,0.171547,0.000000,0.000000,0.000000
47.14,ground_truth,-1.892265,0.408389,0.177634,0.000000,0.000000,0.000000
47.160000000000004,ground_truth,-1.875404,0.411095,0.181549,0.000000,0.000000,0.000000
47.18,ground_truth,-1.858042,0.413971,0.185596,0.000000,0.000000,0.000000
47.2,ground_truth,-1.840219,0.417028,0.189238,0.000000,0.000000,0.000000
47.220000000000006,ground_truth,-1.822017,0.420280,0.191851,0.000000,0.000000,0.000000
47.24,ground_truth,-1.803528,0.423652,0.194258,0.000000,0.000000,0.000000
47.260000000000005,ground_truth,-1.784802,0.427151,0.196081,0.000000,0.000000,0.000000
47.28,ground_truth,-1.765951,0.430719,0.197930,0.000000,0.000000,0.000000
47.300000000000004,ground_truth,-1.746974,0.434368,0.199490,0.000000,0.000000,0.000000
47.32,ground_truth,-1.727860,0.438091,0.200867,0.000000,0.000000,0.000000
47.34,ground_truth,-1.708656,0.441865,0.202243,0.000000,0.000000,0.000000
47.36,ground_truth,-1.689831,0.445598,0.203526,0.000000,0.000000,0.000000
47.38,ground_truth,-1.670921,0.449381,0.204778,0.000000,0.000000,0.000000
47.400000000000006,ground_truth,-1.652200,0.453154,0.205906,0.000000,0.000000,0.000000
47.42,ground_truth,-1.633689,0.456926,0.206762,0.000000,0.000000,0.000000
47.440000000000005,ground_truth,-1.614980,0.460782,0.207192,0.000000,0.000000,0.000000
47.46,ground_truth,-1.596526,0.464579,0.207828,0.000000,0.000000,0.000000
47.480000000000004,ground_truth,-1.578858,0.468219,0.208481,0.000000,0.000000,0.000000
47.5,ground_truth,-1.561931,0.471647,0.209882,0.000000,0.000000,0.000000
47.52,ground_truth,-1.545157,0.475078,0.210943,0.000000,0.000000,0.000000
47.540000000000006,ground_truth,-1.527915,0.478688,0.211061,0.000000,0.000000,0.000000
47.56,ground_truth,-1.510930,0.482242,0.211350,0.000000,0.000000,0.000000
47.580000000000005,ground_truth,-1.494786,0.485560,0.212141,0.000000,0.000000,0.000000
47.6,ground_truth,-1.479848,0.488522,0.213613,0.000000,0.000000,0.000000
47.620000000000005,ground_truth,-1.465285,0.491455,0.214615,0.000000,0.000000,0.000000
47.64,ground_truth,-1.451102,0.494457,0.213087,0.000000,0.000000,0.000000
47.660000000000004,ground_truth,-1.436375,0.497597,0.210970,0.000000,0.000000,0.000000
47.68,ground_truth,-1.420935,0.500886,0.208441,0.000000,0.000000,0.000000
47.7,ground_truth,-1.404846,0.504304,0.205211,0.000000,0.000000,0.000000
47.720000000000006,ground_truth,-1.388222,0.507811,0.201393,0.000000,0.000000,0.000000
47.74,ground_truth,-1.371179,0.511337,0.197656,0.000000,0.000000,0.000000
47.760000000000005,ground_truth,-1.353796,0.514846,0.194329,0.000000,0.000000,0.000000
47.78,ground_truth,-1.336129,0.518332,0.191518,0.000000,0.000000,0.000000
47.800000000000004,ground_truth,-1.318281,0.521758,0.189745,0.000000,0.000000,0.000000
47.82,ground_truth,-1.300242,0.525170,0.188623,0.000000,0.000000,0.000000
47.84,ground_truth,-1.281912,0.528608,0.188308,0.000000,0.000000,0.000000
47.86,ground_truth,-1.263349,0.532049,0.189116,0.000000,0.000000,0.000000
47.88,ground_truth,-1.244619,0.535504,0.190555,0.000000,0.000000,0.000000
47.900000000000006,ground_truth,-1.226160,0.538906,0.192425,0.000000,0.000000,0.000000
47.92,ground_truth,-1.207618,0.542346,0.194260,0.000000,0.000000,0.000000
47.940000000000005,ground_truth,-1.189579,0.545745,0.195444,0.000000,0.000000,0.000000
47.96,ground_truth,-1.171424,0.549193,0.196519,0.000000,0.000000,0.000000
47.980000000000004,ground_truth,-1.153109,0.552689,0.197669,0.000000,0.000000,0.000000
48.0,ground_truth,-1.134618,0.556251,0.198767,0.000000,0.000000,0.000000
48.02,ground_truth,-1.115965,0.559873,0.199766,0.000000,0.000000,0.000000
48.040000000000006,ground_truth,-1.098072,0.563325,0.200629,0.000000,0.000000,0.000000
48.06,ground_truth,-1.080592,0.566675,0.201589,0.000000,0.000000,0.000000
48.080000000000005,ground_truth,-1.063157,0.570025,0.202582,0.000000,0.000000,0.000000
48.1,ground_truth,-1.045804,0.573421,0.203271,0.000000,0.000000,0.000000
48.120000000000005,ground_truth,-1.028335,0.576884,0.203832,0.000000,0.000000,0.000000
48.14,ground_truth,-1.011712,0.580201,0.203804,0.000000,0.000000,0.000000
48.160000000000004,ground_truth,-0.995140,0.583525,0.203857,0.000000,0.000000,0.000000
48.18,ground_truth,-0.979456,0.586664,0.203562,0.000000,0.000000,0.000000
48.2,ground_truth,-0.963379,0.589931,0.202690,0.000000,0.000000,0.000000
48.220000000000006,ground_truth,-0.946603,0.593345,0.201912,0.000000,0.000000,0.000000
48.24,ground_truth,-0.929162,0.596922,0.200761,0.000000,0.000000,0.000000
48.260000000000005,ground_truth,-0.911249,0.600600,0.199419,0.000000,0.000000,0.000000
48.28,ground_truth,-0.892977,0.604322,0.198443,0.000000,0.000000,0.000000
48.300000000000004,ground_truth,-0.874409,0.608096,0.197404,0.000000,0.000000,0.000000
48.32,ground_truth,-0.855651,0.611878,0.196735,0.000000,0.000000,0.000000
48.34,ground_truth,-0.836743,0.615666,0.196407,0.000000,0.000000,0.000000
48.36000000000001,ground_truth,-0.817730,0.619463,0.196161,0.000000,0.000000,0.000000
48.38,ground_truth,-0.798671,0.623253,0.196135,0.000000,0.000000,0.000000
48.400000000000006,ground_truth,-0.779664,0.627028,0.196180,0.000000,0.000000,0.000000
48.42,ground_truth,-0.760906,0.630744,0.196514,0.000000,0.000000,0.000000
48.440000000000005,ground_truth,-0.742035,0.634491,0.196784,0.000000,0.000000,0.000000
48.46,ground_truth,-0.723086,0.638259,0.197014,0.000000,0.000000,0.000000
48.480000000000004,ground_truth,-0.704827,0.641885,0.197442,0.000000,0.000000,0.000000
48.5,ground_truth,-0.686832,0.645459,0.197908,0.000000,0.000000,0.000000
48.52,ground_truth,-0.669584,0.648891,0.198403,0.000000,0.000000,0.000000
48.540000000000006,ground_truth,-0.652242,0.652356,0.198797,0.000000,0.000000,0.000000
48.56,ground_truth,-0.634737,0.655867,0.199012,0.000000,0.000000,0.000000
48.580000000000005,ground_truth,-0.617512,0.659359,0.198642,0.000000,0.000000,0.000000
48.6,ground_truth,-0.600230,0.662852,0.198344,0.000000,0.000000,0.000000
48.620000000000005,ground_truth,-0.583505,0.666198,0.198673,0.000000,0.000000,0.000000
48.64,ground_truth,-0.566474,0.669632,0.198525,0.000000,0.000000,0.000000
48.660000000000004,ground_truth,-0.549446,0.673066,0.198375,0.000000,0.000000,0.000000
48.68,ground_truth,-0.532804,0.676395,0.198598,0.000000,0.000000,0.000000
48.7,ground_truth,-0.516152,0.679735,0.198646,0.000000,0.000000,0.000000
48.720000000000006,ground_truth,-0.499088,0.683255,0.196664,0.000000,0.000000,0.000000
48.74,ground_truth,-0.481550,0.686862,0.194304,0.000000,0.000000,0.000000
48.760000000000005,ground_truth,-0.463626,0.690504,0.192131,0.000000,0.000000,0.000000
48.78,ground_truth,-0.445391,0.694155,0.190410,0.000000,0.000000,0.000000
48.800000000000004,ground_truth,-0.426863,0.697816,0.189040,0.000000,0.000000,0.000000
48.82,ground_truth,-0.408115,0.701467,0.188275,0.000000,0.000000,0.000000
48.84,ground_truth,-0.389150,0.705106,0.188271,0.000000,0.000000,0.000000
48.86000000000001,ground_truth,-0.370052,0.708746,0.188676,0.000000,0.000000,0.000000
48.88,ground_truth,-0.350855,0.712401,0.189207,0.000000,0.000000,0.000000
48.900000000000006,ground_truth,-0.331574,0.716079,0.189723,0.000000,0.000000,0.000000
48.92,ground_truth,-0.312275,0.719759,0.190291,0.000000,0.000000,0.000000
48.940000000000005,ground_truth,-0.292983,0.723437,0.190841,0.000000,0.000000,0.000000
48.96,ground_truth,-0.274054,0.727059,0.191175,0.000000,0.000000,0.000000
48.980000000000004,ground_truth,-0.255060,0.730699,0.191547,0.000000,0.000000,0.000000
49.0,ground_truth,-0.235946,0.734366,0.192011,0.000000,0.000000,0.000000
49.02,ground_truth,-0.216996,0.738008,0.192447,0.000000,0.000000,0.000000
49.040000000000006,ground_truth,-0.198551,0.741569,0.192620,0.000000,0.000000,0.000000
49.06,ground_truth,-0.181006,0.744988,0.192208,0.000000,0.000000,0.000000
49.080000000000005,ground_truth,-0.163349,0.748413,0.192081,0.000000,0.000000,0.000000
49.1,ground_truth,-0.145517,0.751865,0.192148,0.000000,0.000000,0.000000
49.120000000000005,ground_truth,-0.127695,0.755317,0.192251,0.000000,0.000000,0.000000
49.14,ground_truth,-0.110701,0.758605,0.192364,0.000000,0.000000,0.000000
49.160000000000004,ground_truth,-0.094473,0.761755,0.192236,0.000000,0.000000,0.000000
49.18,ground_truth,-0.078408,0.764883,0.192032,0.000000,0.000000,0.000000
49.2,ground_truth,-0.062481,0.768000,0.191661,0.000000,0.000000,0.000000
49.220000000000006,ground_truth,-0.046636,0.771079,0.191616,0.000000,0.000000,0.000000
49.24,ground_truth,-0.030769,0.774149,0.191800,0.000000,0.000000,0.000000
49.260000000000005,ground_truth,-0.016099,0.776977,0.191892,0.000000,0.000000,0.000000
49.28,ground_truth,-0.001073,0.779905,0.191559,0.000000,0.000000,0.000000
49.300000000000004,ground_truth,0.014496,0.782903,0.191883,0.000000,0.000000,0.000000
49.32,ground_truth,0.030676,0.786006,0.192447,0.000000,0.000000,0.000000
49.34,ground_truth,0.047373,0.789206,0.193102,0.000000,0.000000,0.000000
49.36000000000001,ground_truth,0.064505,0.792493,0.193708,0.000000,0.000000,0.000000
49.38,ground_truth,0.082006,0.795861,0.194246,0.000000,0.000000,0.000000
49.400000000000006,ground_truth,0.099814,0.799302,0.194611,0.000000,0.000000,0.000000
49.42,ground_truth,0.117905,0.802812,0.194918,0.000000,0.000000,0.000000
49.440000000000005,ground_truth,0.136224,0.806391,0.194985,0.000000,0.000000,0.000000
49.46,ground_truth,0.154726,0.810023,0.194819,0.000000,0.000000,0.000000
49.480000000000004,ground_truth,0.173376,0.813690,0.194506,0.000000,0.000000,0.000000
49.5,ground_truth,0.191998,0.817359,0.194125,0.000000,0.000000,0.000000
49.52,ground_truth,0.210769,0.821069,0.193576,0.000000,0.000000,0.000000
49.540000000000006,ground_truth,0.229161,0.824692,0.193261,0.000000,0.000000,0.000000
49.56,ground_truth,0.247705,0.828351,0.192721,0.000000,0.000000,0.000000
49.580000000000005,ground_truth,0.266459,0.832053,0.191992,0.000000,0.000000,0.000000
49.6,ground_truth,0.284993,0.835686,0.191576,0.000000,0.000000,0.000000
49.620000000000005,ground_truth,0.303373,0.839275,0.191312,0.000000,0.000000,0.000000
49.64,ground_truth,0.321502,0.842790,0.191470,0.000000,0.000000,0.000000
49.660000000000004,ground_truth,0.339741,0.846335,0.191393,0.000000,0.000000,0.000000
49.68,ground_truth,0.357145,0.849653,0.192266,0.000000,0.000000,0.000000
49.7,ground_truth,0.374386,0.852957,0.192940,0.000000,0.000000,0.000000
49.720000000000006,ground_truth,0.391849,0.856346,0.193037,0.000000,0.000000,0.000000
49.74,ground_truth,0.408426,0.859531,0.193480,0.000000,0.000000,0.000000
49.760000000000005,ground_truth,0.424811,0.862682,0.193903,0.000000,0.000000,0.000000
49.78,ground_truth,0.440381,0.865628,0.194703,0.000000,0.000000,0.000000
49.800000000000004,ground_truth,0.455735,0.868551,0.195499,0.000000,0.000000,0.000000
49.82,ground_truth,0.471088,0.871161,0.200598,0.000000,0.000000,0.000000
49.84,ground_truth,0.486909,0.873684,0.209701,0.000000,0.000000,0.000000
49.86000000000001,ground_truth,0.503262,0.876490,0.219298,0.000000,0.000000,0.000000
49.88,ground_truth,0.520234,0.879691,0.227225,0.000000,0.000000,0.000000
49.900000000000006,ground_truth,0.537694,0.883135,0.236206,0.000000,0.000000,0.000000
49.92,ground_truth,0.555544,0.886863,0.244595,0.000000,0.000000,0.000000
49.940000000000005,ground_truth,0.573585,0.890971,0.249466,0.000000,0.000000,0.000000
49.96,ground_truth,0.591744,0.895165,0.255272,0.000000,0.000000,0.000000
49.980000000000004,ground_truth,0.610088,0.899611,0.259137,0.000000,0.000000,0.000000
50.0,ground_truth,0.628616,0.904215,0.262700,0.000000,0.000000,0.000000
50.02,ground_truth,0.647266,0.908947,0.265855,0.000000,0.000000,0.000000
50.040000000000006,ground_truth,0.665854,0.913772,0.268177,0.000000,0.000000,0.000000
50.06,ground_truth,0.684442,0.918667,0.270208,0.000000,0.000000,0.000000
50.080000000000005,ground_truth,0.702885,0.923620,0.271152,0.000000,0.000000,0.000000
50.1,ground_truth,0.721173,0.928570,0.271918,0.000000,0.000000,0.000000
50.120000000000005,ground_truth,0.738730,0.933391,0.271709,0.000000,0.000000,0.000000
50.14,ground_truth,0.756539,0.938274,0.271945,0.000000,0.000000,0.000000
50.160000000000004,ground_truth,0.774616,0.943239,0.272382,0.000000,0.000000,0.000000
50.18,ground_truth,0.792629,0.948198,0.272831,0.000000,0.000000,0.000000
50.2,ground_truth,0.810734,0.953191,0.273375,0.000000,0.000000,0.000000
50.220000000000006,ground_truth,0.828336,0.958074,0.273470,0.000000,0.000000,0.000000
50.24,ground_truth,0.845827,0.962934,0.273631,0.000000,0.000000,0.000000
50.260000000000005,ground_truth,0.863321,0.967802,0.273828,0.000000,0.000000,0.000000
50.28,ground_truth,0.880267,0.972531,0.273873,0.000000,0.000000,0.000000
50.300000000000004,ground_truth,0.896625,0.977055,0.274320,0.000000,0.000000,0.000000
50.32,ground_truth,0.912182,0.981338,0.274661,0.000000,0.000000,0.000000
50.34,ground_truth,0.927773,0.985581,0.276346,0.000000,0.000000,0.000000
50.36000000000001,ground_truth,0.943837,0.989902,0.280126,0.000000,0.000000,0.000000
50.38,ground_truth,0.960499,0.994487,0.283220,0.000000,0.000000,0.000000
50.400000000000006,ground_truth,0.977644,0.999303,0.285534,0.000000,0.000000,0.000000
50.42,ground_truth,0.995162,1.004327,0.286674,0.000000,0.000000,0.000000
50.440000000000005,ground_truth,1.012988,1.009473,0.287757,0.000000,0.000000,0.000000
50.46,ground_truth,1.031092,1.014756,0.288236,0.000000,0.000000,0.000000
50.480000000000004,ground_truth,1.049447,1.020147,0.288476,0.000000,0.000000,0.000000
50.5,ground_truth,1.067966,1.025614,0.288371,0.000000,0.000000,0.000000
50.52,ground_truth,1.086611,1.031138,0.287973,0.000000,0.000000,0.000000
50.540000000000006,ground_truth,1.105340,1.036694,0.287401,0.000000,0.000000,0.000000
50.56,ground_truth,1.123821,1.042147,0.287355,0.000000,0.000000,0.000000
50.580000000000005,ground_truth,1.142381,1.047640,0.286999,0.000000,0.000000,0.000000
50.6,ground_truth,1.161060,1.053174,0.286464,0.000000,0.000000,0.000000
50.620000000000005,ground_truth,1.179612,1.058660,0.286024,0.000000,0.000000,0.000000
50.64,ground_truth,1.198004,1.064088,0.285737,0.000000,0.000000,0.000000
50.660000000000004,ground_truth,1.216091,1.069404,0.285818,0.000000,0.000000,0.000000
50.68,ground_truth,1.233937,1.074653,0.285768,0.000000,0.000000,0.000000
50.7,ground_truth,1.251396,1.079816,0.285331,0.000000,0.000000,0.000000
50.720000000000006,ground_truth,1.268987,1.085009,0.284853,0.000000,0.000000,0.000000
50.74,ground_truth,1.286733,1.090239,0.284366,0.000000,0.000000,0.000000
50.760000000000005,ground_truth,1.303878,1.095223,0.284927,0.000000,0.000000,0.000000
50.78,ground_truth,1.320709,1.100096,0.285716,0.000000,0.000000,0.000000
50.800000000000004,ground_truth,1.337401,1.104923,0.286535,0.000000,0.000000,0.000000
50.82,ground_truth,1.354202,1.109811,0.287195,0.000000,0.000000,0.000000
50.84,ground_truth,1.370317,1.114523,0.287715,0.000000,0.000000,0.000000
50.86000000000001,ground_truth,1.384880,1.118705,0.288653,0.000000,0.000000,0.000000
50.88,ground_truth,1.399940,1.123087,0.288644,0.000000,0.000000,0.000000
50.900000000000006,ground_truth,1.415393,1.127596,0.288905,0.000000,0.000000,0.000000
50.92,ground_truth,1.431410,1.132292,0.289089,0.000000,0.000000,0.000000
50.940000000000005,ground_truth,1.447906,1.137146,0.289222,0.000000,0.000000,0.000000
50.96,ground_truth,1.464806,1.142133,0.289293,0.000000,0.000000,0.000000
50.980000000000004,ground_truth,1.482049,1.147231,0.289325,0.000000,0.000000,0.000000
51.0,ground_truth,1.499589,1.152423,0.289359,0.000000,0.000000,0.000000
51.02,ground_truth,1.517399,1.157693,0.289540,0.000000,0.000000,0.000000
51.040000000000006,ground_truth,1.535410,1.163026,0.289748,0.000000,0.000000,0.000000
51.06,ground_truth,1.553584,1.168411,0.289931,0.000000,0.000000,0.000000
51.080000000000005,ground_truth,1.571854,1.173830,0.290091,0.000000,0.000000,0.000000
51.1,ground_truth,1.590119,1.179267,0.289994,0.000000,0.000000,0.000000
51.120000000000005,ground_truth,1.608426,1.184722,0.289879,0.000000,0.000000,0.000000
51.14,ground_truth,1.626798,1.190206,0.289661,0.000000,0.000000,0.000000
51.160000000000004,ground_truth,1.645332,1.195758,0.289177,0.000000,0.000000,0.000000
51.18,ground_truth,1.663949,1.201338,0.288680,0.000000,0.000000,0.000000
51.2,ground_truth,1.682116,1.206717,0.288978,0.000000,0.000000,0.000000
51.220000000000006,ground_truth,1.700309,1.212105,0.289259,0.000000,0.000000,0.000000
51.24,ground_truth,1.718167,1.217410,0.289238,0.000000,0.000000,0.000000
51.260000000000005,ground_truth,1.736101,1.222738,0.289264,0.000000,0.000000,0.000000
51.28,ground_truth,1.753952,1.228042,0.289280,0.000000,0.000000,0.000000
51.300000000000004,ground_truth,1.771155,1.233178,0.288872,0.000000,0.000000,0.000000
51.32,ground_truth,1.788303,1.238279,0.288823,0.000000,0.000000,0.000000
51.34,ground_truth,1.803522,1.242823,0.288496,0.000000,0.000000,0.000000
51.36000000000001,ground_truth,1.818414,1.247346,0.287240,0.000000,0.000000,0.000000
51.38,ground_truth,1.831549,1.251290,0.286511,0.000000,0.000000,0.000000
51.400000000000006,ground_truth,1.844831,1.255247,0.286253,0.000000,0.000000,0.000000
51.42,ground_truth,1.858225,1.259200,0.286508,0.000000,0.000000,0.000000
51.440000000000005,ground_truth,1.872429,1.263353,0.287570,0.000000,0.000000,0.000000
51.46,ground_truth,1.887593,1.267778,0.289124,0.000000,0.000000,0.000000
51.480000000000004,ground_truth,1.903538,1.272460,0.290515,0.000000,0.000000,0.000000
51.5,ground_truth,1.920109,1.277354,0.291749,0.000000,0.000000,0.000000
51.52,ground_truth,1.937184,1.282430,0.292685,0.000000,0.000000,0.000000
51.540000000000006,ground_truth,1.954663,1.287666,0.293115,0.000000,0.000000,0.000000
51.56,ground_truth,1.972470,1.293017,0.293358,0.000000,0.000000,0.000000
51.580000000000005,ground_truth,1.990542,1.298464,0.293397,0.000000,0.000000,0.000000
51.6,ground_truth,2.008841,1.303987,0.293342,0.000000,0.000000,0.000000
51.620000000000005,ground_truth,2.027315,1.309570,0.293149,0.000000,0.000000,0.000000
51.64,ground_truth,2.045793,1.315159,0.292830,0.000000,0.000000,0.000000
51.660000000000004,ground_truth,2.064265,1.320745,0.292472,0.000000,0.000000,0.000000
51.68,ground_truth,2.082499,1.326259,0.292037,0.000000,0.000000,0.000000
51.7,ground_truth,2.100792,1.331783,0.291628,0.000000,0.000000,0.000000
51.720000000000006,ground_truth,2.118636,1.337138,0.291872,0.000000,0.000000,0.000000
51.74,ground_truth,2.136707,1.342584,0.291637,0.000000,0.000000,0.000000
51.760000000000005,ground_truth,2.154843,1.348047,0.291364,0.000000,0.000000,0.000000
51.78,ground_truth,2.172568,1.353363,0.291536,0.000000,0.000000,0.000000
51.800000000000004,ground_truth,2.190246,1.358664,0.291653,0.000000,0.000000,0.000000
51.82,ground_truth,2.207229,1.363707,0.292409,0.000000,0.000000,0.000000
51.84,ground_truth,2.224297,1.368810,0.292688,0.000000,0.000000,0.000000
51.86000000000001,ground_truth,2.241334,1.373926,0.292709,0.000000,0.000000,0.000000
51.88,ground_truth,2.257770,1.378843,0.292965,0.000000,0.000000,0.000000
51.900000000000006,ground_truth,2.273994,1.383692,0.293254,0.000000,0.000000,0.000000
51.92,ground_truth,2.289510,1.388289,0.293796,0.000000,0.000000,0.000000
51.940000000000005,ground_truth,2.304648,1.392793,0.294127,0.000000,0.000000,0.000000
51.96,ground_truth,2.320003,1.397429,0.293467,0.000000,0.000000,0.000000
51.980000000000004,ground_truth,2.336090,1.402331,0.291877,0.000000,0.000000,0.000000
52.0,ground_truth,2.352771,1.407410,0.290006,0.000000,0.000000,0.000000
52.02,ground_truth,2.369922,1.412601,0.288320,0.000000,0.000000,0.000000
52.040000000000006,ground_truth,2.387455,1.417870,0.286917,0.000000,0.000000,0.000000
52.06,ground_truth,2.405298,1.423194,0.285863,0.000000,0.000000,0.000000
52.080000000000005,ground_truth,2.423389,1.428556,0.285210,0.000000,0.000000,0.000000
52.1,ground_truth,2.441687,1.433949,0.284988,0.000000,0.000000,0.000000
52.120000000000005,ground_truth,2.460160,1.439381,0.284942,0.000000,0.000000,0.000000
52.14,ground_truth,2.478655,1.444782,0.285491,0.000000,0.000000,0.000000
52.160000000000004,ground_truth,2.497208,1.450189,0.286289,0.000000,0.000000,0.000000
52.18,ground_truth,2.515913,1.455652,0.286940,0.000000,0.000000,0.000000
52.2,ground_truth,2.534715,1.461149,0.287592,0.000000,0.000000,0.000000
52.220000000000006,ground_truth,2.553069,1.466495,0.288600,0.000000,0.000000,0.000000
52.24,ground_truth,2.571486,1.471889,0.289291,0.000000,0.000000,0.000000
52.260000000000005,ground_truth,2.589578,1.477165,0.290395,0.000000,0.000000,0.000000
52.28,ground_truth,2.607673,1.482480,0.291266,0.000000,0.000000,0.000000
52.300000000000004,ground_truth,2.625775,1.487834,0.291812,0.000000,0.000000,0.000000
52.32,ground_truth,2.643418,1.493093,0.291686,0.000000,0.000000,0.000000
52.34,ground_truth,2.661202,1.498395,0.291704,0.000000,0.000000,0.000000
52.36000000000001,ground_truth,2.678261,1.503515,0.291242,0.000000,0.000000,0.000000
52.38,ground_truth,2.695090,1.508560,0.290967,0.000000,0.000000,0.000000
52.400000000000006,ground_truth,2.711927,1.513596,0.290915,0.000000,0.000000,0.000000
52.42,ground_truth,2.728448,1.518485,0.291586,0.000000,0.000000,0.000000
52.440000000000005,ground_truth,2.744402,1.523186,0.292213,0.000000,0.000000,0.000000
52.46,ground_truth,2.758995,1.527422,0.293236,0.000000,0.000000,0.000000
52.480000000000004,ground_truth,2.773713,1.531745,0.293244,0.000000,0.000000,0.000000
52.5,ground_truth,2.788678,1.536144,0.293744,0.000000,0.000000,0.000000
52.52,ground_truth,2.804080,1.540688,0.294257,0.000000,0.000000,0.000000
52.540000000000006,ground_truth,2.819872,1.545365,0.294754,0.000000,0.000000,0.000000
52.56,ground_truth,2.836013,1.550165,0.295143,0.000000,0.000000,0.000000
52.580000000000005,ground_truth,2.852468,1.555077,0.295450,0.000000,0.000000,0.000000
52.6,ground_truth,2.869203,1.560086,0.295707,0.000000,0.000000,0.000000
52.620000000000005,ground_truth,2.886189,1.565186,0.295871,0.000000,0.000000,0.000000
52.64,ground_truth,2.903419,1.570373,0.295965,0.000000,0.000000,0.000000
52.660000000000004,ground_truth,2.921038,1.575689,0.296106,0.000000,0.000000,0.000000
52.68000000000001,ground_truth,2.938993,1.581124,0.296171,0.000000,0.000000,0.000000
52.7,ground_truth,2.957094,1.586626,0.296016,0.000000,0.000000,0.000000
52.720000000000006,ground_truth,2.975418,1.592205,0.295808,0.000000,0.000000,0.000000
52.74,ground_truth,2.993912,1.597842,0.295522,0.000000,0.000000,0.000000
52.760000000000005,ground_truth,3.011896,1.603355,0.294482,0.000000,0.000000,0.000000
52.78,ground_truth,3.029895,1.608872,0.293612,0.000000,0.000000,0.000000
52.800000000000004,ground_truth,3.047669,1.614339,0.292283,0.000000,0.000000,0.000000
52.82,ground_truth,3.065481,1.619796,0.291103,0.000000,0.000000,0.000000
52.84,ground_truth,3.083358,1.625250,0.290072,0.000000,0.000000,0.000000
52.86000000000001,ground_truth,3.101374,1.630707,0.289342,0.000000,0.000000,0.000000
52.88,ground_truth,3.119385,1.636125,0.289014,0.000000,0.000000,0.000000
52.900000000000006,ground_truth,3.136754,1.641255,0.289992,0.000000,0.000000,0.000000
52.92,ground_truth,3.153004,1.645915,0.292070,0.000000,0.000000,0.000000
52.940000000000005,ground_truth,3.168210,1.650191,0.294210,0.000000,0.000000,0.000000
52.96,ground_truth,3.183710,1.654620,0.295753,0.000000,0.000000,0.000000
52.980000000000004,ground_truth,3.199052,1.659105,0.296409,0.000000,0.000000,0.000000
53.0,ground_truth,3.213333,1.663335,0.296354,0.000000,0.000000,0.000000
53.02,ground_truth,3.227764,1.667681,0.295470,0.000000,0.000000,0.000000
53.040000000000006,ground_truth,3.242956,1.672328,0.293363,0.000000,0.000000,0.000000
53.06,ground_truth,3.258910,1.677204,0.291004,0.000000,0.000000,0.000000
53.080000000000005,ground_truth,3.275473,1.682233,0.288832,0.000000,0.000000,0.000000
53.1,ground_truth,3.292525,1.687363,0.287143,0.000000,0.000000,0.000000
53.120000000000005,ground_truth,3.309976,1.692568,0.285972,0.000000,0.000000,0.000000
53.14,ground_truth,3.327747,1.697816,0.285544,0.000000,0.000000,0.000000
53.160000000000004,ground_truth,3.345791,1.703124,0.285413,0.000000,0.000000,0.000000
53.18000000000001,ground_truth,3.364057,1.708483,0.285525,0.000000,0.000000,0.000000
53.2,ground_truth,3.382504,1.713889,0.285803,0.000000,0.000000,0.000000
53.220000000000006,ground_truth,3.401088,1.719327,0.286282,0.000000,0.000000,0.000000
53.24,ground_truth,3.419613,1.724742,0.287045,0.000000,0.000000,0.000000
53.260000000000005,ground_truth,3.438256,1.730203,0.287794,0.000000,0.000000,0.000000
53.28,ground_truth,3.456584,1.735567,0.288880,0.000000,0.000000,0.000000
53.300000000000004,ground_truth,3.474992,1.740978,0.289876,0.000000,0.000000,0.000000
53.32,ground_truth,3.493552,1.746457,0.290738,0.000000,0.000000,0.000000
53.34,ground_truth,3.511732,1.751836,0.291525,0.000000,0.000000,0.000000
53.36000000000001,ground_truth,3.529526,1.757122,0.292132,0.000000,0.000000,0.000000
53.38,ground_truth,3.547124,1.762369,0.292441,0.000000,0.000000,0.000000
53.400000000000006,ground_truth,3.565079,1.767752,0.292415,0.000000,0.000000,0.000000
53.42,ground_truth,3.582726,1.773025,0.292701,0.000000,0.000000,0.000000
53.440000000000005,ground_truth,3.600038,1.778211,0.292791,0.000000,0.000000,0.000000
53.46,ground_truth,3.617389,1.783409,0.292985,0.000000,0.000000,0.000000
53.480000000000004,ground_truth,3.633935,1.788409,0.292395,0.000000,0.000000,0.000000
53.5,ground_truth,3.649937,1.793207,0.292464,0.000000,0.000000,0.000000
53.52,ground_truth,3.665281,1.797835,0.291960,0.000000,0.000000,0.000000
53.540000000000006,ground_truth,3.680311,1.802344,0.291577,0.000000,0.000000,0.000000
53.56,ground_truth,3.695948,1.807035,0.291263,0.000000,0.000000,0.000000
53.580000000000005,ground_truth,3.712279,1.811912,0.291421,0.000000,0.000000,0.000000
53.6,ground_truth,3.729166,1.816949,0.291792,0.000000,0.000000,0.000000
53.620000000000005,ground_truth,3.746496,1.822122,0.292274,0.000000,0.000000,0.000000
53.64,ground_truth,3.764183,1.827410,0.292760,0.000000,0.000000,0.000000
53.660000000000004,ground_truth,3.782156,1.832796,0.293162,0.000000,0.000000,0.000000
53.68000000000001,ground_truth,3.800360,1.838268,0.293404,0.000000,0.000000,0.000000
53.7,ground_truth,3.818749,1.843807,0.293533,0.000000,0.000000,0.000000
53.720000000000006,ground_truth,3.837288,1.849400,0.293565,0.000000,0.000000,0.000000
53.74,ground_truth,3.855847,1.855005,0.293497,0.000000,0.000000,0.000000
53.760000000000005,ground_truth,3.874449,1.860627,0.293386,0.000000,0.000000,0.000000
53.78,ground_truth,3.893160,1.866280,0.293283,0.000000,0.000000,0.000000
53.800000000000004,ground_truth,3.911951,1.871958,0.293172,0.000000,0.000000,0.000000
53.82,ground_truth,3.930393,1.877537,0.292905,0.000000,0.000000,0.000000
53.84,ground_truth,3.948849,1.883116,0.292686,0.000000,0.000000,0.000000
53.86000000000001,ground_truth,3.966976,1.888590,0.292501,0.000000,0.000000,0.000000
53.88,ground_truth,3.985226,1.894093,0.292402,0.000000,0.000000,0.000000
53.900000000000006,ground_truth,4.003470,1.899593,0.292304,0.000000,0.000000,0.000000
53.92,ground_truth,4.021225,1.904943,0.292261,0.000000,0.000000,0.000000
53.940000000000005,ground_truth,4.038867,1.910263,0.292085,0.000000,0.000000,0.000000
53.96,ground_truth,4.055581,1.915293,0.292052,0.000000,0.000000,0.000000
53.980000000000004,ground_truth,4.072498,1.920378,0.292140,0.000000,0.000000,0.000000
54.0,ground_truth,4.089207,1.925391,0.292367,0.000000,0.000000,0.000000
54.02,ground_truth,4.105130,1.930101,0.292673,0.000000,0.000000,0.000000
54.040000000000006,ground_truth,4.120307,1.934550,0.293323,0.000000,0.000000,0.000000
54.06,ground_truth,4.134308,1.938799,0.288615,0.000000,0.000000,0.000000
54.080000000000005,ground_truth,4.146734,1.942695,0.272242,0.000000,0.000000,0.000000
54.1,ground_truth,4.157840,1.946761,0.248048,0.000000,0.000000,0.000000
54.120000000000005,ground_truth,4.168324,1.951041,0.222009,0.000000,0.000000,0.000000
54.14,ground_truth,4.177840,1.955563,0.192325,0.000000,0.000000,0.000000
54.160000000000004,ground_truth,4.187155,1.960133,0.165741,0.000000,0.000000,0.000000
54.18000000000001,ground_truth,4.196353,1.964310,0.139398,0.000000,0.000000,0.000000
54.2,ground_truth,4.206238,1.967719,0.122029,0.000000,0.000000,0.000000
54.220000000000006,ground_truth,4.216815,1.971023,0.105857,0.000000,0.000000,0.000000
54.24,ground_truth,4.228544,1.974011,0.091752,0.000000,0.000000,0.000000
54.260000000000005,ground_truth,4.241124,1.976435,0.080290,0.000000,0.000000,0.000000
54.28,ground_truth,4.254854,1.978482,0.072711,0.000000,0.000000,0.000000
54.300000000000004,ground_truth,4.269725,1.980340,0.066496,0.000000,0.000000,0.000000
54.32,ground_truth,4.285641,1.982072,0.060446,0.000000,0.000000,0.000000
54.34,ground_truth,4.302455,1.983646,0.055134,0.000000,0.000000,0.000000
54.36000000000001,ground_truth,4.319833,1.985027,0.051902,0.000000,0.000000,0.000000
54.38,ground_truth,4.337702,1.986316,0.049165,0.000000,0.000000,0.000000
54.400000000000006,ground_truth,4.355868,1.987481,0.047636,0.000000,0.000000,0.000000
54.42,ground_truth,4.374127,1.988537,0.047225,0.000000,0.000000,0.000000
54.440000000000005,ground_truth,4.392587,1.989541,0.047309,0.000000,0.000000,0.000000
54.46,ground_truth,4.411335,1.990516,0.047765,0.000000,0.000000,0.000000
54.480000000000004,ground_truth,4.430267,1.991470,0.048504,0.000000,0.000000,0.000000
54.5,ground_truth,4.448895,1.992385,0.049563,0.000000,0.000000,0.000000
54.52,ground_truth,4.467650,1.993301,0.050696,0.000000,0.000000,0.000000
54.540000000000006,ground_truth,4.486167,1.994196,0.051890,0.000000,0.000000,0.000000
54.56,ground_truth,4.504775,1.995115,0.052985,0.000000,0.000000,0.000000
54.580000000000005,ground_truth,4.523209,1.996027,0.054179,0.000000,0.000000,0.000000
54.6,ground_truth,4.541200,1.996913,0.055172,0.000000,0.000000,0.000000
54.620000000000005,ground_truth,4.559001,1.997788,0.056120,0.000000,0.000000,0.000000
54.64,ground_truth,4.576366,1.998659,0.056226,0.000000,0.000000,0.000000
54.660000000000004,ground_truth,4.593515,1.999517,0.056776,0.000000,0.000000,0.000000
54.68000000000001,ground_truth,4.610714,2.000401,0.057315,0.000000,0.000000,0.000000
54.7,ground_truth,4.628030,2.001333,0.053639,0.000000,0.000000,0.000000
54.720000000000006,ground_truth,4.645679,2.002246,0.047861,0.000000,0.000000,0.000000
54.74,ground_truth,4.663812,2.003137,0.042720,0.000000,0.000000,0.000000
54.760000000000005,ground_truth,4.682302,2.003956,0.038935,0.000000,0.000000,0.000000
54.78,ground_truth,4.701036,2.004724,0.036109,0.000000,0.000000,0.000000
54.800000000000004,ground_truth,4.720021,2.005462,0.033667,0.000000,0.000000,0.000000
54.82,ground_truth,4.739232,2.006167,0.031636,0.000000,0.000000,0.000000
54.84,ground_truth,4.758523,2.006782,0.031095,0.000000,0.000000,0.000000
54.86000000000001,ground_truth,4.777932,2.007403,0.030427,0.000000,0.000000,0.000000
54.88,ground_truth,4.797453,2.008018,0.029851,0.000000,0.000000,0.000000
54.900000000000006,ground_truth,4.817067,2.008628,0.029300,0.000000,0.000000,0.000000
54.92,ground_truth,4.836730,2.009219,0.029039,0.000000,0.000000,0.000000
54.940000000000005,ground_truth,4.856183,2.009781,0.029199,0.000000,0.000000,0.000000
54.96,ground_truth,4.875702,2.010351,0.029273,0.000000,0.000000,0.000000
54.980000000000004,ground_truth,4.894668,2.010895,0.029547,0.000000,0.000000,0.000000
55.0,ground_truth,4.913595,2.011446,0.029741,0.000000,0.000000,0.000000
55.02,ground_truth,4.932726,2.012011,0.029812,0.000000,0.000000,0.000000
55.040000000000006,ground_truth,4.951309,2.012557,0.029953,0.000000,0.000000,0.000000
55.06,ground_truth,4.969928,2.013110,0.030021,0.000000,0.000000,0.000000
55.080000000000005,ground_truth,4.988229,2.013651,0.030147,0.000000,0.000000,0.000000
55.1,ground_truth,5.006399,2.014187,0.030279,0.000000,0.000000,0.000000
55.120000000000005,ground_truth,5.024379,2.014721,0.030329,0.000000,0.000000,0.000000
55.14,ground_truth,5.042589,2.015269,0.030286,0.000000,0.000000,0.000000
55.160000000000004,ground_truth,5.060323,2.015794,0.030420,0.000000,0.000000,0.000000
55.18000000000001,ground_truth,5.077350,2.016285,0.030640,0.000000,0.000000,0.000000
55.2,ground_truth,5.094253,2.016762,0.031104,0.000000,0.000000,0.000000
55.220000000000006,ground_truth,5.109885,2.017197,0.031273,0.000000,0.000000,0.000000
55.24,ground_truth,5.125070,2.017656,0.030742,0.000000,0.000000,0.000000
55.260000000000005,ground_truth,5.139910,2.018078,0.030510,0.000000,0.000000,0.000000
55.28,ground_truth,5.153695,2.018440,0.030447,0.000000,0.000000,0.000000
55.300000000000004,ground_truth,5.166944,2.018762,0.030883,0.000000,0.000000,0.000000
55.32,ground_truth,5.179756,2.019066,0.031174,0.000000,0.000000,0.000000
55.34,ground_truth,5.192343,2.019387,0.031488,0.000000,0.000000,0.000000
55.36000000000001,ground_truth,5.204480,2.019722,0.031770,0.000000,0.000000,0.000000
55.38,ground_truth,5.215864,2.020014,0.032330,0.000000,0.000000,0.000000
55.400000000000006,ground_truth,5.226227,2.020249,0.032748,0.000000,0.000000,0.000000
55.42,ground_truth,5.235558,2.020442,0.033210,0.000000,0.000000,0.000000
55.440000000000005,ground_truth,5.245140,2.020698,0.033191,0.000000,0.000000,0.000000
55.46,ground_truth,5.254030,2.020921,0.033361,0.000000,0.000000,0.000000
55.480000000000004,ground_truth,5.263157,2.021186,0.033249,0.000000,0.000000,0.000000
55.5,ground_truth,5.270767,2.021297,0.034312,0.000000,0.000000,0.000000
55.52,ground_truth,5.278263,2.021440,0.034630,0.000000,0.000000,0.000000
55.540000000000006,ground_truth,5.285522,2.021645,0.034600,0.000000,0.000000,0.000000
55.56,ground_truth,5.292144,2.021857,0.034423,0.000000,0.000000,0.000000
55.580000000000005,ground_truth,5.298979,2.022087,0.034155,0.000000,0.000000,0.000000
55.6,ground_truth,5.305560,2.022301,0.034106,0.000000,0.000000,0.000000
55.620000000000005,ground_truth,5.311329,2.022400,0.034854,0.000000,0.000000,0.000000
55.64,ground_truth,5.317021,2.022530,0.035235,0.000000,0.000000,0.000000
55.660000000000004,ground_truth,5.322773,2.022709,0.034988,0.000000,0.000000,0.000000
55.68000000000001,ground_truth,5.328644,2.022902,0.034723,0.000000,0.000000,0.000000
55.7,ground_truth,5.334525,2.023104,0.034398,0.000000,0.000000,0.000000
55.720000000000006,ground_truth,5.339987,2.023264,0.034451,0.000000,0.000000,0.000000
55.74,ground_truth,5.345169,2.023417,0.034455,0.000000,0.000000,0.000000
55.760000000000005,ground_truth,5.349566,2.023502,0.034670,0.000000,0.000000,0.000000
55.78,ground_truth,5.353772,2.023607,0.034701,0.000000,0.000000,0.000000
55.800000000000004,ground_truth,5.357961,2.023734,0.034476,0.000000,0.000000,0.000000
55.82,ground_truth,5.362125,2.023869,0.034359,0.000000,0.000000,0.000000
55.84,ground_truth,5.366428,2.024011,0.034183,0.000000,0.000000,0.000000
55.86000000000001,ground_truth,5.370089,2.024076,0.034447,0.000000,0.000000,0.000000
55.88,ground_truth,5.373859,2.024182,0.034389,0.000000,0.000000,0.000000
55.900000000000006,ground_truth,5.377112,2.024256,0.034391,0.000000,0.000000,0.000000
55.92,ground_truth,5.380449,2.024365,0.034275,0.000000,0.000000,0.000000
55.940000000000005,ground_truth,5.383872,2.024469,0.034234,0.000000,0.000000,0.000000
55.96,ground_truth,5.386786,2.024525,0.034263,0.000000,0.000000,0.000000
55.980000000000004,ground_truth,5.389638,2.024582,0.034341,0.000000,0.000000,0.000000
56.0,ground_truth,5.392352,2.024645,0.034123,0.000000,0.000000,0.000000
56.02,ground_truth,5.395122,2.024733,0.034086,0.000000,0.000000,0.000000
56.040000000000006,ground_truth,5.398030,2.024834,0.033966,0.000000,0.000000,0.000000
56.06,ground_truth,5.400427,2.024833,0.034403,0.000000,0.000000,0.000000
56.080000000000005,ground_truth,5.402754,2.024845,0.034541,0.000000,0.000000,0.000000
56.1,ground_truth,5.404504,2.024857,0.034667,0.000000,0.000000,0.000000
56.120000000000005,ground_truth,5.406478,2.024911,0.034657,0.000000,0.000000,0.000000
56.14,ground_truth,5.408479,2.024978,0.034600,0.000000,0.000000,0.000000
56.160000000000004,ground_truth,5.410389,2.025043,0.034584,0.000000,0.000000,0.000000
56.18000000000001,ground_truth,5.412210,2.025098,0.034603,0.000000,0.000000,0.000000
56.2,ground_truth,5.413918,2.025153,0.034552,0.000000,0.000000,0.000000
56.220000000000006,ground_truth,5.415531,2.025200,0.034581,0.000000,0.000000,0.000000
56.24,ground_truth,5.417105,2.025253,0.034524,0.000000,0.000000,0.000000
56.260000000000005,ground_truth,5.418658,2.025306,0.034491,0.000000,0.000000,0.000000
56.28,ground_truth,5.420311,2.025360,0.034479,0.000000,0.000000,0.000000
56.300000000000004,ground_truth,5.421521,2.025393,0.034502,0.000000,0.000000,0.000000
56.32,ground_truth,5.423041,2.025443,0.034484,0.000000,0.000000,0.000000
56.34,ground_truth,5.424152,2.025478,0.034463,0.000000,0.000000,0.000000
56.36000000000001,ground_truth,5.425483,2.025523,0.034453,0.000000,0.000000,0.000000
56.38,ground_truth,5.426780,2.025568,0.034417,0.000000,0.000000,0.000000
56.400000000000006,ground_truth,5.427728,2.025598,0.034439,0.000000,0.000000,0.000000
56.42,ground_truth,5.428930,2.025638,0.034412,0.000000,0.000000,0.000000
56.440000000000005,ground_truth,5.429755,2.025665,0.034402,0.000000,0.000000,0.000000
56.46,ground_truth,5.430860,2.025701,0.034396,0.000000,0.000000,0.000000
56.480000000000004,ground_truth,5.431848,2.025734,0.034375,0.000000,0.000000,0.000000
56.5,ground_truth,5.432810,2.025767,0.034367,0.000000,0.000000,0.000000
56.52,ground_truth,5.433889,2.025914,0.032132,0.000000,0.000000,0.000000
56.540000000000006,ground_truth,5.434970,2.026596,0.018659,0.000000,0.000000,0.000000
56.56,ground_truth,5.436054,2.027713,-0.005213,0.000000,0.000000,0.000000
56.580000000000005,ground_truth,5.437370,2.029201,-0.039065,0.000000,0.000000,0.000000
56.6,ground_truth,5.439199,2.030928,-0.082020,0.000000,0.000000,0.000000
56.620000000000005,ground_truth,5.441537,2.032706,-0.132000,0.000000,0.000000,0.000000
56.64,ground_truth,5.444335,2.034430,-0.187434,0.000000,0.000000,0.000000
56.660000000000004,ground_truth,5.447605,2.035960,-0.247009,0.000000,0.000000,0.000000
56.68000000000001,ground_truth,5.451324,2.037284,-0.309845,0.000000,0.000000,0.000000
56.7,ground_truth,5.455369,2.038421,-0.374977,0.000000,0.000000,0.000000
56.720000000000006,ground_truth,5.459790,2.039477,-0.441703,0.000000,0.000000,0.000000
56.74,ground_truth,5.464598,2.040579,-0.508670,0.000000,0.000000,0.000000
56.760000000000005,ground_truth,5.469619,2.041562,-0.575527,0.000000,0.000000,0.000000
56.78,ground_truth,5.474343,2.042515,-0.639914,0.000000,0.000000,0.000000
56.800000000000004,ground_truth,5.478624,2.043403,-0.701333,0.000000,0.000000,0.000000
56.82,ground_truth,5.482231,2.044189,-0.759761,0.000000,0.000000,0.000000
56.84,ground_truth,5.485770,2.044871,-0.821849,0.000000,0.000000,0.000000
56.86000000000001,ground_truth,5.489105,2.045401,-0.884793,0.000000,0.000000,0.000000
56.88,ground_truth,5.491932,2.045990,-0.944990,0.000000,0.000000,0.000000
56.900000000000006,ground_truth,5.494392,2.046852,-1.006321,0.000000,0.000000,0.000000
56.92,ground_truth,5.496261,2.047859,-1.062972,0.000000,0.000000,0.000000
56.940000000000005,ground_truth,5.497878,2.049112,-1.122085,0.000000,0.000000,0.000000
56.96,ground_truth,5.499314,2.050556,-1.183691,0.000000,0.000000,0.000000
56.980000000000004,ground_truth,5.500336,2.052360,-1.237335,0.000000,0.000000,0.000000
57.0,ground_truth,5.501229,2.054378,-1.290863,0.000000,0.000000,0.000000
57.02,ground_truth,5.501999,2.056506,-1.345130,0.000000,0.000000,0.000000
57.040000000000006,ground_truth,5.502996,2.058867,-1.402035,0.000000,0.000000,0.000000
57.06,ground_truth,5.504160,2.061184,-1.461486,0.000000,0.000000,0.000000
57.080000000000005,ground_truth,5.505294,2.063019,-1.515392,0.000000,0.000000,0.000000
57.1,ground_truth,5.506451,2.064505,-1.568703,0.000000,0.000000,0.000000
57.120000000000005,ground_truth,5.507482,2.065674,-1.620262,0.000000,0.000000,0.000000
57.14,ground_truth,5.508498,2.066637,-1.674470,0.000000,0.000000,0.000000
57.160000000000004,ground_truth,5.509330,2.067741,-1.718343,0.000000,0.000000,0.000000
57.18000000000001,ground_truth,5.510177,2.068570,-1.764123,0.000000,0.000000,0.000000
57.2,ground_truth,5.511002,2.068851,-1.812047,0.000000,0.000000,0.000000
57.220000000000006,ground_truth,5.511706,2.069104,-1.850549,0.000000,0.000000,0.000000
57.24,ground_truth,5.512493,2.068863,-1.892259,0.000000,0.000000,0.000000
57.260000000000005,ground_truth,5.513322,2.068790,-1.924509,0.000000,0.000000,0.000000
57.28,ground_truth,5.514545,2.068787,-1.960623,0.000000,0.000000,0.000000
57.300000000000004,ground_truth,5.515913,2.068827,-1.998340,0.000000,0.000000,0.000000
57.32,ground_truth,5.516903,2.069079,-2.028779,0.000000,0.000000,0.000000
57.34,ground_truth,5.517720,2.069059,-2.058242,0.000000,0.000000,0.000000
57.36000000000001,ground_truth,5.518263,2.068878,-2.081971,0.000000,0.000000,0.000000
57.38,ground_truth,5.518886,2.068057,-2.115027,0.000000,0.000000,0.000000
57.400000000000006,ground_truth,5.519516,2.066803,-2.154559,0.000000,0.000000,0.000000
57.42,ground_truth,5.520211,2.065702,-2.191029,0.000000,0.000000,0.000000
57.440000000000005,ground_truth,5.520930,2.064518,-2.226930,0.000000,0.000000,0.000000
57.46,ground_truth,5.521399,2.063658,-2.258132,0.000000,0.000000,0.000000
57.480000000000004,ground_truth,5.521827,2.062645,-2.291301,0.000000,0.000000,0.000000
57.50000000000001,ground_truth,5.522181,2.061947,-2.321960,0.000000,0.000000,0.000000
57.52,ground_truth,5.522160,2.061676,-2.347202,0.000000,0.000000,0.000000
57.540000000000006,ground_truth,5.522165,2.061134,-2.377426,0.000000,0.000000,0.000000
57.56,ground_truth,5.521780,2.061179,-2.392724,0.000000,0.000000,0.000000
57.580000000000005,ground_truth,5.521805,2.060999,-2.411721,0.000000,0.000000,0.000000
57.6,ground_truth,5.522450,2.060765,-2.429754,0.000000,0.000000,0.000000
57.620000000000005,ground_truth,5.523284,2.060445,-2.454180,0.000000,0.000000,0.000000
57.64,ground_truth,5.524208,2.060247,-2.481333,0.000000,0.000000,0.000000
57.660000000000004,ground_truth,5.525339,2.060565,-2.501752,0.000000,0.000000,0.000000
57.68000000000001,ground_truth,5.526648,2.060731,-2.522194,0.000000,0.000000,0.000000
57.7,ground_truth,5.527661,2.060953,-2.535120,0.000000,0.000000,0.000000
57.720000000000006,ground_truth,5.528437,2.060693,-2.553208,0.000000,0.000000,0.000000
57.74,ground_truth,5.529787,2.060336,-2.576104,0.000000,0.000000,0.000000
57.760000000000005,ground_truth,5.531165,2.060455,-2.594323,0.000000,0.000000,0.000000
57.78,ground_truth,5.531720,2.060796,-2.605186,0.000000,0.000000,0.000000
57.800000000000004,ground_truth,5.532205,2.061236,-2.608323,0.000000,0.000000,0.000000
57.82,ground_truth,5.532721,2.061305,-2.617894,0.000000,0.000000,0.000000
57.84,ground_truth,5.533818,2.061339,-2.634873,0.000000,0.000000,0.000000
57.86000000000001,ground_truth,5.535013,2.061472,-2.653059,0.000000,0.000000,0.000000
57.88,ground_truth,5.536045,2.061578,-2.668927,0.000000,0.000000,0.000000
57.900000000000006,ground_truth,5.537069,2.061902,-2.678571,0.000000,0.000000,0.000000
57.92,ground_truth,5.538529,2.062143,-2.695568,0.000000,0.000000,0.000000
57.940000000000005,ground_truth,5.539958,2.062061,-2.720797,0.000000,0.000000,0.000000
57.96,ground_truth,5.541006,2.061387,-2.753971,0.000000,0.000000,0.000000
57.980000000000004,ground_truth,5.541362,2.060269,-2.790994,0.000000,0.000000,0.000000
58.00000000000001,ground_truth,5.540248,2.058862,-2.826806,0.000000,0.000000,0.000000
58.02,ground_truth,5.537050,2.057154,-2.857387,0.000000,0.000000,0.000000
58.040000000000006,ground_truth,5.532637,2.055264,-2.885443,0.000000,0.000000,0.000000
58.06,ground_truth,5.527059,2.053062,-2.908221,0.000000,0.000000,0.000000
58.080000000000005,ground_truth,5.520124,2.050746,-2.925640,0.000000,0.000000,0.000000
58.1,ground_truth,5.511573,2.048124,-2.939506,0.000000,0.000000,0.000000
58.120000000000005,ground_truth,5.501493,2.045306,-2.952333,0.000000,0.000000,0.000000
58.14,ground_truth,5.489978,2.042144,-2.965066,0.000000,0.000000,0.000000
58.160000000000004,ground_truth,5.477208,2.038526,-2.979153,0.000000,0.000000,0.000000
58.18000000000001,ground_truth,5.463312,2.034636,-2.993533,0.000000,0.000000,0.000000
58.2,ground_truth,5.448442,2.030544,-3.008381,0.000000,0.000000,0.000000
58.220000000000006,ground_truth,5.432735,2.026343,-3.023399,0.000000,0.000000,0.000000
58.24,ground_truth,5.416942,2.022528,-3.034137,0.000000,0.000000,0.000000
58.260000000000005,ground_truth,5.401207,2.018817,-3.045729,0.000000,0.000000,0.000000
58.28,ground_truth,5.385255,2.015751,-3.052185,0.000000,0.000000,0.000000
58.300000000000004,ground_truth,5.368633,2.013014,-3.057831,0.000000,0.000000,0.000000
58.32,ground_truth,5.351403,2.010566,-3.061984,0.000000,0.000000,0.000000
58.34,ground_truth,5.334191,2.008324,-3.066304,0.000000,0.000000,0.000000
58.36000000000001,ground_truth,5.316879,2.006302,-3.070333,0.000000,0.000000,0.000000
58.38,ground_truth,5.299865,2.004341,-3.074590,0.000000,0.000000,0.000000
58.400000000000006,ground_truth,5.282872,2.002554,-3.078248,0.000000,0.000000,0.000000
58.42,ground_truth,5.265563,2.000924,-3.081407,0.000000,0.000000,0.000000
58.440000000000005,ground_truth,5.248816,1.999443,-3.083359,0.000000,0.000000,0.000000
58.46,ground_truth,5.232455,1.998055,-3.084915,0.000000,0.000000,0.000000
58.480000000000004,ground_truth,5.216629,1.996705,-3.086970,0.000000,0.000000,0.000000
58.50000000000001,ground_truth,5.200804,1.995422,-3.088729,0.000000,0.000000,0.000000
58.52,ground_truth,5.186035,1.994250,-3.090010,0.000000,0.000000,0.000000
58.540000000000006,ground_truth,5.171028,1.993223,-3.088913,0.000000,0.000000,0.000000
58.56,ground_truth,5.155303,1.992161,-3.088684,0.000000,0.000000,0.000000
58.580000000000005,ground_truth,5.138949,1.991068,-3.089142,0.000000,0.000000,0.000000
58.6,ground_truth,5.122085,1.989967,-3.089808,0.000000,0.000000,0.000000
58.620000000000005,ground_truth,5.104794,1.988869,-3.090496,0.000000,0.000000,0.000000
58.64,ground_truth,5.087156,1.987791,-3.090944,0.000000,0.000000,0.000000
58.660000000000004,ground_truth,5.069223,1.986734,-3.091148,0.000000,0.000000,0.000000
58.68000000000001,ground_truth,5.051013,1.985707,-3.090964,0.000000,0.000000,0.000000
58.7,ground_truth,5.032513,1.984716,-3.090187,0.000000,0.000000,0.000000
58.720000000000006,ground_truth,5.013749,1.983738,-3.088947,0.000000,0.000000,0.000000
58.74,ground_truth,4.994766,1.982736,-3.087566,0.000000,0.000000,0.000000
58.760000000000005,ground_truth,4.975605,1.981705,-3.086141,0.000000,0.000000,0.000000
58.78,ground_truth,4.956565,1.980654,-3.085107,0.000000,0.000000,0.000000
58.800000000000004,ground_truth,4.937432,1.979591,-3.084214,0.000000,0.000000,0.000000
58.82,ground_truth,4.918585,1.978549,-3.083157,0.000000,0.000000,0.000000
58.84,ground_truth,4.899721,1.977485,-3.082308,0.000000,0.000000,0.000000
58.86000000000001,ground_truth,4.881235,1.976439,-3.081445,0.000000,0.000000,0.000000
58.88,ground_truth,4.862614,1.975357,-3.080888,0.000000,0.000000,0.000000
58.900000000000006,ground_truth,4.843836,1.974243,-3.080580,0.000000,0.000000,0.000000
58.92,ground_truth,4.825224,1.973155,-3.079998,0.000000,0.000000,0.000000
58.940000000000005,ground_truth,4.807463,1.972185,-3.078540,0.000000,0.000000,0.000000
58.96,ground_truth,4.790480,1.971260,-3.077331,0.000000,0.000000,0.000000
58.980000000000004,ground_truth,4.773764,1.970310,-3.076766,0.000000,0.000000,0.000000
59.00000000000001,ground_truth,4.757516,1.969348,-3.076245,0.000000,0.000000,0.000000
59.02,ground_truth,4.741512,1.968413,-3.075464,0.000000,0.000000,0.000000
59.040000000000006,ground_truth,4.725766,1.967505,-3.074712,0.000000,0.000000,0.000000
59.06,ground_truth,4.710985,1.966645,-3.074501,0.000000,0.000000,0.000000
59.080000000000005,ground_truth,4.695958,1.965763,-3.073839,0.000000,0.000000,0.000000
59.1,ground_truth,4.680075,1.964817,-3.072604,0.000000,0.000000,0.000000
59.120000000000005,ground_truth,4.663375,1.963763,-3.071874,0.000000,0.000000,0.000000
59.14,ground_truth,4.646025,1.962627,-3.071434,0.000000,0.000000,0.000000
59.160000000000004,ground_truth,4.628154,1.961425,-3.071304,0.000000,0.000000,0.000000
59.18000000000001,ground_truth,4.609840,1.960178,-3.071088,0.000000,0.000000,0.000000
59.2,ground_truth,4.591133,1.958894,-3.070774,0.000000,0.000000,0.000000
59.220000000000006,ground_truth,4.572124,1.957575,-3.070414,0.000000,0.000000,0.000000
59.24,ground_truth,4.552874,1.956231,-3.069970,0.000000,0.000000,0.000000
59.260000000000005,ground_truth,4.533459,1.954860,-3.069604,0.000000,0.000000,0.000000
59.28,ground_truth,4.513961,1.953475,-3.069341,0.000000,0.000000,0.000000
59.300000000000004,ground_truth,4.494532,1.952092,-3.069130,0.000000,0.000000,0.000000
59.32,ground_truth,4.475118,1.950705,-3.068995,0.000000,0.000000,0.000000
59.34,ground_truth,4.455618,1.949302,-3.068987,0.000000,0.000000,0.000000
59.36000000000001,ground_truth,4.436050,1.947889,-3.069023,0.000000,0.000000,0.000000
59.38,ground_truth,4.416928,1.946494,-3.069335,0.000000,0.000000,0.000000
59.400000000000006,ground_truth,4.399138,1.945182,-3.070032,0.000000,0.000000,0.000000
59.42,ground_truth,4.381679,1.943918,-3.070463,0.000000,0.000000,0.000000
59.440000000000005,ground_truth,4.363971,1.942656,-3.070533,0.000000,0.000000,0.000000
59.46,ground_truth,4.345963,1.941382,-3.070391,0.000000,0.000000,0.000000
59.480000000000004,ground_truth,4.328683,1.940158,-3.070327,0.000000,0.000000,0.000000
59.50000000000001,ground_truth,4.312580,1.939002,-3.070590,0.000000,0.000000,0.000000
59.52,ground_truth,4.295838,1.937778,-3.071309,0.000000,0.000000,0.000000
59.540000000000006,ground_truth,4.279610,1.936561,-3.072248,0.000000,0.000000,0.000000
59.56,ground_truth,4.263151,1.935371,-3.072548,0.000000,0.000000,0.000000
59.580000000000005,ground_truth,4.246744,1.934231,-3.072141,0.000000,0.000000,0.000000
59.6,ground_truth,4.230942,1.933257,-3.070591,0.000000,0.000000,0.000000
59.620000000000005,ground_truth,4.215282,1.932368,-3.068889,0.000000,0.000000,0.000000
59.64,ground_truth,4.199354,1.931457,-3.066717,0.000000,0.000000,0.000000
59.660000000000004,ground_truth,4.183010,1.930477,-3.064729,0.000000,0.000000,0.000000
59.68000000000001,ground_truth,4.166294,1.929433,-3.062893,0.000000,0.000000,0.000000
59.7,ground_truth,4.149115,1.928314,-3.061465,0.000000,0.000000,0.000000
59.720000000000006,ground_truth,4.131411,1.927149,-3.059822,0.000000,0.000000,0.000000
59.74,ground_truth,4.113335,1.925913,-3.058647,0.000000,0.000000,0.000000
59.760000000000005,ground_truth,4.094950,1.924606,-3.057801,0.000000,0.000000,0.000000
59.78,ground_truth,4.076315,1.923237,-3.057228,0.000000,0.000000,0.000000
59.800000000000004,ground_truth,4.057472,1.921798,-3.057125,0.000000,0.000000,0.000000
59.82,ground_truth,4.038399,1.920282,-3.057434,0.000000,0.000000,0.000000
59.84,ground_truth,4.019229,1.918716,-3.058088,0.000000,0.000000,0.000000
59.86000000000001,ground_truth,3.999893,1.917116,-3.058911,0.000000,0.000000,0.000000
59.88,ground_truth,3.980445,1.915496,-3.059917,0.000000,0.000000,0.000000
59.900000000000006,ground_truth,3.961255,1.913923,-3.060492,0.000000,0.000000,0.000000
59.92,ground_truth,3.942127,1.912350,-3.061170,0.000000,0.000000,0.000000
59.940000000000005,ground_truth,3.923041,1.910787,-3.061831,0.000000,0.000000,0.000000
59.96,ground_truth,3.904720,1.909333,-3.061457,0.000000,0.000000,0.000000
59.980000000000004,ground_truth,3.886675,1.907903,-3.060998,0.000000,0.000000,0.000000
60.00000000000001,ground_truth,3.868608,1.906446,-3.060950,0.000000,0.000000,0.000000
60.02,ground_truth,3.850508,1.904967,-3.061317,0.000000,0.000000,0.000000
60.040000000000006,ground_truth,3.833296,1.903600,-3.060981,0.000000,0.000000,0.000000
60.06,ground_truth,3.816549,1.902275,-3.060440,0.000000,0.000000,0.000000
60.080000000000005,ground_truth,3.800550,1.901024,-3.060014,0.000000,0.000000,0.000000
60.1,ground_truth,3.784693,1.899755,-3.059963,0.000000,0.000000,0.000000
60.120000000000005,ground_truth,3.768439,1.898407,-3.060784,0.000000,0.000000,0.000000
60.14,ground_truth,3.752615,1.897091,-3.061389,0.000000,0.000000,0.000000
60.160000000000004,ground_truth,3.736670,1.895775,-3.061928,0.000000,0.000000,0.000000
60.18000000000001,ground_truth,3.721760,1.894629,-3.061443,0.000000,0.000000,0.000000
60.2,ground_truth,3.706522,1.893456,-3.060931,0.000000,0.000000,0.000000
60.220000000000006,ground_truth,3.690841,1.892246,-3.060290,0.000000,0.000000,0.000000
60.24,ground_truth,3.674717,1.890991,-3.059693,0.000000,0.000000,0.000000
60.260000000000005,ground_truth,3.658194,1.889694,-3.059144,0.000000,0.000000,0.000000
60.28,ground_truth,3.641315,1.888354,-3.058701,0.000000,0.000000,0.000000
60.300000000000004,ground_truth,3.624115,1.886976,-3.058376,0.000000,0.000000,0.000000
60.32,ground_truth,3.606628,1.885559,-3.058229,0.000000,0.000000,0.000000
60.34,ground_truth,3.588884,1.884110,-3.058198,0.000000,0.000000,0.000000
60.36000000000001,ground_truth,3.570898,1.882632,-3.058268,0.000000,0.000000,0.000000
60.38,ground_truth,3.552521,1.881109,-3.058477,0.000000,0.000000,0.000000
60.400000000000006,ground_truth,3.533803,1.879553,-3.058716,0.000000,0.000000,0.000000
60.42,ground_truth,3.515038,1.877981,-3.059140,0.000000,0.000000,0.000000
60.440000000000005,ground_truth,3.496111,1.876399,-3.059480,0.000000,0.000000,0.000000
60.46,ground_truth,3.477061,1.874809,-3.059776,0.000000,0.000000,0.000000
60.480000000000004,ground_truth,3.458224,1.873220,-3.060418,0.000000,0.000000,0.000000
60.50000000000001,ground_truth,3.439255,1.871630,-3.060938,0.000000,0.000000,0.000000
60.52,ground_truth,3.420629,1.870067,-3.061703,0.000000,0.000000,0.000000
60.540000000000006,ground_truth,3.402141,1.868530,-3.062397,0.000000,0.000000,0.000000
60.56,ground_truth,3.384361,1.867056,-3.063120,0.000000,0.000000,0.000000
60.580000000000005,ground_truth,3.366500,1.865608,-3.063504,0.000000,0.000000,0.000000
60.6,ground_truth,3.348378,1.864162,-3.063629,0.000000,0.000000,0.000000
60.620000000000005,ground_truth,3.330752,1.862749,-3.063945,0.000000,0.000000,0.000000
60.64,ground_truth,3.312842,1.861306,-3.064568,0.000000,0.000000,0.000000
60.660000000000004,ground_truth,3.295652,1.859889,-3.065632,0.000000,0.000000,0.000000
60.68000000000001,ground_truth,3.279129,1.858565,-3.065925,0.000000,0.000000,0.000000
60.7,ground_truth,3.262643,1.857280,-3.065844,0.000000,0.000000,0.000000
60.720000000000006,ground_truth,3.247528,1.856223,-3.065175,0.000000,0.000000,0.000000
60.74,ground_truth,3.232170,1.855126,-3.065059,0.000000,0.000000,0.000000
60.760000000000005,ground_truth,3.218147,1.854172,-3.064400,0.000000,0.000000,0.000000
60.78,ground_truth,3.204178,1.853203,-3.063996,0.000000,0.000000,0.000000
60.800000000000004,ground_truth,3.190952,1.852313,-3.062936,0.000000,0.000000,0.000000
60.82,ground_truth,3.178983,1.851537,-3.062341,0.000000,0.000000,0.000000
60.84,ground_truth,3.167344,1.850769,-3.061858,0.000000,0.000000,0.000000
60.86000000000001,ground_truth,3.156632,1.850035,-3.061985,0.000000,0.000000,0.000000
60.88,ground_truth,3.145965,1.849291,-3.061770,0.000000,0.000000,0.000000
60.900000000000006,ground_truth,3.135546,1.848553,-3.061299,0.000000,0.000000,0.000000
60.92,ground_truth,3.125128,1.847791,-3.060943,0.000000,0.000000,0.000000
60.940000000000005,ground_truth,3.116247,1.847241,-3.060127,0.000000,0.000000,0.000000
60.96,ground_truth,3.108434,1.846740,-3.059936,0.000000,0.000000,0.000000
60.980000000000004,ground_truth,3.101499,1.846254,-3.060038,0.000000,0.000000,0.000000
61.00000000000001,ground_truth,3.094776,1.845739,-3.060181,0.000000,0.000000,0.000000
61.02,ground_truth,3.087605,1.845176,-3.060253,0.000000,0.000000,0.000000
61.040000000000006,ground_truth,3.080116,1.844577,-3.060361,0.000000,0.000000,0.000000
61.06,ground_truth,3.073339,1.844071,-3.060088,0.000000,0.000000,0.000000
61.080000000000005,ground_truth,3.066317,1.843519,-3.060096,0.000000,0.000000,0.000000
61.1,ground_truth,3.060442,1.843070,-3.060056,0.000000,0.000000,0.000000
61.120000000000005,ground_truth,3.054713,1.842615,-3.060063,0.000000,0.000000,0.000000
61.14,ground_truth,3.048656,1.842125,-3.060136,0.000000,0.000000,0.000000
61.160000000000004,ground_truth,3.043509,1.841736,-3.059975,0.000000,0.000000,0.000000
61.18000000000001,ground_truth,3.038144,1.841314,-3.059972,0.000000,0.000000,0.000000
61.2,ground_truth,3.033157,1.840924,-3.059971,0.000000,0.000000,0.000000
61.220000000000006,ground_truth,3.028108,1.840519,-3.059975,0.000000,0.000000,0.000000
61.24,ground_truth,3.022899,1.840094,-3.060036,0.000000,0.000000,0.000000
61.260000000000005,ground_truth,3.017905,1.839701,-3.059924,0.000000,0.000000,0.000000
61.28,ground_truth,3.013788,1.839397,-3.059849,0.000000,0.000000,0.000000
61.300000000000004,ground_truth,3.010414,1.839154,-3.059854,0.000000,0.000000,0.000000
61.32,ground_truth,3.006699,1.838880,-3.059703,0.000000,0.000000,0.000000
61.34,ground_truth,3.003675,1.839185,-3.052453,0.000000,0.000000,0.000000
61.36000000000001,ground_truth,3.001235,1.839774,-3.039159,0.000000,0.000000,0.000000
61.38,ground_truth,2.999190,1.840355,-3.022593,0.000000,0.000000,0.000000
61.400000000000006,ground_truth,2.997913,1.840525,-3.009808,0.000000,0.000000,0.000000
61.42,ground_truth,2.996143,1.840771,-2.992461,0.000000,0.000000,0.000000
61.440000000000005,ground_truth,2.993955,1.840975,-2.978082,0.000000,0.000000,0.000000
61.46,ground_truth,2.992511,1.841202,-2.967417,0.000000,0.000000,0.000000
61.480000000000004,ground_truth,2.991482,1.841580,-2.955666,0.000000,0.000000,0.000000
61.50000000000001,ground_truth,2.989711,1.842152,-2.937157,0.000000,0.000000,0.000000
61.52,ground_truth,2.986579,1.843209,-2.912644,0.000000,0.000000,0.000000
61.540000000000006,ground_truth,2.982156,1.843309,-2.890194,0.000000,0.000000,0.000000
61.56,ground_truth,2.977478,1.842520,-2.867157,0.000000,0.000000,0.000000
61.580000000000005,ground_truth,2.971942,1.840799,-2.845795,0.000000,0.000000,0.000000
61.6,ground_truth,2.965836,1.837806,-2.826757,0.000000,0.000000,0.000000
61.620000000000005,ground_truth,2.959687,1.833734,-2.807695,0.000000,0.000000,0.000000
61.64,ground_truth,2.952976,1.828396,-2.791608,0.000000,0.000000,0.000000
61.660000000000004,ground_truth,2.945635,1.822507,-2.775055,0.000000,0.000000,0.000000
61.68000000000001,ground_truth,2.937327,1.816049,-2.760182,0.000000,0.000000,0.000000
61.7,ground_truth,2.927231,1.809540,-2.747093,0.000000,0.000000,0.000000
61.720000000000006,ground_truth,2.915933,1.803193,-2.734307,0.000000,0.000000,0.000000
61.74,ground_truth,2.904309,1.796855,-2.727416,0.000000,0.000000,0.000000
61.760000000000005,ground_truth,2.892172,1.790798,-2.717829,0.000000,0.000000,0.000000
61.78,ground_truth,2.879833,1.784714,-2.710514,0.000000,0.000000,0.000000
61.800000000000004,ground_truth,2.866754,1.778434,-2.702219,0.000000,0.000000,0.000000
61.82000000000001,ground_truth,2.853233,1.771950,-2.694614,0.000000,0.000000,0.000000
61.84,ground_truth,2.839689,1.765489,-2.688416,0.000000,0.000000,0.000000
61.86000000000001,ground_truth,2.825981,1.758926,-2.682601,0.000000,0.000000,0.000000
61.88,ground_truth,2.812813,1.752690,-2.677761,0.000000,0.000000,0.000000
61.900000000000006,ground_truth,2.799723,1.746950,-2.666628,0.000000,0.000000,0.000000
61.92,ground_truth,2.785836,1.740976,-2.654390,0.000000,0.000000,0.000000
61.940000000000005,ground_truth,2.771276,1.734731,-2.641933,0.000000,0.000000,0.000000
61.96,ground_truth,2.756158,1.728240,-2.629026,0.000000,0.000000,0.000000
61.980000000000004,ground_truth,2.740777,1.721174,-2.618795,0.000000,0.000000,0.000000
62.00000000000001,ground_truth,2.725110,1.713412,-2.611318,0.000000,0.000000,0.000000
62.02,ground_truth,2.709225,1.704994,-2.608464,0.000000,0.000000,0.000000
62.040000000000006,ground_truth,2.693049,1.696225,-2.605134,0.000000,0.000000,0.000000
62.06,ground_truth,2.676624,1.687112,-2.602337,0.000000,0.000000,0.000000
62.080000000000005,ground_truth,2.660015,1.677706,-2.600388,0.000000,0.000000,0.000000
62.1,ground_truth,2.643309,1.668116,-2.598649,0.000000,0.000000,0.000000
62.120000000000005,ground_truth,2.626730,1.658441,-2.598017,0.000000,0.000000,0.000000
62.14,ground_truth,2.610025,1.648613,-2.597406,0.000000,0.000000,0.000000
62.160000000000004,ground_truth,2.593221,1.638644,-2.596927,0.000000,0.000000,0.000000
62.18000000000001,ground_truth,2.576788,1.628845,-2.596547,0.000000,0.000000,0.000000
62.2,ground_truth,2.560255,1.618954,-2.596118,0.000000,0.000000,0.000000
62.220000000000006,ground_truth,2.544241,1.609309,-2.596503,0.000000,0.000000,0.000000
62.24,ground_truth,2.528317,1.599708,-2.596866,0.000000,0.000000,0.000000
62.260000000000005,ground_truth,2.512748,1.590326,-2.596927,0.000000,0.000000,0.000000
62.28,ground_truth,2.497166,1.580933,-2.596838,0.000000,0.000000,0.000000
62.300000000000004,ground_truth,2.481551,1.571516,-2.596657,0.000000,0.000000,0.000000
62.32000000000001,ground_truth,2.466737,1.562622,-2.595990,0.000000,0.000000,0.000000
62.34,ground_truth,2.452439,1.554061,-2.595125,0.000000,0.000000,0.000000
62.36000000000001,ground_truth,2.439193,1.546165,-2.594337,0.000000,0.000000,0.000000
62.38,ground_truth,2.425775,1.538140,-2.593624,0.000000,0.000000,0.000000
62.400000000000006,ground_truth,2.412349,1.530052,-2.593260,0.000000,0.000000,0.000000
62.42,ground_truth,2.399361,1.522230,-2.592763,0.000000,0.000000,0.000000
62.440000000000005,ground_truth,2.386546,1.514496,-2.592434,0.000000,0.000000,0.000000
62.46,ground_truth,2.374514,1.507232,-2.592223,0.000000,0.000000,0.000000
62.480000000000004,ground_truth,2.362481,1.499949,-2.592053,0.000000,0.000000,0.000000
62.50000000000001,ground_truth,2.351014,1.492990,-2.591868,0.000000,0.000000,0.000000
62.52,ground_truth,2.340646,1.486725,-2.591503,0.000000,0.000000,0.000000
62.540000000000006,ground_truth,2.330217,1.480390,-2.591503,0.000000,0.000000,0.000000
62.56,ground_truth,2.321373,1.475075,-2.591007,0.000000,0.000000,0.000000
62.580000000000005,ground_truth,2.312426,1.469633,-2.591472,0.000000,0.000000,0.000000
62.6,ground_truth,2.304688,1.464987,-2.591328,0.000000,0.000000,0.000000
62.620000000000005,ground_truth,2.296836,1.460236,-2.591234,0.000000,0.000000,0.000000
62.64,ground_truth,2.288725,1.455296,-2.591294,0.000000,0.000000,0.000000
62.660000000000004,ground_truth,2.281159,1.450682,-2.591302,0.000000,0.000000,0.000000
62.68000000000001,ground_truth,2.274173,1.446572,-2.590492,0.000000,0.000000,0.000000
62.7,ground_truth,2.267305,1.442590,-2.589888,0.000000,0.000000,0.000000
62.720000000000006,ground_truth,2.260720,1.438665,-2.589694,0.000000,0.000000,0.000000
62.74,ground_truth,2.253852,1.434499,-2.589835,0.000000,0.000000,0.000000
62.760000000000005,ground_truth,2.247497,1.430647,-2.589714,0.000000,0.000000,0.000000
62.78,ground_truth,2.241940,1.427314,-2.589327,0.000000,0.000000,0.000000
62.800000000000004,ground_truth,2.237202,1.424580,-2.588697,0.000000,0.000000,0.000000
62.82000000000001,ground_truth,2.232184,1.421600,-2.588332,0.000000,0.000000,0.000000
62.84,ground_truth,2.227658,1.418906,-2.588332,0.000000,0.000000,0.000000
62.86000000000001,ground_truth,2.222984,1.416065,-2.588499,0.000000,0.000000,0.000000
62.88,ground_truth,2.218232,1.413176,-2.588455,0.000000,0.000000,0.000000
62.900000000000006,ground_truth,2.213805,1.410498,-2.588278,0.000000,0.000000,0.000000
62.92,ground_truth,2.209416,1.407822,-2.588248,0.000000,0.000000,0.000000
62.940000000000005,ground_truth,2.205096,1.405175,-2.588270,0.000000,0.000000,0.000000
62.96,ground_truth,2.200889,1.402588,-2.588266,0.000000,0.000000,0.000000
62.980000000000004,ground_truth,2.196723,1.400016,-2.588317,0.000000,0.000000,0.000000
63.00000000000001,ground_truth,2.193505,1.398095,-2.588070,0.000000,0.000000,0.000000
63.02,ground_truth,2.190417,1.396239,-2.587949,0.000000,0.000000,0.000000
63.040000000000006,ground_truth,2.187447,1.394437,-2.587964,0.000000,0.000000,0.000000
63.06,ground_truth,2.184308,1.392591,-2.587125,0.000000,0.000000,0.000000
63.080000000000005,ground_truth,2.181222,1.391235,-2.580084,0.000000,0.000000,0.000000
63.1,ground_truth,2.178303,1.390586,-2.563205,0.000000,0.000000,0.000000
63.120000000000005,ground_truth,2.175688,1.390626,-2.536652,0.000000,0.000000,0.000000
63.14,ground_truth,2.173433,1.391075,-2.505260,0.000000,0.000000,0.000000
63.160000000000004,ground_truth,2.171737,1.391814,-2.471651,0.000000,0.000000,0.000000
63.18000000000001,ground_truth,2.170468,1.392804,-2.434939,0.000000,0.000000,0.000000
63.2,ground_truth,2.170027,1.394119,-2.405141,0.000000,0.000000,0.000000
63.220000000000006,ground_truth,2.169741,1.395650,-2.372554,0.000000,0.000000,0.000000
63.24,ground_truth,2.169464,1.396743,-2.347896,0.000000,0.000000,0.000000
63.260000000000005,ground_truth,2.169170,1.398138,-2.316558,0.000000,0.000000,0.000000
63.28,ground_truth,2.168892,1.399065,-2.291117,0.000000,0.000000,0.000000
63.300000000000004,ground_truth,2.168686,1.400462,-2.259994,0.000000,0.000000,0.000000
63.32000000000001,ground_truth,2.168696,1.401045,-2.240876,0.000000,0.000000,0.000000
63.34,ground_truth,2.168472,1.401058,-2.227329,0.000000,0.000000,0.000000
63.36000000000001,ground_truth,2.168233,1.401213,-2.213715,0.000000,0.000000,0.000000
63.38,ground_truth,2.167973,1.401437,-2.204360,0.000000,0.000000,0.000000
63.400000000000006,ground_truth,2.167553,1.401944,-2.186474,0.000000,0.000000,0.000000
63.42,ground_truth,2.166976,1.402345,-2.165147,0.000000,0.000000,0.000000
63.440000000000005,ground_truth,2.166316,1.402297,-2.146808,0.000000,0.000000,0.000000
63.46,ground_truth,2.165522,1.402177,-2.126168,0.000000,0.000000,0.000000
63.480000000000004,ground_truth,2.165298,1.401786,-2.113694,0.000000,0.000000,0.000000
63.50000000000001,ground_truth,2.164883,1.401538,-2.095993,0.000000,0.000000,0.000000
63.52,ground_truth,2.164325,1.401067,-2.076840,0.000000,0.000000,0.000000
63.540000000000006,ground_truth,2.163736,1.400052,-2.062279,0.000000,0.000000,0.000000
63.56,ground_truth,2.163068,1.399214,-2.044530,0.000000,0.000000,0.000000
63.580000000000005,ground_truth,2.162891,1.398261,-2.033226,0.000000,0.000000,0.000000
63.6,ground_truth,2.162474,1.397584,-2.015738,0.000000,0.000000,0.000000
63.620000000000005,ground_truth,2.162537,1.396885,-2.006784,0.000000,0.000000,0.000000
63.64,ground_truth,2.162343,1.396752,-1.995233,0.000000,0.000000,0.000000
63.660000000000004,ground_truth,2.161826,1.397262,-1.980495,0.000000,0.000000,0.000000
63.68000000000001,ground_truth,2.160691,1.396348,-1.962063,0.000000,0.000000,0.000000
63.7,ground_truth,2.158878,1.394363,-1.939090,0.000000,0.000000,0.000000
63.720000000000006,ground_truth,2.156394,1.391349,-1.913019,0.000000,0.000000,0.000000
63.74,ground_truth,2.153596,1.386812,-1.888017,0.000000,0.000000,0.000000
63.760000000000005,ground_truth,2.151375,1.381029,-1.864864,0.000000,0.000000,0.000000
63.78,ground_truth,2.149353,1.374165,-1.842814,0.000000,0.000000,0.000000
63.800000000000004,ground_truth,2.147894,1.366396,-1.821566,0.000000,0.000000,0.000000
63.82000000000001,ground_truth,2.146657,1.357554,-1.802500,0.000000,0.000000,0.000000
63.84,ground_truth,2.146064,1.347843,-1.784684,0.000000,0.000000,0.000000
63.86000000000001,ground_truth,2.145472,1.337449,-1.766609,0.000000,0.000000,0.000000
63.88,ground_truth,2.144357,1.326256,-1.751706,0.000000,0.000000,0.000000
63.900000000000006,ground_truth,2.142731,1.314393,-1.737732,0.000000,0.000000,0.000000
63.92,ground_truth,2.141123,1.302078,-1.729519,0.000000,0.000000,0.000000
63.940000000000005,ground_truth,2.139221,1.289407,-1.719120,0.000000,0.000000,0.000000
63.96,ground_truth,2.137289,1.276096,-1.710102,0.000000,0.000000,0.000000
63.980000000000004,ground_truth,2.135268,1.261922,-1.701668,0.000000,0.000000,0.000000
64.0,ground_truth,2.133152,1.246837,-1.693076,0.000000,0.000000,0.000000
64.02000000000001,ground_truth,2.131085,1.231780,-1.686436,0.000000,0.000000,0.000000
64.04,ground_truth,2.129107,1.216533,-1.680504,0.000000,0.000000,0.000000
64.06,ground_truth,2.127168,1.201711,-1.676153,0.000000,0.000000,0.000000
64.08,ground_truth,2.125236,1.187408,-1.669575,0.000000,0.000000,0.000000
64.10000000000001,ground_truth,2.123202,1.172913,-1.657526,0.000000,0.000000,0.000000
64.12,ground_truth,2.121313,1.157564,-1.646604,0.000000,0.000000,0.000000
64.14,ground_truth,2.119529,1.141624,-1.635577,0.000000,0.000000,0.000000
64.16000000000001,ground_truth,2.117943,1.125306,-1.625519,0.000000,0.000000,0.000000
64.18,ground_truth,2.116613,1.108380,-1.618858,0.000000,0.000000,0.000000
64.2,ground_truth,2.115367,1.091028,-1.612070,0.000000,0.000000,0.000000
64.22,ground_truth,2.114349,1.073262,-1.608403,0.000000,0.000000,0.000000
64.24000000000001,ground_truth,2.113412,1.055118,-1.605234,0.000000,0.000000,0.000000
64.26,ground_truth,2.112643,1.036626,-1.604694,0.000000,0.000000,0.000000
64.28,ground_truth,2.111908,1.017838,-1.604508,0.000000,0.000000,0.000000
64.3,ground_truth,2.111193,0.998811,-1.604507,0.000000,0.000000,0.000000
64.32000000000001,ground_truth,2.110489,0.979592,-1.604569,0.000000,0.000000,0.000000
64.34,ground_truth,2.109800,0.960224,-1.604826,0.000000,0.000000,0.000000
64.36,ground_truth,2.109130,0.940949,-1.605306,0.000000,0.000000,0.000000
64.38000000000001,ground_truth,2.108466,0.921706,-1.605863,0.000000,0.000000,0.000000
64.4,ground_truth,2.107806,0.902640,-1.606409,0.000000,0.000000,0.000000
64.42,ground_truth,2.107131,0.883389,-1.606849,0.000000,0.000000,0.000000
64.44,ground_truth,2.106444,0.863989,-1.607243,0.000000,0.000000,0.000000
64.46000000000001,ground_truth,2.105755,0.844541,-1.607669,0.000000,0.000000,0.000000
64.48,ground_truth,2.105104,0.825865,-1.608350,0.000000,0.000000,0.000000
64.5,ground_truth,2.104497,0.807943,-1.609232,0.000000,0.000000,0.000000
64.52000000000001,ground_truth,2.103854,0.789934,-1.609775,0.000000,0.000000,0.000000
64.54,ground_truth,2.103168,0.771615,-1.609941,0.000000,0.000000,0.000000
64.56,ground_truth,2.102440,0.754014,-1.609120,0.000000,0.000000,0.000000
64.58,ground_truth,2.101721,0.736353,-1.608676,0.000000,0.000000,0.000000
64.60000000000001,ground_truth,2.101074,0.720077,-1.608426,0.000000,0.000000,0.000000
64.62,ground_truth,2.100508,0.704147,-1.609161,0.000000,0.000000,0.000000
64.64,ground_truth,2.099937,0.688645,-1.609336,0.000000,0.000000,0.000000
64.66000000000001,ground_truth,2.099324,0.674129,-1.608394,0.000000,0.000000,0.000000
64.68,ground_truth,2.098636,0.660243,-1.606849,0.000000,0.000000,0.000000
64.7,ground_truth,2.097949,0.645956,-1.605146,0.000000,0.000000,0.000000
64.72,ground_truth,2.097268,0.631102,-1.603539,0.000000,0.000000,0.000000
64.74000000000001,ground_truth,2.096602,0.615713,-1.602160,0.000000,0.000000,0.000000
64.76,ground_truth,2.095946,0.599843,-1.600921,0.000000,0.000000,0.000000
64.78,ground_truth,2.095305,0.583544,-1.599858,0.000000,0.000000,0.000000
64.8,ground_truth,2.094684,0.566855,-1.599099,0.000000,0.000000,0.000000
64.82000000000001,ground_truth,2.094078,0.549821,-1.598499,0.000000,0.000000,0.000000
64.84,ground_truth,2.093489,0.532474,-1.598155,0.000000,0.000000,0.000000
64.86,ground_truth,2.092922,0.514752,-1.598130,0.000000,0.000000,0.000000
64.88000000000001,ground_truth,2.092391,0.496506,-1.598748,0.000000,0.000000,0.000000
64.9,ground_truth,2.091878,0.477878,-1.599664,0.000000,0.000000,0.000000
64.92,ground_truth,2.091368,0.459060,-1.600626,0.000000,0.000000,0.000000
64.94,ground_truth,2.090836,0.440357,-1.601113,0.000000,0.000000,0.000000
64.96000000000001,ground_truth,2.090303,0.421378,-1.601789,0.000000,0.000000,0.000000
64.98,ground_truth,2.089760,0.402169,-1.602513,0.000000,0.000000,0.000000
65.0,ground_truth,2.089214,0.383207,-1.603080,0.000000,0.000000,0.000000
65.02000000000001,ground_truth,2.088663,0.364543,-1.603569,0.000000,0.000000,0.000000
65.04,ground_truth,2.088092,0.346439,-1.603350,0.000000,0.000000,0.000000
65.06,ground_truth,2.087523,0.328523,-1.603185,0.000000,0.000000,0.000000
65.08,ground_truth,2.086951,0.310693,-1.602961,0.000000,0.000000,0.000000
65.10000000000001,ground_truth,2.086383,0.292830,-1.602907,0.000000,0.000000,0.000000
65.12,ground_truth,2.085798,0.274696,-1.602705,0.000000,0.000000,0.000000
65.14,ground_truth,2.085267,0.257418,-1.603037,0.000000,0.000000,0.000000
65.16000000000001,ground_truth,2.084741,0.240032,-1.603410,0.000000,0.000000,0.000000
65.18,ground_truth,2.084257,0.223590,-1.603796,0.000000,0.000000,0.000000
65.2,ground_truth,2.083838,0.207597,-1.604827,0.000000,0.000000,0.000000
65.22,ground_truth,2.083381,0.192034,-1.605202,0.000000,0.000000,0.000000
65.24000000000001,ground_truth,2.082856,0.176051,-1.604751,0.000000,0.000000,0.000000
65.26,ground_truth,2.082246,0.159508,-1.603258,0.000000,0.000000,0.000000
65.28,ground_truth,2.081595,0.142468,-1.601481,0.000000,0.000000,0.000000
65.3,ground_truth,2.080932,0.125022,-1.599736,0.000000,0.000000,0.000000
65.32000000000001,ground_truth,2.080291,0.107301,-1.598300,0.000000,0.000000,0.000000
65.34,ground_truth,2.079678,0.089333,-1.597267,0.000000,0.000000,0.000000
65.36,ground_truth,2.079074,0.071097,-1.596365,0.000000,0.000000,0.000000
65.38000000000001,ground_truth,2.078489,0.052636,-1.595747,0.000000,0.000000,0.000000
65.4,ground_truth,2.077934,0.033939,-1.595528,0.000000,0.000000,0.000000
65.42,ground_truth,2.077418,0.014975,-1.595942,0.000000,0.000000,0.000000
65.44,ground_truth,2.076917,-0.004203,-1.596626,0.000000,0.000000,0.000000
65.46000000000001,ground_truth,2.076425,-0.023547,-1.597551,0.000000,0.000000,0.000000
65.48,ground_truth,2.075942,-0.042807,-1.598493,0.000000,0.000000,0.000000
65.5,ground_truth,2.075458,-0.062172,-1.599484,0.000000,0.000000,0.000000
65.52000000000001,ground_truth,2.074981,-0.081196,-1.600446,0.000000,0.000000,0.000000
65.54,ground_truth,2.074475,-0.100409,-1.601142,0.000000,0.000000,0.000000
65.56,ground_truth,2.073939,-0.119804,-1.601528,0.000000,0.000000,0.000000
65.58,ground_truth,2.073421,-0.139104,-1.602301,0.000000,0.000000,0.000000
65.60000000000001,ground_truth,2.072920,-0.157860,-1.603255,0.000000,0.000000,0.000000
65.62,ground_truth,2.072437,-0.176245,-1.604388,0.000000,0.000000,0.000000
65.64,ground_truth,2.071928,-0.194516,-1.605239,0.000000,0.000000,0.000000
65.66000000000001,ground_truth,2.071429,-0.212341,-1.606037,0.000000,0.000000,0.000000
65.68,ground_truth,2.070883,-0.230176,-1.606417,0.000000,0.000000,0.000000
65.7,ground_truth,2.070286,-0.248101,-1.606250,0.000000,0.000000,0.000000
65.72,ground_truth,2.069654,-0.265296,-1.605276,0.000000,0.000000,0.000000
65.74000000000001,ground_truth,2.069016,-0.282296,-1.604332,0.000000,0.000000,0.000000
65.76,ground_truth,2.068398,-0.298186,-1.603597,0.000000,0.000000,0.000000
65.78,ground_truth,2.067821,-0.313607,-1.603107,0.000000,0.000000,0.000000
65.8,ground_truth,2.067269,-0.329369,-1.602971,0.000000,0.000000,0.000000
65.82000000000001,ground_truth,2.066740,-0.345986,-1.603748,0.000000,0.000000,0.000000
65.84,ground_truth,2.066198,-0.363270,-1.604829,0.000000,0.000000,0.000000
65.86,ground_truth,2.065627,-0.381076,-1.605879,0.000000,0.000000,0.000000
65.88000000000001,ground_truth,2.065020,-0.399297,-1.606688,0.000000,0.000000,0.000000
65.9,ground_truth,2.064385,-0.417856,-1.607355,0.000000,0.000000,0.000000
65.92,ground_truth,2.063715,-0.436679,-1.607650,0.000000,0.000000,0.000000
65.94,ground_truth,2.063023,-0.455723,-1.607740,0.000000,0.000000,0.000000
65.96000000000001,ground_truth,2.062311,-0.474946,-1.607589,0.000000,0.000000,0.000000
65.98,ground_truth,2.061585,-0.494247,-1.607170,0.000000,0.000000,0.000000
66.0,ground_truth,2.060854,-0.513648,-1.606633,0.000000,0.000000,0.000000
66.02000000000001,ground_truth,2.060126,-0.533171,-1.606082,0.000000,0.000000,0.000000
66.04,ground_truth,2.059401,-0.552739,-1.605457,0.000000,0.000000,0.000000
66.06,ground_truth,2.058686,-0.571901,-1.604520,0.000000,0.000000,0.000000
66.08,ground_truth,2.057986,-0.591076,-1.603683,0.000000,0.000000,0.000000
66.10000000000001,ground_truth,2.057310,-0.609831,-1.602744,0.000000,0.000000,0.000000
66.12,ground_truth,2.056665,-0.628777,-1.602269,0.000000,0.000000,0.000000
66.14,ground_truth,2.056032,-0.647847,-1.601962,0.000000,0.000000,0.000000
66.16000000000001,ground_truth,2.055396,-0.666394,-1.601282,0.000000,0.000000,0.000000
66.18,ground_truth,2.054782,-0.685055,-1.600906,0.000000,0.000000,0.000000
66.2,ground_truth,2.054143,-0.702988,-1.599899,0.000000,0.000000,0.000000
66.22,ground_truth,2.053530,-0.720837,-1.598966,0.000000,0.000000,0.000000
66.24000000000001,ground_truth,2.052943,-0.738682,-1.597903,0.000000,0.000000,0.000000
66.26,ground_truth,2.052317,-0.755524,-1.596293,0.000000,0.000000,0.000000
66.28,ground_truth,2.051711,-0.772356,-1.595133,0.000000,0.000000,0.000000
66.3,ground_truth,2.051146,-0.788013,-1.594424,0.000000,0.000000,0.000000
66.32000000000001,ground_truth,2.050636,-0.803120,-1.593896,0.000000,0.000000,0.000000
66.34,ground_truth,2.050263,-0.817263,-1.594418,0.000000,0.000000,0.000000
66.36,ground_truth,2.049886,-0.831218,-1.594885,0.000000,0.000000,0.000000
66.38000000000001,ground_truth,2.049517,-0.845890,-1.595556,0.000000,0.000000,0.000000
66.4,ground_truth,2.049107,-0.861612,-1.595875,0.000000,0.000000,0.000000
66.42,ground_truth,2.048675,-0.878181,-1.596105,0.000000,0.000000,0.000000
66.44,ground_truth,2.048226,-0.895429,-1.596271,0.000000,0.000000,0.000000
66.46000000000001,ground_truth,2.047767,-0.913223,-1.596491,0.000000,0.000000,0.000000
66.48,ground_truth,2.047300,-0.931456,-1.596778,0.000000,0.000000,0.000000
66.5,ground_truth,2.046825,-0.950042,-1.597100,0.000000,0.000000,0.000000
66.52000000000001,ground_truth,2.046341,-0.968912,-1.597477,0.000000,0.000000,0.000000
66.54,ground_truth,2.045846,-0.988007,-1.597827,0.000000,0.000000,0.000000
66.56,ground_truth,2.045344,-1.007285,-1.598221,0.000000,0.000000,0.000000
66.58,ground_truth,2.044835,-1.026710,-1.598651,0.000000,0.000000,0.000000
66.60000000000001,ground_truth,2.044324,-1.046020,-1.599132,0.000000,0.000000,0.000000
66.62,ground_truth,2.043808,-1.065243,-1.599599,0.000000,0.000000,0.000000
66.64,ground_truth,2.043293,-1.084179,-1.600042,0.000000,0.000000,0.000000
66.66000000000001,ground_truth,2.042768,-1.103122,-1.600430,0.000000,0.000000,0.000000
66.68,ground_truth,2.042240,-1.121868,-1.600761,0.000000,0.000000,0.000000
66.7,ground_truth,2.041695,-1.140743,-1.600946,0.000000,0.000000,0.000000
66.72,ground_truth,2.041144,-1.159561,-1.601063,0.000000,0.000000,0.000000
66.74000000000001,ground_truth,2.040620,-1.177934,-1.601431,0.000000,0.000000,0.000000
66.76,ground_truth,2.040086,-1.196540,-1.601926,0.000000,0.000000,0.000000
66.78,ground_truth,2.039583,-1.214759,-1.602692,0.000000,0.000000,0.000000
66.8,ground_truth,2.039056,-1.232737,-1.603000,0.000000,0.000000,0.000000
66.82000000000001,ground_truth,2.038494,-1.250374,-1.602592,0.000000,0.000000,0.000000
66.84,ground_truth,2.037921,-1.267316,-1.602069,0.000000,0.000000,0.000000
66.86,ground_truth,2.037348,-1.284131,-1.601321,0.000000,0.000000,0.000000
66.88000000000001,ground_truth,2.036790,-1.300232,-1.600746,0.000000,0.000000,0.000000
66.9,ground_truth,2.036230,-1.316804,-1.600097,0.000000,0.000000,0.000000
66.92,ground_truth,2.035680,-1.333900,-1.599625,0.000000,0.000000,0.000000
66.94,ground_truth,2.035139,-1.351439,-1.599299,0.000000,0.000000,0.000000
66.96000000000001,ground_truth,2.034603,-1.369347,-1.599131,0.000000,0.000000,0.000000
66.98,ground_truth,2.034071,-1.387566,-1.599103,0.000000,0.000000,0.000000
67.0,ground_truth,2.033538,-1.406050,-1.599164,0.000000,0.000000,0.000000
67.02000000000001,ground_truth,2.033002,-1.424756,-1.599304,0.000000,0.000000,0.000000
67.04,ground_truth,2.032461,-1.443650,-1.599488,0.000000,0.000000,0.000000
67.06,ground_truth,2.031914,-1.462704,-1.599698,0.000000,0.000000,0.000000
67.08,ground_truth,2.031359,-1.481885,-1.599889,0.000000,0.000000,0.000000
67.10000000000001,ground_truth,2.030797,-1.501181,-1.600060,0.000000,0.000000,0.000000
67.12,ground_truth,2.030228,-1.520408,-1.600075,0.000000,0.000000,0.000000
67.14,ground_truth,2.029666,-1.539690,-1.600226,0.000000,0.000000,0.000000
67.16000000000001,ground_truth,2.029101,-1.559025,-1.600390,0.000000,0.000000,0.000000
67.18,ground_truth,2.028527,-1.577803,-1.599969,0.000000,0.000000,0.000000
67.2,ground_truth,2.027970,-1.596697,-1.599895,0.000000,0.000000,0.000000
67.22,ground_truth,2.027417,-1.614989,-1.599420,0.000000,0.000000,0.000000
67.24000000000001,ground_truth,2.026879,-1.633159,-1.599139,0.000000,0.000000,0.000000
67.26,ground_truth,2.026361,-1.651397,-1.599265,0.000000,0.000000,0.000000
67.28,ground_truth,2.025846,-1.669653,-1.599474,0.000000,0.000000,0.000000
67.3,ground_truth,2.025334,-1.688070,-1.599888,0.000000,0.000000,0.000000
67.32000000000001,ground_truth,2.024794,-1.705801,-1.599489,0.000000,0.000000,0.000000
67.34,ground_truth,2.024255,-1.723368,-1.599121,0.000000,0.000000,0.000000
67.36,ground_truth,2.023685,-1.739933,-1.598219,0.000000,0.000000,0.000000
67.38000000000001,ground_truth,2.023131,-1.756410,-1.597300,0.000000,0.000000,0.000000
67.4,ground_truth,2.022605,-1.772975,-1.596540,0.000000,0.000000,0.000000
67.42,ground_truth,2.022112,-1.788364,-1.596010,0.000000,0.000000,0.000000
67.44,ground_truth,2.021656,-1.803929,-1.596080,0.000000,0.000000,0.000000
67.46000000000001,ground_truth,2.021211,-1.820176,-1.596477,0.000000,0.000000,0.000000
67.48,ground_truth,2.020748,-1.837166,-1.596780,0.000000,0.000000,0.000000
67.5,ground_truth,2.020272,-1.854753,-1.597022,0.000000,0.000000,0.000000
67.52000000000001,ground_truth,2.019787,-1.872820,-1.597300,0.000000,0.000000,0.000000
67.54,ground_truth,2.019294,-1.891272,-1.597600,0.000000,0.000000,0.000000
67.56,ground_truth,2.018792,-1.910033,-1.597882,0.000000,0.000000,0.000000
67.58,ground_truth,2.018284,-1.929042,-1.598230,0.000000,0.000000,0.000000
67.60000000000001,ground_truth,2.017770,-1.948251,-1.598613,0.000000,0.000000,0.000000
67.62,ground_truth,2.017247,-1.967618,-1.598974,0.000000,0.000000,0.000000
67.64,ground_truth,2.016718,-1.987109,-1.599390,0.000000,0.000000,0.000000
67.66000000000001,ground_truth,2.016186,-2.006513,-1.599815,0.000000,0.000000,0.000000
67.68,ground_truth,2.015643,-2.025995,-1.600188,0.000000,0.000000,0.000000
67.7,ground_truth,2.015109,-2.045067,-1.600635,0.000000,0.000000,0.000000
67.72,ground_truth,2.014560,-2.064142,-1.600929,0.000000,0.000000,0.000000
67.74000000000001,ground_truth,2.013997,-2.083399,-1.601134,0.000000,0.000000,0.000000
67.76,ground_truth,2.013429,-2.102679,-1.601320,0.000000,0.000000,0.000000
67.78,ground_truth,2.012873,-2.121507,-1.601547,0.000000,0.000000,0.000000
67.8,ground_truth,2.012330,-2.140018,-1.601875,0.000000,0.000000,0.000000
67.82000000000001,ground_truth,2.011815,-2.157513,-1.602279,0.000000,0.000000,0.000000
67.84,ground_truth,2.011267,-2.175426,-1.602390,0.000000,0.000000,0.000000
67.86,ground_truth,2.010698,-2.193669,-1.602339,0.000000,0.000000,0.000000
67.88000000000001,ground_truth,2.010172,-2.211138,-1.602641,0.000000,0.000000,0.000000
67.9,ground_truth,2.009638,-2.228821,-1.603027,0.000000,0.000000,0.000000
67.92,ground_truth,2.009130,-2.245855,-1.603393,0.000000,0.000000,0.000000
67.94,ground_truth,2.008632,-2.262387,-1.603475,0.000000,0.000000,0.000000
67.96000000000001,ground_truth,2.008126,-2.278756,-1.603259,0.000000,0.000000,0.000000
67.98,ground_truth,2.007619,-2.294496,-1.602881,0.000000,0.000000,0.000000
68.0,ground_truth,2.007088,-2.310691,-1.602110,0.000000,0.000000,0.000000
68.02000000000001,ground_truth,2.006557,-2.327467,-1.601430,0.000000,0.000000,0.000000
68.04,ground_truth,2.006027,-2.344738,-1.600861,0.000000,0.000000,0.000000
68.06,ground_truth,2.005482,-2.362474,-1.600177,0.000000,0.000000,0.000000
68.08,ground_truth,2.004923,-2.380625,-1.599325,0.000000,0.000000,0.000000
68.10000000000001,ground_truth,2.004388,-2.399057,-1.598830,0.000000,0.000000,0.000000
68.12,ground_truth,2.003860,-2.417740,-1.598506,0.000000,0.000000,0.000000
68.14,ground_truth,2.003339,-2.436619,-1.598382,0.000000,0.000000,0.000000
68.16000000000001,ground_truth,2.002823,-2.455659,-1.598428,0.000000,0.000000,0.000000
68.18,ground_truth,2.002305,-2.474834,-1.598595,0.000000,0.000000,0.000000
68.2,ground_truth,2.001783,-2.494072,-1.598818,0.000000,0.000000,0.000000
68.22,ground_truth,2.001264,-2.513231,-1.599126,0.000000,0.000000,0.000000
68.24000000000001,ground_truth,2.000744,-2.532073,-1.599335,0.000000,0.000000,0.000000
68.26,ground_truth,2.000226,-2.551105,-1.599767,0.000000,0.000000,0.000000
68.28,ground_truth,1.999693,-2.570358,-1.600310,0.000000,0.000000,0.000000
68.3,ground_truth,1.999129,-2.589466,-1.600512,0.000000,0.000000,0.000000
68.32000000000001,ground_truth,1.998559,-2.608021,-1.600117,0.000000,0.000000,0.000000
68.34,ground_truth,1.997989,-2.626026,-1.599352,0.000000,0.000000,0.000000
68.36,ground_truth,1.997453,-2.644233,-1.599195,0.000000,0.000000,0.000000
68.38000000000001,ground_truth,1.996919,-2.661692,-1.598703,0.000000,0.000000,0.000000
68.4,ground_truth,1.996413,-2.678874,-1.598427,0.000000,0.000000,0.000000
68.42,ground_truth,1.995933,-2.696340,-1.598745,0.000000,0.000000,0.000000
68.44,ground_truth,1.995450,-2.713282,-1.598720,0.000000,0.000000,0.000000
68.46000000000001,ground_truth,1.994984,-2.730412,-1.599183,0.000000,0.000000,0.000000
68.48,ground_truth,1.994474,-2.746404,-1.598465,0.000000,0.000000,0.000000
68.5,ground_truth,1.993965,-2.762145,-1.597557,0.000000,0.000000,0.000000
68.52000000000001,ground_truth,1.993461,-2.777286,-1.595878,0.000000,0.000000,0.000000
68.54,ground_truth,1.992977,-2.792936,-1.594837,0.000000,0.000000,0.000000
68.56,ground_truth,1.992488,-2.809239,-1.593925,0.000000,0.000000,0.000000
68.58,ground_truth,1.992043,-2.826267,-1.593851,0.000000,0.000000,0.000000
68.60000000000001,ground_truth,1.991602,-2.843883,-1.593920,0.000000,0.000000,0.000000
68.62,ground_truth,1.991176,-2.861978,-1.594443,0.000000,0.000000,0.000000
68.64,ground_truth,1.990748,-2.880458,-1.595120,0.000000,0.000000,0.000000
68.66000000000001,ground_truth,1.990312,-2.899246,-1.595894,0.000000,0.000000,0.000000
68.68,ground_truth,1.989866,-2.918281,-1.596735,0.000000,0.000000,0.000000
68.7,ground_truth,1.989403,-2.937512,-1.597525,0.000000,0.000000,0.000000
68.72,ground_truth,1.988928,-2.956902,-1.598380,0.000000,0.000000,0.000000
68.74000000000001,ground_truth,1.988435,-2.976419,-1.599172,0.000000,0.000000,0.000000
68.76,ground_truth,1.987925,-2.996028,-1.599923,0.000000,0.000000,0.000000
68.78,ground_truth,1.987423,-3.015432,-1.600790,0.000000,0.000000,0.000000
68.80000000000001,ground_truth,1.986912,-3.034685,-1.601438,0.000000,0.000000,0.000000
68.82000000000001,ground_truth,1.986393,-3.053530,-1.601932,0.000000,0.000000,0.000000
68.84,ground_truth,1.985847,-3.072597,-1.602315,0.000000,0.000000,0.000000
68.86,ground_truth,1.985279,-3.091815,-1.602537,0.000000,0.000000,0.000000
68.88000000000001,ground_truth,1.984722,-3.110573,-1.602809,0.000000,0.000000,0.000000
68.9,ground_truth,1.984157,-3.129242,-1.603012,0.000000,0.000000,0.000000
68.92,ground_truth,1.983605,-3.147500,-1.603280,0.000000,0.000000,0.000000
68.94,ground_truth,1.983037,-3.165816,-1.603396,0.000000,0.000000,0.000000
68.96000000000001,ground_truth,1.982447,-3.184376,-1.603356,0.000000,0.000000,0.000000
68.98,ground_truth,1.981882,-3.202463,-1.603539,0.000000,0.000000,0.000000
69.0,ground_truth,1.981325,-3.220577,-1.604041,0.000000,0.000000,0.000000
69.02000000000001,ground_truth,1.980811,-3.237397,-1.604529,0.000000,0.000000,0.000000
69.04,ground_truth,1.980365,-3.253240,-1.605240,0.000000,0.000000,0.000000
69.06,ground_truth,1.979882,-3.268795,-1.605116,0.000000,0.000000,0.000000
69.08,ground_truth,1.979341,-3.285175,-1.604557,0.000000,0.000000,0.000000
69.10000000000001,ground_truth,1.978781,-3.302275,-1.604160,0.000000,0.000000,0.000000
69.12,ground_truth,1.978205,-3.319982,-1.603910,0.000000,0.000000,0.000000
69.14,ground_truth,1.977600,-3.338270,-1.603508,0.000000,0.000000,0.000000
69.16000000000001,ground_truth,1.977001,-3.356913,-1.603464,0.000000,0.000000,0.000000
69.18,ground_truth,1.976396,-3.375825,-1.603539,0.000000,0.000000,0.000000
69.2,ground_truth,1.975782,-3.394950,-1.603634,0.000000,0.000000,0.000000
69.22,ground_truth,1.975160,-3.414244,-1.603714,0.000000,0.000000,0.000000
69.24000000000001,ground_truth,1.974527,-3.433671,-1.603737,0.000000,0.000000,0.000000
69.26,ground_truth,1.973885,-3.453199,-1.603664,0.000000,0.000000,0.000000
69.28,ground_truth,1.973239,-3.472818,-1.603556,0.000000,0.000000,0.000000
69.30000000000001,ground_truth,1.972589,-3.492510,-1.603395,0.000000,0.000000,0.000000
69.32000000000001,ground_truth,1.971934,-3.511999,-1.602952,0.000000,0.000000,0.000000
69.34,ground_truth,1.971283,-3.531322,-1.602385,0.000000,0.000000,0.000000
69.36,ground_truth,1.970644,-3.550269,-1.601660,0.000000,0.000000,0.000000
69.38000000000001,ground_truth,1.970022,-3.569193,-1.601213,0.000000,0.000000,0.000000
69.4,ground_truth,1.969415,-3.587910,-1.600855,0.000000,0.000000,0.000000
69.42,ground_truth,1.968822,-3.606765,-1.600785,0.000000,0.000000,0.000000
69.44,ground_truth,1.968241,-3.625738,-1.600951,0.000000,0.000000,0.000000
69.46000000000001,ground_truth,1.967654,-3.644354,-1.600733,0.000000,0.000000,0.000000
69.48,ground_truth,1.967046,-3.662606,-1.600045,0.000000,0.000000,0.000000
69.5,ground_truth,1.966426,-3.680575,-1.599195,0.000000,0.000000,0.000000
69.52000000000001,ground_truth,1.965834,-3.698307,-1.598628,0.000000,0.000000,0.000000
69.54,ground_truth,1.965257,-3.716138,-1.598113,0.000000,0.000000,0.000000
69.56,ground_truth,1.964686,-3.732880,-1.597430,0.000000,0.000000,0.000000
69.58,ground_truth,1.964123,-3.748873,-1.596647,0.000000,0.000000,0.000000
69.60000000000001,ground_truth,1.963608,-3.764892,-1.596717,0.000000,0.000000,0.000000
69.62,ground_truth,1.963109,-3.781564,-1.597067,0.000000,0.000000,0.000000
69.64,ground_truth,1.962620,-3.798905,-1.597791,0.000000,0.000000,0.000000
69.66000000000001,ground_truth,1.962121,-3.816790,-1.598525,0.000000,0.000000,0.000000
69.68,ground_truth,1.961590,-3.835157,-1.598816,0.000000,0.000000,0.000000
69.7,ground_truth,1.961049,-3.853847,-1.599019,0.000000,0.000000,0.000000
69.72,ground_truth,1.960501,-3.872796,-1.599181,0.000000,0.000000,0.000000
69.74000000000001,ground_truth,1.959944,-3.891950,-1.599210,0.000000,0.000000,0.000000
69.76,ground_truth,1.959386,-3.911272,-1.599271,0.000000,0.000000,0.000000
69.78,ground_truth,1.958827,-3.930728,-1.599363,0.000000,0.000000,0.000000
69.80000000000001,ground_truth,1.958266,-3.950278,-1.599462,0.000000,0.000000,0.000000
69.82000000000001,ground_truth,1.957708,-3.969812,-1.599599,0.000000,0.000000,0.000000
69.84,ground_truth,1.957149,-3.989329,-1.599739,0.000000,0.000000,0.000000
69.86,ground_truth,1.956585,-4.008941,-1.599844,0.000000,0.000000,0.000000
69.88000000000001,ground_truth,1.956017,-4.028623,-1.599938,0.000000,0.000000,0.000000
69.9,ground_truth,1.955470,-4.047795,-1.600215,0.000000,0.000000,0.000000
69.92,ground_truth,1.954919,-4.066917,-1.600427,0.000000,0.000000,0.000000
69.94,ground_truth,1.954378,-4.085664,-1.600676,0.000000,0.000000,0.000000
69.96000000000001,ground_truth,1.953823,-4.104535,-1.600774,0.000000,0.000000,0.000000
69.98,ground_truth,1.953256,-4.123561,-1.600767,0.000000,0.000000,0.000000
70.0,ground_truth,1.952709,-4.142193,-1.600915,0.000000,0.000000,0.000000
70.02000000000001,ground_truth,1.952168,-4.160511,-1.601002,0.000000,0.000000,0.000000
70.04,ground_truth,1.951651,-4.178557,-1.601362,0.000000,0.000000,0.000000
70.06,ground_truth,1.951108,-4.196626,-1.601315,0.000000,0.000000,0.000000
70.08,ground_truth,1.950605,-4.214021,-1.601732,0.000000,0.000000,0.000000
70.10000000000001,ground_truth,1.950094,-4.231264,-1.601889,0.000000,0.000000,0.000000
70.12,ground_truth,1.949600,-4.248014,-1.602285,0.000000,0.000000,0.000000
70.14,ground_truth,1.949112,-4.263892,-1.602371,0.000000,0.000000,0.000000
70.16000000000001,ground_truth,1.948639,-4.279895,-1.602700,0.000000,0.000000,0.000000
70.18,ground_truth,1.948099,-4.296372,-1.602097,0.000000,0.000000,0.000000
70.2,ground_truth,1.947521,-4.313389,-1.601150,0.000000,0.000000,0.000000
70.22,ground_truth,1.946954,-4.330975,-1.600591,0.000000,0.000000,0.000000
70.24000000000001,ground_truth,1.946397,-4.349108,-1.600452,0.000000,0.000000,0.000000
70.26,ground_truth,1.945833,-4.367712,-1.600370,0.000000,0.000000,0.000000
70.28,ground_truth,1.945275,-4.386604,-1.600563,0.000000,0.000000,0.000000
70.30000000000001,ground_truth,1.944714,-4.405714,-1.600865,0.000000,0.000000,0.000000
70.32000000000001,ground_truth,1.944146,-4.424995,-1.601187,0.000000,0.000000,0.000000
70.34,ground_truth,1.943568,-4.444406,-1.601449,0.000000,0.000000,0.000000
70.36,ground_truth,1.942980,-4.463922,-1.601646,0.000000,0.000000,0.000000
70.38000000000001,ground_truth,1.942378,-4.483297,-1.601476,0.000000,0.000000,0.000000
70.4,ground_truth,1.941775,-4.502701,-1.601302,0.000000,0.000000,0.000000
70.42,ground_truth,1.941169,-4.521745,-1.600726,0.000000,0.000000,0.000000
70.44,ground_truth,1.940581,-4.540948,-1.600500,0.000000,0.000000,0.000000
70.46000000000001,ground_truth,1.939998,-4.560302,-1.600431,0.000000,0.000000,0.000000
70.48,ground_truth,1.939411,-4.578993,-1.599791,0.000000,0.000000,0.000000
70.5,ground_truth,1.938837,-4.597283,-1.599052,0.000000,0.000000,0.000000
70.52000000000001,ground_truth,1.938287,-4.614688,-1.598069,0.000000,0.000000,0.000000
70.54,ground_truth,1.937779,-4.632456,-1.597905,0.000000,0.000000,0.000000
70.56,ground_truth,1.937292,-4.650520,-1.598248,0.000000,0.000000,0.000000
70.58,ground_truth,1.936798,-4.668438,-1.598393,0.000000,0.000000,0.000000
70.60000000000001,ground_truth,1.936303,-4.685761,-1.598252,0.000000,0.000000,0.000000
70.62,ground_truth,1.935763,-4.702419,-1.597221,0.000000,0.000000,0.000000
70.64,ground_truth,1.935253,-4.719156,-1.596646,0.000000,0.000000,0.000000
70.66000000000001,ground_truth,1.934784,-4.735919,-1.596563,0.000000,0.000000,0.000000
70.68,ground_truth,1.934369,-4.753258,-1.597882,0.000000,0.000000,0.000000
70.7,ground_truth,1.933946,-4.771175,-1.599648,0.000000,0.000000,0.000000
70.72,ground_truth,1.933476,-4.789529,-1.601106,0.000000,0.000000,0.000000
70.74000000000001,ground_truth,1.932960,-4.808197,-1.602139,0.000000,0.000000,0.000000
70.76,ground_truth,1.932408,-4.827119,-1.602864,0.000000,0.000000,0.000000
70.78,ground_truth,1.931806,-4.846292,-1.602916,0.000000,0.000000,0.000000
70.80000000000001,ground_truth,1.931175,-4.865647,-1.602524,0.000000,0.000000,0.000000
70.82000000000001,ground_truth,1.930538,-4.885119,-1.601990,0.000000,0.000000,0.000000
70.84,ground_truth,1.929904,-4.904688,-1.601472,0.000000,0.000000,0.000000
70.86,ground_truth,1.929277,-4.924335,-1.600996,0.000000,0.000000,0.000000
70.88000000000001,ground_truth,1.928656,-4.944047,-1.600578,0.000000,0.000000,0.000000
70.9,ground_truth,1.928043,-4.963810,-1.600193,0.000000,0.000000,0.000000
70.92,ground_truth,1.927449,-4.983418,-1.599997,0.000000,0.000000,0.000000
70.94,ground_truth,1.926864,-5.002983,-1.599868,0.000000,0.000000,0.000000
70.96000000000001,ground_truth,1.926306,-5.022087,-1.599999,0.000000,0.000000,0.000000
70.98,ground_truth,1.925743,-5.041258,-1.600043,0.000000,0.000000,0.000000
71.0,ground_truth,1.925172,-5.060591,-1.600020,0.000000,0.000000,0.000000
71.02000000000001,ground_truth,1.924611,-5.079752,-1.600072,0.000000,0.000000,0.000000
71.04,ground_truth,1.924062,-5.098567,-1.600172,0.000000,0.000000,0.000000
71.06,ground_truth,1.923529,-5.117119,-1.600388,0.000000,0.000000,0.000000
71.08,ground_truth,1.922979,-5.135831,-1.600408,0.000000,0.000000,0.000000
71.10000000000001,ground_truth,1.922430,-5.154458,-1.600400,0.000000,0.000000,0.000000
71.12,ground_truth,1.921892,-5.172757,-1.600480,0.000000,0.000000,0.000000
71.14,ground_truth,1.921367,-5.190728,-1.600573,0.000000,0.000000,0.000000
71.16000000000001,ground_truth,1.920902,-5.207236,-1.600988,0.000000,0.000000,0.000000
71.18,ground_truth,1.920456,-5.223779,-1.601626,0.000000,0.000000,0.000000
71.2,ground_truth,1.920040,-5.238444,-1.601822,0.000000,0.000000,0.000000
71.22,ground_truth,1.919668,-5.253049,-1.602638,0.000000,0.000000,0.000000
71.24000000000001,ground_truth,1.919242,-5.267542,-1.602449,0.000000,0.000000,0.000000
71.26,ground_truth,1.918827,-5.281127,-1.602424,0.000000,0.000000,0.000000
71.28,ground_truth,1.918397,-5.295553,-1.602781,0.000000,0.000000,0.000000
71.30000000000001,ground_truth,1.917925,-5.311084,-1.603160,0.000000,0.000000,0.000000
71.32000000000001,ground_truth,1.917413,-5.327496,-1.603403,0.000000,0.000000,0.000000
71.34,ground_truth,1.916868,-5.344613,-1.603516,0.000000,0.000000,0.000000
71.36,ground_truth,1.916288,-5.362305,-1.603362,0.000000,0.000000,0.000000
71.38000000000001,ground_truth,1.915677,-5.380569,-1.602896,0.000000,0.000000,0.000000
71.4,ground_truth,1.915071,-5.399199,-1.602672,0.000000,0.000000,0.000000
71.42,ground_truth,1.914463,-5.418102,-1.602566,0.000000,0.000000,0.000000
71.44,ground_truth,1.913854,-5.437223,-1.602565,0.000000,0.000000,0.000000
71.46000000000001,ground_truth,1.913237,-5.456421,-1.602418,0.000000,0.000000,0.000000
71.48,ground_truth,1.912616,-5.475702,-1.602208,0.000000,0.000000,0.000000
71.5,ground_truth,1.911989,-5.494783,-1.601636,0.000000,0.000000,0.000000
71.52000000000001,ground_truth,1.911369,-5.513755,-1.601015,0.000000,0.000000,0.000000
71.54,ground_truth,1.910768,-5.532576,-1.600458,0.000000,0.000000,0.000000
71.56,ground_truth,1.910182,-5.551640,-1.600244,0.000000,0.000000,0.000000
71.58,ground_truth,1.909601,-5.570844,-1.600115,0.000000,0.000000,0.000000
71.60000000000001,ground_truth,1.909015,-5.589228,-1.599299,0.000000,0.000000,0.000000
71.62,ground_truth,1.908456,-5.607577,-1.598767,0.000000,0.000000,0.000000
71.64,ground_truth,1.907888,-5.625472,-1.597961,0.000000,0.000000,0.000000
71.66000000000001,ground_truth,1.907333,-5.643430,-1.597213,0.000000,0.000000,0.000000
71.68,ground_truth,1.906799,-5.661466,-1.596700,0.000000,0.000000,0.000000
71.7,ground_truth,1.906296,-5.678582,-1.596416,0.000000,0.000000,0.000000
71.72,ground_truth,1.905819,-5.695675,-1.596502,0.000000,0.000000,0.000000
71.74000000000001,ground_truth,1.905333,-5.712072,-1.596155,0.000000,0.000000,0.000000
71.76,ground_truth,1.904863,-5.728352,-1.595876,0.000000,0.000000,0.000000
71.78,ground_truth,1.904415,-5.743853,-1.595221,0.000000,0.000000,0.000000
71.80000000000001,ground_truth,1.904000,-5.759680,-1.595193,0.000000,0.000000,0.000000
71.82000000000001,ground_truth,1.903590,-5.775971,-1.595446,0.000000,0.000000,0.000000
71.84,ground_truth,1.903211,-5.793014,-1.596779,0.000000,0.000000,0.000000
71.86,ground_truth,1.902822,-5.810726,-1.598565,0.000000,0.000000,0.000000
71.88000000000001,ground_truth,1.902382,-5.828876,-1.599962,0.000000,0.000000,0.000000
71.9,ground_truth,1.901910,-5.847380,-1.601250,0.000000,0.000000,0.000000
71.92,ground_truth,1.901372,-5.866223,-1.601776,0.000000,0.000000,0.000000
71.94,ground_truth,1.900790,-5.885313,-1.601680,0.000000,0.000000,0.000000
71.96000000000001,ground_truth,1.900183,-5.904565,-1.601164,0.000000,0.000000,0.000000
71.98,ground_truth,1.899578,-5.923958,-1.600704,0.000000,0.000000,0.000000
72.0,ground_truth,1.898983,-5.943469,-1.600409,0.000000,0.000000,0.000000
72.02000000000001,ground_truth,1.898388,-5.963073,-1.600125,0.000000,0.000000,0.000000
72.04,ground_truth,1.897805,-5.982573,-1.599941,0.000000,0.000000,0.000000
72.06,ground_truth,1.897247,-6.001753,-1.600040,0.000000,0.000000,0.000000
72.08,ground_truth,1.896698,-6.020586,-1.600126,0.000000,0.000000,0.000000
72.10000000000001,ground_truth,1.896138,-6.039513,-1.600062,0.000000,0.000000,0.000000
72.12,ground_truth,1.895582,-6.058130,-1.599852,0.000000,0.000000,0.000000
72.14,ground_truth,1.895021,-6.076960,-1.599615,0.000000,0.000000,0.000000
72.16000000000001,ground_truth,1.894466,-6.095833,-1.599440,0.000000,0.000000,0.000000
72.18,ground_truth,1.893951,-6.114084,-1.599682,0.000000,0.000000,0.000000
72.2,ground_truth,1.893447,-6.131941,-1.599886,0.000000,0.000000,0.000000
72.22,ground_truth,1.892990,-6.148998,-1.600458,0.000000,0.000000,0.000000
72.24000000000001,ground_truth,1.892528,-6.165979,-1.600893,0.000000,0.000000,0.000000
72.26,ground_truth,1.892039,-6.183025,-1.600892,0.000000,0.000000,0.000000
72.28,ground_truth,1.891515,-6.199217,-1.600305,0.000000,0.000000,0.000000
72.30000000000001,ground_truth,1.890985,-6.215411,-1.599527,0.000000,0.000000,0.000000
72.32000000000001,ground_truth,1.890542,-6.230034,-1.599720,0.000000,0.000000,0.000000
72.34,ground_truth,1.890128,-6.244871,-1.600304,0.000000,0.000000,0.000000
72.36,ground_truth,1.889710,-6.259353,-1.600610,0.000000,0.000000,0.000000
72.38000000000001,ground_truth,1.889284,-6.273878,-1.600948,0.000000,0.000000,0.000000
72.4,ground_truth,1.888815,-6.289539,-1.601140,0.000000,0.000000,0.000000
72.42,ground_truth,1.888330,-6.306253,-1.601789,0.000000,0.000000,0.000000
72.44,ground_truth,1.887808,-6.323617,-1.602216,0.000000,0.000000,0.000000
72.46000000000001,ground_truth,1.887252,-6.341493,-1.602341,0.000000,0.000000,0.000000
72.48,ground_truth,1.886675,-6.359785,-1.602337,0.000000,0.000000,0.000000
72.5,ground_truth,1.886080,-6.378423,-1.602154,0.000000,0.000000,0.000000
72.52000000000001,ground_truth,1.885466,-6.397407,-1.601739,0.000000,0.000000,0.000000
72.54,ground_truth,1.884858,-6.416598,-1.601481,0.000000,0.000000,0.000000
72.56,ground_truth,1.884255,-6.435891,-1.601308,0.000000,0.000000,0.000000
72.58,ground_truth,1.883652,-6.455322,-1.601170,0.000000,0.000000,0.000000
72.60000000000001,ground_truth,1.883049,-6.474865,-1.601052,0.000000,0.000000,0.000000
72.62,ground_truth,1.882441,-6.494307,-1.600721,0.000000,0.000000,0.000000
72.64,ground_truth,1.881839,-6.513682,-1.600341,0.000000,0.000000,0.000000
72.66000000000001,ground_truth,1.881236,-6.532510,-1.599464,0.000000,0.000000,0.000000
72.68,ground_truth,1.880663,-6.551300,-1.598904,0.000000,0.000000,0.000000
72.7,ground_truth,1.880109,-6.570276,-1.598681,0.000000,0.000000,0.000000
72.72,ground_truth,1.879561,-6.588559,-1.598160,0.000000,0.000000,0.000000
72.74000000000001,ground_truth,1.879029,-6.606836,-1.597829,0.000000,0.000000,0.000000
72.76,ground_truth,1.878459,-6.624566,-1.596792,0.000000,0.000000,0.000000
72.78,ground_truth,1.877926,-6.642443,-1.596307,0.000000,0.000000,0.000000
72.80000000000001,ground_truth,1.877427,-6.660251,-1.596122,0.000000,0.000000,0.000000
72.82000000000001,ground_truth,1.876938,-6.677807,-1.595998,0.000000,0.000000,0.000000
72.84,ground_truth,1.876458,-6.695074,-1.595815,0.000000,0.000000,0.000000
72.86,ground_truth,1.875961,-6.711390,-1.595190,0.000000,0.000000,0.000000
72.88000000000001,ground_truth,1.875482,-6.727446,-1.594638,0.000000,0.000000,0.000000
72.9,ground_truth,1.874864,-6.742346,-1.591778,0.000000,0.000000,0.000000
72.92,ground_truth,1.874218,-6.757774,-1.588501,0.000000,0.000000,0.000000
72.94,ground_truth,1.873688,-6.774141,-1.586535,0.000000,0.000000,0.000000
72.96000000000001,ground_truth,1.873254,-6.791265,-1.585783,0.000000,0.000000,0.000000
72.98,ground_truth,1.872852,-6.808961,-1.585170,0.000000,0.000000,0.000000
73.0,ground_truth,1.872482,-6.827144,-1.584687,0.000000,0.000000,0.000000
73.02000000000001,ground_truth,1.872122,-6.845694,-1.583961,0.000000,0.000000,0.000000
73.04,ground_truth,1.871764,-6.864561,-1.582805,0.000000,0.000000,0.000000
73.06,ground_truth,1.871418,-6.883662,-1.581321,0.000000,0.000000,0.000000
73.08,ground_truth,1.871104,-6.902923,-1.579936,0.000000,0.000000,0.000000
73.10000000000001,ground_truth,1.870832,-6.922317,-1.578920,0.000000,0.000000,0.000000
73.12,ground_truth,1.870589,-6.941758,-1.578020,0.000000,0.000000,0.000000
73.14,ground_truth,1.870378,-6.961130,-1.577377,0.000000,0.000000,0.000000
73.16000000000001,ground_truth,1.870182,-6.980618,-1.576722,0.000000,0.000000,0.000000
73.18,ground_truth,1.870000,-7.000137,-1.576021,0.000000,0.000000,0.000000
73.2,ground_truth,1.869874,-7.018868,-1.576147,0.000000,0.000000,0.000000
73.22,ground_truth,1.869757,-7.037251,-1.576313,0.000000,0.000000,0.000000
73.24000000000001,ground_truth,1.869643,-7.055300,-1.576468,0.000000,0.000000,0.000000
73.26,ground_truth,1.869517,-7.073607,-1.576316,0.000000,0.000000,0.000000
73.28,ground_truth,1.869388,-7.092123,-1.576036,0.000000,0.000000,0.000000
73.30000000000001,ground_truth,1.869273,-7.110139,-1.575943,0.000000,0.000000,0.000000
73.32000000000001,ground_truth,1.869157,-7.128153,-1.575737,0.000000,0.000000,0.000000
73.34,ground_truth,1.869060,-7.145890,-1.575823,0.000000,0.000000,0.000000
73.36,ground_truth,1.868948,-7.163693,-1.575604,0.000000,0.000000,0.000000
73.38000000000001,ground_truth,1.868865,-7.180989,-1.575884,0.000000,0.000000,0.000000
73.4,ground_truth,1.868776,-7.198044,-1.575962,0.000000,0.000000,0.000000
73.42,ground_truth,1.868680,-7.214899,-1.575881,0.000000,0.000000,0.000000
73.44,ground_truth,1.868563,-7.230724,-1.575634,0.000000,0.000000,0.000000
73.46000000000001,ground_truth,1.868424,-7.246944,-1.574801,0.000000,0.000000,0.000000
73.48,ground_truth,1.868283,-7.263832,-1.573639,0.000000,0.000000,0.000000
73.5,ground_truth,1.868165,-7.281330,-1.572620,0.000000,0.000000,0.000000
73.52000000000001,ground_truth,1.868065,-7.299315,-1.571651,0.000000,0.000000,0.000000
73.54,ground_truth,1.867994,-7.317698,-1.570949,0.000000,0.000000,0.000000
73.56,ground_truth,1.867963,-7.336463,-1.570832,0.000000,0.000000,0.000000
73.58,ground_truth,1.867959,-7.355505,-1.571202,0.000000,0.000000,0.000000
73.60000000000001,ground_truth,1.867955,-7.374754,-1.571581,0.000000,0.000000,0.000000
73.62,ground_truth,1.867948,-7.394184,-1.571945,0.000000,0.000000,0.000000
73.64,ground_truth,1.867940,-7.413724,-1.572351,0.000000,0.000000,0.000000
73.66000000000001,ground_truth,1.867920,-7.433303,-1.572605,0.000000,0.000000,0.000000
73.68,ground_truth,1.867885,-7.452800,-1.572576,0.000000,0.000000,0.000000
73.7,ground_truth,1.867853,-7.472397,-1.572624,0.000000,0.000000,0.000000
73.72,ground_truth,1.867821,-7.492074,-1.572691,0.000000,0.000000,0.000000
73.74000000000001,ground_truth,1.867785,-7.511722,-1.572680,0.000000,0.000000,0.000000
73.76,ground_truth,1.867732,-7.530674,-1.572256,0.000000,0.000000,0.000000
73.78,ground_truth,1.867672,-7.548977,-1.571626,0.000000,0.000000,0.000000
73.80000000000001,ground_truth,1.867622,-7.567009,-1.571018,0.000000,0.000000,0.000000
73.82000000000001,ground_truth,1.867591,-7.584427,-1.570635,0.000000,0.000000,0.000000
73.84,ground_truth,1.867572,-7.602037,-1.570428,0.000000,0.000000,0.000000
73.86,ground_truth,1.867577,-7.619840,-1.570569,0.000000,0.000000,0.000000
73.88000000000001,ground_truth,1.867607,-7.637098,-1.571068,0.000000,0.000000,0.000000
73.9,ground_truth,1.867592,-7.654156,-1.570893,0.000000,0.000000,0.000000
73.92,ground_truth,1.867580,-7.671237,-1.570791,0.000000,0.000000,0.000000
73.94,ground_truth,1.867571,-7.688215,-1.570745,0.000000,0.000000,0.000000
73.96000000000001,ground_truth,1.867555,-7.704736,-1.570455,0.000000,0.000000,0.000000
73.98,ground_truth,1.867407,-7.719394,-1.568581,0.000000,0.000000,0.000000
74.0,ground_truth,1.867256,-7.733826,-1.567611,0.000000,0.000000,0.000000
74.02000000000001,ground_truth,1.867135,-7.746672,-1.566745,0.000000,0.000000,0.000000
74.04,ground_truth,1.867053,-7.759766,-1.566106,0.000000,0.000000,0.000000
74.06,ground_truth,1.867041,-7.771673,-1.566491,0.000000,0.000000,0.000000
74.08,ground_truth,1.867063,-7.783266,-1.567107,0.000000,0.000000,0.000000
74.10000000000001,ground_truth,1.867070,-7.794622,-1.567531,0.000000,0.000000,0.000000
74.12,ground_truth,1.867039,-7.805163,-1.567201,0.000000,0.000000,0.000000
74.14,ground_truth,1.867019,-7.815486,-1.566908,0.000000,0.000000,0.000000
74.16000000000001,ground_truth,1.867025,-7.825446,-1.567039,0.000000,0.000000,0.000000
74.18,ground_truth,1.867040,-7.835584,-1.567202,0.000000,0.000000,0.000000
74.2,ground_truth,1.867044,-7.845316,-1.567235,0.000000,0.000000,0.000000
74.22,ground_truth,1.867006,-7.854310,-1.567034,0.000000,0.000000,0.000000
74.24000000000001,ground_truth,1.866980,-7.863340,-1.566813,0.000000,0.000000,0.000000
74.26,ground_truth,1.866911,-7.871415,-1.566325,0.000000,0.000000,0.000000
74.28,ground_truth,1.866894,-7.879546,-1.566395,0.000000,0.000000,0.000000
74.30000000000001,ground_truth,1.866920,-7.887905,-1.566994,0.000000,0.000000,0.000000
74.32000000000001,ground_truth,1.866918,-7.895403,-1.566990,0.000000,0.000000,0.000000
74.34,ground_truth,1.866896,-7.902012,-1.566758,0.000000,0.000000,0.000000
74.36,ground_truth,1.866861,-7.908282,-1.566541,0.000000,0.000000,0.000000
74.38000000000001,ground_truth,1.866861,-7.914644,-1.566626,0.000000,0.000000,0.000000
74.4,ground_truth,1.866901,-7.921427,-1.567504,0.000000,0.000000,0.000000
74.42,ground_truth,1.866920,-7.927593,-1.567743,0.000000,0.000000,0.000000
74.44,ground_truth,1.866948,-7.933935,-1.568124,0.000000,0.000000,0.000000
74.46000000000001,ground_truth,1.866844,-7.939252,-1.567297,0.000000,0.000000,0.000000
74.48,ground_truth,1.866756,-7.944153,-1.566929,0.000000,0.000000,0.000000
74.5,ground_truth,1.866751,-7.949286,-1.567122,0.000000,0.000000,0.000000
74.52000000000001,ground_truth,1.866822,-7.954000,-1.567893,0.000000,0.000000,0.000000
74.54,ground_truth,1.866887,-7.958775,-1.568425,0.000000,0.000000,0.000000
74.56,ground_truth,1.866855,-7.962893,-1.568072,0.000000,0.000000,0.000000
74.58,ground_truth,1.866841,-7.966926,-1.567997,0.000000,0.000000,0.000000
74.60000000000001,ground_truth,1.866849,-7.970273,-1.568105,0.000000,0.000000,0.000000
74.62,ground_truth,1.866862,-7.974107,-1.568318,0.000000,0.000000,0.000000
74.64,ground_truth,1.866868,-7.978124,-1.568318,0.000000,0.000000,0.000000
74.66000000000001,ground_truth,1.866858,-7.981643,-1.568126,0.000000,0.000000,0.000000
74.68,ground_truth,1.866866,-7.985113,-1.568075,0.000000,0.000000,0.000000
74.7,ground_truth,1.866900,-7.988166,-1.568168,0.000000,0.000000,0.000000
74.72,ground_truth,1.866920,-7.991350,-1.568448,0.000000,0.000000,0.000000
74.74000000000001,ground_truth,1.866926,-7.994566,-1.568635,0.000000,0.000000,0.000000
74.76,ground_truth,1.867016,-7.996906,-1.569132,0.000000,0.000000,0.000000
74.78,ground_truth,1.867050,-7.999728,-1.569201,0.000000,0.000000,0.000000
74.80000000000001,ground_truth,1.867076,-8.001990,-1.569271,0.000000,0.000000,0.000000
74.82000000000001,ground_truth,1.867096,-8.004560,-1.569389,0.000000,0.000000,0.000000
74.84,ground_truth,1.867112,-8.006748,-1.569506,0.000000,0.000000,0.000000
74.86,ground_truth,1.867118,-8.009227,-1.569611,0.000000,0.000000,0.000000
74.88000000000001,ground_truth,1.867120,-8.011668,-1.569680,0.000000,0.000000,0.000000
74.9,ground_truth,1.867137,-8.013683,-1.569754,0.000000,0.000000,0.000000
74.92,ground_truth,1.867153,-8.015702,-1.569856,0.000000,0.000000,0.000000
74.94,ground_truth,1.867164,-8.017819,-1.569880,0.000000,0.000000,0.000000
74.96000000000001,ground_truth,1.867168,-8.020032,-1.569966,0.000000,0.000000,0.000000
74.98,ground_truth,1.867170,-8.021845,-1.570022,0.000000,0.000000,0.000000
75.0,ground_truth,1.867195,-8.023175,-1.570071,0.000000,0.000000,0.000000
75.02000000000001,ground_truth,1.867204,-8.024821,-1.570099,0.000000,0.000000,0.000000
75.04,ground_truth,1.867207,-8.026630,-1.570132,0.000000,0.000000,0.000000
75.06,ground_truth,1.867208,-8.028230,-1.570204,0.000000,0.000000,0.000000
75.08,ground_truth,1.867209,-8.029996,-1.570245,0.000000,0.000000,0.000000
75.10000000000001,ground_truth,1.867219,-8.031355,-1.570319,0.000000,0.000000,0.000000
75.12,ground_truth,1.867225,-8.032809,-1.570303,0.000000,0.000000,0.000000
75.14,ground_truth,1.867235,-8.033849,-1.570312,0.000000,0.000000,0.000000
75.16000000000001,ground_truth,1.867240,-8.034848,-1.570368,0.000000,0.000000,0.000000
75.18,ground_truth,1.867241,-8.036140,-1.570373,0.000000,0.000000,0.000000
75.2,ground_truth,1.867241,-8.037361,-1.570403,0.000000,0.000000,0.000000
75.22,ground_truth,1.867242,-8.038626,-1.570415,0.000000,0.000000,0.000000
75.24000000000001,ground_truth,1.867253,-8.039441,-1.570480,0.000000,0.000000,0.000000
75.26,ground_truth,1.867255,-8.040369,-1.570474,0.000000,0.000000,0.000000
75.28,ground_truth,1.867255,-8.041156,-1.570455,0.000000,0.000000,0.000000
75.30000000000001,ground_truth,1.867256,-8.042227,-1.570485,0.000000,0.000000,0.000000
75.32000000000001,ground_truth,1.867256,-8.043163,-1.570509,0.000000,0.000000,0.000000
75.34,ground_truth,1.867259,-8.043959,-1.570523,0.000000,0.000000,0.000000
75.36,ground_truth,1.867261,-8.044923,-1.570553,0.000000,0.000000,0.000000
75.38000000000001,ground_truth,1.867262,-8.045538,-1.570545,0.000000,0.000000,0.000000
75.4,ground_truth,1.867263,-8.046348,-1.570552,0.000000,0.000000,0.000000
75.42,ground_truth,1.867263,-8.047237,-1.570566,0.000000,0.000000,0.000000
75.44,ground_truth,1.867265,-8.047790,-1.570591,0.000000,0.000000,0.000000
75.46000000000001,ground_truth,1.867265,-8.048599,-1.570599,0.000000,0.000000,0.000000
75.48,ground_truth,1.867267,-8.049075,-1.570598,0.000000,0.000000,0.000000
75.5,ground_truth,1.867267,-8.049596,-1.570610,0.000000,0.000000,0.000000
75.52000000000001,ground_truth,1.867268,-8.050232,-1.570608,0.000000,0.000000,0.000000
75.54,ground_truth,1.867268,-8.050840,-1.570618,0.000000,0.000000,0.000000
75.56,ground_truth,1.867269,-8.051445,-1.570627,0.000000,0.000000,0.000000
75.58,ground_truth,1.867269,-8.051811,-1.570624,0.000000,0.000000,0.000000
75.60000000000001,ground_truth,1.867270,-8.052323,-1.570635,0.000000,0.000000,0.000000
75.62,ground_truth,1.867270,-8.052827,-1.570635,0.000000,0.000000,0.000000
75.64,ground_truth,1.867270,-8.053341,-1.570642,0.000000,0.000000,0.000000
75.66000000000001,ground_truth,1.867270,-8.053802,-1.570644,0.000000,0.000000,0.000000
75.68,ground_truth,1.867270,-8.054052,-1.570643,0.000000,0.000000,0.000000
75.7,ground_truth,1.867270,-8.054436,-1.570650,0.000000,0.000000,0.000000
75.72,ground_truth,1.867271,-8.054881,-1.570650,0.000000,0.000000,0.000000
75.74000000000001,ground_truth,1.867271,-8.055285,-1.570652,0.000000,0.000000,0.000000
75.76,ground_truth,1.867271,-8.055685,-1.570659,0.000000,0.000000,0.000000
75.78,ground_truth,1.867271,-8.056061,-1.570658,0.000000,0.000000,0.000000
75.80000000000001,ground_truth,1.867271,-8.056385,-1.570662,0.000000,0.000000,0.000000
75.82000000000001,ground_truth,1.867271,-8.056707,-1.570660,0.000000,0.000000,0.000000
75.84,ground_truth,1.867271,-8.057018,-1.570660,0.000000,0.000000,0.000000
75.86,ground_truth,1.867271,-8.057384,-1.570661,0.000000,0.000000,0.000000
75.88000000000001,ground_truth,1.867271,-8.057649,-1.570663,0.000000,0.000000,0.000000
75.9,ground_truth,1.867272,-8.057951,-1.570665,0.000000,0.000000,0.000000
75.92,ground_truth,1.867272,-8.058195,-1.570663,0.000000,0.000000,0.000000
75.94,ground_truth,1.867272,-8.058406,-1.570664,0.000000,0.000000,0.000000
75.96000000000001,ground_truth,1.867272,-8.058688,-1.570664,0.000000,0.000000,0.000000
75.98,ground_truth,1.867272,-8.058924,-1.570664,0.000000,0.000000,0.000000
76.0,ground_truth,1.867272,-8.059162,-1.570664,0.000000,0.000000,0.000000
76.02000000000001,ground_truth,1.867272,-8.059368,-1.570662,0.000000,0.000000,0.000000
76.04,ground_truth,1.867272,-8.059607,-1.570663,0.000000,0.000000,0.000000
76.06,ground_truth,1.867272,-8.059714,-1.570663,0.000000,0.000000,0.000000
76.08,ground_truth,1.867272,-8.059904,-1.570662,0.000000,0.000000,0.000000
76.10000000000001,ground_truth,1.867272,-8.060106,-1.570661,0.000000,0.000000,0.000000
76.12,ground_truth,1.867272,-8.060273,-1.570660,0.000000,0.000000,0.000000
76.14,ground_truth,1.867272,-8.060417,-1.570660,0.000000,0.000000,0.000000
76.16000000000001,ground_truth,1.867272,-8.060602,-1.570658,0.000000,0.000000,0.000000
76.18,ground_truth,1.867272,-8.060726,-1.570658,0.000000,0.000000,0.000000
76.2,ground_truth,1.867272,-8.060898,-1.570656,0.000000,0.000000,0.000000
76.22,ground_truth,1.867272,-8.061044,-1.570655,0.000000,0.000000,0.000000
76.24000000000001,ground_truth,1.867272,-8.061186,-1.570654,0.000000,0.000000,0.000000
76.26,ground_truth,1.867272,-8.061307,-1.570653,0.000000,0.000000,0.000000
76.28,ground_truth,1.867272,-8.061430,-1.570652,0.000000,0.000000,0.000000
76.30000000000001,ground_truth,1.867272,-8.061556,-1.570650,0.000000,0.000000,0.000000
76.32000000000001,ground_truth,1.867272,-8.061670,-1.570649,0.000000,0.000000,0.000000
76.34,ground_truth,1.867272,-8.061798,-1.570647,0.000000,0.000000,0.000000
76.36,ground_truth,1.867272,-8.061891,-1.570646,0.000000,0.000000,0.000000
76.38000000000001,ground_truth,1.867272,-8.062004,-1.570644,0.000000,0.000000,0.000000
76.4,ground_truth,1.867272,-8.062092,-1.570643,0.000000,0.000000,0.000000
76.42,ground_truth,1.867272,-8.062185,-1.570641,0.000000,0.000000,0.000000
76.44,ground_truth,1.867272,-8.062289,-1.570639,0.000000,0.000000,0.000000
76.46000000000001,ground_truth,1.867272,-8.062353,-1.570638,0.000000,0.000000,0.000000
76.48,ground_truth,1.867272,-8.062438,-1.570637,0.000000,0.000000,0.000000
76.5,ground_truth,1.867272,-8.062506,-1.570636,0.000000,0.000000,0.000000
76.52000000000001,ground_truth,1.867272,-8.062569,-1.570635,0.000000,0.000000,0.000000
76.54,ground_truth,1.867272,-8.062653,-1.570632,0.000000,0.000000,0.000000
76.56,ground_truth,1.867272,-8.062726,-1.570630,0.000000,0.000000,0.000000
76.58,ground_truth,1.867272,-8.062808,-1.570628,0.000000,0.000000,0.000000
76.60000000000001,ground_truth,1.867272,-8.062852,-1.570627,0.000000,0.000000,0.000000
76.62,ground_truth,1.867272,-8.062916,-1.570626,0.000000,0.000000,0.000000
76.64,ground_truth,1.867272,-8.062974,-1.570624,0.000000,0.000000,0.000000
76.66000000000001,ground_truth,1.867272,-8.063026,-1.570622,0.000000,0.000000,0.000000
76.68,ground_truth,1.867272,-8.063091,-1.570620,0.000000,0.000000,0.000000
76.7,ground_truth,1.867272,-8.063129,-1.570619,0.000000,0.000000,0.000000
76.72,ground_truth,1.867272,-8.063173,-1.570618,0.000000,0.000000,0.000000
76.74000000000001,ground_truth,1.867272,-8.063224,-1.570616,0.000000,0.000000,0.000000
76.76,ground_truth,1.867272,-8.063271,-1.570614,0.000000,0.000000,0.000000
76.78,ground_truth,1.867272,-8.063324,-1.570611,0.000000,0.000000,0.000000
76.80000000000001,ground_truth,1.867272,-8.063351,-1.570611,0.000000,0.000000,0.000000
0.068,pf,-0.007006,-0.000545,0.005169,0.250049,0.249061,0.197927
0.10200000000000001,pf,-0.007006,-0.000545,0.005169,0.250049,0.249061,0.197927
0.136,pf,-0.007006,-0.000545,0.005169,0.250049,0.249061,0.197927
0.17,pf,-0.007006,-0.000545,0.005169,0.250049,0.249061,0.197927
0.20400000000000001,pf,-0.007006,-0.000545,0.005169,0.250049,0.249061,0.197927
0.23800000000000002,pf,-0.007006,-0.000545,0.005169,0.250049,0.249061,0.197927
0.272,pf,-0.007006,-0.000545,0.005169,0.250049,0.249061,0.197927
0.306,pf,-0.007006,-0.000545,0.005169,0.250049,0.249061,0.197927
0.34,pf,-0.007006,-0.000545,0.005169,0.250049,0.249061,0.197927
0.374,pf,-0.007006,-0.000545,0.005169,0.250049,0.249061,0.197927
0.40800000000000003,pf,-0.007006,-0.000545,0.005169,0.250049,0.249061,0.197927
0.442,pf,-0.007006,-0.000545,0.005169,0.250049,0.249061,0.197927
0.47600000000000003,pf,-0.007006,-0.000545,0.005169,0.250049,0.249061,0.197927
0.51,pf,-0.007006,-0.000545,0.005169,0.250049,0.249061,0.197927
0.544,pf,-0.007006,-0.000545,0.005169,0.250049,0.249061,0.197927
0.5780000000000001,pf,-0.007006,-0.000545,0.005169,0.250049,0.249061,0.197927
0.612,pf,-0.007006,-0.000545,0.005169,0.250049,0.249061,0.197927
0.646,pf,-0.007006,-0.000545,0.005169,0.250049,0.249061,0.197927
0.68,pf,-0.007006,-0.000545,0.005169,0.250049,0.249061,0.197927
0.7140000000000001,pf,-0.007006,-0.000545,0.005169,0.250049,0.249061,0.197927
0.748,pf,-0.007006,-0.000545,0.005169,0.250049,0.249061,0.197927
0.782,pf,-0.007006,-0.000545,0.005169,0.250049,0.249061,0.197927
0.8160000000000001,pf,-0.007006,-0.000545,0.005169,0.250049,0.249061,0.197927
0.8500000000000001,pf,-0.007006,-0.000545,0.005169,0.250049,0.249061,0.197927
0.884,pf,-0.007006,-0.000545,0.005169,0.250049,0.249061,0.197927
0.918,pf,-0.007006,-0.000545,0.005169,0.250049,0.249061,0.197927
0.9520000000000001,pf,-0.007006,-0.000545,0.005169,0.250049,0.249061,0.197927
0.9860000000000001,pf,-0.007006,-0.000545,0.005169,0.250049,0.249061,0.197927
1.02,pf,-0.007006,-0.000545,0.005169,0.250049,0.249061,0.197927
1.054,pf,-0.007006,-0.000545,0.005169,0.250049,0.249061,0.197927
1.088,pf,-0.007006,-0.000545,0.005169,0.250049,0.249061,0.197927
1.122,pf,-0.007006,-0.000545,0.005169,0.250049,0.249061,0.197927
1.1560000000000001,pf,-0.007006,-0.000545,0.005169,0.250049,0.249061,0.197927
1.1900000000000002,pf,-0.007006,-0.000545,0.005169,0.250049,0.249061,0.197927
1.224,pf,-0.007006,-0.000545,0.005169,0.250049,0.249061,0.197927
1.258,pf,-0.007006,-0.000545,0.005169,0.250049,0.249061,0.197927
1.292,pf,-0.007006,-0.000545,0.005169,0.250049,0.249061,0.197927
1.326,pf,-0.007006,-0.000545,0.005169,0.250049,0.249061,0.197927
1.36,pf,-0.007006,-0.000545,0.005169,0.250049,0.249061,0.197927
1.3940000000000001,pf,-0.007006,-0.000545,0.005169,0.250049,0.249061,0.197927
1.4280000000000002,pf,-0.007006,-0.000545,0.005169,0.250049,0.249061,0.197927
1.4620000000000002,pf,-0.007006,-0.000545,0.005169,0.250049,0.249061,0.197927
1.496,pf,-0.007006,-0.000545,0.005169,0.250049,0.249061,0.197927
1.53,pf,-0.007006,-0.000545,0.005169,0.250049,0.249061,0.197927
1.564,pf,-0.007006,-0.000545,0.005169,0.250049,0.249061,0.197927
1.598,pf,-0.007006,-0.000545,0.005169,0.250049,0.249061,0.197927
1.6320000000000001,pf,-0.007006,-0.000545,0.005169,0.250049,0.249061,0.197927
1.6660000000000001,pf,-0.007006,-0.000545,0.005169,0.250049,0.249061,0.197927
1.7000000000000002,pf,-0.007006,-0.000545,0.005169,0.250049,0.249061,0.197927
1.7340000000000002,pf,-0.007006,-0.000545,0.005169,0.250049,0.249061,0.197927
1.768,pf,-0.007006,-0.000545,0.005169,0.250049,0.249061,0.197927
1.802,pf,-0.007006,-0.000545,0.005169,0.250049,0.249061,0.197927
1.836,pf,-0.007006,-0.000545,0.005169,0.250049,0.249061,0.197927
1.87,pf,-0.007006,-0.000545,0.005169,0.250049,0.249061,0.197927
1.9040000000000001,pf,-0.007006,-0.000545,0.005169,0.250049,0.249061,0.197927
1.9380000000000002,pf,-0.007006,-0.000545,0.005169,0.250049,0.249061,0.197927
1.9720000000000002,pf,-0.007006,-0.000545,0.005169,0.250049,0.249061,0.197927
2.0060000000000002,pf,-0.007006,-0.000545,0.005169,0.250049,0.249061,0.197927
2.04,pf,-0.007006,-0.000545,0.005169,0.250049,0.249061,0.197927
2.0740000000000003,pf,-0.007006,-0.000545,0.005169,0.250049,0.249061,0.197927
2.108,pf,-0.007006,-0.000545,0.005169,0.250049,0.249061,0.197927
2.1420000000000003,pf,-0.007006,-0.000545,0.005169,0.250049,0.249061,0.197927
2.176,pf,-0.007006,-0.000545,0.005169,0.250049,0.249061,0.197927
2.21,pf,-0.007006,-0.000545,0.005169,0.250049,0.249061,0.197927
2.244,pf,-0.007006,-0.000545,0.005169,0.250049,0.249061,0.197927
2.278,pf,-0.007006,-0.000545,0.005169,0.250049,0.249061,0.197927
2.3120000000000003,pf,-0.007006,-0.000545,0.005169,0.250049,0.249061,0.197927
2.346,pf,-0.007006,-0.000545,0.005169,0.250049,0.249061,0.197927
2.3800000000000003,pf,-0.007006,-0.000545,0.005169,0.250049,0.249061,0.197927
2.414,pf,-0.007006,-0.000545,0.005169,0.250049,0.249061,0.197927
2.448,pf,-0.007006,-0.000545,0.005169,0.250049,0.249061,0.197927
2.482,pf,-0.007006,-0.000545,0.005169,0.250049,0.249061,0.197927
2.516,pf,-0.007006,-0.000545,0.005169,0.250049,0.249061,0.197927
2.5500000000000003,pf,-0.007006,-0.000545,0.005169,0.250049,0.249061,0.197927
2.584,pf,-0.007006,-0.000545,0.005169,0.250049,0.249061,0.197927
2.6180000000000003,pf,-0.007006,-0.000545,0.005169,0.250049,0.249061,0.197927
2.652,pf,-0.007006,-0.000545,0.005169,0.250049,0.249061,0.197927
2.6860000000000004,pf,-0.007006,-0.000545,0.005169,0.250049,0.249061,0.197927
2.72,pf,-0.007006,-0.000545,0.005169,0.250049,0.249061,0.197927
2.754,pf,-0.007006,-0.000545,0.005169,0.250049,0.249061,0.197927
2.7880000000000003,pf,-0.007006,-0.000545,0.005169,0.250049,0.249061,0.197927
2.822,pf,-0.007006,-0.000545,0.005169,0.250049,0.249061,0.197927
2.8560000000000003,pf,-0.007006,-0.000545,0.005169,0.250049,0.249061,0.197927
2.89,pf,-0.007006,-0.000545,0.005169,0.250049,0.249061,0.197927
2.9240000000000004,pf,-0.007006,-0.000545,0.005169,0.250049,0.249061,0.197927
2.958,pf,-0.007006,-0.000545,0.005169,0.250049,0.249061,0.197927
2.992,pf,-0.007006,-0.000545,0.005169,0.250049,0.249061,0.197927
3.0260000000000002,pf,-0.007006,-0.000545,0.005169,0.250049,0.249061,0.197927
3.06,pf,-0.007006,-0.000545,0.005169,0.250049,0.249061,0.197927
3.0940000000000003,pf,-0.007006,-0.000545,0.005169,0.250049,0.249061,0.197927
3.128,pf,-0.007006,-0.000545,0.005169,0.250049,0.249061,0.197927
3.1620000000000004,pf,-0.007006,-0.000545,0.005169,0.250049,0.249061,0.197927
3.196,pf,-0.007006,-0.000545,0.005169,0.250049,0.249061,0.197927
3.23,pf,-0.007006,-0.000545,0.005169,0.250049,0.249061,0.197927
3.2640000000000002,pf,-0.007006,-0.000545,0.005169,0.250049,0.249061,0.197927
3.298,pf,-0.007006,-0.000545,0.005169,0.250049,0.249061,0.197927
3.3320000000000003,pf,-0.007006,-0.000545,0.005169,0.250049,0.249061,0.197927
3.366,pf,-0.007006,-0.000545,0.005169,0.250049,0.249061,0.197927
3.4000000000000004,pf,-0.007006,-0.000545,0.005169,0.250049,0.249061,0.197927
3.434,pf,-0.007006,-0.000545,0.005169,0.250049,0.249061,0.197927
3.4680000000000004,pf,-0.007006,-0.000545,0.005169,0.250049,0.249061,0.197927
3.5020000000000002,pf,-0.007006,-0.000545,0.005169,0.250049,0.249061,0.197927
3.536,pf,-0.007006,-0.000545,0.005169,0.250049,0.249061,0.197927
3.5700000000000003,pf,-0.007006,-0.000545,0.005169,0.250049,0.249061,0.197927
3.604,pf,-0.007006,-0.000545,0.005169,0.250049,0.249061,0.197927
3.6380000000000003,pf,-0.007006,-0.000545,0.005169,0.250049,0.249061,0.197927
3.672,pf,-0.007006,-0.000545,0.005169,0.250049,0.249061,0.197927
3.7060000000000004,pf,-0.007006,-0.000545,0.005169,0.250049,0.249061,0.197927
3.74,pf,-0.007006,-0.000545,0.005169,0.250049,0.249061,0.197927
3.774,pf,-0.007006,-0.000545,0.005169,0.250049,0.249061,0.197927
3.8080000000000003,pf,-0.007006,-0.000545,0.005169,0.250049,0.249061,0.197927
3.842,pf,-0.007006,-0.000545,0.005169,0.250049,0.249061,0.197927
3.8760000000000003,pf,-0.007006,-0.000545,0.005169,0.250049,0.249061,0.197927
3.91,pf,-0.007006,-0.000545,0.005169,0.250049,0.249061,0.197927
3.9440000000000004,pf,-0.007006,-0.000545,0.005169,0.250049,0.249061,0.197927
3.978,pf,-0.007006,-0.000545,0.005169,0.250049,0.249061,0.197927
4.0120000000000005,pf,-0.007006,-0.000545,0.005169,0.250049,0.249061,0.197927
4.046,pf,-0.007006,-0.000545,0.005169,0.250049,0.249061,0.197927
4.08,pf,-0.007006,-0.000545,0.005169,0.250049,0.249061,0.197927
4.114,pf,-0.007006,-0.000545,0.005169,0.250049,0.249061,0.197927
4.148000000000001,pf,-0.007006,-0.000545,0.005169,0.250049,0.249061,0.197927
4.182,pf,-0.007006,-0.000545,0.005169,0.250049,0.249061,0.197927
4.216,pf,-0.007006,-0.000545,0.005169,0.250049,0.249061,0.197927
4.25,pf,-0.007006,-0.000545,0.005169,0.250049,0.249061,0.197927
4.284000000000001,pf,-0.007006,-0.000545,0.005169,0.250049,0.249061,0.197927
4.3180000000000005,pf,-0.007006,-0.000545,0.005169,0.250049,0.249061,0.197927
4.352,pf,-0.007006,-0.000545,0.005169,0.250049,0.249061,0.197927
4.386,pf,-0.007006,-0.000545,0.005169,0.250049,0.249061,0.197927
4.42,pf,-0.007006,-0.000545,0.005169,0.250049,0.249061,0.197927
4.454000000000001,pf,-0.007006,-0.000545,0.005169,0.250049,0.249061,0.197927
4.488,pf,-0.007006,-0.000545,0.005169,0.250049,0.249061,0.197927
4.522,pf,-0.007006,-0.000545,0.005169,0.250049,0.249061,0.197927
4.556,pf,-0.007006,-0.000545,0.005169,0.250049,0.249061,0.197927
4.59,pf,-0.007006,-0.000545,0.005169,0.250049,0.249061,0.197927
4.6240000000000006,pf,-0.007006,-0.000545,0.005169,0.250049,0.249061,0.197927
4.658,pf,-0.007006,-0.000545,0.005169,0.250049,0.249061,0.197927
4.692,pf,-0.007006,-0.000545,0.005169,0.250049,0.249061,0.197927
4.726,pf,-0.007006,-0.000545,0.005169,0.250049,0.249061,0.197927
4.760000000000001,pf,-0.007006,-0.000545,0.005169,0.250049,0.249061,0.197927
4.7940000000000005,pf,-0.007006,-0.000545,0.005169,0.250049,0.249061,0.197927
4.828,pf,-0.007006,-0.000545,0.005169,0.250049,0.249061,0.197927
4.862,pf,-0.007006,-0.000545,0.005169,0.250049,0.249061,0.197927
4.896,pf,-0.007006,-0.000545,0.005169,0.250049,0.249061,0.197927
4.930000000000001,pf,-0.007006,-0.000545,0.005169,0.250049,0.249061,0.197927
4.964,pf,-0.007006,-0.000545,0.005169,0.250049,0.249061,0.197927
4.998,pf,-0.007006,-0.000545,0.005169,0.250049,0.249061,0.197927
5.032,pf,-0.007006,-0.000545,0.005169,0.250049,0.249061,0.197927
5.066000000000001,pf,-0.007006,-0.000545,0.005169,0.250049,0.249061,0.197927
5.1000000000000005,pf,-0.007006,-0.000545,0.005169,0.250049,0.249061,0.197927
5.134,pf,-0.007006,-0.000545,0.005169,0.250049,0.249061,0.197927
5.168,pf,-0.007006,-0.000545,0.005169,0.250049,0.249061,0.197927
5.202,pf,-0.007006,-0.000545,0.005169,0.250049,0.249061,0.197927
5.236000000000001,pf,-0.007006,-0.000545,0.005169,0.250049,0.249061,0.197927
5.2700000000000005,pf,-0.007006,-0.000545,0.005169,0.250049,0.249061,0.197927
5.304,pf,-0.007006,-0.000545,0.005169,0.250049,0.249061,0.197927
5.338,pf,-0.007006,-0.000545,0.005169,0.250049,0.249061,0.197927
5.372000000000001,pf,-0.007006,-0.000545,0.005169,0.250049,0.249061,0.197927
5.406000000000001,pf,-0.007006,-0.000545,0.005169,0.250049,0.249061,0.197927
5.44,pf,-0.007006,-0.000545,0.005169,0.250049,0.249061,0.197927
5.474,pf,-0.007006,-0.000545,0.005169,0.250049,0.249061,0.197927
5.508,pf,-0.007006,-0.000545,0.005169,0.250049,0.249061,0.197927
5.542000000000001,pf,-0.007006,-0.000545,0.005169,0.250049,0.249061,0.197927
5.5760000000000005,pf,-0.007006,-0.000545,0.005169,0.250049,0.249061,0.197927
5.61,pf,-0.007006,-0.000545,0.005169,0.250049,0.249061,0.197927
5.644,pf,-0.007006,-0.000545,0.005169,0.250049,0.249061,0.197927
5.678,pf,-0.007006,-0.000545,0.005169,0.250049,0.249061,0.197927
5.712000000000001,pf,-0.007006,-0.000545,0.005169,0.250049,0.249061,0.197927
5.746,pf,-0.007006,-0.000545,0.005169,0.250049,0.249061,0.197927
5.78,pf,-0.007006,-0.000545,0.005169,0.250049,0.249061,0.197927
5.814,pf,-0.007006,-0.000545,0.005169,0.250049,0.249061,0.197927
5.848000000000001,pf,-0.007006,-0.000545,0.005169,0.250049,0.249061,0.197927
5.882000000000001,pf,-0.007006,-0.000545,0.005169,0.250049,0.249061,0.197927
5.916,pf,-0.007006,-0.000545,0.005169,0.250049,0.249061,0.197927
5.95,pf,-0.007006,-0.000545,0.005169,0.250049,0.249061,0.197927
5.984,pf,-0.007006,-0.000545,0.005169,0.250049,0.249061,0.197927
6.018000000000001,pf,-0.007006,-0.000545,0.005169,0.250049,0.249061,0.197927
6.0520000000000005,pf,-0.007006,-0.000545,0.005169,0.250049,0.249061,0.197927
6.086,pf,-0.007006,-0.000545,0.005169,0.250049,0.249061,0.197927
6.12,pf,-0.007006,-0.000545,0.005169,0.250049,0.249061,0.197927
6.154000000000001,pf,-0.007006,-0.000545,0.005169,0.250049,0.249061,0.197927
6.188000000000001,pf,-0.007006,-0.000545,0.005169,0.250049,0.249061,0.197927
6.222,pf,-0.007006,-0.000545,0.005169,0.250049,0.249061,0.197927
6.256,pf,-0.007006,-0.000545,0.005169,0.250049,0.249061,0.197927
6.29,pf,-0.007006,-0.000545,0.005169,0.250049,0.249061,0.197927
6.324000000000001,pf,-0.007006,-0.000545,0.005169,0.250049,0.249061,0.197927
6.3580000000000005,pf,-0.007006,-0.000545,0.005169,0.250049,0.249061,0.197927
6.392,pf,-0.007006,-0.000545,0.005169,0.250049,0.249061,0.197927
6.426,pf,-0.007006,-0.000545,0.005169,0.250049,0.249061,0.197927
6.46,pf,-0.007006,-0.000545,0.005169,0.250049,0.249061,0.197927
6.494000000000001,pf,-0.007006,-0.000545,0.005169,0.250049,0.249061,0.197927
6.5280000000000005,pf,-0.007006,-0.000545,0.005169,0.250049,0.249061,0.197927
6.562,pf,-0.007006,-0.000545,0.005169,0.250049,0.249061,0.197927
6.596,pf,-0.007006,-0.000545,0.005169,0.250049,0.249061,0.197927
6.630000000000001,pf,-0.007006,-0.000545,0.005169,0.250049,0.249061,0.197927
6.664000000000001,pf,-0.007006,-0.000545,0.005169,0.250049,0.249061,0.197927
6.698,pf,-0.007006,-0.000545,0.005169,0.250049,0.249061,0.197927
6.732,pf,-0.007006,-0.000545,0.005169,0.250049,0.249061,0.197927
6.766,pf,-0.007006,-0.000545,0.005169,0.250049,0.249061,0.197927
6.800000000000001,pf,-0.007006,-0.000545,0.005169,0.250049,0.249061,0.197927
6.8340000000000005,pf,-0.007006,-0.000545,0.005169,0.250049,0.249061,0.197927
6.868,pf,-0.007006,-0.000545,0.005169,0.250049,0.249061,0.197927
6.902,pf,-0.007006,-0.000545,0.005169,0.250049,0.249061,0.197927
6.936000000000001,pf,-0.007006,-0.000545,0.005169,0.250049,0.249061,0.197927
6.970000000000001,pf,-0.007006,-0.000545,0.005169,0.250049,0.249061,0.197927
7.0040000000000004,pf,-0.007006,-0.000545,0.005169,0.250049,0.249061,0.197927
7.038,pf,-0.007006,-0.000545,0.005169,0.250049,0.249061,0.197927
7.072,pf,-0.007006,-0.000545,0.005169,0.250049,0.249061,0.197927
7.106000000000001,pf,-0.007006,-0.000545,0.005169,0.250049,0.249061,0.197927
7.140000000000001,pf,-0.007006,-0.000545,0.005169,0.250049,0.249061,0.197927
7.174,pf,-0.007006,-0.000545,0.005169,0.250049,0.249061,0.197927
7.208,pf,-0.007006,-0.000545,0.005169,0.250049,0.249061,0.197927
7.242000000000001,pf,-0.007006,-0.000545,0.005169,0.250049,0.249061,0.197927
7.276000000000001,pf,-0.007006,-0.000545,0.005169,0.250049,0.249061,0.197927
7.3100000000000005,pf,-0.007006,-0.000545,0.005169,0.250049,0.249061,0.197927
7.344,pf,-0.007006,-0.000545,0.005169,0.250049,0.249061,0.197927
7.378,pf,-0.007006,-0.000545,0.005169,0.250049,0.249061,0.197927
7.412000000000001,pf,-0.007006,-0.000545,0.005169,0.250049,0.249061,0.197927
7.446000000000001,pf,-0.007006,-0.000545,0.005169,0.250049,0.249061,0.197927
7.48,pf,-0.007006,-0.000545,0.005169,0.250049,0.249061,0.197927
7.514,pf,-0.007006,-0.000545,0.005169,0.250049,0.249061,0.197927
7.548,pf,-0.007006,-0.000545,0.005169,0.250049,0.249061,0.197927
7.582000000000001,pf,-0.007006,-0.000545,0.005169,0.250049,0.249061,0.197927
7.6160000000000005,pf,-0.007006,-0.000545,0.005169,0.250049,0.249061,0.197927
7.65,pf,-0.007006,-0.000545,0.005169,0.250049,0.249061,0.197927
7.684,pf,-0.007006,-0.000545,0.005169,0.250049,0.249061,0.197927
7.718000000000001,pf,-0.007006,-0.000545,0.005169,0.250049,0.249061,0.197927
7.752000000000001,pf,-0.007006,-0.000545,0.005169,0.250049,0.249061,0.197927
7.7860000000000005,pf,-0.007006,-0.000545,0.005169,0.250049,0.249061,0.197927
7.82,pf,-0.007006,-0.000545,0.005169,0.250049,0.249061,0.197927
7.854,pf,-0.007006,-0.000545,0.005169,0.250049,0.249061,0.197927
7.888000000000001,pf,-0.007006,-0.000545,0.005169,0.250049,0.249061,0.197927
7.922000000000001,pf,-0.007006,-0.000545,0.005169,0.250049,0.249061,0.197927
7.956,pf,-0.007006,-0.000545,0.005169,0.250049,0.249061,0.197927
7.99,pf,-0.007006,-0.000545,0.005169,0.250049,0.249061,0.197927
8.024000000000001,pf,-0.007006,-0.000545,0.005169,0.250049,0.249061,0.197927
8.058,pf,-0.007006,-0.000545,0.005169,0.250049,0.249061,0.197927
8.092,pf,-0.007006,-0.000545,0.005169,0.250049,0.249061,0.197927
8.126000000000001,pf,-0.007006,-0.000545,0.005169,0.250049,0.249061,0.197927
8.16,pf,-0.007006,-0.000545,0.005169,0.250049,0.249061,0.197927
8.194,pf,-0.007006,-0.000545,0.005169,0.250049,0.249061,0.197927
8.228,pf,-0.007006,-0.000545,0.005169,0.250049,0.249061,0.197927
8.262,pf,-0.007006,-0.000545,0.005169,0.250049,0.249061,0.197927
8.296000000000001,pf,-0.007006,-0.000545,0.005169,0.250049,0.249061,0.197927
8.33,pf,-0.007006,-0.000545,0.005169,0.250049,0.249061,0.197927
8.364,pf,-0.007006,-0.000545,0.005169,0.250049,0.249061,0.197927
8.398,pf,-0.007006,-0.000545,0.005169,0.250049,0.249061,0.197927
8.432,pf,-0.007006,-0.000545,0.005169,0.250049,0.249061,0.197927
8.466000000000001,pf,-0.007006,-0.000545,0.005169,0.250049,0.249061,0.197927
8.5,pf,-0.007006,-0.000545,0.005169,0.250049,0.249061,0.197927
8.534,pf,-0.007006,-0.000545,0.005169,0.250049,0.249061,0.197927
8.568000000000001,pf,-0.007006,-0.000545,0.005169,0.250049,0.249061,0.197927
8.602,pf,-0.007006,-0.000545,0.005169,0.250049,0.249061,0.197927
8.636000000000001,pf,-0.007006,-0.000545,0.005169,0.250049,0.249061,0.197927
8.67,pf,-0.007006,-0.000545,0.005169,0.250049,0.249061,0.197927
8.704,pf,-0.007006,-0.000545,0.005169,0.250049,0.249061,0.197927
8.738000000000001,pf,-0.007006,-0.000545,0.005169,0.250049,0.249061,0.197927
8.772,pf,-0.007006,-0.000545,0.005169,0.250049,0.249061,0.197927
8.806000000000001,pf,-0.007006,-0.000545,0.005169,0.250049,0.249061,0.197927
8.84,pf,-0.007006,-0.000545,0.005169,0.250049,0.249061,0.197927
8.874,pf,-0.007006,-0.000545,0.005169,0.250049,0.249061,0.197927
8.908000000000001,pf,-0.007006,-0.000545,0.005169,0.250049,0.249061,0.197927
8.942,pf,-0.007006,-0.000545,0.005169,0.250049,0.249061,0.197927
8.976,pf,-0.007006,-0.000545,0.005169,0.250049,0.249061,0.197927
9.01,pf,-0.007006,-0.000545,0.005169,0.250049,0.249061,0.197927
9.044,pf,-0.007006,-0.000545,0.005169,0.250049,0.249061,0.197927
9.078000000000001,pf,-0.007006,-0.000545,0.005169,0.250049,0.249061,0.197927
9.112,pf,-0.007006,-0.000545,0.005169,0.250049,0.249061,0.197927
9.146,pf,-0.007006,-0.000545,0.005169,0.250049,0.249061,0.197927
9.18,pf,-0.007006,-0.000545,0.005169,0.250049,0.249061,0.197927
9.214,pf,-0.007006,-0.000545,0.005169,0.250049,0.249061,0.197927
9.248000000000001,pf,-0.007006,-0.000545,0.005169,0.250049,0.249061,0.197927
9.282,pf,-0.007006,-0.000545,0.005169,0.250049,0.249061,0.197927
9.316,pf,-0.007006,-0.000545,0.005169,0.250049,0.249061,0.197927
9.350000000000001,pf,-0.007006,-0.000545,0.005169,0.250049,0.249061,0.197927
9.384,pf,-0.007006,-0.000545,0.005169,0.250049,0.249061,0.197927
9.418000000000001,pf,-0.007006,-0.000545,0.005169,0.250049,0.249061,0.197927
9.452,pf,-0.007006,-0.000545,0.005169,0.250049,0.249061,0.197927
9.486,pf,-0.007006,-0.000545,0.005169,0.250049,0.249061,0.197927
9.520000000000001,pf,-0.007006,-0.000545,0.005169,0.250049,0.249061,0.197927
9.554,pf,-0.007006,-0.000545,0.005169,0.250049,0.249061,0.197927
9.588000000000001,pf,-0.007006,-0.000545,0.005169,0.250049,0.249061,0.197927
9.622,pf,-0.007006,-0.000545,0.005169,0.250049,0.249061,0.197927
9.656,pf,-0.007006,-0.000545,0.005169,0.250049,0.249061,0.197927
9.690000000000001,pf,-0.007006,-0.000545,0.005169,0.250049,0.249061,0.197927
9.724,pf,-0.007006,-0.000545,0.005169,0.250049,0.249061,0.197927
9.758000000000001,pf,-0.007006,-0.000545,0.005169,0.250049,0.249061,0.197927
9.792,pf,-0.007006,-0.000545,0.005169,0.250049,0.249061,0.197927
9.826,pf,-0.007006,-0.000545,0.005169,0.250049,0.249061,0.197927
9.860000000000001,pf,-0.007006,-0.000545,0.005169,0.250049,0.249061,0.197927
9.894,pf,-0.007006,-0.000545,0.005169,0.250049,0.249061,0.197927
9.928,pf,-0.007006,-0.000545,0.005169,0.250049,0.249061,0.197927
9.962,pf,-0.007006,-0.000545,0.005169,0.250049,0.249061,0.197927
9.996,pf,-0.007006,-0.000545,0.005169,0.250049,0.249061,0.197927
10.030000000000001,pf,-0.007006,-0.000545,0.005169,0.250049,0.249061,0.197927
10.064,pf,-0.007006,-0.000545,0.005169,0.250049,0.249061,0.197927
10.098,pf,-0.007006,-0.000545,0.005169,0.250049,0.249061,0.197927
10.132000000000001,pf,-0.007006,-0.000545,0.005169,0.250049,0.249061,0.197927
10.166,pf,-0.007006,-0.000545,0.005169,0.250049,0.249061,0.197927
10.200000000000001,pf,-0.007006,-0.000545,0.005169,0.250049,0.249061,0.197927
10.234,pf,-0.007006,-0.000545,0.005169,0.250049,0.249061,0.197927
10.268,pf,-0.007006,-0.000545,0.005169,0.250049,0.249061,0.197927
10.302000000000001,pf,-0.007006,-0.000545,0.005169,0.250049,0.249061,0.197927
10.336,pf,-0.007006,-0.000545,0.005169,0.250049,0.249061,0.197927
10.370000000000001,pf,-0.007006,-0.000545,0.005169,0.250049,0.249061,0.197927
10.404,pf,-0.007006,-0.000545,0.005169,0.250049,0.249061,0.197927
10.438,pf,-0.007006,-0.000545,0.005169,0.250049,0.249061,0.197927
10.472000000000001,pf,-0.007006,-0.000545,0.005169,0.250049,0.249061,0.197927
10.506,pf,-0.007006,-0.000545,0.005169,0.250049,0.249061,0.197927
10.540000000000001,pf,-0.007006,-0.000545,0.005169,0.250049,0.249061,0.197927
10.574,pf,-0.007006,-0.000545,0.005169,0.250049,0.249061,0.197927
10.608,pf,-0.007006,-0.000545,0.005169,0.250049,0.249061,0.197927
10.642000000000001,pf,-0.007006,-0.000545,0.005169,0.250049,0.249061,0.197927
10.676,pf,-0.007006,-0.000545,0.005169,0.250049,0.249061,0.197927
10.71,pf,-0.007006,-0.000545,0.005169,0.250049,0.249061,0.197927
10.744000000000002,pf,-0.007006,-0.000545,0.005169,0.250049,0.249061,0.197927
10.778,pf,-0.007006,-0.000545,0.005169,0.250049,0.249061,0.197927
10.812000000000001,pf,-0.007006,-0.000545,0.005169,0.250049,0.249061,0.197927
10.846,pf,-0.007006,-0.000545,0.005169,0.250049,0.249061,0.197927
10.88,pf,-0.007006,-0.000545,0.005169,0.250049,0.249061,0.197927
10.914000000000001,pf,-0.007006,-0.000545,0.005169,0.250049,0.249061,0.197927
10.948,pf,-0.007006,-0.000545,0.005169,0.250049,0.249061,0.197927
10.982000000000001,pf,-0.007006,-0.000545,0.005169,0.250049,0.249061,0.197927
11.016,pf,-0.007006,-0.000545,0.005169,0.250049,0.249061,0.197927
11.05,pf,-0.007006,-0.000545,0.005169,0.250049,0.249061,0.197927
11.084000000000001,pf,-0.007006,-0.000545,0.005169,0.250049,0.249061,0.197927
11.118,pf,-0.007006,-0.000545,0.005169,0.250049,0.249061,0.197927
11.152000000000001,pf,-0.007006,-0.000545,0.005169,0.250049,0.249061,0.197927
11.186,pf,-0.007006,-0.000545,0.005169,0.250049,0.249061,0.197927
11.22,pf,-0.007006,-0.000545,0.005169,0.250049,0.249061,0.197927
11.254000000000001,pf,-0.007006,-0.000545,0.005169,0.250049,0.249061,0.197927
11.288,pf,-0.007006,-0.000545,0.005169,0.250049,0.249061,0.197927
11.322000000000001,pf,-0.007006,-0.000545,0.005169,0.250049,0.249061,0.197927
11.356,pf,-0.007006,-0.000545,0.005169,0.250049,0.249061,0.197927
11.39,pf,-0.007006,-0.000545,0.005169,0.250049,0.249061,0.197927
11.424000000000001,pf,-0.007006,-0.000545,0.005169,0.250049,0.249061,0.197927
11.458,pf,-0.007006,-0.000545,0.005169,0.250049,0.249061,0.197927
11.492,pf,-0.007006,-0.000545,0.005169,0.250049,0.249061,0.197927
11.526000000000002,pf,-0.007006,-0.000545,0.005169,0.250049,0.249061,0.197927
11.56,pf,-0.007006,-0.000545,0.005169,0.250049,0.249061,0.197927
11.594000000000001,pf,-0.007006,-0.000545,0.005169,0.250049,0.249061,0.197927
11.628,pf,-0.007006,-0.000545,0.005169,0.250049,0.249061,0.197927
11.662,pf,-0.007006,-0.000545,0.005169,0.250049,0.249061,0.197927
11.696000000000002,pf,-0.007006,-0.000545,0.005169,0.250049,0.249061,0.197927
11.73,pf,-0.007006,-0.000545,0.005169,0.250049,0.249061,0.197927
11.764000000000001,pf,-0.007006,-0.000545,0.005169,0.250049,0.249061,0.197927
11.798,pf,-0.007006,-0.000545,0.005169,0.250049,0.249061,0.197927
11.832,pf,-0.007006,-0.000545,0.005169,0.250049,0.249061,0.197927
11.866000000000001,pf,-0.007006,-0.000545,0.005169,0.250049,0.249061,0.197927
11.9,pf,-0.007006,-0.000545,0.005169,0.250049,0.249061,0.197927
11.934000000000001,pf,-0.007006,-0.000545,0.005169,0.250049,0.249061,0.197927
11.968,pf,-0.007006,-0.000545,0.005169,0.250049,0.249061,0.197927
12.002,pf,-0.007006,-0.000545,0.005169,0.250049,0.249061,0.197927
12.036000000000001,pf,-0.007006,-0.000545,0.005169,0.250049,0.249061,0.197927
12.07,pf,-0.007006,-0.000545,0.005169,0.250049,0.249061,0.197927
12.104000000000001,pf,-0.007006,-0.000545,0.005169,0.250049,0.249061,0.197927
12.138,pf,-0.007006,-0.000545,0.005169,0.250049,0.249061,0.197927
12.172,pf,-0.007006,-0.000545,0.005169,0.250049,0.249061,0.197927
12.206000000000001,pf,-0.007006,-0.000545,0.005169,0.250049,0.249061,0.197927
12.24,pf,-0.007006,-0.000545,0.005169,0.250049,0.249061,0.197927
12.274000000000001,pf,-0.007006,-0.000545,0.005169,0.250049,0.249061,0.197927
12.308000000000002,pf,-0.007006,-0.000545,0.005169,0.250049,0.249061,0.197927
12.342,pf,-0.007006,-0.000545,0.005169,0.250049,0.249061,0.197927
12.376000000000001,pf,-0.007006,-0.000545,0.005169,0.250049,0.249061,0.197927
12.41,pf,-0.007006,-0.000545,0.005169,0.250049,0.249061,0.197927
12.444,pf,-0.007006,-0.000545,0.005169,0.250049,0.249061,0.197927
12.478000000000002,pf,-0.007006,-0.000545,0.005169,0.250049,0.249061,0.197927
12.512,pf,-0.007006,-0.000545,0.005169,0.250049,0.249061,0.197927
12.546000000000001,pf,-0.007006,-0.000545,0.005169,0.250049,0.249061,0.197927
12.58,pf,-0.007006,-0.000545,0.005169,0.250049,0.249061,0.197927
12.614,pf,-0.007006,-0.000545,0.005169,0.250049,0.249061,0.197927
12.648000000000001,pf,-0.007006,-0.000545,0.005169,0.250049,0.249061,0.197927
12.682,pf,-0.007006,-0.000545,0.005169,0.250049,0.249061,0.197927
12.716000000000001,pf,-0.007006,-0.000545,0.005169,0.250049,0.249061,0.197927
12.75,pf,-0.007006,-0.000545,0.005169,0.250049,0.249061,0.197927
12.784,pf,-0.007006,-0.000545,0.005169,0.250049,0.249061,0.197927
12.818000000000001,pf,-0.007006,-0.000545,0.005169,0.250049,0.249061,0.197927
12.852,pf,-0.007006,-0.000545,0.005169,0.250049,0.249061,0.197927
12.886000000000001,pf,-0.007006,-0.000545,0.005169,0.250049,0.249061,0.197927
12.92,pf,-0.007006,-0.000545,0.005169,0.250049,0.249061,0.197927
12.954,pf,-0.007006,-0.000545,0.005169,0.250049,0.249061,0.197927
12.988000000000001,pf,-0.007006,-0.000545,0.005169,0.250049,0.249061,0.197927
13.022,pf,-0.007006,-0.000545,0.005169,0.250049,0.249061,0.197927
13.056000000000001,pf,-0.007006,-0.000545,0.005169,0.250049,0.249061,0.197927
13.090000000000002,pf,-0.007309,-0.000495,0.096275,0.250049,0.249061,0.197927
13.124,pf,-0.047942,-0.004706,0.236143,0.250049,0.249061,0.197927
13.100000000000001,pf,-0.032455,-0.005019,0.030172,0.099289,0.110373,0.022725
13.158000000000001,pf,-0.011314,-0.003691,0.140832,0.099289,0.110373,0.022725
13.15,pf,-0.001431,0.009402,0.122829,0.078951,0.082749,0.014131
13.192,pf,0.016277,0.011585,0.235097,0.078951,0.082749,0.014131
13.226,pf,-0.001375,0.010020,0.356101,0.078951,0.082749,0.014131
13.200000000000001,pf,0.003763,0.008397,0.252178,0.066417,0.073687,0.019683
13.260000000000002,pf,-0.011369,0.004367,0.381437,0.066417,0.073687,0.019683
13.294,pf,0.000306,0.009437,0.483938,0.066417,0.073687,0.019683
13.328000000000001,pf,-0.008912,0.003796,0.612153,0.066417,0.073687,0.019683
13.3,pf,0.006337,-0.001959,0.565940,0.072041,0.067707,0.024871
13.362,pf,0.007851,-0.000935,0.658971,0.072041,0.067707,0.024871
13.350000000000001,pf,0.015623,0.002148,0.726644,0.060593,0.056605,0.016438
13.396,pf,0.068381,0.047070,0.753839,0.060593,0.056605,0.016438
13.4,pf,0.041406,0.035364,0.866490,0.048149,0.021838,0.011560
13.430000000000001,pf,0.059046,0.058681,0.969615,0.048149,0.021838,0.011560
13.464,pf,0.059806,0.059844,1.058441,0.048149,0.021838,0.011560
13.450000000000001,pf,0.051529,0.055272,1.069684,0.053804,0.042202,0.025406
13.498000000000001,pf,0.056453,0.063420,1.152243,0.053804,0.042202,0.025406
13.5,pf,0.049888,0.050482,1.207835,0.045161,0.033599,0.019677
13.532,pf,0.050114,0.051368,1.297424,0.045161,0.033599,0.019677
13.566,pf,0.049678,0.049672,1.341710,0.045161,0.033599,0.019677
13.55,pf,0.052426,0.049309,1.351276,0.043858,0.043064,0.022931
13.600000000000001,pf,0.052396,0.049126,1.439392,0.043858,0.043064,0.022931
13.600000000000001,pf,0.051838,0.048184,1.459377,0.041281,0.046287,0.019883
13.634,pf,0.047758,0.076909,1.546849,0.041281,0.046287,0.019883
13.65,pf,0.051924,0.014673,1.604955,0.043703,0.072224,0.023278
13.668000000000001,pf,0.051998,0.013299,1.669895,0.043703,0.072224,0.023278
13.702000000000002,pf,0.047858,0.073502,1.753429,0.043703,0.072224,0.023278
13.700000000000001,pf,0.054566,0.034942,1.712406,0.041210,0.073890,0.021512
13.736,pf,0.054626,0.034727,1.770850,0.041210,0.073890,0.021512
13.75,pf,0.057947,0.025107,1.785284,0.039327,0.072379,0.016913
13.770000000000001,pf,0.059128,0.021520,1.852112,0.039327,0.072379,0.016913
13.804,pf,0.059701,0.019814,1.911819,0.039327,0.072379,0.016913
13.8,pf,0.063280,0.024603,1.896225,0.039381,0.067608,0.019896
13.838000000000001,pf,0.053112,0.054998,1.942269,0.039381,0.067608,0.019896
13.872000000000002,pf,0.053602,0.053902,2.005730,0.039381,0.067608,0.019896
13.906,pf,0.056610,0.047409,2.103933,0.039381,0.067608,0.019896
13.9,pf,0.067144,0.022863,2.042261,0.039856,0.071581,0.024662
13.940000000000001,pf,0.067727,0.021814,2.098711,0.039856,0.071581,0.024662
13.950000000000001,pf,0.069752,0.017971,2.102389,0.039113,0.068063,0.022665
13.974,pf,0.070070,0.017462,2.143437,0.039113,0.068063,0.022665
14.008000000000001,pf,0.071878,0.014543,2.120654,0.039113,0.068063,0.022665
14.042000000000002,pf,0.071141,0.015733,2.160805,0.039113,0.068063,0.022665
14.05,pf,0.080809,0.006848,2.193196,0.037608,0.059031,0.015436
14.076,pf,0.080704,0.007020,2.238023,0.037608,0.059031,0.015436
14.110000000000001,pf,0.066223,0.065795,2.257142,0.037608,0.059031,0.015436
14.100000000000001,pf,0.090925,-0.012744,2.270611,0.045382,0.099142,0.023811
14.144,pf,0.091202,-0.013033,2.299786,0.045382,0.099142,0.023811
14.178,pf,0.092159,-0.014055,2.333220,0.045382,0.099142,0.023811
14.212000000000002,pf,0.094550,-0.016472,2.368272,0.045382,0.099142,0.023811
14.200000000000001,pf,0.095203,-0.021665,2.358739,0.044846,0.083739,0.020235
14.246,pf,0.054939,0.019240,2.400994,0.044846,0.083739,0.020235
14.25,pf,0.063121,0.002805,2.402350,0.045947,0.077765,0.018682
14.280000000000001,pf,0.065665,0.000550,2.429583,0.045947,0.077765,0.018682
14.314,pf,0.068266,-0.001640,2.453214,0.045947,0.077765,0.018682
14.3,pf,0.078600,-0.019829,2.445010,0.044375,0.068533,0.018648
14.348,pf,0.079224,-0.020330,2.470012,0.044375,0.068533,0.018648
14.382000000000001,pf,0.109990,-0.030693,2.527438,0.044375,0.068533,0.018648
14.416,pf,0.081390,-0.012325,2.611697,0.044375,0.068533,0.018648
14.4,pf,0.083585,-0.019675,2.518086,0.044590,0.063742,0.018037
14.450000000000001,pf,0.067783,-0.009334,2.587382,0.044590,0.063742,0.018037
14.450000000000001,pf,0.074510,-0.022240,2.567669,0.043960,0.059824,0.017593
14.484000000000002,pf,0.045382,-0.004713,2.637045,0.043960,0.059824,0.017593
14.518,pf,0.006647,0.016737,2.671660,0.043960,0.059824,0.017593
14.500000000000002,pf,0.033411,-0.004724,2.628882,0.047997,0.056866,0.019205
14.552000000000001,pf,0.003245,0.010953,2.686208,0.047997,0.056866,0.019205
14.55,pf,0.017139,0.001904,2.694139,0.047147,0.053989,0.016440
14.586,pf,-0.013785,0.016033,2.727758,0.047147,0.053989,0.016440
14.620000000000001,pf,-0.065213,0.038373,2.801064,0.047147,0.053989,0.016440
14.600000000000001,pf,-0.020126,0.015209,2.757179,0.046634,0.049520,0.016653
14.654000000000002,pf,-0.050958,0.027222,2.778359,0.046634,0.049520,0.016653
14.688,pf,-0.082878,0.038932,2.798232,0.046634,0.049520,0.016653
14.722000000000001,pf,-0.112585,0.049350,2.810187,0.046634,0.049520,0.016653
14.700000000000001,pf,-0.088478,0.031730,2.832868,0.053025,0.044047,0.013392
14.756,pf,-0.092114,0.036138,2.772169,0.053025,0.044047,0.013392
14.750000000000002,pf,-0.063361,0.034625,2.831227,0.057617,0.037654,0.008341
14.790000000000001,pf,-0.093447,0.044100,2.839234,0.057617,0.037654,0.008341
14.824000000000002,pf,-0.118830,0.051976,2.842142,0.057617,0.037654,0.008341
14.8,pf,-0.107194,0.046418,2.859200,0.062781,0.035757,0.012025
14.858,pf,-0.130833,0.053258,2.859982,0.062781,0.035757,0.012025
14.892000000000001,pf,-0.117525,0.047659,2.872361,0.062781,0.035757,0.012025
14.926,pf,-0.150312,0.056661,2.875168,0.062781,0.035757,0.012025
14.96,pf,-0.183116,0.065598,2.876167,0.062781,0.035757,0.012025
14.950000000000001,pf,-0.173512,0.064103,2.879501,0.065830,0.035393,0.017817
14.994000000000002,pf,-0.204170,0.067419,2.940081,0.065830,0.035393,0.017817
15.000000000000002,pf,-0.191795,0.068119,2.885529,0.079456,0.036974,0.018169
15.028,pf,-0.224689,0.076720,2.886181,0.079456,0.036974,0.018169
15.062000000000001,pf,-0.257588,0.085302,2.886591,0.079456,0.036974,0.018169
15.096,pf,-0.260774,0.086291,2.878461,0.079456,0.036974,0.018169
15.13,pf,-0.293605,0.095129,2.878822,0.079456,0.036974,0.018169
15.100000000000001,pf,-0.282320,0.093273,2.879896,0.074419,0.035392,0.017546
15.164000000000001,pf,-0.312823,0.101440,2.880129,0.074419,0.035392,0.017546
15.198,pf,-0.343407,0.109623,2.880242,0.074419,0.035392,0.017546
15.232000000000001,pf,-0.374815,0.120978,2.894972,0.074419,0.035392,0.017546
15.200000000000001,pf,-0.381189,0.124637,2.879546,0.079093,0.036055,0.020828
15.266000000000002,pf,-0.410705,0.132555,2.879460,0.079093,0.036055,0.020828
15.3,pf,-0.438052,0.139892,2.879434,0.079093,0.036055,0.020828
15.3,pf,-0.447562,0.142971,2.876977,0.074783,0.035596,0.019524
15.334000000000001,pf,-0.473621,0.150035,2.876725,0.074783,0.035596,0.019524
15.368,pf,-0.488144,0.153444,2.851433,0.074783,0.035596,0.019524
15.402000000000001,pf,-0.513162,0.160921,2.850912,0.074783,0.035596,0.019524
15.4,pf,-0.524480,0.161518,2.869938,0.070722,0.036161,0.020359
15.436000000000002,pf,-0.544920,0.167221,2.869101,0.070722,0.036161,0.020359
15.47,pf,-0.574297,0.175499,2.863020,0.070722,0.036161,0.020359
15.504000000000001,pf,-0.601566,0.180144,2.893548,0.070722,0.036161,0.020359
15.500000000000002,pf,-0.600441,0.182280,2.883149,0.072824,0.034815,0.019748
15.538,pf,-0.633309,0.190980,2.881366,0.072824,0.034815,0.019748
15.572000000000001,pf,-0.666161,0.199739,2.880484,0.072824,0.034815,0.019748
15.606000000000002,pf,-0.701440,0.203035,2.935850,0.072824,0.034815,0.019748
15.600000000000001,pf,-0.692136,0.208729,2.881093,0.077711,0.033657,0.020802
15.64,pf,-0.724922,0.217461,2.882057,0.077711,0.033657,0.020802
15.674000000000001,pf,-0.756326,0.225772,2.883561,0.077711,0.033657,0.020802
15.708,pf,-0.784911,0.235073,2.834606,0.077711,0.033657,0.020802
15.742,pf,-0.813581,0.244145,2.835325,0.077711,0.033657,0.020802
15.700000000000001,pf,-0.793776,0.237706,2.866681,0.080768,0.033247,0.021614
15.776000000000002,pf,-0.822770,0.245876,2.867168,0.080768,0.033247,0.021614
15.81,pf,-0.854498,0.254799,2.867677,0.080768,0.033247,0.021614
15.8,pf,-0.852435,0.253976,2.871214,0.079896,0.033030,0.021039
15.844000000000001,pf,-0.882176,0.265603,2.897867,0.079896,0.033030,0.021039
15.878,pf,-0.907562,0.271918,2.897809,0.079896,0.033030,0.021039
15.912,pf,-0.937028,0.279249,2.897694,0.079896,0.033030,0.021039
15.9,pf,-0.937139,0.279873,2.875652,0.078165,0.033395,0.021512
15.946000000000002,pf,-0.963384,0.287029,2.875172,0.078165,0.033395,0.021512
15.98,pf,-0.986286,0.289722,2.883706,0.078165,0.033395,0.021512
16.014,pf,-1.019156,0.298416,2.882552,0.078165,0.033395,0.021512
16.0,pf,-1.017304,0.299517,2.873296,0.079840,0.033122,0.021059
16.048000000000002,pf,-1.050086,0.308534,2.872805,0.079840,0.033122,0.021059
16.082,pf,-1.069911,0.310541,2.918798,0.079840,0.033122,0.021059
16.116,pf,-1.103068,0.318064,2.918318,0.079840,0.033122,0.021059
16.1,pf,-1.098277,0.320551,2.880437,0.077807,0.033008,0.026094
16.150000000000002,pf,-1.131122,0.329337,2.880053,0.077807,0.033008,0.026094
16.184,pf,-1.180088,0.347307,2.840854,0.077807,0.033008,0.026094
16.218,pf,-1.211600,0.357094,2.840142,0.077807,0.033008,0.026094
16.2,pf,-1.202041,0.352901,2.863695,0.078515,0.034112,0.022233
16.252000000000002,pf,-1.234734,0.362237,2.863110,0.078515,0.034112,0.022233
16.286,pf,-1.263649,0.370512,2.862744,0.078515,0.034112,0.022233
16.3,pf,-1.274544,0.373277,2.860488,0.072876,0.032669,0.019892
16.32,pf,-1.283617,0.380749,2.834412,0.072876,0.032669,0.019892
16.354000000000003,pf,-1.312434,0.389896,2.834047,0.072876,0.032669,0.019892
16.388,pf,-1.343451,0.399752,2.833747,0.072876,0.032669,0.019892
16.400000000000002,pf,-1.344483,0.398871,2.858759,0.076731,0.033931,0.021607
16.422,pf,-1.372438,0.406998,2.858623,0.076731,0.033931,0.021607
16.456,pf,-1.390635,0.415284,2.855733,0.076731,0.033931,0.021607
16.490000000000002,pf,-1.418725,0.423543,2.855566,0.076731,0.033931,0.021607
16.5,pf,-1.413634,0.421350,2.866052,0.080995,0.034241,0.024126
16.524,pf,-1.438490,0.428394,2.864742,0.080995,0.034241,0.024126
16.558,pf,-1.471195,0.437689,2.864539,0.080995,0.034241,0.024126
16.55,pf,-1.466879,0.435937,2.866454,0.080487,0.034379,0.022082
16.592000000000002,pf,-1.487304,0.442788,2.827653,0.080487,0.034379,0.022082
16.626,pf,-1.519643,0.453285,2.827754,0.080487,0.034379,0.022082
16.66,pf,-1.551983,0.463778,2.827919,0.080487,0.034379,0.022082
16.650000000000002,pf,-1.557860,0.458929,2.860433,0.078544,0.034631,0.019962
16.694000000000003,pf,-1.572411,0.461814,2.892387,0.078544,0.034631,0.019962
16.728,pf,-1.605363,0.470191,2.893009,0.078544,0.034631,0.019962
16.762,pf,-1.637346,0.478289,2.894150,0.078544,0.034631,0.019962
16.796,pf,-1.668162,0.486055,2.895337,0.078544,0.034631,0.019962
16.830000000000002,pf,-1.737747,0.502203,2.861183,0.078544,0.034631,0.019962
16.8,pf,-1.716301,0.497483,2.859514,0.090367,0.035438,0.022852
16.864,pf,-1.744929,0.505767,2.860319,0.090367,0.035438,0.022852
16.898,pf,-1.771518,0.513442,2.860618,0.090367,0.035438,0.022852
16.900000000000002,pf,-1.770409,0.513499,2.861167,0.087723,0.034672,0.020875
16.932000000000002,pf,-1.801467,0.522434,2.861580,0.087723,0.034672,0.020875
16.966,pf,-1.769452,0.514496,2.795224,0.087723,0.034672,0.020875
16.95,pf,-1.778288,0.514885,2.838986,0.070964,0.033753,0.013764
17.0,pf,-1.802235,0.522360,2.839119,0.070964,0.033753,0.013764
17.034000000000002,pf,-1.830671,0.531233,2.839213,0.070964,0.033753,0.013764
17.068,pf,-1.852993,0.538204,2.838483,0.070964,0.033753,0.013764
17.05,pf,-1.872085,0.543816,2.854425,0.070780,0.034159,0.017653
17.102,pf,-1.899599,0.548404,2.941914,0.070780,0.034159,0.017653
17.1,pf,-1.910142,0.558120,2.884922,0.072420,0.031301,0.022929
17.136000000000003,pf,-1.943025,0.566765,2.884075,0.072420,0.031301,0.022929
17.17,pf,-1.975901,0.575435,2.883339,0.072420,0.031301,0.022929
17.204,pf,-1.996873,0.579636,2.909274,0.072420,0.031301,0.022929
17.238,pf,-2.029957,0.587478,2.908294,0.072420,0.031301,0.022929
17.200000000000003,pf,-2.027397,0.589150,2.872539,0.074347,0.031574,0.022291
17.272000000000002,pf,-2.060170,0.598201,2.871663,0.074347,0.031574,0.022291
17.306,pf,-2.084395,0.600450,2.913401,0.074347,0.031574,0.022291
17.3,pf,-2.091829,0.604085,2.871346,0.075730,0.031147,0.020461
17.34,pf,-2.123385,0.612843,2.870379,0.075730,0.031147,0.020461
17.374000000000002,pf,-2.154211,0.621427,2.869595,0.075730,0.031147,0.020461
17.408,pf,-2.186958,0.630571,2.869050,0.075730,0.031147,0.020461
17.400000000000002,pf,-2.187165,0.632644,2.866443,0.074416,0.031319,0.022431
17.442,pf,-2.230719,0.638169,2.912979,0.074416,0.031319,0.022431
17.476000000000003,pf,-2.258442,0.644626,2.912689,0.074416,0.031319,0.022431
17.51,pf,-2.289288,0.651814,2.912656,0.074416,0.031319,0.022431
17.544,pf,-2.316246,0.658098,2.912454,0.074416,0.031319,0.022431
17.5,pf,-2.302486,0.664053,2.861018,0.082378,0.031325,0.023085
17.578,pf,-2.313509,0.668922,2.823062,0.082378,0.031325,0.023085
17.612000000000002,pf,-2.339074,0.677354,2.822974,0.082378,0.031325,0.023085
17.646,pf,-2.362059,0.684937,2.822577,0.082378,0.031325,0.023085
17.6,pf,-2.363492,0.683638,2.846647,0.074638,0.030822,0.020586
17.68,pf,-2.384245,0.689951,2.845983,0.074638,0.030822,0.020586
17.714000000000002,pf,-2.400417,0.694884,2.844852,0.074638,0.030822,0.020586
17.748,pf,-2.432581,0.706233,2.819027,0.074638,0.030822,0.020586
17.75,pf,-2.437599,0.705497,2.842524,0.071126,0.029886,0.019104
17.782,pf,-2.452678,0.710154,2.841514,0.071126,0.029886,0.019104
17.816000000000003,pf,-2.467121,0.714634,2.840250,0.071126,0.029886,0.019104
17.85,pf,-2.482768,0.719505,2.839256,0.071126,0.029886,0.019104
17.884,pf,-2.495167,0.723376,2.838805,0.071126,0.029886,0.019104
17.918000000000003,pf,-2.506568,0.726945,2.837841,0.071126,0.029886,0.019104
17.900000000000002,pf,-2.510155,0.727812,2.847267,0.070603,0.029688,0.019599
17.952,pf,-2.523043,0.731726,2.846306,0.070603,0.029688,0.019599
17.986,pf,-2.533641,0.734953,2.845679,0.070603,0.029688,0.019599
18.02,pf,-2.530037,0.732406,2.876124,0.070603,0.029688,0.019599
18.054000000000002,pf,-2.539061,0.734864,2.875400,0.070603,0.029688,0.019599
18.088,pf,-2.548611,0.737471,2.874799,0.070603,0.029688,0.019599
18.122,pf,-2.555457,0.739343,2.874442,0.070603,0.029688,0.019599
18.156000000000002,pf,-2.562377,0.741241,2.873338,0.070603,0.029688,0.019599
18.150000000000002,pf,-2.563500,0.741744,2.866653,0.072159,0.030944,0.019136
18.19,pf,-2.571243,0.743931,2.866054,0.072159,0.030944,0.019136
18.224,pf,-2.577215,0.745620,2.866021,0.072159,0.030944,0.019136
18.258000000000003,pf,-2.582275,0.747052,2.865856,0.072159,0.030944,0.019136
18.292,pf,-2.570896,0.743518,2.797156,0.072159,0.030944,0.019136
18.326,pf,-2.587337,0.749503,2.678700,0.072159,0.030944,0.019136
18.3,pf,-2.553673,0.753002,2.832207,0.063226,0.031395,0.018063
18.36,pf,-2.554852,0.753451,2.758020,0.063226,0.031395,0.018063
18.35,pf,-2.570935,0.755721,2.760673,0.060315,0.032713,0.019685
18.394000000000002,pf,-2.623454,0.778044,2.663832,0.060315,0.032713,0.019685
18.428,pf,-2.624663,0.778748,2.603899,0.060315,0.032713,0.019685
18.400000000000002,pf,-2.614187,0.771734,2.658256,0.074150,0.034935,0.024572
18.462,pf,-2.593652,0.761714,2.629039,0.074150,0.034935,0.024572
18.496000000000002,pf,-2.593647,0.761674,2.588646,0.074150,0.034935,0.024572
18.53,pf,-2.595792,0.763110,2.529600,0.074150,0.034935,0.024572
18.5,pf,-2.607543,0.769437,2.495609,0.078367,0.039062,0.025825
18.564,pf,-2.623837,0.781585,2.453251,0.078367,0.039062,0.025825
18.598000000000003,pf,-2.626424,0.783791,2.413892,0.078367,0.039062,0.025825
18.632,pf,-2.628905,0.786115,2.364449,0.078367,0.039062,0.025825
18.6,pf,-2.631293,0.788976,2.349583,0.073337,0.040455,0.026578
18.666,pf,-2.646761,0.803609,2.308570,0.073337,0.040455,0.026578
18.700000000000003,pf,-2.649015,0.806154,2.279665,0.073337,0.040455,0.026578
18.700000000000003,pf,-2.649292,0.810577,2.218922,0.055632,0.040296,0.019545
18.734,pf,-2.651299,0.813321,2.184717,0.055632,0.040296,0.019545
18.768,pf,-2.653207,0.816135,2.148062,0.055632,0.040296,0.019545
18.802,pf,-2.649094,0.810644,2.121738,0.055632,0.040296,0.019545
18.8,pf,-2.661474,0.814254,2.111472,0.052626,0.041951,0.018631
18.836000000000002,pf,-2.663191,0.817189,2.086295,0.052626,0.041951,0.018631
18.87,pf,-2.663570,0.817893,2.057301,0.052626,0.041951,0.018631
18.85,pf,-2.667752,0.818997,2.056124,0.048566,0.043924,0.020710
18.904,pf,-2.668208,0.819887,2.037968,0.048566,0.043924,0.020710
18.938000000000002,pf,-2.676483,0.836467,2.009105,0.048566,0.043924,0.020710
18.972,pf,-2.689681,0.867793,1.930908,0.048566,0.043924,0.020710
18.950000000000003,pf,-2.691704,0.865275,1.978945,0.046156,0.050613,0.020525
19.006,pf,-2.721299,0.933979,1.946863,0.046156,0.050613,0.020525
19.0,pf,-2.719409,0.930513,1.935005,0.045402,0.051722,0.017528
19.040000000000003,pf,-2.730638,0.962603,1.888571,0.045402,0.051722,0.017528
19.074,pf,-2.739837,0.993070,1.854034,0.045402,0.051722,0.017528
19.108,pf,-2.751218,1.056403,1.712142,0.045402,0.051722,0.017528
19.1,pf,-2.744715,0.986445,1.810813,0.052898,0.065655,0.026362
19.142,pf,-2.751691,1.017131,1.778614,0.052898,0.065655,0.026362
19.176000000000002,pf,-2.757408,1.046366,1.750378,0.052898,0.065655,0.026362
19.21,pf,-2.762529,1.077318,1.720478,0.052898,0.065655,0.026362
19.200000000000003,pf,-2.754026,1.036218,1.734443,0.055114,0.062665,0.022730
19.244,pf,-2.752550,1.051872,1.709348,0.055114,0.062665,0.022730
19.278000000000002,pf,-2.755871,1.076712,1.699529,0.055114,0.062665,0.022730
19.312,pf,-2.759209,1.110546,1.655369,0.055114,0.062665,0.022730
19.3,pf,-2.764310,1.077079,1.677441,0.062597,0.072321,0.022178
19.346,pf,-2.767652,1.110914,1.662243,0.062597,0.072321,0.022178
19.380000000000003,pf,-2.767204,1.145504,1.649065,0.062597,0.072321,0.022178
19.414,pf,-2.769654,1.179416,1.640373,0.062597,0.072321,0.022178
19.400000000000002,pf,-2.764231,1.153645,1.644976,0.060185,0.063204,0.027479
19.448,pf,-2.766661,1.187558,1.641484,0.060185,0.063204,0.027479
19.482000000000003,pf,-2.769130,1.244184,1.612767,0.060185,0.063204,0.027479
19.516000000000002,pf,-2.770540,1.278155,1.612020,0.060185,0.063204,0.027479
19.5,pf,-2.787263,1.275142,1.630148,0.058181,0.063941,0.018762
19.55,pf,-2.789256,1.309084,1.629115,0.058181,0.063941,0.018762
19.584,pf,-2.793816,1.363646,1.655819,0.058181,0.063941,0.018762
19.618000000000002,pf,-2.796517,1.395380,1.655598,0.058181,0.063941,0.018762
19.6,pf,-2.785971,1.383432,1.645851,0.054890,0.066556,0.021300
19.652,pf,-2.788519,1.417337,1.645770,0.054890,0.066556,0.021300
19.686,pf,-2.790679,1.446089,1.645760,0.054890,0.066556,0.021300
19.700000000000003,pf,-2.806532,1.446514,1.635348,0.055869,0.066350,0.015764
19.720000000000002,pf,-2.809147,1.506884,1.643450,0.055869,0.066350,0.015764
19.754,pf,-2.811443,1.538600,1.642832,0.055869,0.066350,0.015764
19.75,pf,-2.808080,1.529042,1.645343,0.053401,0.068722,0.019975
19.788,pf,-2.810228,1.557993,1.644521,0.053401,0.068722,0.019975
19.822000000000003,pf,-2.811916,1.580943,1.643921,0.053401,0.068722,0.019975
19.8,pf,-2.812742,1.581625,1.646263,0.052790,0.068350,0.020681
19.856,pf,-2.823932,1.635503,1.711963,0.052790,0.068350,0.020681
19.85,pf,-2.816131,1.603198,1.653151,0.053075,0.070813,0.022561
19.89,pf,-2.819128,1.637066,1.661695,0.053075,0.070813,0.022561
19.924,pf,-2.822252,1.670922,1.664249,0.053075,0.070813,0.022561
19.958000000000002,pf,-2.828351,1.723587,1.671973,0.053075,0.070813,0.022561
19.950000000000003,pf,-2.822314,1.685546,1.666442,0.053226,0.064887,0.021638
19.992,pf,-2.825563,1.719390,1.666437,0.053226,0.064887,0.021638
20.026,pf,-2.828791,1.753237,1.665703,0.053226,0.064887,0.021638
20.060000000000002,pf,-2.830166,1.781070,1.635400,0.053226,0.064887,0.021638
20.05,pf,-2.827004,1.765540,1.657059,0.052488,0.060438,0.024606
20.094,pf,-2.829878,1.798911,1.656330,0.052488,0.060438,0.024606
20.128,pf,-2.832771,1.832788,1.655623,0.052488,0.060438,0.024606
20.1,pf,-2.831906,1.827617,1.660195,0.051946,0.058445,0.022289
20.162000000000003,pf,-2.834754,1.859488,1.659746,0.051946,0.058445,0.022289
20.196,pf,-2.842004,1.922873,1.673978,0.051946,0.058445,0.022289
20.200000000000003,pf,-2.840098,1.916723,1.666785,0.051104,0.060646,0.021581
20.23,pf,-2.843312,1.950167,1.666551,0.051104,0.060646,0.021581
20.264000000000003,pf,-2.846098,1.979176,1.666525,0.051104,0.060646,0.021581
20.298000000000002,pf,-2.848551,2.004710,1.666598,0.051104,0.060646,0.021581
20.332,pf,-2.847325,1.998927,1.667739,0.051104,0.060646,0.021581
20.3,pf,-2.847859,1.991443,1.663845,0.051343,0.058842,0.022964
20.366,pf,-2.850282,2.017367,1.664172,0.051343,0.058842,0.022964
20.400000000000002,pf,-2.852382,2.039783,1.664241,0.051343,0.058842,0.022964
20.434,pf,-2.854541,2.062798,1.664506,0.051343,0.058842,0.022964
20.450000000000003,pf,-2.854596,2.062186,1.660634,0.051112,0.059078,0.021913
20.468,pf,-2.856728,2.085629,1.665861,0.051112,0.059078,0.021913
20.502000000000002,pf,-2.861486,2.123584,1.682783,0.051112,0.059078,0.021913
20.5,pf,-2.860329,2.125124,1.673607,0.050317,0.060811,0.022577
20.536,pf,-2.863808,2.158945,1.674029,0.050317,0.060811,0.022577
20.57,pf,-2.867351,2.192760,1.675683,0.050317,0.060811,0.022577
20.604000000000003,pf,-2.872884,2.244112,1.680078,0.050317,0.060811,0.022577
20.638,pf,-2.876580,2.277911,1.679075,0.050317,0.060811,0.022577
20.6,pf,-2.871489,2.257315,1.679661,0.048132,0.061411,0.022747
20.672,pf,-2.875101,2.290404,1.679152,0.048132,0.061411,0.022747
20.706,pf,-2.877533,2.316515,1.682870,0.048132,0.061411,0.022747
20.700000000000003,pf,-2.875829,2.313491,1.679249,0.046693,0.061493,0.022679
20.740000000000002,pf,-2.879315,2.345584,1.678681,0.046693,0.061493,0.022679
20.774,pf,-2.882511,2.375116,1.678469,0.046693,0.061493,0.022679
20.808,pf,-2.886074,2.408133,1.678104,0.046693,0.061493,0.022679
20.8,pf,-2.886459,2.403241,1.678095,0.047077,0.065267,0.022628
20.842000000000002,pf,-2.885911,2.429314,1.677266,0.047077,0.065267,0.022628
20.876,pf,-2.888556,2.454098,1.676937,0.047077,0.065267,0.022628
20.91,pf,-2.891568,2.482437,1.676487,0.047077,0.065267,0.022628
20.900000000000002,pf,-2.892408,2.482218,1.678283,0.046400,0.070650,0.026057
20.944000000000003,pf,-2.895216,2.508453,1.676875,0.046400,0.070650,0.026057
20.978,pf,-2.893087,2.535193,1.640527,0.046400,0.070650,0.026057
20.950000000000003,pf,-2.893708,2.515426,1.668621,0.045234,0.071514,0.027911
21.012,pf,-2.896071,2.539642,1.667524,0.045234,0.071514,0.027911
21.046000000000003,pf,-2.898152,2.561186,1.667821,0.045234,0.071514,0.027911
21.080000000000002,pf,-2.901450,2.595026,1.667747,0.045234,0.071514,0.027911
21.114,pf,-2.903718,2.605371,1.693617,0.045234,0.071514,0.027911
21.1,pf,-2.902023,2.605021,1.675817,0.044378,0.072235,0.024609
21.148,pf,-2.905627,2.638829,1.677854,0.044378,0.072235,0.024609
21.182000000000002,pf,-2.909286,2.672631,1.680687,0.044378,0.072235,0.024609
21.150000000000002,pf,-2.907191,2.668110,1.676023,0.042906,0.073101,0.023931
21.216,pf,-2.906930,2.657128,1.639723,0.042906,0.073101,0.023931
21.25,pf,-2.909294,2.691046,1.641287,0.042906,0.073101,0.023931
21.284000000000002,pf,-2.911582,2.723283,1.642436,0.042906,0.073101,0.023931
21.318,pf,-2.913811,2.754187,1.643387,0.042906,0.073101,0.023931
21.3,pf,-2.917956,2.748876,1.658730,0.043717,0.070873,0.030405
21.352,pf,-2.922837,2.805004,1.644963,0.043717,0.070873,0.030405
21.35,pf,-2.925428,2.805631,1.659313,0.043629,0.071143,0.029055
21.386000000000003,pf,-2.928111,2.835837,1.659452,0.043629,0.071143,0.029055
21.42,pf,-2.930720,2.865049,1.660055,0.043629,0.071143,0.029055
21.454,pf,-2.932908,2.889431,1.660280,0.043629,0.071143,0.029055
21.450000000000003,pf,-2.934769,2.892378,1.669220,0.043403,0.073480,0.030013
21.488000000000003,pf,-2.930754,2.870379,1.675210,0.043403,0.073480,0.030013
21.522000000000002,pf,-2.933565,2.897119,1.675876,0.043403,0.073480,0.030013
21.556,pf,-2.936048,2.920631,1.676123,0.043403,0.073480,0.030013
21.59,pf,-2.938734,2.946011,1.676352,0.043403,0.073480,0.030013
21.624000000000002,pf,-2.946831,2.987856,1.672365,0.043403,0.073480,0.030013
21.6,pf,-2.947982,2.990940,1.672169,0.043314,0.077865,0.028711
21.658,pf,-2.951436,3.024764,1.672858,0.043314,0.077865,0.028711
21.692,pf,-2.954899,3.058588,1.672718,0.043314,0.077865,0.028711
21.726000000000003,pf,-2.965839,3.120692,1.701667,0.043314,0.077865,0.028711
21.700000000000003,pf,-2.964167,3.114887,1.681122,0.043097,0.076743,0.029501
21.76,pf,-2.967902,3.148682,1.680543,0.043097,0.076743,0.029501
21.794,pf,-2.971571,3.182052,1.680021,0.043097,0.076743,0.029501
21.8,pf,-2.972370,3.181275,1.680270,0.042813,0.072622,0.026130
21.828000000000003,pf,-2.975244,3.224730,1.630777,0.042813,0.072622,0.026130
21.862000000000002,pf,-2.977122,3.256110,1.630331,0.042813,0.072622,0.026130
21.85,pf,-2.980317,3.244694,1.655261,0.041974,0.069796,0.030082
21.896,pf,-2.982929,3.275608,1.654909,0.041974,0.069796,0.030082
21.93,pf,-2.985762,3.309284,1.654533,0.041974,0.069796,0.030082
21.964000000000002,pf,-2.992130,3.324957,1.708747,0.041974,0.069796,0.030082
21.950000000000003,pf,-2.991968,3.315165,1.679680,0.042556,0.068584,0.027434
21.998,pf,-2.995089,3.343769,1.679253,0.042556,0.068584,0.027434
22.032,pf,-2.998560,3.375724,1.678798,0.042556,0.068584,0.027434
22.066000000000003,pf,-3.001310,3.401156,1.678073,0.042556,0.068584,0.027434
22.05,pf,-3.000060,3.398844,1.674208,0.041590,0.063002,0.027135
22.1,pf,-3.008808,3.454935,1.711496,0.041590,0.063002,0.027135
22.1,pf,-3.006324,3.449285,1.687517,0.041914,0.060360,0.028057
22.134,pf,-3.008974,3.472017,1.686324,0.041914,0.060360,0.028057
22.168000000000003,pf,-3.012770,3.505412,1.682522,0.041914,0.060360,0.028057
22.150000000000002,pf,-3.013586,3.501277,1.678525,0.042041,0.058761,0.028945
22.202,pf,-3.017224,3.535082,1.677343,0.042041,0.058761,0.028945
22.236,pf,-3.020626,3.550989,1.698788,0.042041,0.058761,0.028945
22.25,pf,-3.020096,3.550105,1.684633,0.042212,0.058202,0.030890
22.270000000000003,pf,-3.023960,3.583885,1.685005,0.042212,0.058202,0.030890
22.304000000000002,pf,-3.027868,3.617659,1.686633,0.042212,0.058202,0.030890
22.3,pf,-3.028668,3.615530,1.682750,0.042293,0.056447,0.031882
22.338,pf,-3.032198,3.648348,1.712768,0.042293,0.056447,0.031882
22.372,pf,-3.037035,3.682002,1.714373,0.042293,0.056447,0.031882
22.35,pf,-3.031578,3.677574,1.694816,0.042520,0.056246,0.028601
22.406000000000002,pf,-3.035607,3.709725,1.696164,0.042520,0.056246,0.028601
22.44,pf,-3.039572,3.741082,1.697103,0.042520,0.056246,0.028601
22.450000000000003,pf,-3.039952,3.742249,1.691542,0.041897,0.054281,0.027339
22.474,pf,-3.043375,3.771338,1.686780,0.041897,0.054281,0.027339
22.508000000000003,pf,-3.046811,3.800797,1.687180,0.041897,0.054281,0.027339
22.5,pf,-3.048215,3.799629,1.683995,0.041583,0.052626,0.027298
22.542,pf,-3.051655,3.829845,1.684344,0.041583,0.052626,0.027298
22.576,pf,-3.054924,3.858479,1.684635,0.041583,0.052626,0.027298
22.610000000000003,pf,-3.061393,3.908796,1.666608,0.041583,0.052626,0.027298
22.6,pf,-3.061785,3.902837,1.674803,0.041199,0.055369,0.029772
22.644000000000002,pf,-3.064559,3.929369,1.675140,0.041199,0.055369,0.029772
22.678,pf,-3.067116,3.953778,1.675159,0.041199,0.055369,0.029772
22.712,pf,-3.070570,3.986762,1.675051,0.041199,0.055369,0.029772
22.700000000000003,pf,-3.074526,3.987335,1.673054,0.040492,0.055362,0.025998
22.746000000000002,pf,-3.080021,4.024601,1.713059,0.040492,0.055362,0.025998
22.78,pf,-3.084834,4.058259,1.712479,0.040492,0.055362,0.025998
22.814,pf,-3.089630,4.091919,1.711896,0.040492,0.055362,0.025998
22.848000000000003,pf,-3.096401,4.133314,1.761032,0.040492,0.055362,0.025998
22.8,pf,-3.090836,4.122585,1.695870,0.040323,0.066348,0.026049
22.882,pf,-3.095066,4.156321,1.695228,0.040323,0.066348,0.026049
22.916,pf,-3.099139,4.188955,1.694640,0.040323,0.066348,0.026049
22.900000000000002,pf,-3.100229,4.184939,1.688448,0.039758,0.062316,0.025487
22.950000000000003,pf,-3.095891,4.153537,1.690508,0.039758,0.062316,0.025487
22.984,pf,-3.099648,4.184821,1.690099,0.039758,0.062316,0.025487
23.018,pf,-3.103169,4.214186,1.690037,0.039758,0.062316,0.025487
23.052000000000003,pf,-3.107110,4.247107,1.689869,0.039758,0.062316,0.025487
23.05,pf,-3.108437,4.255228,1.684021,0.039250,0.058927,0.027350
23.086000000000002,pf,-3.108953,4.233423,1.693727,0.039250,0.058927,0.027350
23.12,pf,-3.112302,4.260518,1.693722,0.039250,0.058927,0.027350
23.154,pf,-3.115914,4.289816,1.693346,0.039250,0.058927,0.027350
23.188000000000002,pf,-3.119486,4.318832,1.692737,0.039250,0.058927,0.027350
23.222,pf,-3.122028,4.347238,1.713956,0.039250,0.058927,0.027350
23.200000000000003,pf,-3.127322,4.358167,1.679019,0.039157,0.057772,0.023340
23.256,pf,-3.130835,4.391216,1.675116,0.039157,0.057772,0.023340
23.290000000000003,pf,-3.134350,4.425034,1.673632,0.039157,0.057772,0.023340
23.3,pf,-3.138696,4.434999,1.668057,0.037893,0.055128,0.023119
23.324,pf,-3.139876,4.488380,1.624447,0.037893,0.055128,0.023119
23.358,pf,-3.141683,4.522332,1.623578,0.037893,0.055128,0.023119
23.35,pf,-3.149914,4.527851,1.657428,0.037004,0.060988,0.026878
23.392000000000003,pf,-3.152831,4.561725,1.656245,0.037004,0.060988,0.026878
23.426000000000002,pf,-3.155870,4.575573,1.613572,0.037004,0.060988,0.026878
23.46,pf,-3.157299,4.609145,1.613086,0.037004,0.060988,0.026878
23.450000000000003,pf,-3.163821,4.616372,1.643783,0.035916,0.061997,0.026882
23.494,pf,-3.166208,4.649082,1.643478,0.035916,0.061997,0.026882
23.528000000000002,pf,-3.176171,4.692829,1.708112,0.035916,0.061997,0.026882
23.562,pf,-3.180256,4.722422,1.707956,0.035916,0.061997,0.026882
23.55,pf,-3.182070,4.726035,1.673162,0.034730,0.069477,0.027222
23.596,pf,-3.185056,4.755162,1.672709,0.034730,0.069477,0.027222
23.630000000000003,pf,-3.188350,4.787490,1.672134,0.034730,0.069477,0.027222
23.664,pf,-3.186188,4.805863,1.625959,0.034730,0.069477,0.027222
23.650000000000002,pf,-3.193390,4.811931,1.655194,0.032620,0.070306,0.030413
23.698,pf,-3.195831,4.840895,1.654502,0.032620,0.070306,0.030413
23.732000000000003,pf,-3.198412,4.871788,1.653735,0.032620,0.070306,0.030413
23.75,pf,-3.201674,4.877211,1.661468,0.030847,0.067453,0.029643
23.766000000000002,pf,-3.203920,4.901992,1.660860,0.030847,0.067453,0.029643
23.8,pf,-3.205297,4.938253,1.633478,0.030847,0.067453,0.029643
23.8,pf,-3.207808,4.939449,1.649778,0.029546,0.065750,0.032684
23.834000000000003,pf,-3.210478,4.973344,1.649020,0.029546,0.065750,0.032684
23.868000000000002,pf,-3.213131,5.007241,1.648707,0.029546,0.065750,0.032684
23.85,pf,-3.216717,5.009278,1.661960,0.027606,0.065349,0.029979
23.902,pf,-3.225388,5.067805,1.669473,0.027606,0.065349,0.029979
23.900000000000002,pf,-3.225266,5.064385,1.673935,0.027134,0.069635,0.031294
23.936,pf,-3.228754,5.098205,1.673178,0.027134,0.069635,0.031294
23.970000000000002,pf,-3.232217,5.132029,1.672500,0.027134,0.069635,0.031294
24.004,pf,-3.238504,5.180065,1.655755,0.027134,0.069635,0.031294
24.038,pf,-3.241217,5.211998,1.655396,0.027134,0.069635,0.031294
24.0,pf,-3.241604,5.203297,1.673864,0.026763,0.071495,0.030749
24.072000000000003,pf,-3.245094,5.237117,1.673444,0.026763,0.071495,0.030749
24.106,pf,-3.248290,5.268169,1.673239,0.026763,0.071495,0.030749
24.1,pf,-3.248525,5.268916,1.675003,0.026382,0.069244,0.027672
24.14,pf,-3.249368,5.281688,1.681321,0.026382,0.069244,0.027672
24.174000000000003,pf,-3.252379,5.308855,1.680941,0.026382,0.069244,0.027672
24.208000000000002,pf,-3.255920,5.340932,1.680608,0.026382,0.069244,0.027672
24.200000000000003,pf,-3.257058,5.346576,1.680957,0.025858,0.068143,0.027986
24.242,pf,-3.260224,5.375290,1.680373,0.025858,0.068143,0.027986
24.276,pf,-3.268019,5.433560,1.669691,0.025858,0.068143,0.027986
24.310000000000002,pf,-3.270800,5.461656,1.669216,0.025858,0.068143,0.027986
24.344,pf,-3.273348,5.487517,1.668553,0.025858,0.068143,0.027986
24.3,pf,-3.272009,5.479514,1.673038,0.026123,0.072324,0.030936
24.378,pf,-3.273669,5.495765,1.672304,0.026123,0.072324,0.030936
24.412000000000003,pf,-3.276031,5.519060,1.671002,0.026123,0.072324,0.030936
24.446,pf,-3.280445,5.592017,1.685222,0.026123,0.072324,0.030936
24.450000000000003,pf,-3.277801,5.581690,1.677283,0.026397,0.074001,0.030766
24.48,pf,-3.281407,5.615498,1.676837,0.026397,0.074001,0.030766
24.514000000000003,pf,-3.285031,5.649304,1.677635,0.026397,0.074001,0.030766
24.5,pf,-3.284178,5.644801,1.675654,0.025984,0.067486,0.030926
24.548000000000002,pf,-3.288949,5.677948,1.667635,0.025984,0.067486,0.030926
24.582,pf,-3.292271,5.711785,1.669807,0.025984,0.067486,0.030926
24.616000000000003,pf,-3.295615,5.744984,1.672170,0.025984,0.067486,0.030926
24.6,pf,-3.294188,5.731812,1.675937,0.026401,0.066363,0.027464
24.650000000000002,pf,-3.293061,5.733347,1.627136,0.026401,0.066363,0.027464
24.684,pf,-3.294750,5.762825,1.628688,0.026401,0.066363,0.027464
24.718,pf,-3.296517,5.793031,1.629587,0.026401,0.066363,0.027464
24.700000000000003,pf,-3.299622,5.792212,1.660191,0.025742,0.065727,0.030127
24.752000000000002,pf,-3.302596,5.825075,1.661800,0.025742,0.065727,0.030127
24.786,pf,-3.307012,5.844138,1.699683,0.025742,0.065727,0.030127
24.8,pf,-3.306261,5.850688,1.686602,0.026017,0.064555,0.031019
24.82,pf,-3.309101,5.875224,1.685915,0.026017,0.064555,0.031019
24.854000000000003,pf,-3.312456,5.903988,1.687277,0.026017,0.064555,0.031019
24.85,pf,-3.312476,5.907890,1.684403,0.025827,0.062531,0.029338
24.888,pf,-3.315885,5.937665,1.685168,0.025827,0.062531,0.029338
24.922,pf,-3.320768,5.980684,1.665295,0.025827,0.062531,0.029338
24.900000000000002,pf,-3.320950,5.974842,1.671653,0.025800,0.060572,0.029889
24.956000000000003,pf,-3.324374,6.008669,1.671672,0.025800,0.060572,0.029889
24.990000000000002,pf,-3.327800,6.042496,1.671709,0.025800,0.060572,0.029889
25.0,pf,-3.328925,6.045713,1.677367,0.025807,0.059811,0.029214
25.024,pf,-3.331091,6.086895,1.673461,0.025807,0.059811,0.029214
25.058,pf,-3.334572,6.120716,1.673186,0.025807,0.059811,0.029214
25.05,pf,-3.335239,6.119973,1.681271,0.026038,0.062295,0.034163
25.092000000000002,pf,-3.338980,6.153767,1.680818,0.026038,0.062295,0.034163
25.126,pf,-3.342369,6.165039,1.695141,0.026038,0.062295,0.034163
25.16,pf,-3.346399,6.197316,1.694905,0.026038,0.062295,0.034163
25.150000000000002,pf,-3.345855,6.195502,1.696334,0.026590,0.063187,0.032275
25.194000000000003,pf,-3.349704,6.226024,1.696219,0.026590,0.063187,0.032275
25.228,pf,-3.353954,6.259757,1.696054,0.026590,0.063187,0.032275
25.200000000000003,pf,-3.353805,6.258773,1.693146,0.026640,0.060740,0.031879
25.262,pf,-3.363244,6.331111,1.712972,0.026640,0.060740,0.031879
25.25,pf,-3.360138,6.324284,1.701857,0.027030,0.060501,0.029649
25.296000000000003,pf,-3.363934,6.353090,1.701748,0.027030,0.060501,0.029649
25.330000000000002,pf,-3.368098,6.384702,1.701772,0.027030,0.060501,0.029649
25.3,pf,-3.365572,6.377398,1.694922,0.026775,0.056726,0.028879
25.364,pf,-3.369270,6.407106,1.694486,0.026775,0.056726,0.028879
25.398000000000003,pf,-3.370746,6.410748,1.683728,0.026775,0.056726,0.028879
25.432000000000002,pf,-3.373978,6.439285,1.683367,0.026775,0.056726,0.028879
25.450000000000003,pf,-3.374751,6.444358,1.686335,0.027317,0.057858,0.032114
25.466,pf,-3.377536,6.468443,1.685593,0.027317,0.057858,0.032114
25.5,pf,-3.381286,6.501400,1.683095,0.027317,0.057858,0.032114
25.5,pf,-3.381531,6.503148,1.684244,0.027283,0.056855,0.031933
25.534000000000002,pf,-3.385332,6.547880,1.708902,0.027283,0.056855,0.031933
25.568,pf,-3.390007,6.581557,1.708762,0.027283,0.056855,0.031933
25.55,pf,-3.387977,6.577397,1.701541,0.027703,0.058077,0.033813
25.602,pf,-3.392427,6.611104,1.702132,0.027703,0.058077,0.033813
25.636000000000003,pf,-3.403972,6.682897,1.749470,0.027703,0.058077,0.033813
25.650000000000002,pf,-3.393616,6.672550,1.693840,0.027673,0.063367,0.026901
25.67,pf,-3.397811,6.706290,1.695097,0.027673,0.063367,0.026901
25.704,pf,-3.401950,6.739253,1.696297,0.027673,0.063367,0.026901
25.700000000000003,pf,-3.401360,6.732237,1.692535,0.027087,0.060279,0.029202
25.738000000000003,pf,-3.405244,6.763890,1.693269,0.027087,0.060279,0.029202
25.772000000000002,pf,-3.406231,6.751528,1.739023,0.027087,0.060279,0.029202
25.806,pf,-3.411228,6.780941,1.739150,0.027087,0.060279,0.029202
25.84,pf,-3.416118,6.809647,1.739690,0.027087,0.060279,0.029202
25.85,pf,-3.413718,6.812458,1.696654,0.026761,0.063385,0.030865
25.874000000000002,pf,-3.417217,6.840051,1.697081,0.026761,0.063385,0.030865
25.908,pf,-3.419337,6.869855,1.694654,0.026761,0.063385,0.030865
25.900000000000002,pf,-3.417936,6.866925,1.687865,0.026383,0.063144,0.032137
25.942,pf,-3.420671,6.890214,1.687528,0.026383,0.063144,0.032137
25.976000000000003,pf,-3.423502,6.914372,1.687359,0.026383,0.063144,0.032137
26.01,pf,-3.426785,6.942406,1.687075,0.026383,0.063144,0.032137
26.0,pf,-3.426377,6.941882,1.681870,0.026083,0.060120,0.032413
26.044,pf,-3.426285,6.943948,1.691414,0.026083,0.060120,0.032413
26.078000000000003,pf,-3.430376,6.977701,1.691433,0.026083,0.060120,0.032413
26.112000000000002,pf,-3.434464,7.011455,1.691173,0.026083,0.060120,0.032413
26.1,pf,-3.434671,7.012657,1.686667,0.025670,0.060071,0.032276
26.146,pf,-3.441465,7.036736,1.728641,0.025670,0.060071,0.032276
26.180000000000003,pf,-3.446798,7.070315,1.727966,0.025670,0.060071,0.032276
26.214000000000002,pf,-3.452076,7.103676,1.727362,0.025670,0.060071,0.032276
26.200000000000003,pf,-3.450626,7.109685,1.697821,0.026541,0.066452,0.036429
26.248,pf,-3.457496,7.172382,1.681586,0.026541,0.066452,0.036429
26.25,pf,-3.456945,7.171447,1.682035,0.025982,0.063202,0.033419
26.282,pf,-3.460490,7.203225,1.681650,0.025982,0.063202,0.033419
26.316000000000003,pf,-3.463934,7.234212,1.681353,0.025982,0.063202,0.033419
26.3,pf,-3.463993,7.234527,1.679644,0.025633,0.060392,0.032651
26.35,pf,-3.467669,7.268188,1.679460,0.025633,0.060392,0.032651
26.384,pf,-3.469392,7.310282,1.648916,0.025633,0.060392,0.032651
26.400000000000002,pf,-3.471380,7.313774,1.663075,0.025608,0.061069,0.035061
26.418000000000003,pf,-3.474001,7.342087,1.663058,0.025608,0.061069,0.035061
26.452,pf,-3.476939,7.373926,1.662696,0.025608,0.061069,0.035061
26.450000000000003,pf,-3.477400,7.374290,1.673985,0.025270,0.059879,0.030449
26.486,pf,-3.480132,7.400810,1.673300,0.025270,0.059879,0.030449
26.520000000000003,pf,-3.481509,7.433991,1.664134,0.025270,0.059879,0.030449
26.5,pf,-3.481898,7.431182,1.675205,0.025442,0.059489,0.031327
26.554000000000002,pf,-3.484411,7.455262,1.674300,0.025442,0.059489,0.031327
26.588,pf,-3.487725,7.488158,1.667749,0.025442,0.059489,0.031327
26.622,pf,-3.490991,7.522001,1.666505,0.025442,0.059489,0.031327
26.6,pf,-3.491234,7.515304,1.675031,0.025434,0.057764,0.032644
26.656000000000002,pf,-3.488134,7.530674,1.634084,0.025434,0.057764,0.032644
26.69,pf,-3.490299,7.564605,1.635095,0.025434,0.057764,0.032644
26.724,pf,-3.492512,7.598533,1.636711,0.025434,0.057764,0.032644
26.758000000000003,pf,-3.499326,7.646995,1.643364,0.025434,0.057764,0.032644
26.75,pf,-3.501107,7.643824,1.664849,0.025702,0.065273,0.037629
26.792,pf,-3.504325,7.677672,1.666363,0.025702,0.065273,0.037629
26.826,pf,-3.507434,7.709902,1.667512,0.025702,0.065273,0.037629
26.8,pf,-3.506672,7.698668,1.673579,0.025395,0.060715,0.033330
26.860000000000003,pf,-3.509917,7.729992,1.674418,0.025395,0.060715,0.033330
26.894000000000002,pf,-3.521532,7.758346,1.741284,0.025395,0.060715,0.033330
26.900000000000002,pf,-3.518021,7.757711,1.701196,0.026897,0.069069,0.041738
26.928,pf,-3.521946,7.787612,1.701530,0.026897,0.069069,0.041738
26.962000000000003,pf,-3.525693,7.816081,1.701708,0.026897,0.069069,0.041738
26.996000000000002,pf,-3.529397,7.844201,1.701777,0.026897,0.069069,0.041738
27.0,pf,-3.526835,7.843630,1.690915,0.026414,0.064901,0.037764
27.03,pf,-3.527119,7.831732,1.679776,0.026414,0.064901,0.037764
27.064,pf,-3.529969,7.857803,1.679503,0.026414,0.064901,0.037764
27.098000000000003,pf,-3.532496,7.880985,1.678966,0.026414,0.064901,0.037764
27.132,pf,-3.535573,7.909555,1.676966,0.026414,0.064901,0.037764
27.166,pf,-3.538674,7.929418,1.694654,0.026414,0.064901,0.037764
27.150000000000002,pf,-3.539203,7.938632,1.690300,0.025498,0.061851,0.036654
27.200000000000003,pf,-3.543249,7.972390,1.689822,0.025498,0.061851,0.036654
27.234,pf,-3.547279,8.006150,1.689348,0.025498,0.061851,0.036654
27.268,pf,-3.548949,8.032298,1.639891,0.025498,0.061851,0.036654
27.25,pf,-3.552810,8.040213,1.672286,0.025683,0.064030,0.036199
27.302000000000003,pf,-3.556245,8.074039,1.671715,0.025683,0.064030,0.036199
27.336000000000002,pf,-3.559637,8.107588,1.671444,0.025683,0.064030,0.036199
27.35,pf,-3.561072,8.115070,1.676134,0.025708,0.059817,0.034795
27.37,pf,-3.566545,8.160144,1.697985,0.025708,0.059817,0.034795
27.404000000000003,pf,-3.570442,8.190623,1.698074,0.025708,0.059817,0.034795
27.438000000000002,pf,-3.574202,8.219996,1.698077,0.025708,0.059817,0.034795
27.400000000000002,pf,-3.573431,8.219937,1.696294,0.026593,0.059806,0.039140
27.472,pf,-3.577647,8.253397,1.696100,0.026593,0.059806,0.039140
27.506,pf,-3.576619,8.268129,1.653230,0.026593,0.059806,0.039140
27.540000000000003,pf,-3.579113,8.298355,1.652988,0.026593,0.059806,0.039140
27.55,pf,-3.580393,8.303806,1.663992,0.026524,0.062409,0.036154
27.574,pf,-3.582854,8.330145,1.663978,0.026524,0.062409,0.036154
27.608,pf,-3.585670,8.360319,1.663780,0.026524,0.062409,0.036154
27.6,pf,-3.586308,8.359564,1.666718,0.025785,0.059274,0.033010
27.642000000000003,pf,-3.592070,8.399482,1.652940,0.025785,0.059274,0.033010
27.676000000000002,pf,-3.594716,8.432174,1.650109,0.025785,0.059274,0.033010
27.71,pf,-3.597387,8.466068,1.648823,0.025785,0.059274,0.033010
27.700000000000003,pf,-3.599045,8.463461,1.666464,0.026456,0.060536,0.037247
27.744000000000003,pf,-3.604753,8.506006,1.700900,0.026456,0.060536,0.037247
27.778000000000002,pf,-3.609189,8.539715,1.702447,0.026456,0.060536,0.037247
27.75,pf,-3.606041,8.532852,1.695373,0.025876,0.056979,0.040379
27.812,pf,-3.610279,8.566587,1.695947,0.025876,0.056979,0.040379
27.846,pf,-3.611553,8.623265,1.651870,0.025876,0.056979,0.040379
27.8,pf,-3.612438,8.610594,1.673141,0.025180,0.056221,0.039941
27.880000000000003,pf,-3.615844,8.643568,1.674363,0.025180,0.056221,0.039941
27.914,pf,-3.619122,8.674993,1.674993,0.025180,0.056221,0.039941
27.900000000000002,pf,-3.618722,8.669682,1.675967,0.025170,0.055917,0.035803
27.948,pf,-3.622300,8.703493,1.676612,0.025170,0.055917,0.035803
27.982000000000003,pf,-3.622252,8.690194,1.726498,0.025170,0.055917,0.035803
28.016000000000002,pf,-3.627040,8.720640,1.726838,0.025170,0.055917,0.035803
28.0,pf,-3.626289,8.728675,1.715868,0.025265,0.055469,0.041232
28.05,pf,-3.630209,8.755481,1.715712,0.025265,0.055469,0.041232
28.084000000000003,pf,-3.634647,8.785902,1.715645,0.025265,0.055469,0.041232
28.118000000000002,pf,-3.636318,8.830040,1.700143,0.025265,0.055469,0.041232
28.1,pf,-3.635418,8.834230,1.697307,0.025912,0.058711,0.047420
28.152,pf,-3.639239,8.864313,1.696981,0.025912,0.058711,0.047420
28.186000000000003,pf,-3.642202,8.887686,1.696746,0.025912,0.058711,0.047420
28.200000000000003,pf,-3.642051,8.898599,1.690025,0.025480,0.054096,0.041704
28.220000000000002,pf,-3.644577,8.919708,1.689778,0.025480,0.054096,0.041704
28.254,pf,-3.647052,8.940418,1.689931,0.025480,0.054096,0.041704
28.288,pf,-3.641427,8.903201,1.697127,0.025480,0.054096,0.041704
28.322000000000003,pf,-3.643466,8.919251,1.697228,0.025480,0.054096,0.041704
28.356,pf,-3.645096,8.932086,1.697035,0.025480,0.054096,0.041704
28.39,pf,-3.647239,8.948948,1.697269,0.025480,0.054096,0.041704
28.424000000000003,pf,-3.648797,8.961147,1.698274,0.025480,0.054096,0.041704
28.400000000000002,pf,-3.648633,8.976674,1.687450,0.025336,0.050379,0.042528
28.458000000000002,pf,-3.650034,8.988671,1.686812,0.025336,0.050379,0.042528
28.492,pf,-3.651726,9.003179,1.686996,0.025336,0.050379,0.042528
28.526000000000003,pf,-3.653070,9.014642,1.687713,0.025336,0.050379,0.042528
28.560000000000002,pf,-3.653893,9.003657,1.714505,0.025336,0.050379,0.042528
28.594,pf,-3.655591,9.015387,1.714614,0.025336,0.050379,0.042528
28.628,pf,-3.657065,9.025549,1.714912,0.025336,0.050379,0.042528
28.662000000000003,pf,-3.658353,9.034427,1.714974,0.025336,0.050379,0.042528
28.650000000000002,pf,-3.659520,9.053477,1.705310,0.025677,0.049243,0.046656
28.696,pf,-3.660698,9.062172,1.705636,0.025677,0.049243,0.046656
28.73,pf,-3.661918,9.071157,1.705754,0.025677,0.049243,0.046656
28.764000000000003,pf,-3.662915,9.078497,1.705867,0.025677,0.049243,0.046656
28.798000000000002,pf,-3.663814,9.085111,1.705963,0.025677,0.049243,0.046656
28.832,pf,-3.664780,9.092208,1.706080,0.025677,0.049243,0.046656
28.866000000000003,pf,-3.663224,9.082752,1.767604,0.025677,0.049243,0.046656
28.85,pf,-3.662012,9.103168,1.740217,0.025657,0.046742,0.048185
28.900000000000002,pf,-3.663169,9.108732,1.827222,0.025657,0.046742,0.048185
28.900000000000002,pf,-3.660794,9.119116,1.789174,0.024189,0.043008,0.045645
28.934,pf,-3.664176,9.130419,1.915374,0.024189,0.043008,0.045645
28.950000000000003,pf,-3.664607,9.142644,1.892290,0.025040,0.046405,0.047484
28.968000000000004,pf,-3.665189,9.144159,1.979820,0.025040,0.046405,0.047484
29.002000000000002,pf,-3.658003,9.127527,2.046126,0.025040,0.046405,0.047484
29.000000000000004,pf,-3.662725,9.149543,2.001408,0.026719,0.050873,0.050552
29.036,pf,-3.664269,9.152572,2.076298,0.026719,0.050873,0.050552
29.05,pf,-3.667265,9.163740,2.071650,0.026908,0.048222,0.040845
29.07,pf,-3.670340,9.169568,2.136163,0.026908,0.048222,0.040845
29.104000000000003,pf,-3.670711,9.170102,2.191778,0.026908,0.048222,0.040845
29.138,pf,-3.651527,9.142423,2.232266,0.026908,0.048222,0.040845
29.1,pf,-3.661874,9.164650,2.200122,0.033634,0.052906,0.044274
29.172,pf,-3.662693,9.165742,2.276820,0.033634,0.052906,0.044274
29.150000000000002,pf,-3.665453,9.171270,2.243122,0.032756,0.049320,0.029722
29.206000000000003,pf,-3.682791,9.193849,2.299669,0.032756,0.049320,0.029722
29.240000000000002,pf,-3.685121,9.196325,2.344416,0.032756,0.049320,0.029722
29.200000000000003,pf,-3.683694,9.195354,2.310470,0.034630,0.049419,0.022774
29.274,pf,-3.685333,9.197055,2.363503,0.034630,0.049419,0.022774
29.308000000000003,pf,-3.668733,9.179260,2.404967,0.034630,0.049419,0.022774
29.3,pf,-3.671692,9.186367,2.414559,0.037175,0.048988,0.024257
29.342000000000002,pf,-3.673079,9.187514,2.465988,0.037175,0.048988,0.024257
29.35,pf,-3.677222,9.192329,2.519099,0.040810,0.044556,0.011419
29.376,pf,-3.678376,9.193122,2.548986,0.040810,0.044556,0.011419
29.41,pf,-3.697018,9.205692,2.558580,0.040810,0.044556,0.011419
29.444000000000003,pf,-3.698201,9.206441,2.594110,0.040810,0.044556,0.011419
29.450000000000003,pf,-3.711218,9.216578,2.649606,0.042795,0.041257,0.008392
29.478,pf,-3.712466,9.217213,2.685309,0.042795,0.041257,0.008392
29.512,pf,-3.698414,9.209855,2.734906,0.042795,0.041257,0.008392
29.500000000000004,pf,-3.705484,9.219243,2.733844,0.043645,0.038974,0.021108
29.546000000000003,pf,-3.706776,9.219783,2.763954,0.043645,0.038974,0.021108
29.580000000000002,pf,-3.709948,9.221005,2.789851,0.043645,0.038974,0.021108
29.614,pf,-3.713158,9.222127,2.820384,0.043645,0.038974,0.021108
29.6,pf,-3.713281,9.224434,2.803937,0.047908,0.037167,0.016103
29.648000000000003,pf,-3.715566,9.225074,2.838744,0.047908,0.037167,0.016103
29.682000000000002,pf,-3.718822,9.226054,2.863901,0.047908,0.037167,0.016103
29.716,pf,-3.726564,9.228068,2.900524,0.047908,0.037167,0.016103
29.700000000000003,pf,-3.728985,9.230410,2.889288,0.051946,0.035711,0.023245
29.750000000000004,pf,-3.776775,9.238613,3.000260,0.051946,0.035711,0.023245
29.750000000000004,pf,-3.761733,9.239701,2.968412,0.049314,0.031863,0.036102
29.784000000000002,pf,-3.795384,9.244522,3.034165,0.049314,0.031863,0.036102
29.818,pf,-3.818371,9.245684,3.090367,0.049314,0.031863,0.036102
29.8,pf,-3.788372,9.245319,3.024471,0.048250,0.031239,0.040357
29.852,pf,-3.822236,9.248329,3.075302,0.048250,0.031239,0.040357
29.85,pf,-3.816318,9.247240,3.028576,0.052043,0.030733,0.024428
29.886000000000003,pf,-3.850161,9.250489,3.063782,0.052043,0.030733,0.024428
29.92,pf,-3.860676,9.244175,-3.130157,0.052043,0.030733,0.024428
29.900000000000002,pf,-3.822640,9.245671,3.044039,0.064118,0.026863,0.017718
29.954,pf,-3.856070,9.248241,3.083255,0.064118,0.026863,0.017718
29.988000000000003,pf,-3.886290,9.249573,3.111674,0.064118,0.026863,0.017718
30.000000000000004,pf,-3.876880,9.251427,3.118856,0.065437,0.025634,0.025478
30.022000000000002,pf,-3.906147,9.251726,-3.138708,0.065437,0.025634,0.025478
30.056,pf,-3.964675,9.252784,-3.116708,0.065437,0.025634,0.025478
30.05,pf,-3.933340,9.252874,-3.140980,0.062264,0.024670,0.017011
30.090000000000003,pf,-3.961537,9.252610,-3.123841,0.062264,0.024670,0.017011
30.124000000000002,pf,-3.988930,9.251902,-3.105818,0.062264,0.024670,0.017011
30.158,pf,-4.022906,9.250611,-3.099745,0.062264,0.024670,0.017011
30.150000000000002,pf,-3.988065,9.249802,-3.093660,0.053061,0.022663,0.018068
30.192,pf,-4.005123,9.252575,-3.124636,0.053061,0.022663,0.018068
30.226000000000003,pf,-4.039116,9.251879,-3.119092,0.053061,0.022663,0.018068
30.26,pf,-4.073107,9.251108,-3.117446,0.053061,0.022663,0.018068
30.250000000000004,pf,-4.062148,9.250847,-3.077179,0.060463,0.022389,0.014648
30.294,pf,-4.069582,9.248207,-3.064149,0.060463,0.022389,0.014648
30.328000000000003,pf,-4.103480,9.245579,-3.064163,0.060463,0.022389,0.014648
30.362000000000002,pf,-4.137378,9.242952,-3.064317,0.060463,0.022389,0.014648
30.35,pf,-4.131010,9.243585,-3.067659,0.063673,0.022340,0.014983
30.396,pf,-4.147079,9.242995,-3.082670,0.063673,0.022340,0.014983
30.430000000000003,pf,-4.180694,9.241019,-3.083181,0.063673,0.022340,0.014983
30.464000000000002,pf,-4.212428,9.239171,-3.083614,0.063673,0.022340,0.014983
30.498,pf,-4.242258,9.237443,-3.083761,0.063673,0.022340,0.014983
30.500000000000004,pf,-4.236412,9.237285,-3.073906,0.068199,0.022087,0.018624
30.532000000000004,pf,-4.248595,9.233507,-3.007228,0.068199,0.022087,0.018624
30.55,pf,-4.238383,9.233681,-3.069943,0.082476,0.029250,0.023596
30.566000000000003,pf,-4.267600,9.231591,-3.070732,0.082476,0.029250,0.023596
30.6,pf,-4.292233,9.229847,-3.070965,0.082476,0.029250,0.023596
30.6,pf,-4.292006,9.230879,-3.070805,0.076658,0.027664,0.019681
30.634,pf,-4.318921,9.228985,-3.071604,0.076658,0.027664,0.019681
30.668000000000003,pf,-4.346522,9.225671,-3.061005,0.076658,0.027664,0.019681
30.702,pf,-4.369397,9.223827,-3.061270,0.076658,0.027664,0.019681
30.700000000000003,pf,-4.364046,9.226253,-3.071437,0.075583,0.026889,0.025366
30.736,pf,-4.384973,9.224784,-3.071528,0.075583,0.026889,0.025366
30.770000000000003,pf,-4.406930,9.223247,-3.071808,0.075583,0.026889,0.025366
30.804000000000002,pf,-4.424678,9.222005,-3.071866,0.075583,0.026889,0.025366
30.8,pf,-4.425843,9.223426,-3.071340,0.073096,0.026377,0.020992
30.838,pf,-4.390752,9.227420,-3.091216,0.073096,0.026377,0.020992
30.872000000000003,pf,-4.409144,9.226491,-3.091145,0.073096,0.026377,0.020992
30.906000000000002,pf,-4.425486,9.225664,-3.091020,0.073096,0.026377,0.020992
30.94,pf,-4.439253,9.224967,-3.090937,0.073096,0.026377,0.020992
30.974,pf,-4.451857,9.224327,-3.090812,0.073096,0.026377,0.020992
31.008000000000003,pf,-4.465437,9.223636,-3.090694,0.073096,0.026377,0.020992
31.042,pf,-4.475415,9.223127,-3.090498,0.073096,0.026377,0.020992
31.076,pf,-4.485338,9.222619,-3.090349,0.073096,0.026377,0.020992
31.110000000000003,pf,-4.517540,9.221197,-3.099709,0.073096,0.026377,0.020992
31.1,pf,-4.522717,9.217779,-3.074253,0.073982,0.025694,0.021632
31.144000000000002,pf,-4.531728,9.217170,-3.073984,0.073982,0.025694,0.021632
31.178,pf,-4.539597,9.216637,-3.073982,0.073982,0.025694,0.021632
31.212000000000003,pf,-4.548670,9.216022,-3.073712,0.073982,0.025694,0.021632
31.246000000000002,pf,-4.556466,9.215491,-3.073468,0.073982,0.025694,0.021632
31.28,pf,-4.562656,9.215068,-3.073319,0.073982,0.025694,0.021632
31.314000000000004,pf,-4.568559,9.214663,-3.072879,0.073982,0.025694,0.021632
31.348000000000003,pf,-4.575238,9.214203,-3.072642,0.073982,0.025694,0.021632
31.35,pf,-4.580983,9.214418,-3.077584,0.071044,0.025043,0.017311
31.382,pf,-4.586335,9.214075,-3.077521,0.071044,0.025043,0.017311
31.416,pf,-4.591603,9.213737,-3.077399,0.071044,0.025043,0.017311
31.450000000000003,pf,-4.597016,9.213388,-3.077252,0.071044,0.025043,0.017311
31.484,pf,-4.601318,9.213111,-3.077161,0.071044,0.025043,0.017311
31.518,pf,-4.605236,9.212858,-3.077121,0.071044,0.025043,0.017311
31.552000000000003,pf,-4.609608,9.212576,-3.077065,0.071044,0.025043,0.017311
31.586000000000002,pf,-4.613629,9.212316,-3.076956,0.071044,0.025043,0.017311
31.62,pf,-4.617315,9.212077,-3.076898,0.071044,0.025043,0.017311
31.654000000000003,pf,-4.620575,9.211866,-3.076839,0.071044,0.025043,0.017311
31.688000000000002,pf,-4.623980,9.211645,-3.076788,0.071044,0.025043,0.017311
31.722,pf,-4.626856,9.211458,-3.076747,0.071044,0.025043,0.017311
31.756,pf,-4.609938,9.210583,-3.060941,0.071044,0.025043,0.017311
31.790000000000003,pf,-4.612641,9.210365,-3.060907,0.071044,0.025043,0.017311
31.824,pf,-4.614916,9.210181,-3.060879,0.071044,0.025043,0.017311
31.858,pf,-4.617046,9.210008,-3.060862,0.071044,0.025043,0.017311
31.892000000000003,pf,-4.619160,9.209837,-3.060836,0.071044,0.025043,0.017311
31.926000000000002,pf,-4.620930,9.209694,-3.060816,0.071044,0.025043,0.017311
31.96,pf,-4.622636,9.209556,-3.060800,0.071044,0.025043,0.017311
31.994000000000003,pf,-4.624215,9.209428,-3.060776,0.071044,0.025043,0.017311
32.028,pf,-4.625907,9.209291,-3.060756,0.071044,0.025043,0.017311
32.062000000000005,pf,-4.627263,9.209181,-3.060742,0.071044,0.025043,0.017311
32.096000000000004,pf,-4.628485,9.209082,-3.060732,0.071044,0.025043,0.017311
32.13,pf,-4.629793,9.208976,-3.060723,0.071044,0.025043,0.017311
32.164,pf,-4.630945,9.208883,-3.060708,0.071044,0.025043,0.017311
32.15,pf,-4.640066,9.208700,-3.075429,0.069117,0.024708,0.023867
32.198,pf,-4.641058,9.208635,-3.075419,0.069117,0.024708,0.023867
32.232,pf,-4.642154,9.208562,-3.075410,0.069117,0.024708,0.023867
32.266000000000005,pf,-4.642979,9.208507,-3.075399,0.069117,0.024708,0.023867
32.300000000000004,pf,-4.643712,9.208459,-3.075397,0.069117,0.024708,0.023867
32.334,pf,-4.644486,9.208407,-3.075388,0.069117,0.024708,0.023867
32.368,pf,-4.644316,9.208425,-3.040825,0.069117,0.024708,0.023867
32.402,pf,-4.643374,9.208513,-2.948936,0.069117,0.024708,0.023867
32.4,pf,-4.662075,9.209108,-2.989680,0.069196,0.024334,0.032985
32.436,pf,-4.680449,9.205375,-2.869657,0.069196,0.024334,0.032985
32.45,pf,-4.697690,9.208473,-2.960805,0.064353,0.025237,0.016642
32.47,pf,-4.701630,9.207534,-2.871378,0.064353,0.025237,0.016642
32.504000000000005,pf,-4.703175,9.207033,-2.782209,0.064353,0.025237,0.016642
32.5,pf,-4.699087,9.207055,-2.814982,0.069442,0.026040,0.029921
32.538000000000004,pf,-4.752676,9.190627,-2.729295,0.069442,0.026040,0.029921
32.550000000000004,pf,-4.739983,9.196456,-2.694657,0.069425,0.028492,0.028527
32.572,pf,-4.741199,9.195765,-2.595040,0.069425,0.028492,0.028527
32.606,pf,-4.774687,9.176073,-2.526676,0.069425,0.028492,0.028527
32.6,pf,-4.760250,9.183789,-2.567579,0.070842,0.034124,0.027169
32.64,pf,-4.761129,9.183160,-2.487405,0.070842,0.034124,0.027169
32.65,pf,-4.745631,9.190529,-2.462473,0.069217,0.034000,0.019545
32.674,pf,-4.768216,9.171790,-2.398849,0.069217,0.034000,0.019545
32.708000000000006,pf,-4.768912,9.171073,-2.308703,0.069217,0.034000,0.019545
32.7,pf,-4.747317,9.183141,-2.329095,0.065887,0.038359,0.028587
32.742000000000004,pf,-4.751990,9.177889,-2.182642,0.065887,0.038359,0.028587
32.75,pf,-4.740530,9.182153,-2.221687,0.061309,0.040155,0.018158
32.776,pf,-4.741748,9.180431,-2.154480,0.061309,0.040155,0.018158
32.81,pf,-4.715257,9.219492,-2.029363,0.061309,0.040155,0.018158
32.800000000000004,pf,-4.714489,9.220765,-2.089663,0.062439,0.050442,0.025052
32.844,pf,-4.714265,9.221152,-2.030960,0.062439,0.050442,0.025052
32.85,pf,-4.708730,9.226700,-2.011703,0.056309,0.047995,0.018632
32.878,pf,-4.693492,9.259780,-1.950034,0.056309,0.047995,0.018632
32.912,pf,-4.693160,9.260723,-1.887177,0.056309,0.047995,0.018632
32.9,pf,-4.693036,9.259765,-1.917008,0.053657,0.052859,0.022545
32.946000000000005,pf,-4.680359,9.297026,-1.869129,0.053657,0.052859,0.022545
32.980000000000004,pf,-4.680014,9.298175,-1.817737,0.053657,0.052859,0.022545
33.014,pf,-4.676643,9.311526,-1.774309,0.053657,0.052859,0.022545
33.0,pf,-4.683905,9.298024,-1.788959,0.051067,0.059289,0.030625
33.048,pf,-4.683654,9.299401,-1.732058,0.051067,0.059289,0.030625
33.050000000000004,pf,-4.691383,9.294392,-1.746050,0.047466,0.057654,0.017420
33.082,pf,-4.680747,9.357182,-1.708902,0.047466,0.057654,0.017420
33.116,pf,-4.680332,9.360556,-1.668057,0.047466,0.057654,0.017420
33.1,pf,-4.688449,9.338626,-1.682114,0.045515,0.058670,0.023416
33.15,pf,-4.688148,9.342013,-1.636789,0.045515,0.058670,0.023416
33.184000000000005,pf,-4.686997,9.354593,-1.584258,0.045515,0.058670,0.023416
33.218,pf,-4.687012,9.357993,-1.545817,0.045515,0.058670,0.023416
33.2,pf,-4.692888,9.342765,-1.584839,0.044419,0.060614,0.020412
33.252,pf,-4.692912,9.344365,-1.544688,0.044419,0.060614,0.020412
33.286,pf,-4.693055,9.352852,-1.508291,0.044419,0.060614,0.020412
33.32,pf,-4.693303,9.356243,-1.479185,0.044419,0.060614,0.020412
33.300000000000004,pf,-4.698868,9.341049,-1.498575,0.042297,0.061852,0.015558
33.354,pf,-4.699163,9.344436,-1.467088,0.042297,0.061852,0.015558
33.388000000000005,pf,-4.699565,9.347812,-1.435088,0.042297,0.061852,0.015558
33.422000000000004,pf,-4.700691,9.359949,-1.419694,0.042297,0.061852,0.015558
33.4,pf,-4.703648,9.343949,-1.431265,0.040126,0.058037,0.018645
33.456,pf,-4.703763,9.344741,-1.410697,0.040126,0.058037,0.018645
33.49,pf,-4.704346,9.348090,-1.386623,0.040126,0.058037,0.018645
33.524,pf,-4.705012,9.351424,-1.361832,0.040126,0.058037,0.018645
33.5,pf,-4.708254,9.336755,-1.368750,0.038468,0.057009,0.021434
33.558,pf,-4.707654,9.334122,-1.344142,0.038468,0.057009,0.021434
33.592,pf,-4.704045,9.318170,-1.305594,0.038468,0.057009,0.021434
33.6,pf,-4.707952,9.311448,-1.319208,0.036939,0.055167,0.018002
33.626000000000005,pf,-4.698497,9.278794,-1.257776,0.036939,0.055167,0.018002
33.660000000000004,pf,-4.692015,9.257779,-1.204043,0.036939,0.055167,0.018002
33.65,pf,-4.693360,9.256010,-1.264399,0.036802,0.062228,0.023225
33.694,pf,-4.682354,9.223843,-1.219658,0.036802,0.062228,0.023225
33.728,pf,-4.669842,9.192233,-1.168449,0.036802,0.062228,0.023225
33.7,pf,-4.674064,9.185404,-1.199584,0.036800,0.065703,0.033024
33.762,pf,-4.672929,9.187573,-1.174983,0.036800,0.065703,0.033024
33.796,pf,-4.659630,9.156536,-1.155684,0.036800,0.065703,0.033024
33.830000000000005,pf,-4.645499,9.125612,-1.130401,0.036800,0.065703,0.033024
33.864000000000004,pf,-4.631564,9.096599,-1.114491,0.036800,0.065703,0.033024
33.85,pf,-4.637382,9.108212,-1.112309,0.038414,0.066872,0.016476
33.898,pf,-4.619030,9.054675,-1.129939,0.038414,0.066872,0.016476
33.9,pf,-4.632061,9.094925,-1.093303,0.041524,0.063846,0.027499
33.932,pf,-4.616774,9.065841,-1.080829,0.041524,0.063846,0.027499
33.966,pf,-4.602844,9.039907,-1.072685,0.041524,0.063846,0.027499
33.95,pf,-4.611897,9.054027,-1.073059,0.039177,0.060650,0.028136
34.0,pf,-4.599090,9.030549,-1.068416,0.039177,0.060650,0.028136
34.034,pf,-4.573578,8.992067,-1.089447,0.039177,0.060650,0.028136
34.068000000000005,pf,-4.560308,8.965475,-1.135380,0.039177,0.060650,0.028136
34.050000000000004,pf,-4.562408,8.970958,-1.059886,0.042592,0.064258,0.021261
34.102000000000004,pf,-4.546049,8.941152,-1.077940,0.042592,0.064258,0.021261
34.136,pf,-4.530101,8.911125,-1.085241,0.042592,0.064258,0.021261
34.15,pf,-4.539696,8.924237,-1.100025,0.039296,0.058869,0.017061
34.17,pf,-4.510347,8.879443,-1.084241,0.039296,0.058869,0.017061
34.204,pf,-4.494497,8.849364,-1.086173,0.039296,0.058869,0.017061
34.238,pf,-4.478730,8.819241,-1.088253,0.039296,0.058869,0.017061
34.2,pf,-4.494921,8.840941,-1.119994,0.040809,0.064592,0.012798
34.272000000000006,pf,-4.465637,8.779522,-1.110662,0.040809,0.064592,0.012798
34.25,pf,-4.479960,8.803202,-1.122827,0.038746,0.063243,0.012688
34.306000000000004,pf,-4.465361,8.772858,-1.121923,0.038746,0.063243,0.012688
34.34,pf,-4.451557,8.744229,-1.121019,0.038746,0.063243,0.012688
34.300000000000004,pf,-4.462745,8.762643,-1.123400,0.036507,0.059555,0.013164
34.374,pf,-4.449070,8.734165,-1.122918,0.036507,0.059555,0.013164
34.408,pf,-4.453895,8.743009,-1.109061,0.036507,0.059555,0.013164
34.442,pf,-4.440437,8.715985,-1.108439,0.036507,0.059555,0.013164
34.45,pf,-4.441297,8.714480,-1.120401,0.034780,0.056799,0.012864
34.476,pf,-4.428585,8.688207,-1.119906,0.034780,0.056799,0.012864
34.510000000000005,pf,-4.414580,8.659287,-1.119742,0.034780,0.056799,0.012864
34.5,pf,-4.418232,8.663575,-1.123385,0.033582,0.054448,0.014315
34.544000000000004,pf,-4.401910,8.629109,-1.115996,0.033582,0.054448,0.014315
34.578,pf,-4.389984,8.604727,-1.115802,0.033582,0.054448,0.014315
34.612,pf,-4.377946,8.580109,-1.116315,0.033582,0.054448,0.014315
34.6,pf,-4.382031,8.585353,-1.118906,0.033169,0.054513,0.014843
34.646,pf,-4.372194,8.564978,-1.135575,0.033169,0.054513,0.014843
34.68,pf,-4.368503,8.552545,-1.294506,0.033169,0.054513,0.014843
34.714,pf,-4.360203,8.519578,-1.348421,0.033169,0.054513,0.014843
34.7,pf,-4.354070,8.531399,-1.166920,0.024768,0.052952,0.019443
34.748000000000005,pf,-4.352295,8.522386,-1.217455,0.024768,0.052952,0.019443
34.75,pf,-4.353720,8.522931,-1.214373,0.024156,0.051211,0.016243
34.782000000000004,pf,-4.342482,8.490843,-1.250901,0.024156,0.051211,0.016243
34.816,pf,-4.332324,8.458397,-1.283307,0.024156,0.051211,0.016243
34.800000000000004,pf,-4.332827,8.463625,-1.267371,0.024658,0.056356,0.022196
34.85,pf,-4.313277,8.409348,-1.251052,0.024658,0.056356,0.022196
34.85,pf,-4.319446,8.416788,-1.286733,0.023358,0.056078,0.015766
34.884,pf,-4.310157,8.384082,-1.304197,0.023358,0.056078,0.015766
34.918,pf,-4.301446,8.351217,-1.317115,0.023358,0.056078,0.015766
34.952000000000005,pf,-4.284135,8.297222,-1.293838,0.023358,0.056078,0.015766
34.95,pf,-4.283243,8.291344,-1.306327,0.024211,0.059411,0.030020
34.986000000000004,pf,-4.274894,8.260370,-1.310350,0.024211,0.059411,0.030020
35.02,pf,-4.266867,8.230204,-1.311119,0.024211,0.059411,0.030020
35.054,pf,-4.259477,8.202255,-1.312700,0.024211,0.059411,0.030020
35.050000000000004,pf,-4.267492,8.214405,-1.354367,0.024765,0.061287,0.019419
35.088,pf,-4.271825,8.225499,-1.447004,0.024765,0.061287,0.019419
35.1,pf,-4.272845,8.223915,-1.368408,0.039769,0.090857,0.016634
35.122,pf,-4.266981,8.195236,-1.369852,0.039769,0.090857,0.016634
35.156,pf,-4.261748,8.169498,-1.370678,0.039769,0.090857,0.016634
35.150000000000006,pf,-4.263205,8.172466,-1.370929,0.035760,0.081031,0.014288
35.190000000000005,pf,-4.257346,8.143464,-1.371953,0.035760,0.081031,0.014288
35.224000000000004,pf,-4.244772,8.092881,-1.375732,0.035760,0.081031,0.014288
35.2,pf,-4.246877,8.099140,-1.368286,0.033901,0.077614,0.016657
35.258,pf,-4.242725,8.078891,-1.371287,0.033901,0.077614,0.016657
35.292,pf,-4.236600,8.045448,-1.396930,0.033901,0.077614,0.016657
35.326,pf,-4.230870,8.011934,-1.406438,0.033901,0.077614,0.016657
35.300000000000004,pf,-4.228446,8.011381,-1.378923,0.032204,0.074738,0.021097
35.36,pf,-4.225851,7.941733,-1.456552,0.032204,0.074738,0.021097
35.35,pf,-4.224411,7.954135,-1.390441,0.029755,0.087219,0.020045
35.394000000000005,pf,-4.218382,7.920674,-1.393334,0.029755,0.087219,0.020045
35.428000000000004,pf,-4.212412,7.887202,-1.395857,0.029755,0.087219,0.020045
35.45,pf,-4.215010,7.893291,-1.400943,0.027992,0.079415,0.021246
35.462,pf,-4.205432,7.846685,-1.411892,0.027992,0.079415,0.021246
35.496,pf,-4.200452,7.815611,-1.411861,0.027992,0.079415,0.021246
35.53,pf,-4.195085,7.782037,-1.412406,0.027992,0.079415,0.021246
35.5,pf,-4.201245,7.805159,-1.408412,0.025598,0.068408,0.023118
35.564,pf,-4.196324,7.775076,-1.408838,0.025598,0.068408,0.023118
35.598,pf,-4.191043,7.714252,-1.410318,0.025598,0.068408,0.023118
35.6,pf,-4.190218,7.716413,-1.403051,0.024897,0.071319,0.022710
35.632000000000005,pf,-4.184719,7.683908,-1.403401,0.024897,0.071319,0.022710
35.666000000000004,pf,-4.179761,7.654534,-1.403730,0.024897,0.071319,0.022710
35.7,pf,-4.175222,7.627602,-1.403876,0.024897,0.071319,0.022710
35.7,pf,-4.173879,7.623148,-1.407384,0.024561,0.070078,0.018831
35.734,pf,-4.172444,7.612491,-1.425930,0.024561,0.070078,0.018831
35.768,pf,-4.169235,7.590474,-1.426340,0.024561,0.070078,0.018831
35.802,pf,-4.166191,7.569497,-1.426869,0.024561,0.070078,0.018831
35.836000000000006,pf,-4.161861,7.537426,-1.444424,0.024561,0.070078,0.018831
35.800000000000004,pf,-4.159647,7.543481,-1.412768,0.024067,0.066907,0.017244
35.870000000000005,pf,-4.147653,7.494364,-1.412756,0.024067,0.066907,0.017244
35.904,pf,-4.142275,7.460792,-1.411997,0.024067,0.066907,0.017244
35.900000000000006,pf,-4.141957,7.458332,-1.414372,0.025485,0.072306,0.031367
35.938,pf,-4.136664,7.424747,-1.413593,0.025485,0.072306,0.031367
35.972,pf,-4.134467,7.397363,-1.449162,0.025485,0.072306,0.031367
35.95,pf,-4.135490,7.398600,-1.446934,0.025436,0.074035,0.020919
36.006,pf,-4.131254,7.364896,-1.444419,0.025436,0.074035,0.020919
36.04,pf,-4.127122,7.332283,-1.444369,0.025436,0.074035,0.020919
36.050000000000004,pf,-4.126755,7.333896,-1.434437,0.025632,0.073586,0.022726
36.074000000000005,pf,-4.122416,7.302279,-1.434135,0.025632,0.073586,0.022726
36.108000000000004,pf,-4.113560,7.244362,-1.433274,0.025632,0.073586,0.022726
36.1,pf,-4.113434,7.252725,-1.420995,0.025446,0.071075,0.024413
36.142,pf,-4.108811,7.222136,-1.420581,0.025446,0.071075,0.024413
36.176,pf,-4.104358,7.192754,-1.420202,0.025446,0.071075,0.024413
36.21,pf,-4.099545,7.161072,-1.419851,0.025446,0.071075,0.024413
36.2,pf,-4.102293,7.179270,-1.416203,0.024094,0.062179,0.025632
36.244,pf,-4.089987,7.138210,-1.379576,0.024094,0.062179,0.025632
36.278000000000006,pf,-4.084935,7.112130,-1.379327,0.024094,0.062179,0.025632
36.312000000000005,pf,-4.079604,7.084637,-1.379227,0.024094,0.062179,0.025632
36.300000000000004,pf,-4.079640,7.085437,-1.388508,0.025359,0.068889,0.034247
36.346000000000004,pf,-4.075046,7.059899,-1.397992,0.025359,0.068889,0.034247
36.38,pf,-4.069991,7.038058,-1.369154,0.025359,0.068889,0.034247
36.414,pf,-4.063198,7.004744,-1.369781,0.025359,0.068889,0.034247
36.400000000000006,pf,-4.072552,7.018420,-1.423947,0.024262,0.068900,0.021526
36.448,pf,-4.067586,6.984784,-1.424325,0.024262,0.068900,0.021526
36.482,pf,-4.066680,6.967959,-1.409957,0.024262,0.068900,0.021526
36.516000000000005,pf,-4.061238,6.934397,-1.409960,0.024262,0.068900,0.021526
36.5,pf,-4.063639,6.935193,-1.432117,0.023935,0.070554,0.019782
36.550000000000004,pf,-4.058940,6.901519,-1.431976,0.023935,0.070554,0.019782
36.584,pf,-4.054511,6.869859,-1.431623,0.023935,0.070554,0.019782
36.618,pf,-4.044732,6.809377,-1.420684,0.023935,0.070554,0.019782
36.6,pf,-4.047270,6.810913,-1.433729,0.024736,0.072090,0.020033
36.652,pf,-4.042620,6.777232,-1.433509,0.024736,0.072090,0.020033
36.686,pf,-4.038897,6.750309,-1.433304,0.024736,0.072090,0.020033
36.72,pf,-4.034890,6.721363,-1.433171,0.024736,0.072090,0.020033
36.7,pf,-4.035572,6.721982,-1.436238,0.024910,0.073517,0.017791
36.754000000000005,pf,-4.031055,6.694041,-1.416098,0.024910,0.073517,0.017791
36.788000000000004,pf,-4.027187,6.669167,-1.417211,0.024910,0.073517,0.017791
36.822,pf,-4.023242,6.643659,-1.417661,0.024910,0.073517,0.017791
36.800000000000004,pf,-4.025612,6.650763,-1.433217,0.023799,0.069277,0.019482
36.856,pf,-4.022582,6.628864,-1.433351,0.023799,0.069277,0.019482
36.89,pf,-4.019154,6.604046,-1.433650,0.023799,0.069277,0.019482
36.924,pf,-4.018594,6.610001,-1.373549,0.023799,0.069277,0.019482
36.900000000000006,pf,-4.019090,6.601272,-1.418565,0.023576,0.067199,0.017383
36.958000000000006,pf,-4.013953,6.567663,-1.420083,0.023576,0.067199,0.017383
36.992000000000004,pf,-4.008861,6.534046,-1.421000,0.023576,0.067199,0.017383
37.0,pf,-4.009372,6.530718,-1.432612,0.023585,0.066081,0.018960
37.026,pf,-3.999799,6.477782,-1.412307,0.023585,0.066081,0.018960
37.050000000000004,pf,-3.999923,6.474923,-1.433986,0.024278,0.071477,0.021266
37.06,pf,-3.995258,6.441245,-1.432330,0.024278,0.071477,0.021266
37.094,pf,-3.990656,6.408302,-1.431519,0.024278,0.071477,0.021266
37.1,pf,-3.992515,6.415183,-1.439737,0.024268,0.067298,0.020501
37.128,pf,-3.991570,6.398637,-1.445813,0.024268,0.067298,0.020501
37.162,pf,-3.987612,6.367229,-1.445067,0.024268,0.067298,0.020501
37.196000000000005,pf,-3.983762,6.336858,-1.444312,0.024268,0.067298,0.020501
37.230000000000004,pf,-3.979511,6.303542,-1.443473,0.024268,0.067298,0.020501
37.2,pf,-3.981295,6.308490,-1.448091,0.024290,0.072951,0.023599
37.264,pf,-3.970479,6.244284,-1.447520,0.024290,0.072951,0.023599
37.25,pf,-3.970985,6.247200,-1.447730,0.024783,0.076630,0.023376
37.298,pf,-3.967398,6.218212,-1.447724,0.024783,0.076630,0.023376
37.332,pf,-3.963511,6.186801,-1.447355,0.024783,0.076630,0.023376
37.35,pf,-3.964317,6.192236,-1.440233,0.023927,0.076521,0.017475
37.366,pf,-3.960892,6.166160,-1.440244,0.023927,0.076521,0.017475
37.400000000000006,pf,-3.959534,6.157629,-1.419209,0.023927,0.076521,0.017475
37.434000000000005,pf,-3.955903,6.133685,-1.422287,0.023927,0.076521,0.017475
37.45,pf,-3.955876,6.132756,-1.433925,0.023797,0.076175,0.017400
37.468,pf,-3.951261,6.099070,-1.435383,0.023797,0.076175,0.017400
37.502,pf,-3.946686,6.065380,-1.436152,0.023797,0.076175,0.017400
37.5,pf,-3.947557,6.071178,-1.435613,0.023266,0.072242,0.018595
37.536,pf,-3.940573,6.017487,-1.429110,0.023266,0.072242,0.018595
37.550000000000004,pf,-3.941325,6.020833,-1.432224,0.022807,0.070794,0.018982
37.57,pf,-3.936645,5.987156,-1.433171,0.022807,0.070794,0.018982
37.604,pf,-3.931996,5.953476,-1.434154,0.022807,0.070794,0.018982
37.6,pf,-3.932012,5.955665,-1.433733,0.022904,0.070354,0.019009
37.638000000000005,pf,-3.919518,5.895946,-1.392004,0.022904,0.070354,0.019009
37.650000000000006,pf,-3.923957,5.913326,-1.425602,0.022223,0.064870,0.022716
37.672000000000004,pf,-3.919050,5.879681,-1.426363,0.022223,0.064870,0.022716
37.706,pf,-3.914449,5.847958,-1.427010,0.022223,0.064870,0.022716
37.7,pf,-3.914785,5.846614,-1.431817,0.022516,0.064809,0.021022
37.74,pf,-3.910514,5.816037,-1.432379,0.022516,0.064809,0.021022
37.774,pf,-3.905385,5.760502,-1.463669,0.022516,0.064809,0.021022
37.808,pf,-3.902216,5.731082,-1.463639,0.022516,0.064809,0.021022
37.800000000000004,pf,-3.900497,5.737169,-1.441501,0.022636,0.064013,0.022801
37.842000000000006,pf,-3.896765,5.708454,-1.441377,0.022636,0.064013,0.022801
37.876000000000005,pf,-3.893140,5.680579,-1.441480,0.022636,0.064013,0.022801
37.910000000000004,pf,-3.888977,5.601641,-1.505840,0.022636,0.064013,0.022801
37.900000000000006,pf,-3.886349,5.629268,-1.438715,0.022601,0.068669,0.020925
37.944,pf,-3.883212,5.605629,-1.438980,0.022601,0.068669,0.020925
37.978,pf,-3.880367,5.584151,-1.439307,0.022601,0.068669,0.020925
38.012,pf,-3.876932,5.558107,-1.440422,0.022601,0.068669,0.020925
38.0,pf,-3.879221,5.569083,-1.443212,0.022657,0.067389,0.015254
38.046,pf,-3.877574,5.543254,-1.444622,0.022657,0.067389,0.015254
38.080000000000005,pf,-3.873310,5.509522,-1.445545,0.022657,0.067389,0.015254
38.114000000000004,pf,-3.869070,5.475787,-1.445803,0.022657,0.067389,0.015254
38.1,pf,-3.870808,5.489207,-1.435543,0.021817,0.064681,0.021788
38.148,pf,-3.860690,5.427022,-1.436686,0.021817,0.064681,0.021788
38.150000000000006,pf,-3.863536,5.445028,-1.437959,0.021611,0.061117,0.022305
38.182,pf,-3.859027,5.411328,-1.437481,0.021611,0.061117,0.022305
38.216,pf,-3.854604,5.378431,-1.436825,0.021611,0.061117,0.022305
38.2,pf,-3.856839,5.391784,-1.434772,0.021030,0.055723,0.020861
38.25,pf,-3.851637,5.338553,-1.433747,0.021030,0.055723,0.020861
38.25,pf,-3.852949,5.346212,-1.437669,0.020942,0.059090,0.022349
38.284,pf,-3.848706,5.314598,-1.437074,0.020942,0.059090,0.022349
38.318000000000005,pf,-3.844554,5.283781,-1.436663,0.020942,0.059090,0.022349
38.300000000000004,pf,-3.847972,5.304462,-1.440028,0.020306,0.053481,0.021558
38.352000000000004,pf,-3.843669,5.271797,-1.439669,0.020306,0.053481,0.021558
38.386,pf,-3.834862,5.208574,-1.370678,0.020306,0.053481,0.021558
38.42,pf,-3.829675,5.183009,-1.370522,0.020306,0.053481,0.021558
38.400000000000006,pf,-3.837921,5.216177,-1.430835,0.021082,0.052241,0.018957
38.454,pf,-3.833985,5.188261,-1.430593,0.021082,0.052241,0.018957
38.488,pf,-3.830005,5.160054,-1.430616,0.021082,0.052241,0.018957
38.522000000000006,pf,-3.821980,5.119128,-1.414252,0.021082,0.052241,0.018957
38.5,pf,-3.823766,5.124089,-1.426197,0.020539,0.055526,0.021173
38.556000000000004,pf,-3.819041,5.091387,-1.428034,0.020539,0.055526,0.021173
38.59,pf,-3.814210,5.057732,-1.428440,0.020539,0.055526,0.021173
38.624,pf,-3.807834,5.017006,-1.394756,0.020539,0.055526,0.021173
38.6,pf,-3.813980,5.033812,-1.431007,0.019934,0.056992,0.019563
38.658,pf,-3.809220,5.000147,-1.429333,0.019934,0.056992,0.019563
38.692,pf,-3.804403,4.966490,-1.427836,0.019934,0.056992,0.019563
38.726,pf,-3.806918,4.954073,-1.472869,0.019934,0.056992,0.019563
38.7,pf,-3.807037,4.967519,-1.449438,0.019324,0.059124,0.017201
38.760000000000005,pf,-3.803047,4.935039,-1.447829,0.019324,0.059124,0.017201
38.794000000000004,pf,-3.798847,4.901299,-1.446005,0.019324,0.059124,0.017201
38.828,pf,-3.794975,4.870605,-1.444682,0.019324,0.059124,0.017201
38.800000000000004,pf,-3.796765,4.881501,-1.443715,0.019124,0.057003,0.020518
38.862,pf,-3.787945,4.843658,-1.471402,0.019124,0.057003,0.020518
38.896,pf,-3.785022,4.814459,-1.470996,0.019124,0.057003,0.020518
38.93,pf,-3.781792,4.782363,-1.470246,0.019124,0.057003,0.020518
38.900000000000006,pf,-3.781031,4.793006,-1.441926,0.020326,0.066232,0.024292
38.964000000000006,pf,-3.777275,4.764165,-1.440837,0.020326,0.066232,0.024292
38.998000000000005,pf,-3.769805,4.713173,-1.451317,0.020326,0.066232,0.024292
39.0,pf,-3.768852,4.712471,-1.439169,0.020035,0.061987,0.020906
39.032000000000004,pf,-3.765160,4.684622,-1.438887,0.020035,0.061987,0.020906
39.066,pf,-3.761870,4.659698,-1.440404,0.020035,0.061987,0.020906
39.050000000000004,pf,-3.764703,4.679524,-1.442363,0.019521,0.056721,0.019223
39.1,pf,-3.760379,4.645800,-1.443732,0.019521,0.056721,0.019223
39.134,pf,-3.759046,4.588444,-1.453985,0.019521,0.056721,0.019223
39.150000000000006,pf,-3.757065,4.590127,-1.434610,0.019397,0.065643,0.023480
39.168,pf,-3.752450,4.556442,-1.434914,0.019397,0.065643,0.023480
39.202000000000005,pf,-3.747835,4.522756,-1.434424,0.019397,0.065643,0.023480
39.2,pf,-3.750129,4.531526,-1.438952,0.019741,0.066125,0.020011
39.236000000000004,pf,-3.743096,4.481885,-1.462942,0.019741,0.066125,0.020011
39.25,pf,-3.743763,4.491650,-1.450008,0.019215,0.061743,0.021394
39.27,pf,-3.739660,4.457899,-1.449622,0.019215,0.061743,0.021394
39.304,pf,-3.735705,4.425486,-1.449128,0.019215,0.061743,0.021394
39.300000000000004,pf,-3.735868,4.429616,-1.439988,0.019260,0.062180,0.021351
39.338,pf,-3.731747,4.398335,-1.439659,0.019260,0.062180,0.021351
39.372,pf,-3.728901,4.357946,-1.445868,0.019260,0.062180,0.021351
39.35,pf,-3.730171,4.365550,-1.442242,0.019461,0.063755,0.021814
39.406000000000006,pf,-3.726396,4.336372,-1.442063,0.019461,0.063755,0.021814
39.440000000000005,pf,-3.722565,4.306801,-1.441854,0.019461,0.063755,0.021814
39.45,pf,-3.723680,4.311097,-1.442755,0.019783,0.064647,0.020058
39.474000000000004,pf,-3.719881,4.281623,-1.442464,0.019783,0.064647,0.020058
39.508,pf,-3.712135,4.223600,-1.468033,0.019783,0.064647,0.020058
39.542,pf,-3.709679,4.199821,-1.467475,0.019783,0.064647,0.020058
39.5,pf,-3.711003,4.215371,-1.448687,0.020612,0.062493,0.021950
39.576,pf,-3.708049,4.191323,-1.448497,0.020612,0.062493,0.021950
39.61,pf,-3.704978,4.166270,-1.449709,0.020612,0.062493,0.021950
39.644000000000005,pf,-3.700861,4.144977,-1.406106,0.020612,0.062493,0.021950
39.650000000000006,pf,-3.705142,4.154978,-1.428011,0.020395,0.065526,0.019305
39.678000000000004,pf,-3.700328,4.121320,-1.429390,0.020395,0.065526,0.019305
39.712,pf,-3.695565,4.087655,-1.431152,0.020395,0.065526,0.019305
39.7,pf,-3.696214,4.089541,-1.429096,0.020551,0.061591,0.019761
39.746,pf,-3.690442,4.036943,-1.456049,0.020551,0.061591,0.019761
39.75,pf,-3.690463,4.039327,-1.437140,0.020287,0.056676,0.018660
39.78,pf,-3.685967,4.005626,-1.439217,0.020287,0.056676,0.018660
39.814,pf,-3.681537,3.971916,-1.441137,0.020287,0.056676,0.018660
39.800000000000004,pf,-3.682607,3.977937,-1.433702,0.020364,0.056569,0.020166
39.848,pf,-3.682951,3.979654,-1.474879,0.020364,0.056569,0.020166
39.882000000000005,pf,-3.679849,3.947198,-1.475917,0.020364,0.056569,0.020166
39.916000000000004,pf,-3.676977,3.917014,-1.476178,0.020364,0.056569,0.020166
39.900000000000006,pf,-3.675174,3.915608,-1.450184,0.019665,0.056947,0.016709
39.95,pf,-3.671113,3.882020,-1.450672,0.019665,0.056947,0.016709
39.984,pf,-3.663767,3.857217,-1.441021,0.019665,0.056947,0.016709
40.018,pf,-3.659797,3.826732,-1.441516,0.019665,0.056947,0.016709
40.0,pf,-3.660218,3.828360,-1.429395,0.021494,0.064944,0.025450
40.052,pf,-3.655728,3.796735,-1.430043,0.021494,0.064944,0.025450
40.086000000000006,pf,-3.652021,3.770523,-1.430512,0.021494,0.064944,0.025450
40.120000000000005,pf,-3.641878,3.710736,-1.384760,0.021494,0.064944,0.025450
40.1,pf,-3.646699,3.725892,-1.412373,0.020677,0.059362,0.026445
40.154,pf,-3.642989,3.702606,-1.413506,0.020677,0.059362,0.026445
40.188,pf,-3.637921,3.670157,-1.417492,0.020677,0.059362,0.026445
40.2,pf,-3.638979,3.671153,-1.418358,0.020855,0.058307,0.023120
40.222,pf,-3.633845,3.637543,-1.420199,0.020855,0.058307,0.023120
40.256,pf,-3.622712,3.577535,-1.415991,0.020855,0.058307,0.023120
40.25,pf,-3.624285,3.585032,-1.418778,0.021600,0.059665,0.025732
40.29,pf,-3.619146,3.551422,-1.419597,0.021600,0.059665,0.025732
40.324000000000005,pf,-3.614035,3.517808,-1.419763,0.021600,0.059665,0.025732
40.300000000000004,pf,-3.614439,3.518937,-1.422177,0.021659,0.060272,0.019505
40.358000000000004,pf,-3.610235,3.508745,-1.400682,0.021659,0.060272,0.019505
40.392,pf,-3.604712,3.476671,-1.399707,0.021659,0.060272,0.019505
40.426,pf,-3.599271,3.445199,-1.399316,0.021659,0.060272,0.019505
40.46,pf,-3.594118,3.415463,-1.399190,0.021659,0.060272,0.019505
40.45,pf,-3.597229,3.420897,-1.427243,0.022873,0.069512,0.022396
40.494,pf,-3.588722,3.373453,-1.390879,0.022873,0.069512,0.022396
40.528000000000006,pf,-3.582923,3.341582,-1.390770,0.022873,0.069512,0.022396
40.5,pf,-3.586562,3.346788,-1.417833,0.022467,0.065844,0.021406
40.562000000000005,pf,-3.582427,3.319961,-1.417930,0.022467,0.065844,0.021406
40.596000000000004,pf,-3.578245,3.292803,-1.418055,0.022467,0.065844,0.021406
40.63,pf,-3.585501,3.339665,-1.440221,0.022467,0.065844,0.021406
40.664,pf,-3.582609,3.317575,-1.440844,0.022467,0.065844,0.021406
40.698,pf,-3.579691,3.295204,-1.441774,0.022467,0.065844,0.021406
40.7,pf,-3.580216,3.291125,-1.445182,0.022169,0.062801,0.020613
40.732,pf,-3.575962,3.257392,-1.445548,0.022169,0.062801,0.020613
40.766000000000005,pf,-3.574497,3.215990,-1.516537,0.022169,0.062801,0.020613
40.75,pf,-3.570818,3.222340,-1.451248,0.023370,0.073038,0.017713
40.800000000000004,pf,-3.566750,3.188584,-1.450384,0.023370,0.073038,0.017713
40.834,pf,-3.562649,3.154832,-1.449332,0.023370,0.073038,0.017713
40.85,pf,-3.562797,3.153707,-1.449713,0.023063,0.070349,0.019712
40.868,pf,-3.550007,3.079858,-1.430062,0.023063,0.070349,0.019712
40.902,pf,-3.545237,3.046272,-1.429365,0.023063,0.070349,0.019712
40.900000000000006,pf,-3.548570,3.062422,-1.441620,0.022952,0.068795,0.023541
40.936,pf,-3.544395,3.030337,-1.441129,0.022952,0.068795,0.023541
40.970000000000006,pf,-3.541396,3.008676,-1.427000,0.022952,0.068795,0.023541
41.004000000000005,pf,-3.537083,2.978934,-1.426622,0.022952,0.068795,0.023541
41.0,pf,-3.535922,2.970416,-1.433723,0.022677,0.066502,0.022051
41.038000000000004,pf,-3.532158,2.943123,-1.433727,0.022677,0.066502,0.022051
41.072,pf,-3.527653,2.910487,-1.433612,0.022677,0.066502,0.022051
41.106,pf,-3.523769,2.884359,-1.449699,0.022677,0.066502,0.022051
41.1,pf,-3.526099,2.896696,-1.450780,0.022935,0.063911,0.010699
41.14,pf,-3.523004,2.871050,-1.450632,0.022935,0.063911,0.010699
41.174,pf,-3.519844,2.844856,-1.450882,0.022935,0.063911,0.010699
41.208000000000006,pf,-3.516407,2.816307,-1.451384,0.022935,0.063911,0.010699
41.2,pf,-3.517045,2.815749,-1.450614,0.022579,0.062968,0.011963
41.242000000000004,pf,-3.518941,2.786193,-1.512272,0.022579,0.062968,0.011963
41.25,pf,-3.523387,2.804318,-1.448825,0.020976,0.085307,0.011883
41.276,pf,-3.519283,2.770567,-1.450318,0.020976,0.085307,0.011883
41.31,pf,-3.515210,2.736812,-1.451183,0.020976,0.085307,0.011883
41.300000000000004,pf,-3.516116,2.746633,-1.446109,0.020218,0.078511,0.011399
41.344,pf,-3.511128,2.716622,-1.434744,0.020218,0.078511,0.011399
41.378,pf,-3.506537,2.682933,-1.436010,0.020218,0.078511,0.011399
41.412,pf,-3.501990,2.649239,-1.437334,0.020218,0.078511,0.011399
41.400000000000006,pf,-3.502532,2.654421,-1.446150,0.019718,0.073985,0.011702
41.446000000000005,pf,-3.498109,2.588752,-1.461174,0.019718,0.073985,0.011702
41.45,pf,-3.498199,2.595396,-1.450400,0.019106,0.075609,0.012483
41.480000000000004,pf,-3.494201,2.562198,-1.451449,0.019106,0.075609,0.012483
41.514,pf,-3.490375,2.530164,-1.452297,0.019106,0.075609,0.012483
41.5,pf,-3.491054,2.537239,-1.441859,0.019139,0.071942,0.016615
41.548,pf,-3.486689,2.503520,-1.442271,0.019139,0.071942,0.016615
41.582,pf,-3.488575,2.499571,-1.455304,0.019139,0.071942,0.016615
41.616,pf,-3.485219,2.470582,-1.455732,0.019139,0.071942,0.016615
41.6,pf,-3.486705,2.479064,-1.453201,0.018973,0.072480,0.011223
41.650000000000006,pf,-3.482923,2.447024,-1.453428,0.018973,0.072480,0.011223
41.684000000000005,pf,-3.479767,2.420241,-1.453625,0.018973,0.072480,0.011223
41.718,pf,-3.476613,2.385960,-1.392896,0.018973,0.072480,0.011223
41.7,pf,-3.478479,2.395398,-1.447208,0.018623,0.070979,0.011878
41.752,pf,-3.474908,2.366610,-1.447474,0.018623,0.070979,0.011878
41.786,pf,-3.471904,2.342315,-1.448017,0.018623,0.070979,0.011878
41.82,pf,-3.469517,2.322968,-1.448050,0.018623,0.070979,0.011878
41.800000000000004,pf,-3.469661,2.323430,-1.448459,0.018498,0.071521,0.011074
41.854,pf,-3.465449,2.295334,-1.456803,0.018498,0.071521,0.011074
41.888000000000005,pf,-3.461577,2.261555,-1.456348,0.018498,0.071521,0.011074
41.900000000000006,pf,-3.461230,2.260778,-1.450459,0.018412,0.067429,0.014776
41.922000000000004,pf,-3.457141,2.227024,-1.449857,0.018412,0.067429,0.014776
41.956,pf,-3.455582,2.185006,-1.453863,0.018412,0.067429,0.014776
41.95,pf,-3.455781,2.184507,-1.451906,0.018175,0.070876,0.012517
41.99,pf,-3.451737,2.150748,-1.451176,0.018175,0.070876,0.012517
42.024,pf,-3.447696,2.117226,-1.450467,0.018175,0.070876,0.012517
42.0,pf,-3.448258,2.119512,-1.450034,0.018759,0.068518,0.011835
42.058,pf,-3.441068,2.065179,-1.473234,0.018759,0.068518,0.011835
42.050000000000004,pf,-3.441449,2.074282,-1.453364,0.018423,0.064483,0.011605
42.092000000000006,pf,-3.437768,2.043140,-1.452985,0.018423,0.064483,0.011605
42.126000000000005,pf,-3.433766,2.009377,-1.452552,0.018423,0.064483,0.011605
42.160000000000004,pf,-3.430239,1.979723,-1.452314,0.018423,0.064483,0.011605
42.150000000000006,pf,-3.431561,1.986932,-1.449701,0.017710,0.061812,0.011217
42.194,pf,-3.432385,1.969761,-1.451349,0.017710,0.061812,0.011217
42.228,pf,-3.428551,1.937829,-1.451271,0.017710,0.061812,0.011217
42.262,pf,-3.425326,1.910978,-1.451300,0.017710,0.061812,0.011217
42.296,pf,-3.422274,1.885555,-1.451313,0.017710,0.061812,0.011217
42.300000000000004,pf,-3.422801,1.885314,-1.444459,0.018262,0.065813,0.016595
42.330000000000005,pf,-3.425493,1.884025,-1.472058,0.018262,0.065813,0.016595
42.364000000000004,pf,-3.422413,1.852874,-1.472705,0.018262,0.065813,0.016595
42.398,pf,-3.419084,1.819037,-1.472859,0.018262,0.065813,0.016595
42.400000000000006,pf,-3.419711,1.822014,-1.452100,0.017997,0.071969,0.013266
42.432,pf,-3.415684,1.788253,-1.452074,0.017997,0.071969,0.013266
42.466,pf,-3.404355,1.738328,-1.425670,0.017997,0.071969,0.013266
42.45,pf,-3.405889,1.739101,-1.450223,0.019135,0.075938,0.014153
42.5,pf,-3.401784,1.705350,-1.449384,0.019135,0.075938,0.014153
42.534000000000006,pf,-3.397694,1.671925,-1.448614,0.019135,0.075938,0.014153
42.5,pf,-3.399179,1.681817,-1.450357,0.018926,0.071564,0.012458
42.568000000000005,pf,-3.391699,1.625464,-1.452077,0.018926,0.071564,0.012458
42.602000000000004,pf,-3.387934,1.593982,-1.451604,0.018926,0.071564,0.012458
42.636,pf,-3.384425,1.564720,-1.451366,0.018926,0.071564,0.012458
42.6,pf,-3.386305,1.578803,-1.451243,0.020063,0.070593,0.012968
42.67,pf,-3.382247,1.545057,-1.450963,0.020063,0.070593,0.012968
42.704,pf,-3.379069,1.535638,-1.440908,0.020063,0.070593,0.012968
42.738,pf,-3.375247,1.506369,-1.440967,0.020063,0.070593,0.012968
42.75,pf,-3.376518,1.504514,-1.449693,0.020006,0.067584,0.014463
42.772000000000006,pf,-3.372757,1.473586,-1.449818,0.020006,0.067584,0.014463
42.806000000000004,pf,-3.369667,1.448155,-1.450013,0.020006,0.067584,0.014463
42.800000000000004,pf,-3.369386,1.444995,-1.450538,0.019952,0.065716,0.014256
42.84,pf,-3.368578,1.442589,-1.449270,0.019952,0.065716,0.014256
42.874,pf,-3.365328,1.415947,-1.449533,0.019952,0.065716,0.014256
42.908,pf,-3.362522,1.392906,-1.449860,0.019952,0.065716,0.014256
42.900000000000006,pf,-3.362999,1.394335,-1.450470,0.019970,0.063976,0.015956
42.942,pf,-3.360759,1.375758,-1.451008,0.019970,0.063976,0.015956
42.976000000000006,pf,-3.358659,1.358278,-1.451553,0.019970,0.063976,0.015956
43.010000000000005,pf,-3.354732,1.339125,-1.439554,0.019970,0.063976,0.015956
43.0,pf,-3.356085,1.331614,-1.452048,0.019774,0.062658,0.016646
43.044000000000004,pf,-3.354134,1.315249,-1.452041,0.019774,0.062658,0.016646
43.078,pf,-3.352406,1.300760,-1.452189,0.019774,0.062658,0.016646
43.112,pf,-3.350594,1.285550,-1.452264,0.019774,0.062658,0.016646
43.146,pf,-3.349140,1.273339,-1.452336,0.019774,0.062658,0.016646
43.150000000000006,pf,-3.348317,1.265848,-1.451111,0.019997,0.061240,0.017693
43.18,pf,-3.346863,1.253753,-1.451197,0.019997,0.061240,0.017693
43.214000000000006,pf,-3.345611,1.243332,-1.451291,0.019997,0.061240,0.017693
43.248000000000005,pf,-3.344254,1.232027,-1.451383,0.019997,0.061240,0.017693
43.282000000000004,pf,-3.348198,1.246935,-1.477574,0.019997,0.061240,0.017693
43.316,pf,-3.347440,1.238811,-1.477693,0.019997,0.061240,0.017693
43.35,pf,-3.346584,1.229645,-1.477783,0.019997,0.061240,0.017693
43.384,pf,-3.345887,1.222174,-1.477785,0.019997,0.061240,0.017693
43.418,pf,-3.345258,1.215422,-1.477886,0.019997,0.061240,0.017693
43.400000000000006,pf,-3.343776,1.213039,-1.450055,0.020525,0.061795,0.014189
43.452000000000005,pf,-3.342857,1.205468,-1.450102,0.020525,0.061795,0.014189
43.486000000000004,pf,-3.342096,1.199192,-1.450083,0.020525,0.061795,0.014189
43.52,pf,-3.341355,1.193083,-1.450119,0.020525,0.061795,0.014189
43.554,pf,-3.343011,1.204438,-1.382900,0.020525,0.061795,0.014189
43.550000000000004,pf,-3.344538,1.193946,-1.426024,0.021572,0.054135,0.013627
43.588,pf,-3.346126,1.215803,-1.346012,0.021572,0.054135,0.013627
43.622,pf,-3.345263,1.212515,-1.285195,0.021572,0.054135,0.013627
43.6,pf,-3.345130,1.199290,-1.377708,0.021046,0.086023,0.012500
43.656000000000006,pf,-3.341649,1.180559,-1.264101,0.021046,0.086023,0.012500
43.650000000000006,pf,-3.340624,1.159336,-1.288109,0.021789,0.079810,0.015842
43.690000000000005,pf,-3.339592,1.156097,-1.233877,0.021789,0.079810,0.015842
43.724000000000004,pf,-3.340061,1.157681,-1.222720,0.021789,0.079810,0.015842
43.7,pf,-3.337896,1.138452,-1.218037,0.022778,0.071805,0.013405
43.758,pf,-3.336652,1.135288,-1.175150,0.022778,0.071805,0.013405
43.792,pf,-3.335288,1.132174,-1.138354,0.022778,0.071805,0.013405
43.826,pf,-3.331603,1.123807,-1.129630,0.022778,0.071805,0.013405
43.800000000000004,pf,-3.331609,1.124284,-1.100181,0.024553,0.067884,0.014644
43.86,pf,-3.330012,1.121283,-1.060148,0.024553,0.067884,0.014644
43.894000000000005,pf,-3.329611,1.120591,-1.029131,0.024553,0.067884,0.014644
43.900000000000006,pf,-3.327859,1.108817,-1.014320,0.026074,0.064156,0.012697
43.928000000000004,pf,-3.335281,1.121693,-0.969210,0.026074,0.064156,0.012697
43.962,pf,-3.333319,1.118916,-0.940269,0.026074,0.064156,0.012697
43.95,pf,-3.333847,1.112488,-0.964632,0.033286,0.066241,0.014845
43.996,pf,-3.331874,1.109720,-0.937485,0.033286,0.066241,0.014845
44.03,pf,-3.329826,1.107006,-0.910778,0.033286,0.066241,0.014845
44.050000000000004,pf,-3.331958,1.113550,-0.891824,0.032408,0.057452,0.011168
44.064,pf,-3.331577,1.113086,-0.874794,0.032408,0.057452,0.011168
44.098000000000006,pf,-3.322220,1.101336,-0.863053,0.032408,0.057452,0.011168
44.132000000000005,pf,-3.302095,1.079777,-0.783870,0.032408,0.057452,0.011168
44.166000000000004,pf,-3.244181,1.028445,-0.702762,0.032408,0.057452,0.011168
44.150000000000006,pf,-3.261086,1.054850,-0.802435,0.050900,0.065588,0.011685
44.2,pf,-3.236811,1.031048,-0.751222,0.050900,0.065588,0.011685
44.2,pf,-3.266045,1.058689,-0.746638,0.039504,0.057543,0.011684
44.234,pf,-3.248976,1.045468,-0.655129,0.039504,0.057543,0.011684
44.25,pf,-3.258637,1.054205,-0.682856,0.042835,0.052977,0.012192
44.268,pf,-3.232147,1.033680,-0.634558,0.042835,0.052977,0.012192
44.302,pf,-3.206561,1.015377,-0.611710,0.042835,0.052977,0.012192
44.336000000000006,pf,-3.180840,0.997940,-0.586265,0.042835,0.052977,0.012192
44.300000000000004,pf,-3.215509,1.024799,-0.633840,0.043230,0.052378,0.010604
44.370000000000005,pf,-3.192480,1.003376,-0.699743,0.043230,0.052378,0.010604
44.404,pf,-3.169074,0.984061,-0.683143,0.043230,0.052378,0.010604
44.400000000000006,pf,-3.181174,1.011737,-0.567159,0.038785,0.043149,0.012811
44.438,pf,-3.156704,0.996450,-0.550135,0.038785,0.043149,0.012811
44.472,pf,-3.131261,0.981138,-0.535312,0.038785,0.043149,0.012811
44.506,pf,-3.104226,0.961800,-0.543510,0.038785,0.043149,0.012811
44.5,pf,-3.112948,0.970588,-0.522657,0.041880,0.044156,0.013143
44.540000000000006,pf,-3.083359,0.953841,-0.508716,0.041880,0.044156,0.013143
44.574000000000005,pf,-3.053593,0.937409,-0.502256,0.041880,0.044156,0.013143
44.550000000000004,pf,-3.063935,0.946042,-0.502659,0.040754,0.042053,0.014631
44.608000000000004,pf,-3.031585,0.927567,-0.511354,0.040754,0.042053,0.014631
44.642,pf,-3.001939,0.910920,-0.510384,0.040754,0.042053,0.014631
44.650000000000006,pf,-3.027519,0.925957,-0.485733,0.029615,0.037000,0.011381
44.676,pf,-2.997445,0.910095,-0.485220,0.029615,0.037000,0.011381
44.71,pf,-2.949136,0.884184,-0.506073,0.029615,0.037000,0.011381
44.7,pf,-2.958075,0.891107,-0.482019,0.032405,0.037756,0.011608
44.744,pf,-2.928459,0.875612,-0.482076,0.032405,0.037756,0.011608
44.778000000000006,pf,-2.900360,0.860909,-0.482120,0.032405,0.037756,0.011608
44.75,pf,-2.908225,0.867175,-0.480666,0.031723,0.036548,0.012389
44.812000000000005,pf,-2.878078,0.851454,-0.480716,0.031723,0.036548,0.012389
44.846000000000004,pf,-2.862293,0.846107,-0.424557,0.031723,0.036548,0.012389
44.88,pf,-2.834090,0.833356,-0.424663,0.031723,0.036548,0.012389
44.85,pf,-2.841355,0.837609,-0.474476,0.043100,0.037081,0.012772
44.914,pf,-2.814817,0.823975,-0.474662,0.043100,0.037081,0.012772
44.948,pf,-2.786852,0.809599,-0.475026,0.043100,0.037081,0.012772
44.95,pf,-2.787474,0.808752,-0.476881,0.043781,0.036581,0.013384
44.982,pf,-2.788976,0.810236,-0.499311,0.043781,0.036581,0.013384
45.016000000000005,pf,-2.765975,0.797686,-0.499840,0.043781,0.036581,0.013384
45.050000000000004,pf,-2.742336,0.784766,-0.500501,0.043781,0.036581,0.013384
45.050000000000004,pf,-2.746351,0.786864,-0.479991,0.044235,0.036309,0.011686
45.084,pf,-2.716825,0.771197,-0.492286,0.044235,0.036309,0.011686
45.118,pf,-2.671089,0.743773,-0.538353,0.044235,0.036309,0.011686
45.1,pf,-2.678245,0.745832,-0.488977,0.045492,0.036080,0.014684
45.152,pf,-2.648247,0.729828,-0.490934,0.045492,0.036080,0.014684
45.186,pf,-2.618247,0.713830,-0.488698,0.045492,0.036080,0.014684
45.220000000000006,pf,-2.543736,0.673909,-0.464531,0.045492,0.036080,0.014684
45.2,pf,-2.572934,0.686921,-0.495425,0.051557,0.038500,0.010836
45.254000000000005,pf,-2.543843,0.671219,-0.494669,0.051557,0.038500,0.010836
45.288000000000004,pf,-2.513907,0.655100,-0.493284,0.051557,0.038500,0.010836
45.322,pf,-2.486118,0.640175,-0.492311,0.051557,0.038500,0.010836
45.300000000000004,pf,-2.491108,0.644671,-0.491509,0.051623,0.037298,0.013642
45.356,pf,-2.445519,0.623208,-0.505624,0.051623,0.037298,0.013642
45.35,pf,-2.455946,0.630317,-0.493517,0.052959,0.037127,0.014261
45.39,pf,-2.426375,0.614423,-0.492845,0.052959,0.037127,0.014261
45.424,pf,-2.402111,0.601400,-0.492294,0.052959,0.037127,0.014261
45.400000000000006,pf,-2.419250,0.610236,-0.490281,0.049071,0.034688,0.011221
45.458000000000006,pf,-2.396556,0.598128,-0.489983,0.049071,0.034688,0.011221
45.492000000000004,pf,-2.403478,0.601446,-0.455486,0.049071,0.034688,0.011221
45.526,pf,-2.377606,0.588781,-0.454946,0.049071,0.034688,0.011221
45.56,pf,-2.354125,0.577300,-0.454622,0.049071,0.034688,0.011221
45.594,pf,-2.330254,0.565634,-0.454562,0.049071,0.034688,0.011221
45.628,pf,-2.315326,0.558109,-0.419444,0.049071,0.034688,0.011221
45.6,pf,-2.321008,0.554687,-0.480296,0.060331,0.038793,0.013170
45.662000000000006,pf,-2.305623,0.546670,-0.480345,0.060331,0.038793,0.013170
45.696000000000005,pf,-2.290226,0.538647,-0.480382,0.060331,0.038793,0.013170
45.730000000000004,pf,-2.273666,0.530018,-0.480448,0.060331,0.038793,0.013170
45.7,pf,-2.268055,0.525088,-0.482233,0.057650,0.036556,0.014642
45.764,pf,-2.255962,0.518762,-0.481895,0.057650,0.036556,0.014642
45.798,pf,-2.243187,0.512081,-0.481863,0.057650,0.036556,0.014642
45.832,pf,-2.229828,0.505096,-0.481728,0.057650,0.036556,0.014642
45.866,pf,-2.228844,0.503724,-0.509935,0.057650,0.036556,0.014642
45.900000000000006,pf,-2.220593,0.499110,-0.509917,0.057650,0.036556,0.014642
45.934000000000005,pf,-2.210317,0.493364,-0.509767,0.057650,0.036556,0.014642
45.900000000000006,pf,-2.207570,0.491482,-0.491106,0.053581,0.034525,0.014499
45.968,pf,-2.198660,0.486720,-0.490675,0.053581,0.034525,0.014499
46.002,pf,-2.191254,0.482762,-0.490915,0.053581,0.034525,0.014499
46.036,pf,-2.184185,0.478985,-0.490609,0.053581,0.034525,0.014499
46.07,pf,-2.176047,0.474639,-0.490393,0.053581,0.034525,0.014499
46.104000000000006,pf,-2.170079,0.471453,-0.490290,0.053581,0.034525,0.014499
46.138000000000005,pf,-2.164577,0.468516,-0.490332,0.053581,0.034525,0.014499
46.172000000000004,pf,-2.157718,0.464855,-0.490184,0.053581,0.034525,0.014499
46.206,pf,-2.151711,0.461650,-0.489974,0.053581,0.034525,0.014499
46.2,pf,-2.148348,0.458988,-0.486650,0.050917,0.033430,0.014530
46.24,pf,-2.157931,0.463767,-0.432380,0.050917,0.033430,0.014530
46.25,pf,-2.156736,0.463610,-0.459330,0.051283,0.033798,0.009500
46.274,pf,-2.158011,0.464188,-0.416692,0.051283,0.033798,0.009500
46.308,pf,-2.148514,0.458133,-0.418310,0.051283,0.033798,0.009500
46.342000000000006,pf,-2.148148,0.457973,-0.395610,0.051283,0.033798,0.009500
46.35,pf,-2.135088,0.448416,-0.369842,0.061329,0.042202,0.013283
46.376000000000005,pf,-2.134340,0.448133,-0.341049,0.061329,0.042202,0.013283
46.410000000000004,pf,-2.132632,0.447564,-0.299401,0.061329,0.042202,0.013283
46.400000000000006,pf,-2.129432,0.444889,-0.329193,0.056054,0.035773,0.013448
46.444,pf,-2.133477,0.446418,-0.299431,0.056054,0.035773,0.013448
46.478,pf,-2.130214,0.445464,-0.274528,0.056054,0.035773,0.013448
46.512,pf,-2.126929,0.444589,-0.245726,0.056054,0.035773,0.013448
46.5,pf,-2.134632,0.446573,-0.257471,0.050246,0.031887,0.014572
46.546,pf,-2.133659,0.446342,-0.232548,0.050246,0.031887,0.014572
46.580000000000005,pf,-2.142499,0.448845,-0.182969,0.050246,0.031887,0.014572
46.614000000000004,pf,-2.139150,0.448255,-0.164618,0.050246,0.031887,0.014572
46.6,pf,-2.136287,0.445923,-0.191399,0.050677,0.031616,0.013805
46.648,pf,-2.102674,0.440861,-0.110547,0.050677,0.031616,0.013805
46.650000000000006,pf,-2.115009,0.442795,-0.153313,0.049150,0.030299,0.013327
46.682,pf,-2.120637,0.445688,-0.118679,0.049150,0.030299,0.013327
46.716,pf,-2.086791,0.442495,-0.061027,0.049150,0.030299,0.013327
46.7,pf,-2.089324,0.440456,-0.105924,0.060413,0.028055,0.016392
46.75,pf,-2.037198,0.435182,-0.074456,0.060413,0.028055,0.016392
46.75,pf,-2.040528,0.434657,-0.052364,0.058038,0.027162,0.013238
46.784000000000006,pf,-2.006545,0.433603,-0.022846,0.058038,0.027162,0.013238
46.818000000000005,pf,-1.973033,0.433364,0.007165,0.058038,0.027162,0.013238
46.800000000000004,pf,-1.989563,0.435313,0.002602,0.054439,0.026083,0.013824
46.852000000000004,pf,-1.947323,0.433040,0.057994,0.054439,0.026083,0.013824
46.85,pf,-2.002867,0.436075,0.044457,0.045340,0.025592,0.015753
46.886,pf,-1.972545,0.437763,0.064892,0.045340,0.025592,0.015753
46.92,pf,-1.942139,0.440027,0.088905,0.045340,0.025592,0.015753
46.900000000000006,pf,-1.946701,0.436807,0.085068,0.045840,0.025001,0.016271
46.954,pf,-1.916247,0.439693,0.105543,0.045840,0.025001,0.016271
46.988,pf,-1.862401,0.444207,0.111625,0.045840,0.025001,0.016271
46.95,pf,-1.895017,0.441865,0.105388,0.046713,0.023441,0.011826
47.022000000000006,pf,-1.871589,0.444472,0.111838,0.046713,0.023441,0.011826
47.056000000000004,pf,-1.848283,0.447178,0.116499,0.046713,0.023441,0.011826
47.09,pf,-1.815274,0.451788,0.152628,0.046713,0.023441,0.011826
47.124,pf,-1.792209,0.451771,0.112545,0.046713,0.023441,0.011826
47.1,pf,-1.801094,0.453529,0.146386,0.048235,0.023822,0.014749
47.158,pf,-1.767479,0.458634,0.153741,0.048235,0.023822,0.014749
47.192,pf,-1.733902,0.463979,0.161525,0.048235,0.023822,0.014749
47.2,pf,-1.738631,0.464335,0.176380,0.049136,0.023389,0.015468
47.226000000000006,pf,-1.727952,0.465004,0.179824,0.049136,0.023389,0.015468
47.260000000000005,pf,-1.694513,0.471155,0.183710,0.049136,0.023389,0.015468
47.294000000000004,pf,-1.661561,0.477318,0.186271,0.049136,0.023389,0.015468
47.300000000000004,pf,-1.668017,0.476394,0.189201,0.051356,0.023927,0.013872
47.328,pf,-1.640760,0.482491,0.165675,0.051356,0.023927,0.013872
47.362,pf,-1.609797,0.487682,0.166918,0.051356,0.023927,0.013872
47.35,pf,-1.601944,0.488015,0.189836,0.055941,0.023494,0.015291
47.396,pf,-1.571681,0.493856,0.190684,0.055941,0.023494,0.015291
47.43,pf,-1.538624,0.500254,0.191473,0.055941,0.023494,0.015291
47.464000000000006,pf,-1.505682,0.508344,0.192644,0.055941,0.023494,0.015291
47.45,pf,-1.506676,0.506579,0.198698,0.057399,0.024029,0.017861
47.498000000000005,pf,-1.481118,0.511727,0.198808,0.057399,0.024029,0.017861
47.532000000000004,pf,-1.449657,0.518065,0.198863,0.057399,0.024029,0.017861
47.566,pf,-1.423821,0.523267,0.198325,0.057399,0.024029,0.017861
47.550000000000004,pf,-1.427700,0.521655,0.200647,0.057502,0.024889,0.014597
47.6,pf,-1.368113,0.537914,0.239062,0.057502,0.024889,0.014597
47.6,pf,-1.396474,0.532661,0.207599,0.055445,0.026263,0.012188
47.634,pf,-1.370789,0.537944,0.195469,0.055445,0.026263,0.012188
47.668000000000006,pf,-1.337420,0.544463,0.190362,0.055445,0.026263,0.012188
47.702000000000005,pf,-1.304024,0.550843,0.187080,0.055445,0.026263,0.012188
47.7,pf,-1.305852,0.550126,0.201911,0.054322,0.026099,0.016886
47.736000000000004,pf,-1.249459,0.560192,0.226983,0.054322,0.026099,0.016886
47.75,pf,-1.268031,0.553904,0.190604,0.057322,0.026392,0.013202
47.77,pf,-1.234648,0.560352,0.190992,0.057322,0.026392,0.013202
47.804,pf,-1.201275,0.566849,0.194075,0.057322,0.026392,0.013202
47.800000000000004,pf,-1.206953,0.565277,0.183103,0.061096,0.026417,0.012941
47.838,pf,-1.164411,0.573580,0.169676,0.061096,0.026417,0.012941
47.872,pf,-1.130910,0.579382,0.173209,0.061096,0.026417,0.012941
47.85,pf,-1.167548,0.573521,0.178561,0.049551,0.026587,0.012922
47.906000000000006,pf,-1.136073,0.579251,0.181501,0.049551,0.026587,0.012922
47.940000000000005,pf,-1.106095,0.584768,0.182527,0.049551,0.026587,0.012922
47.95,pf,-1.108490,0.584557,0.185403,0.051403,0.025961,0.015834
47.974000000000004,pf,-1.089206,0.588748,0.205134,0.051403,0.025961,0.015834
48.008,pf,-1.056421,0.595592,0.206528,0.051403,0.025961,0.015834
48.0,pf,-1.062172,0.593774,0.192756,0.055612,0.026085,0.015452
48.042,pf,-1.034027,0.599272,0.193084,0.055612,0.026085,0.015452
48.076,pf,-1.004785,0.604998,0.193700,0.055612,0.026085,0.015452
48.11000000000001,pf,-0.965353,0.617170,0.249394,0.055612,0.026085,0.015452
48.1,pf,-0.973951,0.610608,0.200753,0.061366,0.026709,0.016363
48.144000000000005,pf,-0.948703,0.615748,0.200811,0.061366,0.026709,0.016363
48.178000000000004,pf,-0.922697,0.621010,0.195006,0.061366,0.026709,0.016363
48.212,pf,-0.889334,0.627560,0.192744,0.061366,0.026709,0.016363
48.2,pf,-0.894433,0.624994,0.195900,0.063050,0.026558,0.013759
48.246,pf,-0.862993,0.639285,0.238779,0.063050,0.026558,0.013759
48.28,pf,-0.829953,0.647309,0.237477,0.063050,0.026558,0.013759
48.314,pf,-0.796904,0.655295,0.237487,0.063050,0.026558,0.013759
48.348000000000006,pf,-0.765958,0.661518,0.251900,0.063050,0.026558,0.013759
48.300000000000004,pf,-0.799081,0.646849,0.194777,0.066781,0.030330,0.013638
48.382000000000005,pf,-0.766198,0.653344,0.195072,0.066781,0.030330,0.013638
48.416000000000004,pf,-0.735148,0.659480,0.195245,0.066781,0.030330,0.013638
48.400000000000006,pf,-0.740509,0.656544,0.194580,0.061611,0.029303,0.014189
48.45,pf,-0.707151,0.663120,0.194667,0.061611,0.029303,0.014189
48.484,pf,-0.692743,0.670541,0.250325,0.061611,0.029303,0.014189
48.518,pf,-0.665563,0.677488,0.250013,0.061611,0.029303,0.014189
48.5,pf,-0.663538,0.673587,0.204624,0.065666,0.029074,0.017672
48.552,pf,-0.631480,0.680236,0.204386,0.065666,0.029074,0.017672
48.586000000000006,pf,-0.601427,0.686459,0.204110,0.065666,0.029074,0.017672
48.620000000000005,pf,-0.568265,0.689823,0.143213,0.065666,0.029074,0.017672
48.6,pf,-0.568977,0.692821,0.194988,0.068082,0.029332,0.014038
48.654,pf,-0.538897,0.698759,0.194763,0.068082,0.029332,0.014038
48.688,pf,-0.511910,0.704078,0.194436,0.068082,0.029332,0.014038
48.7,pf,-0.510063,0.703243,0.199199,0.063811,0.028763,0.014734
48.722,pf,-0.477645,0.709709,0.194604,0.063811,0.028763,0.014734
48.756,pf,-0.420155,0.716263,0.125144,0.063811,0.028763,0.014734
48.75,pf,-0.437695,0.715362,0.188593,0.062907,0.029504,0.015119
48.790000000000006,pf,-0.404297,0.721728,0.188273,0.062907,0.029504,0.015119
48.824000000000005,pf,-0.370900,0.728104,0.189241,0.062907,0.029504,0.015119
48.858000000000004,pf,-0.324993,0.738248,0.215560,0.062907,0.029504,0.015119
48.85,pf,-0.334408,0.732778,0.196811,0.057880,0.029165,0.019167
48.892,pf,-0.301067,0.739439,0.197581,0.057880,0.029165,0.019167
48.926,pf,-0.268063,0.746063,0.198525,0.057880,0.029165,0.019167
48.900000000000006,pf,-0.273058,0.743918,0.193959,0.056275,0.027739,0.016564
48.96,pf,-0.241798,0.750063,0.194195,0.056275,0.027739,0.016564
48.994,pf,-0.240690,0.750023,0.196632,0.056275,0.027739,0.016564
49.028000000000006,pf,-0.211010,0.755939,0.196898,0.056275,0.027739,0.016564
49.0,pf,-0.213874,0.754014,0.192094,0.055301,0.027003,0.014042
49.062000000000005,pf,-0.186827,0.759273,0.191949,0.055301,0.027003,0.014042
49.096000000000004,pf,-0.155051,0.765456,0.192288,0.055301,0.027003,0.014042
49.13,pf,-0.139183,0.770684,0.247626,0.055301,0.027003,0.014042
49.1,pf,-0.141635,0.767233,0.194588,0.056102,0.026234,0.010723
49.164,pf,-0.116087,0.772272,0.194861,0.056102,0.026234,0.010723
49.198,pf,-0.088405,0.777741,0.195200,0.056102,0.026234,0.010723
49.2,pf,-0.080132,0.777949,0.196566,0.053915,0.025911,0.014325
49.232000000000006,pf,-0.053151,0.783329,0.197009,0.053915,0.025911,0.014325
49.266000000000005,pf,-0.010084,0.794399,0.186669,0.053915,0.025911,0.014325
49.300000000000004,pf,0.023329,0.800694,0.186018,0.053915,0.025911,0.014325
49.300000000000004,pf,0.023927,0.801738,0.189729,0.058994,0.025691,0.011767
49.334,pf,0.057318,0.808145,0.189421,0.058994,0.025691,0.011767
49.368,pf,0.095282,0.812299,0.173937,0.058994,0.025691,0.011767
49.35,pf,0.091022,0.813159,0.187638,0.062473,0.026167,0.014615
49.402,pf,0.124428,0.819487,0.186834,0.062473,0.026167,0.014615
49.436,pf,0.157840,0.825786,0.185859,0.062473,0.026167,0.014615
49.470000000000006,pf,0.181227,0.831832,0.209952,0.062473,0.026167,0.014615
49.45,pf,0.179285,0.829894,0.202899,0.061377,0.025534,0.021282
49.504000000000005,pf,0.211462,0.836499,0.202033,0.061377,0.025534,0.021282
49.538000000000004,pf,0.242176,0.842781,0.201489,0.061377,0.025534,0.021282
49.5,pf,0.235826,0.839851,0.193469,0.059434,0.024612,0.017129
49.572,pf,0.269194,0.846379,0.192858,0.059434,0.024612,0.017129
49.606,pf,0.306272,0.852377,0.203897,0.059434,0.024612,0.017129
49.6,pf,0.301784,0.850203,0.191718,0.060106,0.023533,0.010858
49.64,pf,0.331674,0.856001,0.191513,0.060106,0.023533,0.010858
49.67400000000001,pf,0.357238,0.860956,0.191366,0.060106,0.023533,0.010858
49.650000000000006,pf,0.350266,0.859918,0.190477,0.058112,0.023034,0.015630
49.708000000000006,pf,0.380921,0.865827,0.190376,0.058112,0.023034,0.015630
49.742000000000004,pf,0.450242,0.884640,0.237082,0.058112,0.023034,0.015630
49.75,pf,0.438489,0.878027,0.193049,0.061927,0.024467,0.015523
49.776,pf,0.463305,0.882875,0.192694,0.061927,0.024467,0.015523
49.81,pf,0.490045,0.888141,0.210977,0.061927,0.024467,0.015523
49.800000000000004,pf,0.482921,0.886479,0.195266,0.060770,0.023849,0.015038
49.844,pf,0.516104,0.893882,0.231434,0.060770,0.023849,0.015038
49.878,pf,0.528609,0.901597,0.259385,0.060770,0.023849,0.015038
49.912000000000006,pf,0.561400,0.910582,0.274525,0.060770,0.023849,0.015038
49.900000000000006,pf,0.544842,0.902940,0.232135,0.065116,0.023202,0.017758
49.946000000000005,pf,0.577914,0.910830,0.238377,0.065116,0.023202,0.017758
49.980000000000004,pf,0.616251,0.918266,0.207326,0.065116,0.023202,0.017758
50.014,pf,0.649509,0.925327,0.211536,0.065116,0.023202,0.017758
50.0,pf,0.647030,0.927873,0.248867,0.065124,0.022942,0.023128
50.048,pf,0.679193,0.936080,0.251385,0.065124,0.022942,0.023128
50.082,pf,0.710415,0.944091,0.251679,0.065124,0.022942,0.023128
50.116,pf,0.709094,0.944958,0.240959,0.065124,0.022942,0.023128
50.1,pf,0.705654,0.945783,0.257781,0.063523,0.022789,0.021499
50.150000000000006,pf,0.738287,0.954402,0.258596,0.063523,0.022789,0.021499
50.184000000000005,pf,0.768916,0.962517,0.259351,0.063523,0.022789,0.021499
50.218,pf,0.797109,0.970004,0.259839,0.063523,0.022789,0.021499
50.2,pf,0.794820,0.969160,0.263656,0.063184,0.022053,0.019929
50.252,pf,0.856748,0.986365,0.297551,0.063184,0.022053,0.019929
50.25,pf,0.849097,0.983477,0.272243,0.058958,0.021211,0.017948
50.286,pf,0.876418,0.991113,0.272805,0.058958,0.021211,0.017948
50.32,pf,0.898919,0.997414,0.273249,0.058958,0.021211,0.017948
50.300000000000004,pf,0.896935,0.996272,0.272433,0.057036,0.020575,0.017719
50.354000000000006,pf,0.928631,1.005289,0.281269,0.057036,0.020575,0.017719
50.388000000000005,pf,0.943598,1.009948,0.306173,0.057036,0.020575,0.017719
50.422000000000004,pf,0.976022,1.020178,0.306226,0.057036,0.020575,0.017719
50.400000000000006,pf,0.974342,1.018306,0.287404,0.057928,0.021550,0.016762
50.456,pf,1.006953,1.027927,0.286657,0.057928,0.021550,0.016762
50.49,pf,1.051640,1.043618,0.330966,0.057928,0.021550,0.016762
50.524,pf,1.083729,1.054622,0.329653,0.057928,0.021550,0.016762
50.5,pf,1.077450,1.048925,0.297601,0.062523,0.022629,0.021389
50.558,pf,1.108359,1.058395,0.296973,0.062523,0.022629,0.021389
50.592000000000006,pf,1.147876,1.071719,0.278977,0.062523,0.022629,0.021389
50.6,pf,1.145442,1.070719,0.282707,0.059138,0.022636,0.019202
50.626000000000005,pf,1.176280,1.079665,0.282036,0.059138,0.022636,0.019202
50.660000000000004,pf,1.205782,1.088210,0.281752,0.059138,0.022636,0.019202
50.650000000000006,pf,1.204501,1.087875,0.284212,0.055779,0.022353,0.017731
50.694,pf,1.232485,1.096046,0.283964,0.055779,0.022353,0.017731
50.728,pf,1.249524,1.106598,0.302696,0.055779,0.022353,0.017731
50.762,pf,1.276639,1.115067,0.302677,0.055779,0.022353,0.017731
50.75,pf,1.270939,1.112596,0.287740,0.062304,0.025385,0.019425
50.79600000000001,pf,1.298096,1.120632,0.287674,0.062304,0.025385,0.019425
50.830000000000005,pf,1.324794,1.128527,0.287219,0.062304,0.025385,0.019425
50.864000000000004,pf,1.328628,1.129675,0.298641,0.062304,0.025385,0.019425
50.85,pf,1.335387,1.130695,0.290794,0.057812,0.024361,0.019905
50.898,pf,1.367961,1.140438,0.290525,0.057812,0.024361,0.019905
50.932,pf,1.400538,1.150174,0.290320,0.057812,0.024361,0.019905
50.966,pf,1.464476,1.169761,0.284911,0.057812,0.024361,0.019905
50.95,pf,1.454762,1.167016,0.285275,0.058355,0.024057,0.018577
51.0,pf,1.487389,1.176580,0.285018,0.058355,0.024057,0.018577
51.034000000000006,pf,1.520018,1.186136,0.284772,0.058355,0.024057,0.018577
51.050000000000004,pf,1.519061,1.185647,0.286665,0.056051,0.023628,0.017990
51.068000000000005,pf,1.539390,1.194847,0.321930,0.056051,0.023628,0.017990
51.102000000000004,pf,1.570527,1.205224,0.321542,0.056051,0.023628,0.017990
51.1,pf,1.568628,1.202442,0.292736,0.058916,0.025241,0.018880
51.136,pf,1.599839,1.211845,0.292461,0.058916,0.025241,0.018880
51.17,pf,1.632397,1.221643,0.292229,0.058916,0.025241,0.018880
51.204,pf,1.654478,1.226939,0.306960,0.058916,0.025241,0.018880
51.2,pf,1.657134,1.226579,0.290771,0.060659,0.025218,0.020015
51.23800000000001,pf,1.686041,1.235229,0.290771,0.060659,0.025218,0.020015
51.272000000000006,pf,1.716742,1.244415,0.290715,0.060659,0.025218,0.020015
51.306000000000004,pf,1.744152,1.252616,0.290704,0.060659,0.025218,0.020015
51.300000000000004,pf,1.747398,1.252212,0.285618,0.057847,0.023762,0.019773
51.34,pf,1.758676,1.258633,0.354401,0.057847,0.023762,0.019773
51.374,pf,1.778584,1.266002,0.354620,0.057847,0.023762,0.019773
51.35,pf,1.782308,1.264255,0.294357,0.064170,0.026658,0.018977
51.408,pf,1.806903,1.271719,0.295097,0.064170,0.026658,0.018977
51.442,pf,1.837061,1.280922,0.297809,0.064170,0.026658,0.018977
51.45,pf,1.840787,1.281300,0.291749,0.060581,0.025478,0.020656
51.476000000000006,pf,1.895261,1.296385,0.301627,0.060581,0.025478,0.020656
51.510000000000005,pf,1.927723,1.306495,0.301957,0.060581,0.025478,0.020656
51.5,pf,1.921256,1.303374,0.289339,0.061109,0.025633,0.020423
51.544000000000004,pf,1.953847,1.313062,0.288702,0.061109,0.025633,0.020423
51.578,pf,2.002756,1.327943,0.262404,0.061109,0.025633,0.020423
51.612,pf,2.035596,1.336749,0.261586,0.061109,0.025633,0.020423
51.6,pf,2.021280,1.333545,0.285965,0.061353,0.025881,0.026929
51.646,pf,2.053216,1.342921,0.285178,0.061353,0.025881,0.026929
51.68,pf,2.083346,1.351747,0.284652,0.061353,0.025881,0.026929
51.714000000000006,pf,2.098655,1.355686,0.207299,0.061353,0.025881,0.026929
51.7,pf,2.090704,1.355763,0.270687,0.063943,0.026023,0.027822
51.748000000000005,pf,2.122967,1.364709,0.270342,0.063943,0.026023,0.027822
51.782000000000004,pf,2.151470,1.372600,0.269905,0.063943,0.026023,0.027822
51.816,pf,2.177194,1.379712,0.269570,0.063943,0.026023,0.027822
51.800000000000004,pf,2.170098,1.378964,0.283267,0.062703,0.025800,0.027017
51.85,pf,2.192632,1.384193,0.244123,0.062703,0.025800,0.027017
51.884,pf,2.219244,1.390811,0.243336,0.062703,0.025800,0.027017
51.918000000000006,pf,2.244067,1.396967,0.242806,0.062703,0.025800,0.027017
51.900000000000006,pf,2.236844,1.397939,0.276044,0.063602,0.025646,0.025015
51.952000000000005,pf,2.262832,1.405287,0.274770,0.063602,0.025646,0.025015
51.986000000000004,pf,2.289196,1.416046,0.276003,0.063602,0.025646,0.025015
52.02,pf,2.321912,1.425301,0.275547,0.063602,0.025646,0.025015
52.0,pf,2.323459,1.425683,0.282879,0.062684,0.025775,0.023539
52.054,pf,2.356106,1.435180,0.283262,0.062684,0.025775,0.023539
52.088,pf,2.390822,1.447733,0.333578,0.062684,0.025775,0.023539
52.122,pf,2.422944,1.458876,0.334919,0.062684,0.025775,0.023539
52.1,pf,2.418831,1.452166,0.288493,0.061646,0.025515,0.019752
52.156000000000006,pf,2.450380,1.461548,0.289717,0.061646,0.025515,0.019752
52.190000000000005,pf,2.487997,1.473678,0.303981,0.061646,0.025515,0.019752
52.224000000000004,pf,2.517788,1.483034,0.304549,0.061646,0.025515,0.019752
52.2,pf,2.521620,1.481654,0.286856,0.062316,0.024809,0.019133
52.258,pf,2.551170,1.490387,0.287497,0.062316,0.024809,0.019133
52.292,pf,2.582695,1.499720,0.287948,0.062316,0.024809,0.019133
52.300000000000004,pf,2.588720,1.501167,0.286099,0.058306,0.023888,0.017558
52.326,pf,2.573961,1.496611,0.308490,0.058306,0.023888,0.017558
52.36000000000001,pf,2.599988,1.504907,0.308552,0.058306,0.023888,0.017558
52.394000000000005,pf,2.629229,1.514228,0.308597,0.058306,0.023888,0.017558
52.428000000000004,pf,2.653472,1.521960,0.308957,0.058306,0.023888,0.017558
52.462,pf,2.671910,1.529965,0.354049,0.058306,0.023888,0.017558
52.45,pf,2.675088,1.528289,0.314144,0.060383,0.024575,0.020364
52.496,pf,2.707428,1.538784,0.313512,0.060383,0.024575,0.020364
52.53,pf,2.739773,1.549261,0.313021,0.060383,0.024575,0.020364
52.564,pf,2.760047,1.555022,0.307694,0.060383,0.024575,0.020364
52.550000000000004,pf,2.763309,1.554940,0.298068,0.059228,0.024352,0.016890
52.598000000000006,pf,2.795814,1.564912,0.297314,0.059228,0.024352,0.016890
52.632000000000005,pf,2.828327,1.574855,0.296233,0.059228,0.024352,0.016890
52.666000000000004,pf,2.871095,1.582857,0.233319,0.059228,0.024352,0.016890
52.650000000000006,pf,2.869383,1.585200,0.281119,0.063077,0.025148,0.029002
52.7,pf,2.901481,1.594449,0.280009,0.063077,0.025148,0.029002
52.734,pf,2.934162,1.603826,0.278825,0.063077,0.025148,0.029002
52.7,pf,2.933923,1.604117,0.284068,0.060627,0.024813,0.020705
52.768,pf,2.964006,1.612884,0.283057,0.060627,0.024813,0.020705
52.80200000000001,pf,3.009795,1.623998,0.279383,0.060627,0.024813,0.020705
52.800000000000004,pf,3.014742,1.625884,0.285586,0.060666,0.024697,0.025299
52.836000000000006,pf,3.044771,1.634700,0.285377,0.060666,0.024697,0.025299
52.870000000000005,pf,3.075843,1.643818,0.285601,0.060666,0.024697,0.025299
52.904,pf,3.099543,1.650780,0.286352,0.060666,0.024697,0.025299
52.900000000000006,pf,3.100486,1.650972,0.280967,0.058234,0.024750,0.021917
52.938,pf,3.141971,1.658504,0.289295,0.058234,0.024750,0.021917
52.972,pf,3.169949,1.666829,0.288755,0.058234,0.024750,0.021917
53.006,pf,3.191551,1.673216,0.286631,0.058234,0.024750,0.021917
53.040000000000006,pf,3.223308,1.682524,0.283775,0.058234,0.024750,0.021917
53.0,pf,3.221325,1.681107,0.278212,0.064676,0.025208,0.027086
53.074000000000005,pf,3.263372,1.690711,0.227340,0.064676,0.025208,0.027086
53.108000000000004,pf,3.296494,1.698385,0.228189,0.064676,0.025208,0.027086
53.1,pf,3.293625,1.700386,0.258758,0.065277,0.025170,0.028118
53.142,pf,3.326485,1.709118,0.260746,0.065277,0.025170,0.028118
53.176,pf,3.363615,1.720024,0.258137,0.065277,0.025170,0.028118
53.21,pf,3.396482,1.728728,0.259711,0.065277,0.025170,0.028118
53.2,pf,3.392312,1.727779,0.260335,0.065344,0.026257,0.028963
53.244,pf,3.424179,1.736293,0.261844,0.065344,0.026257,0.028963
53.278000000000006,pf,3.454549,1.744451,0.262892,0.065344,0.026257,0.028963
53.312000000000005,pf,3.476986,1.751561,0.273097,0.065344,0.026257,0.028963
53.300000000000004,pf,3.478003,1.751502,0.272786,0.063745,0.026058,0.030221
53.346000000000004,pf,3.506382,1.759451,0.273305,0.063745,0.026058,0.030221
53.38,pf,3.535548,1.767631,0.273545,0.063745,0.026058,0.030221
53.414,pf,3.565074,1.775919,0.273717,0.063745,0.026058,0.030221
53.400000000000006,pf,3.564679,1.776831,0.282764,0.061755,0.025948,0.024091
53.448,pf,3.643739,1.799088,0.323478,0.061755,0.025948,0.024091
53.45,pf,3.633591,1.794717,0.297291,0.061348,0.025412,0.022947
53.482000000000006,pf,3.658975,1.802494,0.297356,0.061348,0.025412,0.022947
53.516000000000005,pf,3.681607,1.809434,0.297663,0.061348,0.025412,0.022947
53.5,pf,3.677151,1.807993,0.293850,0.059706,0.025297,0.021774
53.550000000000004,pf,3.705052,1.816429,0.293254,0.059706,0.025297,0.021774
53.584,pf,3.769134,1.836891,0.297280,0.059706,0.025297,0.021774
53.618,pf,3.801641,1.846855,0.297575,0.059706,0.025297,0.021774
53.6,pf,3.786740,1.840965,0.275893,0.060545,0.026115,0.023278
53.652,pf,3.819454,1.850229,0.275988,0.060545,0.026115,0.023278
53.686,pf,3.836060,1.855383,0.287835,0.060545,0.026115,0.023278
53.720000000000006,pf,3.868663,1.865029,0.287475,0.060545,0.026115,0.023278
53.7,pf,3.860186,1.862162,0.286439,0.061960,0.026962,0.025658
53.754000000000005,pf,3.891965,1.871517,0.286128,0.061960,0.026962,0.025658
53.788000000000004,pf,3.924883,1.882586,0.341447,0.061960,0.026962,0.025658
53.800000000000004,pf,3.914788,1.874011,0.297644,0.062550,0.026778,0.019313
53.822,pf,3.945025,1.883282,0.297411,0.062550,0.026778,0.019313
53.856,pf,3.974732,1.892385,0.297274,0.062550,0.026778,0.019313
53.85,pf,3.970541,1.891394,0.299010,0.061781,0.026177,0.022813
53.89,pf,4.002310,1.901184,0.298876,0.061781,0.026177,0.022813
53.92400000000001,pf,4.058171,1.922739,0.303751,0.061781,0.026177,0.022813
53.900000000000006,pf,4.045309,1.917305,0.291453,0.066808,0.027604,0.031225
53.958000000000006,pf,4.069339,1.924513,0.291390,0.066808,0.027604,0.031225
53.992000000000004,pf,4.097896,1.933078,0.291351,0.066808,0.027604,0.031225
54.0,pf,4.094715,1.930829,0.286587,0.065292,0.026865,0.027505
54.026,pf,4.120833,1.938526,0.286539,0.065292,0.026865,0.027505
54.06,pf,4.129080,1.938698,0.189829,0.065292,0.026865,0.027505
54.050000000000004,pf,4.130139,1.944362,0.229069,0.063276,0.026256,0.028706
54.094,pf,4.163485,1.950970,0.162667,0.063276,0.026256,0.028706
54.128,pf,4.213149,1.958416,0.084638,0.063276,0.026256,0.028706
54.1,pf,4.203283,1.961042,0.193906,0.066455,0.022786,0.037358
54.162000000000006,pf,4.236779,1.966863,0.155215,0.066455,0.022786,0.037358
54.196000000000005,pf,4.270449,1.971584,0.135282,0.066455,0.022786,0.037358
54.2,pf,4.260122,1.968492,0.122563,0.071508,0.022426,0.028179
54.230000000000004,pf,4.233579,1.964763,0.166944,0.071508,0.022426,0.028179
54.264,pf,4.267157,1.970103,0.157539,0.071508,0.022426,0.028179
54.298,pf,4.300746,1.975370,0.153907,0.071508,0.022426,0.028179
54.332,pf,4.321975,1.979240,0.164762,0.071508,0.022426,0.028179
54.35,pf,4.334488,1.968428,0.058671,0.077357,0.017066,0.014873
54.36600000000001,pf,4.368427,1.970457,0.059121,0.077357,0.017066,0.014873
54.400000000000006,pf,4.402009,1.972437,0.059267,0.077357,0.017066,0.014873
54.400000000000006,pf,4.394185,1.970828,0.047263,0.080284,0.017052,0.017006
54.434000000000005,pf,4.428273,1.971228,0.002057,0.080284,0.017052,0.017006
54.468,pf,4.462273,1.971336,0.004321,0.080284,0.017052,0.017006
54.502,pf,4.493514,1.971502,0.006310,0.080284,0.017052,0.017006
54.5,pf,4.485675,1.973120,0.036695,0.077012,0.016243,0.020227
54.536,pf,4.516070,1.974260,0.038260,0.077012,0.016243,0.020227
54.57,pf,4.578814,1.974637,0.014553,0.077012,0.016243,0.020227
54.604000000000006,pf,4.607609,1.975057,0.015165,0.077012,0.016243,0.020227
54.6,pf,4.597991,1.975812,0.041105,0.080406,0.016247,0.020375
54.638000000000005,pf,4.625150,1.976931,0.041503,0.080406,0.016247,0.020375
54.672000000000004,pf,4.653644,1.978115,0.041609,0.080406,0.016247,0.020375
54.706,pf,4.693232,1.980429,0.018313,0.080406,0.016247,0.020375
54.7,pf,4.676991,1.980668,0.041737,0.075734,0.015963,0.021198
54.74,pf,4.710967,1.981950,0.034189,0.075734,0.015963,0.021198
54.774,pf,4.744948,1.983085,0.031202,0.075734,0.015963,0.021198
54.80800000000001,pf,4.812279,1.989533,0.046464,0.075734,0.015963,0.021198
54.800000000000004,pf,4.787165,1.985560,0.030262,0.073545,0.016149,0.023006
54.842000000000006,pf,4.821149,1.986592,0.030078,0.073545,0.016149,0.023006
54.876000000000005,pf,4.855134,1.987608,0.029396,0.073545,0.016149,0.023006
54.910000000000004,pf,4.863718,1.987957,0.064084,0.073545,0.016149,0.023006
54.900000000000006,pf,4.852684,1.984705,0.033808,0.075914,0.015850,0.017436
54.944,pf,4.885219,1.985815,0.034287,0.075914,0.015850,0.017436
54.978,pf,4.915209,1.986841,0.034318,0.075914,0.015850,0.017436
55.012,pf,4.949189,1.988010,0.034438,0.075914,0.015850,0.017436
55.0,pf,4.942563,1.987593,0.026615,0.076481,0.016159,0.022128
55.04600000000001,pf,5.006436,1.987682,-0.007046,0.076481,0.016159,0.022128
55.050000000000004,pf,5.001659,1.989932,0.016098,0.075438,0.015747,0.019448
55.080000000000005,pf,5.031576,1.990413,0.016096,0.075438,0.015747,0.019448
55.114000000000004,pf,5.060762,1.990883,0.016060,0.075438,0.015747,0.019448
55.148,pf,5.091136,1.991369,0.015967,0.075438,0.015747,0.019448
55.150000000000006,pf,5.076622,1.991431,0.021604,0.069833,0.016006,0.023757
55.182,pf,5.060594,1.994038,0.053439,0.069833,0.016006,0.023757
55.216,pf,5.083489,1.995260,0.053218,0.069833,0.016006,0.023757
55.25,pf,5.108539,1.996590,0.052932,0.069833,0.016006,0.023757
55.284000000000006,pf,5.129413,1.997699,0.053076,0.069833,0.016006,0.023757
55.318000000000005,pf,5.148891,1.998735,0.053154,0.069833,0.016006,0.023757
55.300000000000004,pf,5.146369,1.997655,0.031861,0.073723,0.016884,0.028332
55.352000000000004,pf,5.153984,1.996782,-0.015064,0.073723,0.016884,0.028332
55.386,pf,5.170303,1.996535,-0.015225,0.073723,0.016884,0.028332
55.42,pf,5.184905,1.996309,-0.015594,0.073723,0.016884,0.028332
55.454,pf,5.199673,1.996078,-0.015869,0.073723,0.016884,0.028332
55.48800000000001,pf,5.212971,1.995867,-0.015917,0.073723,0.016884,0.028332
55.45,pf,5.218239,1.997997,0.012422,0.071923,0.017057,0.028467
55.522000000000006,pf,5.230034,1.998143,0.012278,0.071923,0.017057,0.028467
55.556000000000004,pf,5.241562,1.998282,0.011824,0.071923,0.017057,0.028467
55.59,pf,5.253465,1.998421,0.011565,0.071923,0.017057,0.028467
55.624,pf,5.226073,1.997452,0.004571,0.071923,0.017057,0.028467
55.658,pf,5.235914,1.997494,0.004200,0.071923,0.017057,0.028467
55.692,pf,5.246028,1.997535,0.003851,0.071923,0.017057,0.028467
55.726000000000006,pf,5.254809,1.997568,0.003635,0.071923,0.017057,0.028467
55.760000000000005,pf,5.262283,1.997594,0.003512,0.071923,0.017057,0.028467
55.794000000000004,pf,5.269340,1.997618,0.003266,0.071923,0.017057,0.028467
55.800000000000004,pf,5.282488,1.998321,0.014410,0.066347,0.017291,0.029365
55.828,pf,5.289920,1.998427,0.014218,0.066347,0.017291,0.029365
55.862,pf,5.296162,1.998516,0.014160,0.066347,0.017291,0.029365
55.896,pf,5.301900,1.998597,0.014025,0.066347,0.017291,0.029365
55.93000000000001,pf,5.307913,1.998681,0.013912,0.066347,0.017291,0.029365
55.964000000000006,pf,5.312771,1.998748,0.013871,0.066347,0.017291,0.029365
55.998000000000005,pf,5.317199,1.998810,0.013828,0.066347,0.017291,0.029365
56.032000000000004,pf,5.322065,1.998877,0.013746,0.066347,0.017291,0.029365
56.066,pf,5.326073,1.998932,0.013794,0.066347,0.017291,0.029365
56.1,pf,5.329663,1.998981,0.013700,0.066347,0.017291,0.029365
56.134,pf,5.333127,1.999029,0.013627,0.066347,0.017291,0.029365
56.150000000000006,pf,5.345447,2.000626,0.019636,0.060713,0.017049,0.025799
56.168000000000006,pf,5.348885,2.000693,0.019585,0.060713,0.017049,0.025799
56.202000000000005,pf,5.324740,1.997950,-0.013644,0.060713,0.017049,0.025799
56.236000000000004,pf,5.327337,1.997915,-0.013669,0.060713,0.017049,0.025799
56.27,pf,5.330144,1.997877,-0.013719,0.060713,0.017049,0.025799
56.304,pf,5.332430,1.997845,-0.013721,0.060713,0.017049,0.025799
56.338,pf,5.334576,1.997816,-0.013748,0.060713,0.017049,0.025799
56.37200000000001,pf,5.336815,1.997785,-0.013770,0.060713,0.017049,0.025799
56.406000000000006,pf,5.338675,1.997759,-0.013781,0.060713,0.017049,0.025799
56.440000000000005,pf,5.340358,1.997736,-0.013796,0.060713,0.017049,0.025799
56.474000000000004,pf,5.342125,1.997712,-0.013805,0.060713,0.017049,0.025799
56.508,pf,5.343867,1.997688,-0.013819,0.060713,0.017049,0.025799
56.542,pf,5.373638,1.997914,-0.108026,0.060713,0.017049,0.025799
56.550000000000004,pf,5.384811,1.999940,-0.041885,0.065153,0.016823,0.036765
56.576,pf,5.386027,1.999831,-0.111611,0.065153,0.016823,0.036765
56.61000000000001,pf,5.378625,2.001179,-0.238909,0.065153,0.016823,0.036765
56.6,pf,5.398145,2.007946,-0.078502,0.065308,0.015951,0.015309
56.644000000000005,pf,5.410941,2.006085,-0.181543,0.065308,0.015951,0.015309
56.650000000000006,pf,5.414030,2.005902,-0.187145,0.062785,0.016361,0.023026
56.678000000000004,pf,5.430547,2.001899,-0.281540,0.062785,0.016361,0.023026
56.712,pf,5.435557,2.000141,-0.425137,0.062785,0.016361,0.023026
56.7,pf,5.440165,1.998941,-0.370136,0.074527,0.020611,0.027976
56.746,pf,5.440907,1.998618,-0.467377,0.074527,0.020611,0.027976
56.75,pf,5.463411,1.999598,-0.525750,0.070736,0.022079,0.014480
56.78,pf,5.475440,1.992628,-0.588521,0.070736,0.022079,0.014480
56.814,pf,5.474359,1.993366,-0.671985,0.070736,0.022079,0.014480
56.800000000000004,pf,5.469306,1.994476,-0.682498,0.069975,0.027424,0.027312
56.848000000000006,pf,5.492433,1.976979,-0.856120,0.069975,0.027424,0.027312
56.85,pf,5.477108,1.985428,-0.843670,0.070448,0.039118,0.019901
56.882000000000005,pf,5.476935,1.985570,-0.933633,0.070448,0.039118,0.019901
56.916000000000004,pf,5.443532,2.030053,-1.007409,0.070448,0.039118,0.019901
56.900000000000006,pf,5.448856,2.024398,-0.998320,0.065691,0.050640,0.015461
56.95,pf,5.464137,1.999021,-1.137217,0.065691,0.050640,0.015461
56.95,pf,5.463633,2.001493,-1.147044,0.061384,0.053231,0.015853
56.984,pf,5.463094,2.002766,-1.227223,0.061384,0.053231,0.015853
57.018,pf,5.463792,2.001177,-1.332075,0.061384,0.053231,0.015853
57.0,pf,5.462871,2.000659,-1.288353,0.055843,0.056346,0.016554
57.05200000000001,pf,5.453906,1.984858,-1.406335,0.055843,0.056346,0.016554
57.050000000000004,pf,5.512496,2.070498,-1.428130,0.071645,0.114802,0.018216
57.086000000000006,pf,5.512443,2.070848,-1.506744,0.071645,0.114802,0.018216
57.1,pf,5.519701,2.100874,-1.546332,0.062813,0.090313,0.014004
57.120000000000005,pf,5.470235,2.083322,-1.593140,0.062813,0.090313,0.014004
57.154,pf,5.470295,2.084559,-1.666400,0.062813,0.090313,0.014004
57.150000000000006,pf,5.548560,2.117061,-1.698719,0.078568,0.081668,0.015637
57.188,pf,5.553206,2.156490,-1.761045,0.078568,0.081668,0.015637
57.2,pf,5.527981,2.114196,-1.800931,0.084422,0.068133,0.015843
57.222,pf,5.528362,2.115614,-1.869404,0.084422,0.068133,0.015843
57.256,pf,5.532561,2.128679,-1.910599,0.084422,0.068133,0.015843
57.25000000000001,pf,5.517096,2.113147,-1.903311,0.079345,0.060905,0.017651
57.290000000000006,pf,5.518331,2.116314,-1.982177,0.079345,0.060905,0.017651
57.324000000000005,pf,5.523590,2.128607,-2.039413,0.079345,0.060905,0.017651
57.300000000000004,pf,5.514409,2.126001,-1.995890,0.074564,0.059815,0.017768
57.358000000000004,pf,5.514790,2.126789,-2.049892,0.074564,0.059815,0.017768
57.35,pf,5.506092,2.119759,-2.057647,0.068584,0.054434,0.016834
57.392,pf,5.512007,2.130232,-2.131010,0.068584,0.054434,0.016834
57.400000000000006,pf,5.507605,2.125672,-2.136698,0.065018,0.051512,0.018948
57.426,pf,5.509509,2.128489,-2.199351,0.065018,0.051512,0.018948
57.46,pf,5.516859,2.139281,-2.301907,0.065018,0.051512,0.018948
57.45,pf,5.510966,2.125804,-2.240925,0.064923,0.054003,0.016664
57.49400000000001,pf,5.513143,2.128415,-2.295525,0.064923,0.054003,0.016664
57.50000000000001,pf,5.510048,2.117760,-2.315591,0.064490,0.051565,0.011969
57.528000000000006,pf,5.491869,2.097066,-2.401207,0.064490,0.051565,0.011969
57.550000000000004,pf,5.488397,2.092686,-2.378597,0.065803,0.052697,0.018341
57.562000000000005,pf,5.490158,2.094317,-2.409437,0.065803,0.052697,0.018341
57.596000000000004,pf,5.492728,2.096543,-2.447761,0.065803,0.052697,0.018341
57.63,pf,5.498896,2.101595,-2.503180,0.065803,0.052697,0.018341
57.6,pf,5.490618,2.093033,-2.436878,0.057106,0.055487,0.015693
57.664,pf,5.493244,2.095192,-2.475004,0.057106,0.055487,0.015693
57.698,pf,5.493727,2.095549,-2.502479,0.057106,0.055487,0.015693
57.7,pf,5.496270,2.096739,-2.515687,0.055249,0.051674,0.016931
57.732000000000006,pf,5.476895,2.082085,-2.548089,0.055249,0.051674,0.016931
57.766000000000005,pf,5.476555,2.081875,-2.568693,0.055249,0.051674,0.016931
57.75000000000001,pf,5.474173,2.081769,-2.575056,0.055748,0.050195,0.019479
57.800000000000004,pf,5.475065,2.082326,-2.595870,0.055748,0.050195,0.019479
57.834,pf,5.478006,2.084031,-2.633619,0.055748,0.050195,0.019479
57.85,pf,5.473761,2.080971,-2.635343,0.053859,0.048267,0.012785
57.868,pf,5.461417,2.073857,-2.646151,0.053859,0.048267,0.012785
57.902,pf,5.462838,2.074592,-2.671680,0.053859,0.048267,0.012785
57.93600000000001,pf,5.468292,2.076742,-2.775310,0.053859,0.048267,0.012785
57.95,pf,5.474608,2.082932,-2.727236,0.053257,0.046910,0.016633
57.970000000000006,pf,5.442860,2.070801,-2.824546,0.053257,0.046910,0.016633
58.004000000000005,pf,5.435833,2.070082,-2.912789,0.053257,0.046910,0.016633
58.038000000000004,pf,5.402469,2.063565,-2.974318,0.053257,0.046910,0.016633
58.00000000000001,pf,5.459485,2.072600,-2.823222,0.053528,0.039972,0.011486
58.072,pf,5.427043,2.062429,-2.853969,0.053528,0.039972,0.011486
58.106,pf,5.374079,2.051317,-2.898891,0.053528,0.039972,0.011486
58.1,pf,5.378751,2.055904,-2.914077,0.058918,0.037660,0.019011
58.14,pf,5.345534,2.048651,-2.939073,0.058918,0.037660,0.019011
58.17400000000001,pf,5.312145,2.042239,-2.963265,0.058918,0.037660,0.019011
58.208000000000006,pf,5.319056,2.042760,-2.962892,0.058918,0.037660,0.019011
58.242000000000004,pf,5.287585,2.037210,-2.973259,0.058918,0.037660,0.019011
58.2,pf,5.345545,2.046302,-3.001593,0.047552,0.037331,0.012594
58.276,pf,5.314683,2.042132,-3.009723,0.047552,0.037331,0.012594
58.31,pf,5.281439,2.037878,-3.016619,0.047552,0.037331,0.012594
58.300000000000004,pf,5.276816,2.038091,-3.032300,0.046155,0.035051,0.017264
58.344,pf,5.276881,2.034881,-2.996205,0.046155,0.035051,0.017264
58.378,pf,5.248737,2.030858,-3.001527,0.046155,0.035051,0.017264
58.412000000000006,pf,5.217960,2.026593,-3.005841,0.046155,0.035051,0.017264
58.400000000000006,pf,5.208757,2.024094,-3.065892,0.060208,0.035802,0.014674
58.446000000000005,pf,5.182057,2.022092,-3.067460,0.060208,0.035802,0.014674
58.480000000000004,pf,5.194040,2.023532,-3.056168,0.060208,0.035802,0.014674
58.514,pf,5.171094,2.021578,-3.056919,0.060208,0.035802,0.014674
58.548,pf,5.137237,2.018459,-3.047025,0.060208,0.035802,0.014674
58.550000000000004,pf,5.130713,2.021679,-3.079012,0.063932,0.035429,0.012656
58.582,pf,5.096782,2.019516,-3.076868,0.063932,0.035429,0.012656
58.61600000000001,pf,5.012471,2.010043,-3.043482,0.063932,0.035429,0.012656
58.650000000000006,pf,4.978639,2.006666,-3.040712,0.063932,0.035429,0.012656
58.650000000000006,pf,4.986016,2.010720,-3.074995,0.069770,0.033567,0.016328
58.684000000000005,pf,4.952095,2.008409,-3.072160,0.069770,0.033567,0.016328
58.718,pf,4.915836,2.005700,-3.052481,0.069770,0.033567,0.016328
58.7,pf,4.920479,2.007474,-3.068449,0.065809,0.032651,0.016214
58.752,pf,4.886573,2.004949,-3.066074,0.065809,0.032651,0.016214
58.786,pf,4.854740,2.002525,-3.065083,0.065809,0.032651,0.016214
58.800000000000004,pf,4.854654,2.001707,-3.072041,0.065271,0.031486,0.017992
58.82,pf,4.823524,1.999510,-3.070839,0.065271,0.031486,0.017992
58.854000000000006,pf,4.760124,1.998907,-3.115679,0.065271,0.031486,0.017992
58.85,pf,4.778485,1.995269,-3.075753,0.067369,0.030066,0.020286
58.888000000000005,pf,4.745865,1.993107,-3.075085,0.067369,0.030066,0.020286
58.922000000000004,pf,4.718713,1.991292,-3.074663,0.067369,0.030066,0.020286
58.900000000000006,pf,4.723249,1.989592,-3.070287,0.061000,0.029323,0.012227
58.956,pf,4.699260,1.987877,-3.070398,0.061000,0.029323,0.012227
58.99,pf,4.678195,1.989688,-3.086559,0.061000,0.029323,0.012227
59.024,pf,4.650989,1.988195,-3.087087,0.061000,0.029323,0.012227
59.05800000000001,pf,4.627485,1.986924,-3.088112,0.061000,0.029323,0.012227
59.050000000000004,pf,4.640004,1.983971,-3.064200,0.058458,0.028512,0.014040
59.092000000000006,pf,4.607833,1.981385,-3.058844,0.058458,0.028512,0.014040
59.126000000000005,pf,4.568718,1.971636,-2.988747,0.058458,0.028512,0.014040
59.1,pf,4.612660,1.975966,-3.059879,0.050885,0.028748,0.012926
59.160000000000004,pf,4.578774,1.973185,-3.059220,0.050885,0.028748,0.012926
59.194,pf,4.544889,1.970380,-3.058772,0.050885,0.028748,0.012926
59.228,pf,4.537421,1.968530,-3.011716,0.050885,0.028748,0.012926
59.2,pf,4.531179,1.968612,-3.061606,0.053299,0.027578,0.011185
59.262,pf,4.497316,1.965894,-3.061376,0.053299,0.027578,0.011185
59.29600000000001,pf,4.464901,1.963286,-3.061497,0.053299,0.027578,0.011185
59.300000000000004,pf,4.465072,1.962743,-3.062374,0.052440,0.027464,0.014663
59.330000000000005,pf,4.420092,1.962640,-3.135939,0.052440,0.027464,0.014663
59.364000000000004,pf,4.386822,1.962451,-3.135891,0.052440,0.027464,0.014663
59.35,pf,4.397649,1.961069,-3.066705,0.056642,0.027627,0.014690
59.398,pf,4.373661,1.959272,-3.066886,0.056642,0.027627,0.014690
59.432,pf,4.341539,1.956866,-3.066675,0.056642,0.027627,0.014690
59.400000000000006,pf,4.347227,1.956616,-3.064203,0.055115,0.027518,0.016350
59.466,pf,4.355227,1.957766,-3.096669,0.055115,0.027518,0.016350
59.50000000000001,pf,4.330681,1.956655,-3.096229,0.055115,0.027518,0.016350
59.534000000000006,pf,4.303942,1.955441,-3.096072,0.055115,0.027518,0.016350
59.568000000000005,pf,4.274079,1.954075,-3.095533,0.055115,0.027518,0.016350
59.602000000000004,pf,4.248830,1.952873,3.133835,0.055115,0.027518,0.016350
59.6,pf,4.242538,1.946858,-3.075773,0.064206,0.027563,0.013583
59.636,pf,4.209206,1.944584,-3.072122,0.064206,0.027563,0.013583
59.67,pf,4.175290,1.942206,-3.070968,0.064206,0.027563,0.013583
59.704,pf,4.154564,1.941073,-3.081508,0.064206,0.027563,0.013583
59.73800000000001,pf,4.120626,1.939028,-3.082278,0.064206,0.027563,0.013583
59.7,pf,4.120054,1.936051,-3.057396,0.066162,0.027632,0.014585
59.772000000000006,pf,4.086173,1.933209,-3.058477,0.066162,0.027632,0.014585
59.806000000000004,pf,4.054646,1.932031,-3.110567,0.066162,0.027632,0.014585
59.800000000000004,pf,4.057561,1.923681,-3.064237,0.065643,0.025646,0.012800
59.84,pf,4.024133,1.921117,-3.065849,0.065643,0.025646,0.012800
59.874,pf,3.990228,1.918570,-3.067404,0.065643,0.025646,0.012800
59.908,pf,3.958601,1.916234,-3.068482,0.065643,0.025646,0.012800
59.900000000000006,pf,3.960917,1.916153,-3.064063,0.066354,0.025673,0.015472
59.94200000000001,pf,3.874880,1.912018,-3.025979,0.066354,0.025673,0.015472
59.95,pf,3.883753,1.912298,-3.051918,0.064210,0.025341,0.016374
59.976000000000006,pf,3.854873,1.909710,-3.052322,0.064210,0.025341,0.016374
60.010000000000005,pf,3.823099,1.906881,-3.053346,0.064210,0.025341,0.016374
60.00000000000001,pf,3.830955,1.907030,-3.054626,0.060326,0.024931,0.015785
60.044000000000004,pf,3.807486,1.904996,-3.055609,0.060326,0.024931,0.015785
60.078,pf,3.835450,1.908102,-3.096653,0.060326,0.024931,0.015785
60.112,pf,3.806056,1.906795,-3.097643,0.060326,0.024931,0.015785
60.146,pf,3.780199,1.905672,-3.098653,0.060326,0.024931,0.015785
60.150000000000006,pf,3.783595,1.903603,-3.067365,0.062139,0.024158,0.012390
60.18000000000001,pf,3.759216,1.901793,-3.067496,0.062139,0.024158,0.012390
60.214000000000006,pf,3.711122,1.903322,-3.048606,0.062139,0.024158,0.012390
60.2,pf,3.698866,1.902614,-3.049393,0.073508,0.024193,0.020095
60.248000000000005,pf,3.665010,1.899495,-3.050027,0.073508,0.024193,0.020095
60.282000000000004,pf,3.631151,1.896400,-3.050966,0.073508,0.024193,0.020095
60.316,pf,3.562917,1.889264,-3.020052,0.073508,0.024193,0.020095
60.300000000000004,pf,3.561299,1.889757,-3.042661,0.076894,0.023882,0.018337
60.35,pf,3.527463,1.886421,-3.043947,0.076894,0.023882,0.018337
60.384,pf,3.493623,1.883128,-3.045212,0.076894,0.023882,0.018337
60.418000000000006,pf,3.471813,1.878320,-3.040765,0.076894,0.023882,0.018337
60.400000000000006,pf,3.470985,1.878287,-3.051455,0.078319,0.024409,0.015315
60.452000000000005,pf,3.437121,1.875246,-3.052638,0.078319,0.024409,0.015315
60.486000000000004,pf,3.405563,1.872445,-3.053530,0.078319,0.024409,0.015315
60.50000000000001,pf,3.407331,1.872465,-3.052328,0.075825,0.023949,0.017364
60.52,pf,3.376995,1.869763,-3.053088,0.075825,0.023949,0.017364
60.554,pf,3.402794,1.872235,-3.040930,0.075825,0.023949,0.017364
60.588,pf,3.371030,1.869028,-3.041027,0.075825,0.023949,0.017364
60.62200000000001,pf,3.342674,1.866167,-3.040965,0.075825,0.023949,0.017364
60.6,pf,3.335961,1.865316,-3.050790,0.071545,0.023955,0.016898
60.656000000000006,pf,3.309264,1.862886,-3.050894,0.071545,0.023955,0.016898
60.690000000000005,pf,3.343240,1.867698,-3.104214,0.071545,0.023955,0.016898
60.724000000000004,pf,3.320416,1.866837,-3.103825,0.071545,0.023955,0.016898
60.7,pf,3.300357,1.865462,-3.056493,0.086009,0.024559,0.022347
60.758,pf,3.278665,1.863611,-3.056378,0.086009,0.024559,0.022347
60.792,pf,3.256550,1.861719,-3.056145,0.086009,0.024559,0.022347
60.826,pf,3.238962,1.860215,-3.056205,0.086009,0.024559,0.022347
60.86000000000001,pf,3.258528,1.862031,-3.060190,0.086009,0.024559,0.022347
60.894000000000005,pf,3.241024,1.860602,-3.060181,0.086009,0.024559,0.022347
60.928000000000004,pf,3.227379,1.859488,-3.059973,0.086009,0.024559,0.022347
60.900000000000006,pf,3.203760,1.859315,-3.065719,0.076996,0.024737,0.012990
60.962,pf,3.191245,1.858365,-3.066018,0.076996,0.024737,0.012990
60.996,pf,3.179881,1.857506,-3.066128,0.076996,0.024737,0.012990
61.03,pf,3.166389,1.856486,-3.066183,0.076996,0.024737,0.012990
61.06400000000001,pf,3.155364,1.855653,-3.066177,0.076996,0.024737,0.012990
61.098000000000006,pf,3.145963,1.854943,-3.066246,0.076996,0.024737,0.012990
61.1,pf,3.134530,1.854165,-3.065040,0.068753,0.024475,0.014463
61.132000000000005,pf,3.067754,1.847092,-3.097172,0.068753,0.024475,0.014463
61.150000000000006,pf,3.070987,1.846632,-3.064564,0.072652,0.024881,0.015295
61.166000000000004,pf,3.062732,1.845995,-3.064578,0.072652,0.024881,0.015295
61.2,pf,3.053960,1.845319,-3.064606,0.072652,0.024881,0.015295
61.234,pf,3.045090,1.844634,-3.064628,0.072652,0.024881,0.015295
61.268,pf,3.037848,1.844076,-3.064631,0.072652,0.024881,0.015295
61.30200000000001,pf,3.031509,1.843587,-3.064657,0.072652,0.024881,0.015295
61.336000000000006,pf,3.040053,1.844453,-3.022609,0.072652,0.024881,0.015295
61.370000000000005,pf,3.038865,1.844282,-2.992522,0.072652,0.024881,0.015295
61.404,pf,3.037485,1.844044,-2.966131,0.072652,0.024881,0.015295
61.400000000000006,pf,3.028171,1.843671,-3.009376,0.066711,0.023848,0.013575
61.438,pf,3.026662,1.842912,-2.993850,0.066711,0.023848,0.013575
61.472,pf,3.025676,1.842749,-2.975321,0.066711,0.023848,0.013575
61.50600000000001,pf,2.995072,1.836223,-2.894331,0.066711,0.023848,0.013575
61.50000000000001,pf,2.989350,1.835953,-2.936251,0.070238,0.022825,0.013575
61.540000000000006,pf,3.012258,1.839429,-2.858284,0.070238,0.022825,0.013575
61.550000000000004,pf,3.009786,1.838869,-2.880453,0.074116,0.023297,0.014388
61.574000000000005,pf,2.977207,1.829154,-2.821210,0.074116,0.023297,0.014388
61.608000000000004,pf,2.934555,1.814948,-2.767957,0.074116,0.023297,0.014388
61.6,pf,2.932626,1.816565,-2.814018,0.078473,0.025363,0.018951
61.642,pf,2.900933,1.804957,-2.769223,0.078473,0.025363,0.018951
61.676,pf,2.870733,1.792473,-2.736996,0.078473,0.025363,0.018951
61.71,pf,2.803011,1.767788,-2.739076,0.078473,0.025363,0.018951
61.7,pf,2.870465,1.782573,-2.745511,0.057648,0.026945,0.011261
61.74400000000001,pf,2.842495,1.770787,-2.732939,0.057648,0.026945,0.011261
61.778000000000006,pf,2.815211,1.758740,-2.716199,0.057648,0.026945,0.011261
61.812000000000005,pf,2.787683,1.746029,-2.701656,0.057648,0.026945,0.011261
61.800000000000004,pf,2.791315,1.746976,-2.696137,0.058903,0.028184,0.014152
61.846000000000004,pf,2.802371,1.755232,-2.737766,0.058903,0.028184,0.014152
61.88,pf,2.778256,1.744658,-2.702398,0.058903,0.028184,0.014152
61.914,pf,2.747708,1.729732,-2.676121,0.058903,0.028184,0.014152
61.948,pf,2.717463,1.714201,-2.657220,0.058903,0.028184,0.014152
61.95,pf,2.724478,1.716172,-2.632048,0.059557,0.030726,0.014276
61.982000000000006,pf,2.708459,1.711487,-2.642463,0.059557,0.030726,0.014276
62.016000000000005,pf,2.678615,1.695198,-2.642242,0.059557,0.030726,0.014276
62.050000000000004,pf,2.648815,1.678828,-2.637310,0.059557,0.030726,0.014276
62.00000000000001,pf,2.679213,1.689062,-2.617450,0.057179,0.032809,0.015640
62.084,pf,2.645086,1.671684,-2.649078,0.057179,0.032809,0.015640
62.118,pf,2.616149,1.656135,-2.648172,0.057179,0.032809,0.015640
62.1,pf,2.623022,1.658014,-2.602701,0.055248,0.033931,0.013645
62.152,pf,2.593843,1.640562,-2.602329,0.055248,0.033931,0.013645
62.18600000000001,pf,2.566518,1.624205,-2.602033,0.055248,0.033931,0.013645
62.220000000000006,pf,2.557772,1.623935,-2.621525,0.055248,0.033931,0.013645
62.2,pf,2.553675,1.620920,-2.595106,0.059607,0.036325,0.015124
62.254000000000005,pf,2.528444,1.605567,-2.594852,0.059607,0.036325,0.015124
62.288000000000004,pf,2.501834,1.589362,-2.594319,0.059607,0.036325,0.015124
62.322,pf,2.481483,1.576955,-2.593911,0.059607,0.036325,0.015124
62.300000000000004,pf,2.475855,1.574707,-2.594711,0.055737,0.035466,0.015220
62.356,pf,2.430851,1.547195,-2.583375,0.055737,0.035466,0.015220
62.35,pf,2.429120,1.547062,-2.589072,0.052474,0.034081,0.014216
62.39,pf,2.404406,1.531818,-2.588944,0.052474,0.034081,0.014216
62.42400000000001,pf,2.383887,1.519162,-2.588897,0.052474,0.034081,0.014216
62.400000000000006,pf,2.386500,1.520121,-2.588729,0.051065,0.033783,0.014939
62.458000000000006,pf,2.367217,1.508225,-2.588899,0.051065,0.033783,0.014939
62.492000000000004,pf,2.347980,1.496362,-2.589120,0.051065,0.033783,0.014939
62.526,pf,2.363777,1.504812,-2.578208,0.051065,0.033783,0.014939
62.56,pf,2.351026,1.496759,-2.578548,0.051065,0.033783,0.014939
62.594,pf,2.337852,1.488446,-2.578815,0.051065,0.033783,0.014939
62.62800000000001,pf,2.323187,1.479194,-2.578785,0.051065,0.033783,0.014939
62.6,pf,2.324619,1.480606,-2.587045,0.052122,0.034889,0.016571
62.662000000000006,pf,2.312268,1.472958,-2.587252,0.052122,0.034889,0.016571
62.696000000000005,pf,2.301496,1.466289,-2.587254,0.052122,0.034889,0.016571
62.730000000000004,pf,2.289776,1.459037,-2.587619,0.052122,0.034889,0.016571
62.764,pf,2.278968,1.455854,-2.634248,0.052122,0.034889,0.016571
62.75000000000001,pf,2.282609,1.456426,-2.597523,0.050515,0.035343,0.014123
62.798,pf,2.275154,1.451914,-2.597321,0.050515,0.035343,0.014123
62.832,pf,2.266862,1.446896,-2.597704,0.050515,0.035343,0.014123
62.86600000000001,pf,2.257997,1.441536,-2.597816,0.050515,0.035343,0.014123
62.900000000000006,pf,2.250623,1.437078,-2.597818,0.050515,0.035343,0.014123
62.934000000000005,pf,2.243352,1.432683,-2.597887,0.050515,0.035343,0.014123
62.968,pf,2.236221,1.428373,-2.597949,0.050515,0.035343,0.014123
63.002,pf,2.230875,1.425141,-2.597977,0.050515,0.035343,0.014123
63.00000000000001,pf,2.227326,1.421963,-2.591944,0.049603,0.034781,0.014728
63.036,pf,2.221931,1.418658,-2.592033,0.049603,0.034781,0.014728
63.07000000000001,pf,2.230643,1.424343,-2.544176,0.049603,0.034781,0.014728
63.104000000000006,pf,2.251077,1.436384,-2.468056,0.049603,0.034781,0.014728
63.1,pf,2.245300,1.432498,-2.547486,0.048335,0.033903,0.013259
63.138000000000005,pf,2.244147,1.431646,-2.483600,0.048335,0.033903,0.013259
63.150000000000006,pf,2.232146,1.424051,-2.489868,0.047625,0.034083,0.010583
63.172000000000004,pf,2.210904,1.407385,-2.407145,0.047625,0.034083,0.010583
63.206,pf,2.210192,1.406684,-2.358422,0.047625,0.034083,0.010583
63.2,pf,2.209219,1.405427,-2.395047,0.051322,0.037798,0.016108
63.24,pf,2.206762,1.403077,-2.349269,0.051322,0.037798,0.016108
63.274,pf,2.237434,1.432983,-2.266814,0.051322,0.037798,0.016108
63.30800000000001,pf,2.237704,1.433279,-2.231560,0.051322,0.037798,0.016108
63.300000000000004,pf,2.221611,1.421301,-2.259513,0.056667,0.046201,0.014422
63.342000000000006,pf,2.219487,1.418646,-2.229686,0.056667,0.046201,0.014422
63.376000000000005,pf,2.205046,1.400499,-2.169927,0.056667,0.046201,0.014422
63.35,pf,2.193353,1.393322,-2.207896,0.054532,0.046194,0.014070
63.410000000000004,pf,2.191859,1.391195,-2.170927,0.054532,0.046194,0.014070
63.444,pf,2.189986,1.388357,-2.139456,0.054532,0.046194,0.014070
63.45,pf,2.186938,1.385307,-2.141674,0.052876,0.045414,0.015073
63.478,pf,2.186408,1.384460,-2.116707,0.052876,0.045414,0.015073
63.512,pf,2.183763,1.380307,-2.068507,0.052876,0.045414,0.015073
63.50000000000001,pf,2.186109,1.382487,-2.090158,0.047501,0.042286,0.012810
63.54600000000001,pf,2.184455,1.379517,-2.065569,0.047501,0.042286,0.012810
63.580000000000005,pf,2.183808,1.378276,-2.040832,0.047501,0.042286,0.012810
63.614000000000004,pf,2.183275,1.377200,-2.017401,0.047501,0.042286,0.012810
63.6,pf,2.179065,1.374423,-2.017529,0.046821,0.042117,0.012014
63.648,pf,2.180771,1.377272,-1.950907,0.046821,0.042117,0.012014
63.650000000000006,pf,2.177233,1.372700,-1.981493,0.046116,0.041066,0.012747
63.682,pf,2.164909,1.341021,-1.900850,0.046116,0.041066,0.012747
63.716,pf,2.144465,1.274514,-1.818394,0.046116,0.041066,0.012747
63.7,pf,2.153028,1.306237,-1.935779,0.043199,0.057530,0.013525
63.75000000000001,pf,2.141906,1.274113,-1.870519,0.043199,0.057530,0.013525
63.75000000000001,pf,2.147619,1.285445,-1.867681,0.041804,0.053290,0.016143
63.784000000000006,pf,2.132933,1.231893,-1.817955,0.041804,0.053290,0.016143
63.818000000000005,pf,2.125195,1.198889,-1.777340,0.041804,0.053290,0.016143
63.800000000000004,pf,2.138135,1.229904,-1.822489,0.044960,0.067898,0.015861
63.852000000000004,pf,2.130289,1.196824,-1.783282,0.044960,0.067898,0.015861
63.886,pf,2.125428,1.166059,-1.699206,0.044960,0.067898,0.015861
63.92,pf,2.121645,1.135870,-1.686079,0.044960,0.067898,0.015861
63.900000000000006,pf,2.135259,1.185709,-1.729098,0.040945,0.066315,0.014675
63.954,pf,2.130613,1.154603,-1.709341,0.040945,0.066315,0.014675
63.98800000000001,pf,2.126363,1.122263,-1.692943,0.040945,0.066315,0.014675
64.022,pf,2.115254,1.065107,-1.695707,0.040945,0.066315,0.014675
64.0,pf,2.131245,1.115820,-1.693428,0.035496,0.061193,0.012331
64.056,pf,2.128174,1.090109,-1.688187,0.035496,0.061193,0.012331
64.09,pf,2.125235,1.059991,-1.647960,0.035496,0.061193,0.012331
64.10000000000001,pf,2.130184,1.081070,-1.658836,0.033596,0.060601,0.012745
64.12400000000001,pf,2.127488,1.047177,-1.642016,0.033596,0.060601,0.012745
64.158,pf,2.127681,1.016564,-1.619688,0.033596,0.060601,0.012745
64.15,pf,2.131210,1.038625,-1.630842,0.031246,0.060038,0.013834
64.19200000000001,pf,2.129318,1.004678,-1.620766,0.031246,0.060038,0.013834
64.226,pf,2.127590,0.970722,-1.620056,0.031246,0.060038,0.013834
64.26,pf,2.130253,1.002150,-1.602049,0.031246,0.060038,0.013834
64.294,pf,2.129186,0.968167,-1.602588,0.031246,0.060038,0.013834
64.3,pf,2.128416,0.971985,-1.605226,0.030031,0.059306,0.014337
64.328,pf,2.127238,0.938005,-1.605839,0.030031,0.059306,0.014337
64.36200000000001,pf,2.119210,0.902456,-1.641505,0.030031,0.059306,0.014337
64.35000000000001,pf,2.120466,0.912794,-1.605462,0.030306,0.067308,0.014520
64.396,pf,2.119355,0.881062,-1.606135,0.030306,0.067308,0.014520
64.43,pf,2.118142,0.847084,-1.606823,0.030306,0.067308,0.014520
64.45,pf,2.115721,0.846343,-1.605336,0.030044,0.062101,0.015965
64.464,pf,2.114671,0.816237,-1.605950,0.030044,0.062101,0.015965
64.498,pf,2.106847,0.718819,-1.646974,0.030044,0.062101,0.015965
64.5,pf,2.107976,0.736828,-1.611267,0.030983,0.062843,0.014496
64.53200000000001,pf,2.106651,0.704184,-1.611494,0.030983,0.062843,0.014496
64.566,pf,2.105529,0.676586,-1.611332,0.030983,0.062843,0.014496
64.60000000000001,pf,2.104560,0.652734,-1.611638,0.030983,0.062843,0.014496
64.60000000000001,pf,2.103916,0.659236,-1.607017,0.030008,0.058576,0.016560
64.634,pf,2.103774,0.652845,-1.603573,0.030008,0.058576,0.016560
64.668,pf,2.103139,0.633245,-1.601519,0.030008,0.058576,0.016560
64.702,pf,2.102196,0.599258,-1.597801,0.030008,0.058576,0.016560
64.7,pf,2.100706,0.601883,-1.602631,0.029232,0.057442,0.014430
64.736,pf,2.099621,0.567900,-1.602910,0.029232,0.057442,0.014430
64.77000000000001,pf,2.100333,0.536899,-1.584754,0.029232,0.057442,0.014430
64.804,pf,2.099834,0.502903,-1.586189,0.029232,0.057442,0.014430
64.8,pf,2.097314,0.503724,-1.596231,0.027728,0.061256,0.014989
64.83800000000001,pf,2.096432,0.469736,-1.597637,0.027728,0.061256,0.014989
64.872,pf,2.093333,0.425675,-1.595977,0.027728,0.061256,0.014989
64.906,pf,2.092459,0.391932,-1.597527,0.027728,0.061256,0.014989
64.94,pf,2.091595,0.359838,-1.597990,0.027728,0.061256,0.014989
64.9,pf,2.092927,0.384149,-1.592911,0.027814,0.062078,0.014604
64.974,pf,2.092158,0.350157,-1.593876,0.027814,0.062078,0.014604
65.00800000000001,pf,2.088906,0.284017,-1.610632,0.027814,0.062078,0.014604
65.0,pf,2.088996,0.301066,-1.598119,0.027890,0.061116,0.020082
65.042,pf,2.088192,0.271803,-1.598367,0.027890,0.061116,0.020082
65.07600000000001,pf,2.087363,0.242086,-1.598908,0.027890,0.061116,0.020082
65.11,pf,2.086466,0.210510,-1.599455,0.027890,0.061116,0.020082
65.10000000000001,pf,2.086868,0.223322,-1.598844,0.027394,0.055575,0.014635
65.144,pf,2.088405,0.190238,-1.566705,0.027394,0.055575,0.014635
65.178,pf,2.088503,0.165042,-1.567109,0.027394,0.055575,0.014635
65.212,pf,2.088598,0.138162,-1.567407,0.027394,0.055575,0.014635
65.2,pf,2.086418,0.146421,-1.597542,0.026986,0.056265,0.014822
65.24600000000001,pf,2.085580,0.113994,-1.594875,0.026986,0.056265,0.014822
65.28,pf,2.087676,0.074772,-1.595133,0.026986,0.056265,0.014822
65.31400000000001,pf,2.086841,0.040782,-1.595326,0.026986,0.056265,0.014822
65.3,pf,2.086067,0.050682,-1.598426,0.025781,0.058535,0.014371
65.348,pf,2.085104,0.016696,-1.599683,0.025781,0.058535,0.014371
65.382,pf,2.083124,-0.035119,-1.574791,0.025781,0.058535,0.014371
65.41600000000001,pf,2.082951,-0.069119,-1.576946,0.025781,0.058535,0.014371
65.4,pf,2.080313,-0.061561,-1.593846,0.024274,0.062279,0.014385
65.45,pf,2.079496,-0.095551,-1.595895,0.024274,0.062279,0.014385
65.48400000000001,pf,2.079847,-0.127622,-1.552668,0.024274,0.062279,0.014385
65.518,pf,2.080402,-0.159278,-1.553882,0.024274,0.062279,0.014385
65.5,pf,2.078889,-0.145404,-1.589358,0.024835,0.061737,0.016216
65.552,pf,2.078243,-0.179398,-1.590169,0.024835,0.061737,0.016216
65.586,pf,2.077648,-0.209317,-1.590825,0.024835,0.061737,0.016216
65.62,pf,2.076018,-0.260762,-1.588085,0.024835,0.061737,0.016216
65.60000000000001,pf,2.075123,-0.256380,-1.601277,0.024809,0.062239,0.014123
65.65400000000001,pf,2.074255,-0.284892,-1.601057,0.024809,0.062239,0.014123
65.688,pf,2.073303,-0.316313,-1.601095,0.024809,0.062239,0.014123
65.7,pf,2.072845,-0.307707,-1.603710,0.024450,0.061374,0.013791
65.72200000000001,pf,2.071944,-0.335201,-1.603361,0.024450,0.061374,0.013791
65.756,pf,2.072988,-0.383947,-1.569467,0.024450,0.061374,0.013791
65.75,pf,2.070602,-0.376703,-1.600073,0.023600,0.062126,0.016389
65.79,pf,2.069802,-0.403980,-1.599141,0.023600,0.062126,0.016389
65.824,pf,2.068838,-0.437966,-1.599095,0.023600,0.062126,0.016389
65.8,pf,2.068306,-0.427503,-1.603570,0.022495,0.059495,0.016033
65.858,pf,2.067200,-0.461485,-1.603102,0.022495,0.059495,0.016033
65.89200000000001,pf,2.061018,-0.505095,-1.588824,0.022495,0.059495,0.016033
65.9,pf,2.062573,-0.485769,-1.599309,0.022667,0.066076,0.021996
65.926,pf,2.061627,-0.519755,-1.598065,0.022667,0.066076,0.021996
65.96000000000001,pf,2.060727,-0.553743,-1.596547,0.022667,0.066076,0.021996
65.95,pf,2.061474,-0.540511,-1.601179,0.022468,0.061289,0.018781
65.994,pf,2.056684,-0.621888,-1.589107,0.022468,0.061289,0.018781
66.0,pf,2.056423,-0.607828,-1.602796,0.022631,0.063206,0.019027
66.028,pf,2.055357,-0.641811,-1.601520,0.022631,0.063206,0.019027
66.062,pf,2.054402,-0.673296,-1.600597,0.022631,0.063206,0.019027
66.096,pf,2.053494,-0.704042,-1.599959,0.022631,0.063206,0.019027
66.10000000000001,pf,2.053396,-0.692927,-1.601308,0.021997,0.060594,0.017434
66.13000000000001,pf,2.048791,-0.705890,-1.620926,0.021997,0.060594,0.017434
66.164,pf,2.047332,-0.734934,-1.620924,0.021997,0.060594,0.017434
66.19800000000001,pf,2.045951,-0.762461,-1.620936,0.021997,0.060594,0.017434
66.2,pf,2.047158,-0.751759,-1.598472,0.020348,0.066317,0.019841
66.232,pf,2.046300,-0.782702,-1.598618,0.020348,0.066317,0.019841
66.266,pf,2.047156,-0.769583,-1.591246,0.020348,0.066317,0.019841
66.3,pf,2.046654,-0.793350,-1.592554,0.020348,0.066317,0.019841
66.334,pf,2.046198,-0.813468,-1.594376,0.020348,0.066317,0.019841
66.35000000000001,pf,2.044349,-0.824472,-1.596463,0.019638,0.061362,0.014946
66.36800000000001,pf,2.043625,-0.851424,-1.599131,0.019638,0.061362,0.014946
66.402,pf,2.043683,-0.843299,-1.593052,0.019638,0.061362,0.014946
66.436,pf,2.042903,-0.877290,-1.594380,0.019638,0.061362,0.014946
66.45,pf,2.040907,-0.886777,-1.596369,0.019854,0.056080,0.015238
66.47,pf,2.040016,-0.920766,-1.597654,0.019854,0.056080,0.015238
66.504,pf,2.040204,-0.955228,-1.582730,0.019854,0.056080,0.015238
66.5,pf,2.038787,-0.957341,-1.594143,0.019503,0.055669,0.015386
66.53800000000001,pf,2.037978,-0.991331,-1.595017,0.019503,0.055669,0.015386
66.572,pf,2.037139,-1.025321,-1.595937,0.019503,0.055669,0.015386
66.60600000000001,pf,2.036317,-1.071674,-1.582807,0.019503,0.055669,0.015386
66.60000000000001,pf,2.035751,-1.071993,-1.594427,0.019455,0.059192,0.018103
66.64,pf,2.035000,-1.103507,-1.594903,0.019455,0.059192,0.018103
66.674,pf,2.034248,-1.134556,-1.595166,0.019455,0.059192,0.018103
66.708,pf,2.033445,-1.167396,-1.595270,0.019455,0.059192,0.018103
66.7,pf,2.033503,-1.163435,-1.597947,0.019465,0.060360,0.015374
66.742,pf,2.028456,-1.180541,-1.592147,0.019465,0.060360,0.015374
66.77600000000001,pf,2.027819,-1.210309,-1.592213,0.019465,0.060360,0.015374
66.81,pf,2.027167,-1.240871,-1.592111,0.019465,0.060360,0.015374
66.8,pf,2.027376,-1.240036,-1.599843,0.019357,0.064171,0.016161
66.84400000000001,pf,2.026630,-1.266035,-1.599329,0.019357,0.064171,0.016161
66.878,pf,2.027188,-1.282797,-1.632065,0.019357,0.064171,0.016161
66.912,pf,2.025107,-1.316733,-1.632001,0.019357,0.064171,0.016161
66.9,pf,2.027196,-1.321312,-1.608122,0.018853,0.060913,0.017918
66.946,pf,2.025924,-1.355289,-1.608459,0.018853,0.060913,0.017918
66.98,pf,2.023863,-1.401564,-1.598937,0.018853,0.060913,0.017918
67.01400000000001,pf,2.022896,-1.435550,-1.599553,0.018853,0.060913,0.017918
67.0,pf,2.022732,-1.436954,-1.600415,0.017559,0.059492,0.016171
67.048,pf,2.021716,-1.470938,-1.600965,0.017559,0.059492,0.016171
67.08200000000001,pf,2.022237,-1.482116,-1.598084,0.017559,0.059492,0.016171
67.116,pf,2.021346,-1.514732,-1.598136,0.017559,0.059492,0.016171
67.10000000000001,pf,2.020393,-1.518224,-1.599299,0.016939,0.058384,0.017959
67.15,pf,2.019421,-1.552210,-1.599472,0.016939,0.058384,0.017959
67.184,pf,2.018548,-1.582559,-1.599626,0.016939,0.058384,0.017959
67.218,pf,2.011624,-1.622879,-1.672334,0.016939,0.058384,0.017959
67.2,pf,2.016182,-1.627836,-1.607029,0.016740,0.065057,0.016238
67.25200000000001,pf,2.015086,-1.657855,-1.607525,0.016740,0.065057,0.016238
67.286,pf,2.013909,-1.689699,-1.607962,0.016740,0.065057,0.016238
67.32000000000001,pf,2.012869,-1.717542,-1.608256,0.016740,0.065057,0.016238
67.3,pf,2.012977,-1.718828,-1.601600,0.016592,0.061760,0.014844
67.354,pf,2.006748,-1.734659,-1.637124,0.016592,0.061760,0.014844
67.388,pf,2.004847,-1.763169,-1.637641,0.016592,0.061760,0.014844
67.42200000000001,pf,2.003318,-1.785799,-1.638928,0.016592,0.061760,0.014844
67.456,pf,2.001068,-1.818086,-1.641756,0.016592,0.061760,0.014844
67.45,pf,2.003387,-1.826286,-1.599688,0.018011,0.071860,0.018482
67.49000000000001,pf,2.001038,-1.883227,-1.592757,0.018011,0.071860,0.018482
67.5,pf,2.001077,-1.875330,-1.592823,0.017438,0.064919,0.016552
67.524,pf,2.000306,-1.909322,-1.594059,0.017438,0.064919,0.016552
67.558,pf,1.999500,-1.943312,-1.594955,0.017438,0.064919,0.016552
67.55,pf,1.999763,-1.941435,-1.595907,0.017234,0.062728,0.015020
67.592,pf,1.996746,-2.005311,-1.590838,0.017234,0.062728,0.015020
67.60000000000001,pf,1.996468,-2.002110,-1.597879,0.016875,0.060619,0.017986
67.626,pf,1.995535,-2.036097,-1.598687,0.016875,0.060619,0.017986
67.66000000000001,pf,1.994607,-2.068998,-1.599258,0.016875,0.060619,0.017986
67.65,pf,1.996008,-2.064487,-1.600923,0.016791,0.057668,0.017029
67.694,pf,1.995072,-2.095331,-1.601274,0.016791,0.057668,0.017029
67.72800000000001,pf,1.995868,-2.128436,-1.620857,0.016791,0.057668,0.017029
67.75,pf,1.997636,-2.130160,-1.603855,0.017370,0.059783,0.015322
67.762,pf,1.996619,-2.160774,-1.603912,0.017370,0.059783,0.015322
67.796,pf,1.995647,-2.189949,-1.604132,0.017370,0.059783,0.015322
67.8,pf,1.995861,-2.190223,-1.606498,0.016972,0.057632,0.016184
67.83,pf,1.994786,-2.220361,-1.606570,0.016972,0.057632,0.016184
67.864,pf,1.992044,-2.255918,-1.670976,0.016972,0.057632,0.016184
67.85000000000001,pf,1.995773,-2.253200,-1.614584,0.017750,0.059237,0.015082
67.89800000000001,pf,1.994437,-2.283748,-1.614595,0.017750,0.059237,0.015082
67.932,pf,1.993452,-2.306276,-1.614298,0.017750,0.059237,0.015082
67.95,pf,1.993268,-2.308427,-1.611014,0.017365,0.057832,0.017887
67.96600000000001,pf,1.992261,-2.333551,-1.610520,0.017365,0.057832,0.017887
68.0,pf,1.989182,-2.477006,-1.566916,0.017365,0.057832,0.017887
68.0,pf,1.990309,-2.432830,-1.604843,0.018564,0.054793,0.019416
68.034,pf,1.989153,-2.466810,-1.604616,0.018564,0.054793,0.019416
68.068,pf,1.988003,-2.500791,-1.604560,0.018564,0.054793,0.019416
68.102,pf,1.988851,-2.553143,-1.573966,0.018564,0.054793,0.019416
68.10000000000001,pf,1.987036,-2.532655,-1.599901,0.019104,0.054966,0.019355
68.13600000000001,pf,1.986032,-2.566640,-1.600634,0.019104,0.054966,0.019355
68.17,pf,1.985003,-2.600624,-1.601445,0.019104,0.054966,0.019355
68.15,pf,1.985778,-2.582160,-1.599568,0.018937,0.052189,0.016682
68.20400000000001,pf,1.980539,-2.648445,-1.615337,0.018937,0.052189,0.016682
68.2,pf,1.982674,-2.627171,-1.599409,0.018786,0.055568,0.015092
68.238,pf,1.981773,-2.658408,-1.599873,0.018786,0.055568,0.015092
68.272,pf,1.980775,-2.692394,-1.600391,0.018786,0.055568,0.015092
68.306,pf,1.979889,-2.722107,-1.600666,0.018786,0.055568,0.015092
68.3,pf,1.980946,-2.703765,-1.600764,0.018546,0.053501,0.019382
68.34,pf,1.979925,-2.683927,-1.639650,0.018546,0.053501,0.019382
68.37400000000001,pf,1.978092,-2.710423,-1.640390,0.018546,0.053501,0.019382
68.408,pf,1.975960,-2.740879,-1.640942,0.018546,0.053501,0.019382
68.44200000000001,pf,1.974020,-2.768329,-1.641668,0.018546,0.053501,0.019382
68.45,pf,1.977198,-2.771357,-1.610256,0.019389,0.061240,0.022708
68.476,pf,1.976757,-2.794322,-1.620807,0.019389,0.061240,0.022708
68.51,pf,1.975469,-2.819962,-1.621086,0.019389,0.061240,0.022708
68.54400000000001,pf,1.973786,-2.852498,-1.624306,0.019389,0.061240,0.022708
68.5,pf,1.975079,-2.849368,-1.607022,0.019771,0.059811,0.020037
68.578,pf,1.973800,-2.883344,-1.609839,0.019771,0.059811,0.020037
68.61200000000001,pf,1.979186,-2.963847,-1.588903,0.019771,0.059811,0.020037
68.646,pf,1.978538,-2.997841,-1.590875,0.019771,0.059811,0.020037
68.65,pf,1.979290,-2.966587,-1.595026,0.019802,0.063935,0.020547
68.68,pf,1.978439,-3.000576,-1.596796,0.019802,0.063935,0.020547
68.714,pf,1.977556,-3.069442,-1.591200,0.019802,0.063935,0.020547
68.7,pf,1.977307,-3.031389,-1.596601,0.018413,0.055406,0.018213
68.748,pf,1.976410,-3.065377,-1.597786,0.018413,0.055406,0.018213
68.78200000000001,pf,1.975549,-3.097105,-1.597956,0.018413,0.055406,0.018213
68.816,pf,1.974714,-3.127837,-1.598413,0.018413,0.055406,0.018213
68.80000000000001,pf,1.975056,-3.121213,-1.603777,0.018023,0.054873,0.019739
68.85000000000001,pf,1.975856,-3.177302,-1.588503,0.018023,0.054873,0.019739
68.85000000000001,pf,1.975502,-3.165987,-1.602771,0.018054,0.057819,0.018650
68.884,pf,1.974527,-3.196495,-1.602817,0.018054,0.057819,0.018650
68.918,pf,1.973607,-3.225248,-1.602766,0.018054,0.057819,0.018650
68.952,pf,1.972576,-3.257528,-1.602741,0.018054,0.057819,0.018650
68.95,pf,1.972648,-3.253757,-1.605244,0.017991,0.059394,0.017482
68.986,pf,1.969083,-3.278627,-1.644033,0.017991,0.059394,0.017482
69.02000000000001,pf,1.967285,-3.303155,-1.643888,0.017991,0.059394,0.017482
69.054,pf,1.965508,-3.327586,-1.642521,0.017991,0.059394,0.017482
69.05000000000001,pf,1.967628,-3.330605,-1.617136,0.018083,0.064322,0.017856
69.08800000000001,pf,1.966100,-3.364570,-1.614981,0.018083,0.064322,0.017856
69.122,pf,1.950762,-3.459380,-1.641023,0.018083,0.064322,0.017856
69.156,pf,1.948384,-3.493297,-1.640489,0.018083,0.064322,0.017856
69.15,pf,1.955318,-3.441917,-1.607808,0.019760,0.064844,0.019073
69.19,pf,1.954072,-3.475894,-1.607143,0.019760,0.064844,0.019073
69.224,pf,1.951599,-3.513229,-1.611965,0.019760,0.064844,0.019073
69.25800000000001,pf,1.950213,-3.547144,-1.611292,0.019760,0.064844,0.019073
69.25,pf,1.950885,-3.544313,-1.608065,0.020026,0.064426,0.020019
69.292,pf,1.949628,-3.578290,-1.607461,0.020026,0.064426,0.020019
69.32600000000001,pf,1.949993,-3.622371,-1.583447,0.020026,0.064426,0.020019
69.36,pf,1.949605,-3.653246,-1.583223,0.020026,0.064426,0.020019
69.35000000000001,pf,1.947980,-3.635826,-1.602298,0.019936,0.066725,0.019646
69.394,pf,1.947016,-3.666349,-1.602452,0.019936,0.066725,0.019646
69.428,pf,1.945970,-3.699519,-1.602333,0.019936,0.066725,0.019646
69.45,pf,1.946748,-3.699513,-1.604001,0.019322,0.063659,0.018217
69.462,pf,1.946573,-3.718541,-1.593363,0.019322,0.063659,0.018217
69.49600000000001,pf,1.945912,-3.747846,-1.593354,0.019322,0.063659,0.018217
69.53,pf,1.945205,-3.778838,-1.593659,0.019322,0.063659,0.018217
69.55000000000001,pf,1.945112,-3.773669,-1.600047,0.018871,0.061569,0.019713
69.56400000000001,pf,1.944359,-3.799043,-1.600858,0.018871,0.061569,0.019713
69.598,pf,1.942429,-3.794305,-1.618028,0.018871,0.061569,0.019713
69.632,pf,1.940805,-3.828266,-1.619201,0.018871,0.061569,0.019713
69.65,pf,1.941627,-3.833095,-1.609566,0.019040,0.061716,0.022109
69.66600000000001,pf,1.940296,-3.867069,-1.610466,0.019040,0.061716,0.022109
69.7,pf,1.939503,-3.912193,-1.624684,0.019040,0.061716,0.022109
69.7,pf,1.940323,-3.909501,-1.610796,0.019277,0.061795,0.021332
69.73400000000001,pf,1.938959,-3.943474,-1.610983,0.019277,0.061795,0.021332
69.768,pf,1.937586,-3.977446,-1.611387,0.019277,0.061795,0.021332
69.75,pf,1.938269,-3.962087,-1.605804,0.018813,0.055051,0.020783
69.802,pf,1.938419,-3.965754,-1.637243,0.018813,0.055051,0.020783
69.836,pf,1.936223,-3.998706,-1.637454,0.018813,0.055051,0.020783
69.87,pf,1.933955,-4.032631,-1.637662,0.018813,0.055051,0.020783
69.90400000000001,pf,1.931894,-4.063375,-1.637776,0.018813,0.055051,0.020783
69.9,pf,1.933599,-4.070729,-1.618625,0.018936,0.058691,0.022851
69.938,pf,1.928049,-4.077328,-1.628838,0.018936,0.058691,0.022851
69.97200000000001,pf,1.926128,-4.110411,-1.628828,0.018936,0.058691,0.022851
70.006,pf,1.924466,-4.139053,-1.628676,0.018936,0.058691,0.022851
70.0,pf,1.925062,-4.148146,-1.612543,0.019915,0.067668,0.021965
70.04,pf,1.923821,-4.177883,-1.612473,0.019915,0.067668,0.021965
70.074,pf,1.923338,-4.177314,-1.625715,0.019915,0.067668,0.021965
70.108,pf,1.921833,-4.204692,-1.625680,0.019915,0.067668,0.021965
70.10000000000001,pf,1.921281,-4.216032,-1.613784,0.019718,0.063279,0.019548
70.14200000000001,pf,1.920250,-4.240084,-1.613419,0.019718,0.063279,0.019548
70.176,pf,1.918840,-4.273715,-1.612147,0.019718,0.063279,0.019548
70.21000000000001,pf,1.918260,-4.266881,-1.620745,0.019718,0.063279,0.019548
70.2,pf,1.917690,-4.288590,-1.613574,0.019720,0.059590,0.018591
70.244,pf,1.916234,-4.322559,-1.613709,0.019720,0.059590,0.018591
70.278,pf,1.914778,-4.356528,-1.613597,0.019720,0.059590,0.018591
70.312,pf,1.913201,-4.373342,-1.600591,0.019720,0.059590,0.018591
70.30000000000001,pf,1.912523,-4.385239,-1.605658,0.019542,0.057934,0.019697
70.346,pf,1.911344,-4.419173,-1.605412,0.019542,0.057934,0.019697
70.38000000000001,pf,1.910219,-4.451815,-1.605035,0.019542,0.057934,0.019697
70.414,pf,1.909147,-4.483256,-1.604679,0.019542,0.057934,0.019697
70.4,pf,1.907799,-4.495044,-1.608847,0.019883,0.054384,0.019517
70.44800000000001,pf,1.905330,-4.535710,-1.623577,0.019883,0.054384,0.019517
70.482,pf,1.903787,-4.564893,-1.623627,0.019883,0.054384,0.019517
70.516,pf,1.902370,-4.591603,-1.623937,0.019883,0.054384,0.019517
70.5,pf,1.902764,-4.600776,-1.614255,0.020231,0.054494,0.021666
70.55000000000001,pf,1.901343,-4.633408,-1.614482,0.020231,0.054494,0.021666
70.584,pf,1.894217,-4.642412,-1.682800,0.020231,0.054494,0.021666
70.61800000000001,pf,1.891108,-4.670045,-1.682859,0.020231,0.054494,0.021666
70.60000000000001,pf,1.896462,-4.672623,-1.616172,0.020008,0.062906,0.022075
70.652,pf,1.895121,-4.702051,-1.616506,0.020008,0.062906,0.022075
70.686,pf,1.893529,-4.735703,-1.619009,0.020008,0.062906,0.022075
70.72,pf,1.890311,-4.772745,-1.676678,0.020008,0.062906,0.022075
70.7,pf,1.895016,-4.777912,-1.620733,0.019955,0.059138,0.022205
70.754,pf,1.893325,-4.811870,-1.620500,0.019955,0.059138,0.022205
70.78800000000001,pf,1.891650,-4.845829,-1.619491,0.019955,0.059138,0.022205
70.80000000000001,pf,1.891699,-4.861685,-1.613869,0.019861,0.054758,0.020244
70.822,pf,1.893458,-4.920780,-1.543282,0.019861,0.054758,0.020244
70.85600000000001,pf,1.894401,-4.954767,-1.542744,0.019861,0.054758,0.020244
70.85000000000001,pf,1.890301,-4.965475,-1.603990,0.018671,0.062182,0.018702
70.89,pf,1.889179,-4.999456,-1.603620,0.018671,0.062182,0.018702
70.924,pf,1.890453,-5.024289,-1.603841,0.018671,0.062182,0.018702
70.9,pf,1.891233,-5.023207,-1.605497,0.018336,0.063213,0.021046
70.958,pf,1.890159,-5.054168,-1.605490,0.018336,0.063213,0.021046
70.992,pf,1.888979,-5.088148,-1.605525,0.018336,0.063213,0.021046
71.0,pf,1.889980,-5.093897,-1.604073,0.017828,0.059858,0.018000
71.02600000000001,pf,1.888960,-5.124557,-1.603977,0.017828,0.059858,0.018000
71.06,pf,1.887803,-5.123780,-1.622304,0.017828,0.059858,0.018000
71.09400000000001,pf,1.886161,-5.155671,-1.622199,0.017828,0.059858,0.018000
71.10000000000001,pf,1.887270,-5.161334,-1.612040,0.017899,0.056737,0.019561
71.128,pf,1.886091,-5.189962,-1.611872,0.017899,0.056737,0.019561
71.162,pf,1.885127,-5.213442,-1.611759,0.017899,0.056737,0.019561
71.15,pf,1.885746,-5.219884,-1.608288,0.018074,0.055284,0.020216
71.196,pf,1.883600,-5.247655,-1.617613,0.018074,0.055284,0.020216
71.23,pf,1.882408,-5.273285,-1.617063,0.018074,0.055284,0.020216
71.26400000000001,pf,1.881275,-5.298156,-1.615645,0.018074,0.055284,0.020216
71.25,pf,1.882695,-5.303872,-1.611596,0.018540,0.055350,0.023529
71.298,pf,1.881319,-5.337844,-1.610909,0.018540,0.055350,0.023529
71.33200000000001,pf,1.879331,-5.376794,-1.626693,0.018540,0.055350,0.023529
71.366,pf,1.877452,-5.410742,-1.625587,0.018540,0.055350,0.023529
71.35000000000001,pf,1.879310,-5.407182,-1.614126,0.018964,0.054253,0.025246
71.4,pf,1.877855,-5.441151,-1.613102,0.018964,0.054253,0.025246
71.434,pf,1.878186,-5.469542,-1.581254,0.018964,0.054253,0.025246
71.45,pf,1.876972,-5.478484,-1.602619,0.019086,0.053341,0.020365
71.468,pf,1.875926,-5.511758,-1.601832,0.019086,0.053341,0.020365
71.50200000000001,pf,1.874941,-5.543935,-1.601006,0.019086,0.053341,0.020365
71.5,pf,1.874668,-5.546441,-1.603672,0.019237,0.052799,0.020062
71.536,pf,1.873649,-5.577550,-1.603350,0.019237,0.052799,0.020062
71.57000000000001,pf,1.869169,-5.618028,-1.581563,0.019237,0.052799,0.020062
71.604,pf,1.868865,-5.646214,-1.581449,0.019237,0.052799,0.020062
71.60000000000001,pf,1.867602,-5.642301,-1.605807,0.019152,0.057944,0.019780
71.638,pf,1.866583,-5.671386,-1.605756,0.019152,0.057944,0.019780
71.67200000000001,pf,1.865462,-5.703379,-1.605823,0.019152,0.057944,0.019780
71.706,pf,1.860380,-5.732952,-1.639204,0.019152,0.057944,0.019780
71.7,pf,1.863049,-5.731918,-1.615225,0.019459,0.056859,0.022895
71.74000000000001,pf,1.861854,-5.758636,-1.615815,0.019459,0.056859,0.022895
71.774,pf,1.860702,-5.784090,-1.616674,0.019459,0.056859,0.022895
71.75,pf,1.863075,-5.779008,-1.605592,0.019466,0.054666,0.019202
71.808,pf,1.861833,-5.812985,-1.608410,0.019466,0.054666,0.019202
71.842,pf,1.863586,-5.897611,-1.587433,0.019466,0.054666,0.019202
71.85000000000001,pf,1.863050,-5.874918,-1.603393,0.019341,0.057937,0.018119
71.876,pf,1.861927,-5.908899,-1.603734,0.019341,0.057937,0.018119
71.91000000000001,pf,1.860789,-5.942880,-1.604199,0.019341,0.057937,0.018119
71.9,pf,1.860484,-5.934594,-1.608720,0.019197,0.054048,0.018289
71.944,pf,1.860391,-5.945946,-1.588345,0.019197,0.054048,0.018289
71.97800000000001,pf,1.859805,-5.979940,-1.588130,0.019197,0.054048,0.018289
72.012,pf,1.859220,-6.013935,-1.587874,0.019197,0.054048,0.018289
72.0,pf,1.858774,-6.011582,-1.601789,0.018993,0.056104,0.017023
72.046,pf,1.857808,-6.042862,-1.601796,0.018993,0.056104,0.017023
72.08,pf,1.856908,-6.092057,-1.640114,0.018993,0.056104,0.017023
72.114,pf,1.854746,-6.123224,-1.639922,0.018993,0.056104,0.017023
72.10000000000001,pf,1.857625,-6.112957,-1.614121,0.018750,0.054471,0.019496
72.14800000000001,pf,1.856207,-6.145718,-1.614019,0.018750,0.054471,0.019496
72.182,pf,1.855035,-6.172786,-1.614109,0.018750,0.054471,0.019496
72.21600000000001,pf,1.850725,-6.223982,-1.628565,0.018750,0.054471,0.019496
72.2,pf,1.852901,-6.218336,-1.608798,0.018835,0.055718,0.016924
72.25,pf,1.851720,-6.249451,-1.608661,0.018835,0.055718,0.016924
72.284,pf,1.850754,-6.275188,-1.608093,0.018835,0.055718,0.016924
72.318,pf,1.850000,-6.295386,-1.608159,0.018835,0.055718,0.016924
72.30000000000001,pf,1.850696,-6.291034,-1.607206,0.018903,0.054396,0.018355
72.352,pf,1.848201,-6.324400,-1.655759,0.018903,0.054396,0.018355
72.38600000000001,pf,1.845596,-6.354871,-1.656351,0.018903,0.054396,0.018355
72.35000000000001,pf,1.849571,-6.334969,-1.619908,0.019167,0.052898,0.017102
72.42,pf,1.847912,-6.368929,-1.619263,0.019167,0.052898,0.017102
72.45400000000001,pf,1.846275,-6.402889,-1.618526,0.019167,0.052898,0.017102
72.45,pf,1.847651,-6.402826,-1.614502,0.019167,0.052094,0.019052
72.488,pf,1.842142,-6.414687,-1.613745,0.019167,0.052094,0.019052
72.522,pf,1.840695,-6.448657,-1.612964,0.019167,0.052094,0.019052
72.55600000000001,pf,1.839287,-6.482267,-1.612373,0.019167,0.052094,0.019052
72.55000000000001,pf,1.841123,-6.478799,-1.612591,0.019716,0.057857,0.020311
72.59,pf,1.836847,-6.494202,-1.642545,0.019716,0.057857,0.020311
72.62400000000001,pf,1.834534,-6.526501,-1.642030,0.019716,0.057857,0.020311
72.658,pf,1.832411,-6.556325,-1.641726,0.019716,0.057857,0.020311
72.65,pf,1.833798,-6.561097,-1.615762,0.020225,0.057829,0.022666
72.69200000000001,pf,1.832282,-6.594874,-1.615448,0.020225,0.057829,0.022666
72.726,pf,1.829275,-6.639233,-1.633723,0.020225,0.057829,0.022666
72.7,pf,1.831883,-6.630572,-1.615657,0.020290,0.054202,0.020155
72.76,pf,1.830585,-6.659435,-1.615816,0.020290,0.054202,0.020155
72.79400000000001,pf,1.829201,-6.690080,-1.616090,0.020290,0.054202,0.020155
72.80000000000001,pf,1.831298,-6.695722,-1.609631,0.020323,0.051839,0.020038
72.828,pf,1.830182,-6.724190,-1.610293,0.020323,0.051839,0.020038
72.86200000000001,pf,1.831504,-6.747595,-1.581936,0.020323,0.051839,0.020038
72.896,pf,1.831333,-6.773570,-1.567138,0.020323,0.051839,0.020038
72.9,pf,1.829883,-6.775451,-1.591727,0.019722,0.052555,0.017741
72.93,pf,1.829259,-6.809445,-1.586527,0.019722,0.052555,0.017741
72.964,pf,1.828750,-6.843441,-1.584552,0.019722,0.052555,0.017741
72.95,pf,1.828717,-6.843485,-1.590182,0.019826,0.050209,0.017210
72.998,pf,1.821888,-6.884731,-1.604249,0.019826,0.050209,0.017210
73.03200000000001,pf,1.820805,-6.918714,-1.601343,0.019826,0.050209,0.017210
73.066,pf,1.819807,-6.952699,-1.599135,0.019826,0.050209,0.017210
73.05000000000001,pf,1.821550,-6.942270,-1.592553,0.019416,0.057326,0.019911
73.10000000000001,pf,1.822492,-6.941799,-1.580476,0.019416,0.057326,0.019911
73.134,pf,1.822188,-6.974663,-1.579747,0.019416,0.057326,0.019911
73.168,pf,1.821900,-7.008662,-1.578630,0.019416,0.057326,0.019911
73.202,pf,1.821675,-7.036893,-1.578841,0.019416,0.057326,0.019911
73.2,pf,1.821459,-7.046393,-1.583850,0.019614,0.056668,0.020557
73.236,pf,1.822358,-7.053101,-1.589736,0.019614,0.056668,0.020557
73.27000000000001,pf,1.821738,-7.086271,-1.589316,0.019614,0.056668,0.020557
73.304,pf,1.821207,-7.115266,-1.588954,0.019614,0.056668,0.020557
73.30000000000001,pf,1.822233,-7.121663,-1.587533,0.020091,0.053856,0.019697
73.33800000000001,pf,1.821751,-7.150626,-1.587311,0.020091,0.053856,0.019697
73.372,pf,1.824141,-7.159612,-1.577248,0.020091,0.053856,0.019697
73.406,pf,1.823959,-7.188189,-1.577081,0.020091,0.053856,0.019697
73.4,pf,1.823792,-7.197640,-1.584237,0.020333,0.052629,0.017777
73.44,pf,1.823465,-7.223532,-1.582142,0.020333,0.052629,0.017777
73.474,pf,1.823096,-7.257530,-1.581153,0.020333,0.052629,0.017777
73.50800000000001,pf,1.818108,-7.277571,-1.668537,0.020333,0.052629,0.017777
73.5,pf,1.825348,-7.285727,-1.593319,0.020595,0.053062,0.019198
73.542,pf,1.824586,-7.319719,-1.593213,0.020595,0.053062,0.019198
73.57600000000001,pf,1.823811,-7.353710,-1.593970,0.020595,0.053062,0.019198
73.61,pf,1.824306,-7.376918,-1.588668,0.020595,0.053062,0.019198
73.60000000000001,pf,1.825313,-7.387131,-1.583432,0.021215,0.052284,0.022513
73.644,pf,1.824878,-7.421128,-1.583626,0.021215,0.052284,0.022513
73.67800000000001,pf,1.824458,-7.454156,-1.583420,0.021215,0.052284,0.022513
73.712,pf,1.825698,-7.466711,-1.583129,0.021215,0.052284,0.022513
73.74600000000001,pf,1.825318,-7.497560,-1.583104,0.021215,0.052284,0.022513
73.7,pf,1.825527,-7.500623,-1.581810,0.021031,0.052004,0.020877
73.78,pf,1.825215,-7.528940,-1.581729,0.021031,0.052004,0.020877
73.81400000000001,pf,1.824895,-7.557709,-1.582238,0.021031,0.052004,0.020877
73.80000000000001,pf,1.826363,-7.568239,-1.580480,0.020965,0.048115,0.019453
73.848,pf,1.828076,-7.622904,-1.526087,0.020965,0.048115,0.019453
73.85000000000001,pf,1.826167,-7.625436,-1.565939,0.021600,0.048075,0.016714
73.882,pf,1.826300,-7.654352,-1.566427,0.021600,0.048075,0.016714
73.91600000000001,pf,1.826427,-7.683081,-1.566454,0.021600,0.048075,0.016714
73.9,pf,1.827055,-7.685834,-1.572172,0.021915,0.048164,0.016455
73.95,pf,1.827011,-7.713029,-1.572632,0.021915,0.048164,0.016455
73.98400000000001,pf,1.822387,-7.777519,-1.620974,0.021915,0.048164,0.016455
74.018,pf,1.821300,-7.798889,-1.621832,0.021915,0.048164,0.016455
74.0,pf,1.826240,-7.789078,-1.584007,0.021542,0.049801,0.022613
74.052,pf,1.825984,-7.808029,-1.585349,0.021542,0.049801,0.022613
74.086,pf,1.825682,-7.828275,-1.586266,0.021542,0.049801,0.022613
74.12,pf,1.825419,-7.845290,-1.586356,0.021542,0.049801,0.022613
74.10000000000001,pf,1.827360,-7.846575,-1.579055,0.021306,0.048083,0.020472
74.15400000000001,pf,1.827218,-7.862925,-1.579872,0.021306,0.048083,0.020472
74.188,pf,1.828480,-7.860532,-1.582018,0.021306,0.048083,0.020472
74.22200000000001,pf,1.828310,-7.875289,-1.582588,0.021306,0.048083,0.020472
74.256,pf,1.828154,-7.888210,-1.583223,0.021306,0.048083,0.020472
74.29,pf,1.827964,-7.903051,-1.583913,0.021306,0.048083,0.020472
74.324,pf,1.827810,-7.914508,-1.584680,0.021306,0.048083,0.020472
74.30000000000001,pf,1.829114,-7.921069,-1.578052,0.021065,0.048498,0.021827
74.358,pf,1.829035,-7.931736,-1.578494,0.021065,0.048498,0.021827
74.39200000000001,pf,1.828941,-7.943430,-1.579131,0.021065,0.048498,0.021827
74.426,pf,1.828854,-7.953445,-1.579715,0.021065,0.048498,0.021827
74.46000000000001,pf,1.828779,-7.961836,-1.579866,0.021065,0.048498,0.021827
74.494,pf,1.828179,-7.949915,-1.597434,0.021065,0.048498,0.021827
74.528,pf,1.827969,-7.957660,-1.598288,0.021065,0.048498,0.021827
74.562,pf,1.827777,-7.964638,-1.598123,0.021065,0.048498,0.021827
74.596,pf,1.827612,-7.970639,-1.598578,0.021065,0.048498,0.021827
74.63000000000001,pf,1.827416,-7.977640,-1.598968,0.021065,0.048498,0.021827
74.65,pf,1.828859,-7.987674,-1.585257,0.020088,0.045219,0.019961
74.664,pf,1.828772,-7.993586,-1.585484,0.020088,0.045219,0.019961
74.69800000000001,pf,1.828695,-7.998800,-1.585884,0.020088,0.045219,0.019961
74.732,pf,1.828607,-8.004531,-1.586257,0.020088,0.045219,0.019961
74.766,pf,1.828540,-8.008878,-1.586435,0.020088,0.045219,0.019961
74.80000000000001,pf,1.828472,-8.013183,-1.586470,0.020088,0.045219,0.019961
74.834,pf,1.828409,-8.017196,-1.586661,0.020088,0.045219,0.019961
74.86800000000001,pf,1.828340,-8.021491,-1.586821,0.020088,0.045219,0.019961
74.902,pf,1.828281,-8.025197,-1.586924,0.020088,0.045219,0.019961
74.936,pf,1.828225,-8.028675,-1.587029,0.020088,0.045219,0.019961
74.97,pf,1.828167,-8.032194,-1.587126,0.020088,0.045219,0.019961
75.004,pf,1.828124,-8.034854,-1.587194,0.020088,0.045219,0.019961
75.03800000000001,pf,1.828075,-8.037812,-1.587275,0.020088,0.045219,0.019961
75.05000000000001,pf,1.829391,-8.041147,-1.582932,0.019756,0.044354,0.019069
75.072,pf,1.829356,-8.043977,-1.583015,0.019756,0.044354,0.019069
75.10600000000001,pf,1.829327,-8.046349,-1.583058,0.019756,0.044354,0.019069
75.14,pf,1.829301,-8.048506,-1.583085,0.019756,0.044354,0.019069
75.174,pf,1.829276,-8.050465,-1.583156,0.019756,0.044354,0.019069
75.208,pf,1.829251,-8.052557,-1.583186,0.019756,0.044354,0.019069
75.242,pf,1.829231,-8.054151,-1.583216,0.019756,0.044354,0.019069
75.27600000000001,pf,1.829212,-8.055683,-1.583227,0.019756,0.044354,0.019069
75.31,pf,1.829190,-8.057413,-1.583265,0.019756,0.044354,0.019069
75.34400000000001,pf,1.829171,-8.058922,-1.583296,0.019756,0.044354,0.019069
75.378,pf,1.829155,-8.060200,-1.583312,0.019756,0.044354,0.019069
75.412,pf,1.829137,-8.061645,-1.583330,0.019756,0.044354,0.019069
75.446,pf,1.829123,-8.062783,-1.583354,0.019756,0.044354,0.019069
75.48,pf,1.829549,-8.096115,-1.557952,0.019756,0.044354,0.019069
75.51400000000001,pf,1.829561,-8.097082,-1.557967,0.019756,0.044354,0.019069
75.5,pf,1.828438,-8.100283,-1.572062,0.019469,0.044323,0.018638
75.548,pf,1.828437,-8.101327,-1.572071,0.019469,0.044323,0.018638
75.58200000000001,pf,1.828436,-8.102129,-1.572079,0.019469,0.044323,0.018638
75.616,pf,1.828434,-8.102972,-1.572090,0.019469,0.044323,0.018638
75.65,pf,1.828433,-8.103799,-1.572093,0.019469,0.044323,0.018638
75.68400000000001,pf,1.828433,-8.104404,-1.572097,0.019469,0.044323,0.018638
75.718,pf,1.828432,-8.105089,-1.572104,0.019469,0.044323,0.018638
75.75200000000001,pf,1.828431,-8.105812,-1.572108,0.019469,0.044323,0.018638
75.786,pf,1.828430,-8.106437,-1.572112,0.019469,0.044323,0.018638
75.82000000000001,pf,1.828429,-8.106956,-1.572113,0.019469,0.044323,0.018638
75.854,pf,1.828429,-8.107522,-1.572114,0.019469,0.044323,0.018638
75.888,pf,1.828428,-8.108028,-1.572116,0.019469,0.044323,0.018638
75.92200000000001,pf,1.828427,-8.108469,-1.572116,0.019469,0.044323,0.018638
75.956,pf,1.828427,-8.108873,-1.572116,0.019469,0.044323,0.018638
75.99000000000001,pf,1.828426,-8.109295,-1.572115,0.019469,0.044323,0.018638
76.024,pf,1.828426,-8.109656,-1.572115,0.019469,0.044323,0.018638
76.058,pf,1.828425,-8.109927,-1.572115,0.019469,0.044323,0.018638
76.092,pf,1.828425,-8.110258,-1.572113,0.019469,0.044323,0.018638
76.126,pf,1.828425,-8.110570,-1.572112,0.019469,0.044323,0.018638
76.16000000000001,pf,1.828424,-8.110836,-1.572111,0.019469,0.044323,0.018638
76.194,pf,1.828424,-8.111079,-1.572109,0.019469,0.044323,0.018638
76.22800000000001,pf,1.828424,-8.111344,-1.572107,0.019469,0.044323,0.018638
76.262,pf,1.828423,-8.111554,-1.572106,0.019469,0.044323,0.018638
76.296,pf,1.828423,-8.111759,-1.572104,0.019469,0.044323,0.018638
76.33,pf,1.828423,-8.111968,-1.572102,0.019469,0.044323,0.018638
76.364,pf,1.828422,-8.112145,-1.572100,0.019469,0.044323,0.018638
76.39800000000001,pf,1.828422,-8.112311,-1.572098,0.019469,0.044323,0.018638
76.432,pf,1.828422,-8.112478,-1.572095,0.019469,0.044323,0.018638
76.46600000000001,pf,1.828422,-8.112611,-1.572093,0.019469,0.044323,0.018638
76.5,pf,1.828422,-8.112735,-1.572091,0.019469,0.044323,0.018638
76.534,pf,1.828422,-8.112856,-1.572089,0.019469,0.044323,0.018638
76.568,pf,1.828421,-8.112987,-1.572086,0.019469,0.044323,0.018638
76.602,pf,1.828421,-8.113087,-1.572084,0.019469,0.044323,0.018638
76.63600000000001,pf,1.828421,-8.113188,-1.572081,0.019469,0.044323,0.018638
76.67,pf,1.828421,-8.113286,-1.572079,0.019469,0.044323,0.018638
76.70400000000001,pf,1.828421,-8.113369,-1.572077,0.019469,0.044323,0.018638
76.738,pf,1.828421,-8.113446,-1.572075,0.019469,0.044323,0.018638
76.772,pf,1.828421,-8.113530,-1.572071,0.019469,0.044323,0.018638
